animal_id,species,breed,sex,age_months,holding_id,area_id,vaccinated_fmd
KE-000000,cattle,Friesian cross,M,57,H00000,A00,0
KE-000001,cattle,Friesian cross,F,111,H00000,A00,1
KE-000002,cattle,Sahiwal,M,111,H00000,A00,1
KE-000003,cattle,Zebu,F,46,H00001,A00,0
KE-000004,cattle,Zebu,M,27,H00001,A00,1
KE-000005,cattle,Sahiwal,F,86,H00001,A00,1
KE-000006,cattle,Boran,F,80,H00001,A00,0
KE-000007,cattle,Sahiwal,M,16,H00001,A00,0
KE-000008,cattle,Sahiwal,F,105,H00001,A00,1
KE-000009,cattle,Ayrshire cross,F,47,H00001,A00,1
KE-000010,cattle,Ayrshire cross,F,12,H00002,A00,1
KE-000011,cattle,Friesian cross,F,49,H00002,A00,1
KE-000012,cattle,Zebu,F,77,H00002,A00,1
KE-000013,cattle,Friesian cross,M,66,H00002,A00,0
KE-000014,cattle,Zebu,M,72,H00002,A00,0
KE-000015,cattle,Boran,M,109,H00002,A00,1
KE-000016,cattle,Friesian cross,M,54,H00002,A00,0
KE-000017,cattle,Ayrshire cross,F,58,H00002,A00,0
KE-000018,cattle,Boran,M,20,H00003,A00,0
KE-000019,cattle,Boran,M,88,H00003,A00,0
KE-000020,cattle,Ayrshire cross,M,75,H00004,A00,0
KE-000021,cattle,Sahiwal,F,105,H00004,A00,0
KE-000022,cattle,Friesian cross,M,30,H00005,A00,0
KE-000023,cattle,Sahiwal,F,53,H00005,A00,1
KE-000024,cattle,Friesian cross,F,86,H00005,A00,1
KE-000025,cattle,Sahiwal,M,107,H00005,A00,1
KE-000026,cattle,Zebu,M,39,H00005,A00,0
KE-000027,cattle,Sahiwal,F,75,H00006,A00,1
KE-000028,cattle,Friesian cross,M,10,H00006,A00,1
KE-000029,cattle,Ayrshire cross,M,6,H00006,A00,0
KE-000030,cattle,Zebu,F,92,H00006,A00,0
KE-000031,cattle,Ayrshire cross,F,55,H00007,A00,0
KE-000032,cattle,Sahiwal,F,55,H00007,A00,0
KE-000033,cattle,Friesian cross,F,119,H00007,A00,0
KE-000034,cattle,Boran,F,26,H00007,A00,1
KE-000035,cattle,Zebu,M,25,H00008,A00,0
KE-000036,cattle,Friesian cross,F,110,H00008,A00,1
KE-000037,cattle,Boran,F,51,H00008,A00,1
KE-000038,cattle,Zebu,F,118,H00009,A00,1
KE-000039,cattle,Boran,F,71,H00009,A00,0
KE-000040,cattle,Boran,M,48,H00009,A00,1
KE-000041,cattle,Friesian cross,M,54,H00009,A00,0
KE-000042,cattle,Ayrshire cross,F,48,H00009,A00,1
KE-000043,cattle,Zebu,F,25,H00009,A00,0
KE-000044,cattle,Ayrshire cross,M,38,H00009,A00,1
KE-000045,cattle,Ayrshire cross,M,104,H00009,A00,1
KE-000046,cattle,Zebu,F,8,H00010,A00,0
KE-000047,cattle,Friesian cross,F,32,H00010,A00,0
KE-000048,cattle,Zebu,F,96,H00010,A00,0
KE-000049,cattle,Ayrshire cross,F,118,H00010,A00,0
KE-000050,cattle,Ayrshire cross,F,11,H00010,A00,0
KE-000051,cattle,Boran,M,81,H00010,A00,1
KE-000052,cattle,Ayrshire cross,F,53,H00010,A00,0
KE-000053,cattle,Zebu,F,58,H00011,A00,1
KE-000054,cattle,Friesian cross,F,34,H00011,A00,1
KE-000055,cattle,Ayrshire cross,F,105,H00011,A00,1
KE-000056,cattle,Sahiwal,M,85,H00011,A00,1
KE-000057,cattle,Sahiwal,F,23,H00011,A00,1
KE-000058,cattle,Zebu,M,92,H00012,A00,1
KE-000059,cattle,Zebu,F,91,H00012,A00,0
KE-000060,cattle,Zebu,F,92,H00012,A00,1
KE-000061,cattle,Zebu,M,73,H00012,A00,1
KE-000062,cattle,Zebu,F,27,H00012,A00,0
KE-000063,cattle,Friesian cross,M,73,H00012,A00,0
KE-000064,cattle,Sahiwal,M,107,H00012,A00,1
KE-000065,cattle,Sahiwal,F,69,H00012,A00,1
KE-000066,cattle,Sahiwal,M,112,H00012,A00,0
KE-000067,cattle,Sahiwal,F,53,H00013,A00,0
KE-000068,cattle,Zebu,F,18,H00013,A00,0
KE-000069,cattle,Boran,M,13,H00013,A00,1
KE-000070,cattle,Boran,M,28,H00013,A00,1
KE-000071,cattle,Boran,M,108,H00013,A00,1
KE-000072,cattle,Boran,F,84,H00013,A00,0
KE-000073,cattle,Boran,M,100,H00014,A00,0
KE-000074,cattle,Sahiwal,M,42,H00014,A00,0
KE-000075,cattle,Boran,M,72,H00014,A00,0
KE-000076,cattle,Friesian cross,M,92,H00015,A00,1
KE-000077,cattle,Boran,F,29,H00015,A00,0
KE-000078,cattle,Ayrshire cross,F,71,H00015,A00,0
KE-000079,cattle,Ayrshire cross,F,72,H00015,A00,0
KE-000080,cattle,Friesian cross,F,88,H00015,A00,0
KE-000081,cattle,Friesian cross,F,77,H00015,A00,0
KE-000082,cattle,Friesian cross,F,17,H00016,A00,0
KE-000083,cattle,Ayrshire cross,M,105,H00016,A00,1
KE-000084,cattle,Zebu,F,73,H00016,A00,0
KE-000085,cattle,Ayrshire cross,F,100,H00017,A00,0
KE-000086,cattle,Zebu,F,44,H00017,A00,0
KE-000087,cattle,Boran,F,88,H00017,A00,0
KE-000088,cattle,Zebu,F,11,H00017,A00,1
KE-000089,cattle,Boran,M,48,H00017,A00,0
KE-000090,cattle,Ayrshire cross,F,32,H00017,A00,1
KE-000091,cattle,Boran,F,98,H00017,A00,0
KE-000092,cattle,Ayrshire cross,F,97,H00017,A00,0
KE-000093,cattle,Ayrshire cross,F,115,H00018,A00,1
KE-000094,cattle,Ayrshire cross,M,111,H00018,A00,0
KE-000095,cattle,Ayrshire cross,F,68,H00018,A00,0
KE-000096,cattle,Friesian cross,F,62,H00018,A00,0
KE-000097,cattle,Friesian cross,M,114,H00019,A00,1
KE-000098,cattle,Ayrshire cross,M,12,H00019,A00,0
KE-000099,cattle,Boran,F,66,H00019,A00,0
KE-000100,cattle,Friesian cross,F,53,H00019,A00,1
KE-000101,cattle,Friesian cross,M,32,H00020,A00,1
KE-000102,cattle,Boran,F,31,H00020,A00,1
KE-000103,cattle,Zebu,F,24,H00020,A00,0
KE-000104,cattle,Friesian cross,M,77,H00021,A00,1
KE-000105,cattle,Ayrshire cross,M,110,H00021,A00,0
KE-000106,cattle,Zebu,F,77,H00021,A00,0
KE-000107,cattle,Sahiwal,F,84,H00021,A00,0
KE-000108,cattle,Ayrshire cross,M,72,H00021,A00,0
KE-000109,cattle,Zebu,F,7,H00021,A00,0
KE-000110,cattle,Boran,F,55,H00021,A00,1
KE-000111,cattle,Boran,F,66,H00021,A00,0
KE-000112,cattle,Sahiwal,F,25,H00021,A00,1
KE-000113,cattle,Sahiwal,F,67,H00022,A00,0
KE-000114,cattle,Friesian cross,F,114,H00022,A00,0
KE-000115,cattle,Ayrshire cross,F,8,H00022,A00,0
KE-000116,cattle,Ayrshire cross,F,9,H00022,A00,0
KE-000117,cattle,Boran,F,91,H00023,A00,0
KE-000118,cattle,Zebu,F,51,H00023,A00,1
KE-000119,cattle,Sahiwal,M,80,H00023,A00,1
KE-000120,cattle,Friesian cross,M,69,H00023,A00,0
KE-000121,cattle,Zebu,F,68,H00024,A00,0
KE-000122,cattle,Ayrshire cross,F,103,H00024,A00,0
KE-000123,cattle,Zebu,M,8,H00024,A00,1
KE-000124,cattle,Friesian cross,F,28,H00024,A00,0
KE-000125,cattle,Ayrshire cross,F,44,H00025,A00,0
KE-000126,cattle,Boran,M,51,H00025,A00,0
KE-000127,cattle,Friesian cross,F,80,H00025,A00,1
KE-000128,cattle,Friesian cross,F,110,H00025,A00,0
KE-000129,cattle,Ayrshire cross,M,113,H00025,A00,0
KE-000130,cattle,Ayrshire cross,F,82,H00025,A00,0
KE-000131,cattle,Sahiwal,F,9,H00026,A00,0
KE-000132,cattle,Ayrshire cross,M,32,H00026,A00,0
KE-000133,cattle,Zebu,M,107,H00026,A00,0
KE-000134,cattle,Zebu,F,94,H00026,A00,0
KE-000135,cattle,Zebu,M,28,H00026,A00,0
KE-000136,cattle,Ayrshire cross,M,108,H00026,A00,0
KE-000137,cattle,Zebu,M,32,H00027,A00,0
KE-000138,cattle,Boran,F,54,H00027,A00,1
KE-000139,cattle,Boran,F,38,H00027,A00,1
KE-000140,cattle,Sahiwal,M,62,H00027,A00,0
KE-000141,cattle,Friesian cross,F,65,H00027,A00,0
KE-000142,cattle,Friesian cross,M,29,H00027,A00,1
KE-000143,cattle,Friesian cross,M,87,H00028,A00,0
KE-000144,cattle,Zebu,F,104,H00028,A00,0
KE-000145,cattle,Zebu,M,89,H00028,A00,0
KE-000146,cattle,Boran,M,102,H00028,A00,0
KE-000147,cattle,Zebu,M,98,H00028,A00,0
KE-000148,cattle,Ayrshire cross,F,111,H00028,A00,0
KE-000149,cattle,Sahiwal,F,18,H00029,A00,0
KE-000150,cattle,Friesian cross,F,51,H00029,A00,1
KE-000151,cattle,Boran,M,62,H00029,A00,0
KE-000152,cattle,Friesian cross,F,13,H00029,A00,0
KE-000153,cattle,Zebu,F,76,H00029,A00,0
KE-000154,cattle,Sahiwal,F,59,H00029,A00,0
KE-000155,cattle,Boran,M,59,H00029,A00,0
KE-000156,cattle,Boran,M,44,H00029,A00,0
KE-000157,cattle,Zebu,F,23,H00029,A00,1
KE-000158,cattle,Friesian cross,F,90,H00029,A00,0
KE-000159,cattle,Boran,F,35,H00029,A00,0
KE-000160,cattle,Zebu,M,49,H00029,A00,0
KE-000161,cattle,Sahiwal,F,105,H00029,A00,0
KE-000162,cattle,Sahiwal,F,9,H00029,A00,0
KE-000163,cattle,Ayrshire cross,F,84,H00029,A00,0
KE-000164,cattle,Friesian cross,M,98,H00030,A00,0
KE-000165,cattle,Sahiwal,F,107,H00030,A00,1
KE-000166,cattle,Sahiwal,M,79,H00030,A00,1
KE-000167,cattle,Zebu,F,34,H00030,A00,0
KE-000168,cattle,Ayrshire cross,F,31,H00031,A00,0
KE-000169,cattle,Sahiwal,F,7,H00031,A00,0
KE-000170,cattle,Ayrshire cross,F,98,H00031,A00,0
KE-000171,cattle,Sahiwal,M,25,H00032,A00,0
KE-000172,cattle,Zebu,F,21,H00032,A00,0
KE-000173,cattle,Ayrshire cross,F,6,H00032,A00,0
KE-000174,cattle,Boran,F,44,H00033,A00,0
KE-000175,cattle,Friesian cross,F,26,H00033,A00,0
KE-000176,cattle,Boran,F,71,H00033,A00,0
KE-000177,cattle,Sahiwal,M,25,H00033,A00,0
KE-000178,cattle,Sahiwal,F,95,H00033,A00,1
KE-000179,cattle,Friesian cross,F,62,H00033,A00,1
KE-000180,cattle,Boran,M,88,H00034,A00,1
KE-000181,cattle,Sahiwal,M,106,H00034,A00,0
KE-000182,cattle,Sahiwal,M,85,H00034,A00,0
KE-000183,cattle,Sahiwal,M,80,H00034,A00,1
KE-000184,cattle,Sahiwal,F,41,H00034,A00,0
KE-000185,cattle,Sahiwal,M,56,H00034,A00,0
KE-000186,cattle,Ayrshire cross,F,118,H00034,A00,0
KE-000187,cattle,Zebu,F,107,H00034,A00,0
KE-000188,cattle,Friesian cross,F,46,H00034,A00,0
KE-000189,cattle,Boran,F,35,H00035,A00,1
KE-000190,cattle,Friesian cross,F,17,H00035,A00,0
KE-000191,cattle,Zebu,M,30,H00035,A00,0
KE-000192,cattle,Friesian cross,M,67,H00035,A00,0
KE-000193,cattle,Sahiwal,F,101,H00036,A00,0
KE-000194,cattle,Zebu,M,118,H00036,A00,0
KE-000195,cattle,Sahiwal,F,77,H00036,A00,0
KE-000196,cattle,Friesian cross,M,93,H00037,A00,0
KE-000197,cattle,Friesian cross,F,12,H00037,A00,1
KE-000198,cattle,Zebu,F,33,H00037,A00,0
KE-000199,cattle,Friesian cross,F,26,H00038,A00,1
KE-000200,cattle,Zebu,M,105,H00038,A00,1
KE-000201,cattle,Sahiwal,F,9,H00038,A00,1
KE-000202,cattle,Friesian cross,F,74,H00038,A00,0
KE-000203,cattle,Friesian cross,M,38,H00038,A00,1
KE-000204,cattle,Ayrshire cross,M,114,H00038,A00,0
KE-000205,cattle,Boran,F,59,H00039,A01,0
KE-000206,cattle,Sahiwal,F,89,H00039,A01,0
KE-000207,cattle,Sahiwal,M,58,H00039,A01,0
KE-000208,cattle,Zebu,F,79,H00039,A01,1
KE-000209,cattle,Sahiwal,F,48,H00039,A01,0
KE-000210,cattle,Zebu,F,55,H00039,A01,1
KE-000211,cattle,Friesian cross,F,29,H00039,A01,1
KE-000212,cattle,Sahiwal,M,13,H00039,A01,0
KE-000213,cattle,Friesian cross,F,49,H00039,A01,0
KE-000214,cattle,Sahiwal,M,42,H00039,A01,0
KE-000215,cattle,Sahiwal,F,81,H00039,A01,0
KE-000216,cattle,Boran,F,58,H00039,A01,0
KE-000217,cattle,Zebu,F,42,H00039,A01,0
KE-000218,cattle,Ayrshire cross,F,20,H00039,A01,0
KE-000219,cattle,Zebu,F,112,H00039,A01,0
KE-000220,cattle,Ayrshire cross,F,58,H00039,A01,1
KE-000221,cattle,Ayrshire cross,F,19,H00039,A01,1
KE-000222,cattle,Boran,F,51,H00039,A01,1
KE-000223,cattle,Boran,F,24,H00040,A01,0
KE-000224,cattle,Zebu,F,43,H00040,A01,1
KE-000225,cattle,Sahiwal,M,8,H00040,A01,1
KE-000226,cattle,Friesian cross,F,20,H00040,A01,0
KE-000227,cattle,Sahiwal,F,76,H00040,A01,0
KE-000228,cattle,Friesian cross,M,16,H00040,A01,1
KE-000229,cattle,Ayrshire cross,F,77,H00040,A01,0
KE-000230,cattle,Sahiwal,F,112,H00040,A01,0
KE-000231,cattle,Sahiwal,F,49,H00040,A01,0
KE-000232,cattle,Sahiwal,M,12,H00040,A01,0
KE-000233,cattle,Friesian cross,F,86,H00040,A01,0
KE-000234,cattle,Boran,F,82,H00040,A01,1
KE-000235,cattle,Ayrshire cross,M,33,H00040,A01,1
KE-000236,cattle,Zebu,M,86,H00040,A01,1
KE-000237,cattle,Ayrshire cross,M,24,H00040,A01,1
KE-000238,cattle,Boran,M,73,H00040,A01,0
KE-000239,cattle,Sahiwal,M,47,H00041,A01,0
KE-000240,cattle,Sahiwal,F,29,H00041,A01,0
KE-000241,cattle,Ayrshire cross,F,82,H00041,A01,1
KE-000242,cattle,Friesian cross,F,15,H00041,A01,1
KE-000243,cattle,Boran,F,118,H00041,A01,0
KE-000244,cattle,Ayrshire cross,F,25,H00041,A01,0
KE-000245,cattle,Boran,M,42,H00041,A01,0
KE-000246,cattle,Friesian cross,F,105,H00041,A01,0
KE-000247,cattle,Boran,M,22,H00042,A01,0
KE-000248,cattle,Boran,F,44,H00042,A01,1
KE-000249,cattle,Zebu,M,34,H00042,A01,0
KE-000250,cattle,Friesian cross,F,116,H00042,A01,0
KE-000251,cattle,Boran,F,35,H00042,A01,1
KE-000252,cattle,Ayrshire cross,F,38,H00042,A01,1
KE-000253,cattle,Zebu,M,59,H00042,A01,1
KE-000254,cattle,Zebu,F,112,H00042,A01,0
KE-000255,cattle,Boran,M,80,H00042,A01,0
KE-000256,cattle,Friesian cross,F,105,H00042,A01,1
KE-000257,cattle,Friesian cross,F,17,H00042,A01,1
KE-000258,cattle,Friesian cross,F,33,H00042,A01,0
KE-000259,cattle,Ayrshire cross,F,24,H00042,A01,0
KE-000260,cattle,Ayrshire cross,F,99,H00043,A01,0
KE-000261,cattle,Ayrshire cross,F,70,H00043,A01,0
KE-000262,cattle,Boran,M,29,H00043,A01,1
KE-000263,cattle,Friesian cross,F,100,H00043,A01,1
KE-000264,cattle,Zebu,F,91,H00043,A01,0
KE-000265,cattle,Friesian cross,F,73,H00043,A01,1
KE-000266,cattle,Friesian cross,F,91,H00043,A01,0
KE-000267,cattle,Sahiwal,M,92,H00043,A01,1
KE-000268,cattle,Ayrshire cross,M,86,H00043,A01,1
KE-000269,cattle,Sahiwal,F,43,H00043,A01,0
KE-000270,cattle,Zebu,F,90,H00043,A01,0
KE-000271,cattle,Boran,F,41,H00043,A01,1
KE-000272,cattle,Ayrshire cross,F,104,H00044,A01,0
KE-000273,cattle,Sahiwal,F,96,H00044,A01,1
KE-000274,cattle,Zebu,M,32,H00044,A01,0
KE-000275,cattle,Friesian cross,F,76,H00044,A01,1
KE-000276,cattle,Sahiwal,F,78,H00044,A01,0
KE-000277,cattle,Friesian cross,F,93,H00044,A01,0
KE-000278,cattle,Zebu,F,117,H00044,A01,0
KE-000279,cattle,Friesian cross,F,110,H00044,A01,0
KE-000280,cattle,Sahiwal,F,17,H00044,A01,0
KE-000281,cattle,Friesian cross,F,76,H00044,A01,0
KE-000282,cattle,Boran,F,23,H00044,A01,1
KE-000283,cattle,Zebu,F,74,H00044,A01,1
KE-000284,cattle,Boran,F,106,H00044,A01,0
KE-000285,cattle,Ayrshire cross,F,52,H00045,A01,0
KE-000286,cattle,Boran,F,57,H00045,A01,0
KE-000287,cattle,Boran,M,98,H00045,A01,0
KE-000288,cattle,Boran,F,109,H00045,A01,0
KE-000289,cattle,Boran,F,75,H00045,A01,1
KE-000290,cattle,Zebu,M,18,H00045,A01,0
KE-000291,cattle,Ayrshire cross,F,92,H00045,A01,1
KE-000292,cattle,Sahiwal,F,57,H00045,A01,0
KE-000293,cattle,Zebu,M,105,H00045,A01,0
KE-000294,cattle,Zebu,F,115,H00045,A01,1
KE-000295,cattle,Zebu,F,15,H00045,A01,1
KE-000296,cattle,Boran,M,25,H00045,A01,1
KE-000297,cattle,Boran,M,115,H00045,A01,0
KE-000298,cattle,Boran,F,83,H00045,A01,0
KE-000299,cattle,Sahiwal,M,27,H00045,A01,1
KE-000300,cattle,Friesian cross,M,35,H00045,A01,0
KE-000301,cattle,Boran,F,57,H00045,A01,1
KE-000302,cattle,Friesian cross,F,82,H00045,A01,1
KE-000303,cattle,Friesian cross,F,24,H00045,A01,1
KE-000304,cattle,Friesian cross,F,57,H00046,A01,1
KE-000305,cattle,Zebu,F,67,H00046,A01,0
KE-000306,cattle,Friesian cross,F,113,H00046,A01,0
KE-000307,cattle,Sahiwal,F,17,H00046,A01,0
KE-000308,cattle,Sahiwal,M,92,H00046,A01,1
KE-000309,cattle,Boran,F,94,H00046,A01,1
KE-000310,cattle,Sahiwal,M,25,H00046,A01,1
KE-000311,cattle,Zebu,F,100,H00046,A01,0
KE-000312,cattle,Boran,M,87,H00046,A01,1
KE-000313,cattle,Zebu,F,6,H00046,A01,0
KE-000314,cattle,Ayrshire cross,F,20,H00046,A01,1
KE-000315,cattle,Boran,F,14,H00046,A01,0
KE-000316,cattle,Sahiwal,M,41,H00046,A01,0
KE-000317,cattle,Ayrshire cross,M,22,H00047,A01,0
KE-000318,cattle,Boran,F,84,H00047,A01,1
KE-000319,cattle,Sahiwal,F,14,H00047,A01,0
KE-000320,cattle,Friesian cross,M,82,H00047,A01,0
KE-000321,cattle,Sahiwal,F,83,H00047,A01,0
KE-000322,cattle,Friesian cross,F,47,H00047,A01,0
KE-000323,cattle,Friesian cross,F,112,H00047,A01,0
KE-000324,cattle,Ayrshire cross,F,25,H00047,A01,1
KE-000325,cattle,Ayrshire cross,M,88,H00047,A01,1
KE-000326,cattle,Sahiwal,F,38,H00047,A01,1
KE-000327,cattle,Zebu,M,69,H00047,A01,0
KE-000328,cattle,Friesian cross,F,50,H00047,A01,1
KE-000329,cattle,Sahiwal,M,23,H00047,A01,0
KE-000330,cattle,Zebu,M,111,H00047,A01,0
KE-000331,cattle,Sahiwal,F,111,H00047,A01,1
KE-000332,cattle,Zebu,F,13,H00047,A01,1
KE-000333,cattle,Friesian cross,M,46,H00047,A01,0
KE-000334,cattle,Ayrshire cross,F,73,H00048,A01,0
KE-000335,cattle,Zebu,F,46,H00048,A01,1
KE-000336,cattle,Boran,F,43,H00048,A01,0
KE-000337,cattle,Boran,M,92,H00048,A01,1
KE-000338,cattle,Friesian cross,M,98,H00048,A01,1
KE-000339,cattle,Zebu,F,79,H00048,A01,0
KE-000340,cattle,Zebu,F,18,H00048,A01,1
KE-000341,cattle,Sahiwal,F,24,H00048,A01,0
KE-000342,cattle,Zebu,F,38,H00048,A01,1
KE-000343,cattle,Friesian cross,F,108,H00048,A01,0
KE-000344,cattle,Friesian cross,F,40,H00048,A01,0
KE-000345,cattle,Zebu,M,45,H00048,A01,0
KE-000346,cattle,Zebu,M,59,H00049,A01,0
KE-000347,cattle,Sahiwal,F,36,H00049,A01,1
KE-000348,cattle,Zebu,F,97,H00049,A01,1
KE-000349,cattle,Zebu,F,70,H00049,A01,1
KE-000350,cattle,Boran,F,85,H00049,A01,0
KE-000351,cattle,Ayrshire cross,F,44,H00049,A01,1
KE-000352,cattle,Ayrshire cross,M,93,H00049,A01,1
KE-000353,cattle,Ayrshire cross,F,115,H00049,A01,0
KE-000354,cattle,Friesian cross,M,86,H00049,A01,0
KE-000355,cattle,Boran,F,61,H00049,A01,1
KE-000356,cattle,Ayrshire cross,M,17,H00049,A01,1
KE-000357,cattle,Boran,F,37,H00049,A01,1
KE-000358,cattle,Ayrshire cross,F,78,H00049,A01,0
KE-000359,cattle,Boran,F,16,H00049,A01,0
KE-000360,cattle,Friesian cross,F,88,H00050,A01,0
KE-000361,cattle,Zebu,M,61,H00050,A01,0
KE-000362,cattle,Ayrshire cross,F,62,H00050,A01,1
KE-000363,cattle,Boran,F,113,H00050,A01,1
KE-000364,cattle,Ayrshire cross,M,119,H00050,A01,1
KE-000365,cattle,Ayrshire cross,F,13,H00050,A01,0
KE-000366,cattle,Zebu,M,14,H00050,A01,0
KE-000367,cattle,Sahiwal,F,68,H00050,A01,1
KE-000368,cattle,Sahiwal,M,13,H00050,A01,1
KE-000369,cattle,Boran,F,15,H00050,A01,1
KE-000370,cattle,Ayrshire cross,M,55,H00050,A01,0
KE-000371,cattle,Sahiwal,M,74,H00050,A01,0
KE-000372,cattle,Boran,F,102,H00050,A01,1
KE-000373,cattle,Boran,F,113,H00050,A01,1
KE-000374,cattle,Boran,F,33,H00050,A01,0
KE-000375,cattle,Zebu,M,65,H00050,A01,1
KE-000376,cattle,Ayrshire cross,F,65,H00050,A01,0
KE-000377,cattle,Zebu,F,23,H00051,A01,0
KE-000378,cattle,Sahiwal,M,82,H00051,A01,0
KE-000379,cattle,Ayrshire cross,F,94,H00051,A01,1
KE-000380,cattle,Sahiwal,F,19,H00051,A01,1
KE-000381,cattle,Zebu,F,62,H00051,A01,0
KE-000382,cattle,Ayrshire cross,M,60,H00052,A01,0
KE-000383,cattle,Ayrshire cross,F,42,H00052,A01,0
KE-000384,cattle,Ayrshire cross,F,73,H00052,A01,1
KE-000385,cattle,Sahiwal,F,85,H00052,A01,1
KE-000386,cattle,Zebu,M,56,H00052,A01,1
KE-000387,cattle,Ayrshire cross,F,103,H00052,A01,0
KE-000388,cattle,Friesian cross,F,54,H00052,A01,0
KE-000389,cattle,Sahiwal,M,57,H00052,A01,1
KE-000390,cattle,Boran,M,104,H00052,A01,0
KE-000391,cattle,Sahiwal,M,29,H00052,A01,0
KE-000392,cattle,Ayrshire cross,F,113,H00053,A01,1
KE-000393,cattle,Ayrshire cross,M,21,H00053,A01,0
KE-000394,cattle,Friesian cross,M,9,H00053,A01,0
KE-000395,cattle,Ayrshire cross,F,14,H00053,A01,0
KE-000396,cattle,Sahiwal,F,79,H00053,A01,0
KE-000397,cattle,Sahiwal,M,65,H00053,A01,0
KE-000398,cattle,Ayrshire cross,F,98,H00053,A01,1
KE-000399,cattle,Ayrshire cross,F,63,H00053,A01,0
KE-000400,cattle,Ayrshire cross,F,21,H00053,A01,1
KE-000401,cattle,Sahiwal,F,40,H00054,A01,0
KE-000402,cattle,Boran,F,95,H00054,A01,0
KE-000403,cattle,Zebu,F,104,H00054,A01,0
KE-000404,cattle,Boran,F,51,H00054,A01,0
KE-000405,cattle,Friesian cross,M,15,H00054,A01,0
KE-000406,cattle,Sahiwal,F,99,H00054,A01,0
KE-000407,cattle,Ayrshire cross,F,118,H00054,A01,1
KE-000408,cattle,Boran,F,70,H00054,A01,1
KE-000409,cattle,Sahiwal,F,6,H00055,A01,1
KE-000410,cattle,Friesian cross,F,27,H00055,A01,0
KE-000411,cattle,Boran,F,106,H00055,A01,0
KE-000412,cattle,Friesian cross,F,92,H00055,A01,0
KE-000413,cattle,Boran,F,84,H00055,A01,1
KE-000414,cattle,Boran,M,10,H00055,A01,0
KE-000415,cattle,Zebu,M,112,H00055,A01,1
KE-000416,cattle,Boran,F,96,H00055,A01,0
KE-000417,cattle,Zebu,F,6,H00055,A01,0
KE-000418,cattle,Boran,F,96,H00055,A01,1
KE-000419,cattle,Sahiwal,M,41,H00056,A01,0
KE-000420,cattle,Sahiwal,F,56,H00056,A01,0
KE-000421,cattle,Zebu,F,69,H00056,A01,0
KE-000422,cattle,Sahiwal,M,109,H00056,A01,0
KE-000423,cattle,Zebu,M,56,H00056,A01,0
KE-000424,cattle,Ayrshire cross,M,70,H00056,A01,0
KE-000425,cattle,Zebu,M,83,H00056,A01,1
KE-000426,cattle,Friesian cross,F,62,H00056,A01,1
KE-000427,cattle,Ayrshire cross,F,103,H00056,A01,1
KE-000428,cattle,Sahiwal,M,99,H00056,A01,0
KE-000429,cattle,Zebu,M,50,H00056,A01,0
KE-000430,cattle,Ayrshire cross,F,71,H00056,A01,0
KE-000431,cattle,Ayrshire cross,F,87,H00056,A01,0
KE-000432,cattle,Sahiwal,M,98,H00056,A01,1
KE-000433,cattle,Sahiwal,M,115,H00056,A01,0
KE-000434,cattle,Zebu,M,116,H00056,A01,0
KE-000435,cattle,Ayrshire cross,F,75,H00056,A01,0
KE-000436,cattle,Ayrshire cross,F,93,H00056,A01,0
KE-000437,cattle,Ayrshire cross,F,18,H00056,A01,0
KE-000438,cattle,Ayrshire cross,F,55,H00056,A01,1
KE-000439,cattle,Zebu,F,101,H00056,A01,1
KE-000440,cattle,Ayrshire cross,F,7,H00056,A01,1
KE-000441,cattle,Friesian cross,M,86,H00056,A01,1
KE-000442,cattle,Friesian cross,F,73,H00056,A01,1
KE-000443,cattle,Zebu,F,107,H00056,A01,0
KE-000444,cattle,Sahiwal,F,31,H00056,A01,0
KE-000445,cattle,Sahiwal,M,60,H00056,A01,1
KE-000446,cattle,Zebu,M,103,H00056,A01,0
KE-000447,cattle,Zebu,F,45,H00057,A01,1
KE-000448,cattle,Boran,F,97,H00057,A01,0
KE-000449,cattle,Sahiwal,F,76,H00057,A01,0
KE-000450,cattle,Friesian cross,M,63,H00057,A01,1
KE-000451,cattle,Zebu,M,116,H00057,A01,0
KE-000452,cattle,Boran,M,61,H00057,A01,1
KE-000453,cattle,Boran,F,92,H00057,A01,1
KE-000454,cattle,Ayrshire cross,F,56,H00058,A01,0
KE-000455,cattle,Boran,F,99,H00058,A01,0
KE-000456,cattle,Boran,M,14,H00058,A01,0
KE-000457,cattle,Friesian cross,M,51,H00058,A01,0
KE-000458,cattle,Ayrshire cross,F,97,H00058,A01,0
KE-000459,cattle,Friesian cross,F,94,H00058,A01,0
KE-000460,cattle,Boran,M,43,H00058,A01,1
KE-000461,cattle,Zebu,M,11,H00058,A01,0
KE-000462,cattle,Friesian cross,M,106,H00058,A01,0
KE-000463,cattle,Friesian cross,F,38,H00058,A01,0
KE-000464,cattle,Ayrshire cross,M,31,H00058,A01,1
KE-000465,cattle,Sahiwal,F,22,H00058,A01,1
KE-000466,cattle,Zebu,M,31,H00058,A01,1
KE-000467,cattle,Sahiwal,M,76,H00058,A01,0
KE-000468,cattle,Sahiwal,F,85,H00058,A01,1
KE-000469,cattle,Ayrshire cross,M,42,H00058,A01,0
KE-000470,cattle,Zebu,F,37,H00058,A01,0
KE-000471,cattle,Sahiwal,F,82,H00058,A01,0
KE-000472,cattle,Zebu,F,82,H00058,A01,1
KE-000473,cattle,Zebu,M,18,H00058,A01,0
KE-000474,cattle,Friesian cross,F,53,H00059,A01,1
KE-000475,cattle,Sahiwal,F,99,H00059,A01,0
KE-000476,cattle,Sahiwal,F,66,H00059,A01,1
KE-000477,cattle,Boran,F,99,H00059,A01,1
KE-000478,cattle,Friesian cross,F,92,H00060,A01,0
KE-000479,cattle,Zebu,M,34,H00060,A01,1
KE-000480,cattle,Ayrshire cross,F,29,H00060,A01,1
KE-000481,cattle,Friesian cross,F,42,H00060,A01,1
KE-000482,cattle,Ayrshire cross,M,53,H00060,A01,1
KE-000483,cattle,Zebu,M,30,H00060,A01,0
KE-000484,cattle,Zebu,F,83,H00060,A01,0
KE-000485,cattle,Zebu,F,30,H00060,A01,0
KE-000486,cattle,Boran,F,71,H00060,A01,0
KE-000487,cattle,Friesian cross,F,39,H00060,A01,0
KE-000488,cattle,Friesian cross,F,106,H00061,A01,0
KE-000489,cattle,Zebu,F,37,H00061,A01,0
KE-000490,cattle,Boran,F,25,H00061,A01,0
KE-000491,cattle,Boran,F,27,H00061,A01,1
KE-000492,cattle,Zebu,F,114,H00061,A01,0
KE-000493,cattle,Friesian cross,F,10,H00061,A01,1
KE-000494,cattle,Friesian cross,M,67,H00061,A01,0
KE-000495,cattle,Zebu,F,40,H00061,A01,1
KE-000496,cattle,Boran,M,55,H00061,A01,1
KE-000497,cattle,Sahiwal,M,71,H00061,A01,1
KE-000498,cattle,Boran,F,23,H00061,A01,0
KE-000499,cattle,Ayrshire cross,M,56,H00061,A01,0
KE-000500,cattle,Boran,M,92,H00061,A01,0
KE-000501,cattle,Ayrshire cross,M,103,H00062,A01,0
KE-000502,cattle,Sahiwal,M,97,H00062,A01,0
KE-000503,cattle,Boran,F,78,H00062,A01,0
KE-000504,cattle,Boran,M,55,H00062,A01,0
KE-000505,cattle,Ayrshire cross,F,115,H00062,A01,0
KE-000506,cattle,Boran,M,92,H00062,A01,0
KE-000507,cattle,Sahiwal,F,71,H00062,A01,1
KE-000508,cattle,Friesian cross,F,117,H00062,A01,0
KE-000509,cattle,Ayrshire cross,F,96,H00062,A01,1
KE-000510,cattle,Sahiwal,M,27,H00062,A01,0
KE-000511,cattle,Boran,M,16,H00062,A01,1
KE-000512,cattle,Ayrshire cross,F,105,H00062,A01,1
KE-000513,cattle,Ayrshire cross,F,15,H00062,A01,0
KE-000514,cattle,Boran,F,91,H00062,A01,1
KE-000515,cattle,Sahiwal,F,35,H00062,A01,0
KE-000516,cattle,Zebu,M,24,H00062,A01,1
KE-000517,cattle,Sahiwal,F,16,H00063,A01,1
KE-000518,cattle,Sahiwal,F,96,H00063,A01,1
KE-000519,cattle,Zebu,F,81,H00063,A01,0
KE-000520,cattle,Zebu,M,115,H00063,A01,0
KE-000521,cattle,Sahiwal,F,96,H00063,A01,0
KE-000522,cattle,Friesian cross,M,14,H00063,A01,0
KE-000523,cattle,Friesian cross,M,15,H00063,A01,0
KE-000524,cattle,Sahiwal,F,31,H00063,A01,0
KE-000525,cattle,Boran,F,115,H00063,A01,1
KE-000526,cattle,Friesian cross,F,85,H00063,A01,1
KE-000527,cattle,Boran,F,8,H00063,A01,0
KE-000528,cattle,Boran,F,80,H00063,A01,0
KE-000529,cattle,Friesian cross,F,53,H00063,A01,1
KE-000530,cattle,Zebu,F,29,H00063,A01,1
KE-000531,cattle,Zebu,F,8,H00063,A01,0
KE-000532,cattle,Friesian cross,M,77,H00063,A01,0
KE-000533,cattle,Ayrshire cross,F,70,H00063,A01,0
KE-000534,cattle,Zebu,F,13,H00064,A01,0
KE-000535,cattle,Ayrshire cross,F,54,H00064,A01,0
KE-000536,cattle,Ayrshire cross,M,101,H00064,A01,0
KE-000537,cattle,Boran,F,67,H00064,A01,0
KE-000538,cattle,Zebu,F,68,H00064,A01,1
KE-000539,cattle,Ayrshire cross,F,112,H00064,A01,0
KE-000540,cattle,Sahiwal,F,76,H00064,A01,0
KE-000541,cattle,Zebu,F,39,H00064,A01,0
KE-000542,cattle,Ayrshire cross,M,10,H00064,A01,1
KE-000543,cattle,Zebu,F,83,H00064,A01,0
KE-000544,cattle,Boran,M,75,H00064,A01,0
KE-000545,cattle,Zebu,M,89,H00064,A01,1
KE-000546,cattle,Boran,F,38,H00064,A01,1
KE-000547,cattle,Ayrshire cross,F,47,H00064,A01,0
KE-000548,cattle,Zebu,M,31,H00064,A01,0
KE-000549,cattle,Friesian cross,F,86,H00064,A01,0
KE-000550,cattle,Ayrshire cross,M,9,H00064,A01,1
KE-000551,cattle,Zebu,F,114,H00064,A01,0
KE-000552,cattle,Boran,F,35,H00065,A01,0
KE-000553,cattle,Boran,F,48,H00065,A01,1
KE-000554,cattle,Ayrshire cross,M,19,H00065,A01,0
KE-000555,cattle,Zebu,M,6,H00065,A01,1
KE-000556,cattle,Ayrshire cross,M,53,H00065,A01,0
KE-000557,cattle,Sahiwal,F,87,H00065,A01,0
KE-000558,cattle,Zebu,M,10,H00065,A01,0
KE-000559,cattle,Ayrshire cross,F,111,H00065,A01,1
KE-000560,cattle,Ayrshire cross,F,81,H00065,A01,0
KE-000561,cattle,Ayrshire cross,F,111,H00065,A01,1
KE-000562,cattle,Boran,F,51,H00066,A01,1
KE-000563,cattle,Sahiwal,M,22,H00066,A01,0
KE-000564,cattle,Zebu,F,66,H00066,A01,0
KE-000565,cattle,Boran,M,98,H00066,A01,0
KE-000566,cattle,Friesian cross,F,99,H00066,A01,0
KE-000567,cattle,Ayrshire cross,F,104,H00066,A01,0
KE-000568,cattle,Boran,F,40,H00066,A01,0
KE-000569,cattle,Zebu,F,81,H00066,A01,1
KE-000570,cattle,Ayrshire cross,F,104,H00066,A01,0
KE-000571,cattle,Boran,F,29,H00067,A01,0
KE-000572,cattle,Friesian cross,F,100,H00067,A01,0
KE-000573,cattle,Friesian cross,F,66,H00067,A01,0
KE-000574,cattle,Friesian cross,F,10,H00067,A01,1
KE-000575,cattle,Sahiwal,F,45,H00067,A01,0
KE-000576,cattle,Friesian cross,F,16,H00067,A01,1
KE-000577,cattle,Ayrshire cross,F,27,H00067,A01,1
KE-000578,cattle,Zebu,F,106,H00067,A01,1
KE-000579,cattle,Ayrshire cross,F,105,H00067,A01,0
KE-000580,cattle,Zebu,M,115,H00067,A01,0
KE-000581,cattle,Boran,F,13,H00067,A01,0
KE-000582,cattle,Boran,F,113,H00067,A01,0
KE-000583,cattle,Zebu,F,41,H00067,A01,0
KE-000584,cattle,Ayrshire cross,F,37,H00067,A01,1
KE-000585,cattle,Sahiwal,F,62,H00067,A01,0
KE-000586,cattle,Boran,M,22,H00067,A01,1
KE-000587,cattle,Ayrshire cross,F,65,H00067,A01,1
KE-000588,cattle,Friesian cross,F,29,H00067,A01,1
KE-000589,cattle,Friesian cross,M,62,H00067,A01,1
KE-000590,cattle,Sahiwal,F,56,H00068,A01,1
KE-000591,cattle,Boran,F,48,H00068,A01,1
KE-000592,cattle,Boran,M,59,H00068,A01,0
KE-000593,cattle,Ayrshire cross,F,117,H00068,A01,1
KE-000594,cattle,Ayrshire cross,F,42,H00068,A01,1
KE-000595,cattle,Friesian cross,F,16,H00068,A01,1
KE-000596,cattle,Boran,M,26,H00068,A01,0
KE-000597,cattle,Ayrshire cross,F,103,H00068,A01,0
KE-000598,cattle,Sahiwal,F,26,H00068,A01,1
KE-000599,cattle,Sahiwal,F,24,H00068,A01,1
KE-000600,cattle,Ayrshire cross,M,25,H00069,A01,1
KE-000601,cattle,Sahiwal,F,70,H00069,A01,1
KE-000602,cattle,Ayrshire cross,F,57,H00069,A01,0
KE-000603,cattle,Ayrshire cross,F,31,H00069,A01,1
KE-000604,cattle,Sahiwal,M,108,H00069,A01,0
KE-000605,cattle,Sahiwal,M,80,H00069,A01,0
KE-000606,cattle,Friesian cross,F,109,H00070,A01,0
KE-000607,cattle,Friesian cross,F,79,H00070,A01,1
KE-000608,cattle,Boran,F,50,H00070,A01,0
KE-000609,cattle,Sahiwal,M,49,H00070,A01,0
KE-000610,cattle,Sahiwal,F,91,H00070,A01,0
KE-000611,cattle,Friesian cross,F,60,H00070,A01,1
KE-000612,cattle,Zebu,F,36,H00071,A01,0
KE-000613,cattle,Sahiwal,M,114,H00071,A01,0
KE-000614,cattle,Sahiwal,M,57,H00071,A01,0
KE-000615,cattle,Boran,M,39,H00071,A01,0
KE-000616,cattle,Sahiwal,M,97,H00071,A01,0
KE-000617,cattle,Friesian cross,F,24,H00071,A01,1
KE-000618,cattle,Boran,F,95,H00071,A01,0
KE-000619,cattle,Ayrshire cross,F,109,H00072,A01,0
KE-000620,cattle,Sahiwal,F,79,H00072,A01,1
KE-000621,cattle,Boran,F,9,H00072,A01,0
KE-000622,cattle,Sahiwal,F,71,H00072,A01,0
KE-000623,cattle,Boran,F,48,H00072,A01,0
KE-000624,cattle,Boran,F,41,H00072,A01,0
KE-000625,cattle,Zebu,F,67,H00072,A01,1
KE-000626,cattle,Friesian cross,F,26,H00072,A01,0
KE-000627,cattle,Sahiwal,F,101,H00072,A01,1
KE-000628,cattle,Zebu,F,42,H00072,A01,0
KE-000629,cattle,Zebu,M,84,H00072,A01,1
KE-000630,cattle,Sahiwal,F,81,H00072,A01,1
KE-000631,cattle,Zebu,F,109,H00072,A01,0
KE-000632,cattle,Boran,M,88,H00072,A01,0
KE-000633,cattle,Zebu,M,42,H00072,A01,0
KE-000634,cattle,Friesian cross,M,63,H00073,A01,1
KE-000635,cattle,Ayrshire cross,M,73,H00073,A01,1
KE-000636,cattle,Sahiwal,M,61,H00073,A01,0
KE-000637,cattle,Sahiwal,F,107,H00073,A01,0
KE-000638,cattle,Friesian cross,F,23,H00073,A01,0
KE-000639,cattle,Sahiwal,M,97,H00073,A01,0
KE-000640,cattle,Friesian cross,F,77,H00073,A01,0
KE-000641,cattle,Boran,F,64,H00073,A01,0
KE-000642,cattle,Boran,M,103,H00073,A01,0
KE-000643,cattle,Friesian cross,F,50,H00073,A01,1
KE-000644,cattle,Boran,F,49,H00073,A01,1
KE-000645,cattle,Boran,M,9,H00073,A01,0
KE-000646,cattle,Boran,F,53,H00073,A01,0
KE-000647,cattle,Zebu,F,55,H00074,A01,0
KE-000648,cattle,Boran,M,6,H00074,A01,1
KE-000649,cattle,Friesian cross,F,57,H00074,A01,0
KE-000650,cattle,Friesian cross,M,37,H00074,A01,0
KE-000651,cattle,Boran,F,78,H00074,A01,1
KE-000652,cattle,Ayrshire cross,F,52,H00074,A01,0
KE-000653,cattle,Ayrshire cross,M,115,H00074,A01,0
KE-000654,cattle,Zebu,M,39,H00074,A01,0
KE-000655,cattle,Zebu,M,75,H00074,A01,0
KE-000656,cattle,Friesian cross,M,108,H00074,A01,1
KE-000657,cattle,Ayrshire cross,F,85,H00074,A01,0
KE-000658,cattle,Ayrshire cross,F,97,H00074,A01,1
KE-000659,cattle,Boran,F,13,H00074,A01,1
KE-000660,cattle,Sahiwal,F,88,H00074,A01,0
KE-000661,cattle,Ayrshire cross,F,37,H00074,A01,1
KE-000662,cattle,Boran,F,106,H00074,A01,1
KE-000663,cattle,Friesian cross,M,29,H00074,A01,1
KE-000664,cattle,Boran,M,76,H00075,A01,0
KE-000665,cattle,Zebu,F,27,H00075,A01,0
KE-000666,cattle,Friesian cross,M,29,H00075,A01,0
KE-000667,cattle,Boran,F,57,H00075,A01,0
KE-000668,cattle,Boran,M,27,H00075,A01,1
KE-000669,cattle,Boran,M,117,H00075,A01,1
KE-000670,cattle,Zebu,F,7,H00075,A01,1
KE-000671,cattle,Ayrshire cross,M,30,H00075,A01,0
KE-000672,cattle,Ayrshire cross,F,26,H00075,A01,1
KE-000673,cattle,Friesian cross,F,117,H00076,A01,0
KE-000674,cattle,Zebu,F,94,H00076,A01,1
KE-000675,cattle,Sahiwal,M,49,H00076,A01,0
KE-000676,cattle,Friesian cross,M,80,H00076,A01,0
KE-000677,cattle,Boran,F,60,H00076,A01,0
KE-000678,cattle,Sahiwal,M,36,H00076,A01,1
KE-000679,cattle,Ayrshire cross,M,28,H00076,A01,1
KE-000680,cattle,Zebu,F,23,H00076,A01,0
KE-000681,cattle,Boran,F,102,H00076,A01,1
KE-000682,cattle,Sahiwal,M,59,H00076,A01,1
KE-000683,cattle,Sahiwal,M,115,H00076,A01,1
KE-000684,cattle,Sahiwal,M,99,H00076,A01,0
KE-000685,cattle,Zebu,M,54,H00076,A01,0
KE-000686,cattle,Boran,M,92,H00077,A01,0
KE-000687,cattle,Boran,M,97,H00077,A01,1
KE-000688,cattle,Ayrshire cross,F,10,H00077,A01,0
KE-000689,cattle,Ayrshire cross,M,38,H00077,A01,1
KE-000690,cattle,Ayrshire cross,F,46,H00077,A01,1
KE-000691,cattle,Boran,F,108,H00077,A01,0
KE-000692,cattle,Ayrshire cross,M,30,H00077,A01,0
KE-000693,cattle,Boran,F,15,H00077,A01,1
KE-000694,cattle,Friesian cross,M,73,H00077,A01,0
KE-000695,cattle,Zebu,F,56,H00077,A01,0
KE-000696,cattle,Zebu,F,84,H00077,A01,0
KE-000697,cattle,Boran,F,119,H00077,A01,1
KE-000698,cattle,Zebu,F,20,H00077,A01,1
KE-000699,cattle,Friesian cross,F,113,H00077,A01,0
KE-000700,cattle,Ayrshire cross,F,96,H00077,A01,0
KE-000701,cattle,Zebu,F,6,H00077,A01,0
KE-000702,cattle,Ayrshire cross,M,95,H00077,A01,0
KE-000703,cattle,Sahiwal,F,99,H00078,A01,0
KE-000704,cattle,Friesian cross,F,12,H00078,A01,0
KE-000705,cattle,Zebu,M,12,H00078,A01,0
KE-000706,cattle,Zebu,F,110,H00078,A01,0
KE-000707,cattle,Zebu,F,13,H00078,A01,0
KE-000708,cattle,Friesian cross,F,14,H00078,A01,1
KE-000709,cattle,Friesian cross,M,64,H00078,A01,1
KE-000710,cattle,Boran,F,20,H00078,A01,1
KE-000711,cattle,Sahiwal,M,89,H00078,A01,0
KE-000712,cattle,Sahiwal,F,105,H00078,A01,0
KE-000713,cattle,Sahiwal,F,26,H00079,A01,0
KE-000714,cattle,Sahiwal,M,11,H00079,A01,0
KE-000715,cattle,Ayrshire cross,F,114,H00079,A01,0
KE-000716,cattle,Friesian cross,F,90,H00079,A01,0
KE-000717,cattle,Ayrshire cross,M,81,H00079,A01,0
KE-000718,cattle,Sahiwal,F,19,H00079,A01,0
KE-000719,cattle,Sahiwal,F,22,H00079,A01,1
KE-000720,cattle,Ayrshire cross,F,19,H00079,A01,1
KE-000721,cattle,Ayrshire cross,F,73,H00079,A01,0
KE-000722,cattle,Friesian cross,M,28,H00079,A01,1
KE-000723,cattle,Ayrshire cross,F,65,H00079,A01,1
KE-000724,cattle,Zebu,M,59,H00079,A01,0
KE-000725,cattle,Sahiwal,F,40,H00079,A01,0
KE-000726,cattle,Boran,F,72,H00079,A01,0
KE-000727,cattle,Zebu,M,65,H00079,A01,0
KE-000728,cattle,Sahiwal,F,56,H00080,A01,0
KE-000729,cattle,Zebu,M,23,H00080,A01,0
KE-000730,cattle,Friesian cross,F,91,H00080,A01,1
KE-000731,cattle,Friesian cross,F,59,H00080,A01,0
KE-000732,cattle,Sahiwal,M,48,H00080,A01,1
KE-000733,cattle,Sahiwal,F,48,H00080,A01,0
KE-000734,cattle,Zebu,F,23,H00080,A01,0
KE-000735,cattle,Ayrshire cross,F,66,H00080,A01,1
KE-000736,cattle,Friesian cross,F,64,H00081,A01,1
KE-000737,cattle,Sahiwal,F,75,H00081,A01,0
KE-000738,cattle,Zebu,F,49,H00081,A01,1
KE-000739,cattle,Boran,F,33,H00081,A01,1
KE-000740,cattle,Ayrshire cross,M,108,H00081,A01,0
KE-000741,cattle,Friesian cross,F,71,H00081,A01,0
KE-000742,cattle,Zebu,F,32,H00081,A01,1
KE-000743,cattle,Sahiwal,F,10,H00081,A01,0
KE-000744,cattle,Friesian cross,F,109,H00081,A01,0
KE-000745,cattle,Friesian cross,F,49,H00082,A01,0
KE-000746,cattle,Friesian cross,M,8,H00082,A01,0
KE-000747,cattle,Friesian cross,M,80,H00082,A01,0
KE-000748,cattle,Zebu,F,44,H00082,A01,0
KE-000749,cattle,Zebu,M,11,H00082,A01,0
KE-000750,cattle,Friesian cross,F,53,H00082,A01,0
KE-000751,cattle,Friesian cross,F,25,H00082,A01,1
KE-000752,cattle,Zebu,M,81,H00082,A01,1
KE-000753,cattle,Boran,F,109,H00082,A01,0
KE-000754,cattle,Boran,F,10,H00083,A01,0
KE-000755,cattle,Zebu,F,67,H00083,A01,0
KE-000756,cattle,Sahiwal,F,116,H00083,A01,0
KE-000757,cattle,Ayrshire cross,F,96,H00083,A01,0
KE-000758,cattle,Friesian cross,M,37,H00083,A01,1
KE-000759,cattle,Friesian cross,F,38,H00083,A01,0
KE-000760,cattle,Ayrshire cross,M,102,H00084,A01,1
KE-000761,cattle,Boran,F,36,H00084,A01,0
KE-000762,cattle,Boran,M,62,H00084,A01,0
KE-000763,cattle,Sahiwal,F,8,H00084,A01,0
KE-000764,cattle,Friesian cross,F,58,H00084,A01,0
KE-000765,cattle,Friesian cross,F,52,H00084,A01,0
KE-000766,cattle,Boran,F,42,H00084,A01,0
KE-000767,cattle,Ayrshire cross,F,106,H00084,A01,1
KE-000768,cattle,Zebu,F,40,H00084,A01,1
KE-000769,cattle,Friesian cross,F,93,H00084,A01,1
KE-000770,cattle,Sahiwal,M,53,H00084,A01,0
KE-000771,cattle,Sahiwal,F,89,H00084,A01,0
KE-000772,cattle,Ayrshire cross,F,83,H00084,A01,0
KE-000773,cattle,Friesian cross,F,93,H00084,A01,0
KE-000774,cattle,Ayrshire cross,F,60,H00084,A01,1
KE-000775,cattle,Boran,M,81,H00085,A01,1
KE-000776,cattle,Boran,F,47,H00085,A01,1
KE-000777,cattle,Sahiwal,F,118,H00085,A01,0
KE-000778,cattle,Sahiwal,M,37,H00085,A01,1
KE-000779,cattle,Boran,F,88,H00085,A01,1
KE-000780,cattle,Sahiwal,F,83,H00085,A01,0
KE-000781,cattle,Zebu,M,34,H00085,A01,0
KE-000782,cattle,Sahiwal,F,88,H00085,A01,0
KE-000783,cattle,Friesian cross,F,118,H00085,A01,1
KE-000784,cattle,Ayrshire cross,F,98,H00086,A01,0
KE-000785,cattle,Ayrshire cross,F,92,H00086,A01,0
KE-000786,cattle,Ayrshire cross,F,71,H00086,A01,0
KE-000787,cattle,Ayrshire cross,F,24,H00086,A01,0
KE-000788,cattle,Ayrshire cross,M,27,H00086,A01,1
KE-000789,cattle,Ayrshire cross,F,61,H00086,A01,0
KE-000790,cattle,Friesian cross,M,96,H00086,A01,0
KE-000791,cattle,Friesian cross,M,82,H00086,A01,0
KE-000792,cattle,Sahiwal,F,110,H00086,A01,0
KE-000793,cattle,Ayrshire cross,F,32,H00086,A01,0
KE-000794,cattle,Boran,F,29,H00086,A01,0
KE-000795,cattle,Ayrshire cross,F,55,H00086,A01,1
KE-000796,cattle,Boran,F,51,H00087,A01,0
KE-000797,cattle,Friesian cross,M,118,H00087,A01,0
KE-000798,cattle,Friesian cross,M,42,H00087,A01,1
KE-000799,cattle,Friesian cross,M,18,H00087,A01,0
KE-000800,cattle,Sahiwal,M,40,H00087,A01,0
KE-000801,cattle,Ayrshire cross,F,42,H00087,A01,1
KE-000802,cattle,Sahiwal,F,68,H00087,A01,0
KE-000803,cattle,Zebu,M,30,H00087,A01,0
KE-000804,cattle,Ayrshire cross,F,108,H00087,A01,0
KE-000805,cattle,Zebu,F,102,H00087,A01,1
KE-000806,cattle,Boran,F,36,H00087,A01,0
KE-000807,cattle,Friesian cross,F,43,H00087,A01,0
KE-000808,cattle,Ayrshire cross,F,12,H00087,A01,0
KE-000809,cattle,Boran,F,26,H00087,A01,1
KE-000810,cattle,Boran,F,6,H00087,A01,1
KE-000811,cattle,Zebu,M,37,H00088,A01,0
KE-000812,cattle,Boran,F,30,H00088,A01,0
KE-000813,cattle,Zebu,M,102,H00088,A01,1
KE-000814,cattle,Friesian cross,F,20,H00088,A01,0
KE-000815,cattle,Sahiwal,F,106,H00088,A01,0
KE-000816,cattle,Sahiwal,M,23,H00088,A01,0
KE-000817,cattle,Sahiwal,F,57,H00088,A01,0
KE-000818,cattle,Boran,M,52,H00088,A01,1
KE-000819,cattle,Zebu,F,105,H00088,A01,1
KE-000820,cattle,Sahiwal,F,40,H00088,A01,1
KE-000821,cattle,Boran,F,81,H00088,A01,1
KE-000822,cattle,Sahiwal,F,21,H00088,A01,0
KE-000823,cattle,Friesian cross,F,113,H00088,A01,0
KE-000824,cattle,Zebu,M,90,H00088,A01,1
KE-000825,cattle,Boran,F,38,H00088,A01,0
KE-000826,cattle,Friesian cross,F,89,H00089,A01,1
KE-000827,cattle,Sahiwal,M,88,H00089,A01,0
KE-000828,cattle,Zebu,F,82,H00089,A01,0
KE-000829,cattle,Zebu,M,65,H00089,A01,0
KE-000830,cattle,Ayrshire cross,F,56,H00089,A01,0
KE-000831,cattle,Zebu,F,21,H00089,A01,1
KE-000832,cattle,Sahiwal,F,54,H00089,A01,1
KE-000833,cattle,Sahiwal,F,96,H00089,A01,0
KE-000834,cattle,Sahiwal,F,108,H00089,A01,1
KE-000835,cattle,Ayrshire cross,F,45,H00089,A01,0
KE-000836,cattle,Zebu,F,22,H00089,A01,0
KE-000837,cattle,Friesian cross,F,36,H00089,A01,1
KE-000838,cattle,Friesian cross,M,44,H00089,A01,1
KE-000839,cattle,Boran,F,74,H00089,A01,1
KE-000840,cattle,Sahiwal,F,110,H00089,A01,1
KE-000841,cattle,Ayrshire cross,M,109,H00089,A01,0
KE-000842,cattle,Boran,F,11,H00089,A01,0
KE-000843,cattle,Sahiwal,F,29,H00090,A01,0
KE-000844,cattle,Zebu,F,38,H00090,A01,1
KE-000845,cattle,Sahiwal,F,56,H00090,A01,0
KE-000846,cattle,Ayrshire cross,F,18,H00090,A01,0
KE-000847,cattle,Boran,F,47,H00090,A01,0
KE-000848,cattle,Zebu,F,68,H00090,A01,0
KE-000849,cattle,Sahiwal,M,13,H00090,A01,0
KE-000850,cattle,Ayrshire cross,M,63,H00090,A01,0
KE-000851,cattle,Boran,F,55,H00090,A01,0
KE-000852,cattle,Boran,F,70,H00090,A01,0
KE-000853,cattle,Boran,F,79,H00090,A01,1
KE-000854,cattle,Boran,F,56,H00091,A01,1
KE-000855,cattle,Sahiwal,F,55,H00091,A01,1
KE-000856,cattle,Friesian cross,F,80,H00091,A01,0
KE-000857,cattle,Ayrshire cross,F,110,H00091,A01,0
KE-000858,cattle,Ayrshire cross,F,104,H00091,A01,0
KE-000859,cattle,Zebu,M,21,H00091,A01,0
KE-000860,cattle,Ayrshire cross,F,7,H00091,A01,0
KE-000861,cattle,Sahiwal,F,42,H00091,A01,1
KE-000862,cattle,Sahiwal,M,60,H00091,A01,0
KE-000863,cattle,Sahiwal,F,55,H00092,A01,1
KE-000864,cattle,Zebu,M,58,H00092,A01,0
KE-000865,cattle,Boran,F,52,H00092,A01,0
KE-000866,cattle,Sahiwal,F,72,H00092,A01,0
KE-000867,cattle,Ayrshire cross,M,63,H00092,A01,0
KE-000868,cattle,Boran,F,7,H00092,A01,0
KE-000869,cattle,Ayrshire cross,F,67,H00092,A01,0
KE-000870,cattle,Sahiwal,M,37,H00092,A01,0
KE-000871,cattle,Ayrshire cross,F,52,H00092,A01,1
KE-000872,cattle,Ayrshire cross,M,53,H00092,A01,0
KE-000873,cattle,Boran,F,73,H00092,A01,0
KE-000874,cattle,Friesian cross,F,90,H00093,A01,0
KE-000875,cattle,Ayrshire cross,F,14,H00093,A01,1
KE-000876,cattle,Ayrshire cross,M,23,H00093,A01,0
KE-000877,cattle,Friesian cross,F,37,H00093,A01,0
KE-000878,cattle,Boran,F,40,H00094,A01,0
KE-000879,cattle,Sahiwal,M,21,H00094,A01,1
KE-000880,cattle,Zebu,M,89,H00094,A01,1
KE-000881,cattle,Ayrshire cross,M,15,H00094,A01,0
KE-000882,cattle,Friesian cross,F,77,H00094,A01,1
KE-000883,cattle,Ayrshire cross,M,63,H00095,A01,1
KE-000884,cattle,Ayrshire cross,M,94,H00095,A01,1
KE-000885,cattle,Sahiwal,F,39,H00095,A01,0
KE-000886,cattle,Ayrshire cross,F,78,H00095,A01,1
KE-000887,cattle,Sahiwal,F,85,H00095,A01,0
KE-000888,cattle,Zebu,F,69,H00096,A01,0
KE-000889,cattle,Zebu,F,50,H00096,A01,1
KE-000890,cattle,Ayrshire cross,F,74,H00096,A01,1
KE-000891,cattle,Friesian cross,M,104,H00096,A01,1
KE-000892,cattle,Boran,F,85,H00096,A01,0
KE-000893,cattle,Zebu,F,31,H00096,A01,0
KE-000894,cattle,Sahiwal,M,36,H00096,A01,0
KE-000895,cattle,Boran,F,31,H00097,A01,0
KE-000896,cattle,Friesian cross,F,96,H00097,A01,1
KE-000897,cattle,Ayrshire cross,M,26,H00097,A01,0
KE-000898,cattle,Ayrshire cross,M,71,H00097,A01,1
KE-000899,cattle,Zebu,F,83,H00097,A01,1
KE-000900,cattle,Zebu,F,59,H00097,A01,0
KE-000901,cattle,Ayrshire cross,M,42,H00097,A01,0
KE-000902,cattle,Boran,M,82,H00097,A01,0
KE-000903,cattle,Ayrshire cross,F,50,H00097,A01,1
KE-000904,cattle,Sahiwal,F,106,H00097,A01,1
KE-000905,cattle,Ayrshire cross,F,30,H00097,A01,0
KE-000906,cattle,Zebu,M,38,H00097,A01,0
KE-000907,cattle,Friesian cross,F,95,H00097,A01,0
KE-000908,cattle,Friesian cross,F,23,H00097,A01,0
KE-000909,cattle,Ayrshire cross,F,78,H00097,A01,0
KE-000910,cattle,Zebu,F,12,H00098,A01,0
KE-000911,cattle,Ayrshire cross,M,66,H00098,A01,0
KE-000912,cattle,Sahiwal,M,95,H00098,A01,0
KE-000913,cattle,Sahiwal,M,31,H00098,A01,1
KE-000914,cattle,Ayrshire cross,F,117,H00098,A01,1
KE-000915,cattle,Sahiwal,F,103,H00098,A01,0
KE-000916,cattle,Friesian cross,F,87,H00098,A01,1
KE-000917,cattle,Boran,F,61,H00099,A02,1
KE-000918,cattle,Zebu,F,7,H00099,A02,1
KE-000919,cattle,Sahiwal,F,9,H00099,A02,0
KE-000920,cattle,Ayrshire cross,F,14,H00099,A02,0
KE-000921,cattle,Ayrshire cross,F,72,H00099,A02,0
KE-000922,cattle,Sahiwal,M,29,H00099,A02,0
KE-000923,cattle,Boran,F,109,H00099,A02,1
KE-000924,cattle,Friesian cross,F,24,H00099,A02,1
KE-000925,cattle,Friesian cross,F,78,H00099,A02,0
KE-000926,cattle,Zebu,F,17,H00099,A02,0
KE-000927,cattle,Zebu,F,86,H00099,A02,0
KE-000928,cattle,Zebu,F,31,H00099,A02,0
KE-000929,cattle,Ayrshire cross,F,46,H00099,A02,1
KE-000930,cattle,Sahiwal,M,81,H00099,A02,1
KE-000931,cattle,Ayrshire cross,F,10,H00099,A02,0
KE-000932,cattle,Friesian cross,M,80,H00099,A02,0
KE-000933,cattle,Zebu,F,32,H00099,A02,1
KE-000934,cattle,Ayrshire cross,F,88,H00099,A02,1
KE-000935,cattle,Ayrshire cross,F,63,H00099,A02,0
KE-000936,cattle,Ayrshire cross,M,55,H00099,A02,0
KE-000937,cattle,Sahiwal,F,106,H00099,A02,0
KE-000938,cattle,Zebu,F,75,H00099,A02,1
KE-000939,cattle,Friesian cross,F,73,H00099,A02,1
KE-000940,cattle,Ayrshire cross,F,103,H00099,A02,0
KE-000941,cattle,Zebu,F,76,H00099,A02,0
KE-000942,cattle,Friesian cross,M,27,H00100,A02,0
KE-000943,cattle,Boran,F,33,H00100,A02,1
KE-000944,cattle,Sahiwal,F,51,H00100,A02,0
KE-000945,cattle,Sahiwal,M,32,H00100,A02,1
KE-000946,cattle,Friesian cross,F,117,H00100,A02,0
KE-000947,cattle,Sahiwal,F,69,H00100,A02,0
KE-000948,cattle,Sahiwal,F,37,H00100,A02,0
KE-000949,cattle,Ayrshire cross,F,74,H00100,A02,1
KE-000950,cattle,Friesian cross,F,24,H00100,A02,1
KE-000951,cattle,Zebu,F,111,H00100,A02,0
KE-000952,cattle,Boran,F,46,H00101,A02,0
KE-000953,cattle,Zebu,F,39,H00101,A02,0
KE-000954,cattle,Ayrshire cross,M,63,H00101,A02,1
KE-000955,cattle,Zebu,F,61,H00101,A02,1
KE-000956,cattle,Ayrshire cross,F,87,H00101,A02,0
KE-000957,cattle,Sahiwal,F,53,H00101,A02,0
KE-000958,cattle,Boran,M,53,H00101,A02,0
KE-000959,cattle,Friesian cross,F,112,H00101,A02,0
KE-000960,cattle,Boran,F,92,H00101,A02,0
KE-000961,cattle,Boran,F,119,H00101,A02,0
KE-000962,cattle,Ayrshire cross,M,79,H00101,A02,0
KE-000963,cattle,Zebu,F,70,H00101,A02,1
KE-000964,cattle,Ayrshire cross,M,76,H00101,A02,0
KE-000965,cattle,Ayrshire cross,F,24,H00101,A02,0
KE-000966,cattle,Friesian cross,F,101,H00101,A02,0
KE-000967,cattle,Friesian cross,M,91,H00101,A02,1
KE-000968,cattle,Boran,F,111,H00101,A02,0
KE-000969,cattle,Ayrshire cross,F,12,H00101,A02,0
KE-000970,cattle,Sahiwal,F,40,H00102,A02,0
KE-000971,cattle,Friesian cross,F,68,H00102,A02,0
KE-000972,cattle,Boran,M,30,H00102,A02,0
KE-000973,cattle,Boran,F,40,H00102,A02,1
KE-000974,cattle,Zebu,M,60,H00102,A02,0
KE-000975,cattle,Sahiwal,F,12,H00102,A02,1
KE-000976,cattle,Zebu,F,102,H00102,A02,0
KE-000977,cattle,Sahiwal,M,42,H00103,A02,1
KE-000978,cattle,Zebu,M,101,H00103,A02,0
KE-000979,cattle,Sahiwal,F,107,H00103,A02,0
KE-000980,cattle,Boran,F,16,H00103,A02,1
KE-000981,cattle,Boran,F,13,H00103,A02,1
KE-000982,cattle,Sahiwal,F,73,H00103,A02,1
KE-000983,cattle,Ayrshire cross,M,118,H00103,A02,1
KE-000984,cattle,Ayrshire cross,F,53,H00103,A02,0
KE-000985,cattle,Sahiwal,M,47,H00103,A02,1
KE-000986,cattle,Ayrshire cross,M,43,H00103,A02,0
KE-000987,cattle,Friesian cross,F,101,H00104,A02,1
KE-000988,cattle,Ayrshire cross,F,11,H00104,A02,1
KE-000989,cattle,Boran,F,63,H00104,A02,0
KE-000990,cattle,Sahiwal,F,49,H00104,A02,0
KE-000991,cattle,Zebu,M,12,H00104,A02,1
KE-000992,cattle,Friesian cross,M,66,H00104,A02,0
KE-000993,cattle,Friesian cross,M,75,H00104,A02,1
KE-000994,cattle,Boran,M,82,H00105,A02,0
KE-000995,cattle,Friesian cross,F,56,H00105,A02,0
KE-000996,cattle,Zebu,F,67,H00105,A02,1
KE-000997,cattle,Ayrshire cross,F,25,H00105,A02,1
KE-000998,cattle,Friesian cross,F,8,H00105,A02,0
KE-000999,cattle,Boran,F,14,H00105,A02,0
KE-001000,cattle,Ayrshire cross,M,33,H00105,A02,0
KE-001001,cattle,Zebu,F,52,H00105,A02,0
KE-001002,cattle,Friesian cross,F,10,H00105,A02,1
KE-001003,cattle,Sahiwal,F,17,H00105,A02,1
KE-001004,cattle,Sahiwal,F,17,H00106,A02,0
KE-001005,cattle,Ayrshire cross,F,21,H00106,A02,1
KE-001006,cattle,Boran,M,32,H00106,A02,0
KE-001007,cattle,Zebu,F,52,H00106,A02,0
KE-001008,cattle,Sahiwal,F,77,H00106,A02,1
KE-001009,cattle,Friesian cross,F,55,H00106,A02,1
KE-001010,cattle,Ayrshire cross,F,39,H00106,A02,1
KE-001011,cattle,Ayrshire cross,M,58,H00106,A02,0
KE-001012,cattle,Sahiwal,F,28,H00106,A02,0
KE-001013,cattle,Boran,F,60,H00106,A02,1
KE-001014,cattle,Boran,M,97,H00106,A02,0
KE-001015,cattle,Ayrshire cross,F,74,H00106,A02,0
KE-001016,cattle,Sahiwal,M,28,H00106,A02,0
KE-001017,cattle,Sahiwal,M,23,H00106,A02,0
KE-001018,cattle,Zebu,F,11,H00106,A02,0
KE-001019,cattle,Boran,F,110,H00106,A02,0
KE-001020,cattle,Friesian cross,M,105,H00106,A02,0
KE-001021,cattle,Sahiwal,M,49,H00106,A02,0
KE-001022,cattle,Ayrshire cross,F,88,H00106,A02,0
KE-001023,cattle,Friesian cross,F,115,H00107,A02,0
KE-001024,cattle,Boran,F,49,H00107,A02,1
KE-001025,cattle,Boran,F,95,H00107,A02,1
KE-001026,cattle,Sahiwal,F,75,H00107,A02,0
KE-001027,cattle,Sahiwal,M,104,H00108,A02,0
KE-001028,cattle,Ayrshire cross,M,72,H00108,A02,1
KE-001029,cattle,Zebu,F,35,H00108,A02,0
KE-001030,cattle,Boran,M,75,H00108,A02,1
KE-001031,cattle,Boran,F,7,H00108,A02,0
KE-001032,cattle,Sahiwal,F,39,H00108,A02,1
KE-001033,cattle,Zebu,F,54,H00108,A02,1
KE-001034,cattle,Zebu,F,78,H00108,A02,0
KE-001035,cattle,Sahiwal,M,10,H00108,A02,0
KE-001036,cattle,Friesian cross,F,43,H00108,A02,0
KE-001037,cattle,Ayrshire cross,F,104,H00108,A02,1
KE-001038,cattle,Sahiwal,F,22,H00108,A02,0
KE-001039,cattle,Friesian cross,F,55,H00108,A02,0
KE-001040,cattle,Zebu,F,90,H00108,A02,1
KE-001041,cattle,Sahiwal,M,46,H00108,A02,0
KE-001042,cattle,Friesian cross,M,81,H00109,A02,1
KE-001043,cattle,Ayrshire cross,F,44,H00109,A02,0
KE-001044,cattle,Friesian cross,F,72,H00109,A02,1
KE-001045,cattle,Friesian cross,M,88,H00109,A02,0
KE-001046,cattle,Friesian cross,M,29,H00109,A02,0
KE-001047,cattle,Sahiwal,M,80,H00109,A02,0
KE-001048,cattle,Zebu,F,111,H00109,A02,0
KE-001049,cattle,Friesian cross,M,47,H00109,A02,0
KE-001050,cattle,Boran,F,14,H00109,A02,0
KE-001051,cattle,Sahiwal,M,106,H00109,A02,0
KE-001052,cattle,Zebu,M,95,H00109,A02,1
KE-001053,cattle,Sahiwal,M,22,H00109,A02,1
KE-001054,cattle,Sahiwal,M,74,H00109,A02,0
KE-001055,cattle,Zebu,M,35,H00110,A02,1
KE-001056,cattle,Sahiwal,F,100,H00110,A02,0
KE-001057,cattle,Ayrshire cross,F,95,H00110,A02,1
KE-001058,cattle,Boran,F,94,H00110,A02,1
KE-001059,cattle,Sahiwal,M,57,H00110,A02,0
KE-001060,cattle,Sahiwal,M,50,H00110,A02,0
KE-001061,cattle,Boran,F,55,H00110,A02,1
KE-001062,cattle,Zebu,M,43,H00110,A02,1
KE-001063,cattle,Sahiwal,F,83,H00111,A02,0
KE-001064,cattle,Friesian cross,F,22,H00111,A02,0
KE-001065,cattle,Sahiwal,F,46,H00111,A02,1
KE-001066,cattle,Sahiwal,F,99,H00111,A02,0
KE-001067,cattle,Friesian cross,F,43,H00111,A02,0
KE-001068,cattle,Zebu,F,59,H00112,A02,0
KE-001069,cattle,Sahiwal,F,22,H00112,A02,0
KE-001070,cattle,Ayrshire cross,M,61,H00112,A02,1
KE-001071,cattle,Ayrshire cross,F,112,H00112,A02,0
KE-001072,cattle,Zebu,M,99,H00112,A02,0
KE-001073,cattle,Boran,F,46,H00112,A02,0
KE-001074,cattle,Zebu,M,54,H00112,A02,1
KE-001075,cattle,Sahiwal,F,100,H00112,A02,0
KE-001076,cattle,Friesian cross,F,23,H00112,A02,0
KE-001077,cattle,Boran,M,99,H00112,A02,0
KE-001078,cattle,Sahiwal,M,36,H00112,A02,0
KE-001079,cattle,Friesian cross,F,67,H00112,A02,1
KE-001080,cattle,Boran,M,71,H00113,A02,1
KE-001081,cattle,Ayrshire cross,F,112,H00113,A02,1
KE-001082,cattle,Boran,F,79,H00113,A02,1
KE-001083,cattle,Friesian cross,F,84,H00113,A02,1
KE-001084,cattle,Friesian cross,F,90,H00113,A02,0
KE-001085,cattle,Boran,F,96,H00113,A02,0
KE-001086,cattle,Friesian cross,F,17,H00113,A02,1
KE-001087,cattle,Friesian cross,F,113,H00113,A02,0
KE-001088,cattle,Boran,F,20,H00113,A02,0
KE-001089,cattle,Sahiwal,M,71,H00114,A02,1
KE-001090,cattle,Boran,F,6,H00114,A02,0
KE-001091,cattle,Boran,M,106,H00114,A02,0
KE-001092,cattle,Ayrshire cross,F,22,H00114,A02,0
KE-001093,cattle,Sahiwal,M,41,H00114,A02,1
KE-001094,cattle,Ayrshire cross,M,42,H00114,A02,1
KE-001095,cattle,Ayrshire cross,F,115,H00114,A02,1
KE-001096,cattle,Sahiwal,F,35,H00114,A02,0
KE-001097,cattle,Friesian cross,F,18,H00114,A02,0
KE-001098,cattle,Sahiwal,F,47,H00114,A02,0
KE-001099,cattle,Ayrshire cross,F,95,H00114,A02,1
KE-001100,cattle,Friesian cross,F,67,H00114,A02,1
KE-001101,cattle,Zebu,M,18,H00114,A02,1
KE-001102,cattle,Sahiwal,F,27,H00115,A02,0
KE-001103,cattle,Friesian cross,F,56,H00115,A02,0
KE-001104,cattle,Sahiwal,F,82,H00115,A02,0
KE-001105,cattle,Ayrshire cross,F,40,H00115,A02,0
KE-001106,cattle,Ayrshire cross,F,98,H00115,A02,0
KE-001107,cattle,Ayrshire cross,F,65,H00115,A02,0
KE-001108,cattle,Zebu,F,91,H00115,A02,0
KE-001109,cattle,Sahiwal,F,48,H00115,A02,0
KE-001110,cattle,Friesian cross,F,68,H00115,A02,0
KE-001111,cattle,Boran,F,68,H00115,A02,0
KE-001112,cattle,Friesian cross,M,76,H00115,A02,0
KE-001113,cattle,Ayrshire cross,F,38,H00115,A02,0
KE-001114,cattle,Friesian cross,M,26,H00116,A02,0
KE-001115,cattle,Ayrshire cross,F,40,H00116,A02,0
KE-001116,cattle,Zebu,M,23,H00116,A02,0
KE-001117,cattle,Friesian cross,F,17,H00116,A02,0
KE-001118,cattle,Friesian cross,M,34,H00116,A02,1
KE-001119,cattle,Friesian cross,M,28,H00116,A02,1
KE-001120,cattle,Ayrshire cross,F,8,H00116,A02,0
KE-001121,cattle,Ayrshire cross,F,43,H00116,A02,0
KE-001122,cattle,Sahiwal,M,83,H00116,A02,0
KE-001123,cattle,Sahiwal,F,85,H00116,A02,1
KE-001124,cattle,Ayrshire cross,M,87,H00116,A02,0
KE-001125,cattle,Zebu,F,70,H00116,A02,0
KE-001126,cattle,Ayrshire cross,F,75,H00116,A02,0
KE-001127,cattle,Zebu,F,72,H00116,A02,0
KE-001128,cattle,Zebu,M,78,H00116,A02,0
KE-001129,cattle,Boran,F,71,H00116,A02,0
KE-001130,cattle,Sahiwal,M,13,H00116,A02,0
KE-001131,cattle,Sahiwal,F,68,H00116,A02,1
KE-001132,cattle,Sahiwal,F,74,H00116,A02,0
KE-001133,cattle,Friesian cross,M,11,H00116,A02,1
KE-001134,cattle,Ayrshire cross,F,80,H00116,A02,1
KE-001135,cattle,Boran,M,56,H00116,A02,0
KE-001136,cattle,Ayrshire cross,F,13,H00116,A02,1
KE-001137,cattle,Sahiwal,F,79,H00116,A02,1
KE-001138,cattle,Ayrshire cross,M,75,H00116,A02,0
KE-001139,cattle,Boran,F,12,H00116,A02,0
KE-001140,cattle,Friesian cross,F,26,H00116,A02,1
KE-001141,cattle,Ayrshire cross,M,18,H00116,A02,1
KE-001142,cattle,Boran,F,87,H00116,A02,0
KE-001143,cattle,Boran,M,50,H00117,A02,0
KE-001144,cattle,Boran,F,48,H00117,A02,1
KE-001145,cattle,Friesian cross,F,72,H00117,A02,0
KE-001146,cattle,Zebu,M,26,H00117,A02,0
KE-001147,cattle,Friesian cross,F,73,H00117,A02,1
KE-001148,cattle,Ayrshire cross,M,29,H00117,A02,0
KE-001149,cattle,Boran,M,21,H00117,A02,0
KE-001150,cattle,Sahiwal,F,7,H00117,A02,1
KE-001151,cattle,Boran,M,29,H00117,A02,1
KE-001152,cattle,Sahiwal,M,107,H00117,A02,0
KE-001153,cattle,Ayrshire cross,M,76,H00118,A02,0
KE-001154,cattle,Friesian cross,F,68,H00118,A02,0
KE-001155,cattle,Sahiwal,F,24,H00118,A02,0
KE-001156,cattle,Zebu,M,48,H00118,A02,0
KE-001157,cattle,Ayrshire cross,F,25,H00118,A02,0
KE-001158,cattle,Ayrshire cross,F,7,H00118,A02,1
KE-001159,cattle,Ayrshire cross,M,93,H00119,A02,0
KE-001160,cattle,Boran,F,18,H00119,A02,0
KE-001161,cattle,Boran,F,91,H00119,A02,1
KE-001162,cattle,Sahiwal,M,108,H00119,A02,1
KE-001163,cattle,Zebu,F,99,H00119,A02,1
KE-001164,cattle,Ayrshire cross,F,92,H00119,A02,0
KE-001165,cattle,Ayrshire cross,M,109,H00119,A02,1
KE-001166,cattle,Friesian cross,M,76,H00119,A02,0
KE-001167,cattle,Zebu,M,118,H00119,A02,1
KE-001168,cattle,Sahiwal,M,28,H00119,A02,0
KE-001169,cattle,Boran,F,17,H00119,A02,0
KE-001170,cattle,Zebu,F,13,H00119,A02,0
KE-001171,cattle,Ayrshire cross,M,97,H00119,A02,0
KE-001172,cattle,Ayrshire cross,M,42,H00120,A02,1
KE-001173,cattle,Boran,M,37,H00120,A02,0
KE-001174,cattle,Friesian cross,F,108,H00120,A02,0
KE-001175,cattle,Ayrshire cross,M,75,H00120,A02,0
KE-001176,cattle,Boran,M,49,H00120,A02,0
KE-001177,cattle,Ayrshire cross,M,95,H00120,A02,0
KE-001178,cattle,Sahiwal,F,13,H00120,A02,0
KE-001179,cattle,Sahiwal,M,116,H00120,A02,1
KE-001180,cattle,Friesian cross,M,49,H00120,A02,0
KE-001181,cattle,Boran,F,15,H00120,A02,1
KE-001182,cattle,Friesian cross,F,62,H00120,A02,1
KE-001183,cattle,Friesian cross,M,15,H00120,A02,0
KE-001184,cattle,Zebu,F,112,H00120,A02,0
KE-001185,cattle,Ayrshire cross,F,46,H00121,A02,0
KE-001186,cattle,Ayrshire cross,M,91,H00121,A02,0
KE-001187,cattle,Ayrshire cross,F,33,H00121,A02,1
KE-001188,cattle,Zebu,M,10,H00121,A02,0
KE-001189,cattle,Zebu,F,88,H00121,A02,0
KE-001190,cattle,Ayrshire cross,F,119,H00121,A02,0
KE-001191,cattle,Sahiwal,M,33,H00121,A02,0
KE-001192,cattle,Ayrshire cross,M,98,H00121,A02,0
KE-001193,cattle,Friesian cross,M,99,H00121,A02,1
KE-001194,cattle,Boran,M,19,H00121,A02,0
KE-001195,cattle,Friesian cross,M,65,H00121,A02,0
KE-001196,cattle,Sahiwal,F,51,H00121,A02,0
KE-001197,cattle,Friesian cross,F,92,H00121,A02,0
KE-001198,cattle,Zebu,M,88,H00121,A02,0
KE-001199,cattle,Zebu,M,13,H00121,A02,0
KE-001200,cattle,Friesian cross,M,14,H00121,A02,0
KE-001201,cattle,Sahiwal,M,65,H00121,A02,1
KE-001202,cattle,Sahiwal,F,29,H00121,A02,0
KE-001203,cattle,Sahiwal,M,85,H00121,A02,0
KE-001204,cattle,Boran,F,25,H00121,A02,1
KE-001205,cattle,Sahiwal,F,84,H00121,A02,0
KE-001206,cattle,Sahiwal,M,96,H00121,A02,1
KE-001207,cattle,Ayrshire cross,M,43,H00121,A02,0
KE-001208,cattle,Zebu,M,16,H00121,A02,0
KE-001209,cattle,Ayrshire cross,F,59,H00121,A02,0
KE-001210,cattle,Ayrshire cross,F,43,H00121,A02,0
KE-001211,cattle,Boran,M,58,H00122,A02,0
KE-001212,cattle,Ayrshire cross,F,31,H00122,A02,0
KE-001213,cattle,Friesian cross,M,119,H00122,A02,1
KE-001214,cattle,Ayrshire cross,F,34,H00122,A02,0
KE-001215,cattle,Ayrshire cross,F,72,H00122,A02,0
KE-001216,cattle,Ayrshire cross,F,34,H00122,A02,1
KE-001217,cattle,Zebu,M,79,H00122,A02,0
KE-001218,cattle,Sahiwal,M,43,H00122,A02,0
KE-001219,cattle,Boran,F,20,H00122,A02,0
KE-001220,cattle,Sahiwal,F,38,H00122,A02,1
KE-001221,cattle,Boran,F,24,H00122,A02,0
KE-001222,cattle,Sahiwal,M,26,H00122,A02,1
KE-001223,cattle,Zebu,F,41,H00122,A02,0
KE-001224,cattle,Friesian cross,F,115,H00122,A02,1
KE-001225,cattle,Zebu,F,35,H00122,A02,0
KE-001226,cattle,Ayrshire cross,M,15,H00122,A02,0
KE-001227,cattle,Zebu,M,65,H00122,A02,1
KE-001228,cattle,Friesian cross,F,94,H00122,A02,0
KE-001229,cattle,Sahiwal,F,66,H00122,A02,0
KE-001230,cattle,Sahiwal,F,9,H00123,A02,0
KE-001231,cattle,Ayrshire cross,M,58,H00123,A02,0
KE-001232,cattle,Boran,F,77,H00123,A02,1
KE-001233,cattle,Friesian cross,F,115,H00123,A02,0
KE-001234,cattle,Sahiwal,F,37,H00123,A02,0
KE-001235,cattle,Friesian cross,M,96,H00123,A02,0
KE-001236,cattle,Zebu,F,39,H00123,A02,1
KE-001237,cattle,Boran,F,91,H00123,A02,0
KE-001238,cattle,Sahiwal,M,25,H00123,A02,0
KE-001239,cattle,Friesian cross,F,106,H00123,A02,0
KE-001240,cattle,Friesian cross,F,34,H00123,A02,1
KE-001241,cattle,Boran,F,36,H00123,A02,1
KE-001242,cattle,Sahiwal,M,50,H00123,A02,0
KE-001243,cattle,Zebu,F,84,H00123,A02,1
KE-001244,cattle,Zebu,F,99,H00124,A02,1
KE-001245,cattle,Boran,M,12,H00124,A02,0
KE-001246,cattle,Friesian cross,F,80,H00124,A02,0
KE-001247,cattle,Sahiwal,F,58,H00124,A02,0
KE-001248,cattle,Zebu,F,79,H00124,A02,1
KE-001249,cattle,Sahiwal,F,82,H00124,A02,1
KE-001250,cattle,Boran,F,23,H00124,A02,1
KE-001251,cattle,Ayrshire cross,F,85,H00124,A02,0
KE-001252,cattle,Boran,F,38,H00124,A02,0
KE-001253,cattle,Zebu,F,49,H00124,A02,0
KE-001254,cattle,Sahiwal,M,119,H00124,A02,1
KE-001255,cattle,Friesian cross,F,92,H00124,A02,1
KE-001256,cattle,Boran,F,81,H00124,A02,0
KE-001257,cattle,Zebu,F,100,H00124,A02,0
KE-001258,cattle,Friesian cross,F,47,H00124,A02,0
KE-001259,cattle,Sahiwal,F,114,H00124,A02,1
KE-001260,cattle,Sahiwal,M,84,H00124,A02,0
KE-001261,cattle,Ayrshire cross,F,71,H00124,A02,0
KE-001262,cattle,Ayrshire cross,M,99,H00124,A02,0
KE-001263,cattle,Sahiwal,F,57,H00124,A02,0
KE-001264,cattle,Sahiwal,F,23,H00124,A02,0
KE-001265,cattle,Friesian cross,M,80,H00124,A02,0
KE-001266,cattle,Boran,M,103,H00124,A02,0
KE-001267,cattle,Ayrshire cross,F,7,H00124,A02,1
KE-001268,cattle,Friesian cross,F,12,H00124,A02,0
KE-001269,cattle,Sahiwal,M,90,H00124,A02,0
KE-001270,cattle,Sahiwal,F,107,H00124,A02,0
KE-001271,cattle,Boran,M,101,H00125,A02,1
KE-001272,cattle,Friesian cross,M,19,H00125,A02,1
KE-001273,cattle,Sahiwal,F,48,H00125,A02,1
KE-001274,cattle,Zebu,M,8,H00125,A02,0
KE-001275,cattle,Sahiwal,F,110,H00125,A02,1
KE-001276,cattle,Ayrshire cross,F,54,H00125,A02,1
KE-001277,cattle,Friesian cross,M,94,H00126,A02,0
KE-001278,cattle,Sahiwal,F,50,H00126,A02,1
KE-001279,cattle,Zebu,F,36,H00126,A02,0
KE-001280,cattle,Boran,M,68,H00126,A02,1
KE-001281,cattle,Zebu,F,9,H00126,A02,1
KE-001282,cattle,Friesian cross,M,71,H00126,A02,0
KE-001283,cattle,Friesian cross,F,78,H00126,A02,1
KE-001284,cattle,Ayrshire cross,F,51,H00126,A02,0
KE-001285,cattle,Zebu,F,61,H00127,A02,1
KE-001286,cattle,Sahiwal,M,21,H00127,A02,1
KE-001287,cattle,Sahiwal,F,7,H00127,A02,0
KE-001288,cattle,Boran,F,65,H00127,A02,0
KE-001289,cattle,Ayrshire cross,M,13,H00127,A02,1
KE-001290,cattle,Boran,F,9,H00127,A02,1
KE-001291,cattle,Ayrshire cross,M,16,H00127,A02,0
KE-001292,cattle,Boran,F,33,H00128,A02,0
KE-001293,cattle,Friesian cross,F,13,H00128,A02,0
KE-001294,cattle,Boran,M,75,H00128,A02,0
KE-001295,cattle,Sahiwal,F,13,H00128,A02,0
KE-001296,cattle,Zebu,F,21,H00128,A02,1
KE-001297,cattle,Sahiwal,M,102,H00128,A02,0
KE-001298,cattle,Ayrshire cross,M,116,H00128,A02,1
KE-001299,cattle,Boran,F,47,H00128,A02,1
KE-001300,cattle,Sahiwal,F,49,H00128,A02,0
KE-001301,cattle,Sahiwal,M,52,H00129,A02,0
KE-001302,cattle,Friesian cross,M,21,H00129,A02,1
KE-001303,cattle,Zebu,F,12,H00129,A02,0
KE-001304,cattle,Boran,F,44,H00129,A02,1
KE-001305,cattle,Sahiwal,F,33,H00129,A02,0
KE-001306,cattle,Boran,F,19,H00130,A02,0
KE-001307,cattle,Zebu,F,88,H00130,A02,1
KE-001308,cattle,Ayrshire cross,M,34,H00130,A02,1
KE-001309,cattle,Ayrshire cross,F,26,H00130,A02,1
KE-001310,cattle,Friesian cross,F,23,H00130,A02,0
KE-001311,cattle,Zebu,M,75,H00130,A02,0
KE-001312,cattle,Friesian cross,M,43,H00130,A02,0
KE-001313,cattle,Friesian cross,M,97,H00130,A02,0
KE-001314,cattle,Ayrshire cross,F,38,H00130,A02,1
KE-001315,cattle,Sahiwal,F,57,H00130,A02,1
KE-001316,cattle,Zebu,M,112,H00130,A02,0
KE-001317,cattle,Ayrshire cross,F,44,H00130,A02,0
KE-001318,cattle,Ayrshire cross,F,80,H00130,A02,0
KE-001319,cattle,Ayrshire cross,M,45,H00130,A02,0
KE-001320,cattle,Zebu,F,54,H00130,A02,0
KE-001321,cattle,Friesian cross,M,54,H00130,A02,0
KE-001322,cattle,Sahiwal,F,46,H00130,A02,0
KE-001323,cattle,Boran,F,10,H00131,A02,0
KE-001324,cattle,Friesian cross,F,81,H00131,A02,0
KE-001325,cattle,Boran,F,88,H00131,A02,0
KE-001326,cattle,Friesian cross,M,75,H00131,A02,1
KE-001327,cattle,Ayrshire cross,F,28,H00131,A02,1
KE-001328,cattle,Boran,M,53,H00131,A02,1
KE-001329,cattle,Ayrshire cross,M,58,H00131,A02,0
KE-001330,cattle,Sahiwal,F,62,H00131,A02,1
KE-001331,cattle,Zebu,M,22,H00131,A02,0
KE-001332,cattle,Boran,F,39,H00131,A02,0
KE-001333,cattle,Sahiwal,M,9,H00132,A02,0
KE-001334,cattle,Friesian cross,F,74,H00132,A02,1
KE-001335,cattle,Friesian cross,M,66,H00132,A02,1
KE-001336,cattle,Sahiwal,F,55,H00132,A02,1
KE-001337,cattle,Zebu,F,70,H00132,A02,0
KE-001338,cattle,Friesian cross,F,18,H00133,A02,1
KE-001339,cattle,Zebu,F,57,H00133,A02,0
KE-001340,cattle,Ayrshire cross,M,61,H00133,A02,1
KE-001341,cattle,Sahiwal,F,46,H00133,A02,0
KE-001342,cattle,Ayrshire cross,M,82,H00133,A02,0
KE-001343,cattle,Ayrshire cross,F,78,H00133,A02,1
KE-001344,cattle,Boran,F,96,H00134,A02,1
KE-001345,cattle,Zebu,M,112,H00134,A02,0
KE-001346,cattle,Zebu,M,49,H00134,A02,1
KE-001347,cattle,Sahiwal,F,54,H00134,A02,0
KE-001348,cattle,Sahiwal,M,110,H00134,A02,1
KE-001349,cattle,Ayrshire cross,F,60,H00134,A02,0
KE-001350,cattle,Sahiwal,F,21,H00134,A02,0
KE-001351,cattle,Friesian cross,M,57,H00134,A02,1
KE-001352,cattle,Boran,F,97,H00134,A02,1
KE-001353,cattle,Ayrshire cross,F,58,H00134,A02,0
KE-001354,cattle,Ayrshire cross,F,8,H00134,A02,0
KE-001355,cattle,Friesian cross,M,29,H00134,A02,0
KE-001356,cattle,Sahiwal,M,12,H00134,A02,1
KE-001357,cattle,Friesian cross,F,50,H00134,A02,0
KE-001358,cattle,Boran,F,69,H00135,A02,0
KE-001359,cattle,Zebu,M,44,H00135,A02,0
KE-001360,cattle,Ayrshire cross,M,111,H00135,A02,0
KE-001361,cattle,Friesian cross,M,21,H00135,A02,0
KE-001362,cattle,Ayrshire cross,F,79,H00135,A02,0
KE-001363,cattle,Ayrshire cross,F,29,H00135,A02,0
KE-001364,cattle,Friesian cross,M,24,H00135,A02,1
KE-001365,cattle,Boran,M,85,H00135,A02,1
KE-001366,cattle,Boran,F,86,H00135,A02,0
KE-001367,cattle,Boran,F,114,H00135,A02,0
KE-001368,cattle,Boran,F,63,H00135,A02,0
KE-001369,cattle,Ayrshire cross,F,61,H00135,A02,1
KE-001370,cattle,Zebu,M,49,H00135,A02,1
KE-001371,cattle,Friesian cross,F,74,H00135,A02,0
KE-001372,cattle,Friesian cross,F,72,H00135,A02,1
KE-001373,cattle,Sahiwal,M,55,H00135,A02,0
KE-001374,cattle,Sahiwal,M,59,H00135,A02,0
KE-001375,cattle,Zebu,F,54,H00135,A02,1
KE-001376,cattle,Sahiwal,M,87,H00135,A02,0
KE-001377,cattle,Boran,F,106,H00136,A02,1
KE-001378,cattle,Ayrshire cross,M,78,H00136,A02,0
KE-001379,cattle,Sahiwal,M,62,H00136,A02,0
KE-001380,cattle,Friesian cross,M,110,H00136,A02,0
KE-001381,cattle,Friesian cross,F,37,H00136,A02,1
KE-001382,cattle,Sahiwal,F,113,H00136,A02,0
KE-001383,cattle,Sahiwal,F,45,H00136,A02,0
KE-001384,cattle,Sahiwal,M,20,H00136,A02,0
KE-001385,cattle,Friesian cross,F,55,H00136,A02,0
KE-001386,cattle,Boran,M,86,H00136,A02,1
KE-001387,cattle,Zebu,M,116,H00136,A02,1
KE-001388,cattle,Friesian cross,F,29,H00136,A02,0
KE-001389,cattle,Zebu,F,39,H00136,A02,0
KE-001390,cattle,Boran,M,105,H00136,A02,0
KE-001391,cattle,Friesian cross,M,25,H00136,A02,1
KE-001392,cattle,Boran,M,20,H00136,A02,1
KE-001393,cattle,Sahiwal,F,21,H00136,A02,1
KE-001394,cattle,Boran,F,21,H00136,A02,0
KE-001395,cattle,Sahiwal,F,96,H00136,A02,0
KE-001396,cattle,Sahiwal,F,98,H00136,A02,1
KE-001397,cattle,Boran,F,6,H00136,A02,1
KE-001398,cattle,Boran,M,88,H00136,A02,1
KE-001399,cattle,Sahiwal,F,79,H00136,A02,1
KE-001400,cattle,Zebu,F,92,H00136,A02,0
KE-001401,cattle,Sahiwal,F,66,H00136,A02,0
KE-001402,cattle,Zebu,M,29,H00136,A02,0
KE-001403,cattle,Boran,F,44,H00136,A02,0
KE-001404,cattle,Sahiwal,F,95,H00136,A02,1
KE-001405,cattle,Zebu,F,19,H00136,A02,0
KE-001406,cattle,Ayrshire cross,F,21,H00136,A02,0
KE-001407,cattle,Zebu,M,18,H00136,A02,0
KE-001408,cattle,Friesian cross,F,50,H00136,A02,1
KE-001409,cattle,Ayrshire cross,F,103,H00136,A02,0
KE-001410,cattle,Friesian cross,M,109,H00136,A02,0
KE-001411,cattle,Ayrshire cross,F,31,H00136,A02,0
KE-001412,cattle,Sahiwal,M,59,H00136,A02,0
KE-001413,cattle,Boran,F,39,H00136,A02,0
KE-001414,cattle,Sahiwal,M,37,H00137,A02,0
KE-001415,cattle,Friesian cross,M,59,H00137,A02,0
KE-001416,cattle,Boran,F,87,H00137,A02,0
KE-001417,cattle,Zebu,F,87,H00137,A02,0
KE-001418,cattle,Sahiwal,F,103,H00137,A02,0
KE-001419,cattle,Friesian cross,M,114,H00137,A02,0
KE-001420,cattle,Boran,M,75,H00137,A02,0
KE-001421,cattle,Sahiwal,F,19,H00137,A02,0
KE-001422,cattle,Zebu,F,54,H00137,A02,1
KE-001423,cattle,Friesian cross,F,92,H00137,A02,0
KE-001424,cattle,Friesian cross,M,89,H00137,A02,0
KE-001425,cattle,Ayrshire cross,M,35,H00137,A02,1
KE-001426,cattle,Zebu,F,118,H00137,A02,0
KE-001427,cattle,Zebu,F,102,H00137,A02,0
KE-001428,cattle,Boran,F,7,H00137,A02,0
KE-001429,cattle,Boran,F,48,H00137,A02,0
KE-001430,cattle,Boran,F,43,H00137,A02,0
KE-001431,cattle,Ayrshire cross,F,94,H00137,A02,0
KE-001432,cattle,Zebu,F,11,H00137,A02,0
KE-001433,cattle,Friesian cross,F,95,H00137,A02,1
KE-001434,cattle,Zebu,F,91,H00137,A02,0
KE-001435,cattle,Friesian cross,M,89,H00137,A02,1
KE-001436,cattle,Zebu,M,40,H00137,A02,0
KE-001437,cattle,Zebu,F,11,H00137,A02,1
KE-001438,cattle,Boran,F,119,H00137,A02,1
KE-001439,cattle,Boran,F,64,H00137,A02,1
KE-001440,cattle,Sahiwal,M,119,H00137,A02,1
KE-001441,cattle,Sahiwal,F,57,H00137,A02,1
KE-001442,cattle,Ayrshire cross,F,72,H00137,A02,0
KE-001443,cattle,Zebu,F,107,H00137,A02,0
KE-001444,cattle,Friesian cross,F,65,H00137,A02,0
KE-001445,cattle,Ayrshire cross,F,10,H00137,A02,0
KE-001446,cattle,Ayrshire cross,M,37,H00137,A02,1
KE-001447,cattle,Boran,F,101,H00137,A02,1
KE-001448,cattle,Boran,M,49,H00137,A02,1
KE-001449,cattle,Sahiwal,F,105,H00137,A02,0
KE-001450,cattle,Sahiwal,F,46,H00137,A02,0
KE-001451,cattle,Sahiwal,M,55,H00137,A02,0
KE-001452,cattle,Friesian cross,F,63,H00137,A02,0
KE-001453,cattle,Zebu,F,85,H00137,A02,0
KE-001454,cattle,Zebu,F,75,H00137,A02,0
KE-001455,cattle,Boran,M,56,H00137,A02,0
KE-001456,cattle,Boran,M,115,H00137,A02,0
KE-001457,cattle,Friesian cross,F,91,H00137,A02,0
KE-001458,cattle,Friesian cross,F,35,H00137,A02,0
KE-001459,cattle,Ayrshire cross,F,104,H00137,A02,1
KE-001460,cattle,Friesian cross,F,84,H00137,A02,0
KE-001461,cattle,Ayrshire cross,F,119,H00137,A02,1
KE-001462,cattle,Ayrshire cross,F,36,H00137,A02,0
KE-001463,cattle,Sahiwal,F,7,H00137,A02,1
KE-001464,cattle,Zebu,M,24,H00137,A02,1
KE-001465,cattle,Friesian cross,F,104,H00137,A02,1
KE-001466,cattle,Zebu,M,7,H00137,A02,1
KE-001467,cattle,Sahiwal,F,64,H00137,A02,0
KE-001468,cattle,Friesian cross,F,20,H00137,A02,0
KE-001469,cattle,Ayrshire cross,F,33,H00137,A02,0
KE-001470,cattle,Zebu,F,37,H00137,A02,0
KE-001471,cattle,Friesian cross,M,7,H00137,A02,0
KE-001472,cattle,Sahiwal,F,72,H00137,A02,0
KE-001473,cattle,Friesian cross,F,83,H00137,A02,0
KE-001474,cattle,Friesian cross,M,72,H00137,A02,1
KE-001475,cattle,Sahiwal,M,19,H00137,A02,0
KE-001476,cattle,Boran,F,50,H00137,A02,0
KE-001477,cattle,Sahiwal,F,29,H00137,A02,0
KE-001478,cattle,Boran,F,17,H00138,A02,1
KE-001479,cattle,Ayrshire cross,F,110,H00138,A02,0
KE-001480,cattle,Sahiwal,M,118,H00138,A02,0
KE-001481,cattle,Zebu,F,65,H00138,A02,0
KE-001482,cattle,Friesian cross,M,115,H00138,A02,0
KE-001483,cattle,Sahiwal,M,43,H00138,A02,1
KE-001484,cattle,Ayrshire cross,F,102,H00138,A02,0
KE-001485,cattle,Friesian cross,F,97,H00138,A02,1
KE-001486,cattle,Ayrshire cross,F,102,H00138,A02,1
KE-001487,cattle,Friesian cross,F,64,H00138,A02,0
KE-001488,cattle,Boran,F,21,H00138,A02,0
KE-001489,cattle,Friesian cross,F,10,H00138,A02,0
KE-001490,cattle,Boran,F,107,H00138,A02,0
KE-001491,cattle,Sahiwal,F,31,H00138,A02,0
KE-001492,cattle,Ayrshire cross,F,107,H00138,A02,0
KE-001493,cattle,Sahiwal,F,57,H00139,A02,0
KE-001494,cattle,Ayrshire cross,F,99,H00139,A02,1
KE-001495,cattle,Friesian cross,F,45,H00139,A02,0
KE-001496,cattle,Sahiwal,F,69,H00139,A02,0
KE-001497,cattle,Sahiwal,F,117,H00139,A02,0
KE-001498,cattle,Ayrshire cross,F,62,H00139,A02,0
KE-001499,cattle,Sahiwal,F,75,H00139,A02,1
KE-001500,cattle,Friesian cross,F,103,H00140,A02,0
KE-001501,cattle,Boran,M,77,H00140,A02,0
KE-001502,cattle,Sahiwal,F,101,H00140,A02,0
KE-001503,cattle,Ayrshire cross,F,50,H00140,A02,0
KE-001504,cattle,Boran,F,20,H00141,A02,0
KE-001505,cattle,Zebu,F,9,H00141,A02,0
KE-001506,cattle,Boran,M,71,H00141,A02,0
KE-001507,cattle,Friesian cross,M,103,H00141,A02,1
KE-001508,cattle,Friesian cross,F,117,H00141,A02,0
KE-001509,cattle,Zebu,F,96,H00141,A02,0
KE-001510,cattle,Boran,F,47,H00141,A02,1
KE-001511,cattle,Ayrshire cross,F,16,H00141,A02,0
KE-001512,cattle,Boran,F,65,H00141,A02,0
KE-001513,cattle,Boran,F,7,H00141,A02,0
KE-001514,cattle,Sahiwal,F,109,H00141,A02,1
KE-001515,cattle,Zebu,M,97,H00141,A02,0
KE-001516,cattle,Ayrshire cross,F,33,H00141,A02,0
KE-001517,cattle,Sahiwal,M,109,H00141,A02,1
KE-001518,cattle,Ayrshire cross,M,79,H00142,A02,0
KE-001519,cattle,Sahiwal,F,99,H00142,A02,1
KE-001520,cattle,Boran,F,72,H00142,A02,0
KE-001521,cattle,Boran,F,64,H00142,A02,0
KE-001522,cattle,Boran,F,68,H00142,A02,0
KE-001523,cattle,Zebu,F,49,H00142,A02,0
KE-001524,cattle,Zebu,M,12,H00142,A02,0
KE-001525,cattle,Boran,M,57,H00143,A03,0
KE-001526,cattle,Zebu,F,102,H00143,A03,1
KE-001527,cattle,Boran,F,87,H00143,A03,0
KE-001528,cattle,Boran,M,69,H00143,A03,1
KE-001529,cattle,Boran,F,69,H00143,A03,0
KE-001530,cattle,Zebu,F,81,H00143,A03,0
KE-001531,cattle,Boran,M,106,H00143,A03,0
KE-001532,cattle,Boran,F,114,H00143,A03,0
KE-001533,cattle,Friesian cross,F,25,H00143,A03,1
KE-001534,cattle,Boran,F,18,H00144,A03,1
KE-001535,cattle,Friesian cross,F,78,H00144,A03,1
KE-001536,cattle,Boran,M,116,H00144,A03,0
KE-001537,cattle,Zebu,F,61,H00144,A03,0
KE-001538,cattle,Zebu,F,69,H00144,A03,0
KE-001539,cattle,Friesian cross,M,76,H00144,A03,0
KE-001540,cattle,Sahiwal,F,76,H00144,A03,0
KE-001541,cattle,Zebu,F,51,H00144,A03,1
KE-001542,cattle,Zebu,M,78,H00145,A03,0
KE-001543,cattle,Friesian cross,M,86,H00145,A03,0
KE-001544,cattle,Boran,F,44,H00145,A03,1
KE-001545,cattle,Friesian cross,F,31,H00145,A03,1
KE-001546,cattle,Zebu,M,114,H00145,A03,0
KE-001547,cattle,Sahiwal,F,86,H00145,A03,1
KE-001548,cattle,Boran,F,44,H00145,A03,1
KE-001549,cattle,Sahiwal,F,30,H00145,A03,1
KE-001550,cattle,Ayrshire cross,F,109,H00145,A03,1
KE-001551,cattle,Sahiwal,F,66,H00145,A03,0
KE-001552,cattle,Friesian cross,F,10,H00145,A03,0
KE-001553,cattle,Sahiwal,F,83,H00146,A03,0
KE-001554,cattle,Boran,F,45,H00146,A03,0
KE-001555,cattle,Ayrshire cross,F,8,H00146,A03,0
KE-001556,cattle,Ayrshire cross,F,18,H00146,A03,0
KE-001557,cattle,Sahiwal,M,51,H00146,A03,0
KE-001558,cattle,Friesian cross,F,115,H00146,A03,1
KE-001559,cattle,Friesian cross,F,75,H00146,A03,0
KE-001560,cattle,Sahiwal,F,42,H00146,A03,1
KE-001561,cattle,Zebu,F,23,H00146,A03,0
KE-001562,cattle,Sahiwal,F,7,H00146,A03,0
KE-001563,cattle,Sahiwal,F,47,H00146,A03,0
KE-001564,cattle,Ayrshire cross,F,42,H00146,A03,0
KE-001565,cattle,Zebu,M,90,H00146,A03,0
KE-001566,cattle,Friesian cross,M,48,H00146,A03,0
KE-001567,cattle,Sahiwal,M,81,H00146,A03,0
KE-001568,cattle,Ayrshire cross,F,106,H00146,A03,0
KE-001569,cattle,Boran,F,37,H00146,A03,0
KE-001570,cattle,Boran,F,96,H00146,A03,0
KE-001571,cattle,Sahiwal,F,44,H00146,A03,1
KE-001572,cattle,Sahiwal,F,109,H00146,A03,0
KE-001573,cattle,Friesian cross,M,33,H00146,A03,0
KE-001574,cattle,Zebu,F,85,H00146,A03,0
KE-001575,cattle,Boran,F,109,H00147,A03,1
KE-001576,cattle,Ayrshire cross,M,36,H00147,A03,0
KE-001577,cattle,Sahiwal,F,68,H00147,A03,0
KE-001578,cattle,Friesian cross,M,94,H00147,A03,0
KE-001579,cattle,Ayrshire cross,M,87,H00147,A03,0
KE-001580,cattle,Friesian cross,F,116,H00147,A03,0
KE-001581,cattle,Sahiwal,F,87,H00147,A03,1
KE-001582,cattle,Ayrshire cross,F,68,H00147,A03,0
KE-001583,cattle,Zebu,F,46,H00147,A03,0
KE-001584,cattle,Sahiwal,F,51,H00147,A03,0
KE-001585,cattle,Zebu,F,67,H00147,A03,0
KE-001586,cattle,Ayrshire cross,M,70,H00147,A03,0
KE-001587,cattle,Friesian cross,M,34,H00147,A03,0
KE-001588,cattle,Ayrshire cross,M,9,H00148,A03,1
KE-001589,cattle,Friesian cross,M,95,H00148,A03,0
KE-001590,cattle,Boran,F,116,H00148,A03,0
KE-001591,cattle,Ayrshire cross,F,42,H00148,A03,0
KE-001592,cattle,Ayrshire cross,F,12,H00148,A03,1
KE-001593,cattle,Ayrshire cross,F,20,H00148,A03,0
KE-001594,cattle,Zebu,M,65,H00148,A03,0
KE-001595,cattle,Ayrshire cross,F,89,H00148,A03,0
KE-001596,cattle,Sahiwal,M,90,H00148,A03,0
KE-001597,cattle,Sahiwal,F,74,H00148,A03,0
KE-001598,cattle,Friesian cross,M,57,H00148,A03,1
KE-001599,cattle,Zebu,F,6,H00149,A03,1
KE-001600,cattle,Ayrshire cross,F,117,H00149,A03,0
KE-001601,cattle,Friesian cross,M,33,H00149,A03,0
KE-001602,cattle,Sahiwal,F,9,H00149,A03,0
KE-001603,cattle,Sahiwal,M,118,H00149,A03,1
KE-001604,cattle,Ayrshire cross,F,61,H00149,A03,0
KE-001605,cattle,Zebu,F,74,H00150,A03,0
KE-001606,cattle,Ayrshire cross,F,108,H00150,A03,1
KE-001607,cattle,Zebu,F,29,H00150,A03,1
KE-001608,cattle,Sahiwal,F,77,H00150,A03,0
KE-001609,cattle,Zebu,M,107,H00151,A03,0
KE-001610,cattle,Boran,F,28,H00151,A03,1
KE-001611,cattle,Boran,M,115,H00151,A03,0
KE-001612,cattle,Zebu,F,43,H00151,A03,1
KE-001613,cattle,Ayrshire cross,F,117,H00151,A03,0
KE-001614,cattle,Ayrshire cross,F,54,H00151,A03,0
KE-001615,cattle,Zebu,F,103,H00151,A03,0
KE-001616,cattle,Zebu,F,52,H00151,A03,1
KE-001617,cattle,Boran,F,37,H00151,A03,0
KE-001618,cattle,Boran,M,98,H00152,A03,0
KE-001619,cattle,Zebu,M,54,H00152,A03,0
KE-001620,cattle,Friesian cross,F,30,H00152,A03,0
KE-001621,cattle,Zebu,F,96,H00152,A03,1
KE-001622,cattle,Sahiwal,F,119,H00152,A03,0
KE-001623,cattle,Friesian cross,M,98,H00152,A03,0
KE-001624,cattle,Ayrshire cross,F,29,H00152,A03,0
KE-001625,cattle,Boran,F,91,H00152,A03,1
KE-001626,cattle,Ayrshire cross,F,43,H00152,A03,0
KE-001627,cattle,Sahiwal,M,101,H00152,A03,0
KE-001628,cattle,Boran,F,36,H00152,A03,1
KE-001629,cattle,Boran,F,32,H00153,A03,1
KE-001630,cattle,Ayrshire cross,F,35,H00153,A03,1
KE-001631,cattle,Friesian cross,F,36,H00153,A03,0
KE-001632,cattle,Ayrshire cross,F,70,H00153,A03,1
KE-001633,cattle,Ayrshire cross,F,115,H00153,A03,0
KE-001634,cattle,Boran,M,66,H00153,A03,0
KE-001635,cattle,Sahiwal,M,49,H00153,A03,1
KE-001636,cattle,Zebu,F,80,H00153,A03,1
KE-001637,cattle,Zebu,M,114,H00153,A03,1
KE-001638,cattle,Ayrshire cross,F,119,H00153,A03,0
KE-001639,cattle,Ayrshire cross,F,103,H00153,A03,0
KE-001640,cattle,Sahiwal,F,81,H00153,A03,0
KE-001641,cattle,Boran,M,41,H00153,A03,1
KE-001642,cattle,Sahiwal,M,32,H00153,A03,1
KE-001643,cattle,Friesian cross,M,54,H00153,A03,0
KE-001644,cattle,Sahiwal,M,16,H00153,A03,0
KE-001645,cattle,Boran,M,44,H00153,A03,0
KE-001646,cattle,Zebu,F,74,H00153,A03,0
KE-001647,cattle,Boran,F,119,H00153,A03,0
KE-001648,cattle,Boran,M,90,H00153,A03,0
KE-001649,cattle,Sahiwal,F,28,H00153,A03,0
KE-001650,cattle,Zebu,F,57,H00153,A03,0
KE-001651,cattle,Boran,F,112,H00153,A03,0
KE-001652,cattle,Friesian cross,F,28,H00153,A03,1
KE-001653,cattle,Boran,F,63,H00153,A03,0
KE-001654,cattle,Boran,F,80,H00153,A03,1
KE-001655,cattle,Zebu,M,19,H00153,A03,0
KE-001656,cattle,Sahiwal,F,43,H00153,A03,0
KE-001657,cattle,Zebu,F,84,H00153,A03,1
KE-001658,cattle,Boran,F,51,H00153,A03,1
KE-001659,cattle,Zebu,M,24,H00153,A03,0
KE-001660,cattle,Sahiwal,F,36,H00153,A03,0
KE-001661,cattle,Zebu,M,96,H00154,A03,1
KE-001662,cattle,Sahiwal,M,106,H00154,A03,0
KE-001663,cattle,Boran,F,48,H00154,A03,1
KE-001664,cattle,Sahiwal,F,117,H00154,A03,0
KE-001665,cattle,Friesian cross,F,67,H00154,A03,1
KE-001666,cattle,Zebu,F,77,H00154,A03,0
KE-001667,cattle,Ayrshire cross,F,81,H00154,A03,0
KE-001668,cattle,Ayrshire cross,M,13,H00154,A03,0
KE-001669,cattle,Ayrshire cross,F,37,H00154,A03,1
KE-001670,cattle,Sahiwal,F,28,H00154,A03,1
KE-001671,cattle,Sahiwal,F,81,H00154,A03,1
KE-001672,cattle,Zebu,F,42,H00154,A03,0
KE-001673,cattle,Ayrshire cross,F,40,H00154,A03,1
KE-001674,cattle,Friesian cross,F,48,H00155,A03,0
KE-001675,cattle,Ayrshire cross,F,47,H00155,A03,0
KE-001676,cattle,Zebu,F,102,H00155,A03,1
KE-001677,cattle,Sahiwal,M,86,H00155,A03,0
KE-001678,cattle,Friesian cross,M,118,H00155,A03,1
KE-001679,cattle,Ayrshire cross,F,95,H00155,A03,0
KE-001680,cattle,Sahiwal,M,64,H00155,A03,0
KE-001681,cattle,Friesian cross,F,67,H00155,A03,0
KE-001682,cattle,Zebu,M,109,H00155,A03,1
KE-001683,cattle,Friesian cross,M,106,H00155,A03,0
KE-001684,cattle,Zebu,F,8,H00155,A03,1
KE-001685,cattle,Ayrshire cross,F,42,H00155,A03,0
KE-001686,cattle,Friesian cross,M,46,H00155,A03,0
KE-001687,cattle,Zebu,F,8,H00155,A03,0
KE-001688,cattle,Zebu,F,92,H00155,A03,0
KE-001689,cattle,Sahiwal,M,75,H00155,A03,0
KE-001690,cattle,Boran,F,15,H00155,A03,1
KE-001691,cattle,Boran,M,112,H00155,A03,0
KE-001692,cattle,Ayrshire cross,F,19,H00155,A03,1
KE-001693,cattle,Boran,F,47,H00155,A03,0
KE-001694,cattle,Friesian cross,F,22,H00156,A03,0
KE-001695,cattle,Friesian cross,F,84,H00156,A03,0
KE-001696,cattle,Zebu,F,79,H00156,A03,0
KE-001697,cattle,Boran,F,106,H00156,A03,0
KE-001698,cattle,Ayrshire cross,F,57,H00156,A03,0
KE-001699,cattle,Friesian cross,F,20,H00156,A03,0
KE-001700,cattle,Sahiwal,F,37,H00156,A03,0
KE-001701,cattle,Zebu,F,41,H00156,A03,0
KE-001702,cattle,Boran,F,116,H00156,A03,1
KE-001703,cattle,Zebu,F,11,H00157,A03,0
KE-001704,cattle,Ayrshire cross,M,112,H00157,A03,1
KE-001705,cattle,Boran,F,116,H00157,A03,1
KE-001706,cattle,Friesian cross,F,54,H00157,A03,0
KE-001707,cattle,Sahiwal,M,47,H00157,A03,0
KE-001708,cattle,Ayrshire cross,F,108,H00157,A03,0
KE-001709,cattle,Boran,M,21,H00158,A03,0
KE-001710,cattle,Sahiwal,M,38,H00158,A03,1
KE-001711,cattle,Zebu,F,41,H00158,A03,1
KE-001712,cattle,Friesian cross,F,60,H00158,A03,1
KE-001713,cattle,Boran,F,10,H00158,A03,0
KE-001714,cattle,Friesian cross,F,71,H00158,A03,0
KE-001715,cattle,Ayrshire cross,F,86,H00158,A03,1
KE-001716,cattle,Zebu,F,80,H00159,A03,0
KE-001717,cattle,Friesian cross,M,108,H00159,A03,1
KE-001718,cattle,Boran,F,16,H00159,A03,0
KE-001719,cattle,Sahiwal,M,110,H00159,A03,1
KE-001720,cattle,Boran,F,101,H00159,A03,0
KE-001721,cattle,Zebu,F,68,H00159,A03,1
KE-001722,cattle,Ayrshire cross,F,115,H00159,A03,0
KE-001723,cattle,Sahiwal,F,46,H00159,A03,0
KE-001724,cattle,Zebu,F,13,H00160,A03,0
KE-001725,cattle,Sahiwal,F,68,H00160,A03,1
KE-001726,cattle,Sahiwal,F,31,H00160,A03,1
KE-001727,cattle,Boran,M,30,H00160,A03,0
KE-001728,cattle,Ayrshire cross,F,108,H00160,A03,1
KE-001729,cattle,Friesian cross,M,119,H00160,A03,0
KE-001730,cattle,Zebu,F,35,H00160,A03,0
KE-001731,cattle,Zebu,F,67,H00160,A03,0
KE-001732,cattle,Friesian cross,F,71,H00160,A03,1
KE-001733,cattle,Ayrshire cross,M,93,H00160,A03,1
KE-001734,cattle,Boran,M,73,H00160,A03,0
KE-001735,cattle,Sahiwal,M,29,H00160,A03,0
KE-001736,cattle,Zebu,F,17,H00160,A03,1
KE-001737,cattle,Boran,F,38,H00160,A03,0
KE-001738,cattle,Sahiwal,M,27,H00160,A03,1
KE-001739,cattle,Zebu,M,74,H00160,A03,0
KE-001740,cattle,Sahiwal,M,79,H00160,A03,1
KE-001741,cattle,Ayrshire cross,F,7,H00160,A03,1
KE-001742,cattle,Sahiwal,F,46,H00160,A03,0
KE-001743,cattle,Zebu,M,106,H00160,A03,0
KE-001744,cattle,Friesian cross,F,23,H00160,A03,0
KE-001745,cattle,Friesian cross,F,79,H00160,A03,0
KE-001746,cattle,Zebu,F,61,H00160,A03,1
KE-001747,cattle,Zebu,F,53,H00160,A03,0
KE-001748,cattle,Zebu,M,67,H00160,A03,0
KE-001749,cattle,Ayrshire cross,M,18,H00160,A03,0
KE-001750,cattle,Boran,F,71,H00160,A03,0
KE-001751,cattle,Sahiwal,F,114,H00160,A03,1
KE-001752,cattle,Boran,M,26,H00160,A03,0
KE-001753,cattle,Zebu,M,26,H00160,A03,0
KE-001754,cattle,Ayrshire cross,F,58,H00160,A03,0
KE-001755,cattle,Boran,F,60,H00160,A03,0
KE-001756,cattle,Zebu,F,109,H00160,A03,0
KE-001757,cattle,Boran,M,68,H00160,A03,1
KE-001758,cattle,Boran,F,96,H00160,A03,1
KE-001759,cattle,Sahiwal,F,24,H00160,A03,0
KE-001760,cattle,Sahiwal,M,119,H00160,A03,1
KE-001761,cattle,Boran,M,108,H00160,A03,1
KE-001762,cattle,Friesian cross,M,63,H00160,A03,1
KE-001763,cattle,Boran,M,63,H00160,A03,1
KE-001764,cattle,Zebu,F,56,H00161,A03,0
KE-001765,cattle,Zebu,M,115,H00161,A03,0
KE-001766,cattle,Boran,F,72,H00161,A03,0
KE-001767,cattle,Zebu,M,12,H00161,A03,0
KE-001768,cattle,Friesian cross,M,64,H00161,A03,0
KE-001769,cattle,Ayrshire cross,F,47,H00161,A03,1
KE-001770,cattle,Sahiwal,F,46,H00161,A03,1
KE-001771,cattle,Zebu,F,27,H00162,A03,0
KE-001772,cattle,Friesian cross,F,93,H00162,A03,1
KE-001773,cattle,Friesian cross,F,18,H00162,A03,0
KE-001774,cattle,Friesian cross,F,11,H00162,A03,0
KE-001775,cattle,Friesian cross,M,63,H00162,A03,1
KE-001776,cattle,Zebu,M,36,H00162,A03,0
KE-001777,cattle,Zebu,M,79,H00162,A03,0
KE-001778,cattle,Ayrshire cross,F,40,H00162,A03,1
KE-001779,cattle,Zebu,F,18,H00162,A03,0
KE-001780,cattle,Sahiwal,F,82,H00162,A03,1
KE-001781,cattle,Friesian cross,M,83,H00162,A03,1
KE-001782,cattle,Sahiwal,M,42,H00162,A03,0
KE-001783,cattle,Ayrshire cross,F,110,H00162,A03,1
KE-001784,cattle,Boran,F,56,H00162,A03,0
KE-001785,cattle,Ayrshire cross,F,10,H00162,A03,0
KE-001786,cattle,Sahiwal,M,117,H00162,A03,0
KE-001787,cattle,Friesian cross,F,14,H00162,A03,1
KE-001788,cattle,Ayrshire cross,M,117,H00162,A03,1
KE-001789,cattle,Friesian cross,F,8,H00162,A03,1
KE-001790,cattle,Friesian cross,F,102,H00163,A03,0
KE-001791,cattle,Sahiwal,F,69,H00163,A03,1
KE-001792,cattle,Friesian cross,F,119,H00163,A03,0
KE-001793,cattle,Boran,M,48,H00163,A03,0
KE-001794,cattle,Boran,F,98,H00163,A03,0
KE-001795,cattle,Friesian cross,M,40,H00163,A03,0
KE-001796,cattle,Sahiwal,M,74,H00163,A03,0
KE-001797,cattle,Boran,F,64,H00164,A03,0
KE-001798,cattle,Boran,M,118,H00164,A03,1
KE-001799,cattle,Zebu,M,42,H00164,A03,0
KE-001800,cattle,Boran,M,90,H00164,A03,0
KE-001801,cattle,Zebu,M,51,H00164,A03,1
KE-001802,cattle,Sahiwal,M,84,H00164,A03,0
KE-001803,cattle,Sahiwal,M,42,H00164,A03,1
KE-001804,cattle,Friesian cross,F,21,H00164,A03,1
KE-001805,cattle,Boran,M,114,H00164,A03,1
KE-001806,cattle,Zebu,F,101,H00164,A03,0
KE-001807,cattle,Ayrshire cross,F,107,H00164,A03,1
KE-001808,cattle,Friesian cross,F,6,H00164,A03,0
KE-001809,cattle,Sahiwal,F,71,H00164,A03,1
KE-001810,cattle,Friesian cross,F,110,H00164,A03,0
KE-001811,cattle,Friesian cross,F,85,H00164,A03,1
KE-001812,cattle,Zebu,F,49,H00164,A03,0
KE-001813,cattle,Friesian cross,F,99,H00164,A03,0
KE-001814,cattle,Ayrshire cross,F,10,H00164,A03,0
KE-001815,cattle,Zebu,M,96,H00164,A03,1
KE-001816,cattle,Sahiwal,F,68,H00164,A03,0
KE-001817,cattle,Ayrshire cross,M,80,H00165,A03,1
KE-001818,cattle,Friesian cross,M,57,H00165,A03,0
KE-001819,cattle,Sahiwal,F,78,H00165,A03,0
KE-001820,cattle,Zebu,M,25,H00165,A03,0
KE-001821,cattle,Zebu,F,59,H00165,A03,1
KE-001822,cattle,Sahiwal,M,115,H00165,A03,0
KE-001823,cattle,Zebu,M,119,H00165,A03,0
KE-001824,cattle,Sahiwal,F,102,H00165,A03,0
KE-001825,cattle,Friesian cross,M,62,H00165,A03,0
KE-001826,cattle,Sahiwal,F,48,H00165,A03,0
KE-001827,cattle,Sahiwal,F,52,H00165,A03,1
KE-001828,cattle,Zebu,F,72,H00165,A03,0
KE-001829,cattle,Zebu,F,18,H00165,A03,1
KE-001830,cattle,Boran,F,66,H00165,A03,0
KE-001831,cattle,Boran,F,54,H00166,A03,1
KE-001832,cattle,Friesian cross,F,58,H00166,A03,0
KE-001833,cattle,Boran,M,55,H00166,A03,0
KE-001834,cattle,Zebu,F,32,H00166,A03,1
KE-001835,cattle,Boran,M,67,H00166,A03,0
KE-001836,cattle,Sahiwal,F,55,H00166,A03,0
KE-001837,cattle,Zebu,F,12,H00166,A03,0
KE-001838,cattle,Ayrshire cross,F,50,H00166,A03,1
KE-001839,cattle,Ayrshire cross,F,74,H00166,A03,0
KE-001840,cattle,Ayrshire cross,F,55,H00166,A03,1
KE-001841,cattle,Boran,F,99,H00166,A03,0
KE-001842,cattle,Boran,F,56,H00167,A03,0
KE-001843,cattle,Sahiwal,F,63,H00167,A03,0
KE-001844,cattle,Friesian cross,M,109,H00167,A03,0
KE-001845,cattle,Boran,F,67,H00167,A03,1
KE-001846,cattle,Sahiwal,M,98,H00167,A03,1
KE-001847,cattle,Boran,M,108,H00167,A03,0
KE-001848,cattle,Boran,F,109,H00167,A03,1
KE-001849,cattle,Zebu,F,45,H00167,A03,0
KE-001850,cattle,Friesian cross,F,113,H00167,A03,1
KE-001851,cattle,Sahiwal,F,78,H00167,A03,0
KE-001852,cattle,Boran,M,49,H00167,A03,0
KE-001853,cattle,Sahiwal,F,11,H00168,A03,1
KE-001854,cattle,Friesian cross,M,114,H00168,A03,0
KE-001855,cattle,Sahiwal,M,28,H00168,A03,1
KE-001856,cattle,Sahiwal,M,86,H00168,A03,1
KE-001857,cattle,Sahiwal,F,63,H00168,A03,0
KE-001858,cattle,Ayrshire cross,M,116,H00168,A03,0
KE-001859,cattle,Friesian cross,F,67,H00168,A03,0
KE-001860,cattle,Boran,F,63,H00168,A03,0
KE-001861,cattle,Ayrshire cross,M,78,H00169,A03,1
KE-001862,cattle,Ayrshire cross,F,105,H00169,A03,1
KE-001863,cattle,Ayrshire cross,M,28,H00169,A03,0
KE-001864,cattle,Friesian cross,F,61,H00169,A03,0
KE-001865,cattle,Sahiwal,F,95,H00169,A03,0
KE-001866,cattle,Ayrshire cross,F,9,H00169,A03,0
KE-001867,cattle,Friesian cross,F,85,H00169,A03,0
KE-001868,cattle,Sahiwal,F,42,H00169,A03,0
KE-001869,cattle,Zebu,F,116,H00169,A03,0
KE-001870,cattle,Friesian cross,F,71,H00169,A03,1
KE-001871,cattle,Sahiwal,F,118,H00169,A03,0
KE-001872,cattle,Sahiwal,M,22,H00169,A03,1
KE-001873,cattle,Boran,M,116,H00169,A03,1
KE-001874,cattle,Sahiwal,F,85,H00169,A03,1
KE-001875,cattle,Zebu,M,35,H00169,A03,0
KE-001876,cattle,Zebu,M,43,H00170,A03,1
KE-001877,cattle,Friesian cross,F,13,H00170,A03,1
KE-001878,cattle,Boran,F,37,H00170,A03,1
KE-001879,cattle,Sahiwal,M,30,H00170,A03,0
KE-001880,cattle,Friesian cross,F,101,H00170,A03,0
KE-001881,cattle,Boran,M,35,H00170,A03,1
KE-001882,cattle,Zebu,M,33,H00170,A03,0
KE-001883,cattle,Friesian cross,F,75,H00170,A03,1
KE-001884,cattle,Ayrshire cross,M,62,H00170,A03,0
KE-001885,cattle,Zebu,F,7,H00171,A03,0
KE-001886,cattle,Friesian cross,F,85,H00171,A03,1
KE-001887,cattle,Ayrshire cross,F,35,H00171,A03,0
KE-001888,cattle,Ayrshire cross,F,20,H00171,A03,0
KE-001889,cattle,Boran,M,116,H00171,A03,1
KE-001890,cattle,Sahiwal,F,9,H00171,A03,0
KE-001891,cattle,Boran,F,12,H00172,A03,1
KE-001892,cattle,Zebu,M,31,H00172,A03,0
KE-001893,cattle,Boran,M,67,H00172,A03,1
KE-001894,cattle,Friesian cross,F,23,H00172,A03,0
KE-001895,cattle,Sahiwal,F,72,H00172,A03,0
KE-001896,cattle,Ayrshire cross,F,40,H00172,A03,0
KE-001897,cattle,Friesian cross,M,113,H00173,A03,0
KE-001898,cattle,Zebu,F,27,H00173,A03,0
KE-001899,cattle,Boran,F,64,H00173,A03,0
KE-001900,cattle,Boran,F,22,H00173,A03,0
KE-001901,cattle,Ayrshire cross,M,108,H00173,A03,0
KE-001902,cattle,Sahiwal,M,11,H00173,A03,0
KE-001903,cattle,Sahiwal,F,80,H00173,A03,0
KE-001904,cattle,Ayrshire cross,M,71,H00173,A03,1
KE-001905,cattle,Zebu,F,27,H00173,A03,1
KE-001906,cattle,Zebu,F,84,H00173,A03,0
KE-001907,cattle,Friesian cross,F,13,H00173,A03,0
KE-001908,cattle,Boran,F,40,H00173,A03,1
KE-001909,cattle,Boran,F,30,H00173,A03,1
KE-001910,cattle,Friesian cross,M,47,H00174,A03,0
KE-001911,cattle,Sahiwal,F,74,H00174,A03,0
KE-001912,cattle,Boran,F,53,H00174,A03,0
KE-001913,cattle,Ayrshire cross,F,80,H00174,A03,0
KE-001914,cattle,Boran,M,12,H00174,A03,0
KE-001915,cattle,Zebu,F,47,H00174,A03,1
KE-001916,cattle,Zebu,F,113,H00174,A03,1
KE-001917,cattle,Zebu,M,84,H00174,A03,1
KE-001918,cattle,Boran,F,98,H00174,A03,0
KE-001919,cattle,Ayrshire cross,F,15,H00174,A03,0
KE-001920,cattle,Zebu,F,23,H00174,A03,1
KE-001921,cattle,Zebu,M,94,H00174,A03,0
KE-001922,cattle,Sahiwal,M,115,H00174,A03,0
KE-001923,cattle,Friesian cross,M,51,H00174,A03,0
KE-001924,cattle,Zebu,M,116,H00174,A03,1
KE-001925,cattle,Ayrshire cross,M,113,H00174,A03,0
KE-001926,cattle,Sahiwal,F,103,H00174,A03,0
KE-001927,cattle,Zebu,M,16,H00174,A03,1
KE-001928,cattle,Boran,F,44,H00174,A03,0
KE-001929,cattle,Boran,M,32,H00174,A03,0
KE-001930,cattle,Boran,F,108,H00174,A03,1
KE-001931,cattle,Ayrshire cross,M,94,H00174,A03,0
KE-001932,cattle,Zebu,M,98,H00174,A03,0
KE-001933,cattle,Zebu,M,116,H00174,A03,0
KE-001934,cattle,Boran,F,47,H00174,A03,1
KE-001935,cattle,Sahiwal,M,93,H00174,A03,1
KE-001936,cattle,Sahiwal,F,77,H00174,A03,1
KE-001937,cattle,Zebu,F,114,H00174,A03,1
KE-001938,cattle,Friesian cross,F,61,H00174,A03,0
KE-001939,cattle,Zebu,F,115,H00175,A03,0
KE-001940,cattle,Friesian cross,F,47,H00175,A03,1
KE-001941,cattle,Sahiwal,M,6,H00175,A03,0
KE-001942,cattle,Boran,F,62,H00175,A03,0
KE-001943,cattle,Sahiwal,F,25,H00175,A03,0
KE-001944,cattle,Ayrshire cross,M,58,H00175,A03,1
KE-001945,cattle,Friesian cross,M,87,H00175,A03,0
KE-001946,cattle,Sahiwal,F,84,H00175,A03,0
KE-001947,cattle,Ayrshire cross,M,109,H00175,A03,0
KE-001948,cattle,Boran,F,73,H00175,A03,1
KE-001949,cattle,Ayrshire cross,M,86,H00175,A03,0
KE-001950,cattle,Boran,F,32,H00175,A03,0
KE-001951,cattle,Sahiwal,F,113,H00175,A03,1
KE-001952,cattle,Sahiwal,F,53,H00176,A03,0
KE-001953,cattle,Boran,F,54,H00176,A03,1
KE-001954,cattle,Zebu,M,57,H00176,A03,0
KE-001955,cattle,Friesian cross,F,7,H00176,A03,0
KE-001956,cattle,Friesian cross,F,118,H00176,A03,0
KE-001957,cattle,Zebu,F,14,H00176,A03,1
KE-001958,cattle,Sahiwal,M,99,H00176,A03,1
KE-001959,cattle,Sahiwal,F,58,H00176,A03,1
KE-001960,cattle,Friesian cross,F,13,H00176,A03,0
KE-001961,cattle,Sahiwal,M,11,H00176,A03,1
KE-001962,cattle,Ayrshire cross,F,66,H00176,A03,0
KE-001963,cattle,Friesian cross,F,28,H00177,A03,0
KE-001964,cattle,Boran,M,88,H00177,A03,1
KE-001965,cattle,Friesian cross,M,35,H00177,A03,0
KE-001966,cattle,Zebu,F,74,H00177,A03,1
KE-001967,cattle,Ayrshire cross,M,113,H00177,A03,1
KE-001968,cattle,Friesian cross,F,112,H00177,A03,1
KE-001969,cattle,Zebu,M,51,H00177,A03,0
KE-001970,cattle,Ayrshire cross,M,71,H00177,A03,1
KE-001971,cattle,Ayrshire cross,F,113,H00177,A03,0
KE-001972,cattle,Friesian cross,F,85,H00177,A03,0
KE-001973,cattle,Ayrshire cross,M,80,H00177,A03,0
KE-001974,cattle,Boran,F,99,H00177,A03,0
KE-001975,cattle,Zebu,F,69,H00177,A03,0
KE-001976,cattle,Zebu,F,42,H00177,A03,1
KE-001977,cattle,Zebu,F,38,H00178,A03,0
KE-001978,cattle,Friesian cross,F,72,H00178,A03,1
KE-001979,cattle,Boran,F,100,H00178,A03,0
KE-001980,cattle,Zebu,F,65,H00178,A03,0
KE-001981,cattle,Zebu,M,77,H00178,A03,0
KE-001982,cattle,Friesian cross,F,30,H00178,A03,1
KE-001983,cattle,Friesian cross,F,50,H00178,A03,1
KE-001984,cattle,Zebu,F,31,H00178,A03,0
KE-001985,cattle,Friesian cross,M,84,H00178,A03,1
KE-001986,cattle,Boran,M,50,H00178,A03,0
KE-001987,cattle,Zebu,F,73,H00178,A03,1
KE-001988,cattle,Ayrshire cross,F,107,H00178,A03,0
KE-001989,cattle,Friesian cross,F,67,H00178,A03,1
KE-001990,cattle,Ayrshire cross,F,92,H00178,A03,1
KE-001991,cattle,Sahiwal,M,51,H00178,A03,0
KE-001992,cattle,Friesian cross,F,53,H00178,A03,0
KE-001993,cattle,Boran,M,82,H00178,A03,1
KE-001994,cattle,Friesian cross,M,111,H00178,A03,0
KE-001995,cattle,Friesian cross,F,77,H00178,A03,0
KE-001996,cattle,Ayrshire cross,F,29,H00178,A03,0
KE-001997,cattle,Ayrshire cross,F,35,H00178,A03,1
KE-001998,cattle,Ayrshire cross,F,48,H00178,A03,1
KE-001999,cattle,Ayrshire cross,M,78,H00178,A03,0
KE-002000,cattle,Boran,M,116,H00178,A03,0
KE-002001,cattle,Zebu,F,33,H00178,A03,0
KE-002002,cattle,Boran,F,71,H00179,A03,0
KE-002003,cattle,Ayrshire cross,M,41,H00179,A03,1
KE-002004,cattle,Boran,F,110,H00179,A03,1
KE-002005,cattle,Ayrshire cross,F,85,H00179,A03,0
KE-002006,cattle,Sahiwal,F,80,H00179,A03,1
KE-002007,cattle,Friesian cross,F,111,H00179,A03,0
KE-002008,cattle,Boran,M,18,H00179,A03,0
KE-002009,cattle,Sahiwal,F,82,H00179,A03,1
KE-002010,cattle,Boran,M,115,H00179,A03,0
KE-002011,cattle,Boran,F,113,H00179,A03,1
KE-002012,cattle,Friesian cross,F,14,H00179,A03,1
KE-002013,cattle,Sahiwal,F,50,H00179,A03,0
KE-002014,cattle,Friesian cross,M,101,H00179,A03,1
KE-002015,cattle,Sahiwal,F,93,H00180,A03,0
KE-002016,cattle,Boran,F,70,H00180,A03,1
KE-002017,cattle,Friesian cross,M,100,H00180,A03,0
KE-002018,cattle,Sahiwal,M,115,H00180,A03,1
KE-002019,cattle,Friesian cross,F,89,H00180,A03,0
KE-002020,cattle,Zebu,M,23,H00180,A03,0
KE-002021,cattle,Ayrshire cross,F,36,H00180,A03,0
KE-002022,cattle,Ayrshire cross,M,91,H00180,A03,1
KE-002023,cattle,Sahiwal,F,59,H00180,A03,0
KE-002024,cattle,Boran,F,63,H00181,A03,1
KE-002025,cattle,Boran,M,51,H00181,A03,1
KE-002026,cattle,Friesian cross,M,34,H00181,A03,0
KE-002027,cattle,Boran,F,58,H00181,A03,0
KE-002028,cattle,Friesian cross,M,53,H00181,A03,1
KE-002029,cattle,Ayrshire cross,F,6,H00181,A03,0
KE-002030,cattle,Boran,F,50,H00181,A03,0
KE-002031,cattle,Friesian cross,F,91,H00181,A03,0
KE-002032,cattle,Sahiwal,F,82,H00181,A03,0
KE-002033,cattle,Ayrshire cross,F,107,H00181,A03,1
KE-002034,cattle,Boran,F,41,H00181,A03,0
KE-002035,cattle,Zebu,M,110,H00181,A03,1
KE-002036,cattle,Friesian cross,F,54,H00181,A03,0
KE-002037,cattle,Ayrshire cross,M,13,H00181,A03,0
KE-002038,cattle,Friesian cross,M,30,H00181,A03,0
KE-002039,cattle,Friesian cross,F,97,H00181,A03,1
KE-002040,cattle,Boran,F,78,H00181,A03,0
KE-002041,cattle,Boran,M,30,H00181,A03,0
KE-002042,cattle,Zebu,F,18,H00181,A03,0
KE-002043,cattle,Sahiwal,F,24,H00181,A03,0
KE-002044,cattle,Ayrshire cross,M,46,H00181,A03,0
KE-002045,cattle,Zebu,F,77,H00181,A03,1
KE-002046,cattle,Boran,M,11,H00182,A03,0
KE-002047,cattle,Friesian cross,F,98,H00182,A03,0
KE-002048,cattle,Friesian cross,M,96,H00182,A03,1
KE-002049,cattle,Sahiwal,F,108,H00182,A03,1
KE-002050,cattle,Friesian cross,F,108,H00182,A03,0
KE-002051,cattle,Zebu,M,69,H00182,A03,1
KE-002052,cattle,Zebu,F,92,H00182,A03,1
KE-002053,cattle,Zebu,F,54,H00182,A03,1
KE-002054,cattle,Ayrshire cross,F,52,H00182,A03,0
KE-002055,cattle,Zebu,M,88,H00182,A03,0
KE-002056,cattle,Zebu,F,54,H00182,A03,0
KE-002057,cattle,Zebu,F,18,H00182,A03,1
KE-002058,cattle,Zebu,M,49,H00182,A03,0
KE-002059,cattle,Sahiwal,F,54,H00182,A03,0
KE-002060,cattle,Boran,F,55,H00182,A03,0
KE-002061,cattle,Sahiwal,F,12,H00183,A03,0
KE-002062,cattle,Friesian cross,M,92,H00183,A03,0
KE-002063,cattle,Sahiwal,F,63,H00183,A03,0
KE-002064,cattle,Sahiwal,M,101,H00183,A03,0
KE-002065,cattle,Zebu,M,27,H00183,A03,0
KE-002066,cattle,Friesian cross,M,83,H00183,A03,0
KE-002067,cattle,Zebu,F,78,H00183,A03,1
KE-002068,cattle,Zebu,M,100,H00183,A03,0
KE-002069,cattle,Boran,F,44,H00183,A03,1
KE-002070,cattle,Boran,M,102,H00183,A03,0
KE-002071,cattle,Boran,F,45,H00183,A03,0
KE-002072,cattle,Sahiwal,M,32,H00183,A03,0
KE-002073,cattle,Boran,F,6,H00183,A03,0
KE-002074,cattle,Sahiwal,M,79,H00183,A03,0
KE-002075,cattle,Zebu,M,53,H00183,A03,0
KE-002076,cattle,Boran,M,25,H00183,A03,1
KE-002077,cattle,Boran,F,42,H00183,A03,0
KE-002078,cattle,Friesian cross,F,8,H00183,A03,0
KE-002079,cattle,Zebu,M,18,H00183,A03,0
KE-002080,cattle,Sahiwal,F,16,H00183,A03,0
KE-002081,cattle,Sahiwal,F,28,H00183,A03,0
KE-002082,cattle,Zebu,M,107,H00183,A03,0
KE-002083,cattle,Boran,M,110,H00183,A03,0
KE-002084,cattle,Zebu,M,102,H00183,A03,0
KE-002085,cattle,Boran,F,50,H00183,A03,0
KE-002086,cattle,Friesian cross,F,47,H00183,A03,0
KE-002087,cattle,Ayrshire cross,F,53,H00183,A03,1
KE-002088,cattle,Zebu,M,32,H00183,A03,0
KE-002089,cattle,Boran,M,37,H00184,A03,1
KE-002090,cattle,Ayrshire cross,M,25,H00184,A03,0
KE-002091,cattle,Zebu,M,94,H00184,A03,0
KE-002092,cattle,Friesian cross,M,13,H00184,A03,0
KE-002093,cattle,Zebu,M,29,H00184,A03,0
KE-002094,cattle,Boran,F,107,H00184,A03,0
KE-002095,cattle,Boran,M,24,H00184,A03,0
KE-002096,cattle,Zebu,F,6,H00184,A03,0
KE-002097,cattle,Friesian cross,F,24,H00184,A03,0
KE-002098,cattle,Zebu,F,37,H00184,A03,1
KE-002099,cattle,Zebu,M,113,H00184,A03,1
KE-002100,cattle,Zebu,F,66,H00184,A03,0
KE-002101,cattle,Sahiwal,F,50,H00184,A03,0
KE-002102,cattle,Zebu,F,24,H00185,A03,1
KE-002103,cattle,Sahiwal,F,76,H00185,A03,0
KE-002104,cattle,Sahiwal,F,53,H00185,A03,0
KE-002105,cattle,Boran,M,99,H00185,A03,0
KE-002106,cattle,Friesian cross,F,36,H00185,A03,1
KE-002107,cattle,Ayrshire cross,M,28,H00185,A03,0
KE-002108,cattle,Friesian cross,F,32,H00186,A03,0
KE-002109,cattle,Friesian cross,F,18,H00186,A03,1
KE-002110,cattle,Sahiwal,F,6,H00186,A03,0
KE-002111,cattle,Ayrshire cross,F,44,H00186,A03,0
KE-002112,cattle,Ayrshire cross,M,68,H00186,A03,0
KE-002113,cattle,Zebu,F,75,H00187,A04,0
KE-002114,cattle,Sahiwal,M,86,H00187,A04,1
KE-002115,cattle,Zebu,M,83,H00187,A04,1
KE-002116,cattle,Ayrshire cross,F,105,H00187,A04,1
KE-002117,cattle,Ayrshire cross,F,104,H00187,A04,0
KE-002118,cattle,Sahiwal,M,47,H00187,A04,0
KE-002119,cattle,Ayrshire cross,M,85,H00187,A04,0
KE-002120,cattle,Friesian cross,M,113,H00187,A04,0
KE-002121,cattle,Sahiwal,F,114,H00187,A04,1
KE-002122,cattle,Friesian cross,F,35,H00187,A04,1
KE-002123,cattle,Sahiwal,F,72,H00187,A04,0
KE-002124,cattle,Zebu,M,6,H00187,A04,0
KE-002125,cattle,Sahiwal,F,21,H00188,A04,0
KE-002126,cattle,Ayrshire cross,F,78,H00188,A04,1
KE-002127,cattle,Zebu,F,105,H00188,A04,1
KE-002128,cattle,Zebu,M,94,H00188,A04,0
KE-002129,cattle,Friesian cross,F,54,H00189,A04,0
KE-002130,cattle,Friesian cross,F,11,H00189,A04,0
KE-002131,cattle,Sahiwal,F,81,H00189,A04,1
KE-002132,cattle,Boran,F,90,H00189,A04,1
KE-002133,cattle,Zebu,M,23,H00190,A04,0
KE-002134,cattle,Ayrshire cross,F,13,H00190,A04,0
KE-002135,cattle,Friesian cross,M,71,H00190,A04,1
KE-002136,cattle,Ayrshire cross,M,88,H00190,A04,0
KE-002137,cattle,Boran,M,28,H00190,A04,1
KE-002138,cattle,Ayrshire cross,F,11,H00190,A04,0
KE-002139,cattle,Zebu,M,52,H00190,A04,0
KE-002140,cattle,Zebu,F,64,H00190,A04,0
KE-002141,cattle,Sahiwal,F,18,H00190,A04,1
KE-002142,cattle,Friesian cross,F,50,H00190,A04,1
KE-002143,cattle,Boran,M,38,H00191,A04,1
KE-002144,cattle,Boran,F,42,H00191,A04,0
KE-002145,cattle,Friesian cross,F,84,H00191,A04,0
KE-002146,cattle,Boran,F,79,H00192,A04,0
KE-002147,cattle,Ayrshire cross,F,117,H00192,A04,1
KE-002148,cattle,Zebu,F,29,H00192,A04,0
KE-002149,cattle,Boran,F,70,H00193,A04,1
KE-002150,cattle,Zebu,M,37,H00193,A04,0
KE-002151,cattle,Ayrshire cross,M,14,H00193,A04,0
KE-002152,cattle,Sahiwal,F,84,H00193,A04,0
KE-002153,cattle,Boran,F,13,H00193,A04,0
KE-002154,cattle,Sahiwal,F,26,H00193,A04,0
KE-002155,cattle,Boran,M,94,H00194,A04,0
KE-002156,cattle,Friesian cross,F,85,H00194,A04,0
KE-002157,cattle,Friesian cross,M,94,H00194,A04,1
KE-002158,cattle,Friesian cross,M,20,H00194,A04,1
KE-002159,cattle,Boran,M,9,H00195,A04,0
KE-002160,cattle,Sahiwal,F,43,H00195,A04,1
KE-002161,cattle,Boran,F,96,H00195,A04,1
KE-002162,cattle,Sahiwal,F,46,H00195,A04,1
KE-002163,cattle,Sahiwal,F,37,H00195,A04,1
KE-002164,cattle,Friesian cross,F,45,H00196,A04,0
KE-002165,cattle,Sahiwal,F,20,H00196,A04,1
KE-002166,cattle,Boran,M,45,H00196,A04,1
KE-002167,cattle,Zebu,M,95,H00196,A04,1
KE-002168,cattle,Friesian cross,F,9,H00197,A04,1
KE-002169,cattle,Boran,F,66,H00197,A04,0
KE-002170,cattle,Zebu,M,62,H00197,A04,0
KE-002171,cattle,Friesian cross,M,63,H00197,A04,0
KE-002172,cattle,Friesian cross,F,46,H00197,A04,0
KE-002173,cattle,Boran,F,31,H00198,A04,0
KE-002174,cattle,Friesian cross,M,60,H00198,A04,1
KE-002175,cattle,Friesian cross,F,67,H00198,A04,0
KE-002176,cattle,Friesian cross,F,78,H00198,A04,0
KE-002177,cattle,Friesian cross,M,25,H00198,A04,0
KE-002178,cattle,Friesian cross,M,51,H00198,A04,0
KE-002179,cattle,Boran,F,94,H00198,A04,0
KE-002180,cattle,Sahiwal,M,53,H00198,A04,0
KE-002181,cattle,Zebu,F,21,H00198,A04,1
KE-002182,cattle,Sahiwal,F,24,H00198,A04,1
KE-002183,cattle,Ayrshire cross,F,73,H00199,A04,1
KE-002184,cattle,Boran,F,81,H00199,A04,0
KE-002185,cattle,Boran,M,96,H00199,A04,0
KE-002186,cattle,Friesian cross,F,15,H00199,A04,0
KE-002187,cattle,Sahiwal,M,83,H00199,A04,0
KE-002188,cattle,Boran,F,26,H00200,A04,0
KE-002189,cattle,Zebu,F,104,H00200,A04,0
KE-002190,cattle,Sahiwal,M,23,H00200,A04,1
KE-002191,cattle,Sahiwal,F,88,H00200,A04,0
KE-002192,cattle,Boran,F,81,H00200,A04,0
KE-002193,cattle,Ayrshire cross,M,106,H00200,A04,1
KE-002194,cattle,Sahiwal,F,90,H00201,A04,0
KE-002195,cattle,Sahiwal,F,60,H00201,A04,1
KE-002196,cattle,Zebu,F,52,H00202,A04,1
KE-002197,cattle,Friesian cross,F,20,H00202,A04,0
KE-002198,cattle,Zebu,F,68,H00202,A04,0
KE-002199,cattle,Zebu,M,109,H00202,A04,0
KE-002200,cattle,Zebu,F,119,H00203,A04,0
KE-002201,cattle,Sahiwal,F,114,H00203,A04,0
KE-002202,cattle,Sahiwal,M,96,H00203,A04,0
KE-002203,cattle,Boran,F,49,H00204,A04,0
KE-002204,cattle,Friesian cross,M,90,H00204,A04,0
KE-002205,cattle,Boran,M,88,H00205,A04,1
KE-002206,cattle,Friesian cross,F,114,H00205,A04,0
KE-002207,cattle,Sahiwal,F,16,H00205,A04,0
KE-002208,cattle,Zebu,F,15,H00206,A04,0
KE-002209,cattle,Ayrshire cross,M,25,H00206,A04,1
KE-002210,cattle,Zebu,F,21,H00206,A04,0
KE-002211,cattle,Zebu,F,94,H00206,A04,0
KE-002212,cattle,Zebu,M,73,H00207,A04,0
KE-002213,cattle,Zebu,F,50,H00207,A04,1
KE-002214,cattle,Friesian cross,F,74,H00207,A04,1
KE-002215,cattle,Zebu,M,106,H00207,A04,1
KE-002216,cattle,Zebu,F,29,H00207,A04,0
KE-002217,cattle,Ayrshire cross,F,103,H00207,A04,1
KE-002218,cattle,Sahiwal,F,59,H00207,A04,0
KE-002219,cattle,Sahiwal,F,52,H00207,A04,0
KE-002220,cattle,Boran,F,105,H00208,A04,0
KE-002221,cattle,Zebu,F,8,H00208,A04,0
KE-002222,cattle,Boran,F,84,H00209,A04,0
KE-002223,cattle,Boran,M,88,H00209,A04,0
KE-002224,cattle,Boran,F,8,H00209,A04,1
KE-002225,cattle,Friesian cross,F,11,H00209,A04,0
KE-002226,cattle,Sahiwal,M,10,H00209,A04,0
KE-002227,cattle,Friesian cross,F,91,H00210,A04,0
KE-002228,cattle,Sahiwal,F,19,H00210,A04,1
KE-002229,cattle,Ayrshire cross,F,42,H00210,A04,1
KE-002230,cattle,Sahiwal,M,108,H00210,A04,1
KE-002231,cattle,Zebu,F,114,H00211,A04,0
KE-002232,cattle,Boran,F,98,H00211,A04,1
KE-002233,cattle,Ayrshire cross,F,48,H00211,A04,0
KE-002234,cattle,Friesian cross,F,52,H00211,A04,1
KE-002235,cattle,Friesian cross,F,67,H00212,A04,0
KE-002236,cattle,Ayrshire cross,F,91,H00212,A04,0
KE-002237,cattle,Zebu,F,6,H00212,A04,0
KE-002238,cattle,Friesian cross,M,59,H00212,A04,0
KE-002239,cattle,Ayrshire cross,F,49,H00212,A04,0
KE-002240,cattle,Ayrshire cross,F,38,H00212,A04,0
KE-002241,cattle,Friesian cross,M,98,H00212,A04,1
KE-002242,cattle,Ayrshire cross,F,8,H00212,A04,0
KE-002243,cattle,Friesian cross,F,21,H00213,A04,1
KE-002244,cattle,Zebu,M,93,H00213,A04,0
KE-002245,cattle,Ayrshire cross,M,12,H00213,A04,0
KE-002246,cattle,Sahiwal,F,23,H00213,A04,0
KE-002247,cattle,Sahiwal,M,43,H00213,A04,0
KE-002248,cattle,Friesian cross,M,48,H00213,A04,0
KE-002249,cattle,Sahiwal,F,6,H00214,A04,1
KE-002250,cattle,Ayrshire cross,M,48,H00214,A04,0
KE-002251,cattle,Friesian cross,F,48,H00214,A04,0
KE-002252,cattle,Sahiwal,M,42,H00214,A04,0
KE-002253,cattle,Sahiwal,F,104,H00214,A04,0
KE-002254,cattle,Ayrshire cross,F,12,H00214,A04,1
KE-002255,cattle,Boran,M,9,H00214,A04,0
KE-002256,cattle,Zebu,F,77,H00214,A04,0
KE-002257,cattle,Zebu,M,78,H00214,A04,0
KE-002258,cattle,Ayrshire cross,F,91,H00214,A04,0
KE-002259,cattle,Boran,F,9,H00215,A04,0
KE-002260,cattle,Ayrshire cross,F,26,H00215,A04,0
KE-002261,cattle,Boran,M,54,H00215,A04,0
KE-002262,cattle,Zebu,M,58,H00215,A04,0
KE-002263,cattle,Friesian cross,F,105,H00216,A04,0
KE-002264,cattle,Sahiwal,F,9,H00216,A04,0
KE-002265,cattle,Ayrshire cross,F,19,H00216,A04,0
KE-002266,cattle,Friesian cross,F,9,H00217,A04,0
KE-002267,cattle,Boran,F,107,H00217,A04,0
KE-002268,cattle,Boran,M,102,H00217,A04,0
KE-002269,cattle,Friesian cross,M,87,H00217,A04,1
KE-002270,cattle,Zebu,M,119,H00218,A04,0
KE-002271,cattle,Ayrshire cross,F,88,H00218,A04,0
KE-002272,cattle,Boran,F,100,H00218,A04,1
KE-002273,cattle,Zebu,M,44,H00218,A04,0
KE-002274,cattle,Boran,F,107,H00218,A04,1
KE-002275,cattle,Sahiwal,F,108,H00219,A04,0
KE-002276,cattle,Zebu,F,11,H00219,A04,1
KE-002277,cattle,Friesian cross,F,47,H00219,A04,1
KE-002278,cattle,Boran,F,13,H00219,A04,0
KE-002279,cattle,Sahiwal,F,119,H00219,A04,1
KE-002280,cattle,Zebu,M,72,H00220,A04,0
KE-002281,cattle,Zebu,M,101,H00220,A04,0
KE-002282,cattle,Zebu,F,119,H00220,A04,0
KE-002283,cattle,Ayrshire cross,M,103,H00221,A04,0
KE-002284,cattle,Boran,F,95,H00221,A04,0
KE-002285,cattle,Zebu,F,46,H00221,A04,0
KE-002286,cattle,Boran,F,45,H00221,A04,1
KE-002287,cattle,Friesian cross,M,81,H00221,A04,0
KE-002288,cattle,Sahiwal,M,20,H00222,A04,0
KE-002289,cattle,Friesian cross,F,9,H00222,A04,0
KE-002290,cattle,Sahiwal,F,47,H00222,A04,1
KE-002291,cattle,Ayrshire cross,F,8,H00222,A04,1
KE-002292,cattle,Sahiwal,F,99,H00222,A04,0
KE-002293,cattle,Ayrshire cross,F,81,H00223,A04,1
KE-002294,cattle,Ayrshire cross,F,31,H00223,A04,0
KE-002295,cattle,Ayrshire cross,F,58,H00223,A04,0
KE-002296,cattle,Zebu,F,116,H00223,A04,0
KE-002297,cattle,Boran,M,60,H00223,A04,0
KE-002298,cattle,Ayrshire cross,F,89,H00223,A04,0
KE-002299,cattle,Zebu,F,98,H00223,A04,0
KE-002300,cattle,Boran,F,47,H00223,A04,0
KE-002301,cattle,Boran,M,55,H00223,A04,1
KE-002302,cattle,Boran,F,70,H00223,A04,0
KE-002303,cattle,Friesian cross,M,75,H00223,A04,0
KE-002304,cattle,Ayrshire cross,M,45,H00223,A04,0
KE-002305,cattle,Friesian cross,F,35,H00223,A04,1
KE-002306,cattle,Zebu,F,80,H00223,A04,0
KE-002307,cattle,Boran,F,53,H00223,A04,1
KE-002308,cattle,Sahiwal,F,85,H00223,A04,0
KE-002309,cattle,Friesian cross,F,41,H00223,A04,0
KE-002310,cattle,Boran,F,113,H00223,A04,0
KE-002311,cattle,Sahiwal,M,11,H00223,A04,1
KE-002312,cattle,Zebu,F,57,H00224,A04,1
KE-002313,cattle,Boran,F,45,H00224,A04,0
KE-002314,cattle,Boran,F,116,H00224,A04,0
KE-002315,cattle,Friesian cross,F,58,H00224,A04,1
KE-002316,cattle,Zebu,F,52,H00224,A04,0
KE-002317,cattle,Boran,F,83,H00224,A04,0
KE-002318,cattle,Zebu,F,51,H00224,A04,1
KE-002319,cattle,Ayrshire cross,F,24,H00224,A04,1
KE-002320,cattle,Zebu,F,83,H00224,A04,1
KE-002321,cattle,Sahiwal,M,108,H00224,A04,0
KE-002322,cattle,Boran,M,62,H00224,A04,1
KE-002323,cattle,Sahiwal,F,54,H00224,A04,0
KE-002324,cattle,Friesian cross,M,118,H00224,A04,0
KE-002325,cattle,Sahiwal,F,91,H00225,A04,0
KE-002326,cattle,Sahiwal,F,81,H00225,A04,1
KE-002327,cattle,Ayrshire cross,F,65,H00225,A04,0
KE-002328,cattle,Zebu,F,22,H00226,A04,1
KE-002329,cattle,Zebu,F,39,H00226,A04,1
KE-002330,cattle,Sahiwal,F,115,H00226,A04,0
KE-002331,cattle,Boran,M,9,H00226,A04,0
KE-002332,cattle,Ayrshire cross,F,53,H00227,A04,0
KE-002333,cattle,Boran,F,113,H00227,A04,1
KE-002334,cattle,Sahiwal,F,18,H00228,A04,0
KE-002335,cattle,Ayrshire cross,M,117,H00228,A04,0
KE-002336,cattle,Friesian cross,M,24,H00228,A04,1
KE-002337,cattle,Boran,M,44,H00229,A04,1
KE-002338,cattle,Ayrshire cross,M,100,H00229,A04,0
KE-002339,cattle,Friesian cross,F,95,H00229,A04,1
KE-002340,cattle,Friesian cross,F,96,H00229,A04,0
KE-002341,cattle,Friesian cross,F,19,H00229,A04,0
KE-002342,cattle,Zebu,M,83,H00230,A04,0
KE-002343,cattle,Boran,F,39,H00230,A04,1
KE-002344,cattle,Friesian cross,F,34,H00230,A04,0
KE-002345,cattle,Sahiwal,F,59,H00230,A04,0
KE-002346,cattle,Boran,F,100,H00230,A04,1
KE-002347,cattle,Sahiwal,M,86,H00230,A04,0
KE-002348,cattle,Boran,F,29,H00230,A04,0
KE-002349,cattle,Zebu,F,50,H00230,A04,0
KE-002350,cattle,Sahiwal,M,18,H00230,A04,0
KE-002351,cattle,Zebu,M,23,H00231,A04,0
KE-002352,cattle,Friesian cross,M,103,H00231,A04,0
KE-002353,cattle,Zebu,M,13,H00231,A04,0
KE-002354,cattle,Boran,F,76,H00232,A06,1
KE-002355,cattle,Friesian cross,F,103,H00232,A06,1
KE-002356,cattle,Ayrshire cross,M,111,H00232,A06,0
KE-002357,cattle,Sahiwal,F,60,H00232,A06,0
KE-002358,cattle,Boran,M,17,H00232,A06,0
KE-002359,cattle,Ayrshire cross,F,52,H00232,A06,0
KE-002360,cattle,Boran,M,104,H00232,A06,1
KE-002361,cattle,Zebu,F,24,H00232,A06,1
KE-002362,cattle,Friesian cross,M,112,H00233,A06,1
KE-002363,cattle,Zebu,F,95,H00233,A06,1
KE-002364,cattle,Ayrshire cross,F,70,H00233,A06,0
KE-002365,cattle,Sahiwal,M,102,H00233,A06,1
KE-002366,cattle,Ayrshire cross,F,79,H00234,A06,0
KE-002367,cattle,Boran,F,34,H00234,A06,1
KE-002368,cattle,Zebu,M,113,H00234,A06,1
KE-002369,cattle,Ayrshire cross,F,94,H00234,A06,0
KE-002370,cattle,Boran,F,38,H00234,A06,0
KE-002371,cattle,Ayrshire cross,F,59,H00234,A06,0
KE-002372,cattle,Ayrshire cross,F,12,H00234,A06,0
KE-002373,cattle,Boran,F,77,H00234,A06,0
KE-002374,cattle,Boran,M,75,H00234,A06,0
KE-002375,cattle,Sahiwal,F,53,H00234,A06,0
KE-002376,cattle,Friesian cross,F,41,H00234,A06,1
KE-002377,cattle,Sahiwal,F,101,H00235,A06,0
KE-002378,cattle,Boran,F,71,H00235,A06,0
KE-002379,cattle,Ayrshire cross,F,85,H00235,A06,0
KE-002380,cattle,Sahiwal,F,63,H00235,A06,0
KE-002381,cattle,Zebu,F,84,H00235,A06,0
KE-002382,cattle,Boran,F,79,H00235,A06,1
KE-002383,cattle,Friesian cross,F,37,H00236,A06,0
KE-002384,cattle,Sahiwal,M,64,H00236,A06,1
KE-002385,cattle,Zebu,M,86,H00236,A06,0
KE-002386,cattle,Boran,M,93,H00236,A06,1
KE-002387,cattle,Boran,M,85,H00236,A06,0
KE-002388,cattle,Ayrshire cross,M,30,H00236,A06,1
KE-002389,cattle,Boran,F,44,H00236,A06,0
KE-002390,cattle,Zebu,F,53,H00236,A06,0
KE-002391,cattle,Boran,F,60,H00236,A06,0
KE-002392,cattle,Zebu,F,99,H00237,A06,1
KE-002393,cattle,Zebu,M,77,H00237,A06,0
KE-002394,cattle,Boran,M,30,H00237,A06,0
KE-002395,cattle,Zebu,M,70,H00237,A06,0
KE-002396,cattle,Ayrshire cross,M,82,H00237,A06,0
KE-002397,cattle,Sahiwal,F,65,H00237,A06,0
KE-002398,cattle,Zebu,F,75,H00237,A06,1
KE-002399,cattle,Zebu,F,86,H00238,A06,1
KE-002400,cattle,Friesian cross,F,46,H00238,A06,0
KE-002401,cattle,Sahiwal,F,104,H00238,A06,0
KE-002402,cattle,Sahiwal,F,89,H00238,A06,0
KE-002403,cattle,Boran,F,12,H00238,A06,0
KE-002404,cattle,Sahiwal,F,29,H00238,A06,0
KE-002405,cattle,Sahiwal,F,21,H00238,A06,0
KE-002406,cattle,Zebu,F,101,H00238,A06,1
KE-002407,cattle,Friesian cross,F,72,H00238,A06,0
KE-002408,cattle,Boran,F,69,H00238,A06,0
KE-002409,cattle,Zebu,F,65,H00238,A06,0
KE-002410,cattle,Boran,M,114,H00239,A06,1
KE-002411,cattle,Sahiwal,F,87,H00239,A06,0
KE-002412,cattle,Friesian cross,F,66,H00239,A06,1
KE-002413,cattle,Zebu,F,113,H00239,A06,0
KE-002414,cattle,Sahiwal,F,82,H00240,A06,1
KE-002415,cattle,Sahiwal,F,29,H00240,A06,0
KE-002416,cattle,Zebu,M,116,H00240,A06,1
KE-002417,cattle,Boran,F,37,H00240,A06,0
KE-002418,cattle,Zebu,F,32,H00240,A06,0
KE-002419,cattle,Ayrshire cross,F,69,H00241,A06,0
KE-002420,cattle,Ayrshire cross,F,17,H00241,A06,1
KE-002421,cattle,Ayrshire cross,M,47,H00241,A06,0
KE-002422,cattle,Ayrshire cross,F,92,H00241,A06,0
KE-002423,cattle,Ayrshire cross,F,116,H00241,A06,0
KE-002424,cattle,Boran,M,78,H00241,A06,1
KE-002425,cattle,Ayrshire cross,F,79,H00241,A06,0
KE-002426,cattle,Friesian cross,F,109,H00241,A06,0
KE-002427,cattle,Boran,F,106,H00241,A06,1
KE-002428,cattle,Boran,F,24,H00241,A06,1
KE-002429,cattle,Friesian cross,F,117,H00241,A06,0
KE-002430,cattle,Friesian cross,F,78,H00241,A06,1
KE-002431,cattle,Ayrshire cross,F,72,H00241,A06,0
KE-002432,cattle,Friesian cross,M,27,H00241,A06,1
KE-002433,cattle,Boran,F,73,H00241,A06,1
KE-002434,cattle,Boran,F,98,H00241,A06,0
KE-002435,cattle,Ayrshire cross,F,106,H00241,A06,1
KE-002436,cattle,Ayrshire cross,M,21,H00241,A06,0
KE-002437,cattle,Ayrshire cross,F,9,H00241,A06,1
KE-002438,cattle,Ayrshire cross,F,71,H00241,A06,1
KE-002439,cattle,Sahiwal,F,99,H00241,A06,0
KE-002440,cattle,Boran,M,78,H00241,A06,0
KE-002441,cattle,Boran,F,110,H00241,A06,0
KE-002442,cattle,Zebu,M,32,H00241,A06,1
KE-002443,cattle,Boran,M,118,H00241,A06,0
KE-002444,cattle,Sahiwal,F,65,H00241,A06,1
KE-002445,cattle,Zebu,M,82,H00241,A06,0
KE-002446,cattle,Sahiwal,M,22,H00241,A06,1
KE-002447,cattle,Boran,F,77,H00241,A06,1
KE-002448,cattle,Boran,F,8,H00241,A06,0
KE-002449,cattle,Boran,M,65,H00241,A06,0
KE-002450,cattle,Zebu,F,21,H00241,A06,0
KE-002451,cattle,Ayrshire cross,F,80,H00241,A06,1
KE-002452,cattle,Friesian cross,F,98,H00241,A06,0
KE-002453,cattle,Friesian cross,M,19,H00241,A06,0
KE-002454,cattle,Zebu,F,87,H00241,A06,0
KE-002455,cattle,Friesian cross,M,22,H00241,A06,1
KE-002456,cattle,Friesian cross,M,14,H00241,A06,1
KE-002457,cattle,Ayrshire cross,M,31,H00241,A06,0
KE-002458,cattle,Zebu,F,103,H00241,A06,0
KE-002459,cattle,Ayrshire cross,F,94,H00242,A06,0
KE-002460,cattle,Sahiwal,M,17,H00242,A06,0
KE-002461,cattle,Ayrshire cross,F,62,H00242,A06,1
KE-002462,cattle,Ayrshire cross,M,45,H00242,A06,0
KE-002463,cattle,Boran,F,66,H00242,A06,0
KE-002464,cattle,Ayrshire cross,F,50,H00242,A06,0
KE-002465,cattle,Sahiwal,F,63,H00243,A06,0
KE-002466,cattle,Zebu,M,47,H00243,A06,0
KE-002467,cattle,Ayrshire cross,F,78,H00243,A06,1
KE-002468,cattle,Boran,F,55,H00243,A06,1
KE-002469,cattle,Boran,M,73,H00243,A06,1
KE-002470,cattle,Friesian cross,M,89,H00243,A06,0
KE-002471,cattle,Friesian cross,M,95,H00244,A06,1
KE-002472,cattle,Boran,M,47,H00244,A06,0
KE-002473,cattle,Ayrshire cross,M,95,H00244,A06,1
KE-002474,cattle,Friesian cross,F,42,H00244,A06,1
KE-002475,cattle,Ayrshire cross,M,71,H00244,A06,0
KE-002476,cattle,Friesian cross,M,39,H00244,A06,1
KE-002477,cattle,Ayrshire cross,F,108,H00244,A06,0
KE-002478,cattle,Friesian cross,F,62,H00244,A06,0
KE-002479,cattle,Zebu,F,28,H00244,A06,0
KE-002480,cattle,Ayrshire cross,F,97,H00244,A06,0
KE-002481,cattle,Boran,M,103,H00244,A06,0
KE-002482,cattle,Sahiwal,M,11,H00244,A06,0
KE-002483,cattle,Friesian cross,M,47,H00244,A06,1
KE-002484,cattle,Sahiwal,F,101,H00244,A06,0
KE-002485,cattle,Zebu,M,116,H00244,A06,0
KE-002486,cattle,Ayrshire cross,F,105,H00244,A06,0
KE-002487,cattle,Sahiwal,F,111,H00244,A06,0
KE-002488,cattle,Sahiwal,F,18,H00244,A06,0
KE-002489,cattle,Sahiwal,F,52,H00244,A06,0
KE-002490,cattle,Zebu,M,9,H00244,A06,1
KE-002491,cattle,Friesian cross,F,22,H00244,A06,0
KE-002492,cattle,Friesian cross,F,104,H00244,A06,1
KE-002493,cattle,Boran,F,57,H00244,A06,0
KE-002494,cattle,Friesian cross,F,12,H00244,A06,0
KE-002495,cattle,Ayrshire cross,F,59,H00244,A06,1
KE-002496,cattle,Zebu,F,31,H00244,A06,1
KE-002497,cattle,Zebu,F,117,H00244,A06,1
KE-002498,cattle,Zebu,M,20,H00244,A06,0
KE-002499,cattle,Friesian cross,F,96,H00244,A06,0
KE-002500,cattle,Sahiwal,M,52,H00244,A06,0
KE-002501,cattle,Friesian cross,F,6,H00244,A06,1
KE-002502,cattle,Friesian cross,M,15,H00244,A06,1
KE-002503,cattle,Boran,M,89,H00244,A06,0
KE-002504,cattle,Boran,F,48,H00244,A06,0
KE-002505,cattle,Boran,F,33,H00245,A06,0
KE-002506,cattle,Friesian cross,F,113,H00245,A06,0
KE-002507,cattle,Friesian cross,F,119,H00245,A06,1
KE-002508,cattle,Friesian cross,F,73,H00245,A06,1
KE-002509,cattle,Zebu,M,76,H00245,A06,0
KE-002510,cattle,Sahiwal,F,49,H00245,A06,0
KE-002511,cattle,Friesian cross,M,97,H00245,A06,0
KE-002512,cattle,Ayrshire cross,M,107,H00245,A06,1
KE-002513,cattle,Zebu,M,115,H00245,A06,1
KE-002514,cattle,Ayrshire cross,F,8,H00245,A06,0
KE-002515,cattle,Ayrshire cross,F,91,H00245,A06,1
KE-002516,cattle,Friesian cross,M,33,H00245,A06,1
KE-002517,cattle,Boran,F,89,H00245,A06,0
KE-002518,cattle,Boran,F,66,H00245,A06,0
KE-002519,cattle,Zebu,F,85,H00245,A06,0
KE-002520,cattle,Sahiwal,M,90,H00245,A06,0
KE-002521,cattle,Sahiwal,F,94,H00245,A06,1
KE-002522,cattle,Zebu,M,80,H00245,A06,0
KE-002523,cattle,Sahiwal,F,26,H00245,A06,0
KE-002524,cattle,Friesian cross,F,31,H00245,A06,0
KE-002525,cattle,Sahiwal,F,30,H00245,A06,1
KE-002526,cattle,Friesian cross,F,108,H00245,A06,1
KE-002527,cattle,Zebu,F,10,H00245,A06,1
KE-002528,cattle,Zebu,F,75,H00245,A06,1
KE-002529,cattle,Ayrshire cross,F,12,H00245,A06,1
KE-002530,cattle,Sahiwal,M,75,H00245,A06,0
KE-002531,cattle,Zebu,M,31,H00245,A06,0
KE-002532,cattle,Zebu,F,12,H00245,A06,0
KE-002533,cattle,Friesian cross,F,41,H00245,A06,0
KE-002534,cattle,Friesian cross,M,12,H00245,A06,1
KE-002535,cattle,Boran,F,9,H00245,A06,0
KE-002536,cattle,Boran,M,106,H00245,A06,0
KE-002537,cattle,Friesian cross,F,66,H00245,A06,0
KE-002538,cattle,Sahiwal,M,11,H00245,A06,0
KE-002539,cattle,Ayrshire cross,F,57,H00245,A06,0
KE-002540,cattle,Boran,M,31,H00245,A06,0
KE-002541,cattle,Boran,F,102,H00245,A06,1
KE-002542,cattle,Sahiwal,M,59,H00245,A06,0
KE-002543,cattle,Sahiwal,F,73,H00245,A06,1
KE-002544,cattle,Ayrshire cross,F,78,H00245,A06,0
KE-002545,cattle,Ayrshire cross,F,101,H00245,A06,0
KE-002546,cattle,Boran,F,10,H00245,A06,0
KE-002547,cattle,Friesian cross,F,47,H00245,A06,1
KE-002548,cattle,Sahiwal,M,16,H00245,A06,0
KE-002549,cattle,Zebu,F,65,H00245,A06,1
KE-002550,cattle,Sahiwal,F,63,H00245,A06,0
KE-002551,cattle,Friesian cross,F,12,H00245,A06,1
KE-002552,cattle,Zebu,F,95,H00245,A06,0
KE-002553,cattle,Ayrshire cross,M,11,H00245,A06,0
KE-002554,cattle,Zebu,F,34,H00245,A06,0
KE-002555,cattle,Boran,M,100,H00245,A06,1
KE-002556,cattle,Zebu,F,46,H00245,A06,1
KE-002557,cattle,Ayrshire cross,F,79,H00245,A06,1
KE-002558,cattle,Sahiwal,M,104,H00245,A06,0
KE-002559,cattle,Friesian cross,M,10,H00245,A06,0
KE-002560,cattle,Friesian cross,F,63,H00245,A06,0
KE-002561,cattle,Zebu,M,68,H00245,A06,0
KE-002562,cattle,Ayrshire cross,M,96,H00245,A06,0
KE-002563,cattle,Boran,F,31,H00245,A06,0
KE-002564,cattle,Ayrshire cross,F,63,H00245,A06,0
KE-002565,cattle,Boran,M,68,H00245,A06,1
KE-002566,cattle,Ayrshire cross,F,103,H00245,A06,0
KE-002567,cattle,Ayrshire cross,F,107,H00245,A06,1
KE-002568,cattle,Sahiwal,F,40,H00245,A06,0
KE-002569,cattle,Zebu,M,18,H00246,A06,1
KE-002570,cattle,Friesian cross,F,66,H00246,A06,1
KE-002571,cattle,Boran,M,16,H00246,A06,0
KE-002572,cattle,Friesian cross,M,9,H00246,A06,0
KE-002573,cattle,Friesian cross,M,14,H00246,A06,0
KE-002574,cattle,Boran,M,29,H00246,A06,1
KE-002575,cattle,Boran,F,38,H00247,A06,0
KE-002576,cattle,Zebu,M,86,H00247,A06,1
KE-002577,cattle,Sahiwal,F,95,H00247,A06,1
KE-002578,cattle,Boran,M,10,H00247,A06,1
KE-002579,cattle,Boran,F,78,H00247,A06,1
KE-002580,cattle,Sahiwal,M,119,H00247,A06,0
KE-002581,cattle,Zebu,F,83,H00247,A06,0
KE-002582,cattle,Zebu,F,21,H00247,A06,1
KE-002583,cattle,Zebu,F,58,H00247,A06,1
KE-002584,cattle,Boran,F,117,H00248,A06,1
KE-002585,cattle,Boran,F,48,H00248,A06,1
KE-002586,cattle,Boran,M,66,H00248,A06,1
KE-002587,cattle,Ayrshire cross,F,118,H00248,A06,0
KE-002588,cattle,Ayrshire cross,M,18,H00248,A06,0
KE-002589,cattle,Boran,F,18,H00248,A06,1
KE-002590,cattle,Friesian cross,M,7,H00248,A06,0
KE-002591,cattle,Ayrshire cross,M,75,H00248,A06,0
KE-002592,cattle,Sahiwal,F,98,H00248,A06,1
KE-002593,cattle,Zebu,F,39,H00248,A06,0
KE-002594,cattle,Sahiwal,F,21,H00248,A06,0
KE-002595,cattle,Boran,F,41,H00248,A06,0
KE-002596,cattle,Zebu,M,60,H00248,A06,0
KE-002597,cattle,Sahiwal,F,29,H00248,A06,1
KE-002598,cattle,Zebu,F,23,H00249,A06,0
KE-002599,cattle,Zebu,F,26,H00249,A06,0
KE-002600,cattle,Boran,F,64,H00249,A06,1
KE-002601,cattle,Zebu,F,112,H00249,A06,0
KE-002602,cattle,Sahiwal,F,96,H00249,A06,0
KE-002603,cattle,Friesian cross,F,25,H00249,A06,1
KE-002604,cattle,Boran,F,119,H00249,A06,1
KE-002605,cattle,Boran,F,111,H00249,A06,0
KE-002606,cattle,Zebu,F,80,H00249,A06,0
KE-002607,cattle,Ayrshire cross,F,88,H00249,A06,0
KE-002608,cattle,Sahiwal,M,113,H00249,A06,0
KE-002609,cattle,Friesian cross,F,65,H00249,A06,1
KE-002610,cattle,Zebu,F,62,H00249,A06,0
KE-002611,cattle,Boran,F,43,H00249,A06,0
KE-002612,cattle,Zebu,M,54,H00249,A06,0
KE-002613,cattle,Sahiwal,F,6,H00249,A06,0
KE-002614,cattle,Ayrshire cross,M,53,H00249,A06,1
KE-002615,cattle,Friesian cross,F,7,H00249,A06,0
KE-002616,cattle,Sahiwal,M,116,H00249,A06,0
KE-002617,cattle,Ayrshire cross,F,98,H00249,A06,0
KE-002618,cattle,Friesian cross,F,111,H00249,A06,0
KE-002619,cattle,Boran,F,31,H00249,A06,0
KE-002620,cattle,Sahiwal,F,109,H00249,A06,0
KE-002621,cattle,Sahiwal,M,25,H00249,A06,0
KE-002622,cattle,Sahiwal,M,25,H00249,A06,0
KE-002623,cattle,Zebu,F,64,H00249,A06,1
KE-002624,cattle,Boran,M,115,H00249,A06,0
KE-002625,cattle,Sahiwal,M,85,H00249,A06,1
KE-002626,cattle,Boran,M,62,H00249,A06,1
KE-002627,cattle,Boran,F,23,H00249,A06,0
KE-002628,cattle,Zebu,F,81,H00249,A06,0
KE-002629,cattle,Ayrshire cross,F,21,H00249,A06,0
KE-002630,cattle,Friesian cross,M,93,H00250,A06,0
KE-002631,cattle,Ayrshire cross,F,80,H00250,A06,1
KE-002632,cattle,Boran,M,113,H00250,A06,0
KE-002633,cattle,Zebu,F,48,H00250,A06,1
KE-002634,cattle,Sahiwal,F,104,H00250,A06,0
KE-002635,cattle,Friesian cross,F,113,H00250,A06,0
KE-002636,cattle,Sahiwal,F,41,H00250,A06,1
KE-002637,cattle,Zebu,F,16,H00251,A06,1
KE-002638,cattle,Zebu,F,40,H00251,A06,0
KE-002639,cattle,Friesian cross,F,20,H00251,A06,0
KE-002640,cattle,Friesian cross,F,18,H00251,A06,0
KE-002641,cattle,Zebu,F,69,H00251,A06,0
KE-002642,cattle,Sahiwal,F,83,H00251,A06,1
KE-002643,cattle,Ayrshire cross,M,6,H00251,A06,1
KE-002644,cattle,Ayrshire cross,F,21,H00251,A06,0
KE-002645,cattle,Friesian cross,F,6,H00251,A06,0
KE-002646,cattle,Friesian cross,F,83,H00251,A06,0
KE-002647,cattle,Zebu,F,11,H00252,A06,0
KE-002648,cattle,Boran,F,44,H00252,A06,0
KE-002649,cattle,Sahiwal,M,42,H00252,A06,1
KE-002650,cattle,Boran,F,69,H00252,A06,0
KE-002651,cattle,Boran,M,18,H00252,A06,0
KE-002652,cattle,Sahiwal,M,100,H00252,A06,1
KE-002653,cattle,Sahiwal,F,63,H00252,A06,0
KE-002654,cattle,Ayrshire cross,F,27,H00252,A06,0
KE-002655,cattle,Sahiwal,M,16,H00252,A06,1
KE-002656,cattle,Sahiwal,M,81,H00252,A06,0
KE-002657,cattle,Ayrshire cross,F,30,H00252,A06,1
KE-002658,cattle,Friesian cross,F,16,H00252,A06,1
KE-002659,cattle,Zebu,F,33,H00252,A06,0
KE-002660,cattle,Friesian cross,F,19,H00252,A06,0
KE-002661,cattle,Friesian cross,M,6,H00252,A06,1
KE-002662,cattle,Sahiwal,F,83,H00252,A06,0
KE-002663,cattle,Friesian cross,M,80,H00252,A06,0
KE-002664,cattle,Sahiwal,M,61,H00252,A06,0
KE-002665,cattle,Boran,F,64,H00253,A06,1
KE-002666,cattle,Boran,F,46,H00253,A06,0
KE-002667,cattle,Ayrshire cross,F,6,H00253,A06,0
KE-002668,cattle,Zebu,M,70,H00253,A06,1
KE-002669,cattle,Zebu,M,12,H00253,A06,0
KE-002670,cattle,Zebu,M,87,H00253,A06,0
KE-002671,cattle,Friesian cross,M,90,H00253,A06,0
KE-002672,cattle,Friesian cross,F,14,H00253,A06,0
KE-002673,cattle,Sahiwal,M,66,H00253,A06,1
KE-002674,cattle,Friesian cross,M,37,H00253,A06,1
KE-002675,cattle,Friesian cross,F,99,H00253,A06,0
KE-002676,cattle,Friesian cross,F,51,H00253,A06,1
KE-002677,cattle,Zebu,F,32,H00253,A06,1
KE-002678,cattle,Sahiwal,F,95,H00253,A06,0
KE-002679,cattle,Ayrshire cross,M,10,H00253,A06,0
KE-002680,cattle,Boran,M,117,H00254,A06,1
KE-002681,cattle,Sahiwal,F,84,H00254,A06,0
KE-002682,cattle,Zebu,F,52,H00254,A06,0
KE-002683,cattle,Sahiwal,M,101,H00254,A06,1
KE-002684,cattle,Boran,F,33,H00254,A06,0
KE-002685,cattle,Boran,F,59,H00254,A06,0
KE-002686,cattle,Sahiwal,M,31,H00254,A06,0
KE-002687,cattle,Ayrshire cross,F,74,H00254,A06,1
KE-002688,cattle,Zebu,M,21,H00254,A06,0
KE-002689,cattle,Sahiwal,M,11,H00255,A06,0
KE-002690,cattle,Zebu,F,102,H00255,A06,0
KE-002691,cattle,Friesian cross,F,28,H00255,A06,0
KE-002692,cattle,Boran,F,107,H00255,A06,1
KE-002693,cattle,Boran,M,40,H00255,A06,0
KE-002694,cattle,Ayrshire cross,F,45,H00255,A06,0
KE-002695,cattle,Sahiwal,F,90,H00255,A06,0
KE-002696,cattle,Ayrshire cross,F,118,H00255,A06,0
KE-002697,cattle,Sahiwal,F,75,H00255,A06,0
KE-002698,cattle,Sahiwal,F,74,H00255,A06,1
KE-002699,cattle,Zebu,F,86,H00255,A06,1
KE-002700,cattle,Sahiwal,F,61,H00256,A06,0
KE-002701,cattle,Zebu,M,87,H00256,A06,1
KE-002702,cattle,Boran,M,64,H00256,A06,0
KE-002703,cattle,Ayrshire cross,F,98,H00256,A06,1
KE-002704,cattle,Ayrshire cross,F,72,H00256,A06,1
KE-002705,cattle,Friesian cross,F,32,H00257,A06,0
KE-002706,cattle,Boran,F,107,H00257,A06,0
KE-002707,cattle,Friesian cross,F,69,H00257,A06,1
KE-002708,cattle,Friesian cross,F,112,H00257,A06,0
KE-002709,cattle,Boran,M,41,H00257,A06,0
KE-002710,cattle,Sahiwal,F,117,H00257,A06,0
KE-002711,cattle,Boran,M,50,H00257,A06,0
KE-002712,cattle,Boran,F,70,H00257,A06,0
KE-002713,cattle,Sahiwal,F,36,H00257,A06,0
KE-002714,cattle,Ayrshire cross,F,90,H00257,A06,0
KE-002715,cattle,Friesian cross,M,61,H00258,A06,0
KE-002716,cattle,Ayrshire cross,M,86,H00258,A06,0
KE-002717,cattle,Ayrshire cross,M,28,H00258,A06,1
KE-002718,cattle,Friesian cross,M,30,H00258,A06,0
KE-002719,cattle,Boran,M,62,H00258,A06,1
KE-002720,cattle,Ayrshire cross,F,8,H00258,A06,1
KE-002721,cattle,Zebu,M,88,H00258,A06,0
KE-002722,cattle,Zebu,F,35,H00258,A06,1
KE-002723,cattle,Sahiwal,F,83,H00258,A06,1
KE-002724,cattle,Ayrshire cross,M,99,H00258,A06,1
KE-002725,cattle,Boran,F,78,H00259,A06,1
KE-002726,cattle,Ayrshire cross,M,28,H00259,A06,0
KE-002727,cattle,Sahiwal,F,71,H00259,A06,0
KE-002728,cattle,Sahiwal,F,56,H00259,A06,0
KE-002729,cattle,Friesian cross,M,108,H00259,A06,0
KE-002730,cattle,Ayrshire cross,F,23,H00259,A06,0
KE-002731,cattle,Boran,F,29,H00259,A06,0
KE-002732,cattle,Sahiwal,F,82,H00259,A06,1
KE-002733,cattle,Friesian cross,F,63,H00259,A06,1
KE-002734,cattle,Friesian cross,F,65,H00259,A06,0
KE-002735,cattle,Ayrshire cross,F,59,H00259,A06,1
KE-002736,cattle,Zebu,F,88,H00259,A06,1
KE-002737,cattle,Boran,F,54,H00259,A06,0
KE-002738,cattle,Sahiwal,F,61,H00260,A06,0
KE-002739,cattle,Sahiwal,F,54,H00260,A06,1
KE-002740,cattle,Ayrshire cross,F,77,H00260,A06,0
KE-002741,cattle,Friesian cross,M,39,H00260,A06,1
KE-002742,cattle,Zebu,M,110,H00260,A06,0
KE-002743,cattle,Boran,F,40,H00260,A06,0
KE-002744,cattle,Zebu,F,76,H00260,A06,1
KE-002745,cattle,Friesian cross,F,102,H00260,A06,1
KE-002746,cattle,Ayrshire cross,F,37,H00260,A06,0
KE-002747,cattle,Zebu,F,96,H00261,A06,0
KE-002748,cattle,Sahiwal,F,94,H00261,A06,1
KE-002749,cattle,Ayrshire cross,F,51,H00261,A06,0
KE-002750,cattle,Friesian cross,F,81,H00261,A06,0
KE-002751,cattle,Friesian cross,M,34,H00261,A06,0
KE-002752,cattle,Ayrshire cross,F,28,H00261,A06,1
KE-002753,cattle,Friesian cross,F,32,H00261,A06,0
KE-002754,cattle,Friesian cross,F,101,H00261,A06,1
KE-002755,cattle,Sahiwal,F,61,H00261,A06,1
KE-002756,cattle,Ayrshire cross,M,108,H00261,A06,1
KE-002757,cattle,Zebu,F,96,H00261,A06,1
KE-002758,cattle,Ayrshire cross,F,78,H00261,A06,1
KE-002759,cattle,Zebu,F,119,H00261,A06,1
KE-002760,cattle,Friesian cross,M,57,H00261,A06,0
KE-002761,cattle,Ayrshire cross,M,108,H00261,A06,1
KE-002762,cattle,Zebu,M,85,H00262,A06,0
KE-002763,cattle,Boran,F,47,H00262,A06,1
KE-002764,cattle,Friesian cross,M,76,H00262,A06,0
KE-002765,cattle,Zebu,F,72,H00262,A06,1
KE-002766,cattle,Sahiwal,F,95,H00262,A06,0
KE-002767,cattle,Zebu,F,24,H00262,A06,0
KE-002768,cattle,Sahiwal,F,25,H00262,A06,0
KE-002769,cattle,Zebu,M,73,H00262,A06,0
KE-002770,cattle,Friesian cross,F,91,H00262,A06,0
KE-002771,cattle,Zebu,F,108,H00262,A06,0
KE-002772,cattle,Ayrshire cross,F,80,H00262,A06,0
KE-002773,cattle,Boran,F,85,H00262,A06,1
KE-002774,cattle,Zebu,F,87,H00262,A06,1
KE-002775,cattle,Boran,M,84,H00262,A06,0
KE-002776,cattle,Sahiwal,M,115,H00262,A06,0
KE-002777,cattle,Ayrshire cross,M,24,H00262,A06,1
KE-002778,cattle,Ayrshire cross,F,102,H00262,A06,0
KE-002779,cattle,Boran,F,69,H00262,A06,0
KE-002780,cattle,Boran,M,30,H00262,A06,1
KE-002781,cattle,Boran,M,93,H00262,A06,0
KE-002782,cattle,Sahiwal,M,14,H00262,A06,0
KE-002783,cattle,Sahiwal,F,44,H00263,A06,0
KE-002784,cattle,Friesian cross,F,27,H00263,A06,0
KE-002785,cattle,Ayrshire cross,M,25,H00263,A06,1
KE-002786,cattle,Zebu,F,112,H00263,A06,0
KE-002787,cattle,Friesian cross,F,54,H00263,A06,0
KE-002788,cattle,Sahiwal,M,83,H00263,A06,0
KE-002789,cattle,Boran,F,35,H00263,A06,0
KE-002790,cattle,Ayrshire cross,F,53,H00263,A06,0
KE-002791,cattle,Boran,M,55,H00263,A06,0
KE-002792,cattle,Boran,F,116,H00263,A06,0
KE-002793,cattle,Friesian cross,M,13,H00263,A06,0
KE-002794,cattle,Ayrshire cross,M,54,H00263,A06,0
KE-002795,cattle,Ayrshire cross,F,31,H00263,A06,1
KE-002796,cattle,Zebu,M,108,H00264,A06,0
KE-002797,cattle,Zebu,M,105,H00264,A06,0
KE-002798,cattle,Friesian cross,F,19,H00264,A06,0
KE-002799,cattle,Friesian cross,M,114,H00264,A06,1
KE-002800,cattle,Ayrshire cross,M,28,H00264,A06,1
KE-002801,cattle,Sahiwal,F,72,H00264,A06,1
KE-002802,cattle,Boran,M,83,H00264,A06,0
KE-002803,cattle,Ayrshire cross,F,61,H00264,A06,0
KE-002804,cattle,Sahiwal,F,71,H00264,A06,0
KE-002805,cattle,Friesian cross,F,33,H00264,A06,0
KE-002806,cattle,Friesian cross,F,75,H00264,A06,1
KE-002807,cattle,Friesian cross,F,118,H00264,A06,0
KE-002808,cattle,Sahiwal,M,14,H00264,A06,0
KE-002809,cattle,Ayrshire cross,F,68,H00264,A06,0
KE-002810,cattle,Sahiwal,M,101,H00265,A07,0
KE-002811,cattle,Sahiwal,F,78,H00265,A07,0
KE-002812,cattle,Sahiwal,F,99,H00265,A07,1
KE-002813,cattle,Sahiwal,F,88,H00265,A07,0
KE-002814,cattle,Sahiwal,F,22,H00265,A07,1
KE-002815,cattle,Ayrshire cross,M,85,H00266,A07,0
KE-002816,cattle,Boran,F,60,H00266,A07,0
KE-002817,cattle,Sahiwal,M,119,H00266,A07,1
KE-002818,cattle,Ayrshire cross,F,77,H00267,A07,1
KE-002819,cattle,Boran,F,26,H00267,A07,1
KE-002820,cattle,Friesian cross,F,96,H00267,A07,0
KE-002821,cattle,Sahiwal,F,114,H00267,A07,0
KE-002822,cattle,Boran,F,91,H00267,A07,0
KE-002823,cattle,Friesian cross,M,62,H00268,A07,0
KE-002824,cattle,Ayrshire cross,M,102,H00268,A07,0
KE-002825,cattle,Zebu,M,100,H00268,A07,0
KE-002826,cattle,Zebu,M,118,H00268,A07,0
KE-002827,cattle,Boran,F,13,H00269,A07,0
KE-002828,cattle,Friesian cross,F,18,H00269,A07,0
KE-002829,cattle,Zebu,M,106,H00269,A07,0
KE-002830,cattle,Friesian cross,F,52,H00269,A07,0
KE-002831,cattle,Friesian cross,F,26,H00269,A07,0
KE-002832,cattle,Friesian cross,F,68,H00269,A07,0
KE-002833,cattle,Boran,F,100,H00269,A07,0
KE-002834,cattle,Ayrshire cross,F,26,H00269,A07,1
KE-002835,cattle,Boran,M,63,H00269,A07,1
KE-002836,cattle,Zebu,F,70,H00269,A07,1
KE-002837,cattle,Friesian cross,F,9,H00269,A07,0
KE-002838,cattle,Friesian cross,M,119,H00269,A07,0
KE-002839,cattle,Zebu,M,94,H00269,A07,0
KE-002840,cattle,Sahiwal,M,10,H00269,A07,0
KE-002841,cattle,Sahiwal,F,35,H00269,A07,0
KE-002842,cattle,Ayrshire cross,M,50,H00270,A07,0
KE-002843,cattle,Friesian cross,M,113,H00270,A07,1
KE-002844,cattle,Sahiwal,M,99,H00270,A07,0
KE-002845,cattle,Boran,M,62,H00270,A07,0
KE-002846,cattle,Zebu,F,24,H00270,A07,1
KE-002847,cattle,Ayrshire cross,F,83,H00270,A07,0
KE-002848,cattle,Sahiwal,M,59,H00270,A07,0
KE-002849,cattle,Friesian cross,M,111,H00270,A07,1
KE-002850,cattle,Ayrshire cross,F,84,H00270,A07,0
KE-002851,cattle,Boran,F,78,H00270,A07,1
KE-002852,cattle,Sahiwal,M,54,H00270,A07,0
KE-002853,cattle,Zebu,F,9,H00271,A07,0
KE-002854,cattle,Ayrshire cross,F,72,H00271,A07,1
KE-002855,cattle,Friesian cross,F,106,H00271,A07,0
KE-002856,cattle,Zebu,F,61,H00271,A07,0
KE-002857,cattle,Sahiwal,F,35,H00271,A07,0
KE-002858,cattle,Sahiwal,M,105,H00271,A07,1
KE-002859,cattle,Boran,F,9,H00272,A07,0
KE-002860,cattle,Zebu,F,99,H00272,A07,0
KE-002861,cattle,Boran,F,22,H00272,A07,1
KE-002862,cattle,Boran,M,40,H00273,A07,0
KE-002863,cattle,Boran,F,17,H00273,A07,0
KE-002864,cattle,Boran,F,12,H00273,A07,0
KE-002865,cattle,Boran,F,39,H00274,A07,1
KE-002866,cattle,Friesian cross,F,112,H00274,A07,0
KE-002867,cattle,Friesian cross,M,40,H00274,A07,1
KE-002868,cattle,Friesian cross,M,14,H00274,A07,0
KE-002869,cattle,Boran,F,36,H00274,A07,0
KE-002870,cattle,Ayrshire cross,F,17,H00274,A07,0
KE-002871,cattle,Friesian cross,F,38,H00274,A07,0
KE-002872,cattle,Zebu,F,66,H00274,A07,0
KE-002873,cattle,Boran,F,92,H00274,A07,1
KE-002874,cattle,Boran,F,84,H00275,A07,1
KE-002875,cattle,Ayrshire cross,M,45,H00275,A07,1
KE-002876,cattle,Ayrshire cross,M,88,H00275,A07,0
KE-002877,cattle,Boran,M,33,H00275,A07,1
KE-002878,cattle,Friesian cross,M,109,H00275,A07,1
KE-002879,cattle,Friesian cross,F,97,H00276,A07,0
KE-002880,cattle,Zebu,F,53,H00276,A07,0
KE-002881,cattle,Sahiwal,F,108,H00276,A07,0
KE-002882,cattle,Boran,M,84,H00276,A07,0
KE-002883,cattle,Sahiwal,M,50,H00276,A07,1
KE-002884,cattle,Zebu,F,29,H00276,A07,1
KE-002885,cattle,Zebu,F,9,H00277,A07,0
KE-002886,cattle,Friesian cross,F,116,H00277,A07,1
KE-002887,cattle,Friesian cross,F,99,H00278,A07,0
KE-002888,cattle,Zebu,F,70,H00278,A07,0
KE-002889,cattle,Boran,M,44,H00278,A07,1
KE-002890,cattle,Zebu,M,103,H00278,A07,0
KE-002891,cattle,Zebu,F,108,H00278,A07,0
KE-002892,cattle,Friesian cross,F,102,H00278,A07,1
KE-002893,cattle,Friesian cross,F,39,H00278,A07,0
KE-002894,cattle,Boran,M,58,H00278,A07,0
KE-002895,cattle,Zebu,M,40,H00279,A07,1
KE-002896,cattle,Ayrshire cross,F,17,H00279,A07,1
KE-002897,cattle,Friesian cross,F,51,H00279,A07,1
KE-002898,cattle,Zebu,M,13,H00279,A07,1
KE-002899,cattle,Friesian cross,M,98,H00279,A07,0
KE-002900,cattle,Sahiwal,M,73,H00279,A07,0
KE-002901,cattle,Ayrshire cross,M,112,H00280,A07,0
KE-002902,cattle,Friesian cross,M,76,H00280,A07,1
KE-002903,cattle,Zebu,M,66,H00280,A07,0
KE-002904,cattle,Sahiwal,F,48,H00281,A07,1
KE-002905,cattle,Zebu,M,69,H00281,A07,0
KE-002906,cattle,Ayrshire cross,F,47,H00281,A07,0
KE-002907,cattle,Friesian cross,F,88,H00281,A07,0
KE-002908,cattle,Ayrshire cross,M,20,H00282,A07,0
KE-002909,cattle,Ayrshire cross,M,48,H00282,A07,0
KE-002910,cattle,Zebu,F,111,H00282,A07,0
KE-002911,cattle,Sahiwal,M,112,H00282,A07,0
KE-002912,cattle,Friesian cross,F,99,H00282,A07,1
KE-002913,cattle,Boran,M,49,H00283,A07,0
KE-002914,cattle,Sahiwal,M,92,H00283,A07,0
KE-002915,cattle,Boran,F,114,H00283,A07,0
KE-002916,cattle,Zebu,F,118,H00283,A07,1
KE-002917,cattle,Ayrshire cross,M,115,H00283,A07,0
KE-002918,cattle,Friesian cross,F,21,H00284,A07,0
KE-002919,cattle,Ayrshire cross,F,74,H00284,A07,0
KE-002920,cattle,Zebu,M,107,H00284,A07,0
KE-002921,cattle,Sahiwal,F,75,H00284,A07,0
KE-002922,cattle,Ayrshire cross,F,31,H00285,A07,0
KE-002923,cattle,Boran,F,44,H00285,A07,1
KE-002924,cattle,Friesian cross,M,21,H00285,A07,1
KE-002925,cattle,Zebu,M,19,H00285,A07,1
KE-002926,cattle,Zebu,F,108,H00286,A07,0
KE-002927,cattle,Sahiwal,F,69,H00286,A07,0
KE-002928,cattle,Boran,F,100,H00286,A07,0
KE-002929,cattle,Boran,M,67,H00286,A07,0
KE-002930,cattle,Sahiwal,M,10,H00287,A07,0
KE-002931,cattle,Friesian cross,F,90,H00287,A07,0
KE-002932,cattle,Sahiwal,F,79,H00287,A07,0
KE-002933,cattle,Friesian cross,M,70,H00287,A07,0
KE-002934,cattle,Friesian cross,M,38,H00287,A07,0
KE-002935,cattle,Friesian cross,F,64,H00288,A07,1
KE-002936,cattle,Ayrshire cross,F,84,H00288,A07,0
KE-002937,cattle,Friesian cross,M,116,H00288,A07,1
KE-002938,cattle,Friesian cross,F,87,H00288,A07,0
KE-002939,cattle,Zebu,M,62,H00288,A07,0
KE-002940,cattle,Sahiwal,M,36,H00288,A07,0
KE-002941,cattle,Boran,M,104,H00288,A07,0
KE-002942,cattle,Sahiwal,F,57,H00288,A07,0
KE-002943,cattle,Sahiwal,F,115,H00288,A07,0
KE-002944,cattle,Boran,F,38,H00288,A07,0
KE-002945,cattle,Friesian cross,F,107,H00289,A07,0
KE-002946,cattle,Friesian cross,F,34,H00290,A07,0
KE-002947,cattle,Zebu,F,105,H00290,A07,1
KE-002948,cattle,Ayrshire cross,F,90,H00290,A07,1
KE-002949,cattle,Friesian cross,F,112,H00290,A07,0
KE-002950,cattle,Zebu,F,71,H00291,A07,1
KE-002951,cattle,Zebu,F,31,H00291,A07,0
KE-002952,cattle,Ayrshire cross,F,55,H00291,A07,0
KE-002953,cattle,Friesian cross,F,115,H00291,A07,0
KE-002954,cattle,Sahiwal,M,43,H00291,A07,1
KE-002955,cattle,Ayrshire cross,F,15,H00292,A07,1
KE-002956,cattle,Friesian cross,M,91,H00292,A07,0
KE-002957,cattle,Friesian cross,M,28,H00292,A07,1
KE-002958,cattle,Ayrshire cross,M,119,H00292,A07,0
KE-002959,cattle,Sahiwal,F,104,H00292,A07,0
KE-002960,cattle,Ayrshire cross,M,33,H00293,A07,0
KE-002961,cattle,Sahiwal,M,10,H00293,A07,1
KE-002962,cattle,Friesian cross,F,82,H00293,A07,0
KE-002963,cattle,Friesian cross,F,103,H00293,A07,0
KE-002964,cattle,Ayrshire cross,M,75,H00294,A07,1
KE-002965,cattle,Boran,F,97,H00294,A07,0
KE-002966,cattle,Boran,F,47,H00295,A07,0
KE-002967,cattle,Friesian cross,F,18,H00295,A07,0
KE-002968,cattle,Boran,F,62,H00295,A07,0
KE-002969,cattle,Boran,M,56,H00295,A07,0
KE-002970,cattle,Boran,M,68,H00295,A07,1
KE-002971,cattle,Boran,F,114,H00296,A07,0
KE-002972,cattle,Boran,F,31,H00296,A07,0
KE-002973,cattle,Ayrshire cross,F,33,H00296,A07,1
KE-002974,cattle,Zebu,M,117,H00296,A07,0
KE-002975,cattle,Friesian cross,M,104,H00296,A07,0
KE-002976,cattle,Boran,F,25,H00296,A07,1
KE-002977,cattle,Zebu,F,87,H00296,A07,1
KE-002978,cattle,Sahiwal,F,83,H00296,A07,1
KE-002979,cattle,Zebu,M,18,H00296,A07,1
KE-002980,cattle,Zebu,F,22,H00296,A07,0
KE-002981,cattle,Ayrshire cross,F,28,H00296,A07,0
KE-002982,cattle,Zebu,F,105,H00296,A07,1
KE-002983,cattle,Friesian cross,M,27,H00297,A07,1
KE-002984,cattle,Ayrshire cross,M,112,H00297,A07,0
KE-002985,cattle,Ayrshire cross,M,7,H00298,A07,0
KE-002986,cattle,Sahiwal,F,95,H00298,A07,0
KE-002987,cattle,Ayrshire cross,M,97,H00298,A07,0
KE-002988,cattle,Zebu,F,63,H00298,A07,0
KE-002989,cattle,Zebu,F,110,H00298,A07,1
KE-002990,cattle,Ayrshire cross,F,8,H00298,A07,0
KE-002991,cattle,Sahiwal,F,13,H00298,A07,0
KE-002992,cattle,Zebu,F,63,H00299,A07,0
KE-002993,cattle,Boran,F,52,H00299,A07,0
KE-002994,cattle,Zebu,F,73,H00299,A07,0
KE-002995,cattle,Boran,F,7,H00299,A07,1
KE-002996,cattle,Zebu,M,17,H00300,A07,1
KE-002997,cattle,Ayrshire cross,F,82,H00300,A07,1
KE-002998,cattle,Sahiwal,F,24,H00300,A07,0
KE-002999,cattle,Friesian cross,F,98,H00300,A07,0
KE-003000,cattle,Ayrshire cross,F,94,H00301,A07,1
KE-003001,cattle,Zebu,F,23,H00301,A07,0
KE-003002,cattle,Ayrshire cross,F,48,H00301,A07,0
KE-003003,cattle,Sahiwal,F,48,H00302,A07,1
KE-003004,cattle,Friesian cross,F,60,H00302,A07,1
KE-003005,cattle,Boran,M,39,H00302,A07,0
KE-003006,cattle,Sahiwal,F,91,H00302,A07,0
KE-003007,cattle,Sahiwal,M,12,H00303,A07,0
KE-003008,cattle,Boran,F,73,H00303,A07,0
KE-003009,cattle,Friesian cross,F,90,H00303,A07,0
KE-003010,cattle,Ayrshire cross,F,14,H00303,A07,0
KE-003011,cattle,Ayrshire cross,F,99,H00303,A07,1
KE-003012,cattle,Ayrshire cross,F,61,H00303,A07,0
KE-003013,cattle,Sahiwal,M,58,H00303,A07,1
KE-003014,cattle,Friesian cross,F,28,H00303,A07,1
KE-003015,cattle,Friesian cross,F,32,H00303,A07,0
KE-003016,cattle,Boran,F,36,H00304,A07,0
KE-003017,cattle,Sahiwal,F,67,H00304,A07,1
KE-003018,cattle,Zebu,F,21,H00304,A07,0
KE-003019,cattle,Zebu,F,11,H00304,A07,1
KE-003020,cattle,Friesian cross,M,42,H00304,A07,1
KE-003021,cattle,Zebu,F,13,H00304,A07,1
KE-003022,cattle,Sahiwal,F,20,H00305,A07,1
KE-003023,cattle,Friesian cross,F,16,H00305,A07,0
KE-003024,cattle,Friesian cross,M,14,H00305,A07,1
KE-003025,cattle,Zebu,M,115,H00305,A07,0
KE-003026,cattle,Boran,M,32,H00305,A07,0
KE-003027,cattle,Ayrshire cross,F,24,H00305,A07,0
KE-003028,cattle,Sahiwal,M,102,H00305,A07,0
KE-003029,cattle,Ayrshire cross,F,89,H00305,A07,0
KE-003030,cattle,Sahiwal,M,118,H00305,A07,0
KE-003031,cattle,Boran,F,94,H00305,A07,1
KE-003032,cattle,Ayrshire cross,F,105,H00305,A07,1
KE-003033,cattle,Ayrshire cross,F,52,H00305,A07,0
KE-003034,cattle,Sahiwal,F,26,H00306,A07,1
KE-003035,cattle,Boran,F,45,H00306,A07,0
KE-003036,cattle,Ayrshire cross,F,34,H00306,A07,1
KE-003037,cattle,Ayrshire cross,M,64,H00306,A07,1
KE-003038,cattle,Boran,M,44,H00306,A07,1
KE-003039,cattle,Sahiwal,M,100,H00306,A07,0
KE-003040,cattle,Ayrshire cross,F,115,H00306,A07,0
KE-003041,cattle,Boran,F,18,H00306,A07,1
KE-003042,cattle,Sahiwal,F,60,H00306,A07,1
KE-003043,cattle,Sahiwal,F,75,H00307,A07,1
KE-003044,cattle,Zebu,M,28,H00307,A07,0
KE-003045,cattle,Boran,F,89,H00307,A07,0
KE-003046,cattle,Zebu,F,116,H00307,A07,0
KE-003047,cattle,Ayrshire cross,F,10,H00307,A07,0
KE-003048,cattle,Friesian cross,F,23,H00307,A07,0
KE-003049,cattle,Zebu,F,28,H00308,A08,0
KE-003050,cattle,Ayrshire cross,M,58,H00308,A08,1
KE-003051,cattle,Sahiwal,M,77,H00308,A08,1
KE-003052,cattle,Boran,F,97,H00308,A08,0
KE-003053,cattle,Zebu,F,25,H00308,A08,1
KE-003054,cattle,Zebu,F,115,H00308,A08,1
KE-003055,cattle,Boran,F,108,H00308,A08,0
KE-003056,cattle,Boran,F,38,H00308,A08,1
KE-003057,cattle,Sahiwal,F,58,H00308,A08,1
KE-003058,cattle,Friesian cross,F,34,H00308,A08,0
KE-003059,cattle,Friesian cross,F,25,H00308,A08,1
KE-003060,cattle,Sahiwal,M,57,H00308,A08,0
KE-003061,cattle,Ayrshire cross,M,105,H00308,A08,0
KE-003062,cattle,Zebu,F,87,H00308,A08,0
KE-003063,cattle,Ayrshire cross,F,95,H00308,A08,1
KE-003064,cattle,Zebu,F,25,H00308,A08,0
KE-003065,cattle,Sahiwal,F,83,H00308,A08,0
KE-003066,cattle,Boran,F,27,H00308,A08,1
KE-003067,cattle,Boran,F,99,H00308,A08,0
KE-003068,cattle,Zebu,M,91,H00308,A08,0
KE-003069,cattle,Friesian cross,M,98,H00308,A08,0
KE-003070,cattle,Ayrshire cross,M,18,H00308,A08,1
KE-003071,cattle,Ayrshire cross,M,14,H00308,A08,0
KE-003072,cattle,Ayrshire cross,F,24,H00308,A08,0
KE-003073,cattle,Friesian cross,F,21,H00308,A08,0
KE-003074,cattle,Boran,F,102,H00308,A08,0
KE-003075,cattle,Sahiwal,F,44,H00308,A08,0
KE-003076,cattle,Ayrshire cross,F,102,H00308,A08,1
KE-003077,cattle,Sahiwal,F,36,H00308,A08,1
KE-003078,cattle,Sahiwal,M,8,H00308,A08,1
KE-003079,cattle,Sahiwal,F,84,H00308,A08,0
KE-003080,cattle,Friesian cross,F,115,H00308,A08,1
KE-003081,cattle,Friesian cross,F,91,H00309,A08,1
KE-003082,cattle,Sahiwal,M,12,H00309,A08,1
KE-003083,cattle,Boran,F,62,H00309,A08,0
KE-003084,cattle,Friesian cross,M,39,H00309,A08,0
KE-003085,cattle,Ayrshire cross,F,55,H00309,A08,0
KE-003086,cattle,Zebu,F,92,H00309,A08,1
KE-003087,cattle,Ayrshire cross,F,10,H00309,A08,1
KE-003088,cattle,Zebu,F,8,H00309,A08,0
KE-003089,cattle,Friesian cross,M,96,H00309,A08,0
KE-003090,cattle,Sahiwal,F,77,H00309,A08,0
KE-003091,cattle,Friesian cross,F,37,H00309,A08,0
KE-003092,cattle,Ayrshire cross,F,105,H00309,A08,0
KE-003093,cattle,Ayrshire cross,F,17,H00309,A08,1
KE-003094,cattle,Ayrshire cross,M,25,H00309,A08,0
KE-003095,cattle,Ayrshire cross,M,7,H00309,A08,0
KE-003096,cattle,Sahiwal,F,50,H00310,A08,0
KE-003097,cattle,Ayrshire cross,F,59,H00310,A08,0
KE-003098,cattle,Zebu,F,40,H00310,A08,1
KE-003099,cattle,Ayrshire cross,F,104,H00310,A08,1
KE-003100,cattle,Zebu,F,119,H00310,A08,1
KE-003101,cattle,Ayrshire cross,F,36,H00310,A08,0
KE-003102,cattle,Sahiwal,F,55,H00310,A08,0
KE-003103,cattle,Boran,F,52,H00310,A08,0
KE-003104,cattle,Friesian cross,M,7,H00310,A08,0
KE-003105,cattle,Ayrshire cross,M,14,H00310,A08,0
KE-003106,cattle,Sahiwal,F,74,H00310,A08,1
KE-003107,cattle,Zebu,M,12,H00310,A08,1
KE-003108,cattle,Zebu,F,33,H00310,A08,1
KE-003109,cattle,Friesian cross,M,96,H00310,A08,0
KE-003110,cattle,Friesian cross,F,11,H00310,A08,0
KE-003111,cattle,Friesian cross,M,47,H00310,A08,0
KE-003112,cattle,Friesian cross,F,45,H00310,A08,0
KE-003113,cattle,Zebu,M,21,H00310,A08,0
KE-003114,cattle,Ayrshire cross,M,18,H00310,A08,0
KE-003115,cattle,Friesian cross,M,29,H00311,A08,0
KE-003116,cattle,Ayrshire cross,M,73,H00311,A08,0
KE-003117,cattle,Boran,F,56,H00311,A08,1
KE-003118,cattle,Friesian cross,F,55,H00311,A08,0
KE-003119,cattle,Boran,F,56,H00311,A08,0
KE-003120,cattle,Boran,F,119,H00311,A08,0
KE-003121,cattle,Sahiwal,F,97,H00311,A08,1
KE-003122,cattle,Ayrshire cross,M,30,H00311,A08,0
KE-003123,cattle,Zebu,M,62,H00311,A08,1
KE-003124,cattle,Ayrshire cross,M,49,H00311,A08,0
KE-003125,cattle,Friesian cross,F,94,H00312,A08,1
KE-003126,cattle,Ayrshire cross,F,29,H00312,A08,1
KE-003127,cattle,Zebu,M,108,H00312,A08,0
KE-003128,cattle,Ayrshire cross,F,37,H00312,A08,0
KE-003129,cattle,Friesian cross,F,87,H00312,A08,0
KE-003130,cattle,Ayrshire cross,F,20,H00312,A08,0
KE-003131,cattle,Friesian cross,F,27,H00312,A08,0
KE-003132,cattle,Boran,F,50,H00312,A08,1
KE-003133,cattle,Friesian cross,F,15,H00312,A08,1
KE-003134,cattle,Ayrshire cross,M,94,H00312,A08,1
KE-003135,cattle,Ayrshire cross,F,44,H00312,A08,1
KE-003136,cattle,Sahiwal,M,33,H00312,A08,1
KE-003137,cattle,Friesian cross,M,62,H00313,A08,0
KE-003138,cattle,Boran,F,40,H00313,A08,0
KE-003139,cattle,Boran,M,42,H00313,A08,0
KE-003140,cattle,Boran,F,64,H00313,A08,1
KE-003141,cattle,Boran,F,61,H00313,A08,0
KE-003142,cattle,Zebu,M,86,H00313,A08,0
KE-003143,cattle,Zebu,F,88,H00313,A08,0
KE-003144,cattle,Boran,F,75,H00313,A08,1
KE-003145,cattle,Zebu,F,72,H00314,A08,1
KE-003146,cattle,Sahiwal,F,101,H00314,A08,0
KE-003147,cattle,Ayrshire cross,F,70,H00314,A08,1
KE-003148,cattle,Zebu,F,74,H00314,A08,0
KE-003149,cattle,Friesian cross,M,22,H00314,A08,0
KE-003150,cattle,Boran,F,53,H00314,A08,0
KE-003151,cattle,Boran,M,88,H00314,A08,0
KE-003152,cattle,Friesian cross,F,107,H00314,A08,0
KE-003153,cattle,Sahiwal,F,56,H00314,A08,0
KE-003154,cattle,Sahiwal,F,94,H00314,A08,1
KE-003155,cattle,Zebu,M,39,H00314,A08,0
KE-003156,cattle,Ayrshire cross,F,47,H00314,A08,0
KE-003157,cattle,Boran,M,104,H00314,A08,0
KE-003158,cattle,Zebu,F,101,H00314,A08,1
KE-003159,cattle,Zebu,M,73,H00314,A08,1
KE-003160,cattle,Boran,F,91,H00314,A08,1
KE-003161,cattle,Boran,M,40,H00314,A08,0
KE-003162,cattle,Ayrshire cross,M,66,H00314,A08,0
KE-003163,cattle,Ayrshire cross,M,50,H00314,A08,1
KE-003164,cattle,Ayrshire cross,F,63,H00314,A08,0
KE-003165,cattle,Boran,F,65,H00315,A08,0
KE-003166,cattle,Friesian cross,F,80,H00315,A08,1
KE-003167,cattle,Ayrshire cross,F,16,H00315,A08,0
KE-003168,cattle,Ayrshire cross,F,105,H00315,A08,0
KE-003169,cattle,Boran,M,71,H00315,A08,1
KE-003170,cattle,Boran,F,68,H00315,A08,1
KE-003171,cattle,Sahiwal,F,11,H00316,A08,0
KE-003172,cattle,Ayrshire cross,M,84,H00316,A08,1
KE-003173,cattle,Sahiwal,F,103,H00316,A08,0
KE-003174,cattle,Sahiwal,M,19,H00316,A08,0
KE-003175,cattle,Boran,M,99,H00316,A08,0
KE-003176,cattle,Boran,F,87,H00316,A08,0
KE-003177,cattle,Ayrshire cross,F,119,H00316,A08,0
KE-003178,cattle,Boran,F,108,H00316,A08,1
KE-003179,cattle,Sahiwal,M,41,H00316,A08,0
KE-003180,cattle,Boran,F,19,H00316,A08,0
KE-003181,cattle,Sahiwal,M,82,H00316,A08,0
KE-003182,cattle,Zebu,F,45,H00316,A08,0
KE-003183,cattle,Friesian cross,F,54,H00316,A08,1
KE-003184,cattle,Ayrshire cross,M,22,H00316,A08,1
KE-003185,cattle,Sahiwal,M,73,H00316,A08,1
KE-003186,cattle,Friesian cross,F,31,H00316,A08,0
KE-003187,cattle,Sahiwal,F,44,H00316,A08,1
KE-003188,cattle,Sahiwal,F,8,H00316,A08,1
KE-003189,cattle,Friesian cross,M,47,H00317,A08,1
KE-003190,cattle,Boran,F,66,H00317,A08,0
KE-003191,cattle,Sahiwal,F,78,H00317,A08,0
KE-003192,cattle,Friesian cross,M,42,H00317,A08,1
KE-003193,cattle,Sahiwal,F,87,H00317,A08,0
KE-003194,cattle,Ayrshire cross,M,26,H00317,A08,0
KE-003195,cattle,Zebu,F,61,H00317,A08,1
KE-003196,cattle,Sahiwal,M,39,H00317,A08,0
KE-003197,cattle,Ayrshire cross,M,86,H00317,A08,0
KE-003198,cattle,Zebu,F,82,H00317,A08,0
KE-003199,cattle,Friesian cross,M,28,H00318,A08,0
KE-003200,cattle,Ayrshire cross,M,59,H00318,A08,0
KE-003201,cattle,Boran,M,61,H00318,A08,0
KE-003202,cattle,Zebu,F,33,H00318,A08,0
KE-003203,cattle,Boran,F,95,H00318,A08,0
KE-003204,cattle,Zebu,M,80,H00318,A08,1
KE-003205,cattle,Ayrshire cross,F,59,H00318,A08,1
KE-003206,cattle,Friesian cross,F,16,H00318,A08,1
KE-003207,cattle,Ayrshire cross,F,72,H00318,A08,1
KE-003208,cattle,Friesian cross,F,104,H00318,A08,0
KE-003209,cattle,Boran,F,78,H00318,A08,0
KE-003210,cattle,Zebu,F,103,H00318,A08,0
KE-003211,cattle,Sahiwal,F,57,H00318,A08,0
KE-003212,cattle,Zebu,F,64,H00318,A08,1
KE-003213,cattle,Ayrshire cross,F,20,H00318,A08,0
KE-003214,cattle,Friesian cross,F,107,H00318,A08,1
KE-003215,cattle,Friesian cross,F,31,H00318,A08,0
KE-003216,cattle,Friesian cross,M,66,H00318,A08,0
KE-003217,cattle,Boran,M,101,H00318,A08,0
KE-003218,cattle,Friesian cross,F,72,H00318,A08,0
KE-003219,cattle,Ayrshire cross,F,25,H00318,A08,1
KE-003220,cattle,Zebu,M,75,H00318,A08,1
KE-003221,cattle,Friesian cross,F,64,H00318,A08,0
KE-003222,cattle,Boran,F,10,H00319,A08,0
KE-003223,cattle,Sahiwal,M,73,H00319,A08,0
KE-003224,cattle,Sahiwal,F,114,H00319,A08,0
KE-003225,cattle,Friesian cross,F,117,H00319,A08,0
KE-003226,cattle,Boran,F,7,H00319,A08,1
KE-003227,cattle,Zebu,M,74,H00319,A08,1
KE-003228,cattle,Friesian cross,F,24,H00319,A08,1
KE-003229,cattle,Ayrshire cross,M,49,H00319,A08,1
KE-003230,cattle,Friesian cross,F,54,H00319,A08,1
KE-003231,cattle,Ayrshire cross,M,37,H00319,A08,0
KE-003232,cattle,Ayrshire cross,F,98,H00319,A08,0
KE-003233,cattle,Zebu,M,107,H00319,A08,0
KE-003234,cattle,Boran,M,36,H00319,A08,0
KE-003235,cattle,Sahiwal,M,96,H00319,A08,0
KE-003236,cattle,Sahiwal,M,56,H00319,A08,0
KE-003237,cattle,Ayrshire cross,M,89,H00319,A08,1
KE-003238,cattle,Ayrshire cross,F,45,H00319,A08,0
KE-003239,cattle,Sahiwal,M,87,H00319,A08,0
KE-003240,cattle,Zebu,F,73,H00320,A08,0
KE-003241,cattle,Ayrshire cross,F,107,H00320,A08,0
KE-003242,cattle,Ayrshire cross,F,119,H00320,A08,0
KE-003243,cattle,Zebu,F,67,H00320,A08,1
KE-003244,cattle,Sahiwal,F,34,H00320,A08,0
KE-003245,cattle,Zebu,F,22,H00320,A08,0
KE-003246,cattle,Sahiwal,M,55,H00320,A08,0
KE-003247,cattle,Zebu,M,15,H00320,A08,0
KE-003248,cattle,Friesian cross,M,81,H00320,A08,1
KE-003249,cattle,Boran,F,93,H00320,A08,0
KE-003250,cattle,Zebu,M,26,H00320,A08,1
KE-003251,cattle,Sahiwal,F,34,H00320,A08,0
KE-003252,cattle,Ayrshire cross,F,39,H00320,A08,1
KE-003253,cattle,Ayrshire cross,F,94,H00320,A08,0
KE-003254,cattle,Boran,F,42,H00320,A08,1
KE-003255,cattle,Boran,F,14,H00320,A08,1
KE-003256,cattle,Friesian cross,F,107,H00320,A08,1
KE-003257,cattle,Sahiwal,F,57,H00320,A08,1
KE-003258,cattle,Sahiwal,F,40,H00320,A08,1
KE-003259,cattle,Friesian cross,M,112,H00320,A08,0
KE-003260,cattle,Friesian cross,M,35,H00320,A08,0
KE-003261,cattle,Boran,M,22,H00320,A08,1
KE-003262,cattle,Ayrshire cross,M,52,H00320,A08,0
KE-003263,cattle,Ayrshire cross,F,65,H00320,A08,1
KE-003264,cattle,Zebu,F,118,H00320,A08,1
KE-003265,cattle,Sahiwal,M,32,H00320,A08,0
KE-003266,cattle,Boran,M,58,H00320,A08,1
KE-003267,cattle,Friesian cross,F,107,H00320,A08,0
KE-003268,cattle,Sahiwal,M,12,H00320,A08,0
KE-003269,cattle,Sahiwal,F,72,H00320,A08,1
KE-003270,cattle,Zebu,F,57,H00320,A08,1
KE-003271,cattle,Friesian cross,F,80,H00320,A08,0
KE-003272,cattle,Zebu,F,60,H00320,A08,0
KE-003273,cattle,Sahiwal,F,28,H00321,A08,0
KE-003274,cattle,Boran,F,23,H00321,A08,0
KE-003275,cattle,Sahiwal,F,63,H00321,A08,0
KE-003276,cattle,Ayrshire cross,F,71,H00321,A08,0
KE-003277,cattle,Sahiwal,F,111,H00321,A08,1
KE-003278,cattle,Boran,F,86,H00321,A08,0
KE-003279,cattle,Friesian cross,M,67,H00321,A08,0
KE-003280,cattle,Sahiwal,F,21,H00321,A08,0
KE-003281,cattle,Ayrshire cross,F,111,H00321,A08,0
KE-003282,cattle,Friesian cross,F,109,H00321,A08,0
KE-003283,cattle,Boran,M,19,H00321,A08,0
KE-003284,cattle,Zebu,F,96,H00321,A08,0
KE-003285,cattle,Sahiwal,M,25,H00321,A08,1
KE-003286,cattle,Ayrshire cross,M,79,H00321,A08,1
KE-003287,cattle,Sahiwal,F,47,H00321,A08,0
KE-003288,cattle,Ayrshire cross,F,119,H00321,A08,0
KE-003289,cattle,Boran,F,20,H00321,A08,0
KE-003290,cattle,Zebu,F,105,H00321,A08,0
KE-003291,cattle,Ayrshire cross,M,107,H00322,A08,0
KE-003292,cattle,Friesian cross,F,23,H00322,A08,0
KE-003293,cattle,Boran,F,63,H00322,A08,1
KE-003294,cattle,Zebu,F,50,H00322,A08,0
KE-003295,cattle,Friesian cross,F,50,H00322,A08,0
KE-003296,cattle,Sahiwal,F,75,H00323,A08,0
KE-003297,cattle,Ayrshire cross,F,53,H00323,A08,0
KE-003298,cattle,Ayrshire cross,M,79,H00323,A08,1
KE-003299,cattle,Zebu,F,40,H00323,A08,0
KE-003300,cattle,Boran,M,54,H00323,A08,1
KE-003301,cattle,Ayrshire cross,F,77,H00323,A08,0
KE-003302,cattle,Zebu,F,87,H00323,A08,1
KE-003303,cattle,Friesian cross,M,50,H00323,A08,1
KE-003304,cattle,Friesian cross,M,114,H00323,A08,0
KE-003305,cattle,Ayrshire cross,M,40,H00323,A08,1
KE-003306,cattle,Friesian cross,F,105,H00323,A08,1
KE-003307,cattle,Sahiwal,M,43,H00324,A08,0
KE-003308,cattle,Boran,F,65,H00324,A08,0
KE-003309,cattle,Boran,M,100,H00324,A08,0
KE-003310,cattle,Sahiwal,M,79,H00324,A08,1
KE-003311,cattle,Ayrshire cross,F,50,H00324,A08,0
KE-003312,cattle,Friesian cross,F,94,H00324,A08,0
KE-003313,cattle,Sahiwal,M,10,H00325,A08,0
KE-003314,cattle,Sahiwal,M,65,H00325,A08,1
KE-003315,cattle,Zebu,M,102,H00325,A08,1
KE-003316,cattle,Boran,F,117,H00325,A08,0
KE-003317,cattle,Ayrshire cross,M,25,H00325,A08,1
KE-003318,cattle,Sahiwal,F,15,H00325,A08,0
KE-003319,cattle,Friesian cross,F,37,H00325,A08,0
KE-003320,cattle,Friesian cross,F,102,H00325,A08,0
KE-003321,cattle,Boran,F,114,H00325,A08,0
KE-003322,cattle,Boran,F,107,H00326,A08,0
KE-003323,cattle,Zebu,M,40,H00326,A08,0
KE-003324,cattle,Boran,F,77,H00326,A08,0
KE-003325,cattle,Boran,F,7,H00326,A08,1
KE-003326,cattle,Zebu,M,19,H00326,A08,1
KE-003327,cattle,Sahiwal,F,15,H00326,A08,1
KE-003328,cattle,Zebu,F,22,H00326,A08,1
KE-003329,cattle,Sahiwal,M,67,H00326,A08,0
KE-003330,cattle,Zebu,F,91,H00326,A08,0
KE-003331,cattle,Zebu,F,65,H00326,A08,0
KE-003332,cattle,Boran,F,43,H00326,A08,1
KE-003333,cattle,Friesian cross,F,96,H00326,A08,0
KE-003334,cattle,Ayrshire cross,F,104,H00326,A08,1
KE-003335,cattle,Friesian cross,F,54,H00326,A08,0
KE-003336,cattle,Ayrshire cross,M,84,H00326,A08,0
KE-003337,cattle,Boran,M,86,H00326,A08,1
KE-003338,cattle,Sahiwal,F,31,H00326,A08,0
KE-003339,cattle,Zebu,F,105,H00326,A08,0
KE-003340,cattle,Friesian cross,F,111,H00326,A08,1
KE-003341,cattle,Zebu,M,110,H00326,A08,0
KE-003342,cattle,Friesian cross,M,34,H00326,A08,0
KE-003343,cattle,Sahiwal,F,82,H00326,A08,0
KE-003344,cattle,Ayrshire cross,M,99,H00326,A08,0
KE-003345,cattle,Zebu,M,65,H00326,A08,0
KE-003346,cattle,Friesian cross,F,53,H00326,A08,1
KE-003347,cattle,Ayrshire cross,F,92,H00326,A08,1
KE-003348,cattle,Sahiwal,M,109,H00326,A08,1
KE-003349,cattle,Friesian cross,M,41,H00326,A08,0
KE-003350,cattle,Friesian cross,F,59,H00327,A08,1
KE-003351,cattle,Zebu,F,88,H00327,A08,0
KE-003352,cattle,Friesian cross,F,25,H00327,A08,1
KE-003353,cattle,Friesian cross,F,105,H00327,A08,1
KE-003354,cattle,Boran,M,21,H00327,A08,0
KE-003355,cattle,Zebu,M,113,H00327,A08,0
KE-003356,cattle,Ayrshire cross,F,80,H00327,A08,0
KE-003357,cattle,Friesian cross,F,115,H00327,A08,0
KE-003358,cattle,Boran,F,29,H00327,A08,0
KE-003359,cattle,Boran,F,113,H00327,A08,0
KE-003360,cattle,Boran,F,87,H00327,A08,0
KE-003361,cattle,Boran,M,80,H00327,A08,0
KE-003362,cattle,Ayrshire cross,F,10,H00327,A08,1
KE-003363,cattle,Sahiwal,F,23,H00327,A08,0
KE-003364,cattle,Friesian cross,M,57,H00327,A08,0
KE-003365,cattle,Ayrshire cross,M,42,H00327,A08,0
KE-003366,cattle,Friesian cross,M,46,H00327,A08,0
KE-003367,cattle,Zebu,F,27,H00328,A08,0
KE-003368,cattle,Ayrshire cross,M,47,H00328,A08,0
KE-003369,cattle,Boran,M,59,H00328,A08,0
KE-003370,cattle,Zebu,F,53,H00328,A08,0
KE-003371,cattle,Ayrshire cross,F,51,H00328,A08,0
KE-003372,cattle,Ayrshire cross,F,22,H00328,A08,0
KE-003373,cattle,Friesian cross,F,36,H00328,A08,0
KE-003374,cattle,Boran,F,40,H00328,A08,0
KE-003375,cattle,Boran,F,16,H00329,A08,0
KE-003376,cattle,Boran,F,76,H00329,A08,0
KE-003377,cattle,Sahiwal,M,17,H00329,A08,0
KE-003378,cattle,Sahiwal,F,53,H00329,A08,1
KE-003379,cattle,Friesian cross,F,111,H00329,A08,0
KE-003380,cattle,Ayrshire cross,F,63,H00329,A08,0
KE-003381,cattle,Zebu,F,30,H00330,A08,0
KE-003382,cattle,Boran,M,33,H00330,A08,0
KE-003383,cattle,Zebu,F,11,H00330,A08,1
KE-003384,cattle,Friesian cross,M,76,H00330,A08,0
KE-003385,cattle,Zebu,F,111,H00330,A08,0
KE-003386,cattle,Sahiwal,M,32,H00330,A08,1
KE-003387,cattle,Friesian cross,F,23,H00330,A08,1
KE-003388,cattle,Zebu,F,27,H00330,A08,0
KE-003389,cattle,Zebu,F,94,H00330,A08,0
KE-003390,cattle,Boran,M,54,H00330,A08,1
KE-003391,cattle,Zebu,F,70,H00330,A08,1
KE-003392,cattle,Zebu,M,72,H00330,A08,0
KE-003393,cattle,Sahiwal,F,46,H00331,A08,0
KE-003394,cattle,Boran,F,12,H00331,A08,0
KE-003395,cattle,Boran,F,31,H00331,A08,1
KE-003396,cattle,Friesian cross,M,73,H00331,A08,0
KE-003397,cattle,Zebu,F,80,H00331,A08,0
KE-003398,cattle,Ayrshire cross,F,88,H00331,A08,1
KE-003399,cattle,Ayrshire cross,F,79,H00332,A08,0
KE-003400,cattle,Boran,M,95,H00332,A08,0
KE-003401,cattle,Boran,M,77,H00332,A08,0
KE-003402,cattle,Ayrshire cross,F,6,H00332,A08,1
KE-003403,cattle,Ayrshire cross,F,39,H00332,A08,0
KE-003404,cattle,Boran,F,7,H00332,A08,1
KE-003405,cattle,Ayrshire cross,M,80,H00332,A08,0
KE-003406,cattle,Sahiwal,F,57,H00332,A08,0
KE-003407,cattle,Boran,M,18,H00333,A08,0
KE-003408,cattle,Boran,F,63,H00333,A08,1
KE-003409,cattle,Ayrshire cross,F,68,H00333,A08,0
KE-003410,cattle,Zebu,F,79,H00333,A08,1
KE-003411,cattle,Boran,F,60,H00333,A08,0
KE-003412,cattle,Sahiwal,M,75,H00333,A08,0
KE-003413,cattle,Sahiwal,M,37,H00333,A08,0
KE-003414,cattle,Sahiwal,F,86,H00333,A08,0
KE-003415,cattle,Boran,F,31,H00333,A08,0
KE-003416,cattle,Friesian cross,M,21,H00333,A08,0
KE-003417,cattle,Ayrshire cross,F,20,H00333,A08,0
KE-003418,cattle,Friesian cross,F,94,H00333,A08,1
KE-003419,cattle,Zebu,F,34,H00333,A08,0
KE-003420,cattle,Sahiwal,F,30,H00333,A08,1
KE-003421,cattle,Sahiwal,M,74,H00334,A08,0
KE-003422,cattle,Zebu,M,70,H00334,A08,0
KE-003423,cattle,Sahiwal,F,104,H00334,A08,1
KE-003424,cattle,Friesian cross,F,98,H00334,A08,0
KE-003425,cattle,Ayrshire cross,F,26,H00334,A08,0
KE-003426,cattle,Ayrshire cross,F,30,H00334,A08,1
KE-003427,cattle,Friesian cross,M,61,H00334,A08,0
KE-003428,cattle,Boran,F,110,H00334,A08,0
KE-003429,cattle,Ayrshire cross,F,32,H00334,A08,0
KE-003430,cattle,Sahiwal,F,15,H00334,A08,0
KE-003431,cattle,Boran,F,71,H00334,A08,0
KE-003432,cattle,Ayrshire cross,M,63,H00334,A08,0
KE-003433,cattle,Ayrshire cross,F,6,H00334,A08,1
KE-003434,cattle,Boran,F,86,H00334,A08,0
KE-003435,cattle,Ayrshire cross,F,64,H00334,A08,1
KE-003436,cattle,Zebu,F,29,H00334,A08,0
KE-003437,cattle,Sahiwal,F,113,H00334,A08,0
KE-003438,cattle,Boran,M,23,H00334,A08,1
KE-003439,cattle,Friesian cross,F,80,H00334,A08,1
KE-003440,cattle,Sahiwal,F,69,H00334,A08,0
KE-003441,cattle,Friesian cross,M,41,H00334,A08,1
KE-003442,cattle,Boran,M,67,H00334,A08,0
KE-003443,cattle,Boran,F,42,H00334,A08,1
KE-003444,cattle,Sahiwal,F,68,H00335,A08,0
KE-003445,cattle,Sahiwal,F,102,H00335,A08,1
KE-003446,cattle,Friesian cross,F,50,H00335,A08,0
KE-003447,cattle,Ayrshire cross,F,77,H00335,A08,0
KE-003448,cattle,Ayrshire cross,F,52,H00335,A08,1
KE-003449,cattle,Friesian cross,F,75,H00335,A08,1
KE-003450,cattle,Sahiwal,M,44,H00335,A08,0
KE-003451,cattle,Friesian cross,F,45,H00335,A08,0
KE-003452,cattle,Friesian cross,M,46,H00335,A08,0
KE-003453,cattle,Boran,M,83,H00335,A08,0
KE-003454,cattle,Boran,F,34,H00335,A08,0
KE-003455,cattle,Friesian cross,M,54,H00335,A08,1
KE-003456,cattle,Boran,F,59,H00335,A08,1
KE-003457,cattle,Boran,M,74,H00335,A08,0
KE-003458,cattle,Boran,F,43,H00335,A08,0
KE-003459,cattle,Sahiwal,M,63,H00335,A08,0
KE-003460,cattle,Ayrshire cross,M,105,H00336,A08,0
KE-003461,cattle,Ayrshire cross,M,78,H00336,A08,0
KE-003462,cattle,Ayrshire cross,F,54,H00336,A08,0
KE-003463,cattle,Zebu,M,90,H00337,A08,0
KE-003464,cattle,Friesian cross,F,23,H00337,A08,0
KE-003465,cattle,Sahiwal,M,77,H00337,A08,1
KE-003466,cattle,Zebu,M,102,H00337,A08,1
KE-003467,cattle,Ayrshire cross,M,20,H00337,A08,1
KE-003468,cattle,Ayrshire cross,F,96,H00337,A08,0
KE-003469,cattle,Zebu,M,37,H00337,A08,0
KE-003470,cattle,Friesian cross,M,94,H00337,A08,0
KE-003471,cattle,Zebu,F,113,H00337,A08,0
KE-003472,cattle,Friesian cross,F,37,H00337,A08,0
KE-003473,cattle,Friesian cross,M,44,H00337,A08,0
KE-003474,cattle,Ayrshire cross,F,56,H00337,A08,0
KE-003475,cattle,Friesian cross,M,7,H00337,A08,0
KE-003476,cattle,Boran,F,61,H00337,A08,0
KE-003477,cattle,Sahiwal,F,42,H00338,A08,0
KE-003478,cattle,Friesian cross,F,108,H00338,A08,1
KE-003479,cattle,Boran,F,27,H00338,A08,1
KE-003480,cattle,Friesian cross,F,92,H00338,A08,0
KE-003481,cattle,Boran,F,36,H00338,A08,1
KE-003482,cattle,Boran,M,89,H00338,A08,1
KE-003483,cattle,Zebu,F,114,H00338,A08,0
KE-003484,cattle,Boran,F,85,H00338,A08,0
KE-003485,cattle,Zebu,M,13,H00338,A08,0
KE-003486,cattle,Zebu,F,107,H00338,A08,0
KE-003487,cattle,Zebu,F,22,H00338,A08,1
KE-003488,cattle,Boran,F,26,H00338,A08,0
KE-003489,cattle,Ayrshire cross,F,32,H00339,A08,0
KE-003490,cattle,Ayrshire cross,F,42,H00339,A08,1
KE-003491,cattle,Boran,F,19,H00339,A08,0
KE-003492,cattle,Boran,F,39,H00339,A08,0
KE-003493,cattle,Zebu,F,40,H00339,A08,0
KE-003494,cattle,Boran,F,39,H00339,A08,0
KE-003495,cattle,Zebu,M,84,H00339,A08,0
KE-003496,cattle,Ayrshire cross,F,67,H00339,A08,0
KE-003497,cattle,Zebu,M,85,H00339,A08,0
KE-003498,cattle,Zebu,F,100,H00339,A08,1
KE-003499,cattle,Ayrshire cross,F,45,H00339,A08,0
KE-003500,cattle,Sahiwal,M,32,H00339,A08,0
KE-003501,cattle,Friesian cross,F,23,H00339,A08,0
KE-003502,cattle,Ayrshire cross,F,89,H00339,A08,1
KE-003503,cattle,Ayrshire cross,F,39,H00339,A08,1
KE-003504,cattle,Ayrshire cross,F,116,H00340,A08,1
KE-003505,cattle,Sahiwal,M,105,H00340,A08,0
KE-003506,cattle,Ayrshire cross,M,79,H00340,A08,1
KE-003507,cattle,Zebu,M,33,H00340,A08,0
KE-003508,cattle,Ayrshire cross,F,119,H00340,A08,0
KE-003509,cattle,Sahiwal,M,45,H00340,A08,0
KE-003510,cattle,Ayrshire cross,F,25,H00340,A08,0
KE-003511,cattle,Ayrshire cross,F,102,H00340,A08,0
KE-003512,cattle,Ayrshire cross,F,45,H00340,A08,1
KE-003513,cattle,Zebu,F,109,H00340,A08,0
KE-003514,cattle,Sahiwal,M,22,H00340,A08,0
KE-003515,cattle,Boran,F,32,H00340,A08,0
KE-003516,cattle,Friesian cross,M,52,H00340,A08,0
KE-003517,cattle,Ayrshire cross,M,54,H00340,A08,0
KE-003518,cattle,Sahiwal,F,20,H00340,A08,1
KE-003519,cattle,Zebu,F,74,H00340,A08,0
KE-003520,cattle,Boran,M,36,H00340,A08,1
KE-003521,cattle,Zebu,F,59,H00340,A08,1
KE-003522,cattle,Zebu,F,7,H00340,A08,0
KE-003523,cattle,Sahiwal,M,17,H00340,A08,0
KE-003524,cattle,Sahiwal,F,63,H00340,A08,1
KE-003525,cattle,Sahiwal,M,86,H00340,A08,0
KE-003526,cattle,Boran,M,36,H00340,A08,1
KE-003527,cattle,Boran,F,62,H00340,A08,1
KE-003528,cattle,Zebu,M,78,H00340,A08,1
KE-003529,cattle,Sahiwal,F,69,H00340,A08,0
KE-003530,cattle,Boran,F,80,H00340,A08,1
KE-003531,cattle,Sahiwal,F,78,H00340,A08,0
KE-003532,cattle,Zebu,M,110,H00340,A08,1
KE-003533,cattle,Sahiwal,M,87,H00340,A08,1
KE-003534,cattle,Ayrshire cross,F,36,H00341,A08,0
KE-003535,cattle,Ayrshire cross,M,114,H00341,A08,1
KE-003536,cattle,Ayrshire cross,F,66,H00341,A08,1
KE-003537,cattle,Friesian cross,F,13,H00341,A08,0
KE-003538,cattle,Ayrshire cross,M,101,H00342,A08,1
KE-003539,cattle,Zebu,F,90,H00342,A08,0
KE-003540,cattle,Friesian cross,F,64,H00342,A08,1
KE-003541,cattle,Ayrshire cross,F,36,H00342,A08,0
KE-003542,cattle,Friesian cross,F,38,H00342,A08,0
KE-003543,cattle,Ayrshire cross,F,70,H00342,A08,0
KE-003544,cattle,Friesian cross,F,31,H00342,A08,0
KE-003545,cattle,Sahiwal,M,54,H00342,A08,1
KE-003546,cattle,Friesian cross,M,76,H00343,A08,0
KE-003547,cattle,Ayrshire cross,F,22,H00343,A08,0
KE-003548,cattle,Zebu,F,77,H00343,A08,1
KE-003549,cattle,Ayrshire cross,F,95,H00343,A08,0
KE-003550,cattle,Ayrshire cross,F,106,H00343,A08,1
KE-003551,cattle,Boran,M,75,H00343,A08,1
KE-003552,cattle,Friesian cross,F,83,H00343,A08,1
KE-003553,cattle,Sahiwal,F,108,H00343,A08,1
KE-003554,cattle,Ayrshire cross,F,94,H00343,A08,0
KE-003555,cattle,Ayrshire cross,F,97,H00343,A08,0
KE-003556,cattle,Friesian cross,F,41,H00343,A08,0
KE-003557,cattle,Zebu,M,42,H00343,A08,0
KE-003558,cattle,Boran,F,102,H00343,A08,1
KE-003559,cattle,Ayrshire cross,F,107,H00343,A08,0
KE-003560,cattle,Sahiwal,F,100,H00343,A08,1
KE-003561,cattle,Boran,F,77,H00343,A08,1
KE-003562,cattle,Boran,M,72,H00344,A09,0
KE-003563,cattle,Boran,M,33,H00344,A09,0
KE-003564,cattle,Sahiwal,F,114,H00344,A09,0
KE-003565,cattle,Zebu,M,93,H00344,A09,1
KE-003566,cattle,Sahiwal,F,8,H00344,A09,1
KE-003567,cattle,Ayrshire cross,M,39,H00344,A09,1
KE-003568,cattle,Zebu,F,112,H00344,A09,0
KE-003569,cattle,Ayrshire cross,F,38,H00344,A09,0
KE-003570,cattle,Boran,F,111,H00344,A09,1
KE-003571,cattle,Friesian cross,F,114,H00344,A09,0
KE-003572,cattle,Sahiwal,F,12,H00344,A09,0
KE-003573,cattle,Sahiwal,F,68,H00344,A09,0
KE-003574,cattle,Friesian cross,M,90,H00344,A09,1
KE-003575,cattle,Zebu,F,42,H00344,A09,0
KE-003576,cattle,Ayrshire cross,M,45,H00344,A09,0
KE-003577,cattle,Zebu,M,75,H00344,A09,0
KE-003578,cattle,Sahiwal,F,60,H00344,A09,0
KE-003579,cattle,Zebu,M,35,H00344,A09,0
KE-003580,cattle,Zebu,F,20,H00344,A09,0
KE-003581,cattle,Zebu,F,110,H00344,A09,1
KE-003582,cattle,Zebu,M,52,H00344,A09,0
KE-003583,cattle,Boran,F,23,H00344,A09,0
KE-003584,cattle,Boran,F,93,H00344,A09,0
KE-003585,cattle,Ayrshire cross,F,72,H00344,A09,1
KE-003586,cattle,Friesian cross,F,48,H00344,A09,0
KE-003587,cattle,Boran,M,100,H00344,A09,1
KE-003588,cattle,Ayrshire cross,M,13,H00344,A09,0
KE-003589,cattle,Boran,M,23,H00345,A09,1
KE-003590,cattle,Boran,M,14,H00345,A09,0
KE-003591,cattle,Ayrshire cross,M,50,H00345,A09,0
KE-003592,cattle,Friesian cross,F,9,H00345,A09,1
KE-003593,cattle,Friesian cross,F,60,H00345,A09,0
KE-003594,cattle,Boran,M,27,H00345,A09,0
KE-003595,cattle,Ayrshire cross,F,107,H00345,A09,0
KE-003596,cattle,Friesian cross,F,68,H00345,A09,0
KE-003597,cattle,Ayrshire cross,F,95,H00345,A09,0
KE-003598,cattle,Ayrshire cross,F,71,H00345,A09,0
KE-003599,cattle,Zebu,F,92,H00345,A09,0
KE-003600,cattle,Ayrshire cross,M,75,H00345,A09,1
KE-003601,cattle,Ayrshire cross,F,32,H00345,A09,0
KE-003602,cattle,Sahiwal,F,57,H00345,A09,1
KE-003603,cattle,Boran,F,107,H00346,A09,0
KE-003604,cattle,Sahiwal,F,18,H00346,A09,1
KE-003605,cattle,Sahiwal,F,47,H00346,A09,1
KE-003606,cattle,Ayrshire cross,F,45,H00346,A09,0
KE-003607,cattle,Friesian cross,F,19,H00346,A09,1
KE-003608,cattle,Ayrshire cross,M,85,H00346,A09,0
KE-003609,cattle,Ayrshire cross,M,16,H00346,A09,0
KE-003610,cattle,Sahiwal,F,59,H00346,A09,0
KE-003611,cattle,Sahiwal,M,115,H00346,A09,0
KE-003612,cattle,Boran,M,75,H00346,A09,1
KE-003613,cattle,Boran,M,23,H00346,A09,1
KE-003614,cattle,Boran,F,49,H00346,A09,1
KE-003615,cattle,Ayrshire cross,F,8,H00346,A09,0
KE-003616,cattle,Boran,F,68,H00346,A09,0
KE-003617,cattle,Zebu,M,73,H00346,A09,0
KE-003618,cattle,Boran,M,6,H00346,A09,0
KE-003619,cattle,Boran,F,12,H00346,A09,0
KE-003620,cattle,Ayrshire cross,F,22,H00346,A09,1
KE-003621,cattle,Zebu,M,7,H00346,A09,0
KE-003622,cattle,Friesian cross,M,95,H00347,A09,0
KE-003623,cattle,Ayrshire cross,F,55,H00347,A09,1
KE-003624,cattle,Friesian cross,F,77,H00347,A09,0
KE-003625,cattle,Sahiwal,F,46,H00347,A09,0
KE-003626,cattle,Zebu,F,100,H00347,A09,0
KE-003627,cattle,Ayrshire cross,M,62,H00347,A09,0
KE-003628,cattle,Sahiwal,F,67,H00347,A09,1
KE-003629,cattle,Sahiwal,F,95,H00347,A09,1
KE-003630,cattle,Friesian cross,F,25,H00348,A09,0
KE-003631,cattle,Boran,M,47,H00348,A09,0
KE-003632,cattle,Sahiwal,M,44,H00348,A09,1
KE-003633,cattle,Friesian cross,F,53,H00348,A09,1
KE-003634,cattle,Ayrshire cross,F,13,H00348,A09,0
KE-003635,cattle,Sahiwal,M,67,H00348,A09,0
KE-003636,cattle,Ayrshire cross,F,77,H00348,A09,0
KE-003637,cattle,Boran,M,49,H00348,A09,0
KE-003638,cattle,Ayrshire cross,F,28,H00348,A09,0
KE-003639,cattle,Boran,F,70,H00348,A09,0
KE-003640,cattle,Sahiwal,F,97,H00348,A09,0
KE-003641,cattle,Boran,M,19,H00348,A09,1
KE-003642,cattle,Zebu,F,29,H00348,A09,0
KE-003643,cattle,Zebu,F,85,H00348,A09,1
KE-003644,cattle,Friesian cross,F,91,H00348,A09,1
KE-003645,cattle,Sahiwal,F,115,H00348,A09,0
KE-003646,cattle,Sahiwal,M,34,H00348,A09,0
KE-003647,cattle,Sahiwal,M,51,H00348,A09,0
KE-003648,cattle,Sahiwal,F,98,H00349,A09,0
KE-003649,cattle,Sahiwal,F,107,H00349,A09,1
KE-003650,cattle,Friesian cross,M,29,H00349,A09,1
KE-003651,cattle,Boran,F,38,H00349,A09,1
KE-003652,cattle,Sahiwal,F,40,H00349,A09,1
KE-003653,cattle,Friesian cross,F,119,H00349,A09,0
KE-003654,cattle,Boran,F,59,H00349,A09,1
KE-003655,cattle,Boran,F,63,H00349,A09,1
KE-003656,cattle,Ayrshire cross,F,115,H00349,A09,0
KE-003657,cattle,Boran,F,24,H00349,A09,0
KE-003658,cattle,Boran,F,36,H00349,A09,1
KE-003659,cattle,Friesian cross,M,14,H00349,A09,1
KE-003660,cattle,Zebu,F,117,H00349,A09,0
KE-003661,cattle,Friesian cross,F,48,H00349,A09,0
KE-003662,cattle,Sahiwal,F,101,H00349,A09,0
KE-003663,cattle,Ayrshire cross,F,100,H00349,A09,0
KE-003664,cattle,Friesian cross,F,35,H00349,A09,0
KE-003665,cattle,Ayrshire cross,M,50,H00349,A09,0
KE-003666,cattle,Friesian cross,M,109,H00349,A09,0
KE-003667,cattle,Friesian cross,F,62,H00349,A09,0
KE-003668,cattle,Zebu,M,27,H00349,A09,0
KE-003669,cattle,Zebu,F,75,H00349,A09,0
KE-003670,cattle,Ayrshire cross,M,82,H00350,A09,1
KE-003671,cattle,Ayrshire cross,F,72,H00350,A09,0
KE-003672,cattle,Ayrshire cross,F,68,H00350,A09,0
KE-003673,cattle,Friesian cross,F,58,H00350,A09,0
KE-003674,cattle,Sahiwal,M,80,H00350,A09,1
KE-003675,cattle,Friesian cross,M,18,H00350,A09,1
KE-003676,cattle,Zebu,F,19,H00350,A09,1
KE-003677,cattle,Ayrshire cross,F,119,H00350,A09,1
KE-003678,cattle,Friesian cross,M,110,H00350,A09,1
KE-003679,cattle,Sahiwal,F,106,H00350,A09,0
KE-003680,cattle,Sahiwal,F,7,H00350,A09,1
KE-003681,cattle,Ayrshire cross,F,86,H00350,A09,0
KE-003682,cattle,Sahiwal,F,85,H00350,A09,0
KE-003683,cattle,Boran,F,47,H00351,A09,1
KE-003684,cattle,Sahiwal,F,44,H00351,A09,0
KE-003685,cattle,Ayrshire cross,F,78,H00351,A09,0
KE-003686,cattle,Ayrshire cross,F,95,H00351,A09,0
KE-003687,cattle,Friesian cross,F,107,H00351,A09,0
KE-003688,cattle,Ayrshire cross,F,114,H00351,A09,0
KE-003689,cattle,Boran,F,41,H00351,A09,1
KE-003690,cattle,Boran,M,6,H00351,A09,1
KE-003691,cattle,Zebu,M,116,H00351,A09,0
KE-003692,cattle,Boran,F,116,H00351,A09,0
KE-003693,cattle,Sahiwal,F,93,H00351,A09,0
KE-003694,cattle,Zebu,F,28,H00351,A09,1
KE-003695,cattle,Friesian cross,F,55,H00351,A09,0
KE-003696,cattle,Sahiwal,M,81,H00352,A09,0
KE-003697,cattle,Ayrshire cross,M,116,H00352,A09,0
KE-003698,cattle,Friesian cross,M,29,H00352,A09,1
KE-003699,cattle,Friesian cross,F,23,H00352,A09,0
KE-003700,cattle,Sahiwal,F,83,H00352,A09,0
KE-003701,cattle,Sahiwal,F,25,H00352,A09,1
KE-003702,cattle,Ayrshire cross,M,43,H00352,A09,1
KE-003703,cattle,Boran,F,28,H00352,A09,0
KE-003704,cattle,Friesian cross,M,118,H00352,A09,0
KE-003705,cattle,Boran,F,109,H00352,A09,1
KE-003706,cattle,Friesian cross,F,64,H00352,A09,0
KE-003707,cattle,Sahiwal,F,58,H00352,A09,0
KE-003708,cattle,Sahiwal,F,49,H00352,A09,0
KE-003709,cattle,Boran,F,85,H00352,A09,1
KE-003710,cattle,Zebu,F,17,H00353,A09,1
KE-003711,cattle,Friesian cross,M,23,H00353,A09,0
KE-003712,cattle,Zebu,F,95,H00353,A09,0
KE-003713,cattle,Zebu,M,90,H00353,A09,0
KE-003714,cattle,Friesian cross,M,89,H00353,A09,0
KE-003715,cattle,Zebu,F,30,H00353,A09,0
KE-003716,cattle,Sahiwal,F,16,H00353,A09,1
KE-003717,cattle,Boran,M,40,H00354,A09,0
KE-003718,cattle,Ayrshire cross,F,33,H00354,A09,1
KE-003719,cattle,Boran,F,82,H00354,A09,1
KE-003720,cattle,Ayrshire cross,F,64,H00354,A09,0
KE-003721,cattle,Zebu,M,112,H00354,A09,1
KE-003722,cattle,Ayrshire cross,M,90,H00354,A09,0
KE-003723,cattle,Boran,F,35,H00354,A09,1
KE-003724,cattle,Friesian cross,M,8,H00354,A09,0
KE-003725,cattle,Friesian cross,M,34,H00354,A09,0
KE-003726,cattle,Zebu,M,119,H00354,A09,0
KE-003727,cattle,Sahiwal,F,94,H00354,A09,1
KE-003728,cattle,Friesian cross,F,110,H00355,A09,0
KE-003729,cattle,Boran,F,75,H00355,A09,1
KE-003730,cattle,Boran,F,59,H00355,A09,0
KE-003731,cattle,Sahiwal,F,14,H00355,A09,1
KE-003732,cattle,Zebu,F,75,H00355,A09,1
KE-003733,cattle,Ayrshire cross,F,97,H00355,A09,0
KE-003734,cattle,Ayrshire cross,F,37,H00355,A09,1
KE-003735,cattle,Boran,F,106,H00355,A09,1
KE-003736,cattle,Zebu,F,67,H00355,A09,0
KE-003737,cattle,Boran,F,118,H00355,A09,0
KE-003738,cattle,Boran,M,45,H00355,A09,0
KE-003739,cattle,Zebu,M,26,H00356,A09,0
KE-003740,cattle,Ayrshire cross,F,55,H00356,A09,0
KE-003741,cattle,Sahiwal,F,100,H00356,A09,1
KE-003742,cattle,Ayrshire cross,F,40,H00356,A09,1
KE-003743,cattle,Boran,F,94,H00356,A09,0
KE-003744,cattle,Boran,F,101,H00356,A09,1
KE-003745,cattle,Boran,F,114,H00356,A09,0
KE-003746,cattle,Sahiwal,F,13,H00356,A09,0
KE-003747,cattle,Boran,F,48,H00356,A09,1
KE-003748,cattle,Ayrshire cross,F,70,H00356,A09,0
KE-003749,cattle,Ayrshire cross,F,72,H00356,A09,1
KE-003750,cattle,Boran,F,62,H00356,A09,1
KE-003751,cattle,Zebu,F,83,H00356,A09,1
KE-003752,cattle,Boran,F,90,H00356,A09,1
KE-003753,cattle,Friesian cross,M,80,H00357,A09,1
KE-003754,cattle,Ayrshire cross,F,20,H00357,A09,0
KE-003755,cattle,Boran,F,57,H00357,A09,0
KE-003756,cattle,Boran,F,114,H00357,A09,1
KE-003757,cattle,Ayrshire cross,F,36,H00357,A09,0
KE-003758,cattle,Friesian cross,F,105,H00357,A09,1
KE-003759,cattle,Boran,M,65,H00357,A09,1
KE-003760,cattle,Boran,M,94,H00357,A09,0
KE-003761,cattle,Zebu,F,76,H00357,A09,1
KE-003762,cattle,Sahiwal,F,54,H00357,A09,0
KE-003763,cattle,Ayrshire cross,F,100,H00357,A09,0
KE-003764,cattle,Ayrshire cross,F,32,H00357,A09,0
KE-003765,cattle,Boran,M,21,H00357,A09,1
KE-003766,cattle,Zebu,F,99,H00357,A09,0
KE-003767,cattle,Zebu,F,91,H00357,A09,1
KE-003768,cattle,Boran,F,102,H00357,A09,1
KE-003769,cattle,Boran,F,53,H00357,A09,0
KE-003770,cattle,Ayrshire cross,F,101,H00357,A09,1
KE-003771,cattle,Ayrshire cross,F,35,H00357,A09,0
KE-003772,cattle,Sahiwal,F,18,H00357,A09,0
KE-003773,cattle,Boran,F,95,H00357,A09,1
KE-003774,cattle,Ayrshire cross,F,109,H00358,A09,0
KE-003775,cattle,Boran,M,91,H00358,A09,1
KE-003776,cattle,Ayrshire cross,F,108,H00358,A09,0
KE-003777,cattle,Sahiwal,F,24,H00358,A09,1
KE-003778,cattle,Friesian cross,M,97,H00358,A09,1
KE-003779,cattle,Boran,F,43,H00358,A09,1
KE-003780,cattle,Zebu,F,95,H00359,A09,0
KE-003781,cattle,Ayrshire cross,F,111,H00359,A09,0
KE-003782,cattle,Boran,M,119,H00359,A09,0
KE-003783,cattle,Boran,F,8,H00359,A09,0
KE-003784,cattle,Sahiwal,M,48,H00359,A09,0
KE-003785,cattle,Zebu,F,54,H00359,A09,0
KE-003786,cattle,Ayrshire cross,F,105,H00359,A09,1
KE-003787,cattle,Zebu,M,115,H00359,A09,0
KE-003788,cattle,Ayrshire cross,F,100,H00359,A09,0
KE-003789,cattle,Ayrshire cross,F,103,H00359,A09,0
KE-003790,cattle,Zebu,M,37,H00359,A09,0
KE-003791,cattle,Friesian cross,M,65,H00360,A09,0
KE-003792,cattle,Zebu,M,95,H00360,A09,0
KE-003793,cattle,Friesian cross,M,10,H00360,A09,0
KE-003794,cattle,Ayrshire cross,M,20,H00360,A09,0
KE-003795,cattle,Ayrshire cross,M,42,H00360,A09,1
KE-003796,cattle,Sahiwal,F,76,H00360,A09,1
KE-003797,cattle,Ayrshire cross,F,54,H00360,A09,1
KE-003798,cattle,Friesian cross,F,80,H00360,A09,0
KE-003799,cattle,Ayrshire cross,F,51,H00360,A09,0
KE-003800,cattle,Zebu,F,61,H00360,A09,0
KE-003801,cattle,Ayrshire cross,F,105,H00360,A09,1
KE-003802,cattle,Sahiwal,F,119,H00360,A09,0
KE-003803,cattle,Zebu,F,75,H00360,A09,0
KE-003804,cattle,Zebu,F,119,H00360,A09,0
KE-003805,cattle,Ayrshire cross,F,87,H00360,A09,0
KE-003806,cattle,Sahiwal,F,58,H00360,A09,0
KE-003807,cattle,Zebu,F,113,H00360,A09,0
KE-003808,cattle,Sahiwal,F,30,H00360,A09,1
KE-003809,cattle,Zebu,F,103,H00360,A09,1
KE-003810,cattle,Zebu,F,90,H00360,A09,1
KE-003811,cattle,Boran,M,32,H00360,A09,0
KE-003812,cattle,Friesian cross,F,92,H00360,A09,0
KE-003813,cattle,Sahiwal,F,96,H00360,A09,1
KE-003814,cattle,Boran,F,49,H00360,A09,1
KE-003815,cattle,Sahiwal,F,114,H00360,A09,0
KE-003816,cattle,Zebu,F,19,H00360,A09,0
KE-003817,cattle,Ayrshire cross,F,112,H00360,A09,0
KE-003818,cattle,Sahiwal,F,40,H00361,A09,0
KE-003819,cattle,Zebu,M,77,H00361,A09,0
KE-003820,cattle,Zebu,F,111,H00361,A09,1
KE-003821,cattle,Zebu,M,68,H00361,A09,0
KE-003822,cattle,Friesian cross,F,43,H00361,A09,1
KE-003823,cattle,Boran,F,26,H00361,A09,1
KE-003824,cattle,Zebu,F,88,H00361,A09,1
KE-003825,cattle,Ayrshire cross,F,64,H00361,A09,0
KE-003826,cattle,Boran,F,41,H00362,A09,0
KE-003827,cattle,Boran,F,18,H00362,A09,1
KE-003828,cattle,Boran,F,43,H00362,A09,1
KE-003829,cattle,Sahiwal,F,33,H00362,A09,0
KE-003830,cattle,Zebu,F,40,H00362,A09,0
KE-003831,cattle,Friesian cross,M,20,H00362,A09,1
KE-003832,cattle,Sahiwal,M,58,H00362,A09,1
KE-003833,cattle,Friesian cross,F,28,H00363,A09,0
KE-003834,cattle,Sahiwal,F,49,H00363,A09,1
KE-003835,cattle,Boran,F,79,H00363,A09,0
KE-003836,cattle,Boran,F,16,H00363,A09,1
KE-003837,cattle,Boran,M,83,H00363,A09,0
KE-003838,cattle,Zebu,F,119,H00363,A09,0
KE-003839,cattle,Friesian cross,M,8,H00363,A09,0
KE-003840,cattle,Zebu,F,54,H00363,A09,0
KE-003841,cattle,Zebu,M,101,H00363,A09,0
KE-003842,cattle,Zebu,M,48,H00363,A09,0
KE-003843,cattle,Ayrshire cross,F,67,H00363,A09,0
KE-003844,cattle,Ayrshire cross,F,87,H00363,A09,0
KE-003845,cattle,Zebu,F,104,H00363,A09,1
KE-003846,cattle,Friesian cross,F,71,H00364,A09,0
KE-003847,cattle,Sahiwal,F,107,H00364,A09,1
KE-003848,cattle,Boran,M,104,H00364,A09,0
KE-003849,cattle,Friesian cross,F,27,H00364,A09,0
KE-003850,cattle,Zebu,F,65,H00364,A09,1
KE-003851,cattle,Zebu,F,80,H00364,A09,0
KE-003852,cattle,Boran,F,49,H00364,A09,0
KE-003853,cattle,Ayrshire cross,F,114,H00364,A09,0
KE-003854,cattle,Ayrshire cross,M,65,H00364,A09,0
KE-003855,cattle,Zebu,M,55,H00364,A09,1
KE-003856,cattle,Zebu,F,73,H00364,A09,0
KE-003857,cattle,Sahiwal,F,88,H00364,A09,0
KE-003858,cattle,Sahiwal,F,86,H00364,A09,1
KE-003859,cattle,Zebu,F,23,H00364,A09,0
KE-003860,cattle,Friesian cross,F,104,H00364,A09,0
KE-003861,cattle,Zebu,F,34,H00364,A09,1
KE-003862,cattle,Friesian cross,F,50,H00364,A09,0
KE-003863,cattle,Boran,M,42,H00364,A09,1
KE-003864,cattle,Boran,F,69,H00364,A09,1
KE-003865,cattle,Zebu,F,10,H00365,A09,0
KE-003866,cattle,Zebu,F,115,H00365,A09,0
KE-003867,cattle,Ayrshire cross,M,84,H00365,A09,0
KE-003868,cattle,Friesian cross,F,116,H00365,A09,0
KE-003869,cattle,Ayrshire cross,M,35,H00365,A09,0
KE-003870,cattle,Boran,F,109,H00365,A09,0
KE-003871,cattle,Boran,M,16,H00365,A09,1
KE-003872,cattle,Friesian cross,F,81,H00365,A09,1
KE-003873,cattle,Ayrshire cross,F,32,H00365,A09,0
KE-003874,cattle,Ayrshire cross,M,101,H00365,A09,0
KE-003875,cattle,Ayrshire cross,F,98,H00365,A09,0
KE-003876,cattle,Boran,F,63,H00365,A09,0
KE-003877,cattle,Boran,F,88,H00366,A09,0
KE-003878,cattle,Zebu,M,19,H00366,A09,1
KE-003879,cattle,Zebu,F,105,H00366,A09,0
KE-003880,cattle,Sahiwal,F,61,H00366,A09,0
KE-003881,cattle,Sahiwal,F,27,H00366,A09,0
KE-003882,cattle,Ayrshire cross,F,42,H00366,A09,0
KE-003883,cattle,Boran,M,57,H00366,A09,0
KE-003884,cattle,Ayrshire cross,F,56,H00366,A09,1
KE-003885,cattle,Zebu,M,75,H00366,A09,1
KE-003886,cattle,Ayrshire cross,F,109,H00366,A09,0
KE-003887,cattle,Sahiwal,M,107,H00366,A09,0
KE-003888,cattle,Boran,F,37,H00366,A09,1
KE-003889,cattle,Boran,F,94,H00366,A09,0
KE-003890,cattle,Ayrshire cross,F,28,H00366,A09,0
KE-003891,cattle,Sahiwal,F,63,H00366,A09,0
KE-003892,cattle,Sahiwal,M,108,H00366,A09,1
KE-003893,cattle,Sahiwal,M,110,H00366,A09,0
KE-003894,cattle,Friesian cross,F,60,H00366,A09,0
KE-003895,cattle,Sahiwal,F,50,H00366,A09,0
KE-003896,cattle,Sahiwal,F,69,H00366,A09,0
KE-003897,cattle,Sahiwal,F,79,H00366,A09,1
KE-003898,cattle,Boran,F,112,H00366,A09,0
KE-003899,cattle,Ayrshire cross,F,57,H00366,A09,0
KE-003900,cattle,Zebu,M,7,H00366,A09,1
KE-003901,cattle,Ayrshire cross,F,119,H00366,A09,1
KE-003902,cattle,Zebu,F,70,H00367,A09,0
KE-003903,cattle,Friesian cross,F,92,H00367,A09,0
KE-003904,cattle,Friesian cross,M,119,H00367,A09,0
KE-003905,cattle,Ayrshire cross,F,51,H00367,A09,0
KE-003906,cattle,Zebu,M,73,H00367,A09,0
KE-003907,cattle,Boran,F,72,H00367,A09,0
KE-003908,cattle,Sahiwal,M,53,H00367,A09,1
KE-003909,cattle,Sahiwal,M,84,H00367,A09,0
KE-003910,cattle,Sahiwal,M,45,H00367,A09,1
KE-003911,cattle,Boran,M,12,H00367,A09,0
KE-003912,cattle,Friesian cross,M,8,H00367,A09,0
KE-003913,cattle,Zebu,M,109,H00367,A09,0
KE-003914,cattle,Sahiwal,M,101,H00367,A09,0
KE-003915,cattle,Ayrshire cross,F,31,H00367,A09,0
KE-003916,cattle,Ayrshire cross,M,23,H00367,A09,1
KE-003917,cattle,Friesian cross,F,105,H00367,A09,0
KE-003918,cattle,Sahiwal,F,115,H00367,A09,0
KE-003919,cattle,Boran,M,31,H00367,A09,0
KE-003920,cattle,Boran,F,39,H00367,A09,0
KE-003921,cattle,Ayrshire cross,M,25,H00368,A09,1
KE-003922,cattle,Sahiwal,M,113,H00368,A09,0
KE-003923,cattle,Ayrshire cross,F,74,H00368,A09,0
KE-003924,cattle,Zebu,M,85,H00368,A09,0
KE-003925,cattle,Sahiwal,M,12,H00368,A09,0
KE-003926,cattle,Friesian cross,M,31,H00368,A09,1
KE-003927,cattle,Boran,F,69,H00368,A09,0
KE-003928,cattle,Friesian cross,F,33,H00368,A09,0
KE-003929,cattle,Boran,F,34,H00368,A09,0
KE-003930,cattle,Ayrshire cross,M,87,H00368,A09,1
KE-003931,cattle,Zebu,M,10,H00368,A09,0
KE-003932,cattle,Friesian cross,M,117,H00368,A09,0
KE-003933,cattle,Boran,F,107,H00368,A09,0
KE-003934,cattle,Friesian cross,M,114,H00368,A09,0
KE-003935,cattle,Ayrshire cross,F,49,H00368,A09,0
KE-003936,cattle,Zebu,M,99,H00368,A09,1
KE-003937,cattle,Zebu,F,87,H00368,A09,0
KE-003938,cattle,Ayrshire cross,F,48,H00368,A09,0
KE-003939,cattle,Sahiwal,M,89,H00368,A09,0
KE-003940,cattle,Zebu,F,84,H00369,A09,0
KE-003941,cattle,Friesian cross,M,72,H00369,A09,0
KE-003942,cattle,Friesian cross,M,40,H00369,A09,1
KE-003943,cattle,Boran,M,68,H00369,A09,0
KE-003944,cattle,Sahiwal,M,104,H00369,A09,1
KE-003945,cattle,Boran,M,119,H00369,A09,0
KE-003946,cattle,Boran,F,11,H00369,A09,0
KE-003947,cattle,Sahiwal,M,114,H00369,A09,0
KE-003948,cattle,Boran,F,12,H00369,A09,0
KE-003949,cattle,Zebu,F,20,H00369,A09,1
KE-003950,cattle,Ayrshire cross,M,29,H00369,A09,0
KE-003951,cattle,Sahiwal,F,55,H00369,A09,0
KE-003952,cattle,Sahiwal,F,92,H00369,A09,0
KE-003953,cattle,Sahiwal,M,87,H00369,A09,0
KE-003954,cattle,Boran,F,70,H00369,A09,0
KE-003955,cattle,Ayrshire cross,F,36,H00369,A09,0
KE-003956,cattle,Zebu,F,72,H00370,A09,1
KE-003957,cattle,Friesian cross,F,44,H00370,A09,0
KE-003958,cattle,Sahiwal,F,43,H00370,A09,1
KE-003959,cattle,Zebu,F,62,H00370,A09,0
KE-003960,cattle,Zebu,M,71,H00370,A09,0
KE-003961,cattle,Sahiwal,F,9,H00370,A09,0
KE-003962,cattle,Boran,M,35,H00370,A09,0
KE-003963,cattle,Ayrshire cross,F,16,H00370,A09,0
KE-003964,cattle,Sahiwal,M,119,H00370,A09,1
KE-003965,cattle,Zebu,F,93,H00370,A09,0
KE-003966,cattle,Boran,M,85,H00370,A09,0
KE-003967,cattle,Sahiwal,F,62,H00370,A09,0
KE-003968,cattle,Boran,M,13,H00370,A09,1
KE-003969,cattle,Ayrshire cross,F,83,H00370,A09,0
KE-003970,cattle,Boran,F,38,H00370,A09,0
KE-003971,cattle,Zebu,M,79,H00370,A09,1
KE-003972,cattle,Boran,M,72,H00370,A09,1
KE-003973,cattle,Zebu,M,104,H00370,A09,0
KE-003974,cattle,Sahiwal,M,70,H00370,A09,0
KE-003975,cattle,Sahiwal,M,74,H00370,A09,1
KE-003976,cattle,Ayrshire cross,F,96,H00370,A09,1
KE-003977,cattle,Ayrshire cross,M,79,H00370,A09,0
KE-003978,cattle,Ayrshire cross,F,101,H00370,A09,0
KE-003979,cattle,Friesian cross,M,79,H00370,A09,1
KE-003980,cattle,Sahiwal,M,56,H00370,A09,1
KE-003981,cattle,Ayrshire cross,M,52,H00370,A09,0
KE-003982,cattle,Friesian cross,M,103,H00370,A09,0
KE-003983,cattle,Boran,F,62,H00370,A09,0
KE-003984,cattle,Sahiwal,F,85,H00370,A09,0
KE-003985,cattle,Ayrshire cross,M,68,H00370,A09,0
KE-003986,cattle,Friesian cross,M,94,H00370,A09,1
KE-003987,cattle,Ayrshire cross,F,76,H00370,A09,1
KE-003988,cattle,Zebu,F,61,H00370,A09,0
KE-003989,cattle,Ayrshire cross,F,58,H00370,A09,0
KE-003990,cattle,Friesian cross,F,101,H00370,A09,1
KE-003991,cattle,Boran,F,110,H00370,A09,1
KE-003992,cattle,Zebu,M,55,H00370,A09,0
KE-003993,cattle,Zebu,M,12,H00370,A09,0
KE-003994,cattle,Sahiwal,M,107,H00370,A09,0
KE-003995,cattle,Sahiwal,F,27,H00370,A09,0
KE-003996,cattle,Zebu,F,74,H00370,A09,0
KE-003997,cattle,Ayrshire cross,M,105,H00370,A09,0
KE-003998,cattle,Boran,M,18,H00370,A09,0
KE-003999,cattle,Boran,F,11,H00370,A09,0
KE-004000,cattle,Friesian cross,F,65,H00370,A09,1
KE-004001,cattle,Friesian cross,F,42,H00371,A09,0
KE-004002,cattle,Boran,M,81,H00371,A09,1
KE-004003,cattle,Zebu,F,54,H00371,A09,0
KE-004004,cattle,Zebu,F,114,H00371,A09,0
KE-004005,cattle,Friesian cross,F,7,H00371,A09,0
KE-004006,cattle,Boran,M,47,H00371,A09,1
KE-004007,cattle,Zebu,F,96,H00371,A09,1
KE-004008,cattle,Sahiwal,M,56,H00371,A09,0
KE-004009,cattle,Zebu,F,78,H00371,A09,1
KE-004010,cattle,Zebu,M,13,H00371,A09,1
KE-004011,cattle,Friesian cross,F,43,H00372,A09,0
KE-004012,cattle,Boran,F,52,H00372,A09,0
KE-004013,cattle,Boran,F,90,H00372,A09,0
KE-004014,cattle,Sahiwal,M,7,H00372,A09,0
KE-004015,cattle,Ayrshire cross,F,6,H00373,A09,0
KE-004016,cattle,Friesian cross,F,101,H00373,A09,0
KE-004017,cattle,Sahiwal,F,29,H00373,A09,0
KE-004018,cattle,Ayrshire cross,M,76,H00373,A09,0
KE-004019,cattle,Zebu,F,77,H00373,A09,0
KE-004020,cattle,Ayrshire cross,M,97,H00373,A09,0
KE-004021,cattle,Zebu,M,51,H00373,A09,0
KE-004022,cattle,Friesian cross,F,25,H00373,A09,0
KE-004023,cattle,Ayrshire cross,F,57,H00373,A09,0
KE-004024,cattle,Zebu,F,85,H00373,A09,1
KE-004025,cattle,Sahiwal,F,69,H00373,A09,1
KE-004026,cattle,Zebu,M,48,H00373,A09,0
KE-004027,cattle,Zebu,M,74,H00373,A09,0
KE-004028,cattle,Boran,F,106,H00373,A09,0
KE-004029,cattle,Friesian cross,F,16,H00373,A09,0
KE-004030,cattle,Friesian cross,F,80,H00373,A09,1
KE-004031,cattle,Zebu,F,112,H00373,A09,1
KE-004032,cattle,Zebu,F,118,H00373,A09,0
KE-004033,cattle,Friesian cross,F,9,H00373,A09,0
KE-004034,cattle,Zebu,M,61,H00373,A09,1
KE-004035,cattle,Zebu,M,76,H00373,A09,0
KE-004036,cattle,Friesian cross,F,66,H00373,A09,0
KE-004037,cattle,Friesian cross,F,104,H00373,A09,0
KE-004038,cattle,Friesian cross,F,78,H00373,A09,1
KE-004039,cattle,Friesian cross,F,116,H00373,A09,1
KE-004040,cattle,Boran,F,76,H00373,A09,1
KE-004041,cattle,Ayrshire cross,F,13,H00373,A09,0
KE-004042,cattle,Sahiwal,F,100,H00373,A09,0
KE-004043,cattle,Boran,F,74,H00373,A09,0
KE-004044,cattle,Boran,F,50,H00374,A09,0
KE-004045,cattle,Friesian cross,M,7,H00374,A09,0
KE-004046,cattle,Boran,F,104,H00374,A09,0
KE-004047,cattle,Sahiwal,F,71,H00374,A09,0
KE-004048,cattle,Friesian cross,F,94,H00374,A09,0
KE-004049,cattle,Boran,F,20,H00374,A09,1
KE-004050,cattle,Ayrshire cross,M,23,H00374,A09,0
KE-004051,cattle,Sahiwal,M,35,H00374,A09,0
KE-004052,cattle,Boran,M,110,H00374,A09,0
KE-004053,cattle,Ayrshire cross,F,78,H00375,A09,0
KE-004054,cattle,Friesian cross,F,19,H00375,A09,0
KE-004055,cattle,Ayrshire cross,F,38,H00375,A09,0
KE-004056,cattle,Boran,F,61,H00375,A09,0
KE-004057,cattle,Friesian cross,F,86,H00375,A09,1
KE-004058,cattle,Zebu,F,79,H00375,A09,0
KE-004059,cattle,Ayrshire cross,F,44,H00375,A09,0
KE-004060,cattle,Friesian cross,F,54,H00375,A09,0
KE-004061,cattle,Friesian cross,F,90,H00375,A09,0
KE-004062,cattle,Friesian cross,F,21,H00375,A09,0
KE-004063,cattle,Zebu,F,20,H00375,A09,0
KE-004064,cattle,Zebu,M,90,H00375,A09,0
KE-004065,cattle,Friesian cross,F,41,H00376,A09,0
KE-004066,cattle,Zebu,F,85,H00376,A09,1
KE-004067,cattle,Boran,M,16,H00376,A09,1
KE-004068,cattle,Ayrshire cross,M,74,H00376,A09,0
KE-004069,cattle,Friesian cross,F,53,H00376,A09,0
KE-004070,cattle,Friesian cross,F,70,H00376,A09,0
KE-004071,cattle,Ayrshire cross,F,30,H00376,A09,1
KE-004072,cattle,Sahiwal,F,20,H00376,A09,0
KE-004073,cattle,Ayrshire cross,M,44,H00376,A09,0
KE-004074,cattle,Boran,F,106,H00376,A09,0
KE-004075,cattle,Ayrshire cross,M,22,H00376,A09,0
KE-004076,cattle,Ayrshire cross,F,86,H00376,A09,0
KE-004077,cattle,Boran,F,20,H00376,A09,0
KE-004078,cattle,Ayrshire cross,M,44,H00376,A09,0
KE-004079,cattle,Zebu,M,76,H00376,A09,0
KE-004080,cattle,Boran,F,109,H00376,A09,0
KE-004081,cattle,Sahiwal,F,91,H00376,A09,1
KE-004082,cattle,Boran,F,36,H00376,A09,0
KE-004083,cattle,Ayrshire cross,F,81,H00376,A09,0
KE-004084,cattle,Sahiwal,M,34,H00376,A09,0
KE-004085,cattle,Sahiwal,F,20,H00376,A09,1
KE-004086,cattle,Ayrshire cross,F,112,H00376,A09,1
KE-004087,cattle,Sahiwal,F,22,H00376,A09,0
KE-004088,cattle,Boran,F,96,H00376,A09,0
KE-004089,cattle,Ayrshire cross,F,11,H00376,A09,0
KE-004090,cattle,Friesian cross,M,82,H00377,A09,1
KE-004091,cattle,Zebu,M,63,H00377,A09,1
KE-004092,cattle,Zebu,F,99,H00377,A09,1
KE-004093,cattle,Ayrshire cross,M,93,H00377,A09,0
KE-004094,cattle,Zebu,F,107,H00377,A09,0
KE-004095,cattle,Zebu,F,119,H00378,A09,0
KE-004096,cattle,Boran,F,109,H00378,A09,0
KE-004097,cattle,Boran,M,61,H00378,A09,0
KE-004098,cattle,Ayrshire cross,M,82,H00378,A09,1
KE-004099,cattle,Friesian cross,M,77,H00378,A09,0
KE-004100,cattle,Boran,F,116,H00378,A09,0
KE-004101,cattle,Ayrshire cross,F,68,H00379,A10,0
KE-004102,cattle,Zebu,F,10,H00379,A10,0
KE-004103,cattle,Ayrshire cross,F,41,H00379,A10,1
KE-004104,cattle,Sahiwal,M,97,H00379,A10,0
KE-004105,cattle,Friesian cross,M,113,H00379,A10,1
KE-004106,cattle,Friesian cross,F,23,H00380,A10,1
KE-004107,cattle,Friesian cross,F,72,H00380,A10,0
KE-004108,cattle,Boran,F,75,H00380,A10,0
KE-004109,cattle,Sahiwal,M,114,H00380,A10,0
KE-004110,cattle,Zebu,F,117,H00380,A10,0
KE-004111,cattle,Boran,F,13,H00380,A10,0
KE-004112,cattle,Sahiwal,F,10,H00380,A10,1
KE-004113,cattle,Ayrshire cross,F,39,H00381,A10,0
KE-004114,cattle,Friesian cross,F,98,H00381,A10,0
KE-004115,cattle,Friesian cross,M,9,H00381,A10,1
KE-004116,cattle,Friesian cross,F,40,H00381,A10,0
KE-004117,cattle,Friesian cross,M,119,H00381,A10,0
KE-004118,cattle,Boran,M,66,H00381,A10,1
KE-004119,cattle,Boran,M,36,H00381,A10,0
KE-004120,cattle,Sahiwal,F,42,H00381,A10,1
KE-004121,cattle,Boran,F,61,H00381,A10,0
KE-004122,cattle,Ayrshire cross,F,14,H00381,A10,1
KE-004123,cattle,Ayrshire cross,F,94,H00381,A10,0
KE-004124,cattle,Sahiwal,M,80,H00381,A10,1
KE-004125,cattle,Zebu,F,89,H00381,A10,0
KE-004126,cattle,Boran,M,57,H00381,A10,0
KE-004127,cattle,Friesian cross,M,94,H00381,A10,1
KE-004128,cattle,Boran,F,80,H00382,A10,1
KE-004129,cattle,Friesian cross,M,65,H00382,A10,0
KE-004130,cattle,Ayrshire cross,F,105,H00382,A10,0
KE-004131,cattle,Ayrshire cross,M,107,H00382,A10,1
KE-004132,cattle,Zebu,M,66,H00382,A10,0
KE-004133,cattle,Friesian cross,F,7,H00382,A10,1
KE-004134,cattle,Ayrshire cross,M,38,H00382,A10,1
KE-004135,cattle,Zebu,M,46,H00382,A10,0
KE-004136,cattle,Sahiwal,F,22,H00382,A10,0
KE-004137,cattle,Boran,M,117,H00382,A10,0
KE-004138,cattle,Boran,M,27,H00382,A10,0
KE-004139,cattle,Boran,F,87,H00382,A10,1
KE-004140,cattle,Ayrshire cross,M,11,H00382,A10,0
KE-004141,cattle,Ayrshire cross,F,24,H00382,A10,0
KE-004142,cattle,Sahiwal,F,69,H00382,A10,0
KE-004143,cattle,Ayrshire cross,M,79,H00382,A10,0
KE-004144,cattle,Sahiwal,F,88,H00383,A10,0
KE-004145,cattle,Boran,M,38,H00383,A10,0
KE-004146,cattle,Ayrshire cross,F,80,H00383,A10,1
KE-004147,cattle,Ayrshire cross,F,55,H00383,A10,1
KE-004148,cattle,Boran,M,18,H00383,A10,1
KE-004149,cattle,Zebu,F,45,H00383,A10,0
KE-004150,cattle,Zebu,M,59,H00383,A10,0
KE-004151,cattle,Boran,F,7,H00383,A10,1
KE-004152,cattle,Ayrshire cross,F,100,H00383,A10,1
KE-004153,cattle,Boran,F,58,H00383,A10,0
KE-004154,cattle,Zebu,M,58,H00383,A10,1
KE-004155,cattle,Ayrshire cross,M,71,H00383,A10,1
KE-004156,cattle,Ayrshire cross,M,78,H00383,A10,0
KE-004157,cattle,Sahiwal,M,112,H00383,A10,0
KE-004158,cattle,Zebu,F,110,H00384,A10,0
KE-004159,cattle,Boran,M,93,H00384,A10,0
KE-004160,cattle,Sahiwal,M,15,H00384,A10,1
KE-004161,cattle,Ayrshire cross,M,94,H00384,A10,1
KE-004162,cattle,Friesian cross,F,100,H00384,A10,0
KE-004163,cattle,Friesian cross,M,116,H00385,A10,0
KE-004164,cattle,Boran,F,7,H00385,A10,1
KE-004165,cattle,Ayrshire cross,F,43,H00385,A10,0
KE-004166,cattle,Friesian cross,F,84,H00386,A10,0
KE-004167,cattle,Zebu,F,110,H00386,A10,0
KE-004168,cattle,Friesian cross,F,11,H00386,A10,0
KE-004169,cattle,Ayrshire cross,F,9,H00386,A10,0
KE-004170,cattle,Ayrshire cross,M,31,H00386,A10,0
KE-004171,cattle,Boran,M,24,H00386,A10,0
KE-004172,cattle,Sahiwal,M,18,H00386,A10,0
KE-004173,cattle,Zebu,F,90,H00386,A10,1
KE-004174,cattle,Friesian cross,M,90,H00386,A10,1
KE-004175,cattle,Boran,F,91,H00386,A10,1
KE-004176,cattle,Sahiwal,F,95,H00386,A10,0
KE-004177,cattle,Ayrshire cross,F,94,H00386,A10,0
KE-004178,cattle,Ayrshire cross,F,99,H00387,A10,0
KE-004179,cattle,Sahiwal,M,115,H00387,A10,1
KE-004180,cattle,Boran,F,37,H00387,A10,0
KE-004181,cattle,Zebu,M,111,H00387,A10,1
KE-004182,cattle,Ayrshire cross,F,107,H00387,A10,0
KE-004183,cattle,Ayrshire cross,F,49,H00387,A10,0
KE-004184,cattle,Zebu,F,31,H00387,A10,0
KE-004185,cattle,Friesian cross,F,14,H00387,A10,1
KE-004186,cattle,Friesian cross,F,42,H00387,A10,0
KE-004187,cattle,Sahiwal,F,57,H00388,A10,0
KE-004188,cattle,Ayrshire cross,M,15,H00388,A10,1
KE-004189,cattle,Zebu,F,110,H00388,A10,0
KE-004190,cattle,Ayrshire cross,F,76,H00388,A10,0
KE-004191,cattle,Sahiwal,F,18,H00388,A10,0
KE-004192,cattle,Boran,F,107,H00388,A10,0
KE-004193,cattle,Boran,M,93,H00388,A10,0
KE-004194,cattle,Ayrshire cross,F,102,H00388,A10,0
KE-004195,cattle,Friesian cross,F,61,H00388,A10,0
KE-004196,cattle,Ayrshire cross,F,74,H00388,A10,0
KE-004197,cattle,Friesian cross,F,38,H00388,A10,0
KE-004198,cattle,Zebu,F,89,H00388,A10,1
KE-004199,cattle,Friesian cross,F,71,H00388,A10,0
KE-004200,cattle,Sahiwal,M,36,H00388,A10,1
KE-004201,cattle,Boran,F,17,H00388,A10,0
KE-004202,cattle,Boran,F,113,H00389,A10,0
KE-004203,cattle,Ayrshire cross,F,11,H00389,A10,0
KE-004204,cattle,Zebu,F,109,H00389,A10,0
KE-004205,cattle,Ayrshire cross,F,102,H00389,A10,0
KE-004206,cattle,Boran,F,107,H00389,A10,0
KE-004207,cattle,Friesian cross,F,105,H00389,A10,0
KE-004208,cattle,Sahiwal,F,51,H00389,A10,1
KE-004209,cattle,Ayrshire cross,F,66,H00389,A10,1
KE-004210,cattle,Sahiwal,F,53,H00389,A10,0
KE-004211,cattle,Friesian cross,F,10,H00389,A10,1
KE-004212,cattle,Ayrshire cross,F,56,H00389,A10,1
KE-004213,cattle,Ayrshire cross,M,74,H00389,A10,0
KE-004214,cattle,Ayrshire cross,M,37,H00389,A10,0
KE-004215,cattle,Friesian cross,F,76,H00389,A10,1
KE-004216,cattle,Friesian cross,F,60,H00389,A10,0
KE-004217,cattle,Boran,F,41,H00389,A10,1
KE-004218,cattle,Friesian cross,F,20,H00389,A10,1
KE-004219,cattle,Sahiwal,F,67,H00390,A10,0
KE-004220,cattle,Sahiwal,M,112,H00390,A10,0
KE-004221,cattle,Zebu,M,53,H00390,A10,0
KE-004222,cattle,Friesian cross,F,61,H00390,A10,0
KE-004223,cattle,Zebu,M,7,H00390,A10,1
KE-004224,cattle,Boran,M,18,H00390,A10,0
KE-004225,cattle,Boran,M,70,H00390,A10,0
KE-004226,cattle,Sahiwal,M,58,H00390,A10,0
KE-004227,cattle,Friesian cross,M,25,H00390,A10,0
KE-004228,cattle,Zebu,F,105,H00390,A10,1
KE-004229,cattle,Ayrshire cross,F,10,H00390,A10,0
KE-004230,cattle,Ayrshire cross,F,51,H00390,A10,0
KE-004231,cattle,Ayrshire cross,F,45,H00390,A10,0
KE-004232,cattle,Zebu,F,17,H00391,A10,0
KE-004233,cattle,Friesian cross,F,35,H00391,A10,0
KE-004234,cattle,Zebu,F,51,H00391,A10,1
KE-004235,cattle,Friesian cross,F,94,H00391,A10,0
KE-004236,cattle,Friesian cross,F,59,H00391,A10,0
KE-004237,cattle,Boran,F,49,H00391,A10,1
KE-004238,cattle,Boran,F,82,H00391,A10,0
KE-004239,cattle,Sahiwal,F,58,H00391,A10,1
KE-004240,cattle,Boran,M,28,H00391,A10,1
KE-004241,cattle,Friesian cross,F,108,H00391,A10,0
KE-004242,cattle,Ayrshire cross,M,12,H00391,A10,1
KE-004243,cattle,Boran,M,70,H00391,A10,0
KE-004244,cattle,Friesian cross,M,26,H00391,A10,0
KE-004245,cattle,Zebu,F,7,H00391,A10,0
KE-004246,cattle,Boran,M,55,H00391,A10,0
KE-004247,cattle,Boran,F,58,H00391,A10,0
KE-004248,cattle,Boran,F,48,H00391,A10,1
KE-004249,cattle,Sahiwal,F,105,H00391,A10,1
KE-004250,cattle,Sahiwal,F,21,H00392,A10,0
KE-004251,cattle,Zebu,M,67,H00392,A10,0
KE-004252,cattle,Boran,M,46,H00392,A10,0
KE-004253,cattle,Zebu,M,90,H00392,A10,0
KE-004254,cattle,Ayrshire cross,F,101,H00392,A10,0
KE-004255,cattle,Ayrshire cross,F,47,H00392,A10,0
KE-004256,cattle,Sahiwal,F,74,H00392,A10,0
KE-004257,cattle,Zebu,F,111,H00392,A10,0
KE-004258,cattle,Friesian cross,M,100,H00392,A10,1
KE-004259,cattle,Ayrshire cross,M,60,H00392,A10,0
KE-004260,cattle,Boran,F,22,H00392,A10,1
KE-004261,cattle,Zebu,M,93,H00392,A10,0
KE-004262,cattle,Ayrshire cross,F,18,H00392,A10,0
KE-004263,cattle,Zebu,F,45,H00393,A10,1
KE-004264,cattle,Friesian cross,F,97,H00393,A10,1
KE-004265,cattle,Ayrshire cross,M,41,H00393,A10,0
KE-004266,cattle,Zebu,F,56,H00393,A10,1
KE-004267,cattle,Sahiwal,M,98,H00393,A10,0
KE-004268,cattle,Ayrshire cross,F,107,H00393,A10,0
KE-004269,cattle,Sahiwal,F,9,H00393,A10,0
KE-004270,cattle,Boran,M,108,H00393,A10,0
KE-004271,cattle,Ayrshire cross,M,98,H00393,A10,1
KE-004272,cattle,Friesian cross,M,59,H00393,A10,0
KE-004273,cattle,Zebu,F,106,H00393,A10,1
KE-004274,cattle,Ayrshire cross,M,30,H00393,A10,1
KE-004275,cattle,Friesian cross,F,105,H00393,A10,0
KE-004276,cattle,Ayrshire cross,F,97,H00393,A10,0
KE-004277,cattle,Boran,F,17,H00393,A10,0
KE-004278,cattle,Boran,F,107,H00393,A10,1
KE-004279,cattle,Zebu,M,81,H00394,A10,0
KE-004280,cattle,Zebu,F,102,H00394,A10,0
KE-004281,cattle,Boran,M,103,H00394,A10,0
KE-004282,cattle,Zebu,M,99,H00394,A10,1
KE-004283,cattle,Zebu,M,39,H00394,A10,0
KE-004284,cattle,Ayrshire cross,F,26,H00394,A10,0
KE-004285,cattle,Ayrshire cross,M,100,H00394,A10,1
KE-004286,cattle,Ayrshire cross,F,57,H00394,A10,0
KE-004287,cattle,Ayrshire cross,F,25,H00395,A10,0
KE-004288,cattle,Sahiwal,F,77,H00395,A10,0
KE-004289,cattle,Friesian cross,F,77,H00395,A10,0
KE-004290,cattle,Sahiwal,F,68,H00395,A10,0
KE-004291,cattle,Friesian cross,M,42,H00395,A10,1
KE-004292,cattle,Zebu,F,93,H00395,A10,0
KE-004293,cattle,Sahiwal,F,42,H00395,A10,1
KE-004294,cattle,Friesian cross,F,96,H00395,A10,0
KE-004295,cattle,Ayrshire cross,F,87,H00395,A10,0
KE-004296,cattle,Boran,F,31,H00395,A10,0
KE-004297,cattle,Sahiwal,F,90,H00395,A10,0
KE-004298,cattle,Boran,F,80,H00396,A10,1
KE-004299,cattle,Ayrshire cross,M,58,H00396,A10,1
KE-004300,cattle,Friesian cross,M,47,H00396,A10,0
KE-004301,cattle,Sahiwal,F,9,H00396,A10,1
KE-004302,cattle,Friesian cross,F,111,H00396,A10,0
KE-004303,cattle,Zebu,F,37,H00396,A10,1
KE-004304,cattle,Zebu,F,97,H00396,A10,0
KE-004305,cattle,Sahiwal,F,101,H00396,A10,1
KE-004306,cattle,Boran,M,53,H00396,A10,1
KE-004307,cattle,Sahiwal,F,96,H00396,A10,0
KE-004308,cattle,Zebu,F,70,H00396,A10,1
KE-004309,cattle,Boran,F,92,H00396,A10,0
KE-004310,cattle,Friesian cross,F,113,H00396,A10,0
KE-004311,cattle,Sahiwal,F,47,H00397,A10,0
KE-004312,cattle,Zebu,F,115,H00397,A10,0
KE-004313,cattle,Sahiwal,M,10,H00397,A10,0
KE-004314,cattle,Ayrshire cross,F,30,H00397,A10,0
KE-004315,cattle,Boran,F,42,H00397,A10,0
KE-004316,cattle,Boran,F,22,H00397,A10,1
KE-004317,cattle,Boran,F,90,H00397,A10,0
KE-004318,cattle,Sahiwal,F,28,H00397,A10,0
KE-004319,cattle,Sahiwal,M,18,H00397,A10,0
KE-004320,cattle,Friesian cross,F,82,H00397,A10,0
KE-004321,cattle,Ayrshire cross,M,12,H00397,A10,1
KE-004322,cattle,Sahiwal,F,10,H00397,A10,1
KE-004323,cattle,Zebu,M,58,H00397,A10,0
KE-004324,cattle,Ayrshire cross,M,74,H00397,A10,0
KE-004325,cattle,Sahiwal,M,10,H00397,A10,1
KE-004326,cattle,Ayrshire cross,F,26,H00397,A10,1
KE-004327,cattle,Friesian cross,F,43,H00397,A10,0
KE-004328,cattle,Ayrshire cross,M,91,H00397,A10,1
KE-004329,cattle,Sahiwal,F,23,H00397,A10,1
KE-004330,cattle,Ayrshire cross,F,48,H00398,A10,0
KE-004331,cattle,Zebu,M,30,H00398,A10,0
KE-004332,cattle,Zebu,F,103,H00398,A10,0
KE-004333,cattle,Zebu,F,91,H00398,A10,0
KE-004334,cattle,Boran,F,82,H00398,A10,0
KE-004335,cattle,Ayrshire cross,M,55,H00398,A10,1
KE-004336,cattle,Friesian cross,F,63,H00398,A10,0
KE-004337,cattle,Friesian cross,F,83,H00398,A10,0
KE-004338,cattle,Zebu,F,41,H00398,A10,0
KE-004339,cattle,Ayrshire cross,M,21,H00399,A10,0
KE-004340,cattle,Friesian cross,F,106,H00399,A10,0
KE-004341,cattle,Ayrshire cross,M,10,H00399,A10,0
KE-004342,cattle,Zebu,M,77,H00399,A10,1
KE-004343,cattle,Friesian cross,M,74,H00399,A10,1
KE-004344,cattle,Zebu,M,115,H00399,A10,0
KE-004345,cattle,Boran,F,98,H00399,A10,0
KE-004346,cattle,Friesian cross,M,19,H00399,A10,1
KE-004347,cattle,Ayrshire cross,F,104,H00399,A10,1
KE-004348,cattle,Boran,M,14,H00399,A10,1
KE-004349,cattle,Zebu,F,28,H00399,A10,1
KE-004350,cattle,Zebu,F,113,H00399,A10,1
KE-004351,cattle,Sahiwal,F,25,H00399,A10,0
KE-004352,cattle,Zebu,F,18,H00399,A10,1
KE-004353,cattle,Ayrshire cross,M,42,H00399,A10,1
KE-004354,cattle,Boran,F,83,H00399,A10,0
KE-004355,cattle,Zebu,M,26,H00400,A10,0
KE-004356,cattle,Sahiwal,M,117,H00400,A10,1
KE-004357,cattle,Friesian cross,M,113,H00400,A10,1
KE-004358,cattle,Friesian cross,M,24,H00400,A10,1
KE-004359,cattle,Ayrshire cross,F,94,H00400,A10,0
KE-004360,cattle,Ayrshire cross,M,16,H00400,A10,0
KE-004361,cattle,Boran,F,108,H00400,A10,1
KE-004362,cattle,Ayrshire cross,F,28,H00400,A10,0
KE-004363,cattle,Zebu,F,20,H00400,A10,0
KE-004364,cattle,Friesian cross,F,34,H00400,A10,0
KE-004365,cattle,Sahiwal,M,51,H00401,A10,0
KE-004366,cattle,Boran,F,38,H00401,A10,0
KE-004367,cattle,Sahiwal,M,47,H00401,A10,0
KE-004368,cattle,Friesian cross,M,67,H00401,A10,1
KE-004369,cattle,Friesian cross,F,57,H00401,A10,0
KE-004370,cattle,Zebu,F,75,H00401,A10,1
KE-004371,cattle,Ayrshire cross,F,111,H00401,A10,1
KE-004372,cattle,Ayrshire cross,F,17,H00401,A10,1
KE-004373,cattle,Sahiwal,M,102,H00401,A10,1
KE-004374,cattle,Zebu,F,70,H00401,A10,1
KE-004375,cattle,Zebu,F,76,H00401,A10,0
KE-004376,cattle,Sahiwal,F,71,H00402,A10,0
KE-004377,cattle,Friesian cross,F,68,H00402,A10,0
KE-004378,cattle,Sahiwal,F,115,H00402,A10,0
KE-004379,cattle,Zebu,F,58,H00402,A10,1
KE-004380,cattle,Friesian cross,M,71,H00402,A10,0
KE-004381,cattle,Boran,F,16,H00402,A10,1
KE-004382,cattle,Sahiwal,M,41,H00402,A10,1
KE-004383,cattle,Ayrshire cross,F,101,H00402,A10,0
KE-004384,cattle,Boran,M,106,H00402,A10,0
KE-004385,cattle,Friesian cross,F,98,H00402,A10,1
KE-004386,cattle,Sahiwal,M,39,H00402,A10,1
KE-004387,cattle,Ayrshire cross,F,113,H00402,A10,0
KE-004388,cattle,Zebu,M,43,H00402,A10,1
KE-004389,cattle,Zebu,M,46,H00402,A10,1
KE-004390,cattle,Boran,M,37,H00402,A10,0
KE-004391,cattle,Friesian cross,F,18,H00402,A10,1
KE-004392,cattle,Zebu,F,30,H00402,A10,1
KE-004393,cattle,Friesian cross,F,59,H00402,A10,0
KE-004394,cattle,Ayrshire cross,F,69,H00402,A10,0
KE-004395,cattle,Boran,F,99,H00403,A10,0
KE-004396,cattle,Ayrshire cross,F,36,H00403,A10,0
KE-004397,cattle,Boran,M,24,H00403,A10,0
KE-004398,cattle,Friesian cross,F,107,H00403,A10,1
KE-004399,cattle,Boran,F,46,H00404,A10,0
KE-004400,cattle,Friesian cross,M,87,H00404,A10,0
KE-004401,cattle,Sahiwal,F,33,H00404,A10,0
KE-004402,cattle,Friesian cross,F,100,H00404,A10,1
KE-004403,cattle,Ayrshire cross,F,81,H00404,A10,0
KE-004404,cattle,Zebu,F,7,H00404,A10,0
KE-004405,cattle,Boran,M,106,H00405,A10,1
KE-004406,cattle,Boran,M,96,H00405,A10,0
KE-004407,cattle,Ayrshire cross,M,111,H00405,A10,1
KE-004408,cattle,Boran,F,49,H00405,A10,0
KE-004409,cattle,Sahiwal,F,114,H00405,A10,1
KE-004410,cattle,Ayrshire cross,M,113,H00406,A10,1
KE-004411,cattle,Sahiwal,F,109,H00406,A10,0
KE-004412,cattle,Friesian cross,M,60,H00406,A10,1
KE-004413,cattle,Zebu,M,43,H00407,A10,0
KE-004414,cattle,Zebu,F,19,H00407,A10,0
KE-004415,cattle,Friesian cross,F,94,H00407,A10,0
KE-004416,cattle,Ayrshire cross,M,59,H00407,A10,0
KE-004417,cattle,Friesian cross,F,94,H00407,A10,0
KE-004418,cattle,Zebu,M,12,H00407,A10,1
KE-004419,cattle,Boran,F,20,H00407,A10,1
KE-004420,cattle,Sahiwal,M,51,H00407,A10,0
KE-004421,cattle,Boran,F,65,H00408,A10,1
KE-004422,cattle,Ayrshire cross,F,97,H00408,A10,1
KE-004423,cattle,Zebu,F,17,H00408,A10,0
KE-004424,cattle,Ayrshire cross,F,20,H00408,A10,0
KE-004425,cattle,Zebu,F,19,H00408,A10,0
KE-004426,cattle,Zebu,M,108,H00408,A10,1
KE-004427,cattle,Zebu,F,108,H00408,A10,1
KE-004428,cattle,Ayrshire cross,M,82,H00408,A10,1
KE-004429,cattle,Sahiwal,F,46,H00408,A10,0
KE-004430,cattle,Zebu,F,115,H00408,A10,0
KE-004431,cattle,Ayrshire cross,M,26,H00408,A10,0
KE-004432,cattle,Sahiwal,F,84,H00408,A10,1
KE-004433,cattle,Ayrshire cross,F,15,H00408,A10,0
KE-004434,cattle,Ayrshire cross,F,48,H00408,A10,1
KE-004435,cattle,Zebu,F,71,H00408,A10,1
KE-004436,cattle,Sahiwal,F,91,H00408,A10,0
KE-004437,cattle,Friesian cross,F,54,H00408,A10,0
KE-004438,cattle,Friesian cross,F,82,H00408,A10,0
KE-004439,cattle,Zebu,F,64,H00409,A10,0
KE-004440,cattle,Boran,F,113,H00409,A10,0
KE-004441,cattle,Ayrshire cross,F,94,H00409,A10,0
KE-004442,cattle,Friesian cross,F,9,H00409,A10,0
KE-004443,cattle,Sahiwal,F,47,H00409,A10,1
KE-004444,cattle,Zebu,M,67,H00409,A10,1
KE-004445,cattle,Sahiwal,F,69,H00409,A10,0
KE-004446,cattle,Friesian cross,M,86,H00409,A10,0
KE-004447,cattle,Sahiwal,M,74,H00409,A10,0
KE-004448,cattle,Sahiwal,M,71,H00409,A10,1
KE-004449,cattle,Zebu,M,12,H00410,A10,1
KE-004450,cattle,Zebu,F,108,H00410,A10,0
KE-004451,cattle,Sahiwal,M,70,H00410,A10,0
KE-004452,cattle,Ayrshire cross,F,65,H00410,A10,1
KE-004453,cattle,Friesian cross,M,34,H00410,A10,1
KE-004454,cattle,Friesian cross,F,91,H00410,A10,1
KE-004455,cattle,Sahiwal,F,118,H00410,A10,0
KE-004456,cattle,Zebu,F,58,H00410,A10,1
KE-004457,cattle,Sahiwal,F,85,H00410,A10,0
KE-004458,cattle,Boran,F,77,H00410,A10,1
KE-004459,cattle,Sahiwal,M,21,H00410,A10,0
KE-004460,cattle,Friesian cross,F,6,H00410,A10,0
KE-004461,cattle,Friesian cross,F,79,H00410,A10,1
KE-004462,cattle,Friesian cross,M,45,H00411,A10,0
KE-004463,cattle,Zebu,F,37,H00411,A10,0
KE-004464,cattle,Ayrshire cross,F,9,H00411,A10,0
KE-004465,cattle,Ayrshire cross,F,33,H00411,A10,1
KE-004466,cattle,Zebu,F,70,H00411,A10,0
KE-004467,cattle,Boran,F,64,H00411,A10,0
KE-004468,cattle,Zebu,M,91,H00411,A10,1
KE-004469,cattle,Boran,F,29,H00411,A10,0
KE-004470,cattle,Zebu,F,52,H00411,A10,0
KE-004471,cattle,Zebu,F,10,H00411,A10,0
KE-004472,cattle,Friesian cross,M,77,H00411,A10,1
KE-004473,cattle,Sahiwal,F,78,H00411,A10,1
KE-004474,cattle,Sahiwal,M,106,H00411,A10,0
KE-004475,cattle,Zebu,F,88,H00411,A10,0
KE-004476,cattle,Boran,F,50,H00411,A10,0
KE-004477,cattle,Sahiwal,F,45,H00411,A10,0
KE-004478,cattle,Boran,F,22,H00411,A10,0
KE-004479,cattle,Zebu,F,74,H00411,A10,0
KE-004480,cattle,Zebu,M,92,H00411,A10,1
KE-004481,cattle,Ayrshire cross,F,9,H00411,A10,1
KE-004482,cattle,Boran,M,95,H00411,A10,0
KE-004483,cattle,Zebu,F,116,H00411,A10,0
KE-004484,cattle,Zebu,F,79,H00412,A11,0
KE-004485,cattle,Zebu,M,85,H00412,A11,1
KE-004486,cattle,Ayrshire cross,M,43,H00412,A11,1
KE-004487,cattle,Ayrshire cross,F,78,H00412,A11,1
KE-004488,cattle,Boran,M,24,H00413,A11,1
KE-004489,cattle,Sahiwal,M,91,H00413,A11,0
KE-004490,cattle,Boran,F,52,H00413,A11,0
KE-004491,cattle,Zebu,F,20,H00413,A11,0
KE-004492,cattle,Ayrshire cross,F,40,H00413,A11,0
KE-004493,cattle,Friesian cross,F,15,H00413,A11,0
KE-004494,cattle,Boran,M,95,H00413,A11,0
KE-004495,cattle,Ayrshire cross,F,117,H00413,A11,0
KE-004496,cattle,Boran,M,19,H00413,A11,0
KE-004497,cattle,Ayrshire cross,M,40,H00413,A11,0
KE-004498,cattle,Ayrshire cross,F,17,H00414,A11,0
KE-004499,cattle,Sahiwal,F,41,H00414,A11,0
KE-004500,cattle,Boran,F,53,H00414,A11,0
KE-004501,cattle,Ayrshire cross,F,74,H00414,A11,1
KE-004502,cattle,Boran,F,100,H00414,A11,0
KE-004503,cattle,Boran,F,104,H00415,A11,0
KE-004504,cattle,Ayrshire cross,M,91,H00415,A11,1
KE-004505,cattle,Friesian cross,M,42,H00415,A11,0
KE-004506,cattle,Boran,F,119,H00416,A11,0
KE-004507,cattle,Boran,M,25,H00416,A11,0
KE-004508,cattle,Ayrshire cross,F,97,H00416,A11,0
KE-004509,cattle,Sahiwal,F,19,H00417,A11,0
KE-004510,cattle,Ayrshire cross,M,67,H00417,A11,0
KE-004511,cattle,Sahiwal,F,14,H00418,A11,0
KE-004512,cattle,Boran,F,85,H00418,A11,0
KE-004513,cattle,Zebu,M,11,H00418,A11,0
KE-004514,cattle,Boran,F,67,H00419,A11,1
KE-004515,cattle,Sahiwal,F,37,H00419,A11,0
KE-004516,cattle,Friesian cross,F,36,H00419,A11,0
KE-004517,cattle,Friesian cross,F,49,H00419,A11,0
KE-004518,cattle,Ayrshire cross,F,39,H00420,A11,0
KE-004519,cattle,Ayrshire cross,M,59,H00420,A11,0
KE-004520,cattle,Sahiwal,M,6,H00420,A11,1
KE-004521,cattle,Sahiwal,M,58,H00420,A11,1
KE-004522,cattle,Zebu,F,118,H00420,A11,0
KE-004523,cattle,Sahiwal,F,8,H00420,A11,0
KE-004524,cattle,Friesian cross,F,30,H00420,A11,1
KE-004525,cattle,Zebu,F,119,H00421,A11,0
KE-004526,cattle,Zebu,M,95,H00421,A11,0
KE-004527,cattle,Friesian cross,F,113,H00421,A11,0
KE-004528,cattle,Ayrshire cross,F,84,H00421,A11,0
KE-004529,cattle,Boran,M,6,H00421,A11,0
KE-004530,cattle,Friesian cross,F,70,H00421,A11,0
KE-004531,cattle,Ayrshire cross,M,89,H00421,A11,0
KE-004532,cattle,Boran,F,8,H00421,A11,1
KE-004533,cattle,Ayrshire cross,F,80,H00421,A11,1
KE-004534,cattle,Ayrshire cross,F,116,H00421,A11,0
KE-004535,cattle,Sahiwal,F,60,H00421,A11,1
KE-004536,cattle,Friesian cross,M,88,H00421,A11,1
KE-004537,cattle,Sahiwal,F,64,H00422,A11,0
KE-004538,cattle,Sahiwal,F,76,H00422,A11,0
KE-004539,cattle,Zebu,F,87,H00423,A11,0
KE-004540,cattle,Boran,M,44,H00423,A11,0
KE-004541,cattle,Boran,M,9,H00423,A11,1
KE-004542,cattle,Boran,M,106,H00423,A11,0
KE-004543,cattle,Ayrshire cross,F,66,H00423,A11,0
KE-004544,cattle,Zebu,M,15,H00423,A11,1
KE-004545,cattle,Friesian cross,F,41,H00424,A11,0
KE-004546,cattle,Sahiwal,F,113,H00424,A11,1
KE-004547,cattle,Boran,F,97,H00424,A11,0
KE-004548,cattle,Zebu,M,108,H00425,A11,1
KE-004549,cattle,Boran,M,86,H00425,A11,0
KE-004550,cattle,Zebu,F,106,H00425,A11,0
KE-004551,cattle,Ayrshire cross,F,80,H00425,A11,0
KE-004552,cattle,Sahiwal,F,11,H00425,A11,0
KE-004553,cattle,Zebu,M,32,H00425,A11,1
KE-004554,cattle,Friesian cross,M,81,H00426,A11,0
KE-004555,cattle,Zebu,M,108,H00426,A11,0
KE-004556,cattle,Ayrshire cross,F,95,H00426,A11,0
KE-004557,cattle,Ayrshire cross,M,38,H00426,A11,0
KE-004558,cattle,Zebu,M,76,H00427,A11,1
KE-004559,cattle,Friesian cross,F,114,H00427,A11,1
KE-004560,cattle,Ayrshire cross,F,77,H00428,A11,0
KE-004561,cattle,Boran,M,94,H00428,A11,1
KE-004562,cattle,Sahiwal,F,26,H00428,A11,0
KE-004563,cattle,Boran,F,21,H00428,A11,0
KE-004564,cattle,Boran,M,114,H00428,A11,1
KE-004565,cattle,Ayrshire cross,F,70,H00428,A11,0
KE-004566,cattle,Sahiwal,M,54,H00428,A11,0
KE-004567,cattle,Ayrshire cross,F,36,H00428,A11,0
KE-004568,cattle,Zebu,M,12,H00429,A11,1
KE-004569,cattle,Ayrshire cross,M,23,H00429,A11,1
KE-004570,cattle,Sahiwal,F,90,H00429,A11,0
KE-004571,cattle,Friesian cross,M,76,H00430,A11,0
KE-004572,cattle,Ayrshire cross,F,84,H00430,A11,1
KE-004573,cattle,Zebu,F,78,H00430,A11,1
KE-004574,cattle,Ayrshire cross,F,114,H00431,A11,1
KE-004575,cattle,Boran,F,108,H00431,A11,0
KE-004576,cattle,Zebu,F,23,H00431,A11,0
KE-004577,cattle,Boran,M,34,H00432,A11,1
KE-004578,cattle,Zebu,F,29,H00432,A11,1
KE-004579,cattle,Sahiwal,M,34,H00432,A11,0
KE-004580,cattle,Boran,F,26,H00433,A11,1
KE-004581,cattle,Zebu,M,54,H00433,A11,0
KE-004582,cattle,Boran,F,80,H00433,A11,1
KE-004583,cattle,Boran,F,91,H00433,A11,0
KE-004584,cattle,Friesian cross,F,117,H00433,A11,0
KE-004585,cattle,Sahiwal,F,69,H00433,A11,1
KE-004586,cattle,Boran,F,76,H00434,A11,0
KE-004587,cattle,Boran,F,85,H00434,A11,0
KE-004588,cattle,Boran,F,77,H00434,A11,0
KE-004589,cattle,Zebu,M,14,H00434,A11,1
KE-004590,cattle,Ayrshire cross,M,29,H00435,A11,1
KE-004591,cattle,Friesian cross,F,35,H00435,A11,0
KE-004592,cattle,Zebu,F,71,H00435,A11,0
KE-004593,cattle,Ayrshire cross,M,29,H00435,A11,1
KE-004594,cattle,Zebu,F,74,H00435,A11,0
KE-004595,cattle,Friesian cross,F,115,H00436,A11,0
KE-004596,cattle,Sahiwal,M,57,H00436,A11,0
KE-004597,cattle,Friesian cross,F,31,H00436,A11,1
KE-004598,cattle,Ayrshire cross,M,115,H00436,A11,1
KE-004599,cattle,Ayrshire cross,M,66,H00436,A11,0
KE-004600,cattle,Sahiwal,M,56,H00437,A11,1
KE-004601,cattle,Boran,F,66,H00437,A11,1
KE-004602,cattle,Ayrshire cross,M,84,H00437,A11,0
KE-004603,cattle,Friesian cross,M,26,H00437,A11,0
KE-004604,cattle,Zebu,M,79,H00437,A11,0
KE-004605,cattle,Zebu,M,97,H00437,A11,0
KE-004606,cattle,Boran,M,62,H00437,A11,0
KE-004607,cattle,Ayrshire cross,F,18,H00437,A11,1
KE-004608,cattle,Sahiwal,F,103,H00437,A11,1
KE-004609,cattle,Friesian cross,F,65,H00437,A11,0
KE-004610,cattle,Sahiwal,F,61,H00438,A11,1
KE-004611,cattle,Zebu,F,96,H00438,A11,0
KE-004612,cattle,Zebu,M,43,H00438,A11,0
KE-004613,cattle,Zebu,F,87,H00438,A11,0
KE-004614,cattle,Sahiwal,F,86,H00439,A11,0
KE-004615,cattle,Zebu,M,108,H00439,A11,0
KE-004616,cattle,Ayrshire cross,F,54,H00440,A11,1
KE-004617,cattle,Friesian cross,F,73,H00440,A11,1
KE-004618,cattle,Boran,F,114,H00440,A11,0
KE-004619,cattle,Zebu,F,38,H00440,A11,1
KE-004620,cattle,Ayrshire cross,F,54,H00440,A11,1
KE-004621,cattle,Boran,F,82,H00440,A11,1
KE-004622,cattle,Ayrshire cross,F,45,H00440,A11,1
KE-004623,cattle,Ayrshire cross,M,29,H00440,A11,0
KE-004624,cattle,Boran,M,104,H00441,A11,0
KE-004625,cattle,Zebu,F,41,H00441,A11,0
KE-004626,cattle,Boran,F,39,H00441,A11,0
KE-004627,cattle,Boran,F,25,H00441,A11,0
KE-004628,cattle,Sahiwal,F,40,H00442,A11,1
KE-004629,cattle,Sahiwal,M,52,H00442,A11,0
KE-004630,cattle,Sahiwal,F,60,H00442,A11,0
KE-004631,cattle,Sahiwal,F,75,H00442,A11,1
KE-004632,cattle,Boran,M,85,H00442,A11,0
KE-004633,cattle,Friesian cross,F,101,H00442,A11,0
KE-004634,cattle,Sahiwal,F,111,H00442,A11,0
KE-004635,cattle,Boran,M,29,H00442,A11,0
KE-004636,cattle,Boran,F,97,H00442,A11,0
KE-004637,cattle,Sahiwal,F,9,H00443,A11,0
KE-004638,cattle,Friesian cross,M,96,H00443,A11,1
KE-004639,cattle,Friesian cross,F,50,H00443,A11,1
KE-004640,cattle,Friesian cross,F,104,H00443,A11,1
KE-004641,cattle,Friesian cross,M,52,H00443,A11,0
KE-004642,cattle,Friesian cross,F,30,H00443,A11,0
KE-004643,cattle,Ayrshire cross,F,68,H00444,A11,1
KE-004644,cattle,Friesian cross,M,119,H00444,A11,1
KE-004645,cattle,Ayrshire cross,F,16,H00444,A11,1
KE-004646,cattle,Friesian cross,F,18,H00444,A11,1
KE-004647,cattle,Ayrshire cross,F,49,H00445,A11,0
KE-004648,cattle,Boran,F,100,H00445,A11,0
KE-004649,cattle,Zebu,M,109,H00445,A11,1
KE-004650,cattle,Boran,F,34,H00445,A11,1
KE-004651,cattle,Friesian cross,F,15,H00445,A11,0
KE-004652,cattle,Friesian cross,F,97,H00446,A11,0
KE-004653,cattle,Ayrshire cross,F,96,H00446,A11,0
KE-004654,cattle,Zebu,M,13,H00446,A11,0
KE-004655,cattle,Boran,M,84,H00446,A11,1
KE-004656,cattle,Boran,M,112,H00446,A11,0
KE-004657,cattle,Sahiwal,F,59,H00446,A11,1
KE-004658,cattle,Zebu,F,21,H00446,A11,0
KE-004659,cattle,Friesian cross,F,114,H00446,A11,1
KE-004660,cattle,Friesian cross,M,12,H00446,A11,0
KE-004661,cattle,Sahiwal,F,60,H00446,A11,0
KE-004662,cattle,Boran,F,34,H00446,A11,1
KE-004663,cattle,Sahiwal,F,34,H00446,A11,1
KE-004664,cattle,Sahiwal,F,89,H00446,A11,0
KE-004665,cattle,Sahiwal,F,114,H00446,A11,0
KE-004666,cattle,Sahiwal,M,6,H00447,A11,0
KE-004667,cattle,Sahiwal,F,29,H00447,A11,0
KE-004668,cattle,Friesian cross,M,81,H00447,A11,0
KE-004669,cattle,Friesian cross,F,78,H00447,A11,1
KE-004670,cattle,Zebu,F,65,H00447,A11,0
KE-004671,cattle,Sahiwal,F,55,H00447,A11,0
KE-004672,cattle,Zebu,F,107,H00447,A11,0
KE-004673,cattle,Ayrshire cross,M,21,H00447,A11,1
KE-004674,cattle,Sahiwal,M,54,H00447,A11,1
KE-004675,cattle,Zebu,F,101,H00447,A11,1
KE-004676,cattle,Ayrshire cross,F,114,H00447,A11,0
KE-004677,cattle,Sahiwal,F,105,H00447,A11,1
KE-004678,cattle,Friesian cross,F,44,H00447,A11,1
KE-004679,cattle,Sahiwal,M,50,H00447,A11,1
KE-004680,cattle,Friesian cross,F,85,H00447,A11,1
KE-004681,cattle,Boran,F,26,H00448,A11,0
KE-004682,cattle,Zebu,M,15,H00448,A11,0
KE-004683,cattle,Zebu,M,15,H00448,A11,0
KE-004684,cattle,Boran,M,10,H00448,A11,1
KE-004685,cattle,Zebu,F,81,H00448,A11,0
KE-004686,cattle,Boran,M,101,H00449,A11,0
KE-004687,cattle,Boran,M,14,H00449,A11,1
KE-004688,cattle,Zebu,F,20,H00449,A11,0
KE-004689,cattle,Friesian cross,F,83,H00449,A11,0
KE-004690,cattle,Sahiwal,F,98,H00449,A11,0
KE-004691,cattle,Friesian cross,M,88,H00450,A11,0
KE-004692,cattle,Zebu,F,64,H00450,A11,0
KE-004693,cattle,Sahiwal,F,44,H00450,A11,1
KE-004694,cattle,Ayrshire cross,F,79,H00450,A11,0
KE-004695,cattle,Ayrshire cross,M,24,H00450,A11,1
KE-004696,cattle,Ayrshire cross,F,52,H00450,A11,0
KE-004697,cattle,Ayrshire cross,F,55,H00450,A11,0
KE-004698,cattle,Ayrshire cross,F,92,H00450,A11,0
KE-004699,cattle,Ayrshire cross,M,115,H00451,A11,0
KE-004700,cattle,Zebu,M,92,H00451,A11,0
KE-004701,cattle,Sahiwal,M,15,H00451,A11,0
KE-004702,cattle,Friesian cross,F,73,H00452,A11,1
KE-004703,cattle,Friesian cross,M,97,H00452,A11,1
KE-004704,cattle,Ayrshire cross,F,75,H00452,A11,0
KE-004705,cattle,Boran,F,72,H00452,A11,1
KE-004706,cattle,Boran,F,16,H00452,A11,0
KE-004707,cattle,Zebu,M,112,H00453,A11,0
KE-004708,cattle,Ayrshire cross,F,43,H00453,A11,0
KE-004709,cattle,Boran,F,63,H00453,A11,0
KE-004710,cattle,Friesian cross,F,82,H00453,A11,1
KE-004711,cattle,Zebu,F,76,H00454,A11,0
KE-004712,cattle,Zebu,M,100,H00454,A11,0
KE-004713,cattle,Boran,F,8,H00454,A11,1
KE-004714,cattle,Boran,M,107,H00454,A11,0
KE-004715,cattle,Sahiwal,F,92,H00454,A11,0
KE-004716,cattle,Ayrshire cross,F,111,H00455,A11,1
KE-004717,cattle,Zebu,F,106,H00455,A11,1
KE-004718,cattle,Friesian cross,F,10,H00455,A11,0
KE-004719,cattle,Sahiwal,F,52,H00456,A11,0
KE-004720,cattle,Zebu,M,79,H00456,A11,0
KE-004721,cattle,Sahiwal,M,79,H00457,A11,1
KE-004722,cattle,Sahiwal,F,40,H00457,A11,1
KE-004723,cattle,Zebu,F,119,H00458,A11,0
KE-004724,cattle,Boran,F,15,H00458,A11,0
KE-004725,cattle,Boran,F,28,H00458,A11,0
KE-004726,cattle,Friesian cross,M,61,H00459,A11,0
KE-004727,cattle,Boran,M,60,H00459,A11,1
KE-004728,cattle,Zebu,F,37,H00459,A11,0
KE-004729,cattle,Ayrshire cross,F,68,H00459,A11,0
KE-004730,cattle,Ayrshire cross,M,37,H00460,A11,0
KE-004731,cattle,Boran,F,61,H00460,A11,1
KE-004732,cattle,Boran,M,50,H00460,A11,0
KE-004733,cattle,Boran,M,23,H00460,A11,0
KE-004734,cattle,Zebu,F,114,H00461,A11,0
KE-004735,cattle,Sahiwal,M,60,H00461,A11,0
KE-004736,cattle,Friesian cross,M,21,H00461,A11,0
KE-004737,cattle,Ayrshire cross,F,75,H00461,A11,0
KE-004738,cattle,Sahiwal,F,20,H00461,A11,1
KE-004739,cattle,Zebu,F,20,H00461,A11,0
KE-004740,cattle,Ayrshire cross,M,31,H00461,A11,0
KE-004741,cattle,Sahiwal,M,25,H00461,A11,0
KE-004742,cattle,Zebu,F,110,H00461,A11,0
KE-004743,cattle,Friesian cross,M,39,H00461,A11,1
KE-004744,cattle,Zebu,F,100,H00461,A11,0
KE-004745,cattle,Ayrshire cross,F,57,H00461,A11,1
KE-004746,cattle,Sahiwal,M,38,H00461,A11,0
KE-004747,cattle,Sahiwal,F,29,H00461,A11,1
KE-004748,cattle,Ayrshire cross,M,87,H00462,A11,0
KE-004749,cattle,Zebu,F,106,H00462,A11,1
KE-004750,cattle,Sahiwal,F,108,H00462,A11,1
KE-004751,cattle,Friesian cross,M,41,H00462,A11,0
KE-004752,cattle,Friesian cross,F,118,H00462,A11,1
KE-004753,cattle,Ayrshire cross,M,49,H00462,A11,1
KE-004754,cattle,Boran,F,114,H00462,A11,0
KE-004755,cattle,Zebu,F,100,H00462,A11,0
KE-004756,cattle,Zebu,M,47,H00462,A11,0
KE-004757,cattle,Zebu,F,70,H00463,A12,0
KE-004758,cattle,Zebu,F,113,H00463,A12,0
KE-004759,cattle,Sahiwal,F,63,H00463,A12,0
KE-004760,cattle,Friesian cross,F,11,H00464,A12,0
KE-004761,cattle,Sahiwal,F,18,H00464,A12,0
KE-004762,cattle,Sahiwal,M,96,H00464,A12,1
KE-004763,cattle,Zebu,F,101,H00464,A12,1
KE-004764,cattle,Zebu,F,89,H00464,A12,0
KE-004765,cattle,Ayrshire cross,F,38,H00465,A12,0
KE-004766,cattle,Sahiwal,F,19,H00465,A12,1
KE-004767,cattle,Ayrshire cross,M,42,H00465,A12,1
KE-004768,cattle,Zebu,F,75,H00465,A12,0
KE-004769,cattle,Boran,M,61,H00466,A12,0
KE-004770,cattle,Sahiwal,M,24,H00466,A12,1
KE-004771,cattle,Friesian cross,F,60,H00466,A12,1
KE-004772,cattle,Ayrshire cross,F,16,H00466,A12,1
KE-004773,cattle,Ayrshire cross,F,71,H00467,A12,0
KE-004774,cattle,Sahiwal,F,108,H00467,A12,1
KE-004775,cattle,Ayrshire cross,M,52,H00467,A12,0
KE-004776,cattle,Zebu,M,18,H00467,A12,0
KE-004777,cattle,Ayrshire cross,M,45,H00467,A12,0
KE-004778,cattle,Boran,F,62,H00468,A12,0
KE-004779,cattle,Ayrshire cross,F,30,H00468,A12,1
KE-004780,cattle,Zebu,M,76,H00468,A12,0
KE-004781,cattle,Zebu,F,102,H00468,A12,1
KE-004782,cattle,Boran,F,66,H00468,A12,1
KE-004783,cattle,Boran,F,92,H00468,A12,1
KE-004784,cattle,Ayrshire cross,M,64,H00469,A12,0
KE-004785,cattle,Boran,F,24,H00469,A12,0
KE-004786,cattle,Sahiwal,F,12,H00469,A12,0
KE-004787,cattle,Sahiwal,F,86,H00469,A12,0
KE-004788,cattle,Sahiwal,F,42,H00470,A12,1
KE-004789,cattle,Zebu,F,58,H00470,A12,0
KE-004790,cattle,Zebu,F,104,H00470,A12,0
KE-004791,cattle,Sahiwal,F,117,H00470,A12,0
KE-004792,cattle,Boran,M,119,H00470,A12,0
KE-004793,cattle,Ayrshire cross,M,106,H00470,A12,1
KE-004794,cattle,Ayrshire cross,F,31,H00470,A12,0
KE-004795,cattle,Sahiwal,F,43,H00470,A12,0
KE-004796,cattle,Sahiwal,F,86,H00471,A12,1
KE-004797,cattle,Friesian cross,F,20,H00471,A12,0
KE-004798,cattle,Boran,M,18,H00471,A12,1
KE-004799,cattle,Zebu,M,8,H00472,A12,0
KE-004800,cattle,Boran,F,45,H00472,A12,0
KE-004801,cattle,Ayrshire cross,M,46,H00472,A12,0
KE-004802,cattle,Friesian cross,F,106,H00472,A12,0
KE-004803,cattle,Boran,F,85,H00472,A12,0
KE-004804,cattle,Sahiwal,F,81,H00473,A12,0
KE-004805,cattle,Friesian cross,F,35,H00473,A12,1
KE-004806,cattle,Zebu,F,8,H00473,A12,1
KE-004807,cattle,Zebu,F,8,H00473,A12,0
KE-004808,cattle,Boran,M,51,H00473,A12,0
KE-004809,cattle,Zebu,F,22,H00473,A12,0
KE-004810,cattle,Ayrshire cross,F,47,H00473,A12,0
KE-004811,cattle,Boran,F,79,H00473,A12,0
KE-004812,cattle,Ayrshire cross,M,39,H00473,A12,0
KE-004813,cattle,Friesian cross,M,39,H00473,A12,0
KE-004814,cattle,Friesian cross,F,61,H00473,A12,0
KE-004815,cattle,Boran,F,52,H00473,A12,0
KE-004816,cattle,Zebu,F,55,H00473,A12,0
KE-004817,cattle,Zebu,F,33,H00473,A12,0
KE-004818,cattle,Zebu,M,19,H00473,A12,0
KE-004819,cattle,Zebu,F,62,H00473,A12,0
KE-004820,cattle,Boran,F,109,H00473,A12,0
KE-004821,cattle,Ayrshire cross,M,64,H00473,A12,0
KE-004822,cattle,Ayrshire cross,M,50,H00473,A12,0
KE-004823,cattle,Boran,F,36,H00473,A12,0
KE-004824,cattle,Friesian cross,F,76,H00474,A12,0
KE-004825,cattle,Ayrshire cross,F,114,H00474,A12,0
KE-004826,cattle,Friesian cross,F,88,H00474,A12,0
KE-004827,cattle,Friesian cross,F,72,H00474,A12,0
KE-004828,cattle,Ayrshire cross,F,54,H00474,A12,1
KE-004829,cattle,Friesian cross,M,95,H00475,A12,0
KE-004830,cattle,Sahiwal,F,14,H00475,A12,0
KE-004831,cattle,Ayrshire cross,F,48,H00475,A12,1
KE-004832,cattle,Ayrshire cross,F,59,H00475,A12,0
KE-004833,cattle,Zebu,F,24,H00475,A12,0
KE-004834,cattle,Sahiwal,F,68,H00475,A12,1
KE-004835,cattle,Ayrshire cross,F,66,H00475,A12,0
KE-004836,cattle,Boran,F,48,H00475,A12,0
KE-004837,cattle,Friesian cross,F,50,H00475,A12,0
KE-004838,cattle,Sahiwal,M,55,H00475,A12,1
KE-004839,cattle,Sahiwal,M,105,H00476,A12,1
KE-004840,cattle,Friesian cross,M,66,H00476,A12,0
KE-004841,cattle,Sahiwal,M,50,H00476,A12,0
KE-004842,cattle,Zebu,M,116,H00476,A12,0
KE-004843,cattle,Friesian cross,F,88,H00476,A12,0
KE-004844,cattle,Friesian cross,F,75,H00477,A12,0
KE-004845,cattle,Ayrshire cross,M,17,H00477,A12,0
KE-004846,cattle,Sahiwal,F,69,H00477,A12,0
KE-004847,cattle,Zebu,M,45,H00477,A12,0
KE-004848,cattle,Zebu,F,62,H00477,A12,0
KE-004849,cattle,Ayrshire cross,M,58,H00477,A12,0
KE-004850,cattle,Sahiwal,F,92,H00478,A12,1
KE-004851,cattle,Friesian cross,M,111,H00478,A12,1
KE-004852,cattle,Friesian cross,F,84,H00478,A12,1
KE-004853,cattle,Friesian cross,M,119,H00478,A12,0
KE-004854,cattle,Sahiwal,F,22,H00479,A12,0
KE-004855,cattle,Zebu,F,82,H00479,A12,0
KE-004856,cattle,Friesian cross,F,10,H00479,A12,0
KE-004857,cattle,Friesian cross,F,6,H00479,A12,0
KE-004858,cattle,Sahiwal,F,69,H00480,A12,1
KE-004859,cattle,Friesian cross,F,90,H00480,A12,0
KE-004860,cattle,Sahiwal,F,69,H00480,A12,0
KE-004861,cattle,Ayrshire cross,F,85,H00481,A12,0
KE-004862,cattle,Zebu,F,55,H00481,A12,0
KE-004863,cattle,Ayrshire cross,F,57,H00481,A12,1
KE-004864,cattle,Ayrshire cross,F,88,H00481,A12,0
KE-004865,cattle,Zebu,F,77,H00481,A12,0
KE-004866,cattle,Zebu,M,47,H00481,A12,0
KE-004867,cattle,Ayrshire cross,F,102,H00482,A12,0
KE-004868,cattle,Friesian cross,M,80,H00482,A12,1
KE-004869,cattle,Ayrshire cross,M,109,H00482,A12,1
KE-004870,cattle,Friesian cross,M,119,H00483,A12,0
KE-004871,cattle,Ayrshire cross,F,6,H00483,A12,0
KE-004872,cattle,Sahiwal,M,7,H00483,A12,0
KE-004873,cattle,Sahiwal,M,37,H00483,A12,1
KE-004874,cattle,Zebu,M,99,H00483,A12,0
KE-004875,cattle,Ayrshire cross,F,63,H00483,A12,1
KE-004876,cattle,Sahiwal,F,105,H00484,A12,0
KE-004877,cattle,Friesian cross,M,40,H00484,A12,0
KE-004878,cattle,Zebu,F,24,H00484,A12,1
KE-004879,cattle,Friesian cross,F,24,H00484,A12,0
KE-004880,cattle,Friesian cross,F,67,H00484,A12,0
KE-004881,cattle,Friesian cross,F,96,H00484,A12,1
KE-004882,cattle,Friesian cross,F,93,H00484,A12,0
KE-004883,cattle,Zebu,M,97,H00484,A12,1
KE-004884,cattle,Friesian cross,M,18,H00485,A12,0
KE-004885,cattle,Zebu,F,50,H00485,A12,1
KE-004886,cattle,Friesian cross,M,79,H00485,A12,0
KE-004887,cattle,Zebu,M,58,H00485,A12,0
KE-004888,cattle,Sahiwal,M,12,H00485,A12,1
KE-004889,cattle,Ayrshire cross,F,41,H00485,A12,1
KE-004890,cattle,Ayrshire cross,F,10,H00486,A12,1
KE-004891,cattle,Sahiwal,F,66,H00486,A12,0
KE-004892,cattle,Boran,F,108,H00486,A12,0
KE-004893,cattle,Ayrshire cross,F,23,H00486,A12,0
KE-004894,cattle,Friesian cross,F,29,H00487,A12,0
KE-004895,cattle,Zebu,M,96,H00487,A12,0
KE-004896,cattle,Ayrshire cross,F,55,H00487,A12,1
KE-004897,cattle,Boran,M,66,H00487,A12,1
KE-004898,cattle,Zebu,F,28,H00487,A12,0
KE-004899,cattle,Ayrshire cross,M,57,H00487,A12,0
KE-004900,cattle,Sahiwal,F,48,H00488,A12,0
KE-004901,cattle,Ayrshire cross,F,92,H00488,A12,1
KE-004902,cattle,Ayrshire cross,F,21,H00488,A12,1
KE-004903,cattle,Boran,M,24,H00488,A12,0
KE-004904,cattle,Zebu,M,90,H00489,A12,0
KE-004905,cattle,Sahiwal,F,115,H00489,A12,1
KE-004906,cattle,Sahiwal,M,23,H00489,A12,1
KE-004907,cattle,Zebu,F,44,H00489,A12,0
KE-004908,cattle,Sahiwal,M,73,H00489,A12,0
KE-004909,cattle,Ayrshire cross,F,103,H00489,A12,0
KE-004910,cattle,Boran,F,73,H00489,A12,0
KE-004911,cattle,Sahiwal,M,113,H00489,A12,0
KE-004912,cattle,Zebu,F,49,H00490,A12,1
KE-004913,cattle,Zebu,M,105,H00490,A12,0
KE-004914,cattle,Sahiwal,F,102,H00491,A12,1
KE-004915,cattle,Boran,F,24,H00491,A12,0
KE-004916,cattle,Boran,M,25,H00491,A12,0
KE-004917,cattle,Friesian cross,M,41,H00491,A12,0
KE-004918,cattle,Boran,F,89,H00492,A12,0
KE-004919,cattle,Sahiwal,F,7,H00492,A12,0
KE-004920,cattle,Sahiwal,M,116,H00493,A12,1
KE-004921,cattle,Boran,F,117,H00493,A12,1
KE-004922,cattle,Zebu,M,91,H00494,A12,0
KE-004923,cattle,Ayrshire cross,F,100,H00494,A12,1
KE-004924,cattle,Friesian cross,F,12,H00494,A12,0
KE-004925,cattle,Zebu,F,18,H00494,A12,0
KE-004926,cattle,Zebu,F,88,H00494,A12,1
KE-004927,cattle,Friesian cross,M,81,H00494,A12,1
KE-004928,cattle,Ayrshire cross,M,8,H00494,A12,0
KE-004929,cattle,Friesian cross,F,28,H00494,A12,0
KE-004930,cattle,Boran,F,20,H00494,A12,0
KE-004931,cattle,Ayrshire cross,F,63,H00494,A12,0
KE-004932,cattle,Friesian cross,F,59,H00495,A12,1
KE-004933,cattle,Zebu,F,12,H00495,A12,0
KE-004934,cattle,Boran,M,77,H00495,A12,1
KE-004935,cattle,Friesian cross,F,93,H00495,A12,0
KE-004936,cattle,Sahiwal,F,46,H00495,A12,1
KE-004937,cattle,Sahiwal,M,11,H00495,A12,1
KE-004938,cattle,Friesian cross,M,7,H00495,A12,1
KE-004939,cattle,Boran,M,72,H00495,A12,0
KE-004940,cattle,Sahiwal,F,11,H00496,A12,0
KE-004941,cattle,Zebu,M,45,H00496,A12,0
KE-004942,cattle,Boran,F,22,H00496,A12,0
KE-004943,cattle,Sahiwal,M,57,H00497,A12,1
KE-004944,cattle,Sahiwal,M,10,H00497,A12,0
KE-004945,cattle,Ayrshire cross,M,16,H00498,A12,0
KE-004946,cattle,Ayrshire cross,F,7,H00499,A12,1
KE-004947,cattle,Friesian cross,F,85,H00499,A12,0
KE-004948,cattle,Zebu,M,28,H00499,A12,0
KE-004949,cattle,Friesian cross,F,51,H00500,A12,0
KE-004950,cattle,Friesian cross,M,22,H00500,A12,0
KE-004951,cattle,Zebu,F,106,H00500,A12,1
KE-004952,cattle,Zebu,F,43,H00500,A12,1
KE-004953,cattle,Friesian cross,F,119,H00500,A12,1
KE-004954,cattle,Sahiwal,F,37,H00500,A12,0
KE-004955,cattle,Ayrshire cross,M,13,H00500,A12,0
KE-004956,cattle,Boran,M,30,H00500,A12,0
KE-004957,cattle,Friesian cross,M,54,H00500,A12,0
KE-004958,cattle,Sahiwal,F,48,H00500,A12,1
KE-004959,cattle,Ayrshire cross,M,64,H00500,A12,1
KE-004960,cattle,Sahiwal,M,110,H00500,A12,1
KE-004961,cattle,Boran,M,105,H00500,A12,1
KE-004962,cattle,Zebu,M,65,H00500,A12,0
KE-004963,cattle,Zebu,M,38,H00500,A12,0
KE-004964,cattle,Friesian cross,F,118,H00500,A12,0
KE-004965,cattle,Friesian cross,F,105,H00500,A12,0
KE-004966,cattle,Sahiwal,F,72,H00500,A12,0
KE-004967,cattle,Friesian cross,M,13,H00501,A12,1
KE-004968,cattle,Sahiwal,F,99,H00501,A12,1
KE-004969,cattle,Friesian cross,M,115,H00501,A12,1
KE-004970,cattle,Sahiwal,F,36,H00501,A12,0
KE-004971,cattle,Zebu,M,39,H00501,A12,1
KE-004972,cattle,Ayrshire cross,F,86,H00501,A12,1
KE-004973,cattle,Boran,F,112,H00502,A12,0
KE-004974,cattle,Ayrshire cross,F,17,H00502,A12,0
KE-004975,cattle,Zebu,F,81,H00502,A12,0
KE-004976,cattle,Ayrshire cross,M,26,H00503,A12,1
KE-004977,cattle,Boran,F,66,H00503,A12,0
KE-004978,cattle,Ayrshire cross,M,112,H00503,A12,0
KE-004979,cattle,Zebu,F,33,H00503,A12,0
KE-004980,cattle,Friesian cross,F,15,H00503,A12,0
KE-004981,cattle,Sahiwal,F,119,H00503,A12,0
KE-004982,cattle,Boran,M,110,H00504,A12,0
KE-004983,cattle,Friesian cross,F,96,H00504,A12,0
KE-004984,cattle,Boran,M,12,H00505,A12,0
KE-004985,cattle,Sahiwal,F,19,H00505,A12,0
KE-004986,cattle,Sahiwal,M,23,H00505,A12,0
KE-004987,cattle,Sahiwal,F,46,H00505,A12,0
KE-004988,cattle,Friesian cross,F,46,H00506,A12,0
KE-004989,cattle,Ayrshire cross,F,104,H00506,A12,0
KE-004990,cattle,Sahiwal,M,41,H00506,A12,1
KE-004991,cattle,Sahiwal,F,68,H00506,A12,1
KE-004992,cattle,Friesian cross,F,116,H00506,A12,1
KE-004993,cattle,Zebu,F,79,H00507,A12,1
KE-004994,cattle,Ayrshire cross,F,40,H00507,A12,0
KE-004995,cattle,Sahiwal,F,70,H00507,A12,0
KE-004996,cattle,Boran,M,109,H00507,A12,1
KE-004997,cattle,Zebu,F,80,H00508,A12,1
KE-004998,cattle,Friesian cross,M,104,H00508,A12,1
KE-004999,cattle,Zebu,M,105,H00508,A12,0
KE-005000,cattle,Friesian cross,F,96,H00508,A12,0
KE-005001,cattle,Sahiwal,F,28,H00508,A12,1
KE-005002,cattle,Boran,F,99,H00508,A12,0
KE-005003,cattle,Friesian cross,F,94,H00508,A12,1
KE-005004,cattle,Sahiwal,M,35,H00509,A12,1
KE-005005,cattle,Sahiwal,F,51,H00509,A12,0
KE-005006,cattle,Zebu,F,96,H00509,A12,0
KE-005007,cattle,Zebu,M,102,H00509,A12,0
KE-005008,cattle,Friesian cross,M,13,H00509,A12,0
KE-005009,cattle,Sahiwal,F,41,H00510,A12,1
KE-005010,cattle,Zebu,F,75,H00510,A12,0
KE-005011,cattle,Ayrshire cross,F,99,H00510,A12,1
KE-005012,cattle,Boran,F,21,H00510,A12,0
KE-005013,cattle,Friesian cross,M,78,H00510,A12,0
KE-005014,cattle,Friesian cross,M,29,H00510,A12,0
KE-005015,cattle,Boran,F,62,H00511,A12,1
KE-005016,cattle,Zebu,F,83,H00511,A12,1
KE-005017,cattle,Zebu,F,19,H00511,A12,0
KE-005018,cattle,Ayrshire cross,F,69,H00512,A12,1
KE-005019,cattle,Boran,M,94,H00512,A12,1
KE-005020,cattle,Boran,F,59,H00512,A12,0
KE-005021,cattle,Friesian cross,F,20,H00512,A12,0
KE-005022,cattle,Sahiwal,F,48,H00512,A12,1
KE-005023,cattle,Boran,M,12,H00512,A12,0
KE-005024,cattle,Ayrshire cross,M,6,H00512,A12,1
KE-005025,cattle,Ayrshire cross,M,69,H00512,A12,0
KE-005026,cattle,Boran,F,66,H00513,A12,1
KE-005027,cattle,Sahiwal,F,119,H00513,A12,1
KE-005028,cattle,Zebu,F,113,H00513,A12,0
KE-005029,cattle,Zebu,F,37,H00513,A12,1
KE-005030,cattle,Ayrshire cross,F,50,H00513,A12,0
KE-005031,cattle,Boran,M,106,H00513,A12,1
KE-005032,cattle,Sahiwal,M,115,H00513,A12,0
KE-005033,cattle,Boran,F,86,H00513,A12,1
KE-005034,cattle,Ayrshire cross,F,109,H00513,A12,0
KE-005035,cattle,Zebu,F,88,H00513,A12,0
KE-005036,cattle,Friesian cross,F,116,H00513,A12,0
KE-005037,cattle,Ayrshire cross,F,117,H00514,A13,1
KE-005038,cattle,Ayrshire cross,M,68,H00514,A13,0
KE-005039,cattle,Ayrshire cross,F,12,H00514,A13,0
KE-005040,cattle,Sahiwal,F,42,H00515,A13,0
KE-005041,cattle,Sahiwal,M,9,H00515,A13,0
KE-005042,cattle,Zebu,F,77,H00515,A13,1
KE-005043,cattle,Zebu,F,70,H00515,A13,1
KE-005044,cattle,Boran,F,72,H00515,A13,1
KE-005045,cattle,Boran,F,80,H00515,A13,1
KE-005046,cattle,Ayrshire cross,F,6,H00515,A13,0
KE-005047,cattle,Zebu,F,66,H00515,A13,0
KE-005048,cattle,Friesian cross,F,119,H00515,A13,0
KE-005049,cattle,Zebu,M,76,H00515,A13,0
KE-005050,cattle,Boran,F,10,H00516,A13,1
KE-005051,cattle,Sahiwal,F,94,H00516,A13,0
KE-005052,cattle,Boran,F,8,H00516,A13,1
KE-005053,cattle,Zebu,F,59,H00516,A13,0
KE-005054,cattle,Ayrshire cross,F,62,H00517,A13,0
KE-005055,cattle,Ayrshire cross,M,111,H00517,A13,0
KE-005056,cattle,Boran,M,61,H00517,A13,0
KE-005057,cattle,Ayrshire cross,M,112,H00517,A13,1
KE-005058,cattle,Boran,M,11,H00517,A13,0
KE-005059,cattle,Boran,M,74,H00517,A13,0
KE-005060,cattle,Sahiwal,F,45,H00517,A13,1
KE-005061,cattle,Zebu,M,72,H00517,A13,1
KE-005062,cattle,Sahiwal,M,102,H00517,A13,1
KE-005063,cattle,Zebu,M,102,H00517,A13,0
KE-005064,cattle,Ayrshire cross,F,33,H00518,A13,0
KE-005065,cattle,Boran,F,34,H00518,A13,0
KE-005066,cattle,Ayrshire cross,M,89,H00518,A13,0
KE-005067,cattle,Sahiwal,F,6,H00518,A13,0
KE-005068,cattle,Boran,F,55,H00519,A13,0
KE-005069,cattle,Sahiwal,F,11,H00519,A13,0
KE-005070,cattle,Zebu,F,78,H00519,A13,1
KE-005071,cattle,Sahiwal,M,107,H00519,A13,0
KE-005072,cattle,Boran,F,8,H00519,A13,1
KE-005073,cattle,Sahiwal,F,26,H00519,A13,1
KE-005074,cattle,Friesian cross,F,43,H00519,A13,0
KE-005075,cattle,Sahiwal,F,62,H00519,A13,1
KE-005076,cattle,Zebu,F,105,H00519,A13,1
KE-005077,cattle,Friesian cross,M,76,H00519,A13,0
KE-005078,cattle,Friesian cross,F,52,H00520,A13,1
KE-005079,cattle,Zebu,F,70,H00520,A13,1
KE-005080,cattle,Boran,M,7,H00520,A13,1
KE-005081,cattle,Sahiwal,M,36,H00520,A13,0
KE-005082,cattle,Sahiwal,M,71,H00520,A13,1
KE-005083,cattle,Ayrshire cross,F,98,H00521,A13,0
KE-005084,cattle,Sahiwal,F,32,H00521,A13,0
KE-005085,cattle,Sahiwal,F,22,H00521,A13,0
KE-005086,cattle,Zebu,M,30,H00521,A13,1
KE-005087,cattle,Boran,F,77,H00521,A13,0
KE-005088,cattle,Friesian cross,M,80,H00522,A13,0
KE-005089,cattle,Ayrshire cross,F,69,H00522,A13,0
KE-005090,cattle,Ayrshire cross,F,14,H00522,A13,0
KE-005091,cattle,Friesian cross,F,111,H00522,A13,0
KE-005092,cattle,Zebu,F,34,H00522,A13,0
KE-005093,cattle,Sahiwal,M,89,H00522,A13,0
KE-005094,cattle,Zebu,F,14,H00522,A13,1
KE-005095,cattle,Zebu,M,111,H00522,A13,1
KE-005096,cattle,Boran,F,33,H00522,A13,0
KE-005097,cattle,Boran,F,18,H00522,A13,1
KE-005098,cattle,Ayrshire cross,F,79,H00522,A13,1
KE-005099,cattle,Zebu,F,95,H00523,A13,0
KE-005100,cattle,Sahiwal,F,30,H00523,A13,1
KE-005101,cattle,Boran,F,75,H00523,A13,0
KE-005102,cattle,Sahiwal,F,6,H00523,A13,0
KE-005103,cattle,Ayrshire cross,F,58,H00524,A13,0
KE-005104,cattle,Friesian cross,M,55,H00524,A13,0
KE-005105,cattle,Ayrshire cross,M,113,H00524,A13,0
KE-005106,cattle,Zebu,M,47,H00525,A13,0
KE-005107,cattle,Boran,F,27,H00525,A13,1
KE-005108,cattle,Boran,M,92,H00525,A13,1
KE-005109,cattle,Sahiwal,M,67,H00525,A13,0
KE-005110,cattle,Boran,F,26,H00526,A13,1
KE-005111,cattle,Zebu,F,77,H00526,A13,1
KE-005112,cattle,Boran,F,94,H00526,A13,1
KE-005113,cattle,Zebu,F,50,H00526,A13,0
KE-005114,cattle,Ayrshire cross,F,51,H00526,A13,1
KE-005115,cattle,Friesian cross,M,106,H00526,A13,1
KE-005116,cattle,Zebu,F,79,H00527,A13,0
KE-005117,cattle,Boran,F,106,H00527,A13,0
KE-005118,cattle,Sahiwal,F,48,H00528,A13,0
KE-005119,cattle,Friesian cross,M,21,H00528,A13,0
KE-005120,cattle,Boran,F,26,H00528,A13,0
KE-005121,cattle,Friesian cross,F,73,H00528,A13,0
KE-005122,cattle,Ayrshire cross,F,7,H00528,A13,0
KE-005123,cattle,Boran,M,28,H00528,A13,0
KE-005124,cattle,Boran,F,44,H00529,A13,0
KE-005125,cattle,Ayrshire cross,F,103,H00529,A13,0
KE-005126,cattle,Boran,M,22,H00529,A13,0
KE-005127,cattle,Boran,F,18,H00530,A13,0
KE-005128,cattle,Boran,F,44,H00530,A13,0
KE-005129,cattle,Boran,F,22,H00530,A13,0
KE-005130,cattle,Friesian cross,F,33,H00530,A13,1
KE-005131,cattle,Ayrshire cross,F,13,H00530,A13,0
KE-005132,cattle,Sahiwal,M,20,H00530,A13,0
KE-005133,cattle,Sahiwal,F,10,H00530,A13,1
KE-005134,cattle,Zebu,F,74,H00530,A13,0
KE-005135,cattle,Boran,F,110,H00530,A13,0
KE-005136,cattle,Boran,F,29,H00531,A13,1
KE-005137,cattle,Zebu,M,98,H00532,A13,0
KE-005138,cattle,Boran,F,86,H00532,A13,0
KE-005139,cattle,Boran,M,115,H00532,A13,0
KE-005140,cattle,Ayrshire cross,F,100,H00533,A13,0
KE-005141,cattle,Zebu,M,119,H00533,A13,1
KE-005142,cattle,Sahiwal,M,22,H00534,A13,0
KE-005143,cattle,Friesian cross,M,91,H00534,A13,0
KE-005144,cattle,Boran,F,107,H00534,A13,1
KE-005145,cattle,Sahiwal,F,64,H00535,A13,0
KE-005146,cattle,Ayrshire cross,F,96,H00535,A13,0
KE-005147,cattle,Sahiwal,M,16,H00535,A13,1
KE-005148,cattle,Sahiwal,F,89,H00535,A13,0
KE-005149,cattle,Boran,F,36,H00535,A13,0
KE-005150,cattle,Sahiwal,F,28,H00536,A13,0
KE-005151,cattle,Zebu,F,30,H00536,A13,1
KE-005152,cattle,Ayrshire cross,F,58,H00536,A13,0
KE-005153,cattle,Sahiwal,F,73,H00536,A13,0
KE-005154,cattle,Ayrshire cross,M,36,H00537,A13,1
KE-005155,cattle,Sahiwal,F,102,H00537,A13,0
KE-005156,cattle,Boran,M,64,H00537,A13,0
KE-005157,cattle,Ayrshire cross,M,54,H00537,A13,0
KE-005158,cattle,Boran,F,57,H00538,A13,1
KE-005159,cattle,Sahiwal,F,97,H00538,A13,1
KE-005160,cattle,Zebu,M,8,H00538,A13,0
KE-005161,cattle,Friesian cross,M,61,H00538,A13,0
KE-005162,cattle,Boran,M,96,H00539,A13,0
KE-005163,cattle,Boran,M,94,H00539,A13,1
KE-005164,cattle,Friesian cross,M,7,H00539,A13,0
KE-005165,cattle,Sahiwal,F,68,H00539,A13,0
KE-005166,cattle,Sahiwal,M,88,H00539,A13,0
KE-005167,cattle,Zebu,F,117,H00540,A13,0
KE-005168,cattle,Zebu,F,82,H00540,A13,0
KE-005169,cattle,Ayrshire cross,F,31,H00540,A13,0
KE-005170,cattle,Boran,M,10,H00541,A13,1
KE-005171,cattle,Boran,M,36,H00541,A13,1
KE-005172,cattle,Zebu,M,115,H00541,A13,0
KE-005173,cattle,Sahiwal,F,51,H00541,A13,0
KE-005174,cattle,Sahiwal,M,24,H00541,A13,0
KE-005175,cattle,Boran,M,19,H00541,A13,0
KE-005176,cattle,Zebu,F,67,H00541,A13,0
KE-005177,cattle,Friesian cross,M,24,H00542,A13,0
KE-005178,cattle,Boran,M,78,H00542,A13,0
KE-005179,cattle,Sahiwal,F,67,H00542,A13,0
KE-005180,cattle,Ayrshire cross,M,44,H00542,A13,1
KE-005181,cattle,Sahiwal,M,52,H00542,A13,0
KE-005182,cattle,Sahiwal,F,107,H00542,A13,1
KE-005183,cattle,Sahiwal,F,77,H00543,A13,0
KE-005184,cattle,Friesian cross,F,54,H00543,A13,1
KE-005185,cattle,Boran,F,50,H00543,A13,1
KE-005186,cattle,Friesian cross,M,68,H00543,A13,0
KE-005187,cattle,Sahiwal,F,80,H00543,A13,0
KE-005188,cattle,Boran,F,36,H00543,A13,1
KE-005189,cattle,Boran,F,13,H00544,A13,1
KE-005190,cattle,Zebu,F,107,H00544,A13,0
KE-005191,cattle,Friesian cross,F,62,H00544,A13,0
KE-005192,cattle,Friesian cross,M,26,H00544,A13,1
KE-005193,cattle,Ayrshire cross,F,105,H00544,A13,1
KE-005194,cattle,Sahiwal,M,21,H00544,A13,0
KE-005195,cattle,Zebu,F,113,H00545,A13,1
KE-005196,cattle,Boran,F,92,H00545,A13,0
KE-005197,cattle,Friesian cross,M,54,H00545,A13,1
KE-005198,cattle,Sahiwal,F,119,H00545,A13,0
KE-005199,cattle,Boran,M,30,H00545,A13,0
KE-005200,cattle,Sahiwal,F,105,H00546,A13,0
KE-005201,cattle,Friesian cross,F,101,H00546,A13,0
KE-005202,cattle,Zebu,F,32,H00546,A13,0
KE-005203,cattle,Friesian cross,F,81,H00546,A13,0
KE-005204,cattle,Sahiwal,F,102,H00546,A13,0
KE-005205,cattle,Zebu,F,32,H00546,A13,0
KE-005206,cattle,Zebu,M,51,H00546,A13,1
KE-005207,cattle,Zebu,F,65,H00546,A13,0
KE-005208,cattle,Ayrshire cross,F,100,H00546,A13,0
KE-005209,cattle,Sahiwal,M,62,H00546,A13,1
KE-005210,cattle,Boran,M,52,H00546,A13,0
KE-005211,cattle,Ayrshire cross,F,91,H00546,A13,0
KE-005212,cattle,Sahiwal,F,14,H00546,A13,0
KE-005213,cattle,Friesian cross,F,59,H00546,A13,1
KE-005214,cattle,Friesian cross,M,31,H00547,A13,1
KE-005215,cattle,Boran,F,88,H00547,A13,1
KE-005216,cattle,Ayrshire cross,M,87,H00547,A13,0
KE-005217,cattle,Boran,F,7,H00547,A13,0
KE-005218,cattle,Ayrshire cross,F,74,H00548,A13,1
KE-005219,cattle,Boran,M,84,H00548,A13,0
KE-005220,cattle,Friesian cross,F,109,H00548,A13,0
KE-005221,cattle,Boran,F,17,H00548,A13,1
KE-005222,cattle,Friesian cross,F,111,H00549,A13,0
KE-005223,cattle,Sahiwal,F,55,H00549,A13,0
KE-005224,cattle,Zebu,F,6,H00549,A13,0
KE-005225,cattle,Sahiwal,M,97,H00550,A13,0
KE-005226,cattle,Boran,F,48,H00550,A13,0
KE-005227,cattle,Ayrshire cross,F,115,H00550,A13,1
KE-005228,cattle,Sahiwal,M,113,H00551,A13,1
KE-005229,cattle,Boran,F,93,H00551,A13,0
KE-005230,cattle,Ayrshire cross,M,62,H00552,A13,1
KE-005231,cattle,Friesian cross,F,94,H00552,A13,0
KE-005232,cattle,Friesian cross,M,80,H00552,A13,0
KE-005233,cattle,Zebu,M,91,H00553,A13,1
KE-005234,cattle,Boran,F,119,H00553,A13,0
KE-005235,cattle,Ayrshire cross,F,63,H00553,A13,0
KE-005236,cattle,Boran,F,45,H00553,A13,0
KE-005237,cattle,Friesian cross,F,111,H00554,A13,0
KE-005238,cattle,Ayrshire cross,F,53,H00554,A13,0
KE-005239,cattle,Boran,M,78,H00554,A13,0
KE-005240,cattle,Zebu,F,52,H00554,A13,0
KE-005241,cattle,Sahiwal,F,31,H00554,A13,1
KE-005242,cattle,Zebu,F,79,H00555,A13,0
KE-005243,cattle,Ayrshire cross,F,66,H00555,A13,1
KE-005244,cattle,Sahiwal,M,30,H00555,A13,0
KE-005245,cattle,Boran,F,44,H00555,A13,1
KE-005246,cattle,Friesian cross,M,106,H00555,A13,0
KE-005247,cattle,Ayrshire cross,F,16,H00556,A13,0
KE-005248,cattle,Boran,M,32,H00556,A13,0
KE-005249,cattle,Friesian cross,F,94,H00556,A13,0
KE-005250,cattle,Zebu,F,111,H00557,A13,0
KE-005251,cattle,Ayrshire cross,M,55,H00557,A13,0
KE-005252,cattle,Zebu,F,68,H00557,A13,1
KE-005253,cattle,Zebu,F,98,H00557,A13,1
KE-005254,cattle,Sahiwal,M,106,H00557,A13,0
KE-005255,cattle,Zebu,M,74,H00557,A13,0
KE-005256,cattle,Sahiwal,M,17,H00557,A13,0
KE-005257,cattle,Ayrshire cross,M,110,H00557,A13,0
KE-005258,cattle,Friesian cross,F,43,H00558,A13,1
KE-005259,cattle,Friesian cross,M,84,H00558,A13,1
KE-005260,cattle,Ayrshire cross,M,29,H00558,A13,1
KE-005261,cattle,Ayrshire cross,F,22,H00558,A13,0
KE-005262,cattle,Ayrshire cross,M,73,H00558,A13,1
KE-005263,cattle,Sahiwal,M,21,H00558,A13,0
KE-005264,cattle,Friesian cross,M,47,H00558,A13,0
KE-005265,cattle,Sahiwal,F,109,H00559,A13,1
KE-005266,cattle,Friesian cross,M,19,H00559,A13,0
KE-005267,cattle,Boran,F,58,H00559,A13,1
KE-005268,cattle,Ayrshire cross,M,74,H00559,A13,0
KE-005269,cattle,Sahiwal,F,80,H00560,A13,0
KE-005270,cattle,Sahiwal,F,100,H00560,A13,0
KE-005271,cattle,Zebu,M,102,H00560,A13,0
KE-005272,cattle,Boran,F,26,H00561,A13,0
KE-005273,cattle,Friesian cross,M,37,H00561,A13,1
KE-005274,cattle,Ayrshire cross,F,109,H00561,A13,1
KE-005275,cattle,Zebu,F,67,H00561,A13,0
KE-005276,cattle,Friesian cross,F,67,H00561,A13,0
KE-005277,cattle,Friesian cross,F,70,H00561,A13,0
KE-005278,cattle,Sahiwal,F,19,H00562,A13,0
KE-005279,cattle,Zebu,F,77,H00562,A13,0
KE-005280,cattle,Ayrshire cross,M,35,H00562,A13,1
KE-005281,cattle,Sahiwal,F,19,H00562,A13,1
KE-005282,cattle,Ayrshire cross,M,55,H00562,A13,0
KE-005283,cattle,Boran,F,90,H00563,A13,0
KE-005284,cattle,Ayrshire cross,M,51,H00563,A13,0
KE-005285,cattle,Zebu,F,26,H00564,A13,0
KE-005286,cattle,Sahiwal,M,35,H00564,A13,0
KE-005287,cattle,Zebu,F,47,H00564,A13,0
KE-005288,cattle,Boran,F,98,H00564,A13,0
KE-005289,cattle,Ayrshire cross,M,31,H00565,A13,0
KE-005290,cattle,Friesian cross,M,74,H00565,A13,0
KE-005291,cattle,Boran,F,115,H00565,A13,1
KE-005292,cattle,Zebu,F,106,H00565,A13,0
KE-005293,cattle,Ayrshire cross,F,91,H00565,A13,1
KE-005294,cattle,Ayrshire cross,F,51,H00566,A13,1
KE-005295,cattle,Friesian cross,F,32,H00566,A13,0
KE-005296,cattle,Boran,F,53,H00566,A13,0
KE-005297,cattle,Sahiwal,F,23,H00567,A13,1
KE-005298,cattle,Ayrshire cross,F,80,H00567,A13,0
KE-005299,cattle,Friesian cross,M,73,H00567,A13,0
KE-005300,cattle,Zebu,M,113,H00567,A13,1
KE-005301,cattle,Boran,F,32,H00567,A13,1
KE-005302,cattle,Boran,F,21,H00568,A13,0
KE-005303,cattle,Friesian cross,F,84,H00568,A13,0
KE-005304,cattle,Boran,F,30,H00569,A13,0
KE-005305,cattle,Sahiwal,F,40,H00569,A13,0
KE-005306,cattle,Boran,F,67,H00569,A13,1
KE-005307,cattle,Zebu,F,26,H00569,A13,0
KE-005308,cattle,Friesian cross,F,25,H00569,A13,0
KE-005309,cattle,Friesian cross,F,60,H00569,A13,0
KE-005310,cattle,Ayrshire cross,M,62,H00569,A13,1
KE-005311,cattle,Sahiwal,F,96,H00569,A13,0
KE-005312,cattle,Ayrshire cross,M,102,H00569,A13,0
KE-005313,cattle,Ayrshire cross,F,87,H00569,A13,1
KE-005314,cattle,Friesian cross,F,44,H00570,A13,1
KE-005315,cattle,Boran,M,90,H00570,A13,0
KE-005316,cattle,Zebu,M,51,H00570,A13,0
KE-005317,cattle,Sahiwal,M,118,H00570,A13,1
KE-005318,cattle,Friesian cross,M,7,H00570,A13,0
KE-005319,cattle,Sahiwal,M,98,H00570,A13,0
KE-005320,cattle,Zebu,M,91,H00570,A13,0
KE-005321,cattle,Boran,F,49,H00570,A13,1
KE-005322,cattle,Friesian cross,M,56,H00570,A13,0
KE-005323,cattle,Zebu,F,52,H00571,A13,0
KE-005324,cattle,Boran,F,100,H00571,A13,1
KE-005325,cattle,Sahiwal,F,47,H00571,A13,0
KE-005326,cattle,Zebu,M,100,H00571,A13,1
KE-005327,cattle,Sahiwal,F,31,H00572,A13,1
KE-005328,cattle,Boran,F,52,H00572,A13,1
KE-005329,cattle,Ayrshire cross,F,101,H00572,A13,0
KE-005330,cattle,Sahiwal,F,40,H00572,A13,1
KE-005331,cattle,Friesian cross,F,7,H00572,A13,0
KE-005332,cattle,Ayrshire cross,F,110,H00573,A13,1
KE-005333,cattle,Boran,M,24,H00574,A13,1
KE-005334,cattle,Friesian cross,M,32,H00574,A13,0
KE-005335,cattle,Zebu,F,82,H00574,A13,0
KE-005336,cattle,Sahiwal,M,32,H00575,A13,0
KE-005337,cattle,Friesian cross,M,22,H00575,A13,0
KE-005338,cattle,Boran,F,96,H00575,A13,0
KE-005339,cattle,Ayrshire cross,M,7,H00575,A13,1
KE-005340,cattle,Boran,M,44,H00576,A13,0
KE-005341,cattle,Sahiwal,M,78,H00576,A13,0
KE-005342,cattle,Friesian cross,F,79,H00576,A13,1
KE-005343,cattle,Sahiwal,F,56,H00577,A13,0
KE-005344,cattle,Ayrshire cross,F,58,H00577,A13,0
KE-005345,cattle,Boran,F,86,H00577,A13,0
KE-005346,cattle,Boran,F,38,H00577,A13,1
KE-005347,cattle,Boran,F,68,H00577,A13,0
KE-005348,cattle,Boran,F,40,H00577,A13,0
KE-005349,cattle,Ayrshire cross,M,41,H00577,A13,0
KE-005350,cattle,Friesian cross,F,92,H00578,A14,0
KE-005351,cattle,Zebu,M,57,H00578,A14,0
KE-005352,cattle,Friesian cross,F,55,H00578,A14,0
KE-005353,cattle,Zebu,M,14,H00578,A14,1
KE-005354,cattle,Sahiwal,F,49,H00578,A14,1
KE-005355,cattle,Zebu,M,42,H00578,A14,1
KE-005356,cattle,Sahiwal,F,36,H00578,A14,1
KE-005357,cattle,Zebu,F,113,H00578,A14,0
KE-005358,cattle,Boran,F,58,H00578,A14,0
KE-005359,cattle,Ayrshire cross,M,9,H00578,A14,0
KE-005360,cattle,Boran,M,46,H00578,A14,1
KE-005361,cattle,Sahiwal,M,117,H00578,A14,1
KE-005362,cattle,Sahiwal,M,44,H00578,A14,1
KE-005363,cattle,Ayrshire cross,F,89,H00578,A14,1
KE-005364,cattle,Friesian cross,M,63,H00579,A14,0
KE-005365,cattle,Boran,F,75,H00579,A14,0
KE-005366,cattle,Friesian cross,F,34,H00580,A14,1
KE-005367,cattle,Boran,F,74,H00580,A14,1
KE-005368,cattle,Sahiwal,F,84,H00580,A14,0
KE-005369,cattle,Friesian cross,F,45,H00581,A14,0
KE-005370,cattle,Friesian cross,M,74,H00581,A14,0
KE-005371,cattle,Zebu,M,46,H00581,A14,0
KE-005372,cattle,Zebu,F,69,H00581,A14,1
KE-005373,cattle,Boran,M,15,H00581,A14,1
KE-005374,cattle,Zebu,F,117,H00582,A14,0
KE-005375,cattle,Boran,M,40,H00582,A14,0
KE-005376,cattle,Zebu,F,61,H00582,A14,0
KE-005377,cattle,Ayrshire cross,F,27,H00582,A14,0
KE-005378,cattle,Friesian cross,M,36,H00582,A14,0
KE-005379,cattle,Friesian cross,F,19,H00582,A14,0
KE-005380,cattle,Sahiwal,F,94,H00582,A14,0
KE-005381,cattle,Ayrshire cross,F,42,H00582,A14,1
KE-005382,cattle,Ayrshire cross,F,33,H00582,A14,1
KE-005383,cattle,Zebu,F,74,H00582,A14,1
KE-005384,cattle,Sahiwal,F,73,H00582,A14,0
KE-005385,cattle,Friesian cross,F,118,H00583,A14,1
KE-005386,cattle,Zebu,M,45,H00583,A14,1
KE-005387,cattle,Zebu,F,115,H00584,A14,1
KE-005388,cattle,Zebu,M,67,H00584,A14,0
KE-005389,cattle,Ayrshire cross,M,111,H00584,A14,1
KE-005390,cattle,Boran,F,15,H00584,A14,0
KE-005391,cattle,Sahiwal,F,74,H00584,A14,0
KE-005392,cattle,Zebu,M,41,H00585,A14,0
KE-005393,cattle,Boran,F,17,H00585,A14,1
KE-005394,cattle,Zebu,F,110,H00585,A14,0
KE-005395,cattle,Zebu,F,60,H00585,A14,0
KE-005396,cattle,Friesian cross,M,56,H00585,A14,0
KE-005397,cattle,Boran,F,17,H00585,A14,1
KE-005398,cattle,Sahiwal,F,88,H00585,A14,0
KE-005399,cattle,Ayrshire cross,F,17,H00585,A14,0
KE-005400,cattle,Zebu,M,77,H00585,A14,1
KE-005401,cattle,Sahiwal,F,7,H00585,A14,1
KE-005402,cattle,Zebu,M,84,H00585,A14,1
KE-005403,cattle,Boran,F,110,H00585,A14,0
KE-005404,cattle,Zebu,M,49,H00585,A14,1
KE-005405,cattle,Friesian cross,M,112,H00586,A14,0
KE-005406,cattle,Zebu,F,64,H00586,A14,0
KE-005407,cattle,Zebu,F,67,H00587,A14,0
KE-005408,cattle,Ayrshire cross,F,75,H00587,A14,0
KE-005409,cattle,Boran,F,30,H00588,A14,0
KE-005410,cattle,Boran,F,30,H00588,A14,0
KE-005411,cattle,Sahiwal,F,100,H00588,A14,0
KE-005412,cattle,Ayrshire cross,F,13,H00588,A14,1
KE-005413,cattle,Zebu,M,21,H00589,A14,0
KE-005414,cattle,Friesian cross,M,102,H00589,A14,0
KE-005415,cattle,Ayrshire cross,F,91,H00589,A14,0
KE-005416,cattle,Friesian cross,F,65,H00590,A14,0
KE-005417,cattle,Sahiwal,F,40,H00590,A14,0
KE-005418,cattle,Boran,F,61,H00590,A14,1
KE-005419,cattle,Sahiwal,F,103,H00590,A14,0
KE-005420,cattle,Zebu,M,93,H00590,A14,0
KE-005421,cattle,Zebu,F,78,H00590,A14,0
KE-005422,cattle,Boran,M,70,H00590,A14,1
KE-005423,cattle,Sahiwal,F,78,H00591,A14,0
KE-005424,cattle,Sahiwal,M,83,H00591,A14,1
KE-005425,cattle,Boran,F,105,H00591,A14,0
KE-005426,cattle,Boran,F,23,H00591,A14,0
KE-005427,cattle,Zebu,M,7,H00591,A14,1
KE-005428,cattle,Boran,F,85,H00592,A14,0
KE-005429,cattle,Sahiwal,F,109,H00592,A14,0
KE-005430,cattle,Boran,M,96,H00593,A14,1
KE-005431,cattle,Friesian cross,M,81,H00593,A14,0
KE-005432,cattle,Zebu,F,42,H00593,A14,0
KE-005433,cattle,Sahiwal,F,71,H00593,A14,0
KE-005434,cattle,Sahiwal,F,32,H00593,A14,0
KE-005435,cattle,Zebu,M,87,H00593,A14,0
KE-005436,cattle,Friesian cross,F,41,H00594,A14,1
KE-005437,cattle,Boran,F,111,H00594,A14,0
KE-005438,cattle,Boran,F,51,H00594,A14,1
KE-005439,cattle,Boran,F,78,H00595,A14,0
KE-005440,cattle,Boran,F,109,H00595,A14,0
KE-005441,cattle,Boran,F,43,H00595,A14,1
KE-005442,cattle,Ayrshire cross,M,98,H00595,A14,1
KE-005443,cattle,Ayrshire cross,M,87,H00595,A14,0
KE-005444,cattle,Ayrshire cross,M,67,H00595,A14,0
KE-005445,cattle,Friesian cross,M,20,H00595,A14,1
KE-005446,cattle,Zebu,M,86,H00595,A14,1
KE-005447,cattle,Sahiwal,M,24,H00595,A14,0
KE-005448,cattle,Friesian cross,F,101,H00596,A14,1
KE-005449,cattle,Zebu,M,42,H00596,A14,0
KE-005450,cattle,Friesian cross,F,89,H00596,A14,1
KE-005451,cattle,Boran,F,74,H00597,A14,0
KE-005452,cattle,Ayrshire cross,M,36,H00597,A14,0
KE-005453,cattle,Ayrshire cross,F,92,H00597,A14,0
KE-005454,cattle,Ayrshire cross,F,83,H00598,A14,0
KE-005455,cattle,Zebu,F,79,H00598,A14,0
KE-005456,cattle,Sahiwal,F,44,H00598,A14,0
KE-005457,cattle,Boran,M,32,H00598,A14,0
KE-005458,cattle,Sahiwal,F,39,H00598,A14,1
KE-005459,cattle,Friesian cross,F,16,H00598,A14,1
KE-005460,cattle,Zebu,F,41,H00599,A14,1
KE-005461,cattle,Sahiwal,F,13,H00599,A14,1
KE-005462,cattle,Boran,F,42,H00599,A14,0
KE-005463,cattle,Sahiwal,F,111,H00599,A14,1
KE-005464,cattle,Ayrshire cross,F,81,H00599,A14,1
KE-005465,cattle,Ayrshire cross,M,95,H00599,A14,0
KE-005466,cattle,Friesian cross,F,112,H00599,A14,0
KE-005467,cattle,Sahiwal,M,52,H00600,A14,0
KE-005468,cattle,Friesian cross,F,43,H00600,A14,0
KE-005469,cattle,Ayrshire cross,M,65,H00600,A14,1
KE-005470,cattle,Sahiwal,F,98,H00600,A14,0
KE-005471,cattle,Friesian cross,F,51,H00600,A14,0
KE-005472,cattle,Ayrshire cross,F,31,H00600,A14,0
KE-005473,cattle,Ayrshire cross,M,31,H00601,A14,0
KE-005474,cattle,Boran,M,9,H00601,A14,0
KE-005475,cattle,Friesian cross,M,96,H00602,A14,0
KE-005476,cattle,Friesian cross,F,119,H00602,A14,1
KE-005477,cattle,Friesian cross,F,86,H00602,A14,0
KE-005478,cattle,Zebu,F,50,H00602,A14,0
KE-005479,cattle,Zebu,F,22,H00602,A14,0
KE-005480,cattle,Friesian cross,M,95,H00602,A14,1
KE-005481,cattle,Ayrshire cross,F,106,H00603,A14,0
KE-005482,cattle,Zebu,F,13,H00603,A14,0
KE-005483,cattle,Boran,F,71,H00603,A14,0
KE-005484,cattle,Boran,F,81,H00604,A14,0
KE-005485,cattle,Ayrshire cross,M,39,H00604,A14,0
KE-005486,cattle,Boran,M,68,H00604,A14,0
KE-005487,cattle,Boran,F,37,H00604,A14,0
KE-005488,cattle,Friesian cross,F,8,H00604,A14,1
KE-005489,cattle,Sahiwal,F,99,H00605,A14,0
KE-005490,cattle,Ayrshire cross,F,82,H00605,A14,0
KE-005491,cattle,Friesian cross,F,109,H00606,A14,1
KE-005492,cattle,Boran,F,88,H00606,A14,1
KE-005493,cattle,Ayrshire cross,F,37,H00606,A14,0
KE-005494,cattle,Friesian cross,F,59,H00606,A14,0
KE-005495,cattle,Friesian cross,M,37,H00606,A14,0
KE-005496,cattle,Ayrshire cross,F,53,H00606,A14,0
KE-005497,cattle,Ayrshire cross,F,113,H00607,A14,1
KE-005498,cattle,Friesian cross,F,54,H00607,A14,1
KE-005499,cattle,Sahiwal,M,107,H00607,A14,0
KE-005500,cattle,Sahiwal,F,57,H00608,A14,0
KE-005501,cattle,Sahiwal,M,73,H00608,A14,0
KE-005502,cattle,Sahiwal,F,23,H00609,A14,1
KE-005503,cattle,Zebu,M,112,H00609,A14,0
KE-005504,cattle,Friesian cross,F,101,H00609,A14,0
KE-005505,cattle,Friesian cross,F,86,H00609,A14,0
KE-005506,cattle,Boran,M,81,H00609,A14,1
KE-005507,cattle,Boran,M,107,H00609,A14,0
KE-005508,cattle,Sahiwal,F,6,H00609,A14,0
KE-005509,cattle,Boran,F,42,H00610,A14,0
KE-005510,cattle,Sahiwal,F,9,H00610,A14,0
KE-005511,cattle,Ayrshire cross,M,56,H00610,A14,0
KE-005512,cattle,Sahiwal,F,45,H00610,A14,0
KE-005513,cattle,Ayrshire cross,M,44,H00610,A14,0
KE-005514,cattle,Boran,F,8,H00611,A14,0
KE-005515,cattle,Zebu,F,61,H00611,A14,1
KE-005516,cattle,Zebu,F,31,H00611,A14,1
KE-005517,cattle,Sahiwal,F,90,H00612,A14,0
KE-005518,cattle,Boran,F,66,H00612,A14,0
KE-005519,cattle,Ayrshire cross,M,83,H00612,A14,0
KE-005520,cattle,Ayrshire cross,F,55,H00612,A14,0
KE-005521,cattle,Sahiwal,F,73,H00612,A14,1
KE-005522,cattle,Ayrshire cross,F,37,H00612,A14,1
KE-005523,cattle,Sahiwal,M,72,H00612,A14,1
KE-005524,cattle,Friesian cross,F,12,H00612,A14,1
KE-005525,cattle,Sahiwal,F,85,H00612,A14,0
KE-005526,cattle,Sahiwal,F,103,H00612,A14,0
KE-005527,cattle,Friesian cross,M,77,H00613,A14,1
KE-005528,cattle,Friesian cross,F,119,H00613,A14,0
KE-005529,cattle,Zebu,F,112,H00613,A14,1
KE-005530,cattle,Sahiwal,F,12,H00613,A14,0
KE-005531,cattle,Zebu,F,54,H00614,A14,0
KE-005532,cattle,Zebu,M,7,H00614,A14,0
KE-005533,cattle,Sahiwal,M,92,H00614,A14,0
KE-005534,cattle,Boran,F,16,H00614,A14,0
KE-005535,cattle,Ayrshire cross,F,87,H00614,A14,0
KE-005536,cattle,Friesian cross,F,97,H00615,A14,0
KE-005537,cattle,Boran,F,101,H00615,A14,1
KE-005538,cattle,Friesian cross,F,68,H00615,A14,0
KE-005539,cattle,Boran,F,83,H00615,A14,0
KE-005540,cattle,Friesian cross,M,96,H00615,A14,0
KE-005541,cattle,Boran,M,28,H00616,A14,1
KE-005542,cattle,Boran,F,65,H00616,A14,0
KE-005543,cattle,Boran,F,84,H00616,A14,0
KE-005544,cattle,Boran,F,19,H00617,A14,0
KE-005545,cattle,Sahiwal,M,104,H00617,A14,0
KE-005546,cattle,Boran,F,17,H00617,A14,0
KE-005547,cattle,Boran,M,79,H00617,A14,0
KE-005548,cattle,Boran,F,62,H00617,A14,0
KE-005549,cattle,Ayrshire cross,M,33,H00617,A14,0
KE-005550,cattle,Zebu,M,21,H00618,A14,0
KE-005551,cattle,Zebu,F,94,H00618,A14,1
KE-005552,cattle,Friesian cross,F,83,H00618,A14,1
KE-005553,cattle,Ayrshire cross,F,51,H00619,A14,0
KE-005554,cattle,Friesian cross,F,67,H00619,A14,0
KE-005555,cattle,Boran,F,12,H00619,A14,0
KE-005556,cattle,Friesian cross,F,62,H00619,A14,0
KE-005557,cattle,Zebu,F,50,H00620,A14,1
KE-005558,cattle,Ayrshire cross,F,87,H00620,A14,1
KE-005559,cattle,Zebu,M,84,H00620,A14,1
KE-005560,cattle,Friesian cross,M,75,H00620,A14,1
KE-005561,cattle,Boran,F,108,H00620,A14,0
KE-005562,cattle,Friesian cross,M,108,H00620,A14,0
KE-005563,cattle,Zebu,F,86,H00620,A14,1
KE-005564,cattle,Ayrshire cross,F,102,H00620,A14,0
KE-005565,cattle,Friesian cross,F,11,H00620,A14,1
KE-005566,cattle,Boran,F,66,H00620,A14,1
KE-005567,cattle,Friesian cross,M,118,H00621,A14,0
KE-005568,cattle,Zebu,F,21,H00621,A14,0
KE-005569,cattle,Friesian cross,F,8,H00621,A14,0
KE-005570,cattle,Friesian cross,M,15,H00622,A14,1
KE-005571,cattle,Friesian cross,F,27,H00623,A14,0
KE-005572,cattle,Boran,M,74,H00623,A14,0
KE-005573,cattle,Zebu,F,105,H00623,A14,0
KE-005574,cattle,Friesian cross,M,91,H00623,A14,0
KE-005575,cattle,Ayrshire cross,M,19,H00623,A14,1
KE-005576,cattle,Sahiwal,F,119,H00623,A14,1
KE-005577,cattle,Zebu,F,42,H00623,A14,0
KE-005578,cattle,Ayrshire cross,M,100,H00623,A14,1
KE-005579,cattle,Boran,M,67,H00623,A14,0
KE-005580,cattle,Boran,M,51,H00623,A14,1
KE-005581,cattle,Ayrshire cross,M,83,H00623,A14,0
KE-005582,cattle,Boran,M,7,H00624,A14,1
KE-005583,cattle,Sahiwal,F,23,H00624,A14,0
KE-005584,cattle,Friesian cross,F,27,H00624,A14,0
KE-005585,cattle,Ayrshire cross,F,92,H00624,A14,0
KE-005586,cattle,Boran,F,25,H00624,A14,1
KE-005587,cattle,Sahiwal,F,15,H00624,A14,0
KE-005588,cattle,Boran,F,28,H00624,A14,0
KE-005589,cattle,Friesian cross,M,19,H00624,A14,0
KE-005590,cattle,Sahiwal,F,72,H00624,A14,1
KE-005591,cattle,Zebu,F,99,H00624,A14,1
KE-005592,cattle,Ayrshire cross,F,45,H00624,A14,1
KE-005593,cattle,Ayrshire cross,F,68,H00624,A14,0
KE-005594,cattle,Friesian cross,F,98,H00624,A14,0
KE-005595,cattle,Boran,F,60,H00624,A14,0
KE-005596,cattle,Sahiwal,F,76,H00624,A14,0
KE-005597,cattle,Friesian cross,F,113,H00624,A14,0
KE-005598,cattle,Friesian cross,M,93,H00624,A14,0
KE-005599,cattle,Sahiwal,M,8,H00624,A14,1
KE-005600,cattle,Boran,F,82,H00624,A14,0
KE-005601,cattle,Friesian cross,F,27,H00625,A14,0
KE-005602,cattle,Friesian cross,F,40,H00625,A14,1
KE-005603,cattle,Zebu,F,103,H00625,A14,0
KE-005604,cattle,Sahiwal,M,64,H00625,A14,0
KE-005605,cattle,Ayrshire cross,F,16,H00626,A14,1
KE-005606,cattle,Sahiwal,M,100,H00626,A14,0
KE-005607,cattle,Ayrshire cross,M,87,H00627,A14,0
KE-005608,cattle,Ayrshire cross,F,80,H00627,A14,1
KE-005609,cattle,Zebu,M,73,H00627,A14,0
KE-005610,cattle,Zebu,M,40,H00627,A14,0
KE-005611,cattle,Sahiwal,M,38,H00628,A15,0
KE-005612,cattle,Boran,F,38,H00628,A15,0
KE-005613,cattle,Ayrshire cross,F,54,H00628,A15,0
KE-005614,cattle,Boran,F,84,H00628,A15,0
KE-005615,cattle,Friesian cross,F,71,H00629,A15,1
KE-005616,cattle,Ayrshire cross,F,42,H00629,A15,0
KE-005617,cattle,Boran,M,59,H00629,A15,0
KE-005618,cattle,Sahiwal,F,85,H00630,A15,0
KE-005619,cattle,Ayrshire cross,F,107,H00630,A15,0
KE-005620,cattle,Friesian cross,M,113,H00630,A15,0
KE-005621,cattle,Friesian cross,F,23,H00630,A15,0
KE-005622,cattle,Sahiwal,F,89,H00630,A15,0
KE-005623,cattle,Friesian cross,F,72,H00630,A15,0
KE-005624,cattle,Zebu,M,32,H00631,A15,1
KE-005625,cattle,Zebu,F,74,H00631,A15,1
KE-005626,cattle,Ayrshire cross,M,56,H00631,A15,0
KE-005627,cattle,Ayrshire cross,M,12,H00631,A15,1
KE-005628,cattle,Boran,F,61,H00631,A15,0
KE-005629,cattle,Ayrshire cross,F,9,H00631,A15,1
KE-005630,cattle,Boran,F,53,H00632,A15,0
KE-005631,cattle,Friesian cross,F,13,H00632,A15,0
KE-005632,cattle,Ayrshire cross,M,66,H00633,A15,1
KE-005633,cattle,Sahiwal,F,19,H00633,A15,0
KE-005634,cattle,Sahiwal,F,61,H00633,A15,1
KE-005635,cattle,Zebu,F,83,H00633,A15,0
KE-005636,cattle,Ayrshire cross,F,39,H00633,A15,1
KE-005637,cattle,Zebu,F,118,H00633,A15,1
KE-005638,cattle,Boran,F,101,H00633,A15,1
KE-005639,cattle,Friesian cross,M,35,H00634,A15,0
KE-005640,cattle,Friesian cross,M,101,H00634,A15,0
KE-005641,cattle,Ayrshire cross,M,34,H00634,A15,0
KE-005642,cattle,Sahiwal,F,101,H00634,A15,0
KE-005643,cattle,Zebu,M,86,H00634,A15,1
KE-005644,cattle,Boran,M,95,H00634,A15,0
KE-005645,cattle,Zebu,M,85,H00634,A15,0
KE-005646,cattle,Boran,F,23,H00634,A15,0
KE-005647,cattle,Friesian cross,F,21,H00634,A15,0
KE-005648,cattle,Ayrshire cross,M,108,H00634,A15,0
KE-005649,cattle,Ayrshire cross,F,19,H00634,A15,0
KE-005650,cattle,Zebu,F,95,H00634,A15,1
KE-005651,cattle,Friesian cross,F,85,H00634,A15,0
KE-005652,cattle,Boran,M,60,H00634,A15,0
KE-005653,cattle,Zebu,M,95,H00635,A15,1
KE-005654,cattle,Friesian cross,M,41,H00635,A15,1
KE-005655,cattle,Boran,F,85,H00635,A15,0
KE-005656,cattle,Sahiwal,F,31,H00635,A15,0
KE-005657,cattle,Boran,F,29,H00635,A15,0
KE-005658,cattle,Zebu,M,83,H00636,A15,0
KE-005659,cattle,Friesian cross,F,79,H00636,A15,0
KE-005660,cattle,Ayrshire cross,F,66,H00636,A15,0
KE-005661,cattle,Sahiwal,F,113,H00636,A15,1
KE-005662,cattle,Ayrshire cross,M,75,H00637,A15,0
KE-005663,cattle,Friesian cross,F,91,H00637,A15,1
KE-005664,cattle,Zebu,F,77,H00637,A15,0
KE-005665,cattle,Boran,M,6,H00637,A15,1
KE-005666,cattle,Sahiwal,M,115,H00638,A15,1
KE-005667,cattle,Boran,F,117,H00638,A15,0
KE-005668,cattle,Boran,M,109,H00638,A15,0
KE-005669,cattle,Friesian cross,F,117,H00638,A15,1
KE-005670,cattle,Ayrshire cross,F,9,H00638,A15,0
KE-005671,cattle,Zebu,F,40,H00638,A15,1
KE-005672,cattle,Sahiwal,M,46,H00639,A15,1
KE-005673,cattle,Ayrshire cross,M,87,H00639,A15,0
KE-005674,cattle,Ayrshire cross,M,107,H00640,A15,1
KE-005675,cattle,Friesian cross,F,83,H00640,A15,0
KE-005676,cattle,Friesian cross,M,77,H00640,A15,0
KE-005677,cattle,Boran,M,86,H00640,A15,0
KE-005678,cattle,Zebu,F,19,H00640,A15,0
KE-005679,cattle,Ayrshire cross,F,87,H00641,A15,0
KE-005680,cattle,Boran,F,35,H00641,A15,0
KE-005681,cattle,Sahiwal,F,28,H00641,A15,1
KE-005682,cattle,Sahiwal,M,64,H00641,A15,1
KE-005683,cattle,Sahiwal,F,64,H00642,A15,0
KE-005684,cattle,Sahiwal,F,43,H00642,A15,0
KE-005685,cattle,Boran,F,114,H00642,A15,0
KE-005686,cattle,Ayrshire cross,F,9,H00642,A15,1
KE-005687,cattle,Zebu,F,90,H00642,A15,1
KE-005688,cattle,Sahiwal,F,6,H00642,A15,0
KE-005689,cattle,Zebu,F,67,H00642,A15,0
KE-005690,cattle,Zebu,M,58,H00642,A15,1
KE-005691,cattle,Boran,M,33,H00642,A15,0
KE-005692,cattle,Zebu,F,60,H00642,A15,1
KE-005693,cattle,Zebu,M,10,H00642,A15,0
KE-005694,cattle,Zebu,F,11,H00642,A15,1
KE-005695,cattle,Friesian cross,F,35,H00642,A15,0
KE-005696,cattle,Zebu,M,106,H00643,A15,0
KE-005697,cattle,Sahiwal,M,104,H00643,A15,0
KE-005698,cattle,Friesian cross,F,41,H00643,A15,1
KE-005699,cattle,Zebu,M,77,H00643,A15,1
KE-005700,cattle,Friesian cross,M,99,H00644,A15,0
KE-005701,cattle,Boran,F,55,H00644,A15,0
KE-005702,cattle,Ayrshire cross,F,24,H00644,A15,1
KE-005703,cattle,Friesian cross,F,34,H00644,A15,0
KE-005704,cattle,Boran,M,47,H00644,A15,1
KE-005705,cattle,Boran,F,110,H00644,A15,1
KE-005706,cattle,Boran,M,119,H00644,A15,0
KE-005707,cattle,Boran,F,88,H00644,A15,0
KE-005708,cattle,Sahiwal,M,23,H00644,A15,0
KE-005709,cattle,Boran,M,103,H00644,A15,0
KE-005710,cattle,Zebu,F,65,H00644,A15,0
KE-005711,cattle,Friesian cross,F,79,H00644,A15,0
KE-005712,cattle,Boran,M,12,H00645,A15,0
KE-005713,cattle,Zebu,F,32,H00645,A15,0
KE-005714,cattle,Sahiwal,M,28,H00645,A15,1
KE-005715,cattle,Zebu,F,32,H00646,A15,0
KE-005716,cattle,Zebu,M,71,H00646,A15,0
KE-005717,cattle,Boran,F,75,H00646,A15,1
KE-005718,cattle,Ayrshire cross,F,104,H00646,A15,0
KE-005719,cattle,Ayrshire cross,F,106,H00646,A15,0
KE-005720,cattle,Sahiwal,M,114,H00646,A15,0
KE-005721,cattle,Sahiwal,F,55,H00647,A15,0
KE-005722,cattle,Ayrshire cross,F,113,H00647,A15,0
KE-005723,cattle,Sahiwal,M,10,H00647,A15,0
KE-005724,cattle,Friesian cross,F,90,H00647,A15,0
KE-005725,cattle,Friesian cross,F,81,H00647,A15,1
KE-005726,cattle,Boran,F,41,H00648,A15,1
KE-005727,cattle,Sahiwal,F,58,H00648,A15,0
KE-005728,cattle,Boran,F,86,H00648,A15,1
KE-005729,cattle,Boran,F,103,H00649,A15,0
KE-005730,cattle,Boran,M,112,H00649,A15,0
KE-005731,cattle,Boran,M,68,H00649,A15,0
KE-005732,cattle,Ayrshire cross,F,26,H00649,A15,0
KE-005733,cattle,Friesian cross,F,97,H00649,A15,0
KE-005734,cattle,Boran,F,65,H00650,A15,0
KE-005735,cattle,Boran,F,60,H00650,A15,1
KE-005736,cattle,Zebu,M,103,H00650,A15,0
KE-005737,cattle,Ayrshire cross,M,110,H00650,A15,0
KE-005738,cattle,Zebu,M,17,H00650,A15,0
KE-005739,cattle,Friesian cross,M,49,H00650,A15,1
KE-005740,cattle,Boran,F,109,H00650,A15,1
KE-005741,cattle,Ayrshire cross,M,104,H00650,A15,0
KE-005742,cattle,Boran,F,76,H00650,A15,1
KE-005743,cattle,Ayrshire cross,F,9,H00651,A15,1
KE-005744,cattle,Ayrshire cross,F,67,H00651,A15,0
KE-005745,cattle,Ayrshire cross,F,36,H00651,A15,0
KE-005746,cattle,Boran,M,119,H00651,A15,1
KE-005747,cattle,Friesian cross,F,89,H00652,A15,0
KE-005748,cattle,Sahiwal,F,107,H00652,A15,0
KE-005749,cattle,Ayrshire cross,F,86,H00653,A15,1
KE-005750,cattle,Ayrshire cross,F,98,H00653,A15,1
KE-005751,cattle,Zebu,M,17,H00653,A15,1
KE-005752,cattle,Sahiwal,M,116,H00653,A15,1
KE-005753,cattle,Sahiwal,M,49,H00654,A15,0
KE-005754,cattle,Sahiwal,F,14,H00654,A15,0
KE-005755,cattle,Friesian cross,F,85,H00654,A15,1
KE-005756,cattle,Ayrshire cross,M,60,H00655,A15,1
KE-005757,cattle,Sahiwal,M,119,H00655,A15,1
KE-005758,cattle,Friesian cross,M,105,H00655,A15,0
KE-005759,cattle,Sahiwal,M,21,H00655,A15,0
KE-005760,cattle,Zebu,F,97,H00656,A15,1
KE-005761,cattle,Ayrshire cross,F,115,H00656,A15,1
KE-005762,cattle,Boran,F,101,H00656,A15,0
KE-005763,cattle,Friesian cross,F,110,H00656,A15,0
KE-005764,cattle,Friesian cross,M,117,H00657,A15,0
KE-005765,cattle,Ayrshire cross,F,83,H00657,A15,1
KE-005766,cattle,Ayrshire cross,F,80,H00658,A15,1
KE-005767,cattle,Ayrshire cross,M,53,H00658,A15,1
KE-005768,cattle,Friesian cross,F,34,H00659,A15,1
KE-005769,cattle,Friesian cross,F,117,H00659,A15,1
KE-005770,cattle,Sahiwal,F,116,H00659,A15,0
KE-005771,cattle,Ayrshire cross,M,97,H00659,A15,1
KE-005772,cattle,Friesian cross,F,86,H00659,A15,0
KE-005773,cattle,Sahiwal,M,36,H00659,A15,0
KE-005774,cattle,Boran,M,88,H00660,A15,0
KE-005775,cattle,Zebu,F,95,H00660,A15,1
KE-005776,cattle,Zebu,F,71,H00660,A15,0
KE-005777,cattle,Zebu,F,89,H00661,A15,1
KE-005778,cattle,Ayrshire cross,F,105,H00662,A15,0
KE-005779,cattle,Friesian cross,F,70,H00662,A15,0
KE-005780,cattle,Boran,F,12,H00662,A15,1
KE-005781,cattle,Boran,F,29,H00662,A15,1
KE-005782,cattle,Ayrshire cross,M,107,H00662,A15,1
KE-005783,cattle,Zebu,M,12,H00662,A15,1
KE-005784,cattle,Zebu,F,59,H00662,A15,0
KE-005785,cattle,Boran,F,119,H00663,A15,0
KE-005786,cattle,Sahiwal,M,104,H00663,A15,0
KE-005787,cattle,Ayrshire cross,F,103,H00663,A15,0
KE-005788,cattle,Boran,M,18,H00663,A15,0
KE-005789,cattle,Boran,F,12,H00663,A15,1
KE-005790,cattle,Zebu,F,52,H00664,A15,1
KE-005791,cattle,Sahiwal,F,39,H00664,A15,1
KE-005792,cattle,Boran,F,33,H00664,A15,0
KE-005793,cattle,Zebu,M,10,H00665,A16,1
KE-005794,cattle,Sahiwal,F,38,H00665,A16,0
KE-005795,cattle,Zebu,F,58,H00666,A16,0
KE-005796,cattle,Zebu,F,61,H00666,A16,0
KE-005797,cattle,Zebu,F,119,H00666,A16,1
KE-005798,cattle,Friesian cross,M,70,H00666,A16,0
KE-005799,cattle,Sahiwal,F,30,H00666,A16,1
KE-005800,cattle,Sahiwal,F,99,H00666,A16,1
KE-005801,cattle,Friesian cross,F,43,H00666,A16,0
KE-005802,cattle,Boran,F,52,H00667,A16,0
KE-005803,cattle,Ayrshire cross,M,78,H00667,A16,0
KE-005804,cattle,Zebu,F,17,H00667,A16,1
KE-005805,cattle,Boran,M,86,H00667,A16,1
KE-005806,cattle,Sahiwal,M,95,H00667,A16,0
KE-005807,cattle,Boran,F,59,H00668,A16,0
KE-005808,cattle,Zebu,M,99,H00668,A16,0
KE-005809,cattle,Zebu,M,48,H00668,A16,1
KE-005810,cattle,Sahiwal,F,56,H00668,A16,1
KE-005811,cattle,Zebu,M,10,H00668,A16,0
KE-005812,cattle,Sahiwal,F,41,H00668,A16,1
KE-005813,cattle,Boran,F,53,H00668,A16,0
KE-005814,cattle,Boran,F,109,H00668,A16,0
KE-005815,cattle,Ayrshire cross,F,86,H00668,A16,1
KE-005816,cattle,Zebu,F,18,H00668,A16,0
KE-005817,cattle,Ayrshire cross,F,60,H00668,A16,1
KE-005818,cattle,Friesian cross,M,41,H00668,A16,1
KE-005819,cattle,Friesian cross,F,89,H00668,A16,1
KE-005820,cattle,Ayrshire cross,M,41,H00668,A16,1
KE-005821,cattle,Ayrshire cross,F,88,H00668,A16,0
KE-005822,cattle,Sahiwal,F,72,H00668,A16,1
KE-005823,cattle,Sahiwal,M,24,H00668,A16,0
KE-005824,cattle,Zebu,F,30,H00669,A16,1
KE-005825,cattle,Boran,F,60,H00669,A16,1
KE-005826,cattle,Ayrshire cross,F,56,H00669,A16,0
KE-005827,cattle,Boran,F,86,H00669,A16,0
KE-005828,cattle,Zebu,M,37,H00669,A16,1
KE-005829,cattle,Sahiwal,F,14,H00669,A16,1
KE-005830,cattle,Friesian cross,F,84,H00670,A16,1
KE-005831,cattle,Ayrshire cross,F,50,H00670,A16,0
KE-005832,cattle,Zebu,F,99,H00670,A16,0
KE-005833,cattle,Boran,F,46,H00670,A16,0
KE-005834,cattle,Zebu,F,33,H00670,A16,1
KE-005835,cattle,Friesian cross,M,100,H00670,A16,0
KE-005836,cattle,Zebu,F,40,H00671,A16,0
KE-005837,cattle,Sahiwal,F,42,H00671,A16,1
KE-005838,cattle,Ayrshire cross,M,71,H00671,A16,1
KE-005839,cattle,Ayrshire cross,M,8,H00671,A16,0
KE-005840,cattle,Boran,F,30,H00672,A16,0
KE-005841,cattle,Friesian cross,F,77,H00672,A16,0
KE-005842,cattle,Friesian cross,F,114,H00672,A16,1
KE-005843,cattle,Friesian cross,M,48,H00672,A16,1
KE-005844,cattle,Friesian cross,F,29,H00672,A16,0
KE-005845,cattle,Sahiwal,F,79,H00672,A16,1
KE-005846,cattle,Ayrshire cross,F,92,H00672,A16,0
KE-005847,cattle,Boran,M,29,H00673,A16,0
KE-005848,cattle,Boran,F,79,H00673,A16,1
KE-005849,cattle,Boran,F,85,H00673,A16,0
KE-005850,cattle,Friesian cross,F,70,H00673,A16,0
KE-005851,cattle,Friesian cross,M,54,H00673,A16,0
KE-005852,cattle,Friesian cross,M,43,H00673,A16,1
KE-005853,cattle,Zebu,F,25,H00674,A16,0
KE-005854,cattle,Zebu,F,77,H00674,A16,1
KE-005855,cattle,Ayrshire cross,F,40,H00674,A16,1
KE-005856,cattle,Ayrshire cross,M,25,H00674,A16,0
KE-005857,cattle,Boran,F,39,H00674,A16,1
KE-005858,cattle,Sahiwal,F,45,H00674,A16,0
KE-005859,cattle,Ayrshire cross,F,90,H00674,A16,1
KE-005860,cattle,Zebu,M,80,H00674,A16,1
KE-005861,cattle,Boran,F,102,H00674,A16,0
KE-005862,cattle,Boran,F,26,H00675,A16,1
KE-005863,cattle,Zebu,F,67,H00675,A16,0
KE-005864,cattle,Ayrshire cross,F,83,H00675,A16,0
KE-005865,cattle,Friesian cross,M,23,H00676,A16,1
KE-005866,cattle,Boran,F,60,H00676,A16,0
KE-005867,cattle,Ayrshire cross,F,77,H00676,A16,0
KE-005868,cattle,Ayrshire cross,F,28,H00676,A16,0
KE-005869,cattle,Sahiwal,M,94,H00677,A16,0
KE-005870,cattle,Sahiwal,F,25,H00677,A16,0
KE-005871,cattle,Ayrshire cross,F,38,H00677,A16,0
KE-005872,cattle,Zebu,F,27,H00677,A16,0
KE-005873,cattle,Friesian cross,M,80,H00678,A16,0
KE-005874,cattle,Friesian cross,M,40,H00678,A16,0
KE-005875,cattle,Ayrshire cross,F,112,H00678,A16,0
KE-005876,cattle,Friesian cross,F,42,H00678,A16,0
KE-005877,cattle,Boran,F,117,H00678,A16,0
KE-005878,cattle,Friesian cross,M,46,H00678,A16,0
KE-005879,cattle,Zebu,M,87,H00678,A16,0
KE-005880,cattle,Boran,F,103,H00679,A16,0
KE-005881,cattle,Friesian cross,F,26,H00679,A16,0
KE-005882,cattle,Friesian cross,M,91,H00679,A16,1
KE-005883,cattle,Zebu,F,12,H00679,A16,0
KE-005884,cattle,Sahiwal,M,116,H00679,A16,0
KE-005885,cattle,Ayrshire cross,F,104,H00679,A16,0
KE-005886,cattle,Sahiwal,F,70,H00679,A16,0
KE-005887,cattle,Boran,F,95,H00679,A16,1
KE-005888,cattle,Zebu,M,89,H00679,A16,0
KE-005889,cattle,Zebu,F,22,H00679,A16,1
KE-005890,cattle,Friesian cross,F,40,H00679,A16,0
KE-005891,cattle,Boran,F,42,H00680,A16,1
KE-005892,cattle,Friesian cross,F,79,H00680,A16,1
KE-005893,cattle,Zebu,M,68,H00680,A16,0
KE-005894,cattle,Zebu,M,59,H00680,A16,0
KE-005895,cattle,Boran,F,82,H00681,A16,1
KE-005896,cattle,Friesian cross,F,39,H00681,A16,0
KE-005897,cattle,Friesian cross,F,114,H00681,A16,0
KE-005898,cattle,Sahiwal,F,118,H00681,A16,1
KE-005899,cattle,Ayrshire cross,F,115,H00682,A16,1
KE-005900,cattle,Ayrshire cross,F,55,H00682,A16,0
KE-005901,cattle,Friesian cross,M,31,H00682,A16,1
KE-005902,cattle,Zebu,F,111,H00682,A16,0
KE-005903,cattle,Friesian cross,M,14,H00682,A16,0
KE-005904,cattle,Sahiwal,F,73,H00683,A16,0
KE-005905,cattle,Sahiwal,F,76,H00683,A16,0
KE-005906,cattle,Ayrshire cross,M,116,H00683,A16,0
KE-005907,cattle,Boran,F,16,H00683,A16,0
KE-005908,cattle,Ayrshire cross,F,117,H00684,A16,1
KE-005909,cattle,Boran,F,46,H00684,A16,0
KE-005910,cattle,Zebu,F,84,H00684,A16,1
KE-005911,cattle,Boran,M,11,H00684,A16,0
KE-005912,cattle,Friesian cross,F,12,H00684,A16,0
KE-005913,cattle,Ayrshire cross,F,100,H00684,A16,0
KE-005914,cattle,Boran,M,119,H00684,A16,0
KE-005915,cattle,Sahiwal,F,14,H00684,A16,1
KE-005916,cattle,Friesian cross,M,104,H00685,A16,1
KE-005917,cattle,Boran,M,117,H00685,A16,1
KE-005918,cattle,Sahiwal,M,79,H00686,A16,1
KE-005919,cattle,Ayrshire cross,F,84,H00686,A16,0
KE-005920,cattle,Ayrshire cross,M,101,H00686,A16,0
KE-005921,cattle,Sahiwal,F,24,H00687,A16,0
KE-005922,cattle,Friesian cross,M,42,H00687,A16,1
KE-005923,cattle,Ayrshire cross,F,26,H00687,A16,0
KE-005924,cattle,Sahiwal,F,64,H00688,A16,0
KE-005925,cattle,Sahiwal,F,94,H00689,A16,0
KE-005926,cattle,Sahiwal,F,55,H00689,A16,1
KE-005927,cattle,Ayrshire cross,F,82,H00689,A16,0
KE-005928,cattle,Sahiwal,F,98,H00690,A16,0
KE-005929,cattle,Zebu,F,82,H00690,A16,0
KE-005930,cattle,Zebu,F,119,H00690,A16,1
KE-005931,cattle,Friesian cross,F,74,H00691,A16,0
KE-005932,cattle,Boran,M,72,H00691,A16,1
KE-005933,cattle,Sahiwal,M,56,H00691,A16,0
KE-005934,cattle,Friesian cross,F,63,H00691,A16,1
KE-005935,cattle,Ayrshire cross,F,58,H00692,A16,0
KE-005936,cattle,Boran,M,75,H00692,A16,0
KE-005937,cattle,Zebu,F,33,H00692,A16,0
KE-005938,cattle,Friesian cross,F,43,H00692,A16,1
KE-005939,cattle,Ayrshire cross,F,85,H00692,A16,1
KE-005940,cattle,Ayrshire cross,M,63,H00692,A16,1
KE-005941,cattle,Friesian cross,F,88,H00692,A16,0
KE-005942,cattle,Ayrshire cross,F,46,H00692,A16,1
KE-005943,cattle,Boran,F,106,H00692,A16,0
KE-005944,cattle,Ayrshire cross,F,18,H00693,A16,0
KE-005945,cattle,Friesian cross,F,101,H00693,A16,1
KE-005946,cattle,Ayrshire cross,F,77,H00693,A16,0
KE-005947,cattle,Zebu,F,99,H00693,A16,0
KE-005948,cattle,Zebu,M,10,H00694,A16,0
KE-005949,cattle,Boran,M,82,H00694,A16,0
KE-005950,cattle,Boran,F,11,H00694,A16,1
KE-005951,cattle,Friesian cross,F,57,H00695,A16,0
KE-005952,cattle,Sahiwal,F,83,H00695,A16,1
KE-005953,cattle,Friesian cross,M,31,H00695,A16,1
KE-005954,cattle,Sahiwal,F,43,H00695,A16,0
KE-005955,cattle,Zebu,F,32,H00696,A16,1
KE-005956,cattle,Friesian cross,M,13,H00696,A16,0
KE-005957,cattle,Boran,F,83,H00696,A16,0
KE-005958,cattle,Zebu,M,69,H00696,A16,1
KE-005959,cattle,Zebu,F,52,H00696,A16,0
KE-005960,cattle,Sahiwal,F,91,H00696,A16,1
KE-005961,cattle,Boran,F,25,H00696,A16,0
KE-005962,cattle,Ayrshire cross,F,39,H00696,A16,0
KE-005963,cattle,Zebu,M,14,H00697,A16,1
KE-005964,cattle,Friesian cross,M,112,H00697,A16,0
KE-005965,cattle,Ayrshire cross,M,60,H00697,A16,0
KE-005966,cattle,Ayrshire cross,M,7,H00698,A16,0
KE-005967,cattle,Sahiwal,F,46,H00698,A16,0
KE-005968,cattle,Boran,F,48,H00698,A16,1
KE-005969,cattle,Ayrshire cross,F,53,H00699,A16,0
KE-005970,cattle,Sahiwal,M,44,H00699,A16,0
KE-005971,cattle,Ayrshire cross,M,92,H00699,A16,1
KE-005972,cattle,Boran,F,70,H00699,A16,1
KE-005973,cattle,Sahiwal,M,47,H00699,A16,0
KE-005974,cattle,Boran,M,35,H00699,A16,1
KE-005975,cattle,Zebu,F,6,H00700,A16,0
KE-005976,cattle,Friesian cross,F,62,H00700,A16,1
KE-005977,cattle,Ayrshire cross,M,70,H00700,A16,1
KE-005978,cattle,Ayrshire cross,F,89,H00700,A16,0
KE-005979,cattle,Friesian cross,M,11,H00701,A17,0
KE-005980,cattle,Zebu,M,51,H00701,A17,0
KE-005981,cattle,Friesian cross,M,88,H00701,A17,1
KE-005982,cattle,Boran,F,92,H00701,A17,0
KE-005983,cattle,Zebu,F,48,H00702,A17,0
KE-005984,cattle,Boran,F,92,H00702,A17,0
KE-005985,cattle,Sahiwal,F,10,H00702,A17,0
KE-005986,cattle,Sahiwal,M,49,H00702,A17,0
KE-005987,cattle,Boran,F,81,H00702,A17,0
KE-005988,cattle,Ayrshire cross,M,110,H00702,A17,0
KE-005989,cattle,Zebu,M,40,H00702,A17,1
KE-005990,cattle,Friesian cross,M,91,H00703,A17,0
KE-005991,cattle,Zebu,M,19,H00703,A17,1
KE-005992,cattle,Ayrshire cross,M,60,H00703,A17,0
KE-005993,cattle,Boran,M,44,H00704,A17,0
KE-005994,cattle,Boran,F,72,H00704,A17,0
KE-005995,cattle,Friesian cross,F,51,H00704,A17,0
KE-005996,cattle,Ayrshire cross,F,88,H00704,A17,1
KE-005997,cattle,Boran,M,109,H00705,A17,0
KE-005998,cattle,Ayrshire cross,M,95,H00705,A17,0
KE-005999,cattle,Friesian cross,F,33,H00705,A17,0
KE-006000,cattle,Zebu,F,84,H00705,A17,0
KE-006001,cattle,Boran,F,91,H00706,A17,0
KE-006002,cattle,Friesian cross,M,88,H00706,A17,0
KE-006003,cattle,Friesian cross,M,10,H00707,A17,0
KE-006004,cattle,Boran,M,105,H00707,A17,0
KE-006005,cattle,Sahiwal,M,94,H00708,A17,1
KE-006006,cattle,Zebu,F,52,H00708,A17,0
KE-006007,cattle,Friesian cross,F,79,H00708,A17,1
KE-006008,cattle,Ayrshire cross,F,76,H00708,A17,0
KE-006009,cattle,Friesian cross,F,104,H00708,A17,0
KE-006010,cattle,Friesian cross,F,24,H00708,A17,0
KE-006011,cattle,Boran,F,88,H00708,A17,1
KE-006012,cattle,Boran,F,67,H00709,A17,0
KE-006013,cattle,Ayrshire cross,M,60,H00709,A17,1
KE-006014,cattle,Zebu,F,25,H00709,A17,1
KE-006015,cattle,Friesian cross,F,91,H00709,A17,1
KE-006016,cattle,Zebu,M,112,H00710,A17,1
KE-006017,cattle,Zebu,M,36,H00710,A17,0
KE-006018,cattle,Boran,F,113,H00710,A17,0
KE-006019,cattle,Boran,F,14,H00711,A17,0
KE-006020,cattle,Sahiwal,F,87,H00711,A17,1
KE-006021,cattle,Zebu,F,94,H00711,A17,1
KE-006022,cattle,Boran,F,26,H00711,A17,0
KE-006023,cattle,Boran,F,12,H00712,A17,0
KE-006024,cattle,Friesian cross,F,12,H00712,A17,1
KE-006025,cattle,Ayrshire cross,M,101,H00712,A17,0
KE-006026,cattle,Sahiwal,M,51,H00712,A17,0
KE-006027,cattle,Sahiwal,F,49,H00712,A17,1
KE-006028,cattle,Boran,F,34,H00712,A17,0
KE-006029,cattle,Zebu,F,119,H00712,A17,0
KE-006030,cattle,Sahiwal,F,86,H00712,A17,0
KE-006031,cattle,Sahiwal,F,87,H00712,A17,1
KE-006032,cattle,Ayrshire cross,M,33,H00713,A17,1
KE-006033,cattle,Ayrshire cross,F,9,H00713,A17,0
KE-006034,cattle,Sahiwal,M,49,H00714,A17,0
KE-006035,cattle,Ayrshire cross,F,107,H00714,A17,0
KE-006036,cattle,Zebu,F,24,H00715,A17,0
KE-006037,cattle,Sahiwal,F,94,H00715,A17,0
KE-006038,cattle,Zebu,F,99,H00715,A17,0
KE-006039,cattle,Sahiwal,M,97,H00716,A17,1
KE-006040,cattle,Sahiwal,F,31,H00716,A17,1
KE-006041,cattle,Zebu,F,18,H00716,A17,0
KE-006042,cattle,Ayrshire cross,F,23,H00716,A17,1
KE-006043,cattle,Friesian cross,M,49,H00716,A17,0
KE-006044,cattle,Friesian cross,M,33,H00716,A17,0
KE-006045,cattle,Friesian cross,M,75,H00716,A17,1
KE-006046,cattle,Boran,M,13,H00716,A17,0
KE-006047,cattle,Zebu,F,45,H00716,A17,1
KE-006048,cattle,Ayrshire cross,F,16,H00716,A17,0
KE-006049,cattle,Boran,M,38,H00717,A17,1
KE-006050,cattle,Friesian cross,M,42,H00717,A17,1
KE-006051,cattle,Sahiwal,M,38,H00717,A17,1
KE-006052,cattle,Boran,M,12,H00717,A17,0
KE-006053,cattle,Friesian cross,F,80,H00717,A17,1
KE-006054,cattle,Boran,M,58,H00718,A17,1
KE-006055,cattle,Friesian cross,M,106,H00718,A17,0
KE-006056,cattle,Ayrshire cross,F,58,H00718,A17,0
KE-006057,cattle,Ayrshire cross,M,21,H00718,A17,0
KE-006058,cattle,Friesian cross,M,112,H00718,A17,1
KE-006059,cattle,Ayrshire cross,F,49,H00718,A17,0
KE-006060,cattle,Boran,F,99,H00718,A17,0
KE-006061,cattle,Boran,M,113,H00719,A17,1
KE-006062,cattle,Zebu,F,116,H00719,A17,0
KE-006063,cattle,Sahiwal,F,34,H00719,A17,1
KE-006064,cattle,Boran,F,33,H00720,A17,0
KE-006065,cattle,Friesian cross,M,72,H00720,A17,0
KE-006066,cattle,Zebu,F,50,H00720,A17,1
KE-006067,cattle,Friesian cross,M,58,H00721,A17,1
KE-006068,cattle,Ayrshire cross,M,85,H00721,A17,0
KE-006069,cattle,Zebu,M,39,H00721,A17,0
KE-006070,cattle,Ayrshire cross,M,63,H00721,A17,1
KE-006071,cattle,Ayrshire cross,F,98,H00721,A17,0
KE-006072,cattle,Boran,F,103,H00721,A17,1
KE-006073,cattle,Friesian cross,M,39,H00722,A17,0
KE-006074,cattle,Boran,F,107,H00722,A17,0
KE-006075,cattle,Ayrshire cross,M,104,H00722,A17,0
KE-006076,cattle,Sahiwal,M,8,H00722,A17,0
KE-006077,cattle,Sahiwal,F,57,H00722,A17,1
KE-006078,cattle,Sahiwal,F,52,H00723,A17,1
KE-006079,cattle,Boran,F,102,H00723,A17,0
KE-006080,cattle,Friesian cross,F,60,H00723,A17,0
KE-006081,cattle,Zebu,M,24,H00723,A17,0
KE-006082,cattle,Zebu,M,92,H00723,A17,0
KE-006083,cattle,Boran,F,94,H00723,A17,0
KE-006084,cattle,Sahiwal,F,53,H00724,A17,0
KE-006085,cattle,Sahiwal,F,88,H00724,A17,0
KE-006086,cattle,Ayrshire cross,M,11,H00724,A17,0
KE-006087,cattle,Friesian cross,M,41,H00724,A17,0
KE-006088,cattle,Ayrshire cross,M,90,H00725,A17,0
KE-006089,cattle,Zebu,M,62,H00725,A17,0
KE-006090,cattle,Friesian cross,F,43,H00725,A17,0
KE-006091,cattle,Sahiwal,M,97,H00725,A17,0
KE-006092,cattle,Sahiwal,F,29,H00725,A17,0
KE-006093,cattle,Sahiwal,F,26,H00726,A17,0
KE-006094,cattle,Boran,F,113,H00726,A17,0
KE-006095,cattle,Ayrshire cross,M,108,H00726,A17,1
KE-006096,cattle,Sahiwal,M,35,H00726,A17,1
KE-006097,cattle,Zebu,M,19,H00726,A17,0
KE-006098,cattle,Sahiwal,F,91,H00727,A17,0
KE-006099,cattle,Zebu,F,101,H00727,A17,1
KE-006100,cattle,Ayrshire cross,F,7,H00727,A17,1
KE-006101,cattle,Ayrshire cross,F,104,H00727,A17,1
KE-006102,cattle,Sahiwal,M,115,H00727,A17,0
KE-006103,cattle,Friesian cross,F,111,H00727,A17,0
KE-006104,cattle,Ayrshire cross,F,29,H00727,A17,0
KE-006105,cattle,Zebu,F,102,H00728,A17,0
KE-006106,cattle,Boran,F,119,H00728,A17,1
KE-006107,cattle,Zebu,F,50,H00728,A17,0
KE-006108,cattle,Friesian cross,F,56,H00728,A17,0
KE-006109,cattle,Ayrshire cross,F,64,H00728,A17,1
KE-006110,cattle,Boran,M,48,H00728,A17,0
KE-006111,cattle,Sahiwal,F,18,H00728,A17,0
KE-006112,cattle,Boran,M,60,H00729,A17,0
KE-006113,cattle,Ayrshire cross,F,16,H00729,A17,0
KE-006114,cattle,Zebu,F,70,H00730,A17,0
KE-006115,cattle,Zebu,M,11,H00730,A17,0
KE-006116,cattle,Friesian cross,M,43,H00731,A17,0
KE-006117,cattle,Sahiwal,M,67,H00731,A17,0
KE-006118,cattle,Friesian cross,F,21,H00731,A17,0
KE-006119,cattle,Friesian cross,M,80,H00731,A17,0
KE-006120,cattle,Ayrshire cross,F,14,H00731,A17,0
KE-006121,cattle,Friesian cross,F,46,H00731,A17,1
KE-006122,cattle,Sahiwal,F,83,H00731,A17,0
KE-006123,cattle,Sahiwal,F,21,H00731,A17,1
KE-006124,cattle,Friesian cross,M,18,H00732,A17,1
KE-006125,cattle,Zebu,F,23,H00732,A17,1
KE-006126,cattle,Friesian cross,F,9,H00732,A17,0
KE-006127,cattle,Boran,M,68,H00732,A17,0
KE-006128,cattle,Friesian cross,M,71,H00732,A17,0
KE-006129,cattle,Sahiwal,F,95,H00732,A17,0
KE-006130,cattle,Sahiwal,F,112,H00732,A17,0
KE-006131,cattle,Ayrshire cross,F,62,H00732,A17,0
KE-006132,cattle,Ayrshire cross,F,35,H00732,A17,0
KE-006133,cattle,Friesian cross,M,77,H00733,A17,1
KE-006134,cattle,Boran,F,37,H00733,A17,1
KE-006135,cattle,Zebu,M,62,H00733,A17,0
KE-006136,cattle,Boran,F,62,H00734,A17,0
KE-006137,cattle,Boran,M,75,H00734,A17,0
KE-006138,cattle,Sahiwal,F,9,H00735,A17,0
KE-006139,cattle,Friesian cross,M,91,H00735,A17,1
KE-006140,cattle,Friesian cross,F,66,H00735,A17,0
KE-006141,cattle,Friesian cross,M,38,H00735,A17,1
KE-006142,cattle,Zebu,F,17,H00735,A17,0
KE-006143,cattle,Boran,M,102,H00736,A17,0
KE-006144,cattle,Zebu,M,66,H00736,A17,1
KE-006145,cattle,Zebu,M,98,H00736,A17,0
KE-006146,cattle,Boran,F,8,H00736,A17,0
KE-006147,cattle,Friesian cross,F,113,H00736,A17,0
KE-006148,cattle,Boran,M,61,H00736,A17,1
KE-006149,cattle,Ayrshire cross,M,16,H00736,A17,1
KE-006150,cattle,Friesian cross,F,43,H00736,A17,1
KE-006151,cattle,Boran,M,111,H00737,A17,0
KE-006152,cattle,Ayrshire cross,F,115,H00737,A17,0
KE-006153,cattle,Sahiwal,F,85,H00737,A17,0
KE-006154,cattle,Ayrshire cross,F,7,H00737,A17,0
KE-006155,cattle,Sahiwal,F,110,H00737,A17,0
KE-006156,cattle,Ayrshire cross,F,40,H00737,A17,0
KE-006157,cattle,Zebu,M,64,H00737,A17,1
KE-006158,cattle,Ayrshire cross,M,44,H00737,A17,1
KE-006159,cattle,Boran,F,76,H00737,A17,0
KE-006160,cattle,Ayrshire cross,F,24,H00737,A17,0
KE-006161,cattle,Zebu,F,81,H00737,A17,0
KE-006162,cattle,Boran,M,52,H00737,A17,0
KE-006163,cattle,Sahiwal,M,111,H00737,A17,0
KE-006164,cattle,Ayrshire cross,M,75,H00738,A17,0
KE-006165,cattle,Zebu,F,81,H00738,A17,0
KE-006166,cattle,Zebu,M,81,H00738,A17,0
KE-006167,cattle,Boran,M,60,H00738,A17,0
KE-006168,cattle,Sahiwal,F,14,H00738,A17,0
KE-006169,cattle,Ayrshire cross,F,119,H00738,A17,1
KE-006170,cattle,Ayrshire cross,F,58,H00739,A17,1
KE-006171,cattle,Zebu,F,67,H00739,A17,0
KE-006172,cattle,Friesian cross,M,48,H00739,A17,0
KE-006173,cattle,Friesian cross,F,96,H00739,A17,0
KE-006174,cattle,Ayrshire cross,F,99,H00740,A18,0
KE-006175,cattle,Zebu,F,83,H00740,A18,0
KE-006176,cattle,Sahiwal,F,40,H00740,A18,0
KE-006177,cattle,Zebu,F,26,H00740,A18,1
KE-006178,cattle,Zebu,F,119,H00740,A18,1
KE-006179,cattle,Boran,M,85,H00740,A18,0
KE-006180,cattle,Friesian cross,F,118,H00740,A18,0
KE-006181,cattle,Ayrshire cross,F,75,H00741,A18,0
KE-006182,cattle,Zebu,F,69,H00741,A18,1
KE-006183,cattle,Sahiwal,M,18,H00741,A18,1
KE-006184,cattle,Friesian cross,F,109,H00741,A18,0
KE-006185,cattle,Sahiwal,F,101,H00741,A18,1
KE-006186,cattle,Ayrshire cross,F,97,H00741,A18,1
KE-006187,cattle,Friesian cross,M,97,H00741,A18,0
KE-006188,cattle,Boran,F,107,H00741,A18,0
KE-006189,cattle,Sahiwal,M,45,H00741,A18,0
KE-006190,cattle,Boran,M,71,H00741,A18,0
KE-006191,cattle,Sahiwal,F,76,H00741,A18,1
KE-006192,cattle,Sahiwal,M,43,H00741,A18,0
KE-006193,cattle,Zebu,F,83,H00742,A18,0
KE-006194,cattle,Friesian cross,F,92,H00742,A18,0
KE-006195,cattle,Friesian cross,F,87,H00742,A18,0
KE-006196,cattle,Zebu,F,42,H00742,A18,0
KE-006197,cattle,Ayrshire cross,M,111,H00742,A18,1
KE-006198,cattle,Friesian cross,F,118,H00742,A18,0
KE-006199,cattle,Zebu,F,10,H00742,A18,0
KE-006200,cattle,Ayrshire cross,F,109,H00742,A18,1
KE-006201,cattle,Boran,M,73,H00742,A18,0
KE-006202,cattle,Sahiwal,M,111,H00742,A18,0
KE-006203,cattle,Sahiwal,F,63,H00743,A18,0
KE-006204,cattle,Boran,F,74,H00743,A18,1
KE-006205,cattle,Friesian cross,M,95,H00743,A18,0
KE-006206,cattle,Friesian cross,F,111,H00743,A18,1
KE-006207,cattle,Zebu,F,24,H00743,A18,1
KE-006208,cattle,Sahiwal,M,87,H00743,A18,0
KE-006209,cattle,Sahiwal,M,107,H00744,A18,0
KE-006210,cattle,Friesian cross,F,16,H00744,A18,0
KE-006211,cattle,Sahiwal,M,52,H00744,A18,0
KE-006212,cattle,Friesian cross,F,75,H00744,A18,1
KE-006213,cattle,Sahiwal,M,49,H00744,A18,0
KE-006214,cattle,Sahiwal,M,79,H00744,A18,0
KE-006215,cattle,Ayrshire cross,F,10,H00744,A18,1
KE-006216,cattle,Friesian cross,F,13,H00744,A18,0
KE-006217,cattle,Zebu,F,19,H00744,A18,1
KE-006218,cattle,Friesian cross,F,36,H00744,A18,1
KE-006219,cattle,Boran,M,37,H00744,A18,1
KE-006220,cattle,Zebu,F,30,H00744,A18,1
KE-006221,cattle,Boran,F,69,H00744,A18,0
KE-006222,cattle,Sahiwal,M,111,H00744,A18,1
KE-006223,cattle,Friesian cross,F,60,H00744,A18,0
KE-006224,cattle,Friesian cross,M,9,H00744,A18,1
KE-006225,cattle,Ayrshire cross,F,60,H00744,A18,0
KE-006226,cattle,Zebu,F,82,H00744,A18,1
KE-006227,cattle,Friesian cross,M,10,H00744,A18,0
KE-006228,cattle,Boran,F,76,H00744,A18,0
KE-006229,cattle,Ayrshire cross,F,77,H00744,A18,0
KE-006230,cattle,Sahiwal,F,63,H00744,A18,0
KE-006231,cattle,Friesian cross,F,32,H00744,A18,0
KE-006232,cattle,Friesian cross,F,104,H00744,A18,0
KE-006233,cattle,Boran,M,6,H00744,A18,0
KE-006234,cattle,Ayrshire cross,F,96,H00744,A18,0
KE-006235,cattle,Friesian cross,F,101,H00744,A18,1
KE-006236,cattle,Friesian cross,F,52,H00744,A18,1
KE-006237,cattle,Ayrshire cross,F,71,H00744,A18,0
KE-006238,cattle,Zebu,F,109,H00744,A18,0
KE-006239,cattle,Ayrshire cross,F,58,H00744,A18,0
KE-006240,cattle,Sahiwal,M,106,H00744,A18,0
KE-006241,cattle,Sahiwal,M,59,H00744,A18,1
KE-006242,cattle,Ayrshire cross,F,117,H00744,A18,1
KE-006243,cattle,Friesian cross,F,97,H00744,A18,0
KE-006244,cattle,Friesian cross,M,93,H00744,A18,0
KE-006245,cattle,Ayrshire cross,M,64,H00744,A18,1
KE-006246,cattle,Zebu,M,12,H00744,A18,0
KE-006247,cattle,Friesian cross,F,114,H00745,A18,1
KE-006248,cattle,Sahiwal,F,108,H00745,A18,0
KE-006249,cattle,Boran,M,44,H00745,A18,0
KE-006250,cattle,Boran,F,39,H00745,A18,1
KE-006251,cattle,Boran,F,89,H00745,A18,0
KE-006252,cattle,Ayrshire cross,F,55,H00745,A18,1
KE-006253,cattle,Sahiwal,F,113,H00745,A18,0
KE-006254,cattle,Friesian cross,M,48,H00745,A18,0
KE-006255,cattle,Friesian cross,F,16,H00745,A18,0
KE-006256,cattle,Sahiwal,M,96,H00745,A18,0
KE-006257,cattle,Friesian cross,F,104,H00745,A18,0
KE-006258,cattle,Zebu,M,79,H00745,A18,1
KE-006259,cattle,Zebu,F,63,H00745,A18,1
KE-006260,cattle,Ayrshire cross,F,106,H00745,A18,0
KE-006261,cattle,Ayrshire cross,M,48,H00745,A18,0
KE-006262,cattle,Sahiwal,M,95,H00745,A18,1
KE-006263,cattle,Zebu,M,47,H00745,A18,0
KE-006264,cattle,Sahiwal,M,96,H00745,A18,1
KE-006265,cattle,Boran,M,38,H00745,A18,0
KE-006266,cattle,Ayrshire cross,F,92,H00745,A18,0
KE-006267,cattle,Boran,F,105,H00745,A18,0
KE-006268,cattle,Sahiwal,F,40,H00745,A18,0
KE-006269,cattle,Ayrshire cross,F,42,H00745,A18,0
KE-006270,cattle,Boran,F,119,H00745,A18,0
KE-006271,cattle,Sahiwal,F,66,H00745,A18,0
KE-006272,cattle,Sahiwal,M,69,H00745,A18,0
KE-006273,cattle,Friesian cross,M,118,H00745,A18,1
KE-006274,cattle,Boran,F,94,H00745,A18,1
KE-006275,cattle,Sahiwal,M,75,H00745,A18,1
KE-006276,cattle,Friesian cross,F,55,H00745,A18,0
KE-006277,cattle,Ayrshire cross,F,105,H00745,A18,0
KE-006278,cattle,Zebu,F,94,H00745,A18,0
KE-006279,cattle,Friesian cross,F,23,H00745,A18,0
KE-006280,cattle,Friesian cross,M,31,H00746,A18,0
KE-006281,cattle,Zebu,F,12,H00746,A18,0
KE-006282,cattle,Friesian cross,M,37,H00746,A18,1
KE-006283,cattle,Sahiwal,F,112,H00746,A18,0
KE-006284,cattle,Ayrshire cross,F,70,H00746,A18,0
KE-006285,cattle,Friesian cross,F,7,H00746,A18,1
KE-006286,cattle,Ayrshire cross,M,78,H00746,A18,1
KE-006287,cattle,Boran,M,103,H00746,A18,1
KE-006288,cattle,Ayrshire cross,F,22,H00746,A18,1
KE-006289,cattle,Zebu,F,92,H00746,A18,0
KE-006290,cattle,Ayrshire cross,F,88,H00746,A18,0
KE-006291,cattle,Zebu,F,80,H00746,A18,0
KE-006292,cattle,Ayrshire cross,M,35,H00746,A18,0
KE-006293,cattle,Friesian cross,M,108,H00746,A18,0
KE-006294,cattle,Friesian cross,F,89,H00746,A18,1
KE-006295,cattle,Boran,F,114,H00746,A18,0
KE-006296,cattle,Ayrshire cross,F,80,H00746,A18,0
KE-006297,cattle,Sahiwal,F,28,H00746,A18,0
KE-006298,cattle,Friesian cross,M,9,H00746,A18,0
KE-006299,cattle,Boran,F,61,H00746,A18,1
KE-006300,cattle,Friesian cross,F,73,H00746,A18,0
KE-006301,cattle,Friesian cross,F,69,H00746,A18,0
KE-006302,cattle,Sahiwal,F,41,H00747,A18,0
KE-006303,cattle,Zebu,F,7,H00747,A18,0
KE-006304,cattle,Sahiwal,M,60,H00747,A18,0
KE-006305,cattle,Zebu,F,91,H00747,A18,0
KE-006306,cattle,Boran,M,10,H00747,A18,0
KE-006307,cattle,Sahiwal,F,42,H00747,A18,0
KE-006308,cattle,Ayrshire cross,F,65,H00747,A18,0
KE-006309,cattle,Friesian cross,M,18,H00748,A18,0
KE-006310,cattle,Ayrshire cross,M,113,H00748,A18,0
KE-006311,cattle,Friesian cross,F,97,H00748,A18,1
KE-006312,cattle,Friesian cross,F,46,H00748,A18,1
KE-006313,cattle,Friesian cross,M,64,H00748,A18,0
KE-006314,cattle,Boran,F,32,H00748,A18,1
KE-006315,cattle,Zebu,M,36,H00748,A18,0
KE-006316,cattle,Zebu,F,33,H00748,A18,0
KE-006317,cattle,Friesian cross,F,56,H00748,A18,1
KE-006318,cattle,Boran,F,54,H00748,A18,0
KE-006319,cattle,Ayrshire cross,F,91,H00748,A18,0
KE-006320,cattle,Boran,F,100,H00748,A18,0
KE-006321,cattle,Sahiwal,M,11,H00748,A18,1
KE-006322,cattle,Zebu,F,98,H00748,A18,0
KE-006323,cattle,Boran,F,72,H00748,A18,0
KE-006324,cattle,Friesian cross,F,17,H00748,A18,1
KE-006325,cattle,Sahiwal,M,92,H00748,A18,0
KE-006326,cattle,Sahiwal,M,92,H00748,A18,0
KE-006327,cattle,Zebu,F,42,H00748,A18,1
KE-006328,cattle,Ayrshire cross,F,58,H00749,A18,0
KE-006329,cattle,Zebu,F,75,H00749,A18,1
KE-006330,cattle,Boran,M,6,H00749,A18,0
KE-006331,cattle,Sahiwal,F,112,H00749,A18,1
KE-006332,cattle,Friesian cross,M,85,H00749,A18,1
KE-006333,cattle,Ayrshire cross,F,85,H00749,A18,1
KE-006334,cattle,Boran,F,9,H00749,A18,0
KE-006335,cattle,Zebu,M,32,H00749,A18,0
KE-006336,cattle,Boran,F,52,H00749,A18,1
KE-006337,cattle,Sahiwal,M,24,H00749,A18,0
KE-006338,cattle,Sahiwal,F,14,H00749,A18,1
KE-006339,cattle,Friesian cross,F,9,H00749,A18,1
KE-006340,cattle,Ayrshire cross,F,31,H00749,A18,0
KE-006341,cattle,Sahiwal,F,59,H00749,A18,0
KE-006342,cattle,Boran,F,62,H00749,A18,0
KE-006343,cattle,Boran,F,13,H00749,A18,1
KE-006344,cattle,Sahiwal,F,48,H00749,A18,0
KE-006345,cattle,Sahiwal,F,117,H00750,A18,1
KE-006346,cattle,Zebu,F,96,H00750,A18,0
KE-006347,cattle,Sahiwal,F,102,H00750,A18,0
KE-006348,cattle,Boran,F,19,H00750,A18,0
KE-006349,cattle,Ayrshire cross,F,26,H00750,A18,0
KE-006350,cattle,Sahiwal,F,48,H00750,A18,1
KE-006351,cattle,Ayrshire cross,F,62,H00750,A18,0
KE-006352,cattle,Friesian cross,M,41,H00750,A18,1
KE-006353,cattle,Zebu,M,43,H00750,A18,0
KE-006354,cattle,Zebu,F,42,H00750,A18,0
KE-006355,cattle,Sahiwal,F,15,H00750,A18,0
KE-006356,cattle,Zebu,F,100,H00750,A18,0
KE-006357,cattle,Zebu,F,115,H00750,A18,0
KE-006358,cattle,Sahiwal,M,20,H00750,A18,0
KE-006359,cattle,Zebu,F,36,H00750,A18,0
KE-006360,cattle,Boran,F,59,H00751,A18,1
KE-006361,cattle,Zebu,M,78,H00751,A18,0
KE-006362,cattle,Ayrshire cross,M,33,H00751,A18,1
KE-006363,cattle,Friesian cross,F,14,H00751,A18,0
KE-006364,cattle,Friesian cross,F,116,H00751,A18,1
KE-006365,cattle,Sahiwal,F,100,H00751,A18,0
KE-006366,cattle,Zebu,M,43,H00751,A18,0
KE-006367,cattle,Friesian cross,F,104,H00751,A18,0
KE-006368,cattle,Sahiwal,F,88,H00751,A18,0
KE-006369,cattle,Friesian cross,M,78,H00751,A18,0
KE-006370,cattle,Sahiwal,F,54,H00751,A18,1
KE-006371,cattle,Boran,M,54,H00751,A18,0
KE-006372,cattle,Ayrshire cross,F,95,H00751,A18,0
KE-006373,cattle,Ayrshire cross,F,90,H00751,A18,0
KE-006374,cattle,Friesian cross,M,114,H00751,A18,0
KE-006375,cattle,Ayrshire cross,F,64,H00751,A18,0
KE-006376,cattle,Zebu,M,38,H00751,A18,1
KE-006377,cattle,Ayrshire cross,F,106,H00751,A18,0
KE-006378,cattle,Friesian cross,F,62,H00751,A18,0
KE-006379,cattle,Sahiwal,F,53,H00751,A18,1
KE-006380,cattle,Friesian cross,F,73,H00751,A18,0
KE-006381,cattle,Boran,F,10,H00751,A18,0
KE-006382,cattle,Zebu,F,85,H00751,A18,1
KE-006383,cattle,Boran,M,24,H00751,A18,0
KE-006384,cattle,Zebu,F,78,H00752,A18,0
KE-006385,cattle,Ayrshire cross,F,44,H00752,A18,0
KE-006386,cattle,Sahiwal,F,118,H00752,A18,0
KE-006387,cattle,Friesian cross,F,98,H00752,A18,0
KE-006388,cattle,Sahiwal,M,79,H00752,A18,1
KE-006389,cattle,Ayrshire cross,M,57,H00752,A18,0
KE-006390,cattle,Friesian cross,F,75,H00752,A18,1
KE-006391,cattle,Sahiwal,F,48,H00752,A18,0
KE-006392,cattle,Sahiwal,M,88,H00752,A18,1
KE-006393,cattle,Ayrshire cross,M,41,H00752,A18,1
KE-006394,cattle,Sahiwal,F,22,H00752,A18,1
KE-006395,cattle,Ayrshire cross,F,14,H00752,A18,0
KE-006396,cattle,Friesian cross,F,12,H00752,A18,0
KE-006397,cattle,Ayrshire cross,F,66,H00752,A18,1
KE-006398,cattle,Zebu,F,11,H00752,A18,0
KE-006399,cattle,Ayrshire cross,F,52,H00752,A18,0
KE-006400,cattle,Zebu,M,94,H00752,A18,0
KE-006401,cattle,Boran,F,108,H00753,A18,0
KE-006402,cattle,Sahiwal,F,95,H00753,A18,0
KE-006403,cattle,Zebu,F,118,H00753,A18,1
KE-006404,cattle,Boran,F,94,H00753,A18,0
KE-006405,cattle,Ayrshire cross,M,15,H00753,A18,0
KE-006406,cattle,Ayrshire cross,M,16,H00753,A18,0
KE-006407,cattle,Boran,F,18,H00753,A18,0
KE-006408,cattle,Zebu,F,101,H00753,A18,1
KE-006409,cattle,Zebu,F,35,H00753,A18,1
KE-006410,cattle,Boran,F,77,H00753,A18,0
KE-006411,cattle,Friesian cross,M,89,H00753,A18,1
KE-006412,cattle,Boran,M,74,H00753,A18,0
KE-006413,cattle,Friesian cross,F,20,H00753,A18,0
KE-006414,cattle,Friesian cross,M,62,H00753,A18,0
KE-006415,cattle,Friesian cross,M,88,H00753,A18,0
KE-006416,cattle,Friesian cross,F,16,H00753,A18,0
KE-006417,cattle,Boran,M,47,H00753,A18,1
KE-006418,cattle,Boran,M,28,H00753,A18,0
KE-006419,cattle,Ayrshire cross,F,104,H00754,A18,0
KE-006420,cattle,Boran,M,79,H00754,A18,1
KE-006421,cattle,Ayrshire cross,F,74,H00754,A18,0
KE-006422,cattle,Ayrshire cross,M,20,H00754,A18,1
KE-006423,cattle,Ayrshire cross,M,84,H00754,A18,1
KE-006424,cattle,Friesian cross,F,35,H00754,A18,0
KE-006425,cattle,Sahiwal,F,88,H00754,A18,1
KE-006426,cattle,Sahiwal,F,111,H00754,A18,0
KE-006427,cattle,Boran,M,110,H00754,A18,1
KE-006428,cattle,Ayrshire cross,F,33,H00754,A18,1
KE-006429,cattle,Friesian cross,F,89,H00754,A18,1
KE-006430,cattle,Sahiwal,M,52,H00754,A18,0
KE-006431,cattle,Sahiwal,F,48,H00754,A18,0
KE-006432,cattle,Friesian cross,M,77,H00754,A18,0
KE-006433,cattle,Ayrshire cross,F,115,H00754,A18,0
KE-006434,cattle,Friesian cross,F,35,H00754,A18,0
KE-006435,cattle,Ayrshire cross,M,93,H00754,A18,1
KE-006436,cattle,Boran,M,106,H00755,A18,0
KE-006437,cattle,Friesian cross,M,58,H00755,A18,0
KE-006438,cattle,Friesian cross,F,80,H00755,A18,0
KE-006439,cattle,Zebu,F,93,H00755,A18,0
KE-006440,cattle,Ayrshire cross,F,34,H00755,A18,1
KE-006441,cattle,Ayrshire cross,F,58,H00755,A18,1
KE-006442,cattle,Boran,F,48,H00755,A18,1
KE-006443,cattle,Boran,F,88,H00755,A18,1
KE-006444,cattle,Friesian cross,F,15,H00755,A18,1
KE-006445,cattle,Boran,F,113,H00755,A18,0
KE-006446,cattle,Sahiwal,F,66,H00755,A18,0
KE-006447,cattle,Zebu,F,116,H00755,A18,1
KE-006448,cattle,Boran,F,77,H00755,A18,1
KE-006449,cattle,Ayrshire cross,F,82,H00755,A18,1
KE-006450,cattle,Ayrshire cross,F,99,H00756,A18,1
KE-006451,cattle,Zebu,F,90,H00756,A18,0
KE-006452,cattle,Ayrshire cross,F,84,H00756,A18,0
KE-006453,cattle,Ayrshire cross,F,70,H00756,A18,0
KE-006454,cattle,Friesian cross,M,35,H00757,A18,1
KE-006455,cattle,Boran,M,60,H00757,A18,0
KE-006456,cattle,Boran,F,15,H00757,A18,0
KE-006457,cattle,Boran,F,119,H00757,A18,1
KE-006458,cattle,Sahiwal,F,47,H00757,A18,1
KE-006459,cattle,Zebu,F,104,H00757,A18,0
KE-006460,cattle,Friesian cross,F,51,H00757,A18,0
KE-006461,cattle,Sahiwal,F,60,H00757,A18,0
KE-006462,cattle,Sahiwal,F,52,H00757,A18,0
KE-006463,cattle,Ayrshire cross,F,47,H00757,A18,0
KE-006464,cattle,Zebu,F,46,H00757,A18,0
KE-006465,cattle,Zebu,M,73,H00757,A18,0
KE-006466,cattle,Ayrshire cross,F,60,H00758,A18,1
KE-006467,cattle,Zebu,F,67,H00758,A18,0
KE-006468,cattle,Boran,F,38,H00758,A18,0
KE-006469,cattle,Boran,F,79,H00758,A18,0
KE-006470,cattle,Zebu,F,22,H00758,A18,0
KE-006471,cattle,Sahiwal,F,111,H00758,A18,0
KE-006472,cattle,Ayrshire cross,F,103,H00758,A18,1
KE-006473,cattle,Friesian cross,F,19,H00758,A18,0
KE-006474,cattle,Zebu,F,74,H00758,A18,1
KE-006475,cattle,Zebu,M,20,H00759,A18,0
KE-006476,cattle,Zebu,M,66,H00759,A18,1
KE-006477,cattle,Zebu,F,72,H00759,A18,1
KE-006478,cattle,Sahiwal,M,61,H00759,A18,1
KE-006479,cattle,Ayrshire cross,M,60,H00759,A18,0
KE-006480,cattle,Ayrshire cross,F,62,H00759,A18,0
KE-006481,cattle,Boran,F,23,H00760,A18,1
KE-006482,cattle,Boran,F,58,H00760,A18,0
KE-006483,cattle,Sahiwal,M,58,H00760,A18,0
KE-006484,cattle,Ayrshire cross,F,74,H00760,A18,1
KE-006485,cattle,Friesian cross,M,71,H00760,A18,1
KE-006486,cattle,Zebu,F,61,H00760,A18,0
KE-006487,cattle,Zebu,F,31,H00760,A18,1
KE-006488,cattle,Boran,M,105,H00760,A18,1
KE-006489,cattle,Sahiwal,F,16,H00760,A18,1
KE-006490,cattle,Zebu,F,99,H00760,A18,0
KE-006491,cattle,Sahiwal,M,18,H00760,A18,0
KE-006492,cattle,Boran,M,89,H00760,A18,0
KE-006493,cattle,Friesian cross,F,22,H00760,A18,0
KE-006494,cattle,Zebu,F,103,H00760,A18,0
KE-006495,cattle,Boran,F,34,H00760,A18,0
KE-006496,cattle,Ayrshire cross,F,54,H00760,A18,0
KE-006497,cattle,Friesian cross,F,66,H00760,A18,1
KE-006498,cattle,Sahiwal,M,33,H00760,A18,0
KE-006499,cattle,Boran,M,26,H00760,A18,0
KE-006500,cattle,Ayrshire cross,F,98,H00760,A18,0
KE-006501,cattle,Ayrshire cross,F,93,H00760,A18,1
KE-006502,cattle,Zebu,F,51,H00760,A18,0
KE-006503,cattle,Sahiwal,F,108,H00760,A18,1
KE-006504,cattle,Friesian cross,F,115,H00760,A18,1
KE-006505,cattle,Zebu,M,102,H00760,A18,0
KE-006506,cattle,Ayrshire cross,F,52,H00760,A18,0
KE-006507,cattle,Ayrshire cross,F,106,H00760,A18,0
KE-006508,cattle,Ayrshire cross,F,76,H00760,A18,1
KE-006509,cattle,Friesian cross,M,11,H00760,A18,0
KE-006510,cattle,Boran,F,87,H00760,A18,0
KE-006511,cattle,Boran,M,60,H00760,A18,0
KE-006512,cattle,Ayrshire cross,F,95,H00761,A18,0
KE-006513,cattle,Ayrshire cross,F,114,H00761,A18,0
KE-006514,cattle,Sahiwal,M,10,H00761,A18,0
KE-006515,cattle,Zebu,F,108,H00761,A18,0
KE-006516,cattle,Friesian cross,F,98,H00761,A18,0
KE-006517,cattle,Sahiwal,F,34,H00761,A18,0
KE-006518,cattle,Zebu,F,52,H00761,A18,1
KE-006519,cattle,Sahiwal,F,117,H00761,A18,0
KE-006520,cattle,Sahiwal,F,45,H00761,A18,1
KE-006521,cattle,Boran,F,55,H00761,A18,1
KE-006522,cattle,Sahiwal,M,57,H00761,A18,0
KE-006523,cattle,Sahiwal,F,65,H00761,A18,0
KE-006524,cattle,Friesian cross,M,94,H00761,A18,0
KE-006525,cattle,Ayrshire cross,F,30,H00761,A18,0
KE-006526,cattle,Boran,F,113,H00761,A18,0
KE-006527,cattle,Friesian cross,M,93,H00761,A18,0
KE-006528,cattle,Sahiwal,M,24,H00761,A18,0
KE-006529,cattle,Boran,F,22,H00761,A18,0
KE-006530,cattle,Friesian cross,M,89,H00761,A18,1
KE-006531,cattle,Sahiwal,M,30,H00761,A18,1
KE-006532,cattle,Zebu,F,62,H00761,A18,1
KE-006533,cattle,Zebu,F,96,H00761,A18,0
KE-006534,cattle,Boran,F,79,H00761,A18,0
KE-006535,cattle,Boran,M,29,H00761,A18,1
KE-006536,cattle,Boran,F,118,H00761,A18,0
KE-006537,cattle,Zebu,F,25,H00761,A18,1
KE-006538,cattle,Sahiwal,F,28,H00761,A18,1
KE-006539,cattle,Friesian cross,F,88,H00761,A18,1
KE-006540,cattle,Boran,M,113,H00761,A18,1
KE-006541,cattle,Friesian cross,F,56,H00761,A18,0
KE-006542,cattle,Sahiwal,F,103,H00761,A18,0
KE-006543,cattle,Ayrshire cross,M,88,H00761,A18,0
KE-006544,cattle,Sahiwal,M,83,H00762,A18,0
KE-006545,cattle,Friesian cross,F,8,H00762,A18,1
KE-006546,cattle,Zebu,M,36,H00762,A18,0
KE-006547,cattle,Zebu,F,22,H00762,A18,1
KE-006548,cattle,Boran,M,100,H00762,A18,1
KE-006549,cattle,Boran,M,53,H00762,A18,0
KE-006550,cattle,Zebu,F,104,H00762,A18,1
KE-006551,cattle,Sahiwal,F,84,H00762,A18,0
KE-006552,cattle,Sahiwal,F,92,H00762,A18,0
KE-006553,cattle,Boran,M,97,H00762,A18,0
KE-006554,cattle,Boran,F,96,H00762,A18,0
KE-006555,cattle,Friesian cross,F,84,H00762,A18,0
KE-006556,cattle,Sahiwal,M,88,H00762,A18,1
KE-006557,cattle,Boran,M,90,H00762,A18,1
KE-006558,cattle,Ayrshire cross,M,29,H00762,A18,0
KE-006559,cattle,Sahiwal,M,58,H00762,A18,1
KE-006560,cattle,Ayrshire cross,F,98,H00762,A18,1
KE-006561,cattle,Friesian cross,M,116,H00762,A18,1
KE-006562,cattle,Sahiwal,M,111,H00762,A18,0
KE-006563,cattle,Zebu,F,20,H00762,A18,0
KE-006564,cattle,Boran,F,110,H00762,A18,0
KE-006565,cattle,Sahiwal,F,23,H00762,A18,0
KE-006566,cattle,Ayrshire cross,F,8,H00762,A18,0
KE-006567,cattle,Sahiwal,M,57,H00762,A18,1
KE-006568,cattle,Friesian cross,F,11,H00762,A18,0
KE-006569,cattle,Boran,M,36,H00762,A18,1
KE-006570,cattle,Boran,M,36,H00763,A18,0
KE-006571,cattle,Boran,F,67,H00763,A18,0
KE-006572,cattle,Boran,F,31,H00763,A18,0
KE-006573,cattle,Sahiwal,F,50,H00763,A18,0
KE-006574,cattle,Sahiwal,F,34,H00763,A18,0
KE-006575,cattle,Sahiwal,F,10,H00763,A18,1
KE-006576,cattle,Sahiwal,F,69,H00763,A18,0
KE-006577,cattle,Friesian cross,F,53,H00763,A18,1
KE-006578,cattle,Friesian cross,M,100,H00763,A18,0
KE-006579,cattle,Boran,M,48,H00763,A18,1
KE-006580,cattle,Ayrshire cross,M,42,H00763,A18,1
KE-006581,cattle,Boran,F,18,H00763,A18,0
KE-006582,cattle,Sahiwal,F,74,H00763,A18,0
KE-006583,cattle,Ayrshire cross,M,33,H00764,A18,1
KE-006584,cattle,Sahiwal,F,7,H00764,A18,1
KE-006585,cattle,Ayrshire cross,F,77,H00764,A18,0
KE-006586,cattle,Sahiwal,F,26,H00764,A18,1
KE-006587,cattle,Ayrshire cross,F,44,H00764,A18,0
KE-006588,cattle,Zebu,F,89,H00764,A18,1
KE-006589,cattle,Ayrshire cross,F,8,H00764,A18,0
KE-006590,cattle,Friesian cross,M,51,H00764,A18,0
KE-006591,cattle,Zebu,F,14,H00764,A18,1
KE-006592,cattle,Ayrshire cross,F,21,H00764,A18,1
KE-006593,cattle,Friesian cross,F,12,H00764,A18,0
KE-006594,cattle,Zebu,M,8,H00764,A18,0
KE-006595,cattle,Ayrshire cross,F,44,H00764,A18,0
KE-006596,cattle,Sahiwal,F,53,H00764,A18,1
KE-006597,cattle,Boran,F,42,H00764,A18,0
KE-006598,cattle,Ayrshire cross,M,76,H00764,A18,0
KE-006599,cattle,Boran,M,59,H00764,A18,0
KE-006600,cattle,Boran,F,60,H00764,A18,1
KE-006601,cattle,Ayrshire cross,F,30,H00764,A18,1
KE-006602,cattle,Friesian cross,M,32,H00764,A18,0
KE-006603,cattle,Ayrshire cross,F,9,H00764,A18,0
KE-006604,cattle,Boran,F,115,H00764,A18,1
KE-006605,cattle,Boran,F,47,H00764,A18,0
KE-006606,cattle,Friesian cross,M,67,H00764,A18,0
KE-006607,cattle,Boran,F,105,H00764,A18,0
KE-006608,cattle,Ayrshire cross,F,61,H00765,A18,0
KE-006609,cattle,Sahiwal,M,58,H00765,A18,0
KE-006610,cattle,Zebu,F,43,H00765,A18,1
KE-006611,cattle,Sahiwal,F,102,H00765,A18,1
KE-006612,cattle,Sahiwal,M,34,H00765,A18,0
KE-006613,cattle,Zebu,F,99,H00765,A18,0
KE-006614,cattle,Boran,M,34,H00765,A18,1
KE-006615,cattle,Zebu,M,114,H00765,A18,0
KE-006616,cattle,Friesian cross,F,94,H00765,A18,1
KE-006617,cattle,Friesian cross,F,49,H00765,A18,0
KE-006618,cattle,Boran,M,60,H00765,A18,0
KE-006619,cattle,Sahiwal,F,23,H00765,A18,0
KE-006620,cattle,Zebu,M,19,H00766,A18,0
KE-006621,cattle,Ayrshire cross,F,88,H00766,A18,0
KE-006622,cattle,Friesian cross,M,75,H00766,A18,0
KE-006623,cattle,Boran,F,88,H00766,A18,0
KE-006624,cattle,Ayrshire cross,F,40,H00766,A18,0
KE-006625,cattle,Friesian cross,F,43,H00766,A18,1
KE-006626,cattle,Zebu,M,97,H00766,A18,0
KE-006627,cattle,Friesian cross,F,99,H00766,A18,0
KE-006628,cattle,Boran,F,71,H00766,A18,0
KE-006629,cattle,Boran,F,111,H00766,A18,0
KE-006630,cattle,Friesian cross,M,14,H00766,A18,0
KE-006631,cattle,Ayrshire cross,M,24,H00766,A18,0
KE-006632,cattle,Zebu,M,12,H00766,A18,0
KE-006633,cattle,Sahiwal,M,60,H00767,A18,1
KE-006634,cattle,Ayrshire cross,M,42,H00767,A18,1
KE-006635,cattle,Sahiwal,M,57,H00767,A18,0
KE-006636,cattle,Sahiwal,F,69,H00767,A18,0
KE-006637,cattle,Boran,F,104,H00767,A18,0
KE-006638,cattle,Sahiwal,F,27,H00767,A18,1
KE-006639,cattle,Sahiwal,M,75,H00768,A18,0
KE-006640,cattle,Sahiwal,F,54,H00768,A18,1
KE-006641,cattle,Ayrshire cross,F,28,H00768,A18,0
KE-006642,cattle,Sahiwal,M,20,H00768,A18,1
KE-006643,cattle,Ayrshire cross,M,67,H00768,A18,0
KE-006644,cattle,Boran,M,33,H00768,A18,1
KE-006645,cattle,Zebu,F,97,H00768,A18,0
KE-006646,cattle,Zebu,M,88,H00768,A18,0
KE-006647,cattle,Zebu,M,40,H00768,A18,1
KE-006648,cattle,Friesian cross,F,32,H00768,A18,1
KE-006649,cattle,Friesian cross,M,19,H00768,A18,1
KE-006650,cattle,Zebu,F,72,H00768,A18,0
KE-006651,cattle,Boran,F,38,H00768,A18,0
KE-006652,cattle,Boran,M,113,H00768,A18,0
KE-006653,cattle,Zebu,F,113,H00768,A18,0
KE-006654,cattle,Sahiwal,F,9,H00769,A18,1
KE-006655,cattle,Sahiwal,F,97,H00769,A18,1
KE-006656,cattle,Boran,M,72,H00769,A18,0
KE-006657,cattle,Ayrshire cross,F,89,H00769,A18,0
KE-006658,cattle,Zebu,F,12,H00769,A18,0
KE-006659,cattle,Ayrshire cross,M,31,H00769,A18,0
KE-006660,cattle,Zebu,F,30,H00769,A18,1
KE-006661,cattle,Boran,M,6,H00769,A18,0
KE-006662,cattle,Zebu,F,21,H00769,A18,0
KE-006663,cattle,Friesian cross,M,98,H00769,A18,1
KE-006664,cattle,Sahiwal,F,65,H00769,A18,0
KE-006665,cattle,Sahiwal,M,53,H00769,A18,1
KE-006666,cattle,Boran,F,94,H00770,A18,0
KE-006667,cattle,Boran,M,27,H00770,A18,1
KE-006668,cattle,Boran,M,81,H00770,A18,0
KE-006669,cattle,Boran,F,33,H00770,A18,1
KE-006670,cattle,Sahiwal,F,78,H00770,A18,1
KE-006671,cattle,Boran,F,38,H00771,A18,1
KE-006672,cattle,Ayrshire cross,F,87,H00771,A18,0
KE-006673,cattle,Ayrshire cross,F,92,H00771,A18,0
KE-006674,cattle,Boran,F,76,H00771,A18,1
KE-006675,cattle,Boran,F,81,H00771,A18,0
KE-006676,cattle,Friesian cross,F,19,H00771,A18,0
KE-006677,cattle,Friesian cross,F,23,H00771,A18,0
KE-006678,cattle,Ayrshire cross,F,35,H00771,A18,1
KE-006679,cattle,Ayrshire cross,M,112,H00771,A18,0
KE-006680,cattle,Zebu,M,101,H00771,A18,0
KE-006681,cattle,Friesian cross,M,80,H00771,A18,0
KE-006682,cattle,Sahiwal,F,36,H00772,A18,1
KE-006683,cattle,Zebu,M,64,H00772,A18,0
KE-006684,cattle,Sahiwal,M,94,H00772,A18,0
KE-006685,cattle,Ayrshire cross,F,89,H00772,A18,0
KE-006686,cattle,Sahiwal,F,52,H00772,A18,1
KE-006687,cattle,Friesian cross,F,38,H00772,A18,1
KE-006688,cattle,Ayrshire cross,F,110,H00772,A18,0
KE-006689,cattle,Boran,M,13,H00772,A18,0
KE-006690,cattle,Ayrshire cross,F,109,H00772,A18,0
KE-006691,cattle,Friesian cross,F,47,H00772,A18,0
KE-006692,cattle,Friesian cross,F,11,H00772,A18,0
KE-006693,cattle,Zebu,M,18,H00773,A18,1
KE-006694,cattle,Friesian cross,F,47,H00773,A18,0
KE-006695,cattle,Friesian cross,M,100,H00773,A18,1
KE-006696,cattle,Sahiwal,M,44,H00773,A18,1
KE-006697,cattle,Sahiwal,F,19,H00773,A18,0
KE-006698,cattle,Ayrshire cross,F,44,H00773,A18,0
KE-006699,cattle,Ayrshire cross,M,113,H00773,A18,0
KE-006700,cattle,Sahiwal,F,112,H00773,A18,0
KE-006701,cattle,Boran,F,58,H00773,A18,0
KE-006702,cattle,Boran,F,84,H00773,A18,0
KE-006703,cattle,Boran,F,99,H00773,A18,0
KE-006704,cattle,Ayrshire cross,F,14,H00773,A18,0
KE-006705,cattle,Zebu,M,104,H00773,A18,0
KE-006706,cattle,Zebu,M,58,H00773,A18,1
KE-006707,cattle,Sahiwal,F,69,H00773,A18,0
KE-006708,cattle,Zebu,F,52,H00773,A18,1
KE-006709,cattle,Friesian cross,F,31,H00773,A18,1
KE-006710,cattle,Zebu,F,108,H00773,A18,0
KE-006711,cattle,Boran,M,33,H00773,A18,0
KE-006712,cattle,Zebu,M,110,H00773,A18,0
KE-006713,cattle,Friesian cross,F,23,H00773,A18,1
KE-006714,cattle,Friesian cross,M,106,H00773,A18,1
KE-006715,cattle,Friesian cross,F,82,H00773,A18,0
KE-006716,cattle,Friesian cross,F,75,H00773,A18,0
KE-006717,cattle,Zebu,M,34,H00773,A18,0
KE-006718,cattle,Boran,F,38,H00773,A18,1
KE-006719,cattle,Friesian cross,M,74,H00773,A18,1
KE-006720,cattle,Ayrshire cross,F,21,H00773,A18,1
KE-006721,cattle,Ayrshire cross,F,37,H00773,A18,0
KE-006722,cattle,Boran,F,102,H00773,A18,0
KE-006723,cattle,Sahiwal,F,51,H00773,A18,0
KE-006724,cattle,Sahiwal,M,88,H00773,A18,1
KE-006725,cattle,Sahiwal,F,66,H00773,A18,1
KE-006726,cattle,Sahiwal,F,100,H00774,A19,0
KE-006727,cattle,Zebu,F,68,H00774,A19,0
KE-006728,cattle,Friesian cross,M,23,H00774,A19,0
KE-006729,cattle,Zebu,F,71,H00774,A19,0
KE-006730,cattle,Friesian cross,M,66,H00774,A19,0
KE-006731,cattle,Boran,M,51,H00774,A19,0
KE-006732,cattle,Zebu,F,85,H00774,A19,0
KE-006733,cattle,Zebu,M,55,H00774,A19,0
KE-006734,cattle,Boran,F,104,H00774,A19,0
KE-006735,cattle,Friesian cross,F,105,H00774,A19,1
KE-006736,cattle,Boran,F,18,H00774,A19,0
KE-006737,cattle,Boran,F,28,H00774,A19,0
KE-006738,cattle,Ayrshire cross,M,103,H00775,A19,0
KE-006739,cattle,Zebu,M,74,H00775,A19,0
KE-006740,cattle,Zebu,M,103,H00775,A19,0
KE-006741,cattle,Sahiwal,F,55,H00775,A19,1
KE-006742,cattle,Ayrshire cross,F,21,H00775,A19,0
KE-006743,cattle,Boran,M,10,H00775,A19,0
KE-006744,cattle,Zebu,F,102,H00775,A19,1
KE-006745,cattle,Ayrshire cross,M,39,H00775,A19,1
KE-006746,cattle,Friesian cross,F,85,H00775,A19,0
KE-006747,cattle,Zebu,F,6,H00775,A19,1
KE-006748,cattle,Zebu,F,103,H00775,A19,1
KE-006749,cattle,Zebu,M,7,H00775,A19,0
KE-006750,cattle,Friesian cross,F,79,H00775,A19,0
KE-006751,cattle,Ayrshire cross,M,22,H00776,A19,0
KE-006752,cattle,Ayrshire cross,F,10,H00776,A19,0
KE-006753,cattle,Friesian cross,F,16,H00776,A19,0
KE-006754,cattle,Zebu,M,23,H00776,A19,0
KE-006755,cattle,Ayrshire cross,F,78,H00776,A19,0
KE-006756,cattle,Friesian cross,M,62,H00776,A19,0
KE-006757,cattle,Friesian cross,M,79,H00776,A19,0
KE-006758,cattle,Friesian cross,F,31,H00776,A19,0
KE-006759,cattle,Sahiwal,M,88,H00776,A19,0
KE-006760,cattle,Friesian cross,M,6,H00776,A19,0
KE-006761,cattle,Boran,M,118,H00776,A19,0
KE-006762,cattle,Ayrshire cross,F,83,H00776,A19,1
KE-006763,cattle,Ayrshire cross,F,66,H00777,A19,1
KE-006764,cattle,Friesian cross,F,89,H00777,A19,0
KE-006765,cattle,Zebu,M,61,H00777,A19,0
KE-006766,cattle,Ayrshire cross,F,93,H00777,A19,0
KE-006767,cattle,Boran,M,52,H00777,A19,0
KE-006768,cattle,Ayrshire cross,F,32,H00777,A19,0
KE-006769,cattle,Sahiwal,F,36,H00777,A19,1
KE-006770,cattle,Ayrshire cross,F,118,H00777,A19,1
KE-006771,cattle,Friesian cross,F,93,H00777,A19,0
KE-006772,cattle,Friesian cross,F,72,H00777,A19,1
KE-006773,cattle,Sahiwal,M,93,H00778,A19,0
KE-006774,cattle,Friesian cross,M,7,H00778,A19,0
KE-006775,cattle,Boran,F,85,H00778,A19,0
KE-006776,cattle,Sahiwal,F,117,H00778,A19,0
KE-006777,cattle,Sahiwal,F,74,H00778,A19,1
KE-006778,cattle,Ayrshire cross,F,89,H00778,A19,1
KE-006779,cattle,Ayrshire cross,F,105,H00779,A19,0
KE-006780,cattle,Sahiwal,F,74,H00779,A19,0
KE-006781,cattle,Boran,F,9,H00779,A19,0
KE-006782,cattle,Sahiwal,F,113,H00779,A19,0
KE-006783,cattle,Friesian cross,F,92,H00779,A19,0
KE-006784,cattle,Sahiwal,F,20,H00779,A19,1
KE-006785,cattle,Zebu,F,54,H00779,A19,0
KE-006786,cattle,Boran,F,47,H00779,A19,0
KE-006787,cattle,Friesian cross,F,21,H00779,A19,0
KE-006788,cattle,Zebu,F,76,H00779,A19,0
KE-006789,cattle,Zebu,M,6,H00779,A19,1
KE-006790,cattle,Sahiwal,M,105,H00780,A19,0
KE-006791,cattle,Friesian cross,F,8,H00780,A19,0
KE-006792,cattle,Ayrshire cross,F,68,H00780,A19,0
KE-006793,cattle,Zebu,F,15,H00780,A19,1
KE-006794,cattle,Zebu,F,79,H00780,A19,1
KE-006795,cattle,Friesian cross,M,7,H00780,A19,0
KE-006796,cattle,Zebu,M,79,H00780,A19,0
KE-006797,cattle,Friesian cross,F,53,H00780,A19,1
KE-006798,cattle,Ayrshire cross,F,69,H00781,A19,0
KE-006799,cattle,Friesian cross,F,64,H00781,A19,0
KE-006800,cattle,Boran,F,16,H00781,A19,0
KE-006801,cattle,Boran,M,93,H00781,A19,0
KE-006802,cattle,Friesian cross,F,56,H00781,A19,0
KE-006803,cattle,Sahiwal,F,71,H00781,A19,1
KE-006804,cattle,Friesian cross,F,7,H00782,A19,1
KE-006805,cattle,Sahiwal,F,53,H00782,A19,0
KE-006806,cattle,Zebu,F,28,H00782,A19,0
KE-006807,cattle,Zebu,F,39,H00782,A19,0
KE-006808,cattle,Ayrshire cross,F,32,H00782,A19,0
KE-006809,cattle,Boran,M,50,H00782,A19,0
KE-006810,cattle,Boran,F,51,H00782,A19,0
KE-006811,cattle,Friesian cross,M,63,H00782,A19,0
KE-006812,cattle,Boran,F,36,H00782,A19,1
KE-006813,cattle,Ayrshire cross,F,97,H00782,A19,0
KE-006814,cattle,Friesian cross,M,67,H00782,A19,0
KE-006815,cattle,Zebu,F,13,H00782,A19,0
KE-006816,cattle,Ayrshire cross,M,97,H00782,A19,0
KE-006817,cattle,Sahiwal,F,98,H00782,A19,1
KE-006818,cattle,Sahiwal,F,105,H00782,A19,0
KE-006819,cattle,Ayrshire cross,F,50,H00782,A19,1
KE-006820,cattle,Sahiwal,F,52,H00783,A19,0
KE-006821,cattle,Ayrshire cross,F,37,H00783,A19,0
KE-006822,cattle,Friesian cross,F,55,H00783,A19,0
KE-006823,cattle,Friesian cross,F,83,H00783,A19,0
KE-006824,cattle,Sahiwal,F,21,H00783,A19,0
KE-006825,cattle,Sahiwal,M,58,H00783,A19,1
KE-006826,cattle,Boran,M,90,H00783,A19,0
KE-006827,cattle,Boran,F,81,H00783,A19,0
KE-006828,cattle,Sahiwal,F,62,H00783,A19,1
KE-006829,cattle,Zebu,M,27,H00783,A19,1
KE-006830,cattle,Boran,F,50,H00783,A19,0
KE-006831,cattle,Friesian cross,M,90,H00783,A19,0
KE-006832,cattle,Ayrshire cross,F,37,H00783,A19,1
KE-006833,cattle,Boran,M,76,H00783,A19,1
KE-006834,cattle,Sahiwal,M,50,H00783,A19,0
KE-006835,cattle,Friesian cross,F,80,H00784,A19,1
KE-006836,cattle,Ayrshire cross,F,61,H00784,A19,0
KE-006837,cattle,Zebu,F,25,H00784,A19,0
KE-006838,cattle,Sahiwal,F,66,H00784,A19,0
KE-006839,cattle,Friesian cross,M,33,H00785,A19,1
KE-006840,cattle,Zebu,F,103,H00785,A19,0
KE-006841,cattle,Sahiwal,F,116,H00785,A19,1
KE-006842,cattle,Boran,F,6,H00785,A19,1
KE-006843,cattle,Friesian cross,F,66,H00785,A19,0
KE-006844,cattle,Zebu,M,93,H00785,A19,0
KE-006845,cattle,Zebu,F,56,H00785,A19,0
KE-006846,cattle,Ayrshire cross,M,30,H00785,A19,0
KE-006847,cattle,Friesian cross,F,43,H00785,A19,1
KE-006848,cattle,Zebu,F,70,H00785,A19,0
KE-006849,cattle,Friesian cross,F,66,H00785,A19,0
KE-006850,cattle,Boran,M,109,H00786,A19,0
KE-006851,cattle,Sahiwal,M,46,H00786,A19,0
KE-006852,cattle,Zebu,F,117,H00786,A19,0
KE-006853,cattle,Ayrshire cross,F,39,H00786,A19,1
KE-006854,cattle,Sahiwal,F,7,H00786,A19,0
KE-006855,cattle,Boran,F,83,H00786,A19,1
KE-006856,cattle,Friesian cross,F,82,H00786,A19,1
KE-006857,cattle,Zebu,F,116,H00786,A19,1
KE-006858,cattle,Friesian cross,F,78,H00786,A19,0
KE-006859,cattle,Boran,F,88,H00786,A19,0
KE-006860,cattle,Ayrshire cross,F,107,H00786,A19,0
KE-006861,cattle,Friesian cross,F,33,H00786,A19,0
KE-006862,cattle,Sahiwal,F,89,H00786,A19,0
KE-006863,cattle,Boran,M,31,H00786,A19,0
KE-006864,cattle,Ayrshire cross,F,110,H00786,A19,1
KE-006865,cattle,Sahiwal,M,112,H00786,A19,1
KE-006866,cattle,Zebu,M,61,H00786,A19,0
KE-006867,cattle,Friesian cross,M,78,H00786,A19,0
KE-006868,cattle,Boran,F,64,H00786,A19,0
KE-006869,cattle,Friesian cross,F,89,H00786,A19,1
KE-006870,cattle,Boran,F,81,H00786,A19,0
KE-006871,cattle,Friesian cross,M,46,H00787,A19,0
KE-006872,cattle,Boran,F,14,H00787,A19,1
KE-006873,cattle,Boran,M,96,H00787,A19,1
KE-006874,cattle,Ayrshire cross,M,62,H00787,A19,1
KE-006875,cattle,Friesian cross,F,109,H00787,A19,1
KE-006876,cattle,Zebu,F,66,H00787,A19,0
KE-006877,cattle,Zebu,M,82,H00787,A19,0
KE-006878,cattle,Friesian cross,M,83,H00787,A19,0
KE-006879,cattle,Sahiwal,F,101,H00787,A19,0
KE-006880,cattle,Friesian cross,F,59,H00787,A19,1
KE-006881,cattle,Friesian cross,F,53,H00787,A19,1
KE-006882,cattle,Friesian cross,M,100,H00787,A19,1
KE-006883,cattle,Boran,M,113,H00787,A19,0
KE-006884,cattle,Zebu,F,9,H00787,A19,0
KE-006885,cattle,Zebu,F,87,H00787,A19,0
KE-006886,cattle,Zebu,M,93,H00787,A19,0
KE-006887,cattle,Boran,M,109,H00787,A19,1
KE-006888,cattle,Zebu,F,98,H00787,A19,1
KE-006889,cattle,Sahiwal,F,119,H00787,A19,0
KE-006890,cattle,Ayrshire cross,F,114,H00787,A19,1
KE-006891,cattle,Zebu,F,14,H00787,A19,1
KE-006892,cattle,Friesian cross,M,13,H00787,A19,1
KE-006893,cattle,Sahiwal,F,72,H00788,A19,0
KE-006894,cattle,Friesian cross,F,78,H00788,A19,1
KE-006895,cattle,Zebu,F,41,H00788,A19,1
KE-006896,cattle,Sahiwal,F,62,H00788,A19,1
KE-006897,cattle,Ayrshire cross,M,24,H00788,A19,0
KE-006898,cattle,Sahiwal,F,68,H00788,A19,0
KE-006899,cattle,Friesian cross,F,40,H00788,A19,0
KE-006900,cattle,Zebu,F,46,H00788,A19,0
KE-006901,cattle,Zebu,F,89,H00788,A19,0
KE-006902,cattle,Zebu,F,25,H00788,A19,1
KE-006903,cattle,Ayrshire cross,F,112,H00788,A19,0
KE-006904,cattle,Zebu,F,79,H00788,A19,0
KE-006905,cattle,Sahiwal,M,16,H00788,A19,0
KE-006906,cattle,Ayrshire cross,F,66,H00788,A19,0
KE-006907,cattle,Ayrshire cross,F,84,H00788,A19,0
KE-006908,cattle,Friesian cross,F,44,H00788,A19,1
KE-006909,cattle,Ayrshire cross,F,84,H00788,A19,1
KE-006910,cattle,Sahiwal,F,9,H00788,A19,0
KE-006911,cattle,Zebu,F,83,H00788,A19,0
KE-006912,cattle,Zebu,F,71,H00788,A19,0
KE-006913,cattle,Friesian cross,M,99,H00788,A19,0
KE-006914,cattle,Friesian cross,F,106,H00789,A19,0
KE-006915,cattle,Ayrshire cross,F,88,H00789,A19,0
KE-006916,cattle,Zebu,F,110,H00789,A19,1
KE-006917,cattle,Zebu,F,52,H00789,A19,0
KE-006918,cattle,Sahiwal,F,68,H00789,A19,0
KE-006919,cattle,Sahiwal,F,8,H00789,A19,1
KE-006920,cattle,Zebu,F,52,H00789,A19,1
KE-006921,cattle,Zebu,F,110,H00789,A19,1
KE-006922,cattle,Ayrshire cross,F,50,H00789,A19,1
KE-006923,cattle,Zebu,M,110,H00789,A19,0
KE-006924,cattle,Ayrshire cross,M,76,H00789,A19,0
KE-006925,cattle,Boran,F,12,H00789,A19,0
KE-006926,cattle,Boran,F,44,H00790,A19,1
KE-006927,cattle,Sahiwal,F,96,H00790,A19,0
KE-006928,cattle,Boran,F,50,H00790,A19,0
KE-006929,cattle,Sahiwal,M,56,H00790,A19,0
KE-006930,cattle,Sahiwal,F,9,H00790,A19,1
KE-006931,cattle,Sahiwal,M,17,H00790,A19,0
KE-006932,cattle,Zebu,M,47,H00790,A19,0
KE-006933,cattle,Friesian cross,F,31,H00791,A19,0
KE-006934,cattle,Sahiwal,F,88,H00791,A19,0
KE-006935,cattle,Sahiwal,F,24,H00791,A19,0
KE-006936,cattle,Boran,M,37,H00791,A19,0
KE-006937,cattle,Zebu,F,86,H00791,A19,0
KE-006938,cattle,Sahiwal,F,39,H00791,A19,0
KE-006939,cattle,Ayrshire cross,F,79,H00792,A19,0
KE-006940,cattle,Boran,F,98,H00792,A19,1
KE-006941,cattle,Boran,F,68,H00792,A19,0
KE-006942,cattle,Boran,F,78,H00792,A19,0
KE-006943,cattle,Friesian cross,F,31,H00792,A19,1
KE-006944,cattle,Friesian cross,M,100,H00792,A19,0
KE-006945,cattle,Zebu,F,28,H00792,A19,0
KE-006946,cattle,Sahiwal,F,48,H00792,A19,0
KE-006947,cattle,Sahiwal,M,93,H00792,A19,0
KE-006948,cattle,Zebu,F,72,H00792,A19,0
KE-006949,cattle,Sahiwal,M,20,H00792,A19,0
KE-006950,cattle,Boran,M,72,H00792,A19,0
KE-006951,cattle,Zebu,F,28,H00792,A19,0
KE-006952,cattle,Boran,F,35,H00792,A19,0
KE-006953,cattle,Ayrshire cross,M,94,H00793,A19,0
KE-006954,cattle,Ayrshire cross,F,51,H00793,A19,0
KE-006955,cattle,Zebu,M,102,H00793,A19,0
KE-006956,cattle,Zebu,F,29,H00793,A19,0
KE-006957,cattle,Friesian cross,F,45,H00793,A19,1
KE-006958,cattle,Ayrshire cross,M,49,H00793,A19,0
KE-006959,cattle,Sahiwal,F,92,H00793,A19,0
KE-006960,cattle,Sahiwal,F,52,H00793,A19,0
KE-006961,cattle,Sahiwal,M,20,H00793,A19,0
KE-006962,cattle,Friesian cross,F,38,H00793,A19,0
KE-006963,cattle,Ayrshire cross,F,23,H00793,A19,0
KE-006964,cattle,Zebu,F,94,H00793,A19,0
KE-006965,cattle,Sahiwal,F,8,H00793,A19,1
KE-006966,cattle,Ayrshire cross,F,12,H00793,A19,0
KE-006967,cattle,Boran,F,85,H00794,A19,1
KE-006968,cattle,Sahiwal,M,113,H00794,A19,1
KE-006969,cattle,Boran,F,47,H00794,A19,0
KE-006970,cattle,Boran,F,46,H00794,A19,0
KE-006971,cattle,Boran,F,87,H00794,A19,1
KE-006972,cattle,Ayrshire cross,F,53,H00794,A19,1
KE-006973,cattle,Sahiwal,M,97,H00794,A19,0
KE-006974,cattle,Sahiwal,F,84,H00794,A19,0
KE-006975,cattle,Boran,F,88,H00794,A19,1
KE-006976,cattle,Friesian cross,M,20,H00794,A19,0
KE-006977,cattle,Zebu,F,57,H00794,A19,0
KE-006978,cattle,Zebu,F,19,H00794,A19,0
KE-006979,cattle,Friesian cross,F,80,H00794,A19,1
KE-006980,cattle,Friesian cross,F,113,H00794,A19,0
KE-006981,cattle,Sahiwal,M,94,H00794,A19,1
KE-006982,cattle,Sahiwal,F,60,H00794,A19,1
KE-006983,cattle,Sahiwal,F,36,H00794,A19,0
KE-006984,cattle,Boran,F,78,H00794,A19,1
KE-006985,cattle,Boran,M,47,H00794,A19,1
KE-006986,cattle,Friesian cross,F,91,H00794,A19,0
KE-006987,cattle,Zebu,F,92,H00794,A19,0
KE-006988,cattle,Boran,F,110,H00794,A19,1
KE-006989,cattle,Zebu,M,111,H00794,A19,0
KE-006990,cattle,Boran,F,32,H00794,A19,0
KE-006991,cattle,Friesian cross,F,85,H00794,A19,1
KE-006992,cattle,Friesian cross,F,95,H00795,A19,0
KE-006993,cattle,Ayrshire cross,F,52,H00795,A19,1
KE-006994,cattle,Ayrshire cross,F,60,H00795,A19,1
KE-006995,cattle,Friesian cross,F,41,H00795,A19,0
KE-006996,cattle,Ayrshire cross,F,32,H00795,A19,0
KE-006997,cattle,Boran,F,23,H00795,A19,0
KE-006998,cattle,Boran,F,72,H00795,A19,0
KE-006999,cattle,Boran,M,113,H00795,A19,0
KE-007000,cattle,Boran,F,75,H00795,A19,1
KE-007001,cattle,Boran,M,55,H00795,A19,1
KE-007002,cattle,Zebu,M,107,H00795,A19,1
KE-007003,cattle,Sahiwal,M,19,H00795,A19,1
KE-007004,cattle,Sahiwal,F,93,H00795,A19,1
KE-007005,cattle,Friesian cross,F,35,H00795,A19,0
KE-007006,cattle,Friesian cross,F,25,H00795,A19,0
KE-007007,cattle,Ayrshire cross,F,114,H00795,A19,0
KE-007008,cattle,Zebu,M,9,H00795,A19,0
KE-007009,cattle,Ayrshire cross,F,108,H00795,A19,0
KE-007010,cattle,Ayrshire cross,M,50,H00795,A19,0
KE-007011,cattle,Boran,M,36,H00795,A19,0
KE-007012,cattle,Boran,F,104,H00795,A19,0
KE-007013,cattle,Sahiwal,M,41,H00795,A19,1
KE-007014,cattle,Ayrshire cross,F,76,H00796,A19,0
KE-007015,cattle,Zebu,M,47,H00796,A19,0
KE-007016,cattle,Friesian cross,M,47,H00796,A19,0
KE-007017,cattle,Boran,F,54,H00796,A19,1
KE-007018,cattle,Ayrshire cross,F,13,H00796,A19,0
KE-007019,cattle,Ayrshire cross,M,56,H00796,A19,1
KE-007020,cattle,Friesian cross,M,102,H00796,A19,0
KE-007021,cattle,Ayrshire cross,F,65,H00796,A19,0
KE-007022,cattle,Boran,M,90,H00796,A19,1
KE-007023,cattle,Boran,F,69,H00796,A19,0
KE-007024,cattle,Sahiwal,F,91,H00796,A19,1
KE-007025,cattle,Boran,F,10,H00797,A19,1
KE-007026,cattle,Sahiwal,F,14,H00797,A19,0
KE-007027,cattle,Ayrshire cross,F,96,H00797,A19,1
KE-007028,cattle,Zebu,F,92,H00797,A19,1
KE-007029,cattle,Boran,M,59,H00797,A19,0
KE-007030,cattle,Sahiwal,F,115,H00797,A19,1
KE-007031,cattle,Sahiwal,M,23,H00798,A19,0
KE-007032,cattle,Zebu,M,72,H00798,A19,0
KE-007033,cattle,Ayrshire cross,M,19,H00798,A19,1
KE-007034,cattle,Ayrshire cross,M,72,H00798,A19,0
KE-007035,cattle,Ayrshire cross,F,41,H00798,A19,1
KE-007036,cattle,Boran,F,41,H00798,A19,1
KE-007037,cattle,Boran,F,10,H00798,A19,0
KE-007038,cattle,Friesian cross,M,50,H00798,A19,1
KE-007039,cattle,Zebu,M,23,H00798,A19,1
KE-007040,cattle,Ayrshire cross,M,110,H00798,A19,0
KE-007041,cattle,Zebu,F,37,H00799,A19,0
KE-007042,cattle,Boran,M,12,H00799,A19,0
KE-007043,cattle,Friesian cross,F,86,H00799,A19,0
KE-007044,cattle,Zebu,F,88,H00799,A19,0
KE-007045,cattle,Sahiwal,M,21,H00799,A19,1
KE-007046,cattle,Friesian cross,M,33,H00799,A19,1
KE-007047,cattle,Boran,F,27,H00799,A19,0
KE-007048,cattle,Zebu,F,10,H00799,A19,0
KE-007049,cattle,Sahiwal,F,64,H00799,A19,1
KE-007050,cattle,Ayrshire cross,M,115,H00799,A19,0
KE-007051,cattle,Friesian cross,M,89,H00799,A19,0
KE-007052,cattle,Friesian cross,M,57,H00799,A19,1
KE-007053,cattle,Boran,F,18,H00799,A19,0
KE-007054,cattle,Sahiwal,F,55,H00800,A19,0
KE-007055,cattle,Boran,F,105,H00800,A19,1
KE-007056,cattle,Ayrshire cross,F,86,H00800,A19,0
KE-007057,cattle,Sahiwal,F,41,H00800,A19,0
KE-007058,cattle,Friesian cross,M,11,H00800,A19,1
KE-007059,cattle,Friesian cross,M,54,H00800,A19,0
KE-007060,cattle,Friesian cross,M,22,H00800,A19,1
KE-007061,cattle,Sahiwal,F,37,H00800,A19,0
KE-007062,cattle,Boran,F,76,H00800,A19,0
KE-007063,cattle,Friesian cross,M,45,H00800,A19,1
KE-007064,cattle,Friesian cross,F,113,H00801,A19,0
KE-007065,cattle,Friesian cross,F,88,H00801,A19,0
KE-007066,cattle,Zebu,M,109,H00801,A19,0
KE-007067,cattle,Ayrshire cross,F,87,H00801,A19,0
KE-007068,cattle,Boran,F,25,H00801,A19,0
KE-007069,cattle,Ayrshire cross,M,30,H00801,A19,1
KE-007070,cattle,Friesian cross,M,6,H00801,A19,0
KE-007071,cattle,Friesian cross,F,114,H00801,A19,1
KE-007072,cattle,Zebu,F,8,H00802,A19,1
KE-007073,cattle,Ayrshire cross,F,94,H00802,A19,0
KE-007074,cattle,Zebu,M,67,H00802,A19,1
KE-007075,cattle,Boran,F,16,H00802,A19,0
KE-007076,cattle,Friesian cross,F,71,H00802,A19,1
KE-007077,cattle,Zebu,F,117,H00802,A19,1
KE-007078,cattle,Friesian cross,F,46,H00802,A19,0
KE-007079,cattle,Friesian cross,F,77,H00802,A19,0
KE-007080,cattle,Boran,F,23,H00802,A19,0
KE-007081,cattle,Zebu,F,30,H00802,A19,0
KE-007082,cattle,Ayrshire cross,F,87,H00802,A19,0
KE-007083,cattle,Boran,M,42,H00802,A19,1
KE-007084,cattle,Ayrshire cross,F,88,H00802,A19,0
KE-007085,cattle,Ayrshire cross,M,58,H00803,A19,0
KE-007086,cattle,Sahiwal,F,72,H00803,A19,1
KE-007087,cattle,Friesian cross,M,119,H00803,A19,1
KE-007088,cattle,Ayrshire cross,F,29,H00803,A19,1
KE-007089,cattle,Sahiwal,M,39,H00803,A19,1
KE-007090,cattle,Boran,M,106,H00803,A19,1
KE-007091,cattle,Friesian cross,F,58,H00803,A19,1
KE-007092,cattle,Boran,F,89,H00803,A19,1
KE-007093,cattle,Sahiwal,F,108,H00803,A19,1
KE-007094,cattle,Sahiwal,F,117,H00804,A19,1
KE-007095,cattle,Sahiwal,F,33,H00804,A19,0
KE-007096,cattle,Friesian cross,F,84,H00804,A19,0
KE-007097,cattle,Boran,F,6,H00804,A19,0
KE-007098,cattle,Zebu,M,94,H00804,A19,1
KE-007099,cattle,Sahiwal,M,61,H00804,A19,0
KE-007100,cattle,Zebu,F,87,H00804,A19,1
KE-007101,cattle,Ayrshire cross,F,19,H00804,A19,0
KE-007102,cattle,Sahiwal,F,8,H00805,A19,0
KE-007103,cattle,Zebu,F,73,H00805,A19,1
KE-007104,cattle,Zebu,M,65,H00805,A19,0
KE-007105,cattle,Sahiwal,F,105,H00805,A19,0
KE-007106,cattle,Friesian cross,M,60,H00805,A19,0
KE-007107,cattle,Friesian cross,M,56,H00805,A19,0
KE-007108,cattle,Friesian cross,F,96,H00805,A19,1
KE-007109,cattle,Ayrshire cross,M,106,H00805,A19,0
KE-007110,cattle,Boran,M,39,H00805,A19,0
KE-007111,cattle,Sahiwal,M,103,H00805,A19,1
KE-007112,cattle,Friesian cross,F,83,H00805,A19,1
KE-007113,cattle,Sahiwal,M,29,H00805,A19,1
KE-007114,cattle,Friesian cross,F,54,H00805,A19,0
KE-007115,cattle,Ayrshire cross,F,82,H00805,A19,1
KE-007116,cattle,Sahiwal,F,42,H00806,A19,0
KE-007117,cattle,Ayrshire cross,F,48,H00806,A19,0
KE-007118,cattle,Zebu,F,8,H00806,A19,0
KE-007119,cattle,Friesian cross,F,13,H00806,A19,0
KE-007120,cattle,Friesian cross,M,102,H00806,A19,0
KE-007121,cattle,Friesian cross,M,11,H00806,A19,0
KE-007122,cattle,Sahiwal,F,17,H00806,A19,0
KE-007123,cattle,Boran,F,7,H00806,A19,1
KE-007124,cattle,Sahiwal,F,58,H00806,A19,0
KE-007125,cattle,Friesian cross,F,28,H00807,A19,1
KE-007126,cattle,Boran,F,51,H00807,A19,0
KE-007127,cattle,Zebu,F,9,H00807,A19,0
KE-007128,cattle,Friesian cross,F,29,H00807,A19,0
KE-007129,cattle,Boran,F,102,H00807,A19,0
KE-007130,cattle,Zebu,F,80,H00807,A19,1
KE-007131,cattle,Sahiwal,F,74,H00807,A19,0
KE-007132,cattle,Zebu,M,38,H00807,A19,0
KE-007133,cattle,Sahiwal,F,111,H00807,A19,0
KE-007134,cattle,Ayrshire cross,M,102,H00807,A19,0
KE-007135,cattle,Friesian cross,M,36,H00807,A19,0
KE-007136,cattle,Boran,F,90,H00807,A19,1
KE-007137,cattle,Sahiwal,F,37,H00807,A19,0
KE-007138,cattle,Sahiwal,F,107,H00808,A19,1
KE-007139,cattle,Friesian cross,F,43,H00808,A19,0
KE-007140,cattle,Sahiwal,M,87,H00808,A19,1
KE-007141,cattle,Boran,M,36,H00808,A19,1
KE-007142,cattle,Sahiwal,F,86,H00808,A19,0
KE-007143,cattle,Ayrshire cross,M,9,H00808,A19,0
KE-007144,cattle,Ayrshire cross,F,8,H00808,A19,0
KE-007145,cattle,Zebu,M,34,H00808,A19,1
KE-007146,cattle,Boran,F,36,H00808,A19,0
KE-007147,cattle,Friesian cross,F,104,H00808,A19,0
KE-007148,cattle,Zebu,M,13,H00808,A19,0
KE-007149,cattle,Friesian cross,F,60,H00808,A19,0
KE-007150,cattle,Friesian cross,M,91,H00808,A19,0
KE-007151,cattle,Ayrshire cross,F,9,H00808,A19,0
KE-007152,cattle,Boran,F,86,H00809,A19,1
KE-007153,cattle,Friesian cross,F,31,H00809,A19,0
KE-007154,cattle,Boran,F,116,H00809,A19,0
KE-007155,cattle,Friesian cross,F,84,H00809,A19,1
KE-007156,cattle,Zebu,M,29,H00809,A19,1
KE-007157,cattle,Friesian cross,F,67,H00809,A19,0
KE-007158,cattle,Friesian cross,M,31,H00810,A20,1
KE-007159,cattle,Sahiwal,F,111,H00810,A20,0
KE-007160,cattle,Sahiwal,F,89,H00810,A20,1
KE-007161,cattle,Ayrshire cross,F,86,H00810,A20,0
KE-007162,cattle,Zebu,M,90,H00810,A20,0
KE-007163,cattle,Ayrshire cross,F,42,H00810,A20,0
KE-007164,cattle,Ayrshire cross,F,40,H00810,A20,0
KE-007165,cattle,Friesian cross,F,29,H00810,A20,0
KE-007166,cattle,Ayrshire cross,M,86,H00810,A20,0
KE-007167,cattle,Sahiwal,M,76,H00811,A20,1
KE-007168,cattle,Zebu,F,13,H00811,A20,0
KE-007169,cattle,Ayrshire cross,F,38,H00811,A20,0
KE-007170,cattle,Boran,F,115,H00811,A20,0
KE-007171,cattle,Friesian cross,F,115,H00811,A20,0
KE-007172,cattle,Ayrshire cross,F,13,H00811,A20,1
KE-007173,cattle,Ayrshire cross,F,43,H00811,A20,0
KE-007174,cattle,Boran,F,58,H00811,A20,0
KE-007175,cattle,Friesian cross,F,113,H00811,A20,1
KE-007176,cattle,Boran,M,18,H00811,A20,0
KE-007177,cattle,Zebu,F,60,H00811,A20,0
KE-007178,cattle,Zebu,F,82,H00811,A20,1
KE-007179,cattle,Sahiwal,M,42,H00811,A20,0
KE-007180,cattle,Boran,M,27,H00811,A20,0
KE-007181,cattle,Ayrshire cross,M,81,H00811,A20,0
KE-007182,cattle,Zebu,F,13,H00811,A20,0
KE-007183,cattle,Sahiwal,F,69,H00811,A20,0
KE-007184,cattle,Sahiwal,F,36,H00811,A20,0
KE-007185,cattle,Boran,F,51,H00811,A20,0
KE-007186,cattle,Sahiwal,F,110,H00811,A20,1
KE-007187,cattle,Ayrshire cross,F,46,H00811,A20,1
KE-007188,cattle,Sahiwal,F,7,H00811,A20,0
KE-007189,cattle,Sahiwal,F,28,H00811,A20,0
KE-007190,cattle,Boran,F,9,H00811,A20,0
KE-007191,cattle,Boran,M,74,H00811,A20,0
KE-007192,cattle,Zebu,F,116,H00811,A20,1
KE-007193,cattle,Zebu,F,99,H00811,A20,0
KE-007194,cattle,Sahiwal,F,6,H00812,A20,0
KE-007195,cattle,Ayrshire cross,F,68,H00812,A20,1
KE-007196,cattle,Sahiwal,M,39,H00812,A20,1
KE-007197,cattle,Zebu,F,73,H00812,A20,1
KE-007198,cattle,Zebu,M,44,H00812,A20,0
KE-007199,cattle,Zebu,M,15,H00812,A20,1
KE-007200,cattle,Zebu,F,96,H00813,A20,0
KE-007201,cattle,Zebu,F,64,H00813,A20,0
KE-007202,cattle,Friesian cross,F,35,H00813,A20,0
KE-007203,cattle,Zebu,F,73,H00813,A20,1
KE-007204,cattle,Boran,M,11,H00814,A20,0
KE-007205,cattle,Boran,F,77,H00814,A20,0
KE-007206,cattle,Ayrshire cross,F,11,H00814,A20,0
KE-007207,cattle,Ayrshire cross,F,33,H00814,A20,0
KE-007208,cattle,Boran,F,58,H00815,A20,0
KE-007209,cattle,Boran,F,74,H00815,A20,0
KE-007210,cattle,Zebu,F,61,H00815,A20,0
KE-007211,cattle,Zebu,F,18,H00815,A20,1
KE-007212,cattle,Ayrshire cross,F,10,H00815,A20,1
KE-007213,cattle,Ayrshire cross,F,6,H00815,A20,1
KE-007214,cattle,Zebu,F,55,H00815,A20,0
KE-007215,cattle,Friesian cross,F,59,H00815,A20,0
KE-007216,cattle,Friesian cross,F,119,H00815,A20,0
KE-007217,cattle,Boran,F,103,H00815,A20,0
KE-007218,cattle,Friesian cross,M,87,H00815,A20,1
KE-007219,cattle,Sahiwal,F,37,H00815,A20,0
KE-007220,cattle,Friesian cross,M,92,H00816,A20,1
KE-007221,cattle,Friesian cross,M,54,H00816,A20,0
KE-007222,cattle,Friesian cross,F,99,H00816,A20,0
KE-007223,cattle,Friesian cross,F,46,H00816,A20,1
KE-007224,cattle,Ayrshire cross,M,55,H00816,A20,0
KE-007225,cattle,Boran,F,75,H00816,A20,0
KE-007226,cattle,Friesian cross,F,23,H00816,A20,1
KE-007227,cattle,Zebu,F,59,H00816,A20,0
KE-007228,cattle,Zebu,M,64,H00816,A20,0
KE-007229,cattle,Friesian cross,F,39,H00816,A20,1
KE-007230,cattle,Friesian cross,F,28,H00816,A20,0
KE-007231,cattle,Ayrshire cross,F,111,H00816,A20,0
KE-007232,cattle,Zebu,F,101,H00817,A20,0
KE-007233,cattle,Zebu,M,118,H00817,A20,0
KE-007234,cattle,Sahiwal,F,48,H00817,A20,0
KE-007235,cattle,Sahiwal,F,37,H00817,A20,1
KE-007236,cattle,Sahiwal,F,62,H00817,A20,0
KE-007237,cattle,Zebu,F,63,H00817,A20,0
KE-007238,cattle,Zebu,M,72,H00817,A20,0
KE-007239,cattle,Friesian cross,F,101,H00817,A20,0
KE-007240,cattle,Boran,F,66,H00817,A20,0
KE-007241,cattle,Boran,F,51,H00817,A20,0
KE-007242,cattle,Sahiwal,M,41,H00817,A20,0
KE-007243,cattle,Zebu,M,72,H00818,A20,1
KE-007244,cattle,Ayrshire cross,F,33,H00818,A20,1
KE-007245,cattle,Zebu,M,29,H00818,A20,1
KE-007246,cattle,Boran,F,75,H00818,A20,1
KE-007247,cattle,Sahiwal,M,50,H00818,A20,0
KE-007248,cattle,Friesian cross,F,41,H00818,A20,0
KE-007249,cattle,Sahiwal,F,76,H00818,A20,1
KE-007250,cattle,Zebu,F,62,H00818,A20,0
KE-007251,cattle,Sahiwal,M,73,H00818,A20,0
KE-007252,cattle,Zebu,F,70,H00818,A20,1
KE-007253,cattle,Sahiwal,F,112,H00818,A20,0
KE-007254,cattle,Boran,M,69,H00818,A20,1
KE-007255,cattle,Sahiwal,F,106,H00818,A20,1
KE-007256,cattle,Zebu,F,104,H00818,A20,0
KE-007257,cattle,Sahiwal,M,58,H00818,A20,0
KE-007258,cattle,Ayrshire cross,M,44,H00818,A20,1
KE-007259,cattle,Boran,M,76,H00818,A20,0
KE-007260,cattle,Boran,M,80,H00818,A20,0
KE-007261,cattle,Friesian cross,F,111,H00818,A20,0
KE-007262,cattle,Friesian cross,F,95,H00818,A20,0
KE-007263,cattle,Boran,F,94,H00818,A20,1
KE-007264,cattle,Sahiwal,F,25,H00818,A20,1
KE-007265,cattle,Friesian cross,M,21,H00818,A20,1
KE-007266,cattle,Ayrshire cross,M,97,H00818,A20,1
KE-007267,cattle,Ayrshire cross,F,116,H00819,A20,0
KE-007268,cattle,Boran,M,118,H00819,A20,1
KE-007269,cattle,Ayrshire cross,F,35,H00819,A20,0
KE-007270,cattle,Friesian cross,F,33,H00820,A20,1
KE-007271,cattle,Boran,F,47,H00820,A20,1
KE-007272,cattle,Sahiwal,F,74,H00820,A20,0
KE-007273,cattle,Boran,F,63,H00820,A20,0
KE-007274,cattle,Zebu,F,63,H00820,A20,1
KE-007275,cattle,Boran,M,9,H00820,A20,0
KE-007276,cattle,Ayrshire cross,F,33,H00820,A20,0
KE-007277,cattle,Zebu,F,84,H00820,A20,0
KE-007278,cattle,Ayrshire cross,M,13,H00820,A20,1
KE-007279,cattle,Zebu,F,42,H00820,A20,1
KE-007280,cattle,Zebu,F,119,H00820,A20,1
KE-007281,cattle,Boran,F,117,H00820,A20,1
KE-007282,cattle,Boran,F,8,H00820,A20,0
KE-007283,cattle,Zebu,M,7,H00820,A20,1
KE-007284,cattle,Zebu,M,30,H00820,A20,0
KE-007285,cattle,Boran,F,69,H00821,A20,1
KE-007286,cattle,Ayrshire cross,F,90,H00821,A20,0
KE-007287,cattle,Ayrshire cross,M,30,H00821,A20,1
KE-007288,cattle,Sahiwal,M,79,H00821,A20,1
KE-007289,cattle,Ayrshire cross,F,61,H00821,A20,0
KE-007290,cattle,Ayrshire cross,F,108,H00821,A20,1
KE-007291,cattle,Friesian cross,F,45,H00821,A20,1
KE-007292,cattle,Boran,F,93,H00821,A20,1
KE-007293,cattle,Friesian cross,M,32,H00821,A20,0
KE-007294,cattle,Friesian cross,F,65,H00821,A20,0
KE-007295,cattle,Friesian cross,F,107,H00821,A20,0
KE-007296,cattle,Boran,F,110,H00821,A20,1
KE-007297,cattle,Zebu,F,68,H00821,A20,0
KE-007298,cattle,Zebu,F,67,H00821,A20,0
KE-007299,cattle,Ayrshire cross,F,82,H00821,A20,1
KE-007300,cattle,Ayrshire cross,M,7,H00821,A20,1
KE-007301,cattle,Boran,M,14,H00821,A20,1
KE-007302,cattle,Ayrshire cross,F,84,H00821,A20,0
KE-007303,cattle,Boran,F,26,H00821,A20,1
KE-007304,cattle,Ayrshire cross,M,112,H00821,A20,1
KE-007305,cattle,Friesian cross,F,29,H00821,A20,1
KE-007306,cattle,Zebu,M,29,H00821,A20,1
KE-007307,cattle,Zebu,F,106,H00821,A20,0
KE-007308,cattle,Ayrshire cross,F,54,H00821,A20,0
KE-007309,cattle,Ayrshire cross,M,35,H00821,A20,0
KE-007310,cattle,Sahiwal,M,117,H00821,A20,1
KE-007311,cattle,Sahiwal,M,52,H00821,A20,1
KE-007312,cattle,Zebu,F,68,H00821,A20,0
KE-007313,cattle,Sahiwal,F,45,H00821,A20,0
KE-007314,cattle,Zebu,F,102,H00822,A20,1
KE-007315,cattle,Zebu,F,89,H00822,A20,0
KE-007316,cattle,Zebu,F,94,H00822,A20,1
KE-007317,cattle,Friesian cross,F,13,H00822,A20,0
KE-007318,cattle,Ayrshire cross,M,23,H00822,A20,0
KE-007319,cattle,Sahiwal,F,29,H00822,A20,0
KE-007320,cattle,Zebu,F,49,H00823,A20,1
KE-007321,cattle,Sahiwal,F,30,H00823,A20,1
KE-007322,cattle,Boran,M,80,H00823,A20,0
KE-007323,cattle,Ayrshire cross,F,118,H00823,A20,1
KE-007324,cattle,Ayrshire cross,F,105,H00823,A20,1
KE-007325,cattle,Boran,M,114,H00823,A20,0
KE-007326,cattle,Ayrshire cross,M,21,H00823,A20,1
KE-007327,cattle,Sahiwal,M,45,H00823,A20,0
KE-007328,cattle,Friesian cross,M,82,H00823,A20,0
KE-007329,cattle,Ayrshire cross,F,7,H00824,A20,0
KE-007330,cattle,Boran,F,70,H00824,A20,1
KE-007331,cattle,Sahiwal,M,8,H00824,A20,0
KE-007332,cattle,Boran,F,95,H00824,A20,1
KE-007333,cattle,Sahiwal,M,69,H00824,A20,1
KE-007334,cattle,Boran,F,43,H00824,A20,1
KE-007335,cattle,Friesian cross,F,49,H00824,A20,1
KE-007336,cattle,Ayrshire cross,F,78,H00824,A20,0
KE-007337,cattle,Sahiwal,M,97,H00825,A20,0
KE-007338,cattle,Boran,F,70,H00825,A20,0
KE-007339,cattle,Ayrshire cross,M,15,H00825,A20,1
KE-007340,cattle,Boran,F,53,H00825,A20,0
KE-007341,cattle,Friesian cross,F,45,H00825,A20,0
KE-007342,cattle,Boran,M,111,H00825,A20,1
KE-007343,cattle,Sahiwal,F,102,H00825,A20,1
KE-007344,cattle,Zebu,F,18,H00826,A20,0
KE-007345,cattle,Boran,M,66,H00826,A20,0
KE-007346,cattle,Boran,F,32,H00826,A20,0
KE-007347,cattle,Ayrshire cross,F,63,H00826,A20,0
KE-007348,cattle,Sahiwal,F,68,H00826,A20,0
KE-007349,cattle,Sahiwal,F,29,H00826,A20,0
KE-007350,cattle,Sahiwal,F,102,H00826,A20,0
KE-007351,cattle,Sahiwal,F,117,H00826,A20,0
KE-007352,cattle,Friesian cross,F,73,H00826,A20,0
KE-007353,cattle,Ayrshire cross,F,116,H00826,A20,1
KE-007354,cattle,Friesian cross,F,54,H00827,A20,0
KE-007355,cattle,Ayrshire cross,M,114,H00827,A20,0
KE-007356,cattle,Friesian cross,F,34,H00827,A20,1
KE-007357,cattle,Sahiwal,F,95,H00827,A20,1
KE-007358,cattle,Sahiwal,F,52,H00827,A20,0
KE-007359,cattle,Boran,F,107,H00827,A20,0
KE-007360,cattle,Sahiwal,F,16,H00827,A20,1
KE-007361,cattle,Ayrshire cross,F,72,H00827,A20,0
KE-007362,cattle,Sahiwal,F,99,H00827,A20,0
KE-007363,cattle,Zebu,F,82,H00827,A20,1
KE-007364,cattle,Sahiwal,F,9,H00827,A20,1
KE-007365,cattle,Zebu,M,33,H00827,A20,0
KE-007366,cattle,Sahiwal,M,71,H00827,A20,0
KE-007367,cattle,Boran,F,52,H00827,A20,0
KE-007368,cattle,Sahiwal,M,110,H00827,A20,1
KE-007369,cattle,Ayrshire cross,F,87,H00827,A20,1
KE-007370,cattle,Friesian cross,M,68,H00827,A20,1
KE-007371,cattle,Ayrshire cross,M,41,H00827,A20,1
KE-007372,cattle,Boran,F,102,H00827,A20,0
KE-007373,cattle,Friesian cross,M,15,H00827,A20,0
KE-007374,cattle,Sahiwal,M,27,H00827,A20,0
KE-007375,cattle,Boran,F,19,H00827,A20,0
KE-007376,cattle,Ayrshire cross,M,63,H00827,A20,1
KE-007377,cattle,Sahiwal,M,110,H00827,A20,1
KE-007378,cattle,Friesian cross,F,55,H00827,A20,0
KE-007379,cattle,Sahiwal,F,24,H00827,A20,0
KE-007380,cattle,Boran,F,52,H00827,A20,0
KE-007381,cattle,Zebu,F,116,H00828,A20,0
KE-007382,cattle,Ayrshire cross,M,70,H00828,A20,1
KE-007383,cattle,Ayrshire cross,M,79,H00828,A20,0
KE-007384,cattle,Zebu,F,7,H00828,A20,1
KE-007385,cattle,Ayrshire cross,M,23,H00828,A20,0
KE-007386,cattle,Zebu,F,78,H00828,A20,1
KE-007387,cattle,Zebu,F,49,H00828,A20,0
KE-007388,cattle,Ayrshire cross,F,28,H00828,A20,0
KE-007389,cattle,Friesian cross,F,20,H00828,A20,0
KE-007390,cattle,Friesian cross,F,15,H00828,A20,0
KE-007391,cattle,Zebu,F,82,H00828,A20,0
KE-007392,cattle,Ayrshire cross,F,81,H00828,A20,1
KE-007393,cattle,Zebu,F,38,H00828,A20,1
KE-007394,cattle,Ayrshire cross,F,118,H00828,A20,0
KE-007395,cattle,Sahiwal,F,35,H00828,A20,0
KE-007396,cattle,Boran,M,88,H00828,A20,1
KE-007397,cattle,Boran,M,21,H00828,A20,1
KE-007398,cattle,Zebu,F,13,H00828,A20,1
KE-007399,cattle,Zebu,M,101,H00828,A20,0
KE-007400,cattle,Boran,M,49,H00828,A20,0
KE-007401,cattle,Friesian cross,F,96,H00828,A20,0
KE-007402,cattle,Sahiwal,F,39,H00828,A20,0
KE-007403,cattle,Ayrshire cross,M,107,H00828,A20,0
KE-007404,cattle,Sahiwal,F,85,H00828,A20,0
KE-007405,cattle,Friesian cross,F,27,H00828,A20,0
KE-007406,cattle,Zebu,F,98,H00828,A20,1
KE-007407,cattle,Friesian cross,F,51,H00828,A20,1
KE-007408,cattle,Zebu,F,109,H00828,A20,1
KE-007409,cattle,Boran,F,87,H00828,A20,0
KE-007410,cattle,Ayrshire cross,F,32,H00828,A20,0
KE-007411,cattle,Zebu,F,88,H00828,A20,0
KE-007412,cattle,Ayrshire cross,M,110,H00828,A20,0
KE-007413,cattle,Zebu,M,111,H00828,A20,1
KE-007414,cattle,Friesian cross,M,25,H00828,A20,0
KE-007415,cattle,Boran,F,99,H00829,A20,0
KE-007416,cattle,Ayrshire cross,M,86,H00829,A20,1
KE-007417,cattle,Boran,F,58,H00829,A20,1
KE-007418,cattle,Boran,F,67,H00829,A20,0
KE-007419,cattle,Boran,M,57,H00829,A20,1
KE-007420,cattle,Sahiwal,F,102,H00829,A20,0
KE-007421,cattle,Sahiwal,F,79,H00829,A20,0
KE-007422,cattle,Ayrshire cross,M,90,H00829,A20,1
KE-007423,cattle,Sahiwal,F,111,H00829,A20,1
KE-007424,cattle,Boran,F,41,H00829,A20,1
KE-007425,cattle,Friesian cross,F,102,H00830,A20,0
KE-007426,cattle,Sahiwal,F,15,H00830,A20,1
KE-007427,cattle,Sahiwal,F,58,H00830,A20,0
KE-007428,cattle,Boran,F,90,H00830,A20,1
KE-007429,cattle,Boran,F,53,H00830,A20,0
KE-007430,cattle,Ayrshire cross,M,65,H00830,A20,0
KE-007431,cattle,Sahiwal,M,49,H00830,A20,0
KE-007432,cattle,Sahiwal,M,23,H00830,A20,0
KE-007433,cattle,Sahiwal,M,86,H00830,A20,0
KE-007434,cattle,Boran,M,92,H00830,A20,1
KE-007435,cattle,Sahiwal,M,116,H00830,A20,0
KE-007436,cattle,Sahiwal,F,103,H00830,A20,1
KE-007437,cattle,Boran,M,101,H00830,A20,0
KE-007438,cattle,Sahiwal,F,60,H00830,A20,0
KE-007439,cattle,Boran,M,51,H00830,A20,0
KE-007440,cattle,Boran,F,50,H00830,A20,0
KE-007441,cattle,Zebu,F,75,H00830,A20,0
KE-007442,cattle,Boran,F,59,H00830,A20,0
KE-007443,cattle,Ayrshire cross,F,36,H00830,A20,0
KE-007444,cattle,Sahiwal,F,59,H00830,A20,0
KE-007445,cattle,Friesian cross,F,22,H00830,A20,0
KE-007446,cattle,Sahiwal,F,109,H00830,A20,1
KE-007447,cattle,Zebu,F,112,H00830,A20,0
KE-007448,cattle,Ayrshire cross,F,100,H00830,A20,1
KE-007449,cattle,Zebu,F,117,H00830,A20,0
KE-007450,cattle,Zebu,F,32,H00830,A20,0
KE-007451,cattle,Boran,F,80,H00830,A20,0
KE-007452,cattle,Friesian cross,F,81,H00830,A20,0
KE-007453,cattle,Friesian cross,F,77,H00830,A20,0
KE-007454,cattle,Zebu,F,56,H00830,A20,1
KE-007455,cattle,Zebu,F,48,H00830,A20,1
KE-007456,cattle,Boran,F,96,H00830,A20,1
KE-007457,cattle,Sahiwal,M,86,H00830,A20,0
KE-007458,cattle,Zebu,F,119,H00830,A20,1
KE-007459,cattle,Sahiwal,F,9,H00830,A20,0
KE-007460,cattle,Zebu,F,14,H00831,A20,0
KE-007461,cattle,Friesian cross,M,96,H00831,A20,0
KE-007462,cattle,Sahiwal,F,89,H00831,A20,0
KE-007463,cattle,Boran,F,40,H00831,A20,0
KE-007464,cattle,Zebu,F,59,H00831,A20,1
KE-007465,cattle,Sahiwal,F,95,H00831,A20,0
KE-007466,cattle,Sahiwal,F,24,H00831,A20,0
KE-007467,cattle,Sahiwal,F,13,H00831,A20,0
KE-007468,cattle,Sahiwal,F,60,H00831,A20,0
KE-007469,cattle,Boran,F,28,H00831,A20,0
KE-007470,cattle,Sahiwal,F,32,H00831,A20,0
KE-007471,cattle,Ayrshire cross,F,18,H00831,A20,0
KE-007472,cattle,Boran,F,57,H00832,A20,1
KE-007473,cattle,Boran,M,86,H00832,A20,0
KE-007474,cattle,Ayrshire cross,F,101,H00832,A20,1
KE-007475,cattle,Boran,F,49,H00832,A20,0
KE-007476,cattle,Sahiwal,F,44,H00832,A20,0
KE-007477,cattle,Sahiwal,F,34,H00832,A20,1
KE-007478,cattle,Friesian cross,F,114,H00832,A20,0
KE-007479,cattle,Boran,M,68,H00832,A20,0
KE-007480,cattle,Zebu,F,96,H00832,A20,0
KE-007481,cattle,Sahiwal,F,103,H00832,A20,0
KE-007482,cattle,Sahiwal,F,97,H00832,A20,1
KE-007483,cattle,Sahiwal,M,42,H00832,A20,0
KE-007484,cattle,Friesian cross,M,10,H00832,A20,1
KE-007485,cattle,Ayrshire cross,F,52,H00832,A20,0
KE-007486,cattle,Boran,M,21,H00832,A20,0
KE-007487,cattle,Friesian cross,M,85,H00832,A20,1
KE-007488,cattle,Friesian cross,F,24,H00832,A20,0
KE-007489,cattle,Zebu,M,24,H00832,A20,0
KE-007490,cattle,Zebu,F,97,H00832,A20,0
KE-007491,cattle,Boran,F,56,H00832,A20,0
KE-007492,cattle,Sahiwal,M,33,H00832,A20,0
KE-007493,cattle,Zebu,F,91,H00832,A20,1
KE-007494,cattle,Sahiwal,F,14,H00832,A20,1
KE-007495,cattle,Ayrshire cross,M,119,H00832,A20,1
KE-007496,cattle,Boran,F,88,H00832,A20,1
KE-007497,cattle,Ayrshire cross,M,33,H00832,A20,0
KE-007498,cattle,Ayrshire cross,F,10,H00832,A20,0
KE-007499,cattle,Ayrshire cross,F,65,H00832,A20,0
KE-007500,cattle,Friesian cross,F,112,H00832,A20,0
KE-007501,cattle,Zebu,F,83,H00832,A20,0
KE-007502,cattle,Sahiwal,F,59,H00832,A20,1
KE-007503,cattle,Friesian cross,F,87,H00832,A20,1
KE-007504,cattle,Boran,F,60,H00833,A20,1
KE-007505,cattle,Ayrshire cross,M,27,H00833,A20,0
KE-007506,cattle,Zebu,M,49,H00833,A20,0
KE-007507,cattle,Ayrshire cross,F,18,H00833,A20,1
KE-007508,cattle,Zebu,M,67,H00833,A20,1
KE-007509,cattle,Zebu,F,64,H00833,A20,0
KE-007510,cattle,Sahiwal,M,18,H00833,A20,0
KE-007511,cattle,Boran,M,30,H00833,A20,1
KE-007512,cattle,Friesian cross,F,73,H00833,A20,1
KE-007513,cattle,Boran,F,34,H00833,A20,0
KE-007514,cattle,Sahiwal,F,86,H00833,A20,1
KE-007515,cattle,Sahiwal,F,106,H00834,A20,1
KE-007516,cattle,Zebu,F,84,H00834,A20,0
KE-007517,cattle,Ayrshire cross,M,8,H00834,A20,0
KE-007518,cattle,Sahiwal,F,23,H00834,A20,0
KE-007519,cattle,Boran,F,66,H00834,A20,0
KE-007520,cattle,Boran,F,22,H00834,A20,1
KE-007521,cattle,Zebu,F,100,H00834,A20,1
KE-007522,cattle,Boran,F,113,H00834,A20,1
KE-007523,cattle,Zebu,F,72,H00834,A20,0
KE-007524,cattle,Friesian cross,F,44,H00834,A20,0
KE-007525,cattle,Boran,F,45,H00834,A20,0
KE-007526,cattle,Zebu,M,92,H00834,A20,0
KE-007527,cattle,Sahiwal,M,117,H00834,A20,0
KE-007528,cattle,Zebu,F,77,H00835,A20,0
KE-007529,cattle,Boran,F,28,H00835,A20,1
KE-007530,cattle,Zebu,M,47,H00835,A20,0
KE-007531,cattle,Boran,M,6,H00835,A20,0
KE-007532,cattle,Zebu,F,30,H00835,A20,1
KE-007533,cattle,Ayrshire cross,F,109,H00835,A20,0
KE-007534,cattle,Friesian cross,M,36,H00835,A20,1
KE-007535,cattle,Sahiwal,F,61,H00835,A20,1
KE-007536,cattle,Ayrshire cross,M,119,H00835,A20,1
KE-007537,cattle,Boran,F,91,H00835,A20,0
KE-007538,cattle,Sahiwal,F,54,H00835,A20,1
KE-007539,cattle,Zebu,M,23,H00835,A20,1
KE-007540,cattle,Friesian cross,M,22,H00835,A20,1
KE-007541,cattle,Zebu,M,16,H00835,A20,1
KE-007542,cattle,Zebu,F,100,H00836,A20,1
KE-007543,cattle,Ayrshire cross,F,59,H00836,A20,0
KE-007544,cattle,Sahiwal,M,71,H00836,A20,0
KE-007545,cattle,Boran,F,95,H00836,A20,0
KE-007546,cattle,Zebu,M,27,H00836,A20,0
KE-007547,cattle,Ayrshire cross,F,17,H00836,A20,0
KE-007548,cattle,Ayrshire cross,M,101,H00836,A20,0
KE-007549,cattle,Boran,F,73,H00836,A20,0
KE-007550,cattle,Friesian cross,M,35,H00836,A20,0
KE-007551,cattle,Sahiwal,M,50,H00836,A20,1
KE-007552,cattle,Boran,F,23,H00836,A20,1
KE-007553,cattle,Sahiwal,M,31,H00836,A20,0
KE-007554,cattle,Sahiwal,M,58,H00836,A20,0
KE-007555,cattle,Friesian cross,F,15,H00836,A20,0
KE-007556,cattle,Sahiwal,F,31,H00836,A20,0
KE-007557,cattle,Ayrshire cross,M,94,H00836,A20,0
KE-007558,cattle,Ayrshire cross,M,25,H00836,A20,0
KE-007559,cattle,Friesian cross,F,31,H00836,A20,1
KE-007560,cattle,Boran,M,90,H00836,A20,0
KE-007561,cattle,Ayrshire cross,F,42,H00836,A20,1
KE-007562,cattle,Ayrshire cross,F,112,H00836,A20,0
KE-007563,cattle,Sahiwal,F,38,H00836,A20,1
KE-007564,cattle,Sahiwal,F,98,H00836,A20,0
KE-007565,cattle,Boran,F,36,H00836,A20,1
KE-007566,cattle,Sahiwal,F,11,H00836,A20,0
KE-007567,cattle,Zebu,F,55,H00836,A20,1
KE-007568,cattle,Ayrshire cross,M,70,H00836,A20,1
KE-007569,cattle,Sahiwal,F,45,H00836,A20,1
KE-007570,cattle,Sahiwal,F,11,H00836,A20,1
KE-007571,cattle,Boran,M,105,H00836,A20,1
KE-007572,cattle,Sahiwal,F,71,H00836,A20,1
KE-007573,cattle,Ayrshire cross,F,118,H00836,A20,1
KE-007574,cattle,Friesian cross,M,102,H00836,A20,0
KE-007575,cattle,Ayrshire cross,M,86,H00836,A20,0
KE-007576,cattle,Friesian cross,M,62,H00836,A20,0
KE-007577,cattle,Friesian cross,F,35,H00836,A20,0
KE-007578,cattle,Ayrshire cross,F,15,H00836,A20,0
KE-007579,cattle,Sahiwal,F,113,H00836,A20,1
KE-007580,cattle,Friesian cross,F,100,H00836,A20,0
KE-007581,cattle,Boran,F,67,H00836,A20,1
KE-007582,cattle,Zebu,F,46,H00836,A20,1
KE-007583,cattle,Friesian cross,F,27,H00836,A20,0
KE-007584,cattle,Sahiwal,M,64,H00836,A20,0
KE-007585,cattle,Friesian cross,M,9,H00836,A20,0
KE-007586,cattle,Sahiwal,F,36,H00836,A20,1
KE-007587,cattle,Friesian cross,F,109,H00836,A20,0
KE-007588,cattle,Ayrshire cross,F,109,H00836,A20,1
KE-007589,cattle,Zebu,M,77,H00836,A20,1
KE-007590,cattle,Ayrshire cross,F,66,H00836,A20,0
KE-007591,cattle,Ayrshire cross,F,119,H00836,A20,0
KE-007592,cattle,Sahiwal,F,96,H00836,A20,1
KE-007593,cattle,Friesian cross,M,116,H00836,A20,0
KE-007594,cattle,Ayrshire cross,F,8,H00836,A20,1
KE-007595,cattle,Ayrshire cross,F,51,H00836,A20,1
KE-007596,cattle,Zebu,M,78,H00836,A20,0
KE-007597,cattle,Sahiwal,F,100,H00836,A20,0
KE-007598,cattle,Zebu,F,63,H00836,A20,0
KE-007599,cattle,Boran,F,83,H00836,A20,1
KE-007600,cattle,Zebu,M,23,H00836,A20,1
KE-007601,cattle,Sahiwal,F,14,H00836,A20,0
KE-007602,cattle,Boran,F,19,H00836,A20,0
KE-007603,cattle,Friesian cross,F,111,H00836,A20,0
KE-007604,cattle,Friesian cross,M,42,H00836,A20,0
KE-007605,cattle,Sahiwal,M,102,H00836,A20,1
KE-007606,cattle,Boran,M,23,H00836,A20,1
KE-007607,cattle,Boran,F,83,H00836,A20,1
KE-007608,cattle,Sahiwal,F,84,H00836,A20,0
KE-007609,cattle,Sahiwal,F,29,H00836,A20,1
KE-007610,cattle,Friesian cross,M,36,H00836,A20,0
KE-007611,cattle,Sahiwal,M,19,H00836,A20,1
KE-007612,cattle,Sahiwal,M,46,H00836,A20,0
KE-007613,cattle,Friesian cross,M,42,H00836,A20,0
KE-007614,cattle,Sahiwal,F,6,H00836,A20,0
KE-007615,cattle,Boran,M,38,H00836,A20,1
KE-007616,cattle,Sahiwal,M,22,H00836,A20,0
KE-007617,cattle,Friesian cross,F,11,H00837,A20,0
KE-007618,cattle,Zebu,F,66,H00837,A20,1
KE-007619,cattle,Friesian cross,F,113,H00837,A20,1
KE-007620,cattle,Friesian cross,F,42,H00837,A20,0
KE-007621,cattle,Sahiwal,F,44,H00837,A20,0
KE-007622,cattle,Friesian cross,M,19,H00837,A20,0
KE-007623,cattle,Friesian cross,F,42,H00837,A20,0
KE-007624,cattle,Zebu,M,95,H00837,A20,0
KE-007625,cattle,Zebu,M,23,H00837,A20,1
KE-007626,cattle,Sahiwal,F,36,H00837,A20,1
KE-007627,cattle,Friesian cross,F,56,H00837,A20,0
KE-007628,cattle,Sahiwal,F,92,H00837,A20,0
KE-007629,cattle,Ayrshire cross,M,41,H00837,A20,0
KE-007630,cattle,Boran,F,62,H00837,A20,1
KE-007631,cattle,Zebu,M,47,H00837,A20,0
KE-007632,cattle,Sahiwal,F,119,H00837,A20,0
KE-007633,cattle,Ayrshire cross,F,93,H00837,A20,0
KE-007634,cattle,Friesian cross,F,83,H00837,A20,1
KE-007635,cattle,Ayrshire cross,F,46,H00837,A20,1
KE-007636,cattle,Ayrshire cross,F,29,H00838,A20,0
KE-007637,cattle,Ayrshire cross,M,107,H00838,A20,0
KE-007638,cattle,Friesian cross,F,21,H00838,A20,0
KE-007639,cattle,Friesian cross,M,65,H00838,A20,1
KE-007640,cattle,Zebu,F,112,H00838,A20,0
KE-007641,cattle,Friesian cross,F,104,H00838,A20,0
KE-007642,cattle,Sahiwal,M,91,H00838,A20,0
KE-007643,cattle,Friesian cross,F,50,H00838,A20,0
KE-007644,cattle,Zebu,F,72,H00839,A20,0
KE-007645,cattle,Zebu,F,28,H00839,A20,0
KE-007646,cattle,Ayrshire cross,F,39,H00839,A20,1
KE-007647,cattle,Friesian cross,F,60,H00839,A20,0
KE-007648,cattle,Boran,F,21,H00839,A20,1
KE-007649,cattle,Zebu,M,10,H00839,A20,0
KE-007650,cattle,Friesian cross,M,93,H00839,A20,1
KE-007651,cattle,Boran,F,108,H00839,A20,0
KE-007652,cattle,Boran,F,76,H00839,A20,1
KE-007653,cattle,Friesian cross,F,19,H00839,A20,0
KE-007654,cattle,Ayrshire cross,F,118,H00839,A20,0
KE-007655,cattle,Friesian cross,F,65,H00839,A20,1
KE-007656,cattle,Zebu,F,54,H00839,A20,1
KE-007657,cattle,Zebu,F,9,H00839,A20,0
KE-007658,cattle,Sahiwal,F,98,H00839,A20,0
KE-007659,cattle,Friesian cross,F,111,H00839,A20,1
KE-007660,cattle,Sahiwal,F,8,H00839,A20,0
KE-007661,cattle,Zebu,F,98,H00839,A20,1
KE-007662,cattle,Friesian cross,F,97,H00839,A20,1
KE-007663,cattle,Sahiwal,M,16,H00839,A20,0
KE-007664,cattle,Sahiwal,M,77,H00840,A20,1
KE-007665,cattle,Friesian cross,M,49,H00840,A20,0
KE-007666,cattle,Sahiwal,F,64,H00840,A20,0
KE-007667,cattle,Zebu,F,51,H00840,A20,1
KE-007668,cattle,Boran,F,7,H00840,A20,0
KE-007669,cattle,Sahiwal,F,32,H00840,A20,0
KE-007670,cattle,Ayrshire cross,F,55,H00840,A20,1
KE-007671,cattle,Sahiwal,M,103,H00840,A20,0
KE-007672,cattle,Friesian cross,M,85,H00840,A20,1
KE-007673,cattle,Zebu,F,109,H00841,A20,0
KE-007674,cattle,Ayrshire cross,F,67,H00841,A20,0
KE-007675,cattle,Friesian cross,F,89,H00841,A20,0
KE-007676,cattle,Friesian cross,M,115,H00841,A20,0
KE-007677,cattle,Zebu,F,28,H00841,A20,1
KE-007678,cattle,Ayrshire cross,M,99,H00841,A20,0
KE-007679,cattle,Boran,M,13,H00841,A20,0
KE-007680,cattle,Sahiwal,M,82,H00841,A20,0
KE-007681,cattle,Zebu,F,41,H00841,A20,1
KE-007682,cattle,Sahiwal,M,10,H00842,A22,1
KE-007683,cattle,Boran,F,12,H00842,A22,0
KE-007684,cattle,Boran,F,113,H00842,A22,0
KE-007685,cattle,Sahiwal,M,116,H00842,A22,0
KE-007686,cattle,Sahiwal,M,76,H00842,A22,1
KE-007687,cattle,Boran,F,95,H00842,A22,1
KE-007688,cattle,Boran,M,90,H00842,A22,0
KE-007689,cattle,Friesian cross,M,111,H00842,A22,0
KE-007690,cattle,Zebu,F,113,H00842,A22,1
KE-007691,cattle,Boran,F,55,H00842,A22,0
KE-007692,cattle,Boran,F,98,H00842,A22,0
KE-007693,cattle,Friesian cross,M,74,H00842,A22,1
KE-007694,cattle,Friesian cross,M,76,H00843,A22,0
KE-007695,cattle,Ayrshire cross,F,23,H00843,A22,1
KE-007696,cattle,Ayrshire cross,F,62,H00843,A22,0
KE-007697,cattle,Boran,F,87,H00843,A22,1
KE-007698,cattle,Friesian cross,M,92,H00843,A22,0
KE-007699,cattle,Zebu,M,90,H00843,A22,0
KE-007700,cattle,Sahiwal,F,79,H00843,A22,1
KE-007701,cattle,Boran,F,78,H00843,A22,1
KE-007702,cattle,Ayrshire cross,M,30,H00843,A22,1
KE-007703,cattle,Ayrshire cross,M,95,H00843,A22,0
KE-007704,cattle,Zebu,M,12,H00843,A22,0
KE-007705,cattle,Friesian cross,F,37,H00843,A22,1
KE-007706,cattle,Boran,M,86,H00843,A22,0
KE-007707,cattle,Boran,F,114,H00843,A22,0
KE-007708,cattle,Friesian cross,F,94,H00844,A22,0
KE-007709,cattle,Friesian cross,F,109,H00844,A22,0
KE-007710,cattle,Friesian cross,F,31,H00844,A22,1
KE-007711,cattle,Friesian cross,F,61,H00844,A22,1
KE-007712,cattle,Sahiwal,F,114,H00844,A22,0
KE-007713,cattle,Friesian cross,F,29,H00844,A22,0
KE-007714,cattle,Sahiwal,F,45,H00844,A22,0
KE-007715,cattle,Friesian cross,F,42,H00844,A22,0
KE-007716,cattle,Zebu,M,16,H00844,A22,0
KE-007717,cattle,Zebu,F,25,H00844,A22,0
KE-007718,cattle,Sahiwal,M,79,H00844,A22,0
KE-007719,cattle,Ayrshire cross,M,49,H00844,A22,0
KE-007720,cattle,Ayrshire cross,F,9,H00845,A22,1
KE-007721,cattle,Boran,F,15,H00845,A22,1
KE-007722,cattle,Boran,F,116,H00845,A22,1
KE-007723,cattle,Zebu,F,116,H00845,A22,1
KE-007724,cattle,Zebu,M,15,H00845,A22,0
KE-007725,cattle,Zebu,M,77,H00845,A22,0
KE-007726,cattle,Zebu,M,104,H00845,A22,0
KE-007727,cattle,Ayrshire cross,F,21,H00845,A22,0
KE-007728,cattle,Boran,F,67,H00845,A22,0
KE-007729,cattle,Ayrshire cross,F,50,H00845,A22,0
KE-007730,cattle,Boran,F,108,H00845,A22,0
KE-007731,cattle,Boran,F,75,H00845,A22,0
KE-007732,cattle,Sahiwal,M,111,H00845,A22,0
KE-007733,cattle,Sahiwal,M,55,H00845,A22,0
KE-007734,cattle,Zebu,M,92,H00846,A22,0
KE-007735,cattle,Ayrshire cross,F,64,H00846,A22,0
KE-007736,cattle,Boran,F,81,H00846,A22,0
KE-007737,cattle,Zebu,F,63,H00846,A22,1
KE-007738,cattle,Sahiwal,F,35,H00846,A22,0
KE-007739,cattle,Zebu,F,9,H00846,A22,0
KE-007740,cattle,Zebu,F,32,H00846,A22,0
KE-007741,cattle,Sahiwal,M,91,H00846,A22,1
KE-007742,cattle,Boran,F,41,H00846,A22,0
KE-007743,cattle,Friesian cross,F,7,H00846,A22,0
KE-007744,cattle,Zebu,F,46,H00846,A22,0
KE-007745,cattle,Friesian cross,F,101,H00846,A22,1
KE-007746,cattle,Zebu,F,67,H00846,A22,1
KE-007747,cattle,Sahiwal,F,57,H00846,A22,1
KE-007748,cattle,Friesian cross,M,83,H00846,A22,1
KE-007749,cattle,Ayrshire cross,M,70,H00847,A22,1
KE-007750,cattle,Ayrshire cross,F,89,H00847,A22,0
KE-007751,cattle,Boran,F,6,H00847,A22,0
KE-007752,cattle,Ayrshire cross,F,82,H00847,A22,0
KE-007753,cattle,Zebu,F,108,H00848,A22,1
KE-007754,cattle,Sahiwal,M,35,H00848,A22,1
KE-007755,cattle,Boran,F,41,H00848,A22,1
KE-007756,cattle,Zebu,F,65,H00848,A22,1
KE-007757,cattle,Boran,F,22,H00848,A22,1
KE-007758,cattle,Zebu,M,26,H00848,A22,1
KE-007759,cattle,Boran,F,40,H00848,A22,0
KE-007760,cattle,Zebu,M,83,H00848,A22,1
KE-007761,cattle,Zebu,F,6,H00848,A22,1
KE-007762,cattle,Zebu,F,117,H00848,A22,0
KE-007763,cattle,Friesian cross,M,118,H00848,A22,0
KE-007764,cattle,Friesian cross,F,105,H00848,A22,1
KE-007765,cattle,Zebu,M,68,H00848,A22,0
KE-007766,cattle,Sahiwal,M,51,H00848,A22,0
KE-007767,cattle,Friesian cross,F,84,H00848,A22,1
KE-007768,cattle,Sahiwal,M,41,H00848,A22,0
KE-007769,cattle,Friesian cross,F,36,H00848,A22,1
KE-007770,cattle,Boran,F,91,H00849,A22,0
KE-007771,cattle,Zebu,F,11,H00849,A22,0
KE-007772,cattle,Friesian cross,F,71,H00849,A22,1
KE-007773,cattle,Boran,F,33,H00849,A22,1
KE-007774,cattle,Zebu,F,88,H00849,A22,0
KE-007775,cattle,Friesian cross,F,67,H00849,A22,0
KE-007776,cattle,Sahiwal,F,104,H00849,A22,0
KE-007777,cattle,Ayrshire cross,F,36,H00850,A22,1
KE-007778,cattle,Friesian cross,F,83,H00850,A22,0
KE-007779,cattle,Ayrshire cross,F,21,H00850,A22,1
KE-007780,cattle,Boran,F,32,H00850,A22,1
KE-007781,cattle,Friesian cross,F,49,H00850,A22,0
KE-007782,cattle,Zebu,F,86,H00851,A22,1
KE-007783,cattle,Friesian cross,F,48,H00851,A22,1
KE-007784,cattle,Zebu,F,45,H00851,A22,0
KE-007785,cattle,Boran,F,7,H00851,A22,1
KE-007786,cattle,Zebu,M,32,H00851,A22,1
KE-007787,cattle,Boran,M,23,H00851,A22,0
KE-007788,cattle,Boran,M,26,H00851,A22,0
KE-007789,cattle,Zebu,M,113,H00851,A22,0
KE-007790,cattle,Boran,F,24,H00851,A22,1
KE-007791,cattle,Friesian cross,M,68,H00851,A22,1
KE-007792,cattle,Friesian cross,F,105,H00851,A22,1
KE-007793,cattle,Zebu,F,103,H00852,A22,0
KE-007794,cattle,Ayrshire cross,F,62,H00852,A22,1
KE-007795,cattle,Ayrshire cross,M,81,H00852,A22,0
KE-007796,cattle,Friesian cross,M,101,H00852,A22,1
KE-007797,cattle,Ayrshire cross,M,93,H00852,A22,1
KE-007798,cattle,Zebu,M,52,H00852,A22,0
KE-007799,cattle,Sahiwal,F,118,H00852,A22,0
KE-007800,cattle,Friesian cross,M,59,H00852,A22,0
KE-007801,cattle,Boran,M,112,H00852,A22,1
KE-007802,cattle,Zebu,M,117,H00852,A22,1
KE-007803,cattle,Boran,M,6,H00852,A22,1
KE-007804,cattle,Zebu,F,32,H00852,A22,1
KE-007805,cattle,Boran,M,53,H00853,A22,1
KE-007806,cattle,Friesian cross,F,77,H00853,A22,0
KE-007807,cattle,Friesian cross,M,50,H00853,A22,0
KE-007808,cattle,Zebu,F,106,H00853,A22,0
KE-007809,cattle,Zebu,F,10,H00853,A22,0
KE-007810,cattle,Sahiwal,F,75,H00853,A22,0
KE-007811,cattle,Boran,F,57,H00853,A22,0
KE-007812,cattle,Ayrshire cross,F,47,H00853,A22,0
KE-007813,cattle,Sahiwal,M,93,H00854,A22,1
KE-007814,cattle,Sahiwal,M,35,H00854,A22,0
KE-007815,cattle,Ayrshire cross,F,7,H00854,A22,1
KE-007816,cattle,Zebu,F,93,H00854,A22,0
KE-007817,cattle,Boran,M,81,H00854,A22,0
KE-007818,cattle,Zebu,M,60,H00854,A22,0
KE-007819,cattle,Boran,F,102,H00854,A22,1
KE-007820,cattle,Boran,F,117,H00854,A22,0
KE-007821,cattle,Boran,F,35,H00854,A22,0
KE-007822,cattle,Zebu,F,83,H00854,A22,1
KE-007823,cattle,Ayrshire cross,F,39,H00854,A22,0
KE-007824,cattle,Friesian cross,F,55,H00854,A22,0
KE-007825,cattle,Zebu,M,113,H00854,A22,0
KE-007826,cattle,Friesian cross,F,117,H00854,A22,1
KE-007827,cattle,Sahiwal,M,50,H00854,A22,1
KE-007828,cattle,Zebu,M,31,H00854,A22,0
KE-007829,cattle,Friesian cross,M,93,H00854,A22,0
KE-007830,cattle,Sahiwal,M,16,H00854,A22,1
KE-007831,cattle,Sahiwal,M,21,H00854,A22,1
KE-007832,cattle,Zebu,F,9,H00855,A22,0
KE-007833,cattle,Sahiwal,F,117,H00855,A22,0
KE-007834,cattle,Ayrshire cross,F,89,H00855,A22,1
KE-007835,cattle,Zebu,F,43,H00855,A22,1
KE-007836,cattle,Friesian cross,F,92,H00855,A22,0
KE-007837,cattle,Ayrshire cross,F,83,H00856,A22,0
KE-007838,cattle,Boran,F,14,H00856,A22,0
KE-007839,cattle,Ayrshire cross,M,94,H00856,A22,0
KE-007840,cattle,Boran,F,96,H00856,A22,1
KE-007841,cattle,Zebu,M,34,H00856,A22,0
KE-007842,cattle,Ayrshire cross,M,60,H00856,A22,1
KE-007843,cattle,Ayrshire cross,F,19,H00856,A22,1
KE-007844,cattle,Friesian cross,F,57,H00856,A22,0
KE-007845,cattle,Ayrshire cross,M,101,H00856,A22,1
KE-007846,cattle,Boran,F,63,H00857,A22,1
KE-007847,cattle,Ayrshire cross,F,76,H00857,A22,0
KE-007848,cattle,Zebu,F,101,H00857,A22,0
KE-007849,cattle,Ayrshire cross,M,10,H00857,A22,0
KE-007850,cattle,Friesian cross,F,10,H00857,A22,1
KE-007851,cattle,Sahiwal,F,97,H00857,A22,0
KE-007852,cattle,Boran,M,41,H00857,A22,1
KE-007853,cattle,Ayrshire cross,M,84,H00857,A22,1
KE-007854,cattle,Zebu,F,14,H00858,A22,0
KE-007855,cattle,Friesian cross,F,99,H00858,A22,0
KE-007856,cattle,Ayrshire cross,M,110,H00858,A22,1
KE-007857,cattle,Friesian cross,M,15,H00858,A22,0
KE-007858,cattle,Ayrshire cross,M,77,H00858,A22,1
KE-007859,cattle,Friesian cross,M,92,H00858,A22,0
KE-007860,cattle,Ayrshire cross,F,94,H00858,A22,1
KE-007861,cattle,Zebu,M,109,H00858,A22,0
KE-007862,cattle,Sahiwal,F,118,H00858,A22,0
KE-007863,cattle,Ayrshire cross,M,117,H00858,A22,0
KE-007864,cattle,Boran,F,107,H00858,A22,1
KE-007865,cattle,Sahiwal,F,102,H00859,A22,0
KE-007866,cattle,Ayrshire cross,F,67,H00859,A22,1
KE-007867,cattle,Friesian cross,M,76,H00859,A22,0
KE-007868,cattle,Sahiwal,F,27,H00859,A22,0
KE-007869,cattle,Ayrshire cross,F,18,H00859,A22,0
KE-007870,cattle,Zebu,F,53,H00859,A22,0
KE-007871,cattle,Zebu,F,30,H00859,A22,1
KE-007872,cattle,Zebu,M,88,H00859,A22,0
KE-007873,cattle,Boran,M,117,H00859,A22,1
KE-007874,cattle,Sahiwal,M,35,H00859,A22,0
KE-007875,cattle,Sahiwal,F,65,H00859,A22,0
KE-007876,cattle,Boran,F,45,H00859,A22,0
KE-007877,cattle,Zebu,F,98,H00859,A22,0
KE-007878,cattle,Boran,F,40,H00859,A22,0
KE-007879,cattle,Ayrshire cross,M,116,H00860,A22,1
KE-007880,cattle,Zebu,M,38,H00860,A22,0
KE-007881,cattle,Friesian cross,F,63,H00860,A22,0
KE-007882,cattle,Ayrshire cross,F,9,H00860,A22,0
KE-007883,cattle,Sahiwal,M,21,H00860,A22,0
KE-007884,cattle,Boran,F,54,H00860,A22,0
KE-007885,cattle,Boran,M,69,H00861,A22,0
KE-007886,cattle,Sahiwal,M,73,H00861,A22,1
KE-007887,cattle,Zebu,M,35,H00861,A22,0
KE-007888,cattle,Zebu,M,37,H00861,A22,1
KE-007889,cattle,Friesian cross,M,75,H00861,A22,0
KE-007890,cattle,Friesian cross,F,56,H00861,A22,0
KE-007891,cattle,Zebu,F,97,H00861,A22,1
KE-007892,cattle,Zebu,F,64,H00861,A22,0
KE-007893,cattle,Sahiwal,F,111,H00861,A22,0
KE-007894,cattle,Boran,M,97,H00861,A22,0
KE-007895,cattle,Boran,M,43,H00861,A22,1
KE-007896,cattle,Friesian cross,F,60,H00861,A22,1
KE-007897,cattle,Friesian cross,F,90,H00861,A22,0
KE-007898,cattle,Zebu,F,72,H00861,A22,1
KE-007899,cattle,Boran,M,26,H00861,A22,0
KE-007900,cattle,Boran,M,66,H00861,A22,0
KE-007901,cattle,Friesian cross,F,35,H00861,A22,0
KE-007902,cattle,Boran,M,35,H00861,A22,1
KE-007903,cattle,Boran,F,71,H00862,A22,0
KE-007904,cattle,Ayrshire cross,F,114,H00862,A22,1
KE-007905,cattle,Sahiwal,F,81,H00862,A22,1
KE-007906,cattle,Ayrshire cross,F,81,H00862,A22,1
KE-007907,cattle,Boran,F,56,H00862,A22,0
KE-007908,cattle,Boran,F,37,H00862,A22,0
KE-007909,cattle,Boran,F,100,H00862,A22,0
KE-007910,cattle,Friesian cross,F,77,H00862,A22,1
KE-007911,cattle,Zebu,F,83,H00862,A22,1
KE-007912,cattle,Ayrshire cross,F,71,H00862,A22,1
KE-007913,cattle,Zebu,M,56,H00862,A22,0
KE-007914,cattle,Friesian cross,F,42,H00862,A22,0
KE-007915,cattle,Ayrshire cross,M,80,H00863,A22,1
KE-007916,cattle,Zebu,F,17,H00863,A22,0
KE-007917,cattle,Zebu,F,109,H00863,A22,0
KE-007918,cattle,Ayrshire cross,M,105,H00863,A22,0
KE-007919,cattle,Boran,M,35,H00864,A22,1
KE-007920,cattle,Zebu,F,34,H00864,A22,0
KE-007921,cattle,Friesian cross,F,18,H00864,A22,0
KE-007922,cattle,Ayrshire cross,M,63,H00864,A22,0
KE-007923,cattle,Ayrshire cross,F,96,H00865,A22,0
KE-007924,cattle,Zebu,F,69,H00865,A22,0
KE-007925,cattle,Boran,M,63,H00865,A22,0
KE-007926,cattle,Boran,M,44,H00865,A22,0
KE-007927,cattle,Ayrshire cross,M,56,H00865,A22,0
KE-007928,cattle,Boran,M,7,H00865,A22,1
KE-007929,cattle,Friesian cross,F,60,H00865,A22,1
KE-007930,cattle,Friesian cross,F,117,H00865,A22,0
KE-007931,cattle,Boran,F,78,H00865,A22,0
KE-007932,cattle,Sahiwal,F,28,H00865,A22,0
KE-007933,cattle,Friesian cross,F,93,H00865,A22,0
KE-007934,cattle,Sahiwal,F,115,H00865,A22,0
KE-007935,cattle,Ayrshire cross,F,47,H00866,A22,0
KE-007936,cattle,Sahiwal,M,28,H00866,A22,1
KE-007937,cattle,Friesian cross,F,6,H00866,A22,1
KE-007938,cattle,Sahiwal,F,70,H00866,A22,1
KE-007939,cattle,Ayrshire cross,F,34,H00866,A22,0
KE-007940,cattle,Boran,M,39,H00866,A22,0
KE-007941,cattle,Friesian cross,F,48,H00866,A22,1
KE-007942,cattle,Ayrshire cross,F,43,H00866,A22,0
KE-007943,cattle,Friesian cross,F,24,H00866,A22,0
KE-007944,cattle,Ayrshire cross,F,111,H00866,A22,0
KE-007945,cattle,Friesian cross,M,12,H00867,A22,0
KE-007946,cattle,Sahiwal,F,60,H00867,A22,0
KE-007947,cattle,Zebu,F,89,H00867,A22,0
KE-007948,cattle,Zebu,M,9,H00867,A22,1
KE-007949,cattle,Sahiwal,F,108,H00867,A22,0
KE-007950,cattle,Ayrshire cross,F,47,H00867,A22,1
KE-007951,cattle,Zebu,F,47,H00867,A22,1
KE-007952,cattle,Zebu,F,98,H00867,A22,0
KE-007953,cattle,Zebu,M,104,H00867,A22,1
KE-007954,cattle,Ayrshire cross,M,69,H00867,A22,0
KE-007955,cattle,Friesian cross,F,38,H00867,A22,0
KE-007956,cattle,Friesian cross,F,13,H00868,A22,0
KE-007957,cattle,Zebu,F,59,H00868,A22,0
KE-007958,cattle,Zebu,F,39,H00868,A22,1
KE-007959,cattle,Ayrshire cross,F,39,H00868,A22,1
KE-007960,cattle,Zebu,M,103,H00868,A22,1
KE-007961,cattle,Zebu,F,94,H00868,A22,0
KE-007962,cattle,Zebu,F,37,H00868,A22,1
KE-007963,cattle,Sahiwal,M,7,H00868,A22,1
KE-007964,cattle,Friesian cross,F,56,H00868,A22,0
KE-007965,cattle,Boran,F,49,H00868,A22,0
KE-007966,cattle,Boran,F,29,H00868,A22,0
KE-007967,cattle,Friesian cross,M,115,H00869,A22,1
KE-007968,cattle,Ayrshire cross,M,41,H00869,A22,1
KE-007969,cattle,Zebu,F,90,H00869,A22,0
KE-007970,cattle,Ayrshire cross,M,46,H00869,A22,0
KE-007971,cattle,Ayrshire cross,F,88,H00869,A22,0
KE-007972,cattle,Boran,F,41,H00869,A22,0
KE-007973,cattle,Ayrshire cross,M,25,H00869,A22,0
KE-007974,cattle,Friesian cross,F,90,H00869,A22,1
KE-007975,cattle,Boran,F,42,H00869,A22,0
KE-007976,cattle,Boran,F,98,H00869,A22,1
KE-007977,cattle,Zebu,F,20,H00869,A22,1
KE-007978,cattle,Sahiwal,F,51,H00869,A22,1
KE-007979,cattle,Zebu,M,87,H00869,A22,1
KE-007980,cattle,Friesian cross,F,32,H00870,A22,0
KE-007981,cattle,Ayrshire cross,F,63,H00870,A22,0
KE-007982,cattle,Zebu,F,112,H00870,A22,1
KE-007983,cattle,Sahiwal,F,49,H00870,A22,1
KE-007984,cattle,Friesian cross,M,107,H00870,A22,0
KE-007985,cattle,Friesian cross,F,113,H00870,A22,0
KE-007986,cattle,Zebu,F,89,H00870,A22,0
KE-007987,cattle,Friesian cross,M,114,H00870,A22,0
KE-007988,cattle,Boran,M,31,H00870,A22,0
KE-007989,cattle,Zebu,M,77,H00870,A22,0
KE-007990,cattle,Boran,M,24,H00870,A22,1
KE-007991,cattle,Ayrshire cross,F,36,H00870,A22,0
KE-007992,cattle,Sahiwal,F,19,H00870,A22,0
KE-007993,cattle,Sahiwal,M,57,H00870,A22,0
KE-007994,cattle,Zebu,M,26,H00870,A22,0
KE-007995,cattle,Ayrshire cross,F,116,H00870,A22,0
KE-007996,cattle,Sahiwal,M,62,H00870,A22,1
KE-007997,cattle,Sahiwal,F,78,H00870,A22,0
KE-007998,cattle,Friesian cross,F,32,H00870,A22,0
KE-007999,cattle,Friesian cross,M,60,H00870,A22,0
KE-008000,cattle,Zebu,M,20,H00871,A22,0
KE-008001,cattle,Boran,F,74,H00871,A22,0
KE-008002,cattle,Zebu,M,99,H00871,A22,0
KE-008003,cattle,Friesian cross,F,85,H00871,A22,0
KE-008004,cattle,Zebu,M,28,H00871,A22,1
KE-008005,cattle,Friesian cross,F,117,H00871,A22,1
KE-008006,cattle,Boran,F,102,H00872,A22,1
KE-008007,cattle,Ayrshire cross,M,68,H00872,A22,1
KE-008008,cattle,Friesian cross,F,52,H00872,A22,0
KE-008009,cattle,Boran,F,42,H00872,A22,0
KE-008010,cattle,Boran,M,111,H00872,A22,0
KE-008011,cattle,Zebu,F,61,H00872,A22,1
KE-008012,cattle,Friesian cross,F,63,H00873,A22,1
KE-008013,cattle,Sahiwal,F,48,H00873,A22,1
KE-008014,cattle,Ayrshire cross,M,66,H00873,A22,1
KE-008015,cattle,Sahiwal,F,96,H00873,A22,0
KE-008016,cattle,Zebu,F,64,H00873,A22,0
KE-008017,cattle,Sahiwal,F,60,H00873,A22,0
KE-008018,cattle,Friesian cross,M,117,H00874,A23,0
KE-008019,cattle,Friesian cross,F,101,H00874,A23,0
KE-008020,cattle,Friesian cross,F,57,H00874,A23,0
KE-008021,cattle,Boran,M,100,H00874,A23,0
KE-008022,cattle,Friesian cross,M,48,H00874,A23,1
KE-008023,cattle,Sahiwal,F,103,H00874,A23,0
KE-008024,cattle,Sahiwal,F,86,H00874,A23,1
KE-008025,cattle,Ayrshire cross,F,57,H00874,A23,0
KE-008026,cattle,Friesian cross,F,27,H00874,A23,1
KE-008027,cattle,Friesian cross,F,20,H00874,A23,0
KE-008028,cattle,Friesian cross,M,87,H00874,A23,0
KE-008029,cattle,Ayrshire cross,F,33,H00874,A23,0
KE-008030,cattle,Sahiwal,F,10,H00874,A23,0
KE-008031,cattle,Boran,F,24,H00874,A23,0
KE-008032,cattle,Ayrshire cross,F,88,H00875,A23,0
KE-008033,cattle,Ayrshire cross,F,47,H00875,A23,1
KE-008034,cattle,Boran,F,6,H00875,A23,0
KE-008035,cattle,Sahiwal,F,95,H00875,A23,1
KE-008036,cattle,Friesian cross,M,27,H00875,A23,1
KE-008037,cattle,Zebu,F,54,H00875,A23,0
KE-008038,cattle,Boran,F,57,H00875,A23,0
KE-008039,cattle,Sahiwal,F,87,H00875,A23,0
KE-008040,cattle,Boran,F,105,H00875,A23,0
KE-008041,cattle,Boran,F,98,H00875,A23,0
KE-008042,cattle,Boran,F,63,H00875,A23,0
KE-008043,cattle,Sahiwal,M,97,H00875,A23,1
KE-008044,cattle,Ayrshire cross,F,79,H00875,A23,0
KE-008045,cattle,Sahiwal,F,56,H00875,A23,1
KE-008046,cattle,Boran,F,11,H00875,A23,1
KE-008047,cattle,Ayrshire cross,M,17,H00875,A23,0
KE-008048,cattle,Boran,M,48,H00875,A23,1
KE-008049,cattle,Friesian cross,M,87,H00875,A23,0
KE-008050,cattle,Sahiwal,F,60,H00875,A23,0
KE-008051,cattle,Zebu,F,72,H00875,A23,0
KE-008052,cattle,Boran,F,62,H00875,A23,1
KE-008053,cattle,Friesian cross,F,67,H00875,A23,0
KE-008054,cattle,Sahiwal,M,109,H00875,A23,1
KE-008055,cattle,Zebu,M,57,H00875,A23,0
KE-008056,cattle,Sahiwal,F,117,H00876,A23,1
KE-008057,cattle,Friesian cross,M,47,H00876,A23,0
KE-008058,cattle,Friesian cross,M,104,H00876,A23,0
KE-008059,cattle,Boran,M,63,H00876,A23,0
KE-008060,cattle,Zebu,M,102,H00876,A23,0
KE-008061,cattle,Friesian cross,F,90,H00876,A23,0
KE-008062,cattle,Zebu,M,93,H00876,A23,0
KE-008063,cattle,Sahiwal,M,96,H00876,A23,0
KE-008064,cattle,Boran,M,57,H00876,A23,0
KE-008065,cattle,Ayrshire cross,F,59,H00877,A23,0
KE-008066,cattle,Zebu,F,84,H00877,A23,1
KE-008067,cattle,Ayrshire cross,M,107,H00877,A23,0
KE-008068,cattle,Ayrshire cross,F,110,H00878,A23,1
KE-008069,cattle,Ayrshire cross,F,89,H00878,A23,1
KE-008070,cattle,Sahiwal,F,113,H00878,A23,1
KE-008071,cattle,Boran,F,60,H00878,A23,0
KE-008072,cattle,Boran,F,45,H00879,A23,0
KE-008073,cattle,Ayrshire cross,M,77,H00879,A23,0
KE-008074,cattle,Friesian cross,M,105,H00879,A23,1
KE-008075,cattle,Boran,F,9,H00879,A23,0
KE-008076,cattle,Sahiwal,F,12,H00879,A23,0
KE-008077,cattle,Ayrshire cross,F,98,H00879,A23,0
KE-008078,cattle,Zebu,M,33,H00879,A23,0
KE-008079,cattle,Sahiwal,M,60,H00880,A23,0
KE-008080,cattle,Ayrshire cross,F,109,H00880,A23,1
KE-008081,cattle,Friesian cross,F,54,H00880,A23,0
KE-008082,cattle,Friesian cross,F,66,H00880,A23,0
KE-008083,cattle,Ayrshire cross,F,66,H00880,A23,1
KE-008084,cattle,Ayrshire cross,M,119,H00880,A23,0
KE-008085,cattle,Boran,F,92,H00880,A23,1
KE-008086,cattle,Ayrshire cross,F,82,H00880,A23,0
KE-008087,cattle,Ayrshire cross,F,34,H00880,A23,0
KE-008088,cattle,Sahiwal,M,63,H00881,A23,0
KE-008089,cattle,Zebu,M,92,H00881,A23,0
KE-008090,cattle,Zebu,M,66,H00881,A23,1
KE-008091,cattle,Zebu,F,34,H00881,A23,0
KE-008092,cattle,Boran,F,84,H00881,A23,1
KE-008093,cattle,Friesian cross,F,10,H00881,A23,1
KE-008094,cattle,Sahiwal,M,96,H00881,A23,0
KE-008095,cattle,Boran,M,103,H00881,A23,0
KE-008096,cattle,Boran,M,70,H00881,A23,0
KE-008097,cattle,Boran,F,55,H00882,A23,0
KE-008098,cattle,Boran,M,108,H00882,A23,0
KE-008099,cattle,Zebu,M,76,H00882,A23,0
KE-008100,cattle,Boran,F,61,H00882,A23,0
KE-008101,cattle,Ayrshire cross,F,109,H00882,A23,0
KE-008102,cattle,Sahiwal,M,28,H00882,A23,0
KE-008103,cattle,Sahiwal,M,89,H00882,A23,0
KE-008104,cattle,Ayrshire cross,F,95,H00882,A23,1
KE-008105,cattle,Ayrshire cross,M,32,H00882,A23,0
KE-008106,cattle,Zebu,M,39,H00882,A23,1
KE-008107,cattle,Friesian cross,F,45,H00882,A23,0
KE-008108,cattle,Zebu,M,7,H00882,A23,0
KE-008109,cattle,Boran,F,72,H00883,A23,0
KE-008110,cattle,Ayrshire cross,F,105,H00883,A23,1
KE-008111,cattle,Sahiwal,F,49,H00883,A23,1
KE-008112,cattle,Friesian cross,F,87,H00883,A23,0
KE-008113,cattle,Ayrshire cross,F,58,H00883,A23,0
KE-008114,cattle,Sahiwal,F,56,H00883,A23,0
KE-008115,cattle,Zebu,M,62,H00883,A23,0
KE-008116,cattle,Zebu,M,87,H00883,A23,1
KE-008117,cattle,Ayrshire cross,F,33,H00883,A23,0
KE-008118,cattle,Friesian cross,F,32,H00883,A23,0
KE-008119,cattle,Boran,F,41,H00884,A23,0
KE-008120,cattle,Zebu,F,24,H00884,A23,1
KE-008121,cattle,Friesian cross,M,44,H00884,A23,0
KE-008122,cattle,Sahiwal,M,89,H00884,A23,0
KE-008123,cattle,Friesian cross,F,110,H00884,A23,1
KE-008124,cattle,Ayrshire cross,F,10,H00884,A23,0
KE-008125,cattle,Ayrshire cross,F,71,H00884,A23,1
KE-008126,cattle,Friesian cross,F,107,H00884,A23,1
KE-008127,cattle,Friesian cross,M,108,H00884,A23,0
KE-008128,cattle,Boran,M,59,H00884,A23,1
KE-008129,cattle,Boran,M,119,H00884,A23,0
KE-008130,cattle,Sahiwal,M,84,H00884,A23,1
KE-008131,cattle,Ayrshire cross,M,8,H00884,A23,1
KE-008132,cattle,Zebu,F,84,H00884,A23,1
KE-008133,cattle,Ayrshire cross,M,32,H00884,A23,1
KE-008134,cattle,Sahiwal,F,24,H00884,A23,1
KE-008135,cattle,Boran,M,79,H00884,A23,0
KE-008136,cattle,Boran,F,74,H00884,A23,0
KE-008137,cattle,Ayrshire cross,M,106,H00884,A23,1
KE-008138,cattle,Friesian cross,F,20,H00884,A23,1
KE-008139,cattle,Sahiwal,M,15,H00884,A23,1
KE-008140,cattle,Zebu,M,31,H00885,A23,0
KE-008141,cattle,Friesian cross,F,31,H00885,A23,0
KE-008142,cattle,Sahiwal,F,116,H00885,A23,0
KE-008143,cattle,Sahiwal,M,82,H00885,A23,1
KE-008144,cattle,Ayrshire cross,M,55,H00885,A23,0
KE-008145,cattle,Boran,M,23,H00885,A23,0
KE-008146,cattle,Zebu,F,36,H00885,A23,1
KE-008147,cattle,Sahiwal,F,119,H00885,A23,0
KE-008148,cattle,Sahiwal,M,66,H00886,A23,0
KE-008149,cattle,Ayrshire cross,M,115,H00886,A23,0
KE-008150,cattle,Ayrshire cross,F,36,H00886,A23,0
KE-008151,cattle,Ayrshire cross,F,44,H00886,A23,1
KE-008152,cattle,Boran,F,93,H00886,A23,1
KE-008153,cattle,Boran,F,73,H00886,A23,0
KE-008154,cattle,Ayrshire cross,M,81,H00886,A23,1
KE-008155,cattle,Boran,M,21,H00887,A23,1
KE-008156,cattle,Sahiwal,M,101,H00887,A23,1
KE-008157,cattle,Boran,F,92,H00887,A23,1
KE-008158,cattle,Friesian cross,F,55,H00887,A23,0
KE-008159,cattle,Sahiwal,M,40,H00887,A23,1
KE-008160,cattle,Ayrshire cross,F,34,H00887,A23,0
KE-008161,cattle,Ayrshire cross,M,87,H00887,A23,1
KE-008162,cattle,Zebu,F,67,H00887,A23,0
KE-008163,cattle,Zebu,F,13,H00887,A23,0
KE-008164,cattle,Boran,M,46,H00887,A23,0
KE-008165,cattle,Friesian cross,F,58,H00887,A23,0
KE-008166,cattle,Sahiwal,F,91,H00887,A23,0
KE-008167,cattle,Sahiwal,M,64,H00887,A23,0
KE-008168,cattle,Zebu,M,31,H00887,A23,1
KE-008169,cattle,Zebu,M,107,H00887,A23,0
KE-008170,cattle,Boran,F,10,H00888,A23,1
KE-008171,cattle,Zebu,F,48,H00888,A23,0
KE-008172,cattle,Sahiwal,M,55,H00888,A23,1
KE-008173,cattle,Friesian cross,M,53,H00888,A23,1
KE-008174,cattle,Friesian cross,M,88,H00888,A23,0
KE-008175,cattle,Friesian cross,M,82,H00889,A23,0
KE-008176,cattle,Friesian cross,F,12,H00889,A23,0
KE-008177,cattle,Friesian cross,F,6,H00889,A23,0
KE-008178,cattle,Boran,F,27,H00889,A23,0
KE-008179,cattle,Boran,F,13,H00889,A23,0
KE-008180,cattle,Ayrshire cross,F,98,H00889,A23,0
KE-008181,cattle,Ayrshire cross,M,18,H00889,A23,1
KE-008182,cattle,Zebu,M,110,H00889,A23,1
KE-008183,cattle,Friesian cross,M,78,H00889,A23,0
KE-008184,cattle,Boran,F,75,H00889,A23,0
KE-008185,cattle,Sahiwal,F,81,H00889,A23,1
KE-008186,cattle,Friesian cross,F,108,H00889,A23,1
KE-008187,cattle,Ayrshire cross,F,35,H00889,A23,0
KE-008188,cattle,Zebu,F,32,H00889,A23,1
KE-008189,cattle,Ayrshire cross,F,36,H00890,A23,0
KE-008190,cattle,Friesian cross,F,52,H00890,A23,0
KE-008191,cattle,Sahiwal,M,61,H00890,A23,1
KE-008192,cattle,Zebu,F,55,H00890,A23,0
KE-008193,cattle,Sahiwal,M,76,H00890,A23,0
KE-008194,cattle,Ayrshire cross,F,49,H00890,A23,0
KE-008195,cattle,Sahiwal,F,28,H00890,A23,1
KE-008196,cattle,Boran,M,119,H00890,A23,1
KE-008197,cattle,Ayrshire cross,M,6,H00890,A23,1
KE-008198,cattle,Boran,F,8,H00890,A23,0
KE-008199,cattle,Friesian cross,M,47,H00890,A23,0
KE-008200,cattle,Boran,F,69,H00890,A23,1
KE-008201,cattle,Boran,F,106,H00891,A23,0
KE-008202,cattle,Ayrshire cross,F,17,H00891,A23,0
KE-008203,cattle,Ayrshire cross,M,32,H00891,A23,0
KE-008204,cattle,Boran,F,95,H00891,A23,1
KE-008205,cattle,Ayrshire cross,M,98,H00891,A23,1
KE-008206,cattle,Friesian cross,F,82,H00891,A23,0
KE-008207,cattle,Sahiwal,F,9,H00891,A23,1
KE-008208,cattle,Friesian cross,F,15,H00891,A23,0
KE-008209,cattle,Zebu,F,46,H00891,A23,1
KE-008210,cattle,Boran,M,54,H00891,A23,0
KE-008211,cattle,Ayrshire cross,F,54,H00891,A23,1
KE-008212,cattle,Boran,F,117,H00892,A23,1
KE-008213,cattle,Friesian cross,F,55,H00892,A23,1
KE-008214,cattle,Sahiwal,F,112,H00892,A23,1
KE-008215,cattle,Sahiwal,F,30,H00892,A23,0
KE-008216,cattle,Friesian cross,M,86,H00892,A23,0
KE-008217,cattle,Zebu,F,77,H00892,A23,0
KE-008218,cattle,Zebu,M,84,H00892,A23,0
KE-008219,cattle,Sahiwal,M,57,H00892,A23,1
KE-008220,cattle,Ayrshire cross,F,68,H00892,A23,0
KE-008221,cattle,Sahiwal,M,64,H00892,A23,0
KE-008222,cattle,Sahiwal,F,43,H00892,A23,1
KE-008223,cattle,Boran,F,18,H00892,A23,0
KE-008224,cattle,Friesian cross,F,96,H00892,A23,0
KE-008225,cattle,Zebu,M,48,H00892,A23,0
KE-008226,cattle,Zebu,F,87,H00892,A23,1
KE-008227,cattle,Friesian cross,M,34,H00892,A23,0
KE-008228,cattle,Boran,M,77,H00892,A23,1
KE-008229,cattle,Ayrshire cross,M,92,H00892,A23,0
KE-008230,cattle,Zebu,F,62,H00892,A23,1
KE-008231,cattle,Boran,M,12,H00892,A23,0
KE-008232,cattle,Boran,M,18,H00892,A23,0
KE-008233,cattle,Ayrshire cross,M,71,H00892,A23,0
KE-008234,cattle,Zebu,M,31,H00892,A23,0
KE-008235,cattle,Boran,F,23,H00892,A23,0
KE-008236,cattle,Zebu,F,118,H00892,A23,0
KE-008237,cattle,Boran,M,40,H00892,A23,1
KE-008238,cattle,Ayrshire cross,F,72,H00892,A23,1
KE-008239,cattle,Zebu,M,113,H00892,A23,0
KE-008240,cattle,Boran,M,88,H00892,A23,1
KE-008241,cattle,Sahiwal,M,15,H00893,A23,0
KE-008242,cattle,Boran,F,83,H00893,A23,0
KE-008243,cattle,Zebu,F,23,H00893,A23,1
KE-008244,cattle,Boran,M,53,H00893,A23,0
KE-008245,cattle,Ayrshire cross,F,51,H00893,A23,1
KE-008246,cattle,Boran,M,60,H00893,A23,1
KE-008247,cattle,Boran,F,95,H00893,A23,1
KE-008248,cattle,Boran,M,81,H00893,A23,0
KE-008249,cattle,Sahiwal,M,105,H00894,A23,0
KE-008250,cattle,Sahiwal,F,45,H00894,A23,0
KE-008251,cattle,Friesian cross,F,80,H00894,A23,0
KE-008252,cattle,Zebu,F,26,H00894,A23,0
KE-008253,cattle,Friesian cross,M,100,H00894,A23,0
KE-008254,cattle,Boran,F,82,H00894,A23,0
KE-008255,cattle,Friesian cross,F,100,H00894,A23,0
KE-008256,cattle,Sahiwal,F,76,H00894,A23,1
KE-008257,cattle,Sahiwal,F,23,H00894,A23,0
KE-008258,cattle,Boran,F,27,H00894,A23,0
KE-008259,cattle,Zebu,F,104,H00894,A23,0
KE-008260,cattle,Ayrshire cross,M,55,H00894,A23,0
KE-008261,cattle,Boran,M,27,H00894,A23,0
KE-008262,cattle,Friesian cross,F,90,H00894,A23,0
KE-008263,cattle,Sahiwal,F,66,H00894,A23,0
KE-008264,cattle,Boran,F,39,H00894,A23,1
KE-008265,cattle,Friesian cross,F,36,H00894,A23,0
KE-008266,cattle,Sahiwal,F,89,H00894,A23,1
KE-008267,cattle,Sahiwal,M,55,H00894,A23,0
KE-008268,cattle,Ayrshire cross,M,42,H00894,A23,0
KE-008269,cattle,Ayrshire cross,M,103,H00894,A23,0
KE-008270,cattle,Friesian cross,M,112,H00894,A23,0
KE-008271,cattle,Boran,M,107,H00894,A23,0
KE-008272,cattle,Sahiwal,F,28,H00894,A23,0
KE-008273,cattle,Ayrshire cross,F,94,H00894,A23,0
KE-008274,cattle,Sahiwal,F,119,H00894,A23,1
KE-008275,cattle,Boran,F,86,H00894,A23,1
KE-008276,cattle,Ayrshire cross,M,77,H00894,A23,1
KE-008277,cattle,Sahiwal,F,48,H00894,A23,0
KE-008278,cattle,Friesian cross,F,51,H00894,A23,0
KE-008279,cattle,Boran,F,118,H00894,A23,0
KE-008280,cattle,Sahiwal,F,96,H00894,A23,0
KE-008281,cattle,Ayrshire cross,F,46,H00894,A23,1
KE-008282,cattle,Friesian cross,M,9,H00894,A23,0
KE-008283,cattle,Zebu,M,96,H00894,A23,0
KE-008284,cattle,Zebu,M,112,H00894,A23,1
KE-008285,cattle,Boran,M,94,H00894,A23,0
KE-008286,cattle,Sahiwal,F,19,H00894,A23,0
KE-008287,cattle,Ayrshire cross,M,87,H00894,A23,0
KE-008288,cattle,Ayrshire cross,M,29,H00895,A23,0
KE-008289,cattle,Zebu,F,90,H00895,A23,1
KE-008290,cattle,Friesian cross,F,46,H00895,A23,1
KE-008291,cattle,Zebu,F,41,H00895,A23,0
KE-008292,cattle,Friesian cross,F,10,H00895,A23,0
KE-008293,cattle,Zebu,F,85,H00895,A23,0
KE-008294,cattle,Friesian cross,F,32,H00895,A23,0
KE-008295,cattle,Friesian cross,F,76,H00895,A23,0
KE-008296,cattle,Sahiwal,F,44,H00895,A23,1
KE-008297,cattle,Boran,M,99,H00895,A23,1
KE-008298,cattle,Zebu,F,58,H00896,A23,1
KE-008299,cattle,Sahiwal,F,102,H00896,A23,0
KE-008300,cattle,Sahiwal,F,92,H00896,A23,0
KE-008301,cattle,Friesian cross,F,90,H00896,A23,1
KE-008302,cattle,Boran,M,99,H00896,A23,0
KE-008303,cattle,Zebu,M,41,H00896,A23,0
KE-008304,cattle,Sahiwal,F,43,H00897,A23,0
KE-008305,cattle,Zebu,F,90,H00897,A23,0
KE-008306,cattle,Zebu,M,35,H00897,A23,1
KE-008307,cattle,Friesian cross,F,90,H00897,A23,0
KE-008308,cattle,Sahiwal,F,117,H00897,A23,1
KE-008309,cattle,Sahiwal,F,15,H00897,A23,0
KE-008310,cattle,Zebu,M,12,H00897,A23,0
KE-008311,cattle,Boran,F,113,H00897,A23,0
KE-008312,cattle,Zebu,M,69,H00897,A23,0
KE-008313,cattle,Boran,M,45,H00897,A23,0
KE-008314,cattle,Friesian cross,F,41,H00897,A23,0
KE-008315,cattle,Ayrshire cross,F,89,H00897,A23,0
KE-008316,cattle,Sahiwal,F,55,H00898,A23,1
KE-008317,cattle,Sahiwal,M,13,H00898,A23,1
KE-008318,cattle,Friesian cross,F,16,H00898,A23,0
KE-008319,cattle,Boran,F,77,H00898,A23,0
KE-008320,cattle,Boran,M,14,H00898,A23,1
KE-008321,cattle,Sahiwal,F,8,H00898,A23,1
KE-008322,cattle,Boran,M,25,H00899,A23,0
KE-008323,cattle,Friesian cross,F,6,H00899,A23,0
KE-008324,cattle,Sahiwal,F,108,H00899,A23,0
KE-008325,cattle,Boran,F,86,H00899,A23,1
KE-008326,cattle,Ayrshire cross,F,58,H00899,A23,0
KE-008327,cattle,Friesian cross,F,86,H00899,A23,1
KE-008328,cattle,Friesian cross,F,108,H00899,A23,0
KE-008329,cattle,Sahiwal,F,115,H00899,A23,0
KE-008330,cattle,Sahiwal,F,94,H00900,A23,1
KE-008331,cattle,Ayrshire cross,F,108,H00900,A23,1
KE-008332,cattle,Boran,M,52,H00900,A23,0
KE-008333,cattle,Boran,F,36,H00900,A23,0
KE-008334,cattle,Ayrshire cross,M,88,H00900,A23,1
KE-008335,cattle,Zebu,M,86,H00900,A23,0
KE-008336,cattle,Boran,F,71,H00900,A23,0
KE-008337,cattle,Sahiwal,F,75,H00900,A23,1
KE-008338,cattle,Boran,F,17,H00900,A23,1
KE-008339,cattle,Zebu,F,25,H00900,A23,1
KE-008340,cattle,Sahiwal,M,36,H00900,A23,0
KE-008341,cattle,Ayrshire cross,M,45,H00900,A23,0
KE-008342,cattle,Zebu,F,9,H00900,A23,1
KE-008343,cattle,Boran,F,71,H00900,A23,0
KE-008344,cattle,Boran,F,28,H00900,A23,0
KE-008345,cattle,Boran,F,31,H00901,A23,1
KE-008346,cattle,Sahiwal,F,84,H00901,A23,0
KE-008347,cattle,Friesian cross,M,66,H00901,A23,1
KE-008348,cattle,Sahiwal,F,90,H00901,A23,0
KE-008349,cattle,Friesian cross,M,89,H00901,A23,0
KE-008350,cattle,Friesian cross,F,43,H00901,A23,1
KE-008351,cattle,Zebu,F,76,H00901,A23,1
KE-008352,cattle,Friesian cross,M,8,H00901,A23,1
KE-008353,cattle,Boran,F,43,H00901,A23,0
KE-008354,cattle,Sahiwal,M,28,H00901,A23,1
KE-008355,cattle,Sahiwal,F,27,H00901,A23,1
KE-008356,cattle,Sahiwal,F,79,H00901,A23,0
KE-008357,cattle,Zebu,F,55,H00901,A23,1
KE-008358,cattle,Friesian cross,F,66,H00901,A23,0
KE-008359,cattle,Friesian cross,F,98,H00901,A23,0
KE-008360,cattle,Ayrshire cross,F,53,H00901,A23,0
KE-008361,cattle,Zebu,F,70,H00902,A23,0
KE-008362,cattle,Ayrshire cross,F,14,H00902,A23,0
KE-008363,cattle,Zebu,M,57,H00902,A23,0
KE-008364,cattle,Boran,F,58,H00902,A23,0
KE-008365,cattle,Friesian cross,F,66,H00902,A23,1
KE-008366,cattle,Ayrshire cross,F,12,H00902,A23,1
KE-008367,cattle,Zebu,M,102,H00902,A23,0
KE-008368,cattle,Ayrshire cross,F,31,H00902,A23,0
KE-008369,cattle,Sahiwal,F,84,H00903,A23,0
KE-008370,cattle,Sahiwal,M,71,H00903,A23,0
KE-008371,cattle,Sahiwal,F,119,H00903,A23,1
KE-008372,cattle,Friesian cross,F,76,H00903,A23,0
KE-008373,cattle,Zebu,F,54,H00903,A23,0
KE-008374,cattle,Zebu,M,113,H00903,A23,0
KE-008375,cattle,Zebu,F,71,H00903,A23,0
KE-008376,cattle,Ayrshire cross,M,12,H00903,A23,0
KE-008377,cattle,Sahiwal,M,61,H00903,A23,0
KE-008378,cattle,Boran,M,98,H00903,A23,0
KE-008379,cattle,Sahiwal,M,110,H00903,A23,0
KE-008380,cattle,Zebu,F,23,H00903,A23,0
KE-008381,cattle,Friesian cross,F,89,H00903,A23,0
KE-008382,cattle,Ayrshire cross,F,93,H00903,A23,1
KE-008383,cattle,Ayrshire cross,F,86,H00903,A23,0
KE-008384,cattle,Boran,F,105,H00903,A23,0
KE-008385,cattle,Boran,M,102,H00903,A23,0
KE-008386,cattle,Friesian cross,F,116,H00903,A23,1
KE-008387,cattle,Ayrshire cross,M,70,H00903,A23,0
KE-008388,cattle,Sahiwal,F,18,H00903,A23,0
KE-008389,cattle,Sahiwal,M,106,H00904,A24,1
KE-008390,cattle,Zebu,M,103,H00904,A24,0
KE-008391,cattle,Friesian cross,F,101,H00904,A24,0
KE-008392,cattle,Boran,M,57,H00904,A24,1
KE-008393,cattle,Boran,F,96,H00904,A24,1
KE-008394,cattle,Boran,F,119,H00904,A24,1
KE-008395,cattle,Zebu,F,104,H00904,A24,0
KE-008396,cattle,Friesian cross,F,118,H00904,A24,1
KE-008397,cattle,Sahiwal,M,84,H00904,A24,1
KE-008398,cattle,Boran,F,68,H00904,A24,1
KE-008399,cattle,Sahiwal,M,41,H00904,A24,1
KE-008400,cattle,Ayrshire cross,M,31,H00904,A24,0
KE-008401,cattle,Ayrshire cross,M,113,H00904,A24,0
KE-008402,cattle,Zebu,F,49,H00904,A24,1
KE-008403,cattle,Friesian cross,F,32,H00904,A24,0
KE-008404,cattle,Friesian cross,F,97,H00904,A24,0
KE-008405,cattle,Boran,F,19,H00904,A24,0
KE-008406,cattle,Sahiwal,F,86,H00904,A24,0
KE-008407,cattle,Ayrshire cross,M,58,H00904,A24,0
KE-008408,cattle,Boran,F,88,H00904,A24,0
KE-008409,cattle,Boran,F,66,H00904,A24,0
KE-008410,cattle,Zebu,F,71,H00904,A24,0
KE-008411,cattle,Zebu,M,16,H00904,A24,0
KE-008412,cattle,Ayrshire cross,F,31,H00904,A24,0
KE-008413,cattle,Ayrshire cross,M,92,H00904,A24,0
KE-008414,cattle,Sahiwal,M,25,H00904,A24,0
KE-008415,cattle,Boran,M,50,H00904,A24,0
KE-008416,cattle,Boran,F,66,H00905,A24,1
KE-008417,cattle,Boran,M,20,H00905,A24,0
KE-008418,cattle,Boran,F,63,H00905,A24,1
KE-008419,cattle,Friesian cross,M,59,H00905,A24,1
KE-008420,cattle,Boran,M,9,H00905,A24,1
KE-008421,cattle,Boran,M,55,H00905,A24,1
KE-008422,cattle,Zebu,F,56,H00905,A24,1
KE-008423,cattle,Friesian cross,M,110,H00905,A24,1
KE-008424,cattle,Zebu,F,21,H00905,A24,0
KE-008425,cattle,Zebu,F,91,H00905,A24,1
KE-008426,cattle,Sahiwal,M,111,H00905,A24,1
KE-008427,cattle,Sahiwal,F,52,H00905,A24,0
KE-008428,cattle,Zebu,F,48,H00905,A24,0
KE-008429,cattle,Boran,F,83,H00905,A24,0
KE-008430,cattle,Friesian cross,F,11,H00905,A24,0
KE-008431,cattle,Boran,M,73,H00905,A24,0
KE-008432,cattle,Sahiwal,F,94,H00906,A24,1
KE-008433,cattle,Ayrshire cross,M,109,H00906,A24,0
KE-008434,cattle,Boran,F,76,H00906,A24,1
KE-008435,cattle,Zebu,F,51,H00906,A24,0
KE-008436,cattle,Friesian cross,F,100,H00906,A24,0
KE-008437,cattle,Friesian cross,F,9,H00906,A24,0
KE-008438,cattle,Ayrshire cross,F,90,H00906,A24,0
KE-008439,cattle,Boran,M,8,H00906,A24,0
KE-008440,cattle,Boran,M,7,H00906,A24,1
KE-008441,cattle,Sahiwal,F,78,H00906,A24,1
KE-008442,cattle,Boran,F,77,H00906,A24,1
KE-008443,cattle,Friesian cross,F,99,H00906,A24,0
KE-008444,cattle,Sahiwal,F,75,H00906,A24,0
KE-008445,cattle,Sahiwal,F,57,H00906,A24,0
KE-008446,cattle,Boran,F,74,H00906,A24,1
KE-008447,cattle,Friesian cross,M,67,H00906,A24,1
KE-008448,cattle,Friesian cross,F,52,H00906,A24,1
KE-008449,cattle,Ayrshire cross,F,84,H00906,A24,1
KE-008450,cattle,Zebu,F,40,H00906,A24,0
KE-008451,cattle,Ayrshire cross,F,52,H00906,A24,0
KE-008452,cattle,Sahiwal,F,7,H00906,A24,1
KE-008453,cattle,Sahiwal,F,100,H00906,A24,1
KE-008454,cattle,Ayrshire cross,F,67,H00906,A24,0
KE-008455,cattle,Sahiwal,F,50,H00906,A24,0
KE-008456,cattle,Sahiwal,M,89,H00906,A24,0
KE-008457,cattle,Ayrshire cross,F,61,H00906,A24,0
KE-008458,cattle,Boran,F,84,H00907,A24,0
KE-008459,cattle,Zebu,F,69,H00907,A24,0
KE-008460,cattle,Friesian cross,F,80,H00907,A24,0
KE-008461,cattle,Zebu,F,114,H00907,A24,0
KE-008462,cattle,Ayrshire cross,F,108,H00908,A24,0
KE-008463,cattle,Friesian cross,M,28,H00908,A24,0
KE-008464,cattle,Friesian cross,M,45,H00908,A24,1
KE-008465,cattle,Sahiwal,F,32,H00908,A24,1
KE-008466,cattle,Ayrshire cross,F,9,H00908,A24,1
KE-008467,cattle,Boran,F,21,H00908,A24,0
KE-008468,cattle,Sahiwal,M,16,H00908,A24,1
KE-008469,cattle,Friesian cross,F,10,H00908,A24,0
KE-008470,cattle,Sahiwal,M,68,H00908,A24,1
KE-008471,cattle,Sahiwal,M,28,H00908,A24,1
KE-008472,cattle,Sahiwal,F,97,H00909,A24,1
KE-008473,cattle,Sahiwal,F,41,H00909,A24,0
KE-008474,cattle,Friesian cross,F,117,H00909,A24,0
KE-008475,cattle,Sahiwal,F,29,H00909,A24,0
KE-008476,cattle,Ayrshire cross,F,117,H00909,A24,0
KE-008477,cattle,Ayrshire cross,M,59,H00909,A24,0
KE-008478,cattle,Sahiwal,F,84,H00909,A24,0
KE-008479,cattle,Sahiwal,F,115,H00910,A24,1
KE-008480,cattle,Friesian cross,M,106,H00910,A24,0
KE-008481,cattle,Sahiwal,F,83,H00910,A24,0
KE-008482,cattle,Zebu,M,28,H00910,A24,0
KE-008483,cattle,Ayrshire cross,F,99,H00910,A24,0
KE-008484,cattle,Friesian cross,F,46,H00910,A24,0
KE-008485,cattle,Friesian cross,M,80,H00910,A24,0
KE-008486,cattle,Friesian cross,F,34,H00910,A24,0
KE-008487,cattle,Friesian cross,M,61,H00910,A24,1
KE-008488,cattle,Friesian cross,M,51,H00910,A24,0
KE-008489,cattle,Boran,F,42,H00910,A24,1
KE-008490,cattle,Zebu,M,20,H00910,A24,0
KE-008491,cattle,Sahiwal,M,39,H00911,A24,0
KE-008492,cattle,Sahiwal,M,47,H00911,A24,0
KE-008493,cattle,Friesian cross,M,35,H00911,A24,1
KE-008494,cattle,Ayrshire cross,F,119,H00911,A24,0
KE-008495,cattle,Boran,F,26,H00911,A24,0
KE-008496,cattle,Ayrshire cross,M,101,H00911,A24,1
KE-008497,cattle,Sahiwal,F,76,H00911,A24,1
KE-008498,cattle,Friesian cross,M,65,H00911,A24,0
KE-008499,cattle,Friesian cross,M,32,H00912,A24,0
KE-008500,cattle,Ayrshire cross,M,47,H00912,A24,0
KE-008501,cattle,Boran,M,35,H00912,A24,0
KE-008502,cattle,Friesian cross,F,90,H00912,A24,0
KE-008503,cattle,Boran,F,94,H00912,A24,1
KE-008504,cattle,Zebu,M,19,H00912,A24,0
KE-008505,cattle,Zebu,F,115,H00912,A24,0
KE-008506,cattle,Boran,M,10,H00912,A24,0
KE-008507,cattle,Boran,F,47,H00912,A24,0
KE-008508,cattle,Ayrshire cross,F,94,H00912,A24,0
KE-008509,cattle,Ayrshire cross,M,109,H00912,A24,0
KE-008510,cattle,Friesian cross,F,62,H00913,A24,0
KE-008511,cattle,Friesian cross,F,101,H00913,A24,1
KE-008512,cattle,Sahiwal,F,34,H00913,A24,0
KE-008513,cattle,Sahiwal,F,92,H00913,A24,1
KE-008514,cattle,Zebu,M,21,H00913,A24,1
KE-008515,cattle,Sahiwal,M,45,H00913,A24,0
KE-008516,cattle,Sahiwal,F,98,H00913,A24,1
KE-008517,cattle,Zebu,M,108,H00913,A24,0
KE-008518,cattle,Ayrshire cross,F,72,H00913,A24,0
KE-008519,cattle,Ayrshire cross,F,11,H00913,A24,0
KE-008520,cattle,Boran,F,6,H00913,A24,1
KE-008521,cattle,Boran,M,45,H00913,A24,0
KE-008522,cattle,Friesian cross,F,24,H00913,A24,0
KE-008523,cattle,Boran,M,25,H00913,A24,1
KE-008524,cattle,Friesian cross,F,79,H00913,A24,0
KE-008525,cattle,Friesian cross,F,65,H00913,A24,0
KE-008526,cattle,Ayrshire cross,M,64,H00913,A24,0
KE-008527,cattle,Friesian cross,F,23,H00913,A24,1
KE-008528,cattle,Sahiwal,M,106,H00913,A24,1
KE-008529,cattle,Ayrshire cross,M,73,H00913,A24,1
KE-008530,cattle,Friesian cross,F,77,H00913,A24,0
KE-008531,cattle,Sahiwal,F,68,H00913,A24,0
KE-008532,cattle,Friesian cross,M,57,H00913,A24,0
KE-008533,cattle,Friesian cross,F,81,H00913,A24,0
KE-008534,cattle,Sahiwal,F,59,H00913,A24,1
KE-008535,cattle,Boran,F,64,H00913,A24,0
KE-008536,cattle,Boran,F,48,H00913,A24,0
KE-008537,cattle,Boran,M,103,H00913,A24,0
KE-008538,cattle,Boran,F,14,H00913,A24,1
KE-008539,cattle,Boran,M,14,H00913,A24,0
KE-008540,cattle,Zebu,M,74,H00913,A24,0
KE-008541,cattle,Ayrshire cross,F,56,H00913,A24,0
KE-008542,cattle,Sahiwal,F,84,H00913,A24,1
KE-008543,cattle,Ayrshire cross,M,97,H00913,A24,0
KE-008544,cattle,Sahiwal,F,119,H00913,A24,0
KE-008545,cattle,Ayrshire cross,M,77,H00914,A24,0
KE-008546,cattle,Zebu,F,100,H00914,A24,0
KE-008547,cattle,Sahiwal,F,67,H00914,A24,0
KE-008548,cattle,Sahiwal,F,62,H00914,A24,0
KE-008549,cattle,Zebu,F,13,H00914,A24,0
KE-008550,cattle,Boran,F,32,H00914,A24,0
KE-008551,cattle,Friesian cross,F,31,H00914,A24,0
KE-008552,cattle,Ayrshire cross,M,106,H00914,A24,0
KE-008553,cattle,Boran,F,11,H00914,A24,0
KE-008554,cattle,Friesian cross,F,62,H00914,A24,0
KE-008555,cattle,Ayrshire cross,M,40,H00914,A24,0
KE-008556,cattle,Zebu,M,44,H00915,A24,0
KE-008557,cattle,Ayrshire cross,F,15,H00915,A24,0
KE-008558,cattle,Friesian cross,F,70,H00915,A24,1
KE-008559,cattle,Boran,F,24,H00915,A24,0
KE-008560,cattle,Ayrshire cross,F,48,H00915,A24,0
KE-008561,cattle,Ayrshire cross,F,78,H00915,A24,0
KE-008562,cattle,Sahiwal,F,28,H00915,A24,1
KE-008563,cattle,Ayrshire cross,F,87,H00915,A24,0
KE-008564,cattle,Sahiwal,F,104,H00915,A24,1
KE-008565,cattle,Boran,F,107,H00915,A24,0
KE-008566,cattle,Friesian cross,F,39,H00915,A24,0
KE-008567,cattle,Boran,M,102,H00915,A24,0
KE-008568,cattle,Sahiwal,M,93,H00915,A24,1
KE-008569,cattle,Zebu,F,73,H00915,A24,1
KE-008570,cattle,Boran,M,92,H00915,A24,0
KE-008571,cattle,Ayrshire cross,F,62,H00916,A24,1
KE-008572,cattle,Zebu,F,33,H00916,A24,0
KE-008573,cattle,Ayrshire cross,F,79,H00916,A24,1
KE-008574,cattle,Ayrshire cross,M,25,H00916,A24,1
KE-008575,cattle,Boran,F,25,H00916,A24,1
KE-008576,cattle,Zebu,M,48,H00916,A24,1
KE-008577,cattle,Sahiwal,F,25,H00916,A24,1
KE-008578,cattle,Zebu,M,108,H00916,A24,0
KE-008579,cattle,Friesian cross,F,69,H00916,A24,0
KE-008580,cattle,Sahiwal,M,42,H00916,A24,0
KE-008581,cattle,Ayrshire cross,M,38,H00917,A24,1
KE-008582,cattle,Sahiwal,F,29,H00917,A24,1
KE-008583,cattle,Sahiwal,M,31,H00917,A24,1
KE-008584,cattle,Friesian cross,F,46,H00917,A24,1
KE-008585,cattle,Sahiwal,F,31,H00917,A24,1
KE-008586,cattle,Sahiwal,F,27,H00917,A24,0
KE-008587,cattle,Ayrshire cross,F,113,H00917,A24,0
KE-008588,cattle,Friesian cross,F,81,H00917,A24,0
KE-008589,cattle,Boran,M,63,H00917,A24,1
KE-008590,cattle,Ayrshire cross,M,59,H00917,A24,0
KE-008591,cattle,Friesian cross,M,61,H00917,A24,0
KE-008592,cattle,Ayrshire cross,M,85,H00917,A24,0
KE-008593,cattle,Boran,M,65,H00918,A24,1
KE-008594,cattle,Boran,M,112,H00918,A24,0
KE-008595,cattle,Ayrshire cross,F,13,H00918,A24,1
KE-008596,cattle,Zebu,M,35,H00918,A24,0
KE-008597,cattle,Sahiwal,F,83,H00918,A24,0
KE-008598,cattle,Sahiwal,M,104,H00918,A24,0
KE-008599,cattle,Ayrshire cross,F,83,H00918,A24,1
KE-008600,cattle,Ayrshire cross,M,76,H00918,A24,1
KE-008601,cattle,Zebu,M,111,H00918,A24,0
KE-008602,cattle,Boran,F,12,H00918,A24,0
KE-008603,cattle,Sahiwal,F,98,H00918,A24,1
KE-008604,cattle,Sahiwal,F,22,H00918,A24,0
KE-008605,cattle,Friesian cross,F,61,H00919,A24,0
KE-008606,cattle,Sahiwal,F,105,H00919,A24,1
KE-008607,cattle,Sahiwal,M,71,H00919,A24,1
KE-008608,cattle,Zebu,F,23,H00919,A24,1
KE-008609,cattle,Ayrshire cross,M,108,H00919,A24,1
KE-008610,cattle,Ayrshire cross,F,105,H00919,A24,0
KE-008611,cattle,Boran,F,35,H00919,A24,0
KE-008612,cattle,Friesian cross,F,10,H00919,A24,0
KE-008613,cattle,Zebu,F,49,H00919,A24,1
KE-008614,cattle,Ayrshire cross,M,84,H00919,A24,1
KE-008615,cattle,Boran,F,30,H00919,A24,0
KE-008616,cattle,Zebu,F,23,H00919,A24,0
KE-008617,cattle,Boran,F,11,H00919,A24,0
KE-008618,cattle,Friesian cross,F,106,H00919,A24,0
KE-008619,cattle,Zebu,M,78,H00919,A24,0
KE-008620,cattle,Zebu,F,76,H00920,A24,1
KE-008621,cattle,Sahiwal,F,66,H00920,A24,0
KE-008622,cattle,Zebu,M,16,H00920,A24,0
KE-008623,cattle,Boran,F,29,H00920,A24,0
KE-008624,cattle,Boran,M,69,H00920,A24,0
KE-008625,cattle,Ayrshire cross,F,36,H00920,A24,0
KE-008626,cattle,Friesian cross,M,34,H00920,A24,0
KE-008627,cattle,Zebu,F,48,H00920,A24,0
KE-008628,cattle,Zebu,F,57,H00920,A24,1
KE-008629,cattle,Boran,M,99,H00920,A24,0
KE-008630,cattle,Sahiwal,M,87,H00920,A24,1
KE-008631,cattle,Zebu,F,27,H00920,A24,0
KE-008632,cattle,Zebu,F,43,H00920,A24,0
KE-008633,cattle,Ayrshire cross,F,27,H00920,A24,1
KE-008634,cattle,Zebu,F,67,H00920,A24,1
KE-008635,cattle,Ayrshire cross,M,13,H00920,A24,1
KE-008636,cattle,Zebu,M,81,H00920,A24,0
KE-008637,cattle,Ayrshire cross,F,21,H00920,A24,1
KE-008638,cattle,Boran,M,99,H00920,A24,0
KE-008639,cattle,Zebu,M,36,H00920,A24,0
KE-008640,cattle,Sahiwal,M,22,H00920,A24,1
KE-008641,cattle,Zebu,M,107,H00920,A24,1
KE-008642,cattle,Friesian cross,F,35,H00920,A24,0
KE-008643,cattle,Zebu,F,20,H00921,A24,0
KE-008644,cattle,Boran,F,9,H00921,A24,0
KE-008645,cattle,Boran,F,65,H00921,A24,1
KE-008646,cattle,Zebu,F,66,H00921,A24,0
KE-008647,cattle,Boran,F,115,H00921,A24,0
KE-008648,cattle,Boran,F,103,H00921,A24,0
KE-008649,cattle,Zebu,F,54,H00921,A24,1
KE-008650,cattle,Boran,M,43,H00921,A24,0
KE-008651,cattle,Boran,F,70,H00921,A24,0
KE-008652,cattle,Friesian cross,F,53,H00921,A24,1
KE-008653,cattle,Sahiwal,F,49,H00921,A24,0
KE-008654,cattle,Ayrshire cross,F,50,H00921,A24,1
KE-008655,cattle,Ayrshire cross,M,84,H00921,A24,1
KE-008656,cattle,Friesian cross,M,104,H00921,A24,1
KE-008657,cattle,Ayrshire cross,M,38,H00921,A24,0
KE-008658,cattle,Sahiwal,F,32,H00921,A24,1
KE-008659,cattle,Zebu,M,96,H00921,A24,0
KE-008660,cattle,Ayrshire cross,M,76,H00921,A24,1
KE-008661,cattle,Sahiwal,F,106,H00921,A24,1
KE-008662,cattle,Sahiwal,M,119,H00921,A24,0
KE-008663,cattle,Friesian cross,F,62,H00921,A24,0
KE-008664,cattle,Zebu,F,9,H00921,A24,0
KE-008665,cattle,Ayrshire cross,M,107,H00921,A24,0
KE-008666,cattle,Ayrshire cross,F,97,H00921,A24,1
KE-008667,cattle,Ayrshire cross,F,54,H00921,A24,0
KE-008668,cattle,Friesian cross,M,48,H00921,A24,0
KE-008669,cattle,Boran,M,49,H00921,A24,0
KE-008670,cattle,Friesian cross,M,35,H00921,A24,0
KE-008671,cattle,Ayrshire cross,F,17,H00921,A24,0
KE-008672,cattle,Friesian cross,F,30,H00921,A24,1
KE-008673,cattle,Friesian cross,M,67,H00922,A24,1
KE-008674,cattle,Boran,M,100,H00922,A24,1
KE-008675,cattle,Sahiwal,M,94,H00922,A24,0
KE-008676,cattle,Zebu,F,75,H00922,A24,1
KE-008677,cattle,Ayrshire cross,F,36,H00922,A24,0
KE-008678,cattle,Ayrshire cross,M,85,H00922,A24,1
KE-008679,cattle,Sahiwal,F,109,H00922,A24,1
KE-008680,cattle,Sahiwal,F,98,H00922,A24,1
KE-008681,cattle,Friesian cross,M,117,H00922,A24,0
KE-008682,cattle,Ayrshire cross,F,25,H00922,A24,1
KE-008683,cattle,Boran,M,27,H00922,A24,1
KE-008684,cattle,Zebu,F,91,H00922,A24,0
KE-008685,cattle,Ayrshire cross,F,14,H00922,A24,1
KE-008686,cattle,Sahiwal,F,111,H00922,A24,0
KE-008687,cattle,Boran,M,39,H00923,A24,0
KE-008688,cattle,Boran,M,58,H00923,A24,0
KE-008689,cattle,Boran,M,115,H00923,A24,0
KE-008690,cattle,Sahiwal,F,9,H00923,A24,1
KE-008691,cattle,Ayrshire cross,F,40,H00923,A24,0
KE-008692,cattle,Ayrshire cross,F,65,H00923,A24,0
KE-008693,cattle,Friesian cross,F,11,H00923,A24,0
KE-008694,cattle,Boran,F,68,H00923,A24,0
KE-008695,cattle,Ayrshire cross,F,24,H00923,A24,0
KE-008696,cattle,Zebu,F,56,H00923,A24,1
KE-008697,cattle,Ayrshire cross,F,45,H00923,A24,0
KE-008698,cattle,Sahiwal,M,73,H00923,A24,0
KE-008699,cattle,Ayrshire cross,M,6,H00923,A24,1
KE-008700,cattle,Boran,F,87,H00923,A24,0
KE-008701,cattle,Ayrshire cross,F,111,H00923,A24,0
KE-008702,cattle,Sahiwal,F,67,H00923,A24,1
KE-008703,cattle,Sahiwal,F,83,H00924,A24,1
KE-008704,cattle,Friesian cross,F,93,H00924,A24,1
KE-008705,cattle,Boran,M,115,H00924,A24,0
KE-008706,cattle,Friesian cross,F,64,H00924,A24,1
KE-008707,cattle,Friesian cross,M,114,H00924,A24,0
KE-008708,cattle,Ayrshire cross,F,64,H00924,A24,0
KE-008709,cattle,Friesian cross,F,7,H00925,A24,0
KE-008710,cattle,Sahiwal,F,91,H00925,A24,0
KE-008711,cattle,Zebu,F,16,H00925,A24,1
KE-008712,cattle,Friesian cross,F,44,H00925,A24,0
KE-008713,cattle,Friesian cross,F,59,H00925,A24,0
KE-008714,cattle,Boran,F,91,H00925,A24,0
KE-008715,cattle,Zebu,F,6,H00925,A24,0
KE-008716,cattle,Zebu,F,105,H00925,A24,0
KE-008717,cattle,Zebu,F,29,H00925,A24,0
KE-008718,cattle,Zebu,M,71,H00925,A24,0
KE-008719,cattle,Boran,F,73,H00925,A24,0
KE-008720,cattle,Friesian cross,F,91,H00926,A24,0
KE-008721,cattle,Ayrshire cross,F,61,H00926,A24,0
KE-008722,cattle,Sahiwal,F,34,H00926,A24,0
KE-008723,cattle,Ayrshire cross,M,76,H00926,A24,0
KE-008724,cattle,Sahiwal,F,88,H00926,A24,0
KE-008725,cattle,Zebu,F,17,H00926,A24,0
KE-008726,cattle,Friesian cross,M,26,H00926,A24,0
KE-008727,cattle,Ayrshire cross,F,82,H00926,A24,0
KE-008728,cattle,Ayrshire cross,F,72,H00926,A24,0
KE-008729,cattle,Boran,F,81,H00926,A24,0
KE-008730,cattle,Ayrshire cross,M,35,H00926,A24,0
KE-008731,cattle,Zebu,F,97,H00926,A24,0
KE-008732,cattle,Sahiwal,M,109,H00926,A24,0
KE-008733,cattle,Boran,F,86,H00926,A24,1
KE-008734,cattle,Zebu,F,69,H00926,A24,1
KE-008735,cattle,Ayrshire cross,F,84,H00926,A24,0
KE-008736,cattle,Boran,M,59,H00926,A24,1
KE-008737,cattle,Boran,F,25,H00926,A24,0
KE-008738,cattle,Ayrshire cross,F,24,H00926,A24,0
KE-008739,cattle,Ayrshire cross,F,90,H00926,A24,1
KE-008740,cattle,Boran,M,69,H00927,A24,0
KE-008741,cattle,Friesian cross,F,17,H00927,A24,0
KE-008742,cattle,Friesian cross,M,18,H00927,A24,0
KE-008743,cattle,Boran,F,87,H00927,A24,0
KE-008744,cattle,Zebu,F,109,H00927,A24,0
KE-008745,cattle,Zebu,F,8,H00927,A24,0
KE-008746,cattle,Boran,F,74,H00927,A24,1
KE-008747,cattle,Zebu,F,25,H00927,A24,1
KE-008748,cattle,Sahiwal,M,35,H00927,A24,1
KE-008749,cattle,Friesian cross,F,109,H00927,A24,0
KE-008750,cattle,Friesian cross,F,25,H00927,A24,0
KE-008751,cattle,Sahiwal,F,44,H00927,A24,0
KE-008752,cattle,Sahiwal,F,94,H00927,A24,1
KE-008753,cattle,Sahiwal,F,37,H00927,A24,0
KE-008754,cattle,Ayrshire cross,F,22,H00927,A24,0
KE-008755,cattle,Ayrshire cross,F,113,H00927,A24,0
KE-008756,cattle,Zebu,F,88,H00927,A24,0
KE-008757,cattle,Sahiwal,F,71,H00927,A24,1
KE-008758,cattle,Boran,F,43,H00927,A24,0
KE-008759,cattle,Zebu,M,81,H00928,A24,0
KE-008760,cattle,Sahiwal,F,45,H00928,A24,0
KE-008761,cattle,Zebu,F,14,H00928,A24,0
KE-008762,cattle,Boran,F,93,H00928,A24,0
KE-008763,cattle,Friesian cross,M,21,H00928,A24,0
KE-008764,cattle,Friesian cross,F,91,H00928,A24,0
KE-008765,cattle,Ayrshire cross,F,33,H00928,A24,0
KE-008766,cattle,Sahiwal,F,16,H00928,A24,1
KE-008767,cattle,Zebu,F,64,H00928,A24,0
KE-008768,cattle,Friesian cross,M,78,H00928,A24,0
KE-008769,cattle,Friesian cross,F,115,H00928,A24,0
KE-008770,cattle,Friesian cross,F,40,H00928,A24,0
KE-008771,cattle,Zebu,M,34,H00928,A24,1
KE-008772,cattle,Ayrshire cross,F,68,H00929,A25,1
KE-008773,cattle,Ayrshire cross,F,105,H00929,A25,1
KE-008774,cattle,Sahiwal,M,91,H00929,A25,0
KE-008775,cattle,Ayrshire cross,M,26,H00929,A25,0
KE-008776,cattle,Zebu,F,29,H00929,A25,1
KE-008777,cattle,Friesian cross,M,113,H00929,A25,0
KE-008778,cattle,Boran,M,84,H00929,A25,0
KE-008779,cattle,Ayrshire cross,M,82,H00929,A25,1
KE-008780,cattle,Ayrshire cross,M,21,H00929,A25,0
KE-008781,cattle,Sahiwal,F,27,H00929,A25,0
KE-008782,cattle,Sahiwal,M,62,H00929,A25,0
KE-008783,cattle,Boran,M,61,H00929,A25,0
KE-008784,cattle,Ayrshire cross,F,16,H00929,A25,0
KE-008785,cattle,Ayrshire cross,M,108,H00929,A25,1
KE-008786,cattle,Zebu,F,102,H00929,A25,1
KE-008787,cattle,Sahiwal,M,49,H00929,A25,0
KE-008788,cattle,Zebu,F,83,H00929,A25,0
KE-008789,cattle,Boran,F,60,H00929,A25,0
KE-008790,cattle,Zebu,F,53,H00929,A25,0
KE-008791,cattle,Zebu,F,89,H00930,A25,0
KE-008792,cattle,Zebu,F,33,H00930,A25,0
KE-008793,cattle,Sahiwal,F,66,H00930,A25,0
KE-008794,cattle,Ayrshire cross,F,90,H00930,A25,0
KE-008795,cattle,Ayrshire cross,F,53,H00930,A25,0
KE-008796,cattle,Boran,F,52,H00930,A25,0
KE-008797,cattle,Boran,F,72,H00930,A25,1
KE-008798,cattle,Ayrshire cross,F,75,H00930,A25,0
KE-008799,cattle,Zebu,M,61,H00930,A25,1
KE-008800,cattle,Zebu,F,75,H00930,A25,1
KE-008801,cattle,Ayrshire cross,M,113,H00930,A25,1
KE-008802,cattle,Zebu,M,12,H00930,A25,1
KE-008803,cattle,Boran,F,111,H00930,A25,0
KE-008804,cattle,Sahiwal,F,11,H00930,A25,1
KE-008805,cattle,Boran,M,55,H00930,A25,1
KE-008806,cattle,Zebu,F,78,H00931,A25,0
KE-008807,cattle,Ayrshire cross,M,38,H00931,A25,0
KE-008808,cattle,Sahiwal,M,106,H00931,A25,1
KE-008809,cattle,Ayrshire cross,F,20,H00931,A25,0
KE-008810,cattle,Boran,M,27,H00931,A25,0
KE-008811,cattle,Boran,F,22,H00931,A25,0
KE-008812,cattle,Sahiwal,F,55,H00931,A25,1
KE-008813,cattle,Friesian cross,M,107,H00931,A25,1
KE-008814,cattle,Zebu,M,6,H00931,A25,1
KE-008815,cattle,Sahiwal,F,106,H00931,A25,0
KE-008816,cattle,Sahiwal,M,93,H00931,A25,0
KE-008817,cattle,Sahiwal,F,71,H00931,A25,0
KE-008818,cattle,Sahiwal,F,73,H00931,A25,0
KE-008819,cattle,Friesian cross,F,32,H00931,A25,1
KE-008820,cattle,Ayrshire cross,F,52,H00931,A25,0
KE-008821,cattle,Friesian cross,M,66,H00931,A25,0
KE-008822,cattle,Ayrshire cross,F,11,H00931,A25,1
KE-008823,cattle,Ayrshire cross,F,103,H00931,A25,1
KE-008824,cattle,Friesian cross,M,30,H00931,A25,1
KE-008825,cattle,Boran,M,49,H00931,A25,1
KE-008826,cattle,Boran,M,85,H00931,A25,1
KE-008827,cattle,Friesian cross,F,18,H00931,A25,0
KE-008828,cattle,Ayrshire cross,F,83,H00931,A25,0
KE-008829,cattle,Sahiwal,F,17,H00932,A25,1
KE-008830,cattle,Boran,F,93,H00932,A25,0
KE-008831,cattle,Sahiwal,M,32,H00932,A25,0
KE-008832,cattle,Sahiwal,F,53,H00932,A25,0
KE-008833,cattle,Zebu,F,35,H00932,A25,0
KE-008834,cattle,Boran,M,64,H00932,A25,1
KE-008835,cattle,Friesian cross,F,31,H00932,A25,0
KE-008836,cattle,Ayrshire cross,F,53,H00932,A25,1
KE-008837,cattle,Ayrshire cross,M,59,H00932,A25,1
KE-008838,cattle,Boran,F,70,H00932,A25,1
KE-008839,cattle,Ayrshire cross,F,92,H00932,A25,1
KE-008840,cattle,Friesian cross,F,57,H00932,A25,0
KE-008841,cattle,Zebu,F,93,H00932,A25,0
KE-008842,cattle,Friesian cross,M,63,H00932,A25,1
KE-008843,cattle,Friesian cross,F,68,H00933,A25,1
KE-008844,cattle,Sahiwal,M,31,H00933,A25,1
KE-008845,cattle,Boran,F,113,H00933,A25,0
KE-008846,cattle,Zebu,F,31,H00933,A25,0
KE-008847,cattle,Zebu,F,49,H00933,A25,0
KE-008848,cattle,Friesian cross,M,80,H00933,A25,1
KE-008849,cattle,Friesian cross,F,75,H00933,A25,0
KE-008850,cattle,Zebu,M,73,H00933,A25,0
KE-008851,cattle,Sahiwal,F,32,H00933,A25,1
KE-008852,cattle,Ayrshire cross,M,24,H00933,A25,0
KE-008853,cattle,Zebu,M,45,H00934,A25,0
KE-008854,cattle,Ayrshire cross,F,67,H00934,A25,1
KE-008855,cattle,Zebu,F,58,H00934,A25,1
KE-008856,cattle,Zebu,F,92,H00934,A25,1
KE-008857,cattle,Friesian cross,F,81,H00934,A25,1
KE-008858,cattle,Friesian cross,F,32,H00934,A25,0
KE-008859,cattle,Ayrshire cross,F,48,H00934,A25,0
KE-008860,cattle,Ayrshire cross,F,98,H00934,A25,0
KE-008861,cattle,Sahiwal,F,60,H00934,A25,0
KE-008862,cattle,Sahiwal,F,41,H00934,A25,0
KE-008863,cattle,Boran,F,46,H00934,A25,1
KE-008864,cattle,Sahiwal,F,106,H00934,A25,0
KE-008865,cattle,Friesian cross,M,13,H00934,A25,1
KE-008866,cattle,Zebu,F,34,H00934,A25,1
KE-008867,cattle,Ayrshire cross,F,13,H00935,A25,0
KE-008868,cattle,Friesian cross,F,70,H00935,A25,0
KE-008869,cattle,Friesian cross,M,93,H00936,A25,0
KE-008870,cattle,Zebu,M,48,H00936,A25,0
KE-008871,cattle,Zebu,F,111,H00936,A25,0
KE-008872,cattle,Ayrshire cross,F,111,H00936,A25,1
KE-008873,cattle,Friesian cross,M,118,H00936,A25,1
KE-008874,cattle,Ayrshire cross,M,18,H00936,A25,1
KE-008875,cattle,Boran,F,85,H00936,A25,1
KE-008876,cattle,Ayrshire cross,M,91,H00936,A25,0
KE-008877,cattle,Boran,F,10,H00936,A25,1
KE-008878,cattle,Boran,F,112,H00936,A25,0
KE-008879,cattle,Zebu,F,103,H00936,A25,1
KE-008880,cattle,Friesian cross,F,116,H00936,A25,0
KE-008881,cattle,Zebu,F,53,H00936,A25,0
KE-008882,cattle,Ayrshire cross,M,46,H00936,A25,0
KE-008883,cattle,Zebu,F,35,H00937,A25,0
KE-008884,cattle,Zebu,M,110,H00937,A25,0
KE-008885,cattle,Boran,F,116,H00938,A25,1
KE-008886,cattle,Friesian cross,M,11,H00938,A25,0
KE-008887,cattle,Friesian cross,F,104,H00938,A25,1
KE-008888,cattle,Boran,F,66,H00938,A25,0
KE-008889,cattle,Ayrshire cross,F,101,H00939,A25,0
KE-008890,cattle,Zebu,F,87,H00939,A25,0
KE-008891,cattle,Boran,M,37,H00939,A25,0
KE-008892,cattle,Boran,F,17,H00939,A25,0
KE-008893,cattle,Sahiwal,F,78,H00939,A25,1
KE-008894,cattle,Zebu,M,29,H00939,A25,0
KE-008895,cattle,Zebu,F,59,H00939,A25,1
KE-008896,cattle,Friesian cross,M,82,H00939,A25,0
KE-008897,cattle,Ayrshire cross,F,67,H00939,A25,0
KE-008898,cattle,Ayrshire cross,F,96,H00939,A25,0
KE-008899,cattle,Zebu,F,33,H00939,A25,1
KE-008900,cattle,Ayrshire cross,F,11,H00939,A25,1
KE-008901,cattle,Ayrshire cross,F,15,H00939,A25,1
KE-008902,cattle,Friesian cross,M,45,H00939,A25,0
KE-008903,cattle,Zebu,F,13,H00939,A25,0
KE-008904,cattle,Ayrshire cross,F,25,H00940,A25,1
KE-008905,cattle,Friesian cross,M,62,H00940,A25,0
KE-008906,cattle,Boran,F,14,H00940,A25,0
KE-008907,cattle,Friesian cross,M,85,H00940,A25,0
KE-008908,cattle,Boran,F,67,H00940,A25,0
KE-008909,cattle,Sahiwal,M,24,H00940,A25,0
KE-008910,cattle,Boran,F,9,H00940,A25,0
KE-008911,cattle,Zebu,F,73,H00940,A25,1
KE-008912,cattle,Sahiwal,M,48,H00940,A25,0
KE-008913,cattle,Zebu,F,83,H00940,A25,0
KE-008914,cattle,Friesian cross,F,31,H00940,A25,1
KE-008915,cattle,Sahiwal,F,104,H00940,A25,1
KE-008916,cattle,Friesian cross,F,66,H00940,A25,0
KE-008917,cattle,Zebu,M,82,H00940,A25,0
KE-008918,cattle,Sahiwal,F,108,H00940,A25,0
KE-008919,cattle,Sahiwal,F,107,H00941,A25,0
KE-008920,cattle,Boran,F,113,H00941,A25,1
KE-008921,cattle,Friesian cross,M,35,H00941,A25,0
KE-008922,cattle,Boran,F,8,H00941,A25,1
KE-008923,cattle,Ayrshire cross,M,54,H00941,A25,0
KE-008924,cattle,Zebu,F,65,H00941,A25,0
KE-008925,cattle,Ayrshire cross,F,84,H00942,A25,1
KE-008926,cattle,Zebu,F,100,H00942,A25,1
KE-008927,cattle,Boran,M,57,H00942,A25,1
KE-008928,cattle,Sahiwal,F,65,H00942,A25,0
KE-008929,cattle,Sahiwal,M,70,H00942,A25,0
KE-008930,cattle,Zebu,F,98,H00942,A25,1
KE-008931,cattle,Sahiwal,M,107,H00942,A25,0
KE-008932,cattle,Boran,F,118,H00942,A25,0
KE-008933,cattle,Sahiwal,F,96,H00943,A25,0
KE-008934,cattle,Boran,F,98,H00943,A25,0
KE-008935,cattle,Boran,M,80,H00943,A25,1
KE-008936,cattle,Friesian cross,M,41,H00943,A25,0
KE-008937,cattle,Zebu,F,80,H00943,A25,1
KE-008938,cattle,Friesian cross,M,55,H00943,A25,0
KE-008939,cattle,Sahiwal,F,49,H00943,A25,0
KE-008940,cattle,Friesian cross,M,52,H00943,A25,0
KE-008941,cattle,Boran,F,75,H00943,A25,0
KE-008942,cattle,Friesian cross,F,26,H00943,A25,0
KE-008943,cattle,Zebu,M,117,H00943,A25,0
KE-008944,cattle,Ayrshire cross,F,50,H00943,A25,0
KE-008945,cattle,Sahiwal,M,54,H00943,A25,0
KE-008946,cattle,Boran,F,80,H00943,A25,1
KE-008947,cattle,Friesian cross,M,8,H00943,A25,0
KE-008948,cattle,Zebu,M,52,H00943,A25,1
KE-008949,cattle,Ayrshire cross,F,10,H00943,A25,0
KE-008950,cattle,Ayrshire cross,F,24,H00943,A25,1
KE-008951,cattle,Zebu,F,53,H00943,A25,1
KE-008952,cattle,Zebu,M,97,H00943,A25,1
KE-008953,cattle,Sahiwal,M,112,H00943,A25,0
KE-008954,cattle,Friesian cross,M,12,H00943,A25,0
KE-008955,cattle,Zebu,M,10,H00943,A25,1
KE-008956,cattle,Sahiwal,F,96,H00943,A25,0
KE-008957,cattle,Boran,M,8,H00943,A25,1
KE-008958,cattle,Ayrshire cross,M,100,H00943,A25,1
KE-008959,cattle,Boran,M,67,H00944,A25,0
KE-008960,cattle,Zebu,F,22,H00944,A25,1
KE-008961,cattle,Sahiwal,F,92,H00944,A25,1
KE-008962,cattle,Boran,M,50,H00944,A25,1
KE-008963,cattle,Sahiwal,F,88,H00944,A25,0
KE-008964,cattle,Zebu,M,72,H00944,A25,0
KE-008965,cattle,Ayrshire cross,F,19,H00944,A25,1
KE-008966,cattle,Boran,M,33,H00944,A25,0
KE-008967,cattle,Boran,F,104,H00944,A25,0
KE-008968,cattle,Ayrshire cross,M,107,H00945,A25,1
KE-008969,cattle,Friesian cross,M,105,H00945,A25,1
KE-008970,cattle,Ayrshire cross,M,113,H00945,A25,1
KE-008971,cattle,Sahiwal,F,50,H00945,A25,0
KE-008972,cattle,Sahiwal,M,107,H00945,A25,1
KE-008973,cattle,Sahiwal,F,68,H00945,A25,0
KE-008974,cattle,Ayrshire cross,F,87,H00945,A25,1
KE-008975,cattle,Sahiwal,M,45,H00945,A25,1
KE-008976,cattle,Boran,M,56,H00945,A25,0
KE-008977,cattle,Ayrshire cross,F,85,H00945,A25,0
KE-008978,cattle,Sahiwal,F,79,H00945,A25,1
KE-008979,cattle,Zebu,F,47,H00945,A25,0
KE-008980,cattle,Sahiwal,F,88,H00945,A25,1
KE-008981,cattle,Friesian cross,F,65,H00945,A25,1
KE-008982,cattle,Sahiwal,M,112,H00945,A25,0
KE-008983,cattle,Boran,M,54,H00945,A25,0
KE-008984,cattle,Friesian cross,F,64,H00945,A25,1
KE-008985,cattle,Friesian cross,M,33,H00945,A25,0
KE-008986,cattle,Boran,F,118,H00945,A25,1
KE-008987,cattle,Sahiwal,F,60,H00945,A25,0
KE-008988,cattle,Boran,F,37,H00945,A25,0
KE-008989,cattle,Sahiwal,F,98,H00945,A25,1
KE-008990,cattle,Friesian cross,F,90,H00945,A25,0
KE-008991,cattle,Sahiwal,F,76,H00945,A25,0
KE-008992,cattle,Ayrshire cross,F,6,H00945,A25,0
KE-008993,cattle,Zebu,F,38,H00945,A25,0
KE-008994,cattle,Ayrshire cross,M,90,H00945,A25,0
KE-008995,cattle,Zebu,F,62,H00945,A25,0
KE-008996,cattle,Boran,F,96,H00945,A25,0
KE-008997,cattle,Sahiwal,F,78,H00945,A25,0
KE-008998,cattle,Boran,M,23,H00945,A25,1
KE-008999,cattle,Boran,F,84,H00945,A25,1
KE-009000,cattle,Friesian cross,F,88,H00945,A25,0
KE-009001,cattle,Ayrshire cross,M,17,H00945,A25,0
KE-009002,cattle,Boran,M,21,H00945,A25,0
KE-009003,cattle,Zebu,M,17,H00945,A25,1
KE-009004,cattle,Friesian cross,F,102,H00945,A25,0
KE-009005,cattle,Friesian cross,F,44,H00945,A25,0
KE-009006,cattle,Sahiwal,F,87,H00945,A25,0
KE-009007,cattle,Sahiwal,F,83,H00945,A25,1
KE-009008,cattle,Friesian cross,F,26,H00945,A25,0
KE-009009,cattle,Boran,F,50,H00945,A25,1
KE-009010,cattle,Sahiwal,F,105,H00945,A25,1
KE-009011,cattle,Zebu,F,98,H00946,A25,0
KE-009012,cattle,Zebu,M,45,H00946,A25,1
KE-009013,cattle,Boran,F,44,H00946,A25,0
KE-009014,cattle,Zebu,F,101,H00946,A25,0
KE-009015,cattle,Boran,M,23,H00946,A25,0
KE-009016,cattle,Zebu,F,11,H00946,A25,0
KE-009017,cattle,Zebu,F,106,H00946,A25,0
KE-009018,cattle,Zebu,F,93,H00946,A25,0
KE-009019,cattle,Boran,M,102,H00946,A25,0
KE-009020,cattle,Zebu,F,112,H00946,A25,0
KE-009021,cattle,Zebu,F,34,H00946,A25,0
KE-009022,cattle,Zebu,F,32,H00946,A25,0
KE-009023,cattle,Friesian cross,F,22,H00947,A25,1
KE-009024,cattle,Ayrshire cross,F,82,H00947,A25,0
KE-009025,cattle,Boran,M,95,H00947,A25,1
KE-009026,cattle,Sahiwal,F,63,H00947,A25,1
KE-009027,cattle,Friesian cross,F,107,H00947,A25,0
KE-009028,cattle,Friesian cross,M,9,H00947,A25,1
KE-009029,cattle,Friesian cross,M,109,H00947,A25,1
KE-009030,cattle,Zebu,F,8,H00947,A25,1
KE-009031,cattle,Sahiwal,M,7,H00947,A25,0
KE-009032,cattle,Zebu,F,7,H00947,A25,1
KE-009033,cattle,Ayrshire cross,F,97,H00947,A25,0
KE-009034,cattle,Friesian cross,M,33,H00947,A25,1
KE-009035,cattle,Ayrshire cross,F,88,H00947,A25,0
KE-009036,cattle,Zebu,M,30,H00947,A25,0
KE-009037,cattle,Friesian cross,F,30,H00947,A25,0
KE-009038,cattle,Friesian cross,M,55,H00948,A25,0
KE-009039,cattle,Boran,F,41,H00948,A25,0
KE-009040,cattle,Friesian cross,F,73,H00948,A25,0
KE-009041,cattle,Friesian cross,M,68,H00948,A25,1
KE-009042,cattle,Boran,F,56,H00948,A25,1
KE-009043,cattle,Zebu,M,43,H00948,A25,0
KE-009044,cattle,Sahiwal,M,37,H00948,A25,0
KE-009045,cattle,Boran,F,60,H00948,A25,1
KE-009046,cattle,Friesian cross,F,27,H00948,A25,1
KE-009047,cattle,Ayrshire cross,M,79,H00948,A25,1
KE-009048,cattle,Zebu,M,33,H00948,A25,0
KE-009049,cattle,Sahiwal,M,89,H00948,A25,0
KE-009050,cattle,Friesian cross,F,90,H00948,A25,0
KE-009051,cattle,Boran,F,86,H00948,A25,0
KE-009052,cattle,Zebu,F,16,H00948,A25,1
KE-009053,cattle,Ayrshire cross,F,77,H00948,A25,0
KE-009054,cattle,Sahiwal,F,79,H00948,A25,1
KE-009055,cattle,Boran,F,60,H00948,A25,0
KE-009056,cattle,Friesian cross,F,46,H00948,A25,0
KE-009057,cattle,Boran,F,87,H00948,A25,0
KE-009058,cattle,Zebu,F,106,H00948,A25,1
KE-009059,cattle,Friesian cross,F,65,H00948,A25,0
KE-009060,cattle,Ayrshire cross,M,119,H00948,A25,0
KE-009061,cattle,Zebu,M,107,H00948,A25,0
KE-009062,cattle,Sahiwal,M,105,H00948,A25,1
KE-009063,cattle,Boran,F,24,H00948,A25,0
KE-009064,cattle,Friesian cross,M,112,H00948,A25,0
KE-009065,cattle,Friesian cross,F,100,H00948,A25,0
KE-009066,cattle,Friesian cross,F,78,H00948,A25,0
KE-009067,cattle,Sahiwal,F,80,H00948,A25,0
KE-009068,cattle,Boran,M,74,H00949,A25,0
KE-009069,cattle,Zebu,M,34,H00949,A25,1
KE-009070,cattle,Boran,F,50,H00949,A25,0
KE-009071,cattle,Zebu,F,108,H00949,A25,0
KE-009072,cattle,Zebu,M,106,H00949,A25,1
KE-009073,cattle,Sahiwal,F,25,H00949,A25,0
KE-009074,cattle,Zebu,F,41,H00949,A25,0
KE-009075,cattle,Ayrshire cross,F,57,H00949,A25,0
KE-009076,cattle,Sahiwal,F,47,H00949,A25,1
KE-009077,cattle,Zebu,F,76,H00949,A25,1
KE-009078,cattle,Ayrshire cross,F,35,H00949,A25,0
KE-009079,cattle,Boran,M,66,H00949,A25,0
KE-009080,cattle,Friesian cross,F,90,H00949,A25,1
KE-009081,cattle,Friesian cross,F,57,H00950,A25,0
KE-009082,cattle,Friesian cross,F,114,H00950,A25,1
KE-009083,cattle,Sahiwal,M,100,H00950,A25,0
KE-009084,cattle,Zebu,F,21,H00950,A25,0
KE-009085,cattle,Friesian cross,M,78,H00950,A25,0
KE-009086,cattle,Sahiwal,M,33,H00950,A25,1
KE-009087,cattle,Sahiwal,M,20,H00951,A25,0
KE-009088,cattle,Boran,F,61,H00951,A25,1
KE-009089,cattle,Sahiwal,M,28,H00951,A25,1
KE-009090,cattle,Friesian cross,M,119,H00951,A25,0
KE-009091,cattle,Boran,M,105,H00951,A25,0
KE-009092,cattle,Ayrshire cross,F,110,H00951,A25,1
KE-009093,cattle,Zebu,F,73,H00951,A25,0
KE-009094,cattle,Ayrshire cross,M,119,H00951,A25,1
KE-009095,cattle,Sahiwal,F,21,H00951,A25,1
KE-009096,cattle,Boran,M,70,H00951,A25,0
KE-009097,cattle,Boran,F,76,H00951,A25,1
KE-009098,cattle,Boran,F,78,H00952,A25,1
KE-009099,cattle,Zebu,F,81,H00952,A25,1
KE-009100,cattle,Ayrshire cross,F,61,H00952,A25,0
KE-009101,cattle,Friesian cross,M,11,H00952,A25,0
KE-009102,cattle,Friesian cross,F,7,H00952,A25,0
KE-009103,cattle,Boran,M,67,H00952,A25,0
KE-009104,cattle,Zebu,F,42,H00952,A25,0
KE-009105,cattle,Zebu,F,101,H00952,A25,0
KE-009106,cattle,Friesian cross,M,75,H00952,A25,1
KE-009107,cattle,Friesian cross,F,58,H00952,A25,0
KE-009108,cattle,Sahiwal,M,32,H00952,A25,1
KE-009109,cattle,Boran,F,28,H00953,A25,0
KE-009110,cattle,Ayrshire cross,M,34,H00953,A25,0
KE-009111,cattle,Sahiwal,M,119,H00953,A25,0
KE-009112,cattle,Zebu,F,74,H00953,A25,0
KE-009113,cattle,Boran,F,103,H00953,A25,1
KE-009114,cattle,Sahiwal,M,74,H00954,A25,1
KE-009115,cattle,Sahiwal,F,105,H00954,A25,0
KE-009116,cattle,Sahiwal,F,114,H00954,A25,0
KE-009117,cattle,Friesian cross,F,112,H00954,A25,1
KE-009118,cattle,Boran,F,115,H00954,A25,0
KE-009119,cattle,Ayrshire cross,F,104,H00954,A25,0
KE-009120,cattle,Sahiwal,F,60,H00954,A25,0
KE-009121,cattle,Zebu,M,99,H00954,A25,0
KE-009122,cattle,Boran,F,115,H00954,A25,0
KE-009123,cattle,Sahiwal,F,28,H00954,A25,0
KE-009124,cattle,Friesian cross,M,105,H00955,A25,0
KE-009125,cattle,Sahiwal,F,63,H00955,A25,0
KE-009126,cattle,Boran,M,40,H00955,A25,0
KE-009127,cattle,Zebu,M,85,H00955,A25,1
KE-009128,cattle,Friesian cross,M,76,H00955,A25,0
KE-009129,cattle,Ayrshire cross,M,24,H00955,A25,0
KE-009130,cattle,Boran,F,38,H00955,A25,0
KE-009131,cattle,Sahiwal,M,44,H00955,A25,1
KE-009132,cattle,Zebu,M,6,H00956,A25,1
KE-009133,cattle,Friesian cross,F,34,H00956,A25,1
KE-009134,cattle,Friesian cross,M,61,H00956,A25,0
KE-009135,cattle,Ayrshire cross,F,22,H00956,A25,0
KE-009136,cattle,Sahiwal,F,34,H00956,A25,1
KE-009137,cattle,Ayrshire cross,M,94,H00956,A25,1
KE-009138,cattle,Sahiwal,M,6,H00956,A25,1
KE-009139,cattle,Sahiwal,M,58,H00956,A25,1
KE-009140,cattle,Sahiwal,M,49,H00956,A25,0
KE-009141,cattle,Sahiwal,F,58,H00956,A25,0
KE-009142,cattle,Sahiwal,F,61,H00956,A25,1
KE-009143,cattle,Zebu,F,42,H00956,A25,0
KE-009144,cattle,Zebu,F,72,H00956,A25,0
KE-009145,cattle,Sahiwal,M,76,H00956,A25,1
KE-009146,cattle,Friesian cross,F,92,H00956,A25,0
KE-009147,cattle,Friesian cross,F,116,H00956,A25,0
KE-009148,cattle,Boran,M,82,H00956,A25,0
KE-009149,cattle,Friesian cross,M,46,H00956,A25,1
KE-009150,cattle,Ayrshire cross,F,67,H00956,A25,1
KE-009151,cattle,Ayrshire cross,M,88,H00956,A25,0
KE-009152,cattle,Zebu,M,87,H00957,A25,0
KE-009153,cattle,Zebu,M,67,H00957,A25,0
KE-009154,cattle,Ayrshire cross,M,93,H00957,A25,0
KE-009155,cattle,Ayrshire cross,F,66,H00957,A25,0
KE-009156,cattle,Sahiwal,F,68,H00957,A25,1
KE-009157,cattle,Boran,F,62,H00957,A25,0
KE-009158,cattle,Ayrshire cross,F,22,H00957,A25,0
KE-009159,cattle,Ayrshire cross,M,67,H00957,A25,1
KE-009160,cattle,Zebu,F,38,H00957,A25,1
KE-009161,cattle,Ayrshire cross,F,9,H00957,A25,1
KE-009162,cattle,Sahiwal,F,97,H00957,A25,1
KE-009163,cattle,Boran,F,101,H00957,A25,0
KE-009164,cattle,Ayrshire cross,M,70,H00958,A25,0
KE-009165,cattle,Ayrshire cross,F,112,H00958,A25,0
KE-009166,cattle,Friesian cross,F,103,H00958,A25,0
KE-009167,cattle,Zebu,F,96,H00958,A25,0
KE-009168,cattle,Ayrshire cross,F,52,H00958,A25,0
KE-009169,cattle,Boran,M,38,H00958,A25,0
KE-009170,cattle,Boran,F,112,H00958,A25,0
KE-009171,cattle,Zebu,F,51,H00958,A25,1
KE-009172,cattle,Ayrshire cross,M,62,H00958,A25,1
KE-009173,cattle,Ayrshire cross,F,80,H00958,A25,0
KE-009174,cattle,Ayrshire cross,F,109,H00959,A25,1
KE-009175,cattle,Boran,F,112,H00959,A25,0
KE-009176,cattle,Boran,M,57,H00959,A25,0
KE-009177,cattle,Friesian cross,M,77,H00959,A25,0
KE-009178,cattle,Sahiwal,M,61,H00959,A25,1
KE-009179,cattle,Ayrshire cross,M,114,H00959,A25,0
KE-009180,cattle,Ayrshire cross,F,13,H00959,A25,0
KE-009181,cattle,Friesian cross,F,41,H00959,A25,1
KE-009182,cattle,Friesian cross,M,20,H00959,A25,0
KE-009183,cattle,Ayrshire cross,F,13,H00959,A25,0
KE-009184,cattle,Boran,F,15,H00959,A25,0
KE-009185,cattle,Sahiwal,M,53,H00960,A25,1
KE-009186,cattle,Boran,M,40,H00960,A25,1
KE-009187,cattle,Zebu,F,38,H00960,A25,1
KE-009188,cattle,Boran,M,60,H00960,A25,1
KE-009189,cattle,Boran,F,55,H00960,A25,0
KE-009190,cattle,Zebu,M,46,H00960,A25,1
KE-009191,cattle,Zebu,M,95,H00960,A25,0
KE-009192,cattle,Sahiwal,F,89,H00960,A25,0
KE-009193,cattle,Boran,F,49,H00960,A25,0
KE-009194,cattle,Zebu,F,85,H00960,A25,0
KE-009195,cattle,Sahiwal,F,86,H00960,A25,0
KE-009196,cattle,Ayrshire cross,F,72,H00960,A25,1
KE-009197,cattle,Zebu,M,65,H00960,A25,0
KE-009198,cattle,Sahiwal,F,38,H00961,A25,0
KE-009199,cattle,Friesian cross,M,33,H00961,A25,0
KE-009200,cattle,Friesian cross,M,38,H00961,A25,0
KE-009201,cattle,Zebu,M,22,H00961,A25,0
KE-009202,cattle,Friesian cross,F,63,H00961,A25,0
KE-009203,cattle,Zebu,F,20,H00961,A25,0
KE-009204,cattle,Zebu,F,97,H00961,A25,1
KE-009205,cattle,Boran,M,43,H00961,A25,0
KE-009206,cattle,Friesian cross,F,98,H00961,A25,0
KE-009207,cattle,Friesian cross,F,32,H00961,A25,0
KE-009208,cattle,Ayrshire cross,F,52,H00961,A25,0
KE-009209,cattle,Boran,F,104,H00961,A25,1
KE-009210,cattle,Boran,M,78,H00961,A25,0
KE-009211,cattle,Sahiwal,M,51,H00961,A25,0
KE-009212,cattle,Zebu,F,42,H00961,A25,1
KE-009213,cattle,Sahiwal,F,25,H00961,A25,1
KE-009214,cattle,Ayrshire cross,F,103,H00961,A25,0
KE-009215,cattle,Friesian cross,F,103,H00962,A25,0
KE-009216,cattle,Boran,F,42,H00962,A25,0
KE-009217,cattle,Zebu,F,75,H00962,A25,0
KE-009218,cattle,Friesian cross,F,88,H00962,A25,1
KE-009219,cattle,Sahiwal,M,105,H00962,A25,0
KE-009220,cattle,Boran,F,93,H00962,A25,1
KE-009221,cattle,Sahiwal,M,109,H00963,A25,0
KE-009222,cattle,Zebu,F,83,H00963,A25,1
KE-009223,cattle,Sahiwal,F,81,H00963,A25,1
KE-009224,cattle,Ayrshire cross,F,23,H00963,A25,0
KE-009225,cattle,Ayrshire cross,F,15,H00963,A25,0
KE-009226,cattle,Friesian cross,M,104,H00963,A25,0
KE-009227,cattle,Friesian cross,M,85,H00964,A25,0
KE-009228,cattle,Boran,F,40,H00964,A25,0
KE-009229,cattle,Friesian cross,M,80,H00964,A25,0
KE-009230,cattle,Boran,F,89,H00964,A25,1
KE-009231,cattle,Boran,F,69,H00964,A25,0
KE-009232,cattle,Friesian cross,F,33,H00964,A25,0
KE-009233,cattle,Zebu,F,28,H00964,A25,1
KE-009234,cattle,Ayrshire cross,M,24,H00964,A25,0
KE-009235,cattle,Friesian cross,F,71,H00964,A25,0
KE-009236,cattle,Ayrshire cross,F,54,H00964,A25,0
KE-009237,cattle,Zebu,M,68,H00964,A25,0
KE-009238,cattle,Friesian cross,F,71,H00964,A25,0
KE-009239,cattle,Boran,M,68,H00964,A25,0
KE-009240,cattle,Boran,M,6,H00964,A25,0
KE-009241,cattle,Zebu,M,17,H00964,A25,0
KE-009242,cattle,Ayrshire cross,M,73,H00964,A25,1
KE-009243,cattle,Boran,F,7,H00964,A25,0
KE-009244,cattle,Ayrshire cross,M,30,H00964,A25,0
KE-009245,cattle,Zebu,F,98,H00964,A25,1
KE-009246,cattle,Ayrshire cross,F,118,H00964,A25,1
KE-009247,cattle,Friesian cross,M,9,H00964,A25,0
KE-009248,cattle,Sahiwal,F,65,H00964,A25,0
KE-009249,cattle,Friesian cross,M,8,H00965,A26,1
KE-009250,cattle,Zebu,F,27,H00965,A26,1
KE-009251,cattle,Ayrshire cross,M,50,H00965,A26,0
KE-009252,cattle,Boran,F,82,H00965,A26,0
KE-009253,cattle,Friesian cross,F,65,H00965,A26,1
KE-009254,cattle,Sahiwal,F,98,H00966,A26,1
KE-009255,cattle,Boran,M,34,H00966,A26,1
KE-009256,cattle,Ayrshire cross,F,6,H00966,A26,1
KE-009257,cattle,Zebu,M,23,H00966,A26,0
KE-009258,cattle,Ayrshire cross,F,19,H00966,A26,0
KE-009259,cattle,Zebu,M,118,H00966,A26,1
KE-009260,cattle,Boran,F,116,H00966,A26,0
KE-009261,cattle,Sahiwal,M,113,H00966,A26,0
KE-009262,cattle,Ayrshire cross,M,74,H00966,A26,1
KE-009263,cattle,Boran,F,45,H00966,A26,0
KE-009264,cattle,Boran,F,15,H00966,A26,0
KE-009265,cattle,Ayrshire cross,M,25,H00966,A26,0
KE-009266,cattle,Ayrshire cross,M,102,H00966,A26,0
KE-009267,cattle,Sahiwal,F,102,H00966,A26,0
KE-009268,cattle,Boran,F,74,H00966,A26,1
KE-009269,cattle,Friesian cross,F,67,H00967,A26,0
KE-009270,cattle,Friesian cross,F,30,H00967,A26,0
KE-009271,cattle,Boran,M,18,H00967,A26,0
KE-009272,cattle,Boran,F,77,H00967,A26,0
KE-009273,cattle,Boran,M,109,H00967,A26,0
KE-009274,cattle,Ayrshire cross,F,62,H00967,A26,0
KE-009275,cattle,Friesian cross,F,7,H00967,A26,0
KE-009276,cattle,Ayrshire cross,M,94,H00967,A26,0
KE-009277,cattle,Zebu,F,14,H00967,A26,1
KE-009278,cattle,Boran,F,117,H00967,A26,0
KE-009279,cattle,Sahiwal,M,18,H00967,A26,0
KE-009280,cattle,Ayrshire cross,F,100,H00967,A26,0
KE-009281,cattle,Sahiwal,F,89,H00967,A26,0
KE-009282,cattle,Ayrshire cross,F,79,H00967,A26,1
KE-009283,cattle,Ayrshire cross,M,66,H00967,A26,0
KE-009284,cattle,Friesian cross,M,40,H00968,A26,1
KE-009285,cattle,Zebu,M,43,H00968,A26,1
KE-009286,cattle,Friesian cross,F,46,H00968,A26,1
KE-009287,cattle,Ayrshire cross,F,22,H00968,A26,0
KE-009288,cattle,Friesian cross,F,108,H00968,A26,0
KE-009289,cattle,Boran,F,82,H00969,A26,1
KE-009290,cattle,Boran,M,28,H00969,A26,0
KE-009291,cattle,Boran,F,40,H00969,A26,1
KE-009292,cattle,Sahiwal,F,77,H00969,A26,0
KE-009293,cattle,Boran,M,75,H00969,A26,1
KE-009294,cattle,Boran,F,58,H00969,A26,0
KE-009295,cattle,Friesian cross,F,59,H00969,A26,1
KE-009296,cattle,Zebu,F,85,H00969,A26,0
KE-009297,cattle,Ayrshire cross,M,80,H00969,A26,0
KE-009298,cattle,Zebu,F,41,H00969,A26,0
KE-009299,cattle,Zebu,M,87,H00969,A26,0
KE-009300,cattle,Zebu,F,115,H00969,A26,0
KE-009301,cattle,Friesian cross,F,62,H00969,A26,1
KE-009302,cattle,Zebu,F,23,H00970,A26,0
KE-009303,cattle,Zebu,M,116,H00970,A26,0
KE-009304,cattle,Sahiwal,M,100,H00970,A26,1
KE-009305,cattle,Friesian cross,M,35,H00970,A26,0
KE-009306,cattle,Zebu,F,87,H00970,A26,1
KE-009307,cattle,Boran,M,38,H00970,A26,0
KE-009308,cattle,Ayrshire cross,F,46,H00970,A26,0
KE-009309,cattle,Ayrshire cross,M,60,H00970,A26,0
KE-009310,cattle,Zebu,F,114,H00970,A26,0
KE-009311,cattle,Sahiwal,M,102,H00970,A26,0
KE-009312,cattle,Sahiwal,F,74,H00970,A26,0
KE-009313,cattle,Sahiwal,F,28,H00970,A26,1
KE-009314,cattle,Zebu,F,90,H00970,A26,0
KE-009315,cattle,Zebu,F,21,H00970,A26,0
KE-009316,cattle,Ayrshire cross,F,105,H00970,A26,0
KE-009317,cattle,Zebu,F,7,H00970,A26,1
KE-009318,cattle,Sahiwal,F,41,H00970,A26,1
KE-009319,cattle,Ayrshire cross,M,87,H00970,A26,1
KE-009320,cattle,Boran,M,108,H00971,A26,1
KE-009321,cattle,Friesian cross,F,52,H00971,A26,0
KE-009322,cattle,Zebu,F,62,H00971,A26,1
KE-009323,cattle,Ayrshire cross,F,39,H00971,A26,0
KE-009324,cattle,Friesian cross,F,115,H00971,A26,1
KE-009325,cattle,Ayrshire cross,F,8,H00971,A26,0
KE-009326,cattle,Zebu,M,115,H00971,A26,1
KE-009327,cattle,Ayrshire cross,M,107,H00971,A26,1
KE-009328,cattle,Friesian cross,M,112,H00971,A26,0
KE-009329,cattle,Ayrshire cross,F,58,H00971,A26,0
KE-009330,cattle,Sahiwal,M,60,H00971,A26,1
KE-009331,cattle,Boran,M,46,H00971,A26,0
KE-009332,cattle,Ayrshire cross,M,55,H00971,A26,0
KE-009333,cattle,Sahiwal,F,71,H00971,A26,0
KE-009334,cattle,Boran,M,68,H00972,A26,0
KE-009335,cattle,Boran,F,62,H00972,A26,1
KE-009336,cattle,Zebu,F,44,H00972,A26,0
KE-009337,cattle,Boran,F,115,H00972,A26,0
KE-009338,cattle,Friesian cross,F,76,H00972,A26,0
KE-009339,cattle,Zebu,F,51,H00972,A26,0
KE-009340,cattle,Ayrshire cross,F,70,H00972,A26,0
KE-009341,cattle,Sahiwal,F,114,H00972,A26,0
KE-009342,cattle,Boran,F,118,H00972,A26,1
KE-009343,cattle,Friesian cross,F,6,H00972,A26,0
KE-009344,cattle,Zebu,M,95,H00972,A26,1
KE-009345,cattle,Friesian cross,F,61,H00972,A26,0
KE-009346,cattle,Ayrshire cross,M,67,H00972,A26,0
KE-009347,cattle,Zebu,M,21,H00972,A26,1
KE-009348,cattle,Sahiwal,M,113,H00972,A26,1
KE-009349,cattle,Friesian cross,M,68,H00972,A26,0
KE-009350,cattle,Friesian cross,M,60,H00972,A26,1
KE-009351,cattle,Ayrshire cross,F,65,H00973,A26,1
KE-009352,cattle,Boran,M,103,H00973,A26,0
KE-009353,cattle,Ayrshire cross,M,18,H00973,A26,1
KE-009354,cattle,Friesian cross,F,66,H00973,A26,0
KE-009355,cattle,Ayrshire cross,F,70,H00973,A26,0
KE-009356,cattle,Friesian cross,M,52,H00974,A26,0
KE-009357,cattle,Zebu,F,106,H00974,A26,1
KE-009358,cattle,Sahiwal,F,27,H00974,A26,0
KE-009359,cattle,Zebu,F,28,H00974,A26,1
KE-009360,cattle,Boran,M,64,H00974,A26,0
KE-009361,cattle,Friesian cross,F,115,H00974,A26,0
KE-009362,cattle,Boran,M,34,H00974,A26,1
KE-009363,cattle,Friesian cross,M,115,H00974,A26,0
KE-009364,cattle,Friesian cross,F,66,H00974,A26,1
KE-009365,cattle,Sahiwal,M,110,H00974,A26,1
KE-009366,cattle,Boran,F,19,H00974,A26,0
KE-009367,cattle,Boran,M,63,H00974,A26,1
KE-009368,cattle,Sahiwal,F,111,H00974,A26,1
KE-009369,cattle,Ayrshire cross,M,113,H00974,A26,0
KE-009370,cattle,Friesian cross,F,104,H00975,A26,1
KE-009371,cattle,Boran,F,23,H00975,A26,0
KE-009372,cattle,Ayrshire cross,F,66,H00975,A26,0
KE-009373,cattle,Sahiwal,F,42,H00975,A26,0
KE-009374,cattle,Zebu,F,93,H00975,A26,0
KE-009375,cattle,Boran,M,103,H00975,A26,0
KE-009376,cattle,Sahiwal,M,72,H00975,A26,0
KE-009377,cattle,Zebu,F,48,H00975,A26,0
KE-009378,cattle,Zebu,M,48,H00975,A26,0
KE-009379,cattle,Zebu,F,51,H00975,A26,1
KE-009380,cattle,Ayrshire cross,M,60,H00976,A26,1
KE-009381,cattle,Zebu,F,61,H00976,A26,1
KE-009382,cattle,Friesian cross,F,8,H00976,A26,0
KE-009383,cattle,Boran,F,37,H00976,A26,0
KE-009384,cattle,Friesian cross,M,83,H00976,A26,0
KE-009385,cattle,Zebu,M,71,H00976,A26,0
KE-009386,cattle,Ayrshire cross,M,78,H00976,A26,1
KE-009387,cattle,Boran,M,53,H00976,A26,1
KE-009388,cattle,Ayrshire cross,M,41,H00976,A26,0
KE-009389,cattle,Ayrshire cross,M,12,H00977,A26,1
KE-009390,cattle,Zebu,M,104,H00977,A26,0
KE-009391,cattle,Boran,M,111,H00977,A26,0
KE-009392,cattle,Sahiwal,F,64,H00977,A26,1
KE-009393,cattle,Friesian cross,M,30,H00977,A26,1
KE-009394,cattle,Friesian cross,F,113,H00977,A26,1
KE-009395,cattle,Friesian cross,F,32,H00977,A26,1
KE-009396,cattle,Sahiwal,F,72,H00977,A26,0
KE-009397,cattle,Ayrshire cross,M,52,H00977,A26,0
KE-009398,cattle,Friesian cross,F,21,H00977,A26,0
KE-009399,cattle,Zebu,F,85,H00977,A26,0
KE-009400,cattle,Friesian cross,F,43,H00977,A26,1
KE-009401,cattle,Ayrshire cross,F,92,H00977,A26,0
KE-009402,cattle,Sahiwal,F,21,H00977,A26,1
KE-009403,cattle,Friesian cross,M,59,H00977,A26,0
KE-009404,cattle,Ayrshire cross,F,24,H00977,A26,1
KE-009405,cattle,Zebu,F,103,H00977,A26,0
KE-009406,cattle,Zebu,F,48,H00977,A26,0
KE-009407,cattle,Boran,F,77,H00977,A26,1
KE-009408,cattle,Friesian cross,M,54,H00978,A26,1
KE-009409,cattle,Ayrshire cross,M,88,H00978,A26,0
KE-009410,cattle,Boran,F,61,H00978,A26,0
KE-009411,cattle,Ayrshire cross,M,109,H00978,A26,1
KE-009412,cattle,Sahiwal,F,110,H00978,A26,0
KE-009413,cattle,Zebu,F,31,H00978,A26,0
KE-009414,cattle,Boran,M,61,H00978,A26,1
KE-009415,cattle,Boran,F,106,H00978,A26,1
KE-009416,cattle,Friesian cross,M,33,H00978,A26,0
KE-009417,cattle,Friesian cross,F,10,H00978,A26,0
KE-009418,cattle,Sahiwal,M,76,H00978,A26,0
KE-009419,cattle,Friesian cross,F,37,H00978,A26,1
KE-009420,cattle,Zebu,F,112,H00978,A26,1
KE-009421,cattle,Zebu,F,95,H00978,A26,0
KE-009422,cattle,Friesian cross,M,8,H00978,A26,0
KE-009423,cattle,Boran,F,35,H00978,A26,1
KE-009424,cattle,Friesian cross,F,82,H00978,A26,1
KE-009425,cattle,Ayrshire cross,M,48,H00978,A26,0
KE-009426,cattle,Sahiwal,F,49,H00978,A26,0
KE-009427,cattle,Ayrshire cross,M,106,H00978,A26,0
KE-009428,cattle,Sahiwal,F,58,H00978,A26,0
KE-009429,cattle,Zebu,F,80,H00978,A26,0
KE-009430,cattle,Boran,M,29,H00978,A26,1
KE-009431,cattle,Ayrshire cross,F,45,H00978,A26,1
KE-009432,cattle,Zebu,M,28,H00978,A26,0
KE-009433,cattle,Sahiwal,F,67,H00978,A26,0
KE-009434,cattle,Sahiwal,F,106,H00978,A26,0
KE-009435,cattle,Ayrshire cross,M,96,H00979,A26,1
KE-009436,cattle,Ayrshire cross,F,63,H00979,A26,0
KE-009437,cattle,Friesian cross,M,80,H00979,A26,1
KE-009438,cattle,Ayrshire cross,M,64,H00979,A26,0
KE-009439,cattle,Boran,F,103,H00979,A26,0
KE-009440,cattle,Boran,M,117,H00979,A26,0
KE-009441,cattle,Sahiwal,F,100,H00979,A26,1
KE-009442,cattle,Ayrshire cross,F,16,H00979,A26,0
KE-009443,cattle,Friesian cross,F,80,H00979,A26,0
KE-009444,cattle,Ayrshire cross,F,68,H00979,A26,0
KE-009445,cattle,Boran,F,64,H00979,A26,0
KE-009446,cattle,Boran,F,58,H00979,A26,0
KE-009447,cattle,Sahiwal,F,109,H00979,A26,0
KE-009448,cattle,Sahiwal,F,76,H00979,A26,0
KE-009449,cattle,Friesian cross,F,30,H00979,A26,1
KE-009450,cattle,Boran,F,87,H00979,A26,0
KE-009451,cattle,Ayrshire cross,F,62,H00979,A26,0
KE-009452,cattle,Sahiwal,M,112,H00979,A26,1
KE-009453,cattle,Boran,M,110,H00979,A26,1
KE-009454,cattle,Zebu,F,44,H00979,A26,0
KE-009455,cattle,Boran,F,65,H00979,A26,1
KE-009456,cattle,Ayrshire cross,M,58,H00979,A26,0
KE-009457,cattle,Friesian cross,F,35,H00979,A26,0
KE-009458,cattle,Ayrshire cross,F,26,H00979,A26,0
KE-009459,cattle,Zebu,M,30,H00979,A26,0
KE-009460,cattle,Zebu,F,45,H00979,A26,1
KE-009461,cattle,Ayrshire cross,F,76,H00979,A26,0
KE-009462,cattle,Zebu,M,23,H00979,A26,0
KE-009463,cattle,Zebu,M,16,H00979,A26,0
KE-009464,cattle,Friesian cross,M,26,H00979,A26,0
KE-009465,cattle,Boran,M,66,H00979,A26,1
KE-009466,cattle,Sahiwal,F,8,H00979,A26,0
KE-009467,cattle,Friesian cross,F,110,H00979,A26,1
KE-009468,cattle,Sahiwal,M,20,H00980,A26,1
KE-009469,cattle,Zebu,F,109,H00980,A26,1
KE-009470,cattle,Friesian cross,F,31,H00980,A26,1
KE-009471,cattle,Sahiwal,F,109,H00980,A26,1
KE-009472,cattle,Friesian cross,F,77,H00980,A26,0
KE-009473,cattle,Friesian cross,M,95,H00980,A26,0
KE-009474,cattle,Boran,F,47,H00980,A26,0
KE-009475,cattle,Ayrshire cross,F,57,H00980,A26,1
KE-009476,cattle,Sahiwal,M,118,H00980,A26,1
KE-009477,cattle,Zebu,M,117,H00980,A26,1
KE-009478,cattle,Friesian cross,M,110,H00980,A26,0
KE-009479,cattle,Boran,F,95,H00980,A26,0
KE-009480,cattle,Ayrshire cross,F,89,H00980,A26,1
KE-009481,cattle,Ayrshire cross,M,80,H00980,A26,0
KE-009482,cattle,Sahiwal,F,21,H00980,A26,1
KE-009483,cattle,Ayrshire cross,F,78,H00980,A26,0
KE-009484,cattle,Friesian cross,F,76,H00980,A26,0
KE-009485,cattle,Boran,F,29,H00980,A26,1
KE-009486,cattle,Sahiwal,M,72,H00980,A26,1
KE-009487,cattle,Zebu,F,92,H00980,A26,0
KE-009488,cattle,Sahiwal,M,80,H00980,A26,0
KE-009489,cattle,Ayrshire cross,F,78,H00980,A26,1
KE-009490,cattle,Sahiwal,M,37,H00980,A26,0
KE-009491,cattle,Sahiwal,F,45,H00980,A26,1
KE-009492,cattle,Zebu,F,91,H00980,A26,0
KE-009493,cattle,Boran,M,57,H00981,A26,1
KE-009494,cattle,Ayrshire cross,F,23,H00981,A26,1
KE-009495,cattle,Ayrshire cross,M,117,H00981,A26,1
KE-009496,cattle,Friesian cross,F,65,H00981,A26,0
KE-009497,cattle,Zebu,F,17,H00981,A26,1
KE-009498,cattle,Boran,F,110,H00981,A26,0
KE-009499,cattle,Boran,F,110,H00981,A26,1
KE-009500,cattle,Zebu,M,44,H00981,A26,0
KE-009501,cattle,Sahiwal,F,14,H00981,A26,0
KE-009502,cattle,Boran,F,89,H00981,A26,0
KE-009503,cattle,Zebu,F,45,H00981,A26,1
KE-009504,cattle,Ayrshire cross,M,89,H00982,A26,0
KE-009505,cattle,Friesian cross,F,37,H00982,A26,0
KE-009506,cattle,Ayrshire cross,F,50,H00982,A26,0
KE-009507,cattle,Ayrshire cross,F,17,H00982,A26,1
KE-009508,cattle,Friesian cross,F,74,H00982,A26,0
KE-009509,cattle,Ayrshire cross,F,15,H00982,A26,1
KE-009510,cattle,Boran,M,16,H00982,A26,1
KE-009511,cattle,Friesian cross,F,25,H00982,A26,1
KE-009512,cattle,Ayrshire cross,M,110,H00982,A26,0
KE-009513,cattle,Sahiwal,F,28,H00982,A26,0
KE-009514,cattle,Boran,F,59,H00982,A26,1
KE-009515,cattle,Boran,F,22,H00982,A26,0
KE-009516,cattle,Friesian cross,F,106,H00982,A26,0
KE-009517,cattle,Boran,F,31,H00982,A26,0
KE-009518,cattle,Zebu,M,30,H00983,A26,0
KE-009519,cattle,Sahiwal,F,17,H00983,A26,1
KE-009520,cattle,Zebu,F,109,H00983,A26,0
KE-009521,cattle,Ayrshire cross,F,38,H00983,A26,1
KE-009522,cattle,Ayrshire cross,M,97,H00983,A26,1
KE-009523,cattle,Sahiwal,F,33,H00983,A26,0
KE-009524,cattle,Boran,F,100,H00983,A26,0
KE-009525,cattle,Friesian cross,M,28,H00983,A26,0
KE-009526,cattle,Sahiwal,M,77,H00983,A26,0
KE-009527,cattle,Sahiwal,F,85,H00983,A26,1
KE-009528,cattle,Friesian cross,M,70,H00983,A26,0
KE-009529,cattle,Ayrshire cross,M,72,H00983,A26,0
KE-009530,cattle,Ayrshire cross,F,94,H00983,A26,0
KE-009531,cattle,Ayrshire cross,M,61,H00983,A26,0
KE-009532,cattle,Ayrshire cross,M,99,H00983,A26,0
KE-009533,cattle,Boran,F,96,H00983,A26,0
KE-009534,cattle,Boran,M,60,H00983,A26,0
KE-009535,cattle,Zebu,F,91,H00983,A26,0
KE-009536,cattle,Ayrshire cross,M,104,H00984,A26,0
KE-009537,cattle,Ayrshire cross,M,89,H00984,A26,1
KE-009538,cattle,Zebu,F,91,H00984,A26,0
KE-009539,cattle,Zebu,M,7,H00984,A26,0
KE-009540,cattle,Friesian cross,F,20,H00984,A26,0
KE-009541,cattle,Ayrshire cross,M,94,H00984,A26,0
KE-009542,cattle,Friesian cross,M,15,H00984,A26,0
KE-009543,cattle,Zebu,F,94,H00984,A26,0
KE-009544,cattle,Boran,M,36,H00984,A26,1
KE-009545,cattle,Ayrshire cross,F,16,H00984,A26,0
KE-009546,cattle,Boran,M,80,H00984,A26,0
KE-009547,cattle,Boran,F,106,H00984,A26,1
KE-009548,cattle,Ayrshire cross,F,93,H00985,A26,0
KE-009549,cattle,Friesian cross,M,49,H00985,A26,1
KE-009550,cattle,Sahiwal,F,61,H00985,A26,0
KE-009551,cattle,Friesian cross,F,36,H00985,A26,1
KE-009552,cattle,Ayrshire cross,F,60,H00985,A26,0
KE-009553,cattle,Boran,F,43,H00985,A26,0
KE-009554,cattle,Sahiwal,M,48,H00985,A26,0
KE-009555,cattle,Friesian cross,F,92,H00985,A26,0
KE-009556,cattle,Zebu,F,28,H00985,A26,0
KE-009557,cattle,Zebu,F,19,H00985,A26,0
KE-009558,cattle,Zebu,M,71,H00985,A26,1
KE-009559,cattle,Boran,M,106,H00985,A26,0
KE-009560,cattle,Sahiwal,F,49,H00985,A26,1
KE-009561,cattle,Boran,F,95,H00986,A26,1
KE-009562,cattle,Boran,M,37,H00986,A26,1
KE-009563,cattle,Ayrshire cross,M,54,H00986,A26,0
KE-009564,cattle,Ayrshire cross,F,96,H00986,A26,1
KE-009565,cattle,Boran,F,23,H00986,A26,0
KE-009566,cattle,Friesian cross,F,47,H00986,A26,0
KE-009567,cattle,Zebu,F,88,H00986,A26,0
KE-009568,cattle,Zebu,F,102,H00986,A26,0
KE-009569,cattle,Friesian cross,M,115,H00986,A26,0
KE-009570,cattle,Ayrshire cross,M,12,H00986,A26,0
KE-009571,cattle,Ayrshire cross,F,85,H00986,A26,0
KE-009572,cattle,Boran,F,69,H00986,A26,0
KE-009573,cattle,Zebu,F,48,H00986,A26,0
KE-009574,cattle,Sahiwal,M,78,H00986,A26,0
KE-009575,cattle,Boran,F,42,H00986,A26,0
KE-009576,cattle,Ayrshire cross,F,19,H00986,A26,0
KE-009577,cattle,Sahiwal,F,46,H00986,A26,0
KE-009578,cattle,Friesian cross,F,10,H00986,A26,1
KE-009579,cattle,Ayrshire cross,F,109,H00986,A26,0
KE-009580,cattle,Zebu,M,103,H00987,A26,0
KE-009581,cattle,Boran,F,31,H00987,A26,0
KE-009582,cattle,Ayrshire cross,F,67,H00987,A26,0
KE-009583,cattle,Ayrshire cross,F,19,H00987,A26,0
KE-009584,cattle,Friesian cross,M,77,H00987,A26,0
KE-009585,cattle,Ayrshire cross,F,29,H00987,A26,0
KE-009586,cattle,Ayrshire cross,M,48,H00987,A26,0
KE-009587,cattle,Boran,F,105,H00987,A26,1
KE-009588,cattle,Friesian cross,F,63,H00987,A26,1
KE-009589,cattle,Zebu,F,62,H00987,A26,1
KE-009590,cattle,Ayrshire cross,F,88,H00987,A26,1
KE-009591,cattle,Friesian cross,F,86,H00988,A26,0
KE-009592,cattle,Boran,F,76,H00988,A26,0
KE-009593,cattle,Friesian cross,F,49,H00988,A26,0
KE-009594,cattle,Zebu,F,45,H00988,A26,0
KE-009595,cattle,Boran,F,28,H00988,A26,0
KE-009596,cattle,Zebu,M,95,H00988,A26,0
KE-009597,cattle,Boran,F,107,H00988,A26,0
KE-009598,cattle,Friesian cross,M,93,H00988,A26,0
KE-009599,cattle,Zebu,F,108,H00989,A27,0
KE-009600,cattle,Sahiwal,F,51,H00989,A27,1
KE-009601,cattle,Zebu,F,69,H00989,A27,1
KE-009602,cattle,Ayrshire cross,F,48,H00989,A27,1
KE-009603,cattle,Ayrshire cross,M,71,H00989,A27,0
KE-009604,cattle,Sahiwal,F,81,H00989,A27,0
KE-009605,cattle,Zebu,F,107,H00989,A27,1
KE-009606,cattle,Friesian cross,M,66,H00989,A27,0
KE-009607,cattle,Friesian cross,M,108,H00989,A27,0
KE-009608,cattle,Friesian cross,F,24,H00990,A27,1
KE-009609,cattle,Ayrshire cross,F,28,H00990,A27,0
KE-009610,cattle,Sahiwal,F,95,H00990,A27,0
KE-009611,cattle,Sahiwal,F,111,H00990,A27,1
KE-009612,cattle,Boran,M,60,H00990,A27,0
KE-009613,cattle,Ayrshire cross,M,9,H00990,A27,0
KE-009614,cattle,Zebu,M,36,H00990,A27,0
KE-009615,cattle,Ayrshire cross,M,29,H00990,A27,1
KE-009616,cattle,Zebu,M,101,H00990,A27,1
KE-009617,cattle,Zebu,F,87,H00990,A27,1
KE-009618,cattle,Friesian cross,M,38,H00990,A27,0
KE-009619,cattle,Boran,F,36,H00990,A27,0
KE-009620,cattle,Zebu,F,81,H00990,A27,0
KE-009621,cattle,Boran,F,54,H00990,A27,0
KE-009622,cattle,Zebu,M,89,H00990,A27,0
KE-009623,cattle,Ayrshire cross,F,89,H00990,A27,0
KE-009624,cattle,Friesian cross,F,18,H00990,A27,0
KE-009625,cattle,Ayrshire cross,M,46,H00991,A27,0
KE-009626,cattle,Friesian cross,F,49,H00991,A27,0
KE-009627,cattle,Ayrshire cross,M,82,H00991,A27,0
KE-009628,cattle,Sahiwal,F,90,H00991,A27,0
KE-009629,cattle,Friesian cross,M,43,H00991,A27,0
KE-009630,cattle,Friesian cross,F,39,H00991,A27,1
KE-009631,cattle,Sahiwal,F,118,H00991,A27,0
KE-009632,cattle,Sahiwal,F,11,H00991,A27,1
KE-009633,cattle,Zebu,F,98,H00991,A27,0
KE-009634,cattle,Ayrshire cross,M,81,H00991,A27,0
KE-009635,cattle,Boran,F,65,H00991,A27,0
KE-009636,cattle,Ayrshire cross,F,73,H00991,A27,0
KE-009637,cattle,Boran,F,6,H00992,A27,0
KE-009638,cattle,Sahiwal,F,62,H00992,A27,0
KE-009639,cattle,Boran,F,27,H00992,A27,1
KE-009640,cattle,Zebu,F,12,H00992,A27,0
KE-009641,cattle,Sahiwal,F,66,H00992,A27,1
KE-009642,cattle,Ayrshire cross,F,113,H00992,A27,0
KE-009643,cattle,Ayrshire cross,F,7,H00992,A27,1
KE-009644,cattle,Boran,F,18,H00992,A27,0
KE-009645,cattle,Sahiwal,F,97,H00992,A27,0
KE-009646,cattle,Boran,F,54,H00992,A27,1
KE-009647,cattle,Ayrshire cross,F,7,H00992,A27,0
KE-009648,cattle,Ayrshire cross,F,12,H00992,A27,0
KE-009649,cattle,Sahiwal,F,56,H00992,A27,0
KE-009650,cattle,Friesian cross,M,50,H00992,A27,1
KE-009651,cattle,Zebu,M,12,H00993,A27,1
KE-009652,cattle,Friesian cross,M,26,H00993,A27,0
KE-009653,cattle,Boran,F,76,H00993,A27,1
KE-009654,cattle,Sahiwal,M,35,H00993,A27,0
KE-009655,cattle,Sahiwal,M,71,H00993,A27,0
KE-009656,cattle,Sahiwal,F,20,H00993,A27,0
KE-009657,cattle,Friesian cross,M,95,H00993,A27,0
KE-009658,cattle,Zebu,F,84,H00993,A27,0
KE-009659,cattle,Ayrshire cross,M,74,H00993,A27,0
KE-009660,cattle,Friesian cross,F,52,H00993,A27,0
KE-009661,cattle,Ayrshire cross,M,43,H00993,A27,0
KE-009662,cattle,Friesian cross,F,56,H00993,A27,0
KE-009663,cattle,Ayrshire cross,F,97,H00993,A27,0
KE-009664,cattle,Boran,F,94,H00993,A27,1
KE-009665,cattle,Ayrshire cross,F,17,H00993,A27,1
KE-009666,cattle,Friesian cross,M,17,H00993,A27,0
KE-009667,cattle,Ayrshire cross,F,99,H00993,A27,0
KE-009668,cattle,Boran,F,106,H00994,A27,0
KE-009669,cattle,Ayrshire cross,M,108,H00994,A27,0
KE-009670,cattle,Boran,F,103,H00994,A27,1
KE-009671,cattle,Friesian cross,F,34,H00994,A27,1
KE-009672,cattle,Sahiwal,F,9,H00994,A27,0
KE-009673,cattle,Sahiwal,M,106,H00994,A27,0
KE-009674,cattle,Sahiwal,F,112,H00994,A27,0
KE-009675,cattle,Ayrshire cross,F,60,H00994,A27,0
KE-009676,cattle,Sahiwal,M,57,H00994,A27,1
KE-009677,cattle,Ayrshire cross,F,14,H00995,A27,1
KE-009678,cattle,Friesian cross,F,119,H00995,A27,0
KE-009679,cattle,Sahiwal,F,79,H00995,A27,1
KE-009680,cattle,Sahiwal,F,50,H00995,A27,0
KE-009681,cattle,Friesian cross,F,99,H00995,A27,0
KE-009682,cattle,Zebu,F,86,H00995,A27,0
KE-009683,cattle,Sahiwal,F,46,H00995,A27,0
KE-009684,cattle,Sahiwal,F,39,H00995,A27,0
KE-009685,cattle,Ayrshire cross,M,50,H00995,A27,1
KE-009686,cattle,Zebu,F,57,H00995,A27,0
KE-009687,cattle,Boran,F,113,H00995,A27,0
KE-009688,cattle,Ayrshire cross,F,73,H00995,A27,0
KE-009689,cattle,Zebu,F,96,H00995,A27,0
KE-009690,cattle,Boran,F,87,H00995,A27,1
KE-009691,cattle,Ayrshire cross,M,109,H00995,A27,1
KE-009692,cattle,Ayrshire cross,M,40,H00995,A27,0
KE-009693,cattle,Zebu,M,61,H00995,A27,0
KE-009694,cattle,Friesian cross,M,51,H00995,A27,1
KE-009695,cattle,Boran,M,21,H00996,A27,1
KE-009696,cattle,Zebu,F,25,H00996,A27,1
KE-009697,cattle,Boran,F,34,H00996,A27,0
KE-009698,cattle,Friesian cross,M,79,H00996,A27,1
KE-009699,cattle,Sahiwal,M,27,H00996,A27,0
KE-009700,cattle,Boran,F,98,H00996,A27,0
KE-009701,cattle,Friesian cross,F,63,H00996,A27,0
KE-009702,cattle,Friesian cross,F,44,H00996,A27,1
KE-009703,cattle,Boran,M,78,H00996,A27,0
KE-009704,cattle,Zebu,F,117,H00996,A27,0
KE-009705,cattle,Sahiwal,M,88,H00996,A27,0
KE-009706,cattle,Boran,F,62,H00996,A27,0
KE-009707,cattle,Boran,F,101,H00996,A27,0
KE-009708,cattle,Sahiwal,F,58,H00996,A27,1
KE-009709,cattle,Boran,M,80,H00997,A27,0
KE-009710,cattle,Sahiwal,F,70,H00997,A27,1
KE-009711,cattle,Zebu,F,13,H00997,A27,0
KE-009712,cattle,Boran,M,93,H00997,A27,1
KE-009713,cattle,Sahiwal,F,98,H00997,A27,1
KE-009714,cattle,Ayrshire cross,M,88,H00997,A27,0
KE-009715,cattle,Sahiwal,F,77,H00998,A27,1
KE-009716,cattle,Boran,F,23,H00998,A27,0
KE-009717,cattle,Sahiwal,M,22,H00998,A27,0
KE-009718,cattle,Zebu,F,102,H00998,A27,1
KE-009719,cattle,Sahiwal,F,56,H00998,A27,0
KE-009720,cattle,Ayrshire cross,F,70,H00998,A27,1
KE-009721,cattle,Ayrshire cross,M,31,H00998,A27,0
KE-009722,cattle,Boran,F,79,H00998,A27,0
KE-009723,cattle,Zebu,M,20,H00998,A27,1
KE-009724,cattle,Boran,F,82,H00998,A27,0
KE-009725,cattle,Sahiwal,M,91,H00998,A27,0
KE-009726,cattle,Zebu,F,75,H00998,A27,0
KE-009727,cattle,Friesian cross,F,62,H00998,A27,0
KE-009728,cattle,Ayrshire cross,M,25,H00998,A27,1
KE-009729,cattle,Zebu,F,88,H00998,A27,0
KE-009730,cattle,Friesian cross,F,16,H00998,A27,1
KE-009731,cattle,Sahiwal,F,105,H00998,A27,0
KE-009732,cattle,Zebu,M,17,H00998,A27,1
KE-009733,cattle,Friesian cross,F,73,H00998,A27,0
KE-009734,cattle,Ayrshire cross,F,18,H00998,A27,1
KE-009735,cattle,Ayrshire cross,F,119,H00998,A27,0
KE-009736,cattle,Sahiwal,F,38,H00998,A27,0
KE-009737,cattle,Sahiwal,F,92,H00998,A27,0
KE-009738,cattle,Sahiwal,M,25,H00998,A27,0
KE-009739,cattle,Ayrshire cross,M,105,H00998,A27,1
KE-009740,cattle,Ayrshire cross,M,70,H00998,A27,1
KE-009741,cattle,Friesian cross,F,54,H00998,A27,1
KE-009742,cattle,Zebu,M,42,H00999,A27,0
KE-009743,cattle,Friesian cross,M,67,H00999,A27,1
KE-009744,cattle,Sahiwal,F,31,H00999,A27,0
KE-009745,cattle,Zebu,F,77,H00999,A27,0
KE-009746,cattle,Boran,F,84,H00999,A27,0
KE-009747,cattle,Ayrshire cross,M,75,H00999,A27,0
KE-009748,cattle,Zebu,M,109,H00999,A27,0
KE-009749,cattle,Friesian cross,F,16,H00999,A27,0
KE-009750,cattle,Ayrshire cross,F,17,H00999,A27,1
KE-009751,cattle,Friesian cross,M,72,H01000,A27,0
KE-009752,cattle,Ayrshire cross,M,114,H01000,A27,0
KE-009753,cattle,Sahiwal,M,18,H01000,A27,1
KE-009754,cattle,Ayrshire cross,F,102,H01000,A27,1
KE-009755,cattle,Zebu,M,41,H01000,A27,0
KE-009756,cattle,Friesian cross,M,81,H01001,A27,1
KE-009757,cattle,Friesian cross,F,117,H01001,A27,0
KE-009758,cattle,Friesian cross,F,94,H01001,A27,1
KE-009759,cattle,Zebu,M,83,H01001,A27,0
KE-009760,cattle,Ayrshire cross,M,103,H01001,A27,1
KE-009761,cattle,Zebu,F,67,H01001,A27,1
KE-009762,cattle,Ayrshire cross,F,96,H01002,A27,0
KE-009763,cattle,Sahiwal,M,65,H01002,A27,0
KE-009764,cattle,Friesian cross,F,72,H01002,A27,0
KE-009765,cattle,Boran,F,51,H01002,A27,0
KE-009766,cattle,Boran,F,60,H01002,A27,1
KE-009767,cattle,Ayrshire cross,F,70,H01002,A27,1
KE-009768,cattle,Ayrshire cross,F,32,H01003,A27,0
KE-009769,cattle,Boran,F,65,H01003,A27,0
KE-009770,cattle,Boran,M,47,H01003,A27,0
KE-009771,cattle,Zebu,F,100,H01003,A27,0
KE-009772,cattle,Sahiwal,F,90,H01003,A27,0
KE-009773,cattle,Boran,F,71,H01003,A27,0
KE-009774,cattle,Friesian cross,F,87,H01003,A27,1
KE-009775,cattle,Zebu,F,111,H01003,A27,1
KE-009776,cattle,Boran,F,17,H01003,A27,0
KE-009777,cattle,Boran,M,79,H01003,A27,1
KE-009778,cattle,Sahiwal,F,28,H01003,A27,0
KE-009779,cattle,Ayrshire cross,F,19,H01003,A27,0
KE-009780,cattle,Sahiwal,M,24,H01004,A27,0
KE-009781,cattle,Friesian cross,M,64,H01004,A27,0
KE-009782,cattle,Zebu,F,46,H01004,A27,1
KE-009783,cattle,Zebu,M,62,H01004,A27,0
KE-009784,cattle,Friesian cross,M,49,H01004,A27,0
KE-009785,cattle,Zebu,F,13,H01004,A27,1
KE-009786,cattle,Sahiwal,F,115,H01004,A27,1
KE-009787,cattle,Friesian cross,F,75,H01004,A27,1
KE-009788,cattle,Zebu,M,104,H01004,A27,1
KE-009789,cattle,Ayrshire cross,F,115,H01004,A27,1
KE-009790,cattle,Sahiwal,F,54,H01005,A27,0
KE-009791,cattle,Zebu,F,41,H01005,A27,0
KE-009792,cattle,Ayrshire cross,F,43,H01005,A27,1
KE-009793,cattle,Boran,F,101,H01005,A27,1
KE-009794,cattle,Ayrshire cross,F,106,H01005,A27,0
KE-009795,cattle,Sahiwal,M,71,H01005,A27,1
KE-009796,cattle,Boran,F,115,H01005,A27,1
KE-009797,cattle,Ayrshire cross,F,93,H01005,A27,0
KE-009798,cattle,Friesian cross,F,73,H01005,A27,1
KE-009799,cattle,Zebu,F,61,H01005,A27,0
KE-009800,cattle,Boran,F,89,H01006,A27,0
KE-009801,cattle,Friesian cross,F,37,H01006,A27,1
KE-009802,cattle,Zebu,F,72,H01006,A27,0
KE-009803,cattle,Sahiwal,F,10,H01006,A27,1
KE-009804,cattle,Boran,M,55,H01006,A27,0
KE-009805,cattle,Ayrshire cross,F,116,H01006,A27,1
KE-009806,cattle,Ayrshire cross,M,104,H01006,A27,1
KE-009807,cattle,Friesian cross,F,15,H01006,A27,1
KE-009808,cattle,Friesian cross,F,73,H01006,A27,0
KE-009809,cattle,Ayrshire cross,M,64,H01006,A27,1
KE-009810,cattle,Ayrshire cross,M,76,H01006,A27,1
KE-009811,cattle,Zebu,F,67,H01006,A27,0
KE-009812,cattle,Boran,M,99,H01006,A27,0
KE-009813,cattle,Zebu,M,30,H01006,A27,0
KE-009814,cattle,Friesian cross,M,13,H01006,A27,1
KE-009815,cattle,Ayrshire cross,M,9,H01006,A27,1
KE-009816,cattle,Ayrshire cross,F,16,H01006,A27,0
KE-009817,cattle,Zebu,F,11,H01007,A27,1
KE-009818,cattle,Sahiwal,F,44,H01007,A27,0
KE-009819,cattle,Friesian cross,M,93,H01007,A27,0
KE-009820,cattle,Friesian cross,F,43,H01007,A27,0
KE-009821,cattle,Friesian cross,F,46,H01007,A27,1
KE-009822,cattle,Sahiwal,F,87,H01007,A27,0
KE-009823,cattle,Sahiwal,F,117,H01007,A27,1
KE-009824,cattle,Sahiwal,F,29,H01007,A27,0
KE-009825,cattle,Boran,M,117,H01007,A27,0
KE-009826,cattle,Boran,F,88,H01007,A27,0
KE-009827,cattle,Boran,F,67,H01007,A27,0
KE-009828,cattle,Sahiwal,F,63,H01007,A27,0
KE-009829,cattle,Sahiwal,F,32,H01007,A27,1
KE-009830,cattle,Friesian cross,F,71,H01007,A27,1
KE-009831,cattle,Friesian cross,F,50,H01008,A27,0
KE-009832,cattle,Zebu,F,58,H01008,A27,1
KE-009833,cattle,Boran,F,38,H01008,A27,0
KE-009834,cattle,Zebu,F,30,H01008,A27,1
KE-009835,cattle,Sahiwal,F,75,H01008,A27,0
KE-009836,cattle,Friesian cross,F,84,H01008,A27,0
KE-009837,cattle,Zebu,F,116,H01008,A27,0
KE-009838,cattle,Zebu,F,67,H01008,A27,0
KE-009839,cattle,Boran,F,6,H01008,A27,0
KE-009840,cattle,Zebu,F,110,H01008,A27,0
KE-009841,cattle,Zebu,F,6,H01008,A27,0
KE-009842,cattle,Friesian cross,M,55,H01008,A27,0
KE-009843,cattle,Ayrshire cross,M,28,H01008,A27,1
KE-009844,cattle,Sahiwal,M,84,H01008,A27,0
KE-009845,cattle,Friesian cross,M,51,H01009,A27,0
KE-009846,cattle,Boran,M,55,H01009,A27,1
KE-009847,cattle,Friesian cross,F,31,H01009,A27,1
KE-009848,cattle,Boran,F,100,H01009,A27,0
KE-009849,cattle,Ayrshire cross,M,83,H01009,A27,0
KE-009850,cattle,Zebu,F,16,H01009,A27,0
KE-009851,cattle,Ayrshire cross,F,109,H01009,A27,0
KE-009852,cattle,Friesian cross,F,49,H01009,A27,0
KE-009853,cattle,Zebu,F,12,H01009,A27,0
KE-009854,cattle,Sahiwal,F,64,H01009,A27,0
KE-009855,cattle,Boran,M,29,H01009,A27,0
KE-009856,cattle,Boran,M,101,H01009,A27,0
KE-009857,cattle,Ayrshire cross,F,58,H01009,A27,0
KE-009858,cattle,Friesian cross,M,53,H01009,A27,1
KE-009859,cattle,Ayrshire cross,F,70,H01009,A27,0
KE-009860,cattle,Zebu,F,48,H01010,A27,0
KE-009861,cattle,Zebu,M,85,H01010,A27,1
KE-009862,cattle,Sahiwal,M,25,H01010,A27,0
KE-009863,cattle,Zebu,M,42,H01010,A27,0
KE-009864,cattle,Sahiwal,F,35,H01010,A27,1
KE-009865,cattle,Zebu,M,113,H01010,A27,0
KE-009866,cattle,Friesian cross,F,119,H01010,A27,0
KE-009867,cattle,Sahiwal,M,93,H01010,A27,0
KE-009868,cattle,Friesian cross,F,27,H01010,A27,1
KE-009869,cattle,Ayrshire cross,F,103,H01010,A27,0
KE-009870,cattle,Boran,F,8,H01010,A27,0
KE-009871,cattle,Friesian cross,F,66,H01010,A27,1
KE-009872,cattle,Zebu,M,11,H01010,A27,0
KE-009873,cattle,Zebu,M,79,H01010,A27,0
KE-009874,cattle,Friesian cross,F,76,H01010,A27,1
KE-009875,cattle,Boran,M,41,H01010,A27,0
KE-009876,cattle,Sahiwal,M,29,H01010,A27,1
KE-009877,cattle,Zebu,M,78,H01011,A27,1
KE-009878,cattle,Sahiwal,F,25,H01011,A27,0
KE-009879,cattle,Ayrshire cross,M,107,H01011,A27,1
KE-009880,cattle,Zebu,F,31,H01011,A27,0
KE-009881,cattle,Ayrshire cross,F,6,H01012,A27,1
KE-009882,cattle,Boran,M,44,H01012,A27,0
KE-009883,cattle,Sahiwal,F,16,H01012,A27,0
KE-009884,cattle,Zebu,F,51,H01012,A27,1
KE-009885,cattle,Friesian cross,M,34,H01012,A27,0
KE-009886,cattle,Friesian cross,F,78,H01012,A27,1
KE-009887,cattle,Zebu,F,33,H01012,A27,1
KE-009888,cattle,Zebu,M,31,H01012,A27,0
KE-009889,cattle,Zebu,F,93,H01012,A27,0
KE-009890,cattle,Ayrshire cross,F,74,H01013,A27,1
KE-009891,cattle,Ayrshire cross,M,117,H01013,A27,1
KE-009892,cattle,Zebu,M,64,H01013,A27,0
KE-009893,cattle,Sahiwal,F,49,H01014,A27,1
KE-009894,cattle,Zebu,F,48,H01014,A27,1
KE-009895,cattle,Sahiwal,F,53,H01014,A27,0
KE-009896,cattle,Zebu,F,65,H01014,A27,0
KE-009897,cattle,Ayrshire cross,F,96,H01014,A27,0
KE-009898,cattle,Ayrshire cross,F,25,H01014,A27,0
KE-009899,cattle,Zebu,F,36,H01014,A27,1
KE-009900,cattle,Friesian cross,M,64,H01014,A27,0
KE-009901,cattle,Sahiwal,F,103,H01014,A27,1
KE-009902,cattle,Ayrshire cross,F,116,H01014,A27,0
KE-009903,cattle,Zebu,F,75,H01014,A27,0
KE-009904,cattle,Ayrshire cross,F,42,H01014,A27,1
KE-009905,cattle,Zebu,F,71,H01015,A27,1
KE-009906,cattle,Sahiwal,F,118,H01015,A27,0
KE-009907,cattle,Friesian cross,M,9,H01015,A27,0
KE-009908,cattle,Sahiwal,M,69,H01015,A27,0
KE-009909,cattle,Zebu,M,116,H01015,A27,1
KE-009910,cattle,Friesian cross,F,88,H01015,A27,1
KE-009911,cattle,Sahiwal,F,58,H01015,A27,0
KE-009912,cattle,Ayrshire cross,F,60,H01015,A27,0
KE-009913,cattle,Ayrshire cross,F,25,H01015,A27,1
KE-009914,cattle,Ayrshire cross,M,28,H01015,A27,1
KE-009915,cattle,Zebu,F,30,H01015,A27,1
KE-009916,cattle,Sahiwal,M,68,H01015,A27,0
KE-009917,cattle,Sahiwal,M,52,H01016,A27,0
KE-009918,cattle,Friesian cross,M,32,H01016,A27,0
KE-009919,cattle,Boran,F,89,H01016,A27,0
KE-009920,cattle,Ayrshire cross,M,95,H01016,A27,1
KE-009921,cattle,Ayrshire cross,M,24,H01016,A27,0
KE-009922,cattle,Boran,F,118,H01016,A27,1
KE-009923,cattle,Friesian cross,M,93,H01016,A27,0
KE-009924,cattle,Boran,F,91,H01016,A27,1
KE-009925,cattle,Boran,F,20,H01016,A27,0
KE-009926,cattle,Sahiwal,M,35,H01016,A27,1
KE-009927,cattle,Ayrshire cross,F,84,H01016,A27,1
KE-009928,cattle,Ayrshire cross,M,69,H01016,A27,0
KE-009929,cattle,Friesian cross,F,39,H01016,A27,1
KE-009930,cattle,Zebu,F,59,H01016,A27,0
KE-009931,cattle,Sahiwal,F,78,H01016,A27,0
KE-009932,cattle,Zebu,F,85,H01016,A27,0
KE-009933,cattle,Friesian cross,F,69,H01016,A27,1
KE-009934,cattle,Boran,F,37,H01016,A27,0
KE-009935,cattle,Friesian cross,F,37,H01016,A27,0
KE-009936,cattle,Ayrshire cross,M,119,H01016,A27,0
KE-009937,cattle,Boran,M,113,H01016,A27,0
KE-009938,cattle,Zebu,F,12,H01017,A27,0
KE-009939,cattle,Friesian cross,F,36,H01017,A27,1
KE-009940,cattle,Zebu,F,68,H01017,A27,1
KE-009941,cattle,Ayrshire cross,F,75,H01017,A27,0
KE-009942,cattle,Sahiwal,M,34,H01017,A27,0
KE-009943,cattle,Boran,M,15,H01017,A27,0
KE-009944,cattle,Friesian cross,M,116,H01017,A27,0
KE-009945,cattle,Zebu,F,14,H01017,A27,1
KE-009946,cattle,Ayrshire cross,M,56,H01017,A27,1
KE-009947,cattle,Zebu,M,67,H01017,A27,1
KE-009948,cattle,Sahiwal,F,11,H01017,A27,1
KE-009949,cattle,Sahiwal,F,62,H01017,A27,0
KE-009950,cattle,Zebu,M,22,H01017,A27,1
KE-009951,cattle,Sahiwal,F,57,H01017,A27,0
KE-009952,cattle,Ayrshire cross,F,77,H01017,A27,0
KE-009953,cattle,Sahiwal,M,55,H01017,A27,0
KE-009954,cattle,Boran,F,20,H01017,A27,1
KE-009955,cattle,Friesian cross,F,91,H01017,A27,0
KE-009956,cattle,Sahiwal,F,103,H01017,A27,0
KE-009957,cattle,Ayrshire cross,M,22,H01017,A27,0
KE-009958,cattle,Boran,F,50,H01017,A27,0
KE-009959,cattle,Friesian cross,F,82,H01017,A27,0
KE-009960,cattle,Ayrshire cross,M,92,H01017,A27,1
KE-009961,cattle,Friesian cross,F,55,H01018,A27,1
KE-009962,cattle,Ayrshire cross,F,22,H01018,A27,0
KE-009963,cattle,Ayrshire cross,F,23,H01018,A27,0
KE-009964,cattle,Zebu,M,86,H01018,A27,0
KE-009965,cattle,Boran,F,28,H01018,A27,0
KE-009966,cattle,Ayrshire cross,F,35,H01018,A27,0
KE-009967,cattle,Sahiwal,F,16,H01018,A27,1
KE-009968,cattle,Boran,F,107,H01018,A27,0
KE-009969,cattle,Ayrshire cross,M,100,H01018,A27,1
KE-009970,cattle,Boran,M,45,H01018,A27,0
KE-009971,cattle,Boran,M,106,H01018,A27,0
KE-009972,cattle,Zebu,F,61,H01018,A27,0
KE-009973,cattle,Boran,F,23,H01018,A27,1
KE-009974,cattle,Ayrshire cross,F,16,H01019,A27,0
KE-009975,cattle,Boran,F,75,H01019,A27,0
KE-009976,cattle,Sahiwal,F,54,H01019,A27,0
KE-009977,cattle,Ayrshire cross,F,13,H01019,A27,0
KE-009978,cattle,Boran,M,36,H01019,A27,1
KE-009979,cattle,Ayrshire cross,M,64,H01019,A27,0
KE-009980,cattle,Ayrshire cross,F,71,H01019,A27,1
KE-009981,cattle,Boran,F,85,H01019,A27,1
KE-009982,cattle,Boran,M,20,H01019,A27,1
KE-009983,cattle,Zebu,F,108,H01020,A27,0
KE-009984,cattle,Sahiwal,F,69,H01020,A27,0
KE-009985,cattle,Ayrshire cross,F,45,H01020,A27,0
KE-009986,cattle,Zebu,F,51,H01020,A27,0
KE-009987,cattle,Friesian cross,F,43,H01020,A27,1
KE-009988,cattle,Friesian cross,M,92,H01020,A27,1
KE-009989,cattle,Sahiwal,M,28,H01020,A27,1
KE-009990,cattle,Ayrshire cross,M,50,H01020,A27,0
KE-009991,cattle,Ayrshire cross,M,62,H01020,A27,0
KE-009992,cattle,Zebu,F,82,H01020,A27,1
KE-009993,cattle,Ayrshire cross,M,107,H01020,A27,0
KE-009994,cattle,Sahiwal,M,19,H01020,A27,1
KE-009995,cattle,Ayrshire cross,M,74,H01020,A27,0
KE-009996,cattle,Friesian cross,M,60,H01020,A27,0
KE-009997,cattle,Zebu,F,27,H01020,A27,0
KE-009998,cattle,Sahiwal,F,32,H01021,A27,1
KE-009999,cattle,Boran,F,28,H01021,A27,0
KE-010000,cattle,Zebu,F,100,H01021,A27,1
KE-010001,cattle,Friesian cross,F,82,H01021,A27,0
KE-010002,cattle,Boran,M,62,H01021,A27,1
KE-010003,cattle,Boran,M,100,H01021,A27,0
KE-010004,cattle,Boran,F,115,H01021,A27,1
KE-010005,cattle,Boran,F,92,H01021,A27,1
KE-010006,cattle,Ayrshire cross,F,24,H01021,A27,1
