area_id,week,date,rain_mm,rain_anomaly,vacc_coverage,weeks_since_campaign,inbound_animals,inbound_external,inbound_from_outbreak_areas,farmer_reports,vet_reports,confirmed_outbreak,true_infected_herds,density_index,market_hub,border,reporting_prob,lat,lon,neighbour_outbreaks_4w
A00,0,2023-01-02,11.695053597738708,6.661868535529838,0.3648980727525488,99.0,24.0,24.0,0.0,1.0,0.0,0.0,0.0,1.1,1,0,0.45,-1.08,35.87,0.0
A00,1,2023-01-09,6.143684664857767,1.0564356292451524,0.35942460166126056,99.0,84.0,23.0,0.0,0.0,0.0,0.0,0.0,1.1,1,0,0.45,-1.08,35.87,0.0
A00,2,2023-01-16,5.98491365972725,0.7703156602890191,0.3540332326363416,99.0,34.0,34.0,0.0,0.0,0.0,0.0,0.0,1.1,1,0,0.45,-1.08,35.87,0.0
A00,3,2023-01-23,3.295813864254458,-2.197970958686744,0.3487227341467965,99.0,78.0,31.0,0.0,0.0,1.0,0.0,0.0,1.1,1,0,0.45,-1.08,35.87,0.0
A00,4,2023-01-30,5.5420307838216205,-0.5208800656062627,0.34349189313459455,99.0,54.0,19.0,0.0,1.0,0.0,0.0,0.0,1.1,1,0,0.45,-1.08,35.87,0.0
A00,5,2023-02-06,8.140423420769281,0.9999838199341369,0.3383395147375756,99.0,17.0,14.0,0.0,1.0,0.0,0.0,0.0,1.1,1,0,0.45,-1.08,35.87,0.0
A00,6,2023-02-13,8.880923614330454,-0.15140715005453131,0.33326442201651196,99.0,62.0,20.0,0.0,0.0,0.0,0.0,0.0,1.1,1,0,0.45,-1.08,35.87,0.0
A00,7,2023-02-20,24.54441938339072,12.437909642562499,0.3282654556862643,99.0,69.0,51.0,0.0,0.0,0.0,0.0,0.0,1.1,1,0,0.45,-1.08,35.87,0.0
A00,8,2023-02-27,19.723696564887867,3.0070427947467238,0.32334147385097034,99.0,20.0,9.0,0.0,1.0,0.0,0.0,0.0,1.1,1,0,0.45,-1.08,35.87,0.0
A00,9,2023-03-06,45.27267942396858,22.20102670923646,0.3184913517432058,99.0,54.0,14.0,0.0,0.0,0.0,0.0,0.0,1.1,1,0,0.45,-1.08,35.87,0.0
A00,10,2023-03-13,39.69290797823463,8.617015467809939,0.3137139814670577,99.0,33.0,0.0,0.0,1.0,0.0,0.0,0.0,1.1,1,0,0.45,-1.08,35.87,0.0
A00,11,2023-03-20,50.90747508762095,10.708701917019042,0.30900827174505185,99.0,68.0,24.0,0.0,0.0,0.0,0.0,0.0,1.1,1,0,0.45,-1.08,35.87,0.0
A00,12,2023-03-27,59.919890731112055,10.47079749020898,0.3043731476688761,99.0,25.0,21.0,0.0,0.0,0.0,0.0,0.0,1.1,1,0,0.45,-1.08,35.87,0.0
A00,13,2023-04-03,71.98357913867524,14.473179996098388,0.29980755045384294,99.0,28.0,4.0,0.0,0.0,0.0,0.0,0.0,1.1,1,0,0.45,-1.08,35.87,0.0
A00,14,2023-04-10,143.79370413213215,80.76073810321179,0.2953104371970353,99.0,30.0,12.0,0.0,0.0,0.0,0.0,0.0,1.1,1,0,0.45,-1.08,35.87,0.0
A00,15,2023-04-17,36.077415741776356,-28.922584258223758,0.2908807806390798,99.0,52.0,30.0,0.0,0.0,0.0,0.0,0.0,1.1,1,0,0.45,-1.08,35.87,0.0
A00,16,2023-04-24,39.10539357584885,-23.927572453072585,0.2865175689294936,99.0,53.0,23.0,0.0,2.0,0.0,0.0,0.0,1.1,1,0,0.45,-1.08,35.87,0.0
A00,17,2023-05-01,59.4419107972631,1.9315116546764912,0.2822198053955512,99.0,19.0,19.0,0.0,0.0,0.0,0.0,0.0,1.1,1,0,0.45,-1.08,35.87,0.0
A00,18,2023-05-08,62.12646284913273,12.677369608148389,0.2779865083146179,99.0,53.0,48.0,0.0,0.0,0.0,0.0,0.0,1.1,1,0,0.45,-1.08,35.87,0.0
A00,19,2023-05-15,63.97654789169869,23.777774720471818,0.27381671068989866,99.0,88.0,48.0,0.0,0.0,0.0,0.0,0.0,1.1,1,0,0.45,-1.08,35.87,0.0
A00,20,2023-05-22,45.83997050273036,14.764077987868891,0.26970946002955015,99.0,22.0,22.0,0.0,0.0,0.0,0.0,0.0,1.1,1,0,0.45,-1.08,35.87,0.0
A00,21,2023-05-29,25.210540775836442,2.138888032027875,0.2656638181291069,99.0,76.0,73.0,0.0,0.0,0.0,0.0,0.0,1.1,1,0,0.45,-1.08,35.87,0.0
A00,22,2023-06-05,29.850879659483752,13.13422571344038,0.2616788608571703,99.0,103.0,81.0,0.0,0.0,0.0,0.0,0.0,1.1,1,0,0.45,-1.08,35.87,0.0
A00,23,2023-06-12,21.703104755523242,9.596594032364013,0.25931842733683674,99.0,67.0,26.0,0.0,0.0,0.0,0.0,0.0,1.1,1,0,0.45,-1.08,35.87,0.0
A00,24,2023-06-19,12.04169006030232,3.0093542318344735,0.25931842733683674,99.0,51.0,40.0,0.0,0.0,0.0,0.0,0.0,1.1,1,0,0.45,-1.08,35.87,0.0
A00,25,2023-06-26,12.501534788999066,5.361071089098811,0.25931842733683674,99.0,13.0,9.0,0.0,0.0,0.0,0.0,0.0,1.1,1,0,0.45,-1.08,35.87,0.0
A00,26,2023-07-03,8.337612276007011,2.2745955606951274,0.25931842733683674,99.0,109.0,66.0,0.0,0.0,0.0,0.0,0.0,1.1,1,0,0.45,-1.08,35.87,0.0
A00,27,2023-07-10,5.64245951204327,0.1482453817727789,0.25931842733683674,99.0,24.0,5.0,0.0,0.0,0.0,0.0,0.0,1.1,1,0,0.45,-1.08,35.87,0.0
A00,28,2023-07-17,8.32405558221926,3.107850504547156,0.25931842733683674,99.0,22.0,3.0,0.0,0.0,0.0,0.0,0.0,1.1,1,0,0.45,-1.08,35.87,0.0
A00,29,2023-07-24,6.617293226050317,1.5244907492538013,0.25931842733683674,99.0,68.0,68.0,0.0,2.0,0.0,0.0,0.0,1.1,1,0,0.45,-1.08,35.87,0.0
A00,30,2023-07-31,6.3165866572102525,1.2656864881719043,0.25931842733683674,99.0,60.0,40.0,18.0,0.0,0.0,0.0,0.0,1.1,1,0,0.45,-1.08,35.87,2.0
A00,31,2023-08-07,10.599731719745792,5.535758533973331,0.25931842733683674,99.0,65.0,0.0,0.0,0.0,0.0,0.0,0.0,1.1,1,0,0.45,-1.08,35.87,4.0
A00,32,2023-08-14,2.7278279019548095,-2.4179026194391455,0.25931842733683674,99.0,59.0,21.0,21.0,0.0,0.0,0.0,0.0,1.1,1,0,0.45,-1.08,35.87,4.0
A00,33,2023-08-21,4.077018401450112,-1.2800230010762634,0.25931842733683674,99.0,51.0,38.0,0.0,0.0,0.0,0.0,1.0,1.1,1,0,0.45,-1.08,35.87,4.0
A00,34,2023-08-28,4.805458294787474,-1.0191020220723388,0.25931842733683674,99.0,36.0,22.0,12.0,4.0,5.0,0.0,8.0,1.1,1,0,0.45,-1.08,35.87,5.0
A00,35,2023-09-04,7.4438701546244666,0.6813976993625097,0.25931842733683674,99.0,28.0,19.0,0.0,10.0,1.0,0.0,16.0,1.1,1,0,0.45,-1.08,35.87,5.0
A00,36,2023-09-11,9.69482580599948,1.216087710554497,0.25931842733683674,99.0,55.0,18.0,0.0,9.0,1.0,1.0,22.0,1.1,1,0,0.45,-1.08,35.87,6.0
A00,37,2023-09-18,8.362818254852487,-2.975816595861481,0.25931842733683674,99.0,2.0,2.0,0.0,10.0,2.0,0.0,20.0,1.1,1,0,0.45,-1.08,35.87,7.0
A00,38,2023-09-25,13.867662671996511,-1.7940877872346466,0.25931842733683674,99.0,48.0,14.0,0.0,6.0,2.0,0.0,18.0,1.1,1,0,0.45,-1.08,35.87,5.0
A00,39,2023-10-02,19.93420420939316,-1.6203709185526485,0.25931842733683674,99.0,75.0,51.0,51.0,8.0,2.0,0.0,16.0,1.1,1,0,0.45,-1.08,35.87,5.0
A00,40,2023-10-09,84.86992411442965,56.141764978746046,0.25931842733683674,99.0,32.0,5.0,0.0,4.0,2.0,0.0,9.0,1.1,1,0,0.45,-1.08,35.87,4.0
A00,41,2023-10-16,85.47266173351379,49.077227050498806,0.25931842733683674,99.0,60.0,35.0,11.0,2.0,0.0,0.0,5.0,1.1,1,0,0.45,-1.08,35.87,3.0
A00,42,2023-10-23,46.91120391978458,3.5647334146270637,0.25931842733683674,99.0,74.0,48.0,0.0,2.0,1.0,0.0,1.0,1.1,1,0,0.45,-1.08,35.87,2.0
A00,43,2023-10-30,53.08981901414483,4.854294252022008,0.25931842733683674,99.0,17.0,17.0,0.0,0.0,0.0,0.0,0.0,1.1,1,0,0.45,-1.08,35.87,0.0
A00,44,2023-11-06,41.8020406504256,-8.197959349614521,0.25931842733683674,99.0,41.0,23.0,0.0,0.0,0.0,0.0,0.0,1.1,1,0,0.45,-1.08,35.87,0.0
A00,45,2023-11-13,30.91970504950099,-17.315819712359165,0.25931842733683674,99.0,45.0,20.0,10.0,0.0,1.0,0.0,0.0,1.1,1,0,0.45,-1.08,35.87,0.0
A00,46,2023-11-20,52.01128776238881,8.66481725890857,0.25931842733683674,99.0,23.0,23.0,0.0,0.0,0.0,0.0,0.0,1.1,1,0,0.45,-1.08,35.87,0.0
A00,47,2023-11-27,32.08339809007149,-4.312036583125,0.25931842733683674,99.0,37.0,37.0,0.0,1.0,0.0,0.0,0.0,1.1,1,0,0.45,-1.08,35.87,1.0
A00,48,2023-12-04,34.85942898293094,6.131269900993747,0.6341609500734582,0.0,33.0,33.0,0.0,0.0,0.0,0.0,0.0,1.1,1,0,0.45,-1.08,35.87,1.0
A00,49,2023-12-11,15.389101872991136,-6.165472979723768,0.6246485358223564,1.0,64.0,34.0,2.0,0.0,0.0,0.0,0.0,1.1,1,0,0.45,-1.08,35.87,2.0
A00,50,2023-12-18,14.994356096106882,-0.6673930445885965,0.615278807785021,2.0,53.0,53.0,0.0,0.0,0.0,0.0,0.0,1.1,1,0,0.45,-1.08,35.87,2.0
A00,51,2023-12-25,14.930086735711484,3.5914577942644588,0.6060496256682456,3.0,23.0,2.0,0.0,0.0,0.0,0.0,0.0,1.1,1,0,0.45,-1.08,35.87,1.0
A00,52,2024-01-01,5.721473379800948,0.688288317592078,0.5969588812832219,4.0,11.0,0.0,0.0,0.0,0.0,0.0,0.0,1.1,1,0,0.45,-1.08,35.87,1.0
A00,53,2024-01-08,5.887623321807514,0.8003742861948986,0.5880044980639736,5.0,82.0,71.0,0.0,1.0,0.0,0.0,0.0,1.1,1,0,0.45,-1.08,35.87,0.0
A00,54,2024-01-15,3.2847510184311304,-1.9298469810071008,0.5791844305930139,6.0,4.0,0.0,0.0,0.0,0.0,0.0,0.0,1.1,1,0,0.45,-1.08,35.87,0.0
A00,55,2024-01-22,7.409458995773554,1.915674172832352,0.5704966641341187,7.0,30.0,30.0,0.0,0.0,0.0,0.0,0.0,1.1,1,0,0.45,-1.08,35.87,0.0
A00,56,2024-01-29,4.581909942148051,-1.4810009072798325,0.5619392141721069,8.0,37.0,24.0,0.0,0.0,0.0,0.0,0.0,1.1,1,0,0.45,-1.08,35.87,0.0
A00,57,2024-02-05,8.910894357892932,1.770454757057788,0.5535101259595253,9.0,2.0,2.0,0.0,0.0,0.0,0.0,0.0,1.1,1,0,0.45,-1.08,35.87,0.0
A00,58,2024-02-12,8.998761085999073,-0.03356967838591274,0.5452074740701324,10.0,51.0,29.0,0.0,0.0,0.0,0.0,0.0,1.1,1,0,0.45,-1.08,35.87,0.0
A00,59,2024-02-19,7.478316339646775,-4.628193401181448,0.85,0.0,40.0,2.0,0.0,0.0,0.0,0.0,0.0,1.1,1,0,0.45,-1.08,35.87,0.0
A00,60,2024-02-26,14.96533097490295,-1.7513227952381936,0.8372499999999999,1.0,68.0,44.0,0.0,0.0,0.0,0.0,0.0,1.1,1,0,0.45,-1.08,35.87,0.0
A00,61,2024-03-04,26.218939163842396,3.147286449110272,0.8246912499999999,2.0,35.0,11.0,0.0,0.0,0.0,0.0,0.0,1.1,1,0,0.45,-1.08,35.87,0.0
A00,62,2024-03-11,38.51201387517816,7.436121364753472,0.8123208812499999,3.0,8.0,8.0,0.0,1.0,0.0,0.0,0.0,1.1,1,0,0.45,-1.08,35.87,0.0
A00,63,2024-03-18,38.26328089347913,-1.9354922771227834,0.8001360680312499,4.0,51.0,51.0,0.0,0.0,0.0,0.0,0.0,1.1,1,0,0.45,-1.08,35.87,0.0
A00,64,2024-03-25,84.52660464876165,35.07751140785857,0.7881340270107812,5.0,63.0,49.0,0.0,0.0,0.0,0.0,0.0,1.1,1,0,0.45,-1.08,35.87,0.0
A00,65,2024-04-01,81.82596026804727,24.315561125470417,0.7763120166056194,6.0,57.0,48.0,0.0,0.0,0.0,0.0,0.0,1.1,1,0,0.45,-1.08,35.87,0.0
A00,66,2024-04-08,57.61764854336527,-5.415317485555093,0.7646673363565352,7.0,24.0,3.0,0.0,0.0,0.0,0.0,0.0,1.1,1,0,0.45,-1.08,35.87,1.0
A00,67,2024-04-15,84.51507359074385,19.51507359074374,0.7531973263111871,8.0,18.0,0.0,0.0,0.0,0.0,0.0,0.0,1.1,1,0,0.45,-1.08,35.87,1.0
A00,68,2024-04-22,124.02530032224553,60.99233429332409,0.7418993664165192,9.0,43.0,43.0,0.0,0.0,0.0,0.0,0.0,1.1,1,0,0.45,-1.08,35.87,2.0
A00,69,2024-04-29,114.22102605909882,56.71062691651221,0.7307708759202715,10.0,20.0,20.0,0.0,0.0,0.0,0.0,0.0,1.1,1,0,0.45,-1.08,35.87,2.0
A00,70,2024-05-06,32.1735202814679,-17.27557295951644,0.7198093127814674,11.0,57.0,22.0,0.0,0.0,0.0,0.0,0.0,1.1,1,0,0.45,-1.08,35.87,1.0
A00,71,2024-05-13,29.065441412701354,-11.133331758525514,0.7090121730897454,12.0,63.0,60.0,0.0,0.0,0.0,0.0,0.0,1.1,1,0,0.45,-1.08,35.87,3.0
A00,72,2024-05-20,52.25595907667282,21.180066561811355,0.6983769904933992,13.0,31.0,13.0,13.0,0.0,0.0,0.0,0.0,1.1,1,0,0.45,-1.08,35.87,3.0
A00,73,2024-05-27,15.93003533747807,-7.1416174063304965,0.6879013356359982,14.0,3.0,3.0,0.0,1.0,0.0,0.0,1.0,1.1,1,0,0.45,-1.08,35.87,4.0
A00,74,2024-06-03,10.522502593484418,-6.194151352558954,0.6775828156014582,15.0,82.0,12.0,12.0,1.0,0.0,0.0,2.0,1.1,1,0,0.45,-1.08,35.87,4.0
A00,75,2024-06-10,10.212121922426936,-1.8943888007322922,0.6674190733674363,16.0,39.0,39.0,0.0,3.0,0.0,0.0,4.0,1.1,1,0,0.45,-1.08,35.87,2.0
A00,76,2024-06-17,10.463472228285257,1.4311363998174098,0.6574077872669247,17.0,26.0,26.0,18.0,5.0,0.0,0.0,7.0,1.1,1,0,0.45,-1.08,35.87,2.0
A00,77,2024-06-24,6.889089104840843,-0.2513745950594126,0.6475466704579208,18.0,51.0,46.0,46.0,6.0,1.0,0.0,11.0,1.1,1,0,0.45,-1.08,35.87,2.0
A00,78,2024-07-01,4.828376181737648,-1.234640533574236,0.637833470401052,19.0,77.0,59.0,23.0,8.0,2.0,1.0,13.0,1.1,1,0,0.45,-1.08,35.87,3.0
A00,79,2024-07-08,4.33933539071094,-1.1548787395595506,0.6282659683450362,20.0,36.0,18.0,0.0,11.0,2.0,0.0,19.0,1.1,1,0,0.45,-1.08,35.87,5.0
A00,80,2024-07-15,4.0651562020309,-1.1510488756412052,0.6188419788198607,21.0,33.0,33.0,33.0,9.0,4.0,0.0,19.0,1.1,1,0,0.45,-1.08,35.87,6.0
A00,81,2024-07-22,3.743420979888868,-1.349381496907648,0.6095593491375628,22.0,43.0,13.0,0.0,7.0,1.0,0.0,13.0,1.1,1,0,0.45,-1.08,35.87,7.0
A00,82,2024-07-29,11.224938847662164,6.174038678623816,0.6004159589004994,23.0,53.0,31.0,10.0,7.0,2.0,0.0,9.0,1.1,1,0,0.45,-1.08,35.87,8.0
A00,83,2024-08-05,5.619711143742929,0.555737957970468,0.5914097195169918,24.0,55.0,28.0,0.0,2.0,3.0,0.0,4.0,1.1,1,0,0.45,-1.08,35.87,7.0
A00,84,2024-08-12,7.0183841600643975,1.8726536386704424,0.582538573724237,25.0,8.0,5.0,5.0,1.0,1.0,0.0,2.0,1.1,1,0,0.45,-1.08,35.87,5.0
A00,85,2024-08-19,4.5142304605227235,-0.842810942003652,0.5738004951183735,26.0,61.0,61.0,0.0,2.0,0.0,0.0,1.0,1.1,1,0,0.45,-1.08,35.87,4.0
A00,86,2024-08-26,5.457542940115203,-0.3670173767446103,0.5651934876915979,27.0,52.0,20.0,20.0,2.0,0.0,0.0,1.0,1.1,1,0,0.45,-1.08,35.87,3.0
A00,87,2024-09-02,5.267967831817971,-1.4945046234439863,0.556715585376224,28.0,30.0,17.0,0.0,0.0,0.0,0.0,1.0,1.1,1,0,0.45,-1.08,35.87,2.0
A00,88,2024-09-09,3.351686701156318,-5.1270513942886655,0.5483648515955807,29.0,115.0,81.0,45.0,0.0,1.0,0.0,0.0,1.1,1,0,0.45,-1.08,35.87,2.0
A00,89,2024-09-16,7.000017580983636,-4.338617269730332,0.540139378821647,30.0,81.0,58.0,0.0,0.0,0.0,0.0,0.0,1.1,1,0,0.45,-1.08,35.87,1.0
A00,90,2024-09-23,8.31037658832513,-7.351373870906027,0.5320372881393223,31.0,0.0,0.0,0.0,0.0,2.0,0.0,0.0,1.1,1,0,0.45,-1.08,35.87,0.0
A00,91,2024-09-30,9.807660604550714,-11.746914523395096,0.5240567288172324,32.0,76.0,64.0,34.0,0.0,0.0,0.0,0.0,1.1,1,0,0.45,-1.08,35.87,1.0
A00,92,2024-10-07,18.906431502119798,-9.821727633563807,0.5161958778849739,33.0,23.0,15.0,0.0,0.0,0.0,0.0,0.0,1.1,1,0,0.45,-1.08,35.87,1.0
A00,93,2024-10-14,57.86876843408793,21.47333375107295,0.5084529397166992,34.0,80.0,62.0,22.0,0.0,0.0,0.0,0.0,1.1,1,0,0.45,-1.08,35.87,3.0
A00,94,2024-10-21,42.67753300578567,-0.6689374993718502,0.5008261456209487,35.0,47.0,5.0,0.0,0.0,0.0,0.0,0.0,1.1,1,0,0.45,-1.08,35.87,3.0
A00,95,2024-10-28,75.77686952211165,27.54134475998883,0.4933137534366345,36.0,24.0,24.0,0.0,0.0,0.0,0.0,0.0,1.1,1,0,0.45,-1.08,35.87,2.0
A00,96,2024-11-04,57.73519236990155,7.735192369861423,0.48591404713508496,37.0,46.0,42.0,38.0,0.0,0.0,0.0,0.0,1.1,1,0,0.45,-1.08,35.87,2.0
A00,97,2024-11-11,63.43345266456733,15.197927902707171,0.47862533642805866,38.0,53.0,21.0,0.0,0.0,0.0,0.0,0.0,1.1,1,0,0.45,-1.08,35.87,0.0
A00,98,2024-11-18,31.62384210037239,-11.722628403107851,0.4714459563816378,39.0,29.0,29.0,13.0,0.0,0.0,0.0,0.0,1.1,1,0,0.45,-1.08,35.87,0.0
A00,99,2024-11-25,43.72089698489264,7.32546231169615,0.4643742670359132,40.0,0.0,0.0,0.0,0.0,0.0,0.0,0.0,1.1,1,0,0.45,-1.08,35.87,0.0
A00,100,2024-12-02,37.074439739166436,8.34628065722924,0.45740865303037453,41.0,0.0,0.0,0.0,0.0,0.0,0.0,0.0,1.1,1,0,0.45,-1.08,35.87,0.0
A00,101,2024-12-09,17.615188835460607,-3.9393860172542965,0.4505475232349189,42.0,37.0,21.0,0.0,0.0,0.0,0.0,0.0,1.1,1,0,0.45,-1.08,35.87,0.0
A00,102,2024-12-16,19.04987440902837,3.3881252683328906,0.44378931038639513,43.0,0.0,0.0,0.0,0.0,0.0,0.0,0.0,1.1,1,0,0.45,-1.08,35.87,0.0
A00,103,2024-12-23,13.823652880887561,2.485023939440536,0.4371324707305992,44.0,20.0,18.0,0.0,0.0,0.0,0.0,0.0,1.1,1,0,0.45,-1.08,35.87,0.0
A00,104,2024-12-30,4.15249591800622,-0.8806891442026492,0.4305754836696402,45.0,71.0,35.0,0.0,1.0,1.0,0.0,0.0,1.1,1,0,0.45,-1.08,35.87,0.0
A00,105,2025-01-06,2.2321948800441667,-2.8550541555684483,0.4241168514145956,46.0,51.0,43.0,20.0,0.0,0.0,0.0,0.0,1.1,1,0,0.45,-1.08,35.87,1.0
A00,106,2025-01-13,2.2394586617218644,-2.975139337716367,0.4177550986433767,47.0,70.0,33.0,13.0,0.0,0.0,0.0,0.0,1.1,1,0,0.45,-1.08,35.87,1.0
A00,107,2025-01-20,3.6807312609622374,-1.8130535619789647,0.41148877216372604,48.0,68.0,53.0,0.0,0.0,1.0,0.0,0.0,1.1,1,0,0.45,-1.08,35.87,1.0
A00,108,2025-01-27,4.418766394769378,-1.6441444546585053,0.40531644058127014,49.0,57.0,39.0,0.0,0.0,0.0,0.0,0.0,1.1,1,0,0.45,-1.08,35.87,1.0
A00,109,2025-02-03,3.5169965989081216,-3.6234430019270225,0.39923669397255107,50.0,84.0,84.0,15.0,1.0,0.0,0.0,0.0,1.1,1,0,0.45,-1.08,35.87,0.0
A00,110,2025-02-10,5.925898973145416,-3.1064317912395696,0.3932481435629628,51.0,49.0,31.0,0.0,0.0,0.0,0.0,0.0,1.1,1,0,0.45,-1.08,35.87,0.0
A00,111,2025-02-17,9.608502173545299,-2.498007567282924,0.38734942140951834,52.0,31.0,31.0,0.0,0.0,0.0,0.0,0.0,1.1,1,0,0.45,-1.08,35.87,0.0
A00,112,2025-02-24,13.490547949070258,-3.2261058210708846,0.38153918008837556,53.0,4.0,0.0,0.0,0.0,0.0,0.0,0.0,1.1,1,0,0.45,-1.08,35.87,0.0
A00,113,2025-03-03,25.815622571563438,2.7439698568313133,0.37581609238704994,54.0,76.0,38.0,0.0,0.0,0.0,0.0,0.0,1.1,1,0,0.45,-1.08,35.87,2.0
A00,114,2025-03-10,31.5821703944735,0.50627788404881,0.3701788510012442,55.0,45.0,39.0,0.0,0.0,0.0,0.0,1.0,1.1,1,0,0.45,-1.08,35.87,2.0
A00,115,2025-03-17,18.40461704428092,-21.794156126320992,0.3646261682362255,56.0,26.0,14.0,9.0,1.0,1.0,0.0,1.0,1.1,1,0,0.45,-1.08,35.87,2.0
A00,116,2025-03-24,57.94046270591008,8.491369465007004,0.3591567757126821,57.0,0.0,0.0,0.0,1.0,0.0,0.0,3.0,1.1,1,0,0.45,-1.08,35.87,2.0
A00,117,2025-03-31,31.04199898146968,-26.468400161107173,0.35376942407699186,58.0,20.0,16.0,0.0,5.0,2.0,1.0,8.0,1.1,1,0,0.45,-1.08,35.87,2.0
A00,118,2025-04-07,59.061568169212,-3.971397859708361,0.348462882715837,59.0,74.0,50.0,32.0,10.0,5.0,0.0,16.0,1.1,1,0,0.45,-1.08,35.87,5.0
A00,119,2025-04-14,43.26740901304509,-21.732590986955024,0.3432359394750994,60.0,33.0,20.0,20.0,11.0,1.0,0.0,22.0,1.1,1,0,0.45,-1.08,35.87,7.0
A00,120,2025-04-21,35.46770844585214,-27.565257583069297,0.3380874003829729,61.0,35.0,16.0,16.0,8.0,1.0,0.0,25.0,1.1,1,0,0.45,-1.08,35.87,8.0
A00,121,2025-04-28,19.85565730088327,-37.65474184170334,0.3330160893772283,62.0,105.0,49.0,20.0,7.0,5.0,0.0,20.0,1.1,1,0,0.45,-1.08,35.87,7.0
A00,122,2025-05-05,30.268671276439985,-19.180421964544355,0.3280208480365699,63.0,60.0,24.0,13.0,8.0,2.0,0.0,12.0,1.1,1,0,0.45,-1.08,35.87,4.0
A00,123,2025-05-12,15.138927831823924,-25.059845339402944,0.32310053531602134,64.0,57.0,11.0,0.0,3.0,2.0,0.0,5.0,1.1,1,0,0.45,-1.08,35.87,4.0
A00,124,2025-05-19,28.338014583014488,-2.737877931846981,0.318254027286281,65.0,39.0,34.0,0.0,1.0,1.0,0.0,1.0,1.1,1,0,0.45,-1.08,35.87,4.0
A00,125,2025-05-26,25.50052968517729,2.428876941368724,0.3134802168769868,66.0,28.0,26.0,13.0,0.0,1.0,0.0,1.0,1.1,1,0,0.45,-1.08,35.87,4.0
A00,126,2025-06-02,8.221097388751984,-8.495556557291389,0.308778013623832,67.0,23.0,0.0,0.0,2.0,0.0,0.0,1.0,1.1,1,0,0.45,-1.08,35.87,4.0
A00,127,2025-06-09,8.746470328658248,-3.360040394500981,0.3041463434194745,68.0,18.0,18.0,0.0,2.0,0.0,0.0,1.0,1.1,1,0,0.45,-1.08,35.87,2.0
A00,128,2025-06-16,4.554615249571115,-4.477720578896732,0.29958414826818236,69.0,46.0,25.0,0.0,0.0,0.0,0.0,0.0,1.1,1,0,0.45,-1.08,35.87,1.0
A00,129,2025-06-23,3.724844651125442,-3.4156190487748135,0.2950903860441596,70.0,46.0,32.0,0.0,0.0,0.0,0.0,0.0,1.1,1,0,0.45,-1.08,35.87,0.0
A00,130,2025-06-30,5.168061746616781,-0.894954968695103,0.2906640302534972,71.0,44.0,41.0,0.0,1.0,1.0,0.0,0.0,1.1,1,0,0.45,-1.08,35.87,1.0
A00,131,2025-07-07,3.523392325902116,-1.970821804368375,0.28630406979969475,72.0,33.0,29.0,0.0,0.0,0.0,0.0,0.0,1.1,1,0,0.45,-1.08,35.87,1.0
A00,132,2025-07-14,6.233039153625654,1.0168340759535495,0.2820095087526993,73.0,77.0,63.0,0.0,1.0,0.0,0.0,0.0,1.1,1,0,0.45,-1.08,35.87,1.0
A00,133,2025-07-21,2.7962073474962366,-2.2965951293002793,0.2777793661214088,74.0,52.0,52.0,0.0,0.0,0.0,0.0,0.0,1.1,1,0,0.45,-1.08,35.87,1.0
A00,134,2025-07-28,4.657837473610477,-0.3930626954278713,0.2736126756295877,75.0,73.0,53.0,0.0,1.0,1.0,0.0,0.0,1.1,1,0,0.45,-1.08,35.87,1.0
A00,135,2025-08-04,3.405743149470058,-1.6582300363024034,0.2695084854951439,76.0,30.0,30.0,0.0,1.0,1.0,0.0,0.0,1.1,1,0,0.45,-1.08,35.87,1.0
A00,136,2025-08-11,4.418970423916587,-0.726760097477368,0.26546585821271673,77.0,64.0,46.0,0.0,0.0,0.0,0.0,0.0,1.1,1,0,0.45,-1.08,35.87,1.0
A00,137,2025-08-18,2.9776182899131385,-2.379423112613237,0.26148387033952597,78.0,80.0,41.0,10.0,0.0,0.0,0.0,0.0,1.1,1,0,0.45,-1.08,35.87,1.0
A00,138,2025-08-25,3.720860673181991,-2.103699643677822,0.25931842733683674,79.0,46.0,22.0,0.0,0.0,0.0,0.0,0.0,1.1,1,0,0.45,-1.08,35.87,0.0
A00,139,2025-09-01,4.221460031157067,-2.54101242410489,0.25931842733683674,80.0,78.0,59.0,0.0,0.0,0.0,0.0,0.0,1.1,1,0,0.45,-1.08,35.87,0.0
A00,140,2025-09-08,4.113024816659937,-4.365713278785046,0.25931842733683674,81.0,76.0,46.0,0.0,0.0,0.0,0.0,0.0,1.1,1,0,0.45,-1.08,35.87,0.0
A00,141,2025-09-15,9.292071675242767,-2.046563175471201,0.25931842733683674,82.0,21.0,10.0,0.0,0.0,1.0,0.0,0.0,1.1,1,0,0.45,-1.08,35.87,0.0
A00,142,2025-09-22,12.78184365093856,-2.8799068082925974,0.25931842733683674,83.0,29.0,0.0,0.0,0.0,0.0,0.0,0.0,1.1,1,0,0.45,-1.08,35.87,0.0
A00,143,2025-09-29,17.245466960797962,-4.309108167147848,0.25931842733683674,84.0,42.0,20.0,0.0,0.0,0.0,0.0,0.0,1.1,1,0,0.45,-1.08,35.87,0.0
A00,144,2025-10-06,31.977510507450134,3.2493513717665294,0.25931842733683674,85.0,70.0,46.0,0.0,0.0,0.0,0.0,0.0,1.1,1,0,0.45,-1.08,35.87,0.0
A00,145,2025-10-13,39.288470735287,2.8930360522720164,0.25931842733683674,86.0,41.0,20.0,0.0,0.0,0.0,0.0,0.0,1.1,1,0,0.45,-1.08,35.87,0.0
A00,146,2025-10-20,24.710091521204927,-18.636378983952593,0.25931842733683674,87.0,49.0,13.0,0.0,0.0,0.0,0.0,0.0,1.1,1,0,0.45,-1.08,35.87,0.0
A00,147,2025-10-27,35.726087820947726,-12.509436941175096,0.25931842733683674,88.0,38.0,15.0,0.0,1.0,0.0,0.0,0.0,1.1,1,0,0.45,-1.08,35.87,0.0
A00,148,2025-11-03,26.12727657450258,-23.872723425537544,0.25931842733683674,89.0,72.0,26.0,0.0,0.0,0.0,0.0,0.0,1.1,1,0,0.45,-1.08,35.87,0.0
A00,149,2025-11-10,31.610432938553465,-16.62509182330669,0.25931842733683674,90.0,12.0,12.0,0.0,0.0,0.0,0.0,0.0,1.1,1,0,0.45,-1.08,35.87,0.0
A00,150,2025-11-17,22.840380819866052,-20.50608968361419,0.6396458659901392,0.0,32.0,22.0,0.0,0.0,0.0,0.0,0.0,1.1,1,0,0.45,-1.08,35.87,1.0
A00,151,2025-11-24,41.7076697110096,5.31223503781311,0.6300511780002871,1.0,57.0,35.0,0.0,0.0,0.0,0.0,0.0,1.1,1,0,0.45,-1.08,35.87,1.0
A00,152,2025-12-01,21.208228241119485,-7.519930840817711,0.6206004103302828,2.0,19.0,19.0,0.0,0.0,0.0,0.0,0.0,1.1,1,0,0.45,-1.08,35.87,1.0
A00,153,2025-12-08,12.981106747468969,-8.573468105245935,0.6112914041753286,3.0,28.0,25.0,0.0,0.0,0.0,0.0,0.0,1.1,1,0,0.45,-1.08,35.87,1.0
A00,154,2025-12-15,15.459210323853911,-0.20253881684156738,0.6021220331126986,4.0,13.0,9.0,0.0,0.0,0.0,0.0,0.0,1.1,1,0,0.45,-1.08,35.87,0.0
A00,155,2025-12-22,3.4477335627620844,-7.890895378684941,0.5930902026160081,5.0,28.0,11.0,0.0,1.0,0.0,0.0,0.0,1.1,1,0,0.45,-1.08,35.87,0.0
A01,0,2023-01-02,3.1088741157632405,-1.9243109464456292,0.3749097245746656,99.0,45.0,12.0,0.0,0.0,0.0,0.0,0.0,1.2,0,0,0.3,-1.43,35.65,0.0
A01,1,2023-01-09,8.401617951569417,3.314368915956802,0.36928607870604563,99.0,0.0,0.0,0.0,1.0,0.0,0.0,0.0,1.2,0,0,0.3,-1.43,35.65,0.0
A01,2,2023-01-16,6.65766956530462,1.443071565866389,0.3637467875254549,99.0,38.0,17.0,0.0,1.0,0.0,0.0,0.0,1.2,0,0,0.3,-1.43,35.65,0.0
A01,3,2023-01-23,7.49635706207972,2.0025722391385177,0.3582905857125731,99.0,25.0,0.0,0.0,0.0,0.0,0.0,0.0,1.2,0,0,0.3,-1.43,35.65,0.0
A01,4,2023-01-30,4.764034713511965,-1.2988761359159184,0.3529162269268845,99.0,30.0,0.0,0.0,0.0,0.0,0.0,0.0,1.2,0,0,0.3,-1.43,35.65,0.0
A01,5,2023-02-06,8.853263036172274,1.71282343533713,0.34762248352298125,99.0,16.0,0.0,0.0,0.0,0.0,0.0,0.0,1.2,0,0,0.3,-1.43,35.65,0.0
A01,6,2023-02-13,22.76404443035338,13.731713665968394,0.34240814627013655,99.0,0.0,0.0,0.0,0.0,0.0,0.0,0.0,1.2,0,0,0.3,-1.43,35.65,0.0
A01,7,2023-02-20,20.193418233489346,8.086908492661124,0.3372720240760845,99.0,2.0,0.0,0.0,0.0,0.0,0.0,0.0,1.2,0,0,0.3,-1.43,35.65,0.0
A01,8,2023-02-27,22.174573538514235,5.457919768373092,0.3322129437149432,99.0,54.0,33.0,0.0,0.0,0.0,0.0,0.0,1.2,0,0,0.3,-1.43,35.65,0.0
A01,9,2023-03-06,24.731540974159927,1.6598882594278024,0.327229749559219,99.0,18.0,0.0,0.0,0.0,0.0,0.0,0.0,1.2,0,0,0.3,-1.43,35.65,0.0
A01,10,2023-03-13,33.834311181637695,2.758418671213004,0.32232130331583075,99.0,16.0,0.0,0.0,0.0,0.0,0.0,0.0,1.2,0,0,0.3,-1.43,35.65,0.0
A01,11,2023-03-20,23.849440718689255,-16.349332451912655,0.3174864837660933,99.0,32.0,0.0,0.0,0.0,0.0,0.0,0.0,1.2,0,0,0.3,-1.43,35.65,0.0
A01,12,2023-03-27,67.64418674924744,18.195093508344364,0.3127241865096019,99.0,13.0,0.0,0.0,0.0,0.0,0.0,0.0,1.2,0,0,0.3,-1.43,35.65,0.0
A01,13,2023-04-03,96.64344925921236,39.13305011663551,0.30803332371195785,99.0,19.0,0.0,0.0,0.0,1.0,0.0,0.0,1.2,0,0,0.3,-1.43,35.65,0.0
A01,14,2023-04-10,45.39194410304065,-17.641021925879713,0.3034128238562785,99.0,33.0,0.0,0.0,0.0,0.0,0.0,0.0,1.2,0,0,0.3,-1.43,35.65,0.0
A01,15,2023-04-17,64.45935749913001,-0.5406425008701063,0.2988616314984343,99.0,0.0,0.0,0.0,0.0,0.0,0.0,0.0,1.2,0,0,0.3,-1.43,35.65,0.0
A01,16,2023-04-24,52.54599019613932,-10.486975832782115,0.2943787070259578,99.0,63.0,42.0,0.0,0.0,0.0,0.0,0.0,1.2,0,0,0.3,-1.43,35.65,0.0
A01,17,2023-05-01,51.27669801396629,-6.233701128620318,0.2899630264205684,99.0,10.0,0.0,0.0,0.0,0.0,0.0,0.0,1.2,0,0,0.3,-1.43,35.65,0.0
A01,18,2023-05-08,62.97928367229556,13.530190431311219,0.2856135810242599,99.0,18.0,0.0,0.0,0.0,0.0,0.0,0.0,1.2,0,0,0.3,-1.43,35.65,0.0
A01,19,2023-05-15,24.226311003373876,-15.972462167852992,0.28132937730889596,99.0,43.0,21.0,0.0,0.0,0.0,0.0,0.0,1.2,0,0,0.3,-1.43,35.65,0.0
A01,20,2023-05-22,48.1620113017417,17.08611878688023,0.2771094366492625,99.0,65.0,18.0,0.0,0.0,0.0,0.0,0.0,1.2,0,0,0.3,-1.43,35.65,0.0
A01,21,2023-05-29,37.54715222553278,14.47549948172421,0.2729527950995236,99.0,16.0,0.0,0.0,0.0,0.0,0.0,0.0,1.2,0,0,0.3,-1.43,35.65,0.0
A01,22,2023-06-05,19.13775547398178,2.421101527938408,0.2688585031730307,99.0,4.0,0.0,0.0,0.0,0.0,0.0,0.0,1.2,0,0,0.3,-1.43,35.65,0.0
A01,23,2023-06-12,6.351169422707449,-5.7553413004517795,0.26643330680433086,99.0,0.0,0.0,0.0,0.0,0.0,0.0,0.0,1.2,0,0,0.3,-1.43,35.65,0.0
A01,24,2023-06-19,7.9662035791587735,-1.0661322493090735,0.26643330680433086,99.0,0.0,0.0,0.0,0.0,0.0,0.0,0.0,1.2,0,0,0.3,-1.43,35.65,0.0
A01,25,2023-06-26,13.741726672244209,6.601262972343953,0.26643330680433086,99.0,36.0,0.0,0.0,0.0,0.0,0.0,0.0,1.2,0,0,0.3,-1.43,35.65,0.0
A01,26,2023-07-03,2.8663889645929728,-3.196627750718911,0.26643330680433086,99.0,19.0,0.0,0.0,0.0,0.0,0.0,0.0,1.2,0,0,0.3,-1.43,35.65,0.0
A01,27,2023-07-10,6.081223560624008,0.5870094303535174,0.26643330680433086,99.0,12.0,0.0,0.0,0.0,0.0,0.0,0.0,1.2,0,0,0.3,-1.43,35.65,0.0
A01,28,2023-07-17,4.3142065237742795,-0.9019985538978252,0.26643330680433086,99.0,22.0,14.0,0.0,0.0,0.0,0.0,0.0,1.2,0,0,0.3,-1.43,35.65,0.0
A01,29,2023-07-24,8.436532818818106,3.3437303420215905,0.26643330680433086,99.0,2.0,0.0,0.0,0.0,0.0,0.0,0.0,1.2,0,0,0.3,-1.43,35.65,0.0
A01,30,2023-07-31,4.984933916024383,-0.06596625301396486,0.26643330680433086,99.0,53.0,21.0,0.0,1.0,0.0,0.0,0.0,1.2,0,0,0.3,-1.43,35.65,2.0
A01,31,2023-08-07,7.291278065863009,2.227304880090548,0.26643330680433086,99.0,0.0,0.0,0.0,0.0,0.0,0.0,0.0,1.2,0,0,0.3,-1.43,35.65,4.0
A01,32,2023-08-14,7.839868363847195,2.69413784245324,0.26643330680433086,99.0,17.0,17.0,0.0,0.0,1.0,0.0,2.0,1.2,0,0,0.3,-1.43,35.65,4.0
A01,33,2023-08-21,12.733476123466676,7.376434720940301,0.26643330680433086,99.0,21.0,15.0,0.0,1.0,1.0,0.0,10.0,1.2,0,0,0.3,-1.43,35.65,4.0
A01,34,2023-08-28,6.781493687280187,0.9569333704203737,0.26643330680433086,99.0,34.0,4.0,0.0,10.0,2.0,0.0,26.0,1.2,0,0,0.3,-1.43,35.65,5.0
A01,35,2023-09-04,9.64218412253548,2.879711667273524,0.26643330680433086,99.0,43.0,16.0,0.0,13.0,5.0,1.0,39.0,1.2,0,0,0.3,-1.43,35.65,4.0
A01,36,2023-09-11,6.302433085268423,-2.17630501017656,0.26643330680433086,99.0,75.0,0.0,0.0,8.0,7.0,0.0,33.0,1.2,0,0,0.3,-1.43,35.65,6.0
A01,37,2023-09-18,21.498952348831015,10.160317498117047,0.26643330680433086,99.0,2.0,0.0,0.0,7.0,1.0,0.0,27.0,1.2,0,0,0.3,-1.43,35.65,7.0
A01,38,2023-09-25,15.002050890822716,-0.6596995684084419,0.26643330680433086,99.0,39.0,0.0,0.0,8.0,0.0,0.0,18.0,1.2,0,0,0.3,-1.43,35.65,5.0
A01,39,2023-10-02,22.14181031879709,0.5872351908512812,0.26643330680433086,99.0,0.0,0.0,0.0,4.0,2.0,0.0,10.0,1.2,0,0,0.3,-1.43,35.65,6.0
A01,40,2023-10-09,35.63166181485317,6.903502679169563,0.26643330680433086,99.0,47.0,23.0,23.0,1.0,2.0,0.0,4.0,1.2,0,0,0.3,-1.43,35.65,4.0
A01,41,2023-10-16,26.32653527679919,-10.068899406215792,0.26643330680433086,99.0,36.0,0.0,0.0,1.0,0.0,0.0,2.0,1.2,0,0,0.3,-1.43,35.65,3.0
A01,42,2023-10-23,58.699918756381074,15.353448251223554,0.26643330680433086,99.0,17.0,0.0,0.0,1.0,0.0,0.0,1.0,1.2,0,0,0.3,-1.43,35.65,2.0
A01,43,2023-10-30,84.59308491536915,36.357560153246325,0.26643330680433086,99.0,18.0,0.0,0.0,0.0,0.0,0.0,0.0,1.2,0,0,0.3,-1.43,35.65,0.0
A01,44,2023-11-06,69.24793983620374,19.247939836163617,0.26643330680433086,99.0,4.0,0.0,0.0,0.0,1.0,0.0,0.0,1.2,0,0,0.3,-1.43,35.65,0.0
A01,45,2023-11-13,34.57480306619461,-13.660721695665544,0.26643330680433086,99.0,46.0,24.0,0.0,0.0,0.0,0.0,0.0,1.2,0,0,0.3,-1.43,35.65,0.0
A01,46,2023-11-20,51.88530345283278,8.538832949352539,0.26643330680433086,99.0,71.0,24.0,0.0,0.0,0.0,0.0,0.0,1.2,0,0,0.3,-1.43,35.65,0.0
A01,47,2023-11-27,58.9858162857332,22.59038161253671,0.26643330680433086,99.0,52.0,25.0,0.0,0.0,0.0,0.0,0.0,1.2,0,0,0.3,-1.43,35.65,1.0
A01,48,2023-12-04,18.610487718709415,-10.117671363227782,0.5706860080576535,0.0,45.0,18.0,0.0,0.0,0.0,0.0,0.0,1.2,0,0,0.3,-1.43,35.65,1.0
A01,49,2023-12-11,18.49616717050026,-3.058407682214643,0.5621257179367887,1.0,49.0,18.0,18.0,1.0,0.0,0.0,0.0,1.2,0,0,0.3,-1.43,35.65,2.0
A01,50,2023-12-18,26.606490555691707,10.944741414996228,0.5536938321677368,2.0,13.0,0.0,0.0,0.0,0.0,0.0,0.0,1.2,0,0,0.3,-1.43,35.65,2.0
A01,51,2023-12-25,15.5785090528236,4.239880111376575,0.5453884246852208,3.0,0.0,0.0,0.0,0.0,0.0,0.0,0.0,1.2,0,0,0.3,-1.43,35.65,1.0
A01,52,2024-01-01,5.813850282632665,0.7806652204237956,0.5372075983149425,4.0,7.0,0.0,0.0,1.0,0.0,0.0,0.0,1.2,0,0,0.3,-1.43,35.65,1.0
A01,53,2024-01-08,9.752858315501134,4.665609279888519,0.5291494843402184,5.0,35.0,13.0,13.0,1.0,0.0,0.0,0.0,1.2,0,0,0.3,-1.43,35.65,0.0
A01,54,2024-01-15,6.143873905983924,0.9292759065456924,0.5212122420751151,6.0,59.0,16.0,0.0,0.0,0.0,0.0,0.0,1.2,0,0,0.3,-1.43,35.65,0.0
A01,55,2024-01-22,6.916281188896613,1.4224963659554106,0.5133940584439883,7.0,6.0,0.0,0.0,0.0,0.0,0.0,0.0,1.2,0,0,0.3,-1.43,35.65,0.0
A01,56,2024-01-29,15.65751443706977,9.594603587641886,0.5056931475673285,8.0,6.0,0.0,0.0,0.0,0.0,0.0,0.0,1.2,0,0,0.3,-1.43,35.65,0.0
A01,57,2024-02-05,6.625612019245487,-0.5148275815896568,0.4981077503538186,9.0,35.0,0.0,0.0,0.0,0.0,0.0,0.0,1.2,0,0,0.3,-1.43,35.65,0.0
A01,58,2024-02-12,6.831549265559593,-2.2007814988253926,0.4906361340985113,10.0,7.0,0.0,0.0,1.0,0.0,0.0,0.0,1.2,0,0,0.3,-1.43,35.65,0.0
A01,59,2024-02-19,14.061942608236814,1.9554328674085912,0.8230072206313483,0.0,22.0,0.0,0.0,1.0,0.0,0.0,0.0,1.2,0,0,0.3,-1.43,35.65,0.0
A01,60,2024-02-26,19.492939333678486,2.7762855635373427,0.8106621123218781,1.0,0.0,0.0,0.0,1.0,0.0,0.0,0.0,1.2,0,0,0.3,-1.43,35.65,0.0
A01,61,2024-03-04,19.187409746457398,-3.8842429682747266,0.7985021806370499,2.0,36.0,0.0,0.0,0.0,0.0,0.0,0.0,1.2,0,0,0.3,-1.43,35.65,0.0
A01,62,2024-03-11,21.651904133331072,-9.423988377093618,0.7865246479274942,3.0,40.0,0.0,0.0,0.0,0.0,0.0,0.0,1.2,0,0,0.3,-1.43,35.65,0.0
A01,63,2024-03-18,90.22278718843037,50.02401401782846,0.7747267782085818,4.0,34.0,0.0,0.0,0.0,0.0,0.0,0.0,1.2,0,0,0.3,-1.43,35.65,0.0
A01,64,2024-03-25,55.44208351687538,5.9929902759723035,0.763105876535453,5.0,5.0,5.0,0.0,0.0,0.0,0.0,0.0,1.2,0,0,0.3,-1.43,35.65,0.0
A01,65,2024-04-01,44.507864443009936,-13.002534699566915,0.7516592883874212,6.0,71.0,0.0,0.0,0.0,0.0,0.0,0.0,1.2,0,0,0.3,-1.43,35.65,0.0
A01,66,2024-04-08,86.85442711305501,23.821461084134647,0.7403843990616099,7.0,27.0,12.0,0.0,0.0,0.0,0.0,0.0,1.2,0,0,0.3,-1.43,35.65,1.0
A01,67,2024-04-15,62.56377689949971,-2.4362231005004062,0.7292786330756857,8.0,18.0,0.0,0.0,0.0,0.0,0.0,0.0,1.2,0,0,0.3,-1.43,35.65,1.0
A01,68,2024-04-22,57.69377912762847,-5.339186901292969,0.7183394535795504,9.0,26.0,0.0,0.0,0.0,0.0,0.0,0.0,1.2,0,0,0.3,-1.43,35.65,2.0
A01,69,2024-04-29,70.01862592337908,12.50822678079247,0.7075643617758571,10.0,38.0,2.0,0.0,0.0,0.0,0.0,0.0,1.2,0,0,0.3,-1.43,35.65,2.0
A01,70,2024-05-06,31.4621402809746,-17.986952960009738,0.6969508963492193,11.0,15.0,0.0,0.0,1.0,0.0,0.0,0.0,1.2,0,0,0.3,-1.43,35.65,1.0
A01,71,2024-05-13,45.47924183285628,5.280468661629413,0.686496632903981,12.0,47.0,0.0,0.0,0.0,0.0,0.0,0.0,1.2,0,0,0.3,-1.43,35.65,3.0
A01,72,2024-05-20,60.70138658228971,29.62549406742824,0.6761991834104213,13.0,2.0,2.0,0.0,0.0,0.0,0.0,0.0,1.2,0,0,0.3,-1.43,35.65,3.0
A01,73,2024-05-27,27.16058636597764,4.088933622169073,0.666056195659265,14.0,3.0,0.0,0.0,0.0,0.0,0.0,0.0,1.2,0,0,0.3,-1.43,35.65,4.0
A01,74,2024-06-03,14.654262202308981,-2.0623917437343913,0.656065352724376,15.0,15.0,0.0,0.0,0.0,1.0,0.0,1.0,1.2,0,0,0.3,-1.43,35.65,4.0
A01,75,2024-06-10,10.137653245632883,-1.9688574775263454,0.6462243724335104,16.0,8.0,0.0,0.0,1.0,1.0,0.0,3.0,1.2,0,0,0.3,-1.43,35.65,2.0
A01,76,2024-06-17,7.823969367723767,-1.20836646074408,0.6365310068470077,17.0,35.0,16.0,0.0,2.0,1.0,1.0,8.0,1.2,0,0,0.3,-1.43,35.65,1.0
A01,77,2024-06-24,6.533160223992327,-0.6073034759079281,0.6269830417443025,18.0,13.0,0.0,0.0,7.0,3.0,0.0,12.0,1.2,0,0,0.3,-1.43,35.65,1.0
A01,78,2024-07-01,5.312036044080692,-0.7509806712311917,0.617578296118138,19.0,16.0,0.0,0.0,7.0,2.0,0.0,20.0,1.2,0,0,0.3,-1.43,35.65,3.0
A01,79,2024-07-08,7.571601217776055,2.0773870875055644,0.6083146216763659,20.0,20.0,0.0,0.0,7.0,5.0,0.0,21.0,1.2,0,0,0.3,-1.43,35.65,5.0
A01,80,2024-07-15,2.8438164053224813,-2.3723886723496235,0.5991899023512204,21.0,42.0,21.0,21.0,6.0,2.0,0.0,25.0,1.2,0,0,0.3,-1.43,35.65,7.0
A01,81,2024-07-22,6.88626109870198,1.7934586219054642,0.590202053815952,22.0,42.0,0.0,0.0,5.0,1.0,0.0,23.0,1.2,0,0,0.3,-1.43,35.65,8.0
A01,82,2024-07-29,4.422371960949868,-0.62852820808848,0.5813490230087127,23.0,64.0,15.0,15.0,6.0,0.0,0.0,17.0,1.2,0,0,0.3,-1.43,35.65,8.0
A01,83,2024-08-05,5.778147414310542,0.7141742285380808,0.572628787663582,24.0,0.0,0.0,0.0,1.0,1.0,0.0,12.0,1.2,0,0,0.3,-1.43,35.65,7.0
A01,84,2024-08-12,3.4684977574726803,-1.6772327639212747,0.5640393558486283,25.0,45.0,0.0,0.0,3.0,0.0,0.0,7.0,1.2,0,0,0.3,-1.43,35.65,5.0
A01,85,2024-08-19,8.52866394361065,3.1716225410842753,0.5555787655108989,26.0,23.0,23.0,23.0,2.0,1.0,0.0,5.0,1.2,0,0,0.3,-1.43,35.65,4.0
A01,86,2024-08-26,9.00748366886551,3.1829233520056963,0.5472450840282355,27.0,11.0,0.0,0.0,1.0,0.0,1.0,4.0,1.2,0,0,0.3,-1.43,35.65,2.0
A01,87,2024-09-02,9.461635510047659,2.6991630547857017,0.5390364077678119,28.0,20.0,0.0,0.0,0.0,0.0,0.0,4.0,1.2,0,0,0.3,-1.43,35.65,1.0
A01,88,2024-09-09,4.989808127909568,-3.488929967535415,0.5309508616512947,29.0,28.0,0.0,0.0,3.0,0.0,0.0,2.0,1.2,0,0,0.3,-1.43,35.65,1.0
A01,89,2024-09-16,15.156178678695374,3.8175438279814067,0.5229865987265253,30.0,11.0,0.0,0.0,0.0,0.0,0.0,1.0,1.2,0,0,0.3,-1.43,35.65,0.0
A01,90,2024-09-23,18.045940275451713,2.3841898162205553,0.5151417997456275,31.0,64.0,4.0,0.0,0.0,0.0,0.0,0.0,1.2,0,0,0.3,-1.43,35.65,0.0
A01,91,2024-09-30,12.289474452286555,-9.265100675659255,0.5074146727494431,32.0,28.0,0.0,0.0,0.0,0.0,0.0,0.0,1.2,0,0,0.3,-1.43,35.65,1.0
A01,92,2024-10-07,28.484888311939617,-0.24327082374398756,0.4998034526582014,33.0,21.0,0.0,0.0,2.0,0.0,0.0,0.0,1.2,0,0,0.3,-1.43,35.65,1.0
A01,93,2024-10-14,41.34826315753554,4.952828474520558,0.4923064008683284,34.0,21.0,15.0,0.0,2.0,0.0,0.0,0.0,1.2,0,0,0.3,-1.43,35.65,3.0
A01,94,2024-10-21,52.65976161481085,9.313291109653328,0.48492180485530345,35.0,22.0,0.0,0.0,0.0,0.0,0.0,0.0,1.2,0,0,0.3,-1.43,35.65,3.0
A01,95,2024-10-28,51.32291077481614,3.0873860126933153,0.4776479777824739,36.0,12.0,0.0,0.0,0.0,0.0,0.0,0.0,1.2,0,0,0.3,-1.43,35.65,2.0
A01,96,2024-11-04,55.36535301807979,5.365353018039663,0.4704832581157368,37.0,36.0,12.0,12.0,1.0,0.0,0.0,0.0,1.2,0,0,0.3,-1.43,35.65,2.0
A01,97,2024-11-11,80.79053076263082,32.55500600077067,0.4634260092440008,38.0,34.0,7.0,0.0,0.0,0.0,0.0,0.0,1.2,0,0,0.3,-1.43,35.65,0.0
A01,98,2024-11-18,66.57553380553507,23.229063302054833,0.45647461910534076,39.0,10.0,0.0,0.0,0.0,0.0,0.0,0.0,1.2,0,0,0.3,-1.43,35.65,0.0
A01,99,2024-11-25,13.342762618487058,-23.052672054709433,0.44962749981876066,40.0,44.0,0.0,0.0,0.0,0.0,0.0,0.0,1.2,0,0,0.3,-1.43,35.65,0.0
A01,100,2024-12-02,25.707282055726907,-3.0208770262102895,0.44288308732147924,41.0,30.0,0.0,0.0,0.0,0.0,0.0,0.0,1.2,0,0,0.3,-1.43,35.65,0.0
A01,101,2024-12-09,20.347544160412998,-1.207030692301906,0.436239841011657,42.0,89.0,11.0,0.0,0.0,0.0,0.0,0.0,1.2,0,0,0.3,-1.43,35.65,0.0
A01,102,2024-12-16,8.482344440881882,-7.179404699813597,0.42969624339648216,43.0,31.0,0.0,0.0,0.0,0.0,0.0,0.0,1.2,0,0,0.3,-1.43,35.65,0.0
A01,103,2024-12-23,11.718625003397596,0.3799960619505711,0.4232507997455349,44.0,32.0,0.0,0.0,0.0,0.0,0.0,0.0,1.2,0,0,0.3,-1.43,35.65,0.0
A01,104,2024-12-30,7.792160913342021,2.758975851133151,0.4169020377493519,45.0,22.0,0.0,0.0,0.0,0.0,0.0,0.0,1.2,0,0,0.3,-1.43,35.65,0.0
A01,105,2025-01-06,2.260657167270697,-2.826591868341918,0.41064850718311163,46.0,57.0,0.0,0.0,0.0,0.0,0.0,0.0,1.2,0,0,0.3,-1.43,35.65,1.0
A01,106,2025-01-13,3.813011940872704,-1.401586058565527,0.40448877957536494,47.0,28.0,15.0,0.0,0.0,0.0,0.0,0.0,1.2,0,0,0.3,-1.43,35.65,1.0
A01,107,2025-01-20,2.591654015566715,-2.902130807374487,0.39842144788173445,48.0,8.0,0.0,0.0,0.0,0.0,0.0,0.0,1.2,0,0,0.3,-1.43,35.65,1.0
A01,108,2025-01-27,3.1150272449228478,-2.9478836045050354,0.3924451261635084,49.0,48.0,0.0,0.0,1.0,0.0,0.0,0.0,1.2,0,0,0.3,-1.43,35.65,1.0
A01,109,2025-02-03,7.784068921273281,0.6436293204381371,0.38655844927105576,50.0,20.0,0.0,0.0,0.0,0.0,0.0,0.0,1.2,0,0,0.3,-1.43,35.65,0.0
A01,110,2025-02-10,4.855598137356551,-4.176732627028435,0.3807600725319899,51.0,47.0,0.0,0.0,0.0,0.0,0.0,0.0,1.2,0,0,0.3,-1.43,35.65,0.0
A01,111,2025-02-17,9.251028718081738,-2.855481022746485,0.37504867144401005,52.0,3.0,0.0,0.0,0.0,0.0,0.0,0.0,1.2,0,0,0.3,-1.43,35.65,0.0
A01,112,2025-02-24,5.644582285156534,-11.072071484984608,0.3694229413723499,53.0,43.0,14.0,0.0,0.0,0.0,0.0,0.0,1.2,0,0,0.3,-1.43,35.65,0.0
A01,113,2025-03-03,28.7786254334401,5.706972718707977,0.3638815972517646,54.0,50.0,0.0,0.0,0.0,0.0,0.0,0.0,1.2,0,0,0.3,-1.43,35.65,2.0
A01,114,2025-03-10,24.942615296119175,-6.133277214305515,0.3584233732929881,55.0,24.0,14.0,14.0,0.0,0.0,0.0,0.0,1.2,0,0,0.3,-1.43,35.65,2.0
A01,115,2025-03-17,24.51238784263987,-15.68638532796204,0.3530470226935933,56.0,15.0,10.0,0.0,0.0,0.0,0.0,0.0,1.2,0,0,0.3,-1.43,35.65,2.0
A01,116,2025-03-24,39.314841088183954,-10.134252152719121,0.34775131735318937,57.0,75.0,18.0,0.0,0.0,0.0,0.0,0.0,1.2,0,0,0.3,-1.43,35.65,2.0
A01,117,2025-03-31,22.822481249573404,-34.687917893003444,0.34253504759289155,58.0,0.0,0.0,0.0,1.0,1.0,0.0,2.0,1.2,0,0,0.3,-1.43,35.65,3.0
A01,118,2025-04-07,61.9768360634328,-1.056129965487564,0.33739702187899817,59.0,6.0,0.0,0.0,2.0,0.0,0.0,7.0,1.2,0,0,0.3,-1.43,35.65,6.0
A01,119,2025-04-14,37.720725159417206,-27.279274840582907,0.3323360665508132,60.0,11.0,0.0,0.0,4.0,2.0,0.0,20.0,1.2,0,0,0.3,-1.43,35.65,8.0
A01,120,2025-04-21,38.14713335433473,-24.88583267458671,0.327351025552551,61.0,50.0,13.0,13.0,10.0,7.0,1.0,34.0,1.2,0,0,0.3,-1.43,35.65,8.0
A01,121,2025-04-28,31.472161864930477,-26.03823727765613,0.32244076016926276,62.0,47.0,0.0,0.0,7.0,6.0,0.0,37.0,1.2,0,0,0.3,-1.43,35.65,6.0
A01,122,2025-05-05,26.23076120780507,-23.21833203317927,0.3176041487667238,63.0,60.0,0.0,0.0,12.0,7.0,0.0,34.0,1.2,0,0,0.3,-1.43,35.65,3.0
A01,123,2025-05-12,33.32101486633404,-6.877758304892829,0.31284008653522294,64.0,28.0,24.0,11.0,5.0,3.0,0.0,21.0,1.2,0,0,0.3,-1.43,35.65,3.0
A01,124,2025-05-19,22.09202844798257,-8.983864066878898,0.3081474852371946,65.0,22.0,12.0,0.0,4.0,0.0,0.0,16.0,1.2,0,0,0.3,-1.43,35.65,4.0
A01,125,2025-05-26,18.839083913340566,-4.232568830468001,0.3035252729586367,66.0,4.0,0.0,0.0,1.0,3.0,0.0,10.0,1.2,0,0,0.3,-1.43,35.65,4.0
A01,126,2025-06-02,10.832429943639948,-5.884224002403425,0.2989723938642571,67.0,49.0,0.0,0.0,0.0,1.0,0.0,3.0,1.2,0,0,0.3,-1.43,35.65,4.0
A01,127,2025-06-09,9.417601157547876,-2.688909565611352,0.29448780795629326,68.0,76.0,9.0,9.0,0.0,0.0,0.0,1.0,1.2,0,0,0.3,-1.43,35.65,2.0
A01,128,2025-06-16,5.070457406413526,-3.961878422054321,0.29007049083694886,69.0,37.0,0.0,0.0,0.0,0.0,0.0,0.0,1.2,0,0,0.3,-1.43,35.65,1.0
A01,129,2025-06-23,10.128983286176963,2.9885195862767073,0.2857194334743946,70.0,29.0,0.0,0.0,0.0,0.0,0.0,0.0,1.2,0,0,0.3,-1.43,35.65,0.0
A01,130,2025-06-30,2.2765221877591215,-3.786494527552762,0.28143364197227866,71.0,46.0,3.0,0.0,1.0,0.0,0.0,0.0,1.2,0,0,0.3,-1.43,35.65,1.0
A01,131,2025-07-07,5.552457982040924,0.0582438517704329,0.27721213734269445,72.0,24.0,0.0,0.0,1.0,0.0,0.0,0.0,1.2,0,0,0.3,-1.43,35.65,1.0
A01,132,2025-07-14,5.472605522500179,0.2564004448280741,0.27305395528255405,73.0,4.0,0.0,0.0,1.0,0.0,0.0,0.0,1.2,0,0,0.3,-1.43,35.65,1.0
A01,133,2025-07-21,2.456628215626238,-2.636174261170278,0.26895814595331574,74.0,33.0,0.0,0.0,0.0,0.0,0.0,0.0,1.2,0,0,0.3,-1.43,35.65,1.0
A01,134,2025-07-28,7.163719478302398,2.11281930926405,0.26643330680433086,75.0,16.0,0.0,0.0,1.0,0.0,0.0,0.0,1.2,0,0,0.3,-1.43,35.65,1.0
A01,135,2025-08-04,4.663611148911719,-0.40036203686074234,0.26643330680433086,76.0,29.0,0.0,0.0,0.0,0.0,0.0,0.0,1.2,0,0,0.3,-1.43,35.65,1.0
A01,136,2025-08-11,4.69868687869297,-0.44704364270098473,0.26643330680433086,77.0,28.0,0.0,0.0,0.0,0.0,0.0,0.0,1.2,0,0,0.3,-1.43,35.65,1.0
A01,137,2025-08-18,3.516396328593243,-1.8406450739331324,0.26643330680433086,78.0,52.0,0.0,0.0,0.0,0.0,0.0,0.0,1.2,0,0,0.3,-1.43,35.65,1.0
A01,138,2025-08-25,3.5087906819315777,-2.3157696349282353,0.26643330680433086,79.0,108.0,22.0,0.0,0.0,0.0,0.0,0.0,1.2,0,0,0.3,-1.43,35.65,0.0
A01,139,2025-09-01,4.084962569876031,-2.677509885385926,0.26643330680433086,80.0,12.0,0.0,0.0,0.0,0.0,0.0,0.0,1.2,0,0,0.3,-1.43,35.65,0.0
A01,140,2025-09-08,6.318389955649375,-2.160348139795609,0.26643330680433086,81.0,24.0,0.0,0.0,0.0,0.0,0.0,0.0,1.2,0,0,0.3,-1.43,35.65,0.0
A01,141,2025-09-15,12.035350421605854,0.696715570891886,0.26643330680433086,82.0,0.0,0.0,0.0,0.0,0.0,0.0,0.0,1.2,0,0,0.3,-1.43,35.65,0.0
A01,142,2025-09-22,10.847108247337419,-4.814642211893739,0.26643330680433086,83.0,66.0,31.0,0.0,1.0,0.0,0.0,0.0,1.2,0,0,0.3,-1.43,35.65,0.0
A01,143,2025-09-29,10.183817214034788,-11.370757913911023,0.26643330680433086,84.0,45.0,20.0,0.0,0.0,0.0,0.0,0.0,1.2,0,0,0.3,-1.43,35.65,0.0
A01,144,2025-10-06,24.919343569109078,-3.808815566574527,0.26643330680433086,85.0,45.0,14.0,14.0,0.0,0.0,0.0,0.0,1.2,0,0,0.3,-1.43,35.65,0.0
A01,145,2025-10-13,32.65712942921047,-3.738305253804512,0.26643330680433086,86.0,56.0,15.0,0.0,0.0,0.0,0.0,0.0,1.2,0,0,0.3,-1.43,35.65,0.0
A01,146,2025-10-20,35.430505991227925,-7.915964513929595,0.26643330680433086,87.0,58.0,39.0,0.0,0.0,0.0,0.0,0.0,1.2,0,0,0.3,-1.43,35.65,0.0
A01,147,2025-10-27,40.700382035890286,-7.535142726232536,0.26643330680433086,88.0,24.0,0.0,0.0,0.0,0.0,0.0,0.0,1.2,0,0,0.3,-1.43,35.65,0.0
A01,148,2025-11-03,29.55979744674324,-20.440202553296885,0.26643330680433086,89.0,7.0,0.0,0.0,0.0,0.0,0.0,0.0,1.2,0,0,0.3,-1.43,35.65,0.0
A01,149,2025-11-10,22.650154050461985,-25.58537071139817,0.26643330680433086,90.0,46.0,27.0,0.0,0.0,0.0,0.0,0.0,1.2,0,0,0.3,-1.43,35.65,0.0
A01,150,2025-11-17,20.792132386227575,-22.554338117252666,0.5938168668709809,0.0,57.0,0.0,0.0,0.0,0.0,0.0,0.0,1.2,0,0,0.3,-1.43,35.65,1.0
A01,151,2025-11-24,13.34642144900004,-23.04901322419645,0.5849096138679162,1.0,75.0,24.0,0.0,0.0,0.0,0.0,0.0,1.2,0,0,0.3,-1.43,35.65,1.0
A01,152,2025-12-01,20.287945509029875,-8.440213572907322,0.5761359696598974,2.0,7.0,0.0,0.0,0.0,0.0,0.0,0.0,1.2,0,0,0.3,-1.43,35.65,1.0
A01,153,2025-12-08,13.607186794614345,-7.947388058100559,0.5674939301149989,3.0,0.0,0.0,0.0,0.0,0.0,0.0,0.0,1.2,0,0,0.3,-1.43,35.65,1.0
A01,154,2025-12-15,8.727184126582799,-6.93456501411268,0.5589815211632739,4.0,56.0,0.0,0.0,1.0,0.0,0.0,0.0,1.2,0,0,0.3,-1.43,35.65,0.0
A01,155,2025-12-22,2.6194539545098867,-8.719174986937139,0.5505967983458249,5.0,88.0,10.0,0.0,0.0,0.0,0.0,0.0,1.2,0,0,0.3,-1.43,35.65,0.0
A02,0,2023-01-02,4.065901273004576,-0.967283789204294,0.16517734015023353,99.0,17.0,8.0,0.0,1.0,0.0,0.0,0.0,1.0,1,0,0.35,-1.2,36.2,0.0
A02,1,2023-01-09,9.413784010194387,4.326534974581772,0.16269968004798002,99.0,51.0,35.0,0.0,1.0,0.0,0.0,0.0,1.0,1,0,0.35,-1.2,36.2,0.0
A02,2,2023-01-16,5.165420183454023,-0.04917781598420845,0.16025918484726032,99.0,71.0,20.0,0.0,1.0,0.0,0.0,0.0,1.0,1,0,0.35,-1.2,36.2,0.0
A02,3,2023-01-23,7.7909909486046,2.297206125663398,0.1578552970745514,99.0,19.0,19.0,0.0,1.0,0.0,0.0,0.0,1.0,1,0,0.35,-1.2,36.2,0.0
A02,4,2023-01-30,4.658034945871989,-1.4048759035558938,0.15548746761843313,99.0,63.0,39.0,0.0,0.0,0.0,0.0,0.0,1.0,1,0,0.35,-1.2,36.2,0.0
A02,5,2023-02-06,14.768031538280267,7.627591937445123,0.15315515560415663,99.0,5.0,5.0,0.0,3.0,0.0,0.0,0.0,1.0,1,0,0.35,-1.2,36.2,0.0
A02,6,2023-02-13,10.735374513433232,1.7030437490482466,0.15085782827009428,99.0,22.0,19.0,0.0,0.0,0.0,0.0,0.0,1.0,1,0,0.35,-1.2,36.2,0.0
A02,7,2023-02-20,16.750045808923304,4.643536068095081,0.14859496084604287,99.0,23.0,16.0,0.0,0.0,0.0,0.0,0.0,1.0,1,0,0.35,-1.2,36.2,0.0
A02,8,2023-02-27,47.16121943500112,30.44456566485998,0.14636603643335222,99.0,33.0,22.0,0.0,1.0,0.0,0.0,0.0,1.0,1,0,0.35,-1.2,36.2,0.0
A02,9,2023-03-06,49.03342925885976,25.961776544127638,0.14417054588685194,99.0,122.0,75.0,0.0,1.0,0.0,0.0,0.0,1.0,1,0,0.35,-1.2,36.2,0.0
A02,10,2023-03-13,34.892710598491085,3.8168180880663947,0.14200798769854917,99.0,48.0,48.0,0.0,0.0,0.0,0.0,0.0,1.0,1,0,0.35,-1.2,36.2,0.0
A02,11,2023-03-20,40.8273811780983,0.6286080074963891,0.13987786788307094,99.0,35.0,28.0,0.0,1.0,0.0,0.0,0.0,1.0,1,0,0.35,-1.2,36.2,0.0
A02,12,2023-03-27,55.154951180892866,5.705857939989791,0.13777969986482488,99.0,40.0,40.0,0.0,0.0,0.0,0.0,0.0,1.0,1,0,0.35,-1.2,36.2,0.0
A02,13,2023-04-03,85.93349854450217,28.42309940192532,0.13571300436685252,99.0,54.0,20.0,0.0,0.0,0.0,0.0,0.0,1.0,1,0,0.35,-1.2,36.2,0.0
A02,14,2023-04-10,75.94223337936911,12.90926735044875,0.13367730930134972,99.0,37.0,22.0,0.0,0.0,0.0,0.0,0.0,1.0,1,0,0.35,-1.2,36.2,0.0
A02,15,2023-04-17,70.75303056582659,5.753030565826478,0.13167214966182947,99.0,49.0,0.0,0.0,0.0,0.0,0.0,0.0,1.0,1,0,0.35,-1.2,36.2,0.0
A02,16,2023-04-24,131.6721141799928,68.63914815107137,0.129697067416902,99.0,28.0,23.0,0.0,0.0,0.0,0.0,0.0,1.0,1,0,0.35,-1.2,36.2,0.0
A02,17,2023-05-01,69.07106314714866,11.560664004562057,0.12775161140564847,99.0,53.0,10.0,0.0,0.0,0.0,0.0,0.0,1.0,1,0,0.35,-1.2,36.2,0.0
A02,18,2023-05-08,138.23338535159482,88.78429211061048,0.12583533723456375,99.0,26.0,11.0,0.0,1.0,0.0,0.0,0.0,1.0,1,0,0.35,-1.2,36.2,0.0
A02,19,2023-05-15,51.86996562549082,11.671192454263952,0.1239478071760453,99.0,30.0,14.0,0.0,0.0,0.0,0.0,0.0,1.0,1,0,0.35,-1.2,36.2,0.0
A02,20,2023-05-22,72.56170821204408,41.485815697182616,0.12208859006840461,99.0,35.0,16.0,0.0,0.0,0.0,0.0,0.0,1.0,1,0,0.35,-1.2,36.2,0.0
A02,21,2023-05-29,32.68152910948321,9.60987636567464,0.12025726121737854,99.0,47.0,24.0,0.0,0.0,0.0,0.0,0.0,1.0,1,0,0.35,-1.2,36.2,0.0
A02,22,2023-06-05,29.270647343436412,12.55399339739304,0.11845340229911785,99.0,7.0,7.0,0.0,0.0,0.0,0.0,0.0,1.0,1,0,0.35,-1.2,36.2,0.0
A02,23,2023-06-12,11.743184942970506,-0.3633257801887222,0.11738491178189184,99.0,73.0,0.0,0.0,0.0,0.0,0.0,0.0,1.0,1,0,0.35,-1.2,36.2,0.0
A02,24,2023-06-19,8.374059991878099,-0.6582758365897483,0.11738491178189184,99.0,47.0,29.0,0.0,0.0,0.0,0.0,0.0,1.0,1,0,0.35,-1.2,36.2,0.0
A02,25,2023-06-26,10.483665233555561,3.3432015336553054,0.11738491178189184,99.0,61.0,7.0,0.0,1.0,0.0,0.0,0.0,1.0,1,0,0.35,-1.2,36.2,0.0
A02,26,2023-07-03,10.71178642425355,4.648769708941666,0.11738491178189184,99.0,37.0,23.0,0.0,0.0,0.0,0.0,0.0,1.0,1,0,0.35,-1.2,36.2,0.0
A02,27,2023-07-10,6.965217882476062,1.4710037522055712,0.11738491178189184,99.0,54.0,34.0,0.0,1.0,0.0,0.0,0.0,1.0,1,0,0.35,-1.2,36.2,0.0
A02,28,2023-07-17,4.15651101862897,-1.0596940590431343,0.11738491178189184,99.0,55.0,55.0,0.0,2.0,0.0,0.0,0.0,1.0,1,0,0.35,-1.2,36.2,0.0
A02,29,2023-07-24,3.9546076271925283,-1.1381948496039875,0.11738491178189184,99.0,48.0,36.0,0.0,1.0,1.0,0.0,1.0,1.0,1,0,0.35,-1.2,36.2,0.0
A02,30,2023-07-31,3.831331102841682,-1.2195690661966663,0.11738491178189184,99.0,69.0,47.0,2.0,0.0,2.0,0.0,3.0,1.0,1,0,0.35,-1.2,36.2,2.0
A02,31,2023-08-07,3.40970985629417,-1.6542633294782911,0.11738491178189184,99.0,80.0,19.0,0.0,3.0,0.0,1.0,7.0,1.0,1,0,0.35,-1.2,36.2,3.0
A02,32,2023-08-14,6.683426285168684,1.537695763774729,0.11738491178189184,99.0,36.0,10.0,0.0,4.0,2.0,0.0,19.0,1.0,1,0,0.35,-1.2,36.2,3.0
A02,33,2023-08-21,9.927619978884875,4.5705785763585,0.11738491178189184,99.0,29.0,29.0,13.0,4.0,7.0,0.0,22.0,1.0,1,0,0.35,-1.2,36.2,3.0
A02,34,2023-08-28,7.246593819077492,1.4220335022176789,0.11738491178189184,99.0,14.0,14.0,0.0,6.0,3.0,0.0,23.0,1.0,1,0,0.35,-1.2,36.2,4.0
A02,35,2023-09-04,3.832000372250487,-2.9304720830114697,0.11738491178189184,99.0,149.0,89.0,45.0,7.0,3.0,0.0,23.0,1.0,1,0,0.35,-1.2,36.2,5.0
A02,36,2023-09-11,9.913911962384551,1.435173866939568,0.11738491178189184,99.0,18.0,18.0,0.0,3.0,2.0,0.0,12.0,1.0,1,0,0.35,-1.2,36.2,7.0
A02,37,2023-09-18,13.388281507906687,2.049646657192719,0.11738491178189184,99.0,74.0,55.0,34.0,2.0,2.0,0.0,6.0,1.0,1,0,0.35,-1.2,36.2,8.0
A02,38,2023-09-25,40.770736328489434,25.108985869258277,0.11738491178189184,99.0,56.0,12.0,8.0,1.0,0.0,0.0,3.0,1.0,1,0,0.35,-1.2,36.2,6.0
A02,39,2023-10-02,16.17931183230683,-5.37526329563898,0.11738491178189184,99.0,20.0,12.0,12.0,1.0,0.0,0.0,1.0,1.0,1,0,0.35,-1.2,36.2,6.0
A02,40,2023-10-09,31.320855535756152,2.5926964000725476,0.11738491178189184,99.0,34.0,12.0,4.0,0.0,0.0,0.0,1.0,1.0,1,0,0.35,-1.2,36.2,4.0
A02,41,2023-10-16,82.65169526958105,46.25626058656607,0.11738491178189184,99.0,35.0,23.0,0.0,1.0,0.0,0.0,0.0,1.0,1,0,0.35,-1.2,36.2,3.0
A02,42,2023-10-23,63.42519957632946,20.078729071171942,0.11738491178189184,99.0,13.0,13.0,0.0,0.0,0.0,0.0,0.0,1.0,1,0,0.35,-1.2,36.2,2.0
A02,43,2023-10-30,73.43487102501469,25.199346262891865,0.11738491178189184,99.0,54.0,54.0,17.0,0.0,0.0,0.0,0.0,1.0,1,0,0.35,-1.2,36.2,0.0
A02,44,2023-11-06,65.05747498297953,15.057474982939404,0.11738491178189184,99.0,7.0,0.0,0.0,0.0,0.0,0.0,0.0,1.0,1,0,0.35,-1.2,36.2,0.0
A02,45,2023-11-13,67.67518490072753,19.439660138867374,0.11738491178189184,99.0,43.0,29.0,0.0,0.0,0.0,0.0,0.0,1.0,1,0,0.35,-1.2,36.2,0.0
A02,46,2023-11-20,71.13163454871709,27.785164045236847,0.11738491178189184,99.0,14.0,14.0,0.0,0.0,0.0,0.0,0.0,1.0,1,0,0.35,-1.2,36.2,0.0
A02,47,2023-11-27,34.26987489848467,-2.1255597747118173,0.11738491178189184,99.0,67.0,22.0,0.0,0.0,0.0,0.0,0.0,1.0,1,0,0.35,-1.2,36.2,1.0
A02,48,2023-12-04,48.82985205944285,20.101692977505653,0.5029535179935875,0.0,5.0,0.0,0.0,0.0,0.0,0.0,0.0,1.0,1,0,0.35,-1.2,36.2,1.0
A02,49,2023-12-11,16.662831488205683,-4.891743364509221,0.49540921522368364,1.0,23.0,14.0,14.0,0.0,0.0,0.0,0.0,1.0,1,0,0.35,-1.2,36.2,2.0
A02,50,2023-12-18,21.96156150588327,6.299812365187792,0.48797807699532836,2.0,52.0,20.0,0.0,0.0,0.0,0.0,0.0,1.0,1,0,0.35,-1.2,36.2,2.0
A02,51,2023-12-25,15.088279868837478,3.7496509273904532,0.48065840584039843,3.0,11.0,11.0,0.0,0.0,0.0,0.0,0.0,1.0,1,0,0.35,-1.2,36.2,1.0
A02,52,2024-01-01,4.056621222847197,-0.9765638393616722,0.47344852975279245,4.0,125.0,99.0,39.0,1.0,0.0,0.0,0.0,1.0,1,0,0.35,-1.2,36.2,1.0
A02,53,2024-01-08,5.047016989343724,-0.04023204626889143,0.46634680180650057,5.0,61.0,7.0,0.0,0.0,0.0,0.0,0.0,1.0,1,0,0.35,-1.2,36.2,0.0
A02,54,2024-01-15,4.19365616535759,-1.0209418340806415,0.45935159977940304,6.0,108.0,97.0,0.0,0.0,0.0,0.0,0.0,1.0,1,0,0.35,-1.2,36.2,0.0
A02,55,2024-01-22,3.7754589696564254,-1.7183258532847767,0.452461325782712,7.0,79.0,46.0,0.0,0.0,0.0,0.0,0.0,1.0,1,0,0.35,-1.2,36.2,0.0
A02,56,2024-01-29,5.357111140054727,-0.7057997093731565,0.4456744058959713,8.0,67.0,50.0,0.0,1.0,0.0,0.0,0.0,1.0,1,0,0.35,-1.2,36.2,0.0
A02,57,2024-02-05,4.851938524281865,-2.2885010765532794,0.4389892898075317,9.0,37.0,12.0,0.0,1.0,0.0,0.0,0.0,1.0,1,0,0.35,-1.2,36.2,0.0
A02,58,2024-02-12,10.112674721378829,1.0803439569938433,0.43240445046041875,10.0,38.0,14.0,0.0,1.0,0.0,0.0,0.0,1.0,1,0,0.35,-1.2,36.2,0.0
A02,59,2024-02-19,8.094731193491,-4.011778547337222,0.7071417617517108,0.0,91.0,44.0,0.0,1.0,0.0,0.0,0.0,1.0,1,0,0.35,-1.2,36.2,0.0
A02,60,2024-02-26,21.447271024373386,4.730617254232243,0.6965346353254351,1.0,39.0,16.0,0.0,0.0,0.0,0.0,0.0,1.0,1,0,0.35,-1.2,36.2,0.0
A02,61,2024-03-04,15.25774182624601,-7.813910888486115,0.6860866157955536,2.0,46.0,11.0,0.0,0.0,0.0,0.0,0.0,1.0,1,0,0.35,-1.2,36.2,0.0
A02,62,2024-03-11,25.48854505486712,-5.58734745555757,0.6757953165586204,3.0,46.0,30.0,0.0,1.0,0.0,0.0,0.0,1.0,1,0,0.35,-1.2,36.2,0.0
A02,63,2024-03-18,32.30510554479462,-7.893667625807289,0.665658386810241,4.0,43.0,29.0,0.0,1.0,0.0,0.0,0.0,1.0,1,0,0.35,-1.2,36.2,0.0
A02,64,2024-03-25,78.62935288685749,29.180259645954415,0.6556735110080875,5.0,52.0,39.0,0.0,0.0,0.0,0.0,0.0,1.0,1,0,0.35,-1.2,36.2,0.0
A02,65,2024-04-01,64.55820803996727,7.047808897390418,0.6458384083429661,6.0,38.0,14.0,0.0,1.0,0.0,0.0,0.0,1.0,1,0,0.35,-1.2,36.2,0.0
A02,66,2024-04-08,58.53067811143885,-4.50228791748151,0.6361508322178216,7.0,74.0,4.0,0.0,1.0,0.0,0.0,0.0,1.0,1,0,0.35,-1.2,36.2,1.0
A02,67,2024-04-15,77.39630761847118,12.39630761847107,0.6266085697345544,8.0,57.0,12.0,0.0,2.0,0.0,0.0,0.0,1.0,1,0,0.35,-1.2,36.2,1.0
A02,68,2024-04-22,30.148661824815616,-32.88430420410582,0.617209441188536,9.0,65.0,39.0,4.0,0.0,0.0,0.0,0.0,1.0,1,0,0.35,-1.2,36.2,2.0
A02,69,2024-04-29,56.64869945875503,-0.8616996838315742,0.607951299570708,10.0,41.0,0.0,0.0,0.0,1.0,0.0,0.0,1.0,1,0,0.35,-1.2,36.2,2.0
A02,70,2024-05-06,99.49164623932462,50.042552998340284,0.5988320300771474,11.0,67.0,24.0,0.0,0.0,0.0,0.0,0.0,1.0,1,0,0.35,-1.2,36.2,1.0
A02,71,2024-05-13,42.10463182663008,1.9058586554032146,0.5898495496259901,12.0,41.0,24.0,0.0,3.0,0.0,0.0,1.0,1.0,1,0,0.35,-1.2,36.2,3.0
A02,72,2024-05-20,31.823403159107958,0.7475106442464892,0.5810018063816003,13.0,33.0,17.0,0.0,1.0,1.0,1.0,3.0,1.0,1,0,0.35,-1.2,36.2,2.0
A02,73,2024-05-27,27.9509068044909,4.879254060682332,0.5722867792858762,14.0,40.0,24.0,24.0,1.0,0.0,0.0,5.0,1.0,1,0,0.35,-1.2,36.2,3.0
A02,74,2024-06-03,22.870944365486725,6.1542904194433525,0.5637024775965881,15.0,14.0,6.0,0.0,2.0,1.0,0.0,11.0,1.0,1,0,0.35,-1.2,36.2,3.0
A02,75,2024-06-10,6.0172481789067405,-6.089262544252488,0.5552469404326392,16.0,33.0,33.0,33.0,5.0,4.0,0.0,19.0,1.0,1,0,0.35,-1.2,36.2,1.0
A02,76,2024-06-17,5.012810518794163,-4.019525309673684,0.5469182363261497,17.0,29.0,12.0,4.0,15.0,3.0,0.0,27.0,1.0,1,0,0.35,-1.2,36.2,2.0
A02,77,2024-06-24,7.685839963342548,0.5453762634422921,0.5387144627812575,18.0,34.0,10.0,10.0,9.0,3.0,0.0,29.0,1.0,1,0,0.35,-1.2,36.2,2.0
A02,78,2024-07-01,4.720905797138002,-1.3421109181738817,0.5306337458395386,19.0,46.0,46.0,0.0,5.0,3.0,0.0,19.0,1.0,1,0,0.35,-1.2,36.2,4.0
A02,79,2024-07-08,8.696358753632598,3.2021446233621074,0.5226742396519455,20.0,95.0,58.0,38.0,5.0,3.0,0.0,12.0,1.0,1,0,0.35,-1.2,36.2,6.0
A02,80,2024-07-15,4.671401363155609,-0.5448037145164957,0.5148341260571663,21.0,74.0,32.0,13.0,2.0,0.0,0.0,5.0,1.0,1,0,0.35,-1.2,36.2,7.0
A02,81,2024-07-22,2.5876302781796285,-2.5051721986168873,0.5071116141663088,22.0,31.0,6.0,6.0,1.0,1.0,0.0,2.0,1.0,1,0,0.35,-1.2,36.2,8.0
A02,82,2024-07-29,3.240610078142177,-1.8102900908961712,0.4995049399538142,23.0,45.0,24.0,24.0,0.0,0.0,0.0,1.0,1.0,1,0,0.35,-1.2,36.2,8.0
A02,83,2024-08-05,1.9343372916568486,-3.1296358941156126,0.492012365854507,24.0,84.0,62.0,17.0,1.0,0.0,0.0,0.0,1.0,1,0,0.35,-1.2,36.2,7.0
A02,84,2024-08-12,4.740883012069198,-0.40484750932475677,0.48463218036668937,25.0,53.0,21.0,0.0,1.0,0.0,0.0,0.0,1.0,1,0,0.35,-1.2,36.2,5.0
A02,85,2024-08-19,5.015220562495004,-0.3418208400313718,0.477362697661189,26.0,85.0,73.0,21.0,0.0,0.0,0.0,0.0,1.0,1,0,0.35,-1.2,36.2,4.0
A02,86,2024-08-26,5.020460015680645,-0.8041003011791679,0.4702022571962712,27.0,69.0,59.0,59.0,0.0,0.0,0.0,0.0,1.0,1,0,0.35,-1.2,36.2,3.0
A02,87,2024-09-02,9.86503053410735,3.1025580788453926,0.4631492233383271,28.0,21.0,0.0,0.0,0.0,0.0,0.0,0.0,1.0,1,0,0.35,-1.2,36.2,2.0
A02,88,2024-09-09,12.897629980052185,4.418891884607202,0.45620198498825215,29.0,56.0,29.0,13.0,0.0,0.0,0.0,0.0,1.0,1,0,0.35,-1.2,36.2,2.0
A02,89,2024-09-16,10.68221233277255,-0.6564225179414169,0.4493589552134284,30.0,49.0,27.0,27.0,0.0,0.0,0.0,0.0,1.0,1,0,0.35,-1.2,36.2,1.0
A02,90,2024-09-23,7.419255236518439,-8.24249522271272,0.44261857088522694,31.0,31.0,0.0,0.0,1.0,0.0,0.0,0.0,1.0,1,0,0.35,-1.2,36.2,0.0
A02,91,2024-09-30,26.75273336818164,5.198158240235831,0.43597929232194854,32.0,25.0,0.0,0.0,0.0,0.0,0.0,0.0,1.0,1,0,0.35,-1.2,36.2,1.0
A02,92,2024-10-07,34.89187088966858,6.163711753984977,0.4294396029371193,33.0,105.0,35.0,0.0,0.0,0.0,0.0,0.0,1.0,1,0,0.35,-1.2,36.2,1.0
A02,93,2024-10-14,40.55789240516359,4.162457722148609,0.4229980088930625,34.0,29.0,29.0,24.0,0.0,0.0,0.0,0.0,1.0,1,0,0.35,-1.2,36.2,3.0
A02,94,2024-10-21,61.11413574065923,17.76766523550171,0.4166530387596665,35.0,31.0,13.0,0.0,1.0,0.0,0.0,0.0,1.0,1,0,0.35,-1.2,36.2,3.0
A02,95,2024-10-28,32.085555488581754,-16.149969273541068,0.41040324317827154,36.0,79.0,7.0,0.0,0.0,0.0,0.0,0.0,1.0,1,0,0.35,-1.2,36.2,2.0
A02,96,2024-11-04,100.99665430441674,50.99665430437661,0.40424719453059743,37.0,21.0,21.0,0.0,0.0,0.0,0.0,0.0,1.0,1,0,0.35,-1.2,36.2,2.0
A02,97,2024-11-11,34.47712512380057,-13.758399638059586,0.39818348661263847,38.0,41.0,26.0,20.0,0.0,0.0,0.0,0.0,1.0,1,0,0.35,-1.2,36.2,0.0
A02,98,2024-11-18,56.34273500036161,12.996264496881366,0.3922107343134489,39.0,37.0,8.0,0.0,0.0,0.0,0.0,0.0,1.0,1,0,0.35,-1.2,36.2,0.0
A02,99,2024-11-25,20.16345187826163,-16.23198279493486,0.3863275732987471,40.0,68.0,62.0,0.0,0.0,0.0,0.0,0.0,1.0,1,0,0.35,-1.2,36.2,0.0
A02,100,2024-12-02,20.7445830317916,-7.983576050145597,0.3805326596992659,41.0,42.0,0.0,0.0,0.0,0.0,0.0,0.0,1.0,1,0,0.35,-1.2,36.2,0.0
A02,101,2024-12-09,36.6464701222533,15.091895269538394,0.37482466980377693,42.0,36.0,16.0,0.0,0.0,0.0,0.0,0.0,1.0,1,0,0.35,-1.2,36.2,0.0
A02,102,2024-12-16,14.294951615921526,-1.3667975247739523,0.36920229975672025,43.0,23.0,23.0,0.0,0.0,0.0,0.0,0.0,1.0,1,0,0.35,-1.2,36.2,0.0
A02,103,2024-12-23,15.213577689215676,3.8749487477686504,0.36366426526036943,44.0,0.0,0.0,0.0,0.0,0.0,0.0,0.0,1.0,1,0,0.35,-1.2,36.2,0.0
A02,104,2024-12-30,5.468407184692775,0.43522212248390524,0.3582093012814639,45.0,105.0,81.0,0.0,0.0,0.0,0.0,0.0,1.0,1,0,0.35,-1.2,36.2,0.0
A02,105,2025-01-06,3.187442749079484,-1.8998062865331309,0.3528361617622419,46.0,42.0,28.0,0.0,0.0,0.0,0.0,0.0,1.0,1,0,0.35,-1.2,36.2,1.0
A02,106,2025-01-13,5.463156289178573,0.248558289740342,0.3475436193358083,47.0,49.0,0.0,0.0,0.0,0.0,0.0,0.0,1.0,1,0,0.35,-1.2,36.2,1.0
A02,107,2025-01-20,3.2870940807934805,-2.2066907421477215,0.3423304650457712,48.0,84.0,45.0,0.0,0.0,0.0,0.0,0.0,1.0,1,0,0.35,-1.2,36.2,1.0
A02,108,2025-01-27,2.1130845862907877,-3.9498262631370955,0.33719550807008464,49.0,74.0,58.0,0.0,1.0,0.0,0.0,0.0,1.0,1,0,0.35,-1.2,36.2,1.0
A02,109,2025-02-03,3.5038325893650026,-3.6366070114701414,0.3321375754490334,50.0,21.0,21.0,0.0,0.0,0.0,0.0,0.0,1.0,1,0,0.35,-1.2,36.2,0.0
A02,110,2025-02-10,7.12026281184683,-1.9120679525381554,0.3271555118172979,51.0,74.0,52.0,0.0,0.0,0.0,0.0,0.0,1.0,1,0,0.35,-1.2,36.2,0.0
A02,111,2025-02-17,9.037554104913697,-3.0689556359145254,0.32224817914003845,52.0,80.0,58.0,0.0,0.0,0.0,0.0,0.0,1.0,1,0,0.35,-1.2,36.2,0.0
A02,112,2025-02-24,6.278632177256676,-10.438021592884468,0.31741445645293787,53.0,52.0,24.0,0.0,0.0,0.0,0.0,0.0,1.0,1,0,0.35,-1.2,36.2,0.0
A02,113,2025-03-03,11.638306137310694,-11.43334657742143,0.3126532396061438,54.0,15.0,0.0,0.0,0.0,0.0,0.0,0.0,1.0,1,0,0.35,-1.2,36.2,2.0
A02,114,2025-03-10,16.478342942878193,-14.597549567546498,0.3079634410120516,55.0,16.0,16.0,0.0,0.0,0.0,0.0,2.0,1.0,1,0,0.35,-1.2,36.2,2.0
A02,115,2025-03-17,22.991836151451604,-17.206937019150306,0.3033439893968708,56.0,14.0,12.0,0.0,0.0,0.0,0.0,3.0,1.0,1,0,0.35,-1.2,36.2,2.0
A02,116,2025-03-24,19.857684266237566,-29.59140897466551,0.2987938295559177,57.0,96.0,68.0,0.0,2.0,1.0,0.0,6.0,1.0,1,0,0.35,-1.2,36.2,2.0
A02,117,2025-03-31,30.00166806161681,-27.50873108096004,0.29431192211257895,58.0,71.0,46.0,8.0,6.0,3.0,1.0,13.0,1.0,1,0,0.35,-1.2,36.2,2.0
A02,118,2025-04-07,31.74900143253735,-31.28396459638301,0.2898972432808903,59.0,32.0,20.0,2.0,6.0,3.0,0.0,25.0,1.0,1,0,0.35,-1.2,36.2,5.0
A02,119,2025-04-14,55.34802600873525,-9.65197399126486,0.28554878463167693,60.0,37.0,18.0,18.0,9.0,3.0,0.0,24.0,1.0,1,0,0.35,-1.2,36.2,7.0
A02,120,2025-04-21,54.3838591257223,-8.649106903199133,0.2812655528622018,61.0,17.0,15.0,9.0,6.0,3.0,0.0,23.0,1.0,1,0,0.35,-1.2,36.2,8.0
A02,121,2025-04-28,35.52189296655244,-21.988506176034164,0.27704656956926876,62.0,84.0,69.0,62.0,6.0,4.0,0.0,21.0,1.0,1,0,0.35,-1.2,36.2,7.0
A02,122,2025-05-05,28.020793970794962,-21.428299270189378,0.27289087102572973,63.0,88.0,21.0,15.0,6.0,3.0,0.0,13.0,1.0,1,0,0.35,-1.2,36.2,4.0
A02,123,2025-05-12,27.440693343311,-12.758079827915868,0.2687975079603438,64.0,23.0,20.0,0.0,1.0,1.0,0.0,7.0,1.0,1,0,0.35,-1.2,36.2,4.0
A02,124,2025-05-19,15.178017357807954,-15.897875157053514,0.26476554534093866,65.0,42.0,18.0,0.0,2.0,0.0,0.0,1.0,1.0,1,0,0.35,-1.2,36.2,4.0
A02,125,2025-05-26,10.038528754797873,-13.033123989010694,0.26079406216082457,66.0,58.0,19.0,0.0,0.0,0.0,0.0,0.0,1.0,1,0,0.35,-1.2,36.2,4.0
A02,126,2025-06-02,7.81890974131725,-8.897744204726123,0.2568821512284122,67.0,51.0,6.0,0.0,0.0,0.0,0.0,0.0,1.0,1,0,0.35,-1.2,36.2,4.0
A02,127,2025-06-09,6.301425393251611,-5.805085329907618,0.25302891895998597,68.0,20.0,0.0,0.0,0.0,0.0,0.0,0.0,1.0,1,0,0.35,-1.2,36.2,2.0
A02,128,2025-06-16,3.907165840568,-5.125169987899847,0.2492334851755862,69.0,55.0,48.0,0.0,0.0,0.0,0.0,0.0,1.0,1,0,0.35,-1.2,36.2,1.0
A02,129,2025-06-23,4.9121692554104674,-2.228294444489788,0.24549498289795238,70.0,61.0,46.0,0.0,0.0,0.0,0.0,0.0,1.0,1,0,0.35,-1.2,36.2,0.0
A02,130,2025-06-30,5.0876958877143865,-0.9753208275974972,0.2418125581544831,71.0,43.0,33.0,0.0,0.0,0.0,0.0,0.0,1.0,1,0,0.35,-1.2,36.2,1.0
A02,131,2025-07-07,2.0491564913429254,-3.4450576389275653,0.23818536978216587,72.0,139.0,18.0,0.0,0.0,0.0,0.0,0.0,1.0,1,0,0.35,-1.2,36.2,1.0
A02,132,2025-07-14,3.42048472580525,-1.7957203518668545,0.23461258923543338,73.0,79.0,38.0,0.0,0.0,0.0,0.0,0.0,1.0,1,0,0.35,-1.2,36.2,1.0
A02,133,2025-07-21,3.0650620670460533,-2.0277404097504625,0.23109340039690188,74.0,28.0,0.0,0.0,1.0,0.0,0.0,0.0,1.0,1,0,0.35,-1.2,36.2,1.0
A02,134,2025-07-28,3.699921497534549,-1.3509786715037992,0.22762699939094835,75.0,48.0,39.0,17.0,2.0,0.0,0.0,0.0,1.0,1,0,0.35,-1.2,36.2,1.0
A02,135,2025-08-04,3.276710113390633,-1.7872630723818284,0.22421259440008412,76.0,16.0,16.0,0.0,0.0,0.0,0.0,0.0,1.0,1,0,0.35,-1.2,36.2,1.0
A02,136,2025-08-11,2.010985060363264,-3.134745461030691,0.22084940548408286,77.0,75.0,53.0,0.0,1.0,0.0,0.0,0.0,1.0,1,0,0.35,-1.2,36.2,1.0
A02,137,2025-08-18,2.238470174772333,-3.1185712277540425,0.21753666440182162,78.0,80.0,17.0,0.0,0.0,0.0,0.0,0.0,1.0,1,0,0.35,-1.2,36.2,1.0
A02,138,2025-08-25,3.825154466573358,-1.999405850286455,0.2142736144357943,79.0,35.0,2.0,0.0,0.0,0.0,0.0,0.0,1.0,1,0,0.35,-1.2,36.2,0.0
A02,139,2025-09-01,6.300814916286248,-0.46165753897570916,0.21105951021925737,80.0,119.0,68.0,0.0,0.0,0.0,0.0,0.0,1.0,1,0,0.35,-1.2,36.2,0.0
A02,140,2025-09-08,2.5391087490981707,-5.939629346346813,0.2078936175659685,81.0,60.0,21.0,0.0,1.0,0.0,0.0,0.0,1.0,1,0,0.35,-1.2,36.2,0.0
A02,141,2025-09-15,8.318128539341467,-3.0205063113725004,0.20477521330247897,82.0,100.0,22.0,0.0,0.0,1.0,0.0,0.0,1.0,1,0,0.35,-1.2,36.2,0.0
A02,142,2025-09-22,15.437602423392821,-0.2241480358383363,0.20170358510294178,83.0,21.0,0.0,0.0,0.0,0.0,0.0,0.0,1.0,1,0,0.35,-1.2,36.2,0.0
A02,143,2025-09-29,13.279827097181386,-8.274748030764425,0.19867803132639766,84.0,122.0,60.0,23.0,1.0,0.0,0.0,0.0,1.0,1,0,0.35,-1.2,36.2,0.0
A02,144,2025-10-06,22.638811442141755,-6.08934769354185,0.1956978608565017,85.0,15.0,2.0,0.0,0.0,0.0,0.0,0.0,1.0,1,0,0.35,-1.2,36.2,0.0
A02,145,2025-10-13,18.496587425343915,-17.89884725767107,0.1927623929436542,86.0,23.0,0.0,0.0,1.0,0.0,0.0,0.0,1.0,1,0,0.35,-1.2,36.2,0.0
A02,146,2025-10-20,27.02234713950437,-16.32412336565315,0.18987095704949938,87.0,56.0,2.0,0.0,0.0,0.0,0.0,0.0,1.0,1,0,0.35,-1.2,36.2,0.0
A02,147,2025-10-27,17.77855810506292,-30.4569666570599,0.18702289269375688,88.0,49.0,37.0,0.0,0.0,0.0,0.0,0.0,1.0,1,0,0.35,-1.2,36.2,0.0
A02,148,2025-11-03,14.306585151739853,-35.69341484830027,0.18421754930335052,89.0,80.0,33.0,0.0,1.0,0.0,0.0,0.0,1.0,1,0,0.35,-1.2,36.2,0.0
A02,149,2025-11-10,43.60975623476649,-4.625768527093662,0.18145428606380026,90.0,60.0,39.0,0.0,0.0,0.0,0.0,0.0,1.0,1,0,0.35,-1.2,36.2,0.0
A02,150,2025-11-17,19.95927885079688,-23.38719165268336,0.5181634005418041,0.0,78.0,36.0,0.0,1.0,0.0,0.0,0.0,1.0,1,0,0.35,-1.2,36.2,1.0
A02,151,2025-11-24,20.170591633120182,-16.22484304007631,0.510390949533677,1.0,34.0,32.0,13.0,0.0,0.0,0.0,0.0,1.0,1,0,0.35,-1.2,36.2,1.0
A02,152,2025-12-01,11.494171602195996,-17.233987479741202,0.5027350852906719,2.0,57.0,24.0,0.0,0.0,0.0,0.0,0.0,1.0,1,0,0.35,-1.2,36.2,1.0
A02,153,2025-12-08,8.553288013423286,-13.001286839291618,0.4951940590113118,3.0,24.0,6.0,0.0,0.0,0.0,0.0,0.0,1.0,1,0,0.35,-1.2,36.2,1.0
A02,154,2025-12-15,9.579211368782127,-6.082537771913351,0.4877661481261421,4.0,29.0,9.0,0.0,1.0,0.0,0.0,0.0,1.0,1,0,0.35,-1.2,36.2,0.0
A02,155,2025-12-22,5.7092088123987494,-5.629420129048276,0.48044965590425,5.0,37.0,37.0,0.0,1.0,0.0,0.0,0.0,1.0,1,0,0.35,-1.2,36.2,0.0
A03,0,2023-01-02,7.181342889186254,2.1481578269773847,0.23748106225596627,99.0,39.0,15.0,0.0,0.0,0.0,0.0,0.0,1.1,0,1,0.25,-1.5,35.2,0.0
A03,1,2023-01-09,7.450411143380958,2.3631621077683427,0.23391884632212678,99.0,33.0,33.0,0.0,0.0,0.0,0.0,0.0,1.1,0,1,0.25,-1.5,35.2,0.0
A03,2,2023-01-16,7.292912072976782,2.078314073538551,0.23041006362729488,99.0,0.0,0.0,0.0,0.0,0.0,0.0,0.0,1.1,0,1,0.25,-1.5,35.2,0.0
A03,3,2023-01-23,7.4653420408938915,1.9715572179526895,0.22695391267288545,99.0,23.0,23.0,0.0,0.0,0.0,0.0,0.0,1.1,0,1,0.25,-1.5,35.2,0.0
A03,4,2023-01-30,13.16487694781088,7.101966098382997,0.22354960398279217,99.0,9.0,9.0,0.0,0.0,0.0,0.0,0.0,1.1,0,1,0.25,-1.5,35.2,0.0
A03,5,2023-02-06,6.142673527682549,-0.9977660731525955,0.22019635992305028,99.0,17.0,0.0,0.0,0.0,0.0,0.0,0.0,1.1,0,1,0.25,-1.5,35.2,0.0
A03,6,2023-02-13,11.075404020907857,2.043073256522872,0.21689341452420452,99.0,50.0,0.0,0.0,0.0,0.0,0.0,0.0,1.1,0,1,0.25,-1.5,35.2,0.0
A03,7,2023-02-20,22.49579249589121,10.389282755062986,0.21364001330634144,99.0,14.0,0.0,0.0,0.0,0.0,0.0,0.0,1.1,0,1,0.25,-1.5,35.2,0.0
A03,8,2023-02-27,32.529193212645886,15.812539442504743,0.21043541310674632,99.0,22.0,0.0,0.0,1.0,0.0,0.0,0.0,1.1,0,1,0.25,-1.5,35.2,0.0
A03,9,2023-03-06,17.533809399916624,-5.5378433148155,0.20727888191014512,99.0,11.0,4.0,0.0,0.0,0.0,0.0,0.0,1.1,0,1,0.25,-1.5,35.2,0.0
A03,10,2023-03-13,34.8220743083724,3.7461817979477097,0.20416969868149296,99.0,34.0,19.0,0.0,0.0,0.0,0.0,0.0,1.1,0,1,0.25,-1.5,35.2,0.0
A03,11,2023-03-20,80.82791688716105,40.62914371655914,0.20110715320127057,99.0,22.0,0.0,0.0,0.0,0.0,0.0,0.0,1.1,0,1,0.25,-1.5,35.2,0.0
A03,12,2023-03-27,73.84106101105182,24.391967770148746,0.1980905459032515,99.0,22.0,0.0,0.0,1.0,0.0,0.0,0.0,1.1,0,1,0.25,-1.5,35.2,0.0
A03,13,2023-04-03,76.97274502162828,19.462345879051433,0.19511918771470274,99.0,21.0,0.0,0.0,0.0,0.0,0.0,0.0,1.1,0,1,0.25,-1.5,35.2,0.0
A03,14,2023-04-10,73.01112073968346,9.9781547107631,0.1921923998989822,99.0,19.0,17.0,0.0,0.0,0.0,0.0,0.0,1.1,0,1,0.25,-1.5,35.2,0.0
A03,15,2023-04-17,71.03697365590878,6.0369736559086675,0.18930951390049747,99.0,20.0,20.0,0.0,0.0,0.0,0.0,0.0,1.1,0,1,0.25,-1.5,35.2,0.0
A03,16,2023-04-24,87.1541232741522,24.121157245230762,0.18646987119199,99.0,18.0,0.0,0.0,1.0,0.0,0.0,0.0,1.1,0,1,0.25,-1.5,35.2,0.0
A03,17,2023-05-01,65.8104337687205,8.300034626133893,0.18367282312411012,99.0,0.0,0.0,0.0,0.0,0.0,0.0,0.0,1.1,0,1,0.25,-1.5,35.2,0.0
A03,18,2023-05-08,60.897051308451125,11.447958067466786,0.18091773077724846,99.0,0.0,0.0,0.0,1.0,0.0,0.0,0.0,1.1,0,1,0.25,-1.5,35.2,0.0
A03,19,2023-05-15,51.6499679728484,11.451194801621533,0.17820396481558973,99.0,15.0,0.0,0.0,0.0,0.0,0.0,0.0,1.1,0,1,0.25,-1.5,35.2,0.0
A03,20,2023-05-22,30.638300439240222,-0.4375920756212466,0.1755309053433559,99.0,31.0,0.0,0.0,1.0,0.0,0.0,0.0,1.1,0,1,0.25,-1.5,35.2,0.0
A03,21,2023-05-29,34.743536064738464,11.671883320929897,0.17289794176320555,99.0,18.0,18.0,0.0,1.0,0.0,0.0,0.0,1.1,0,1,0.25,-1.5,35.2,0.0
A03,22,2023-06-05,57.94733860646581,41.23068466042244,0.17030447263675746,99.0,52.0,0.0,0.0,0.0,0.0,0.0,0.0,1.1,0,1,0.25,-1.5,35.2,0.0
A03,23,2023-06-12,8.124966553668742,-3.981544169490487,0.16876826759307245,99.0,33.0,0.0,0.0,0.0,0.0,0.0,0.0,1.1,0,1,0.25,-1.5,35.2,0.0
A03,24,2023-06-19,12.646227419763289,3.6138915912954417,0.16876826759307245,99.0,48.0,23.0,0.0,0.0,0.0,0.0,0.0,1.1,0,1,0.25,-1.5,35.2,0.0
A03,25,2023-06-26,6.840458342343115,-0.30000535755714086,0.16876826759307245,99.0,54.0,14.0,0.0,0.0,0.0,0.0,0.0,1.1,0,1,0.25,-1.5,35.2,0.0
A03,26,2023-07-03,9.276106842287595,3.213090126975711,0.16876826759307245,99.0,0.0,0.0,0.0,0.0,0.0,0.0,0.0,1.1,0,1,0.25,-1.5,35.2,0.0
A03,27,2023-07-10,6.980595506045815,1.4863813757753244,0.16876826759307245,99.0,18.0,0.0,0.0,0.0,0.0,0.0,0.0,1.1,0,1,0.25,-1.5,35.2,0.0
A03,28,2023-07-17,8.512731472010307,3.296526394338202,0.16876826759307245,99.0,26.0,0.0,0.0,0.0,0.0,0.0,0.0,1.1,0,1,0.25,-1.5,35.2,0.0
A03,29,2023-07-24,9.606107719676926,4.51330524288041,0.16876826759307245,99.0,52.0,16.0,0.0,0.0,0.0,0.0,0.0,1.1,0,1,0.25,-1.5,35.2,0.0
A03,30,2023-07-31,6.753476580331026,1.7025764112926778,0.16876826759307245,99.0,18.0,0.0,0.0,0.0,0.0,0.0,0.0,1.1,0,1,0.25,-1.5,35.2,0.0
A03,31,2023-08-07,9.40755643136792,4.343583245595459,0.16876826759307245,99.0,16.0,0.0,0.0,0.0,0.0,0.0,0.0,1.1,0,1,0.25,-1.5,35.2,1.0
A03,32,2023-08-14,2.8315000786839946,-2.3142304427099605,0.16876826759307245,99.0,12.0,0.0,0.0,0.0,0.0,0.0,0.0,1.1,0,1,0.25,-1.5,35.2,1.0
A03,33,2023-08-21,11.683921911485086,6.326880508958711,0.16876826759307245,99.0,17.0,0.0,0.0,0.0,0.0,0.0,0.0,1.1,0,1,0.25,-1.5,35.2,1.0
A03,34,2023-08-28,8.30201967048637,2.477459353626557,0.16876826759307245,99.0,0.0,0.0,0.0,0.0,0.0,0.0,1.0,1.1,0,1,0.25,-1.5,35.2,1.0
A03,35,2023-09-04,12.326819019530676,5.564346564268719,0.16876826759307245,99.0,101.0,45.0,0.0,1.0,1.0,0.0,3.0,1.1,0,1,0.25,-1.5,35.2,1.0
A03,36,2023-09-11,6.9153852089653425,-1.5633528864796409,0.16876826759307245,99.0,0.0,0.0,0.0,1.0,0.0,0.0,11.0,1.1,0,1,0.25,-1.5,35.2,3.0
A03,37,2023-09-18,10.597201960373301,-0.7414328903406666,0.16876826759307245,99.0,17.0,0.0,0.0,4.0,4.0,0.0,18.0,1.1,0,1,0.25,-1.5,35.2,4.0
A03,38,2023-09-25,20.603138479949685,4.941388020718527,0.16876826759307245,99.0,71.0,22.0,22.0,9.0,1.0,0.0,26.0,1.1,0,1,0.25,-1.5,35.2,4.0
A03,39,2023-10-02,26.783027562304348,5.2284524343585375,0.16876826759307245,99.0,16.0,0.0,0.0,9.0,6.0,1.0,31.0,1.1,0,1,0.25,-1.5,35.2,4.0
A03,40,2023-10-09,39.65017467204995,10.922015536366345,0.16876826759307245,99.0,19.0,0.0,0.0,1.0,2.0,0.0,19.0,1.1,0,1,0.25,-1.5,35.2,2.0
A03,41,2023-10-16,66.49768956137393,30.10225487835895,0.16876826759307245,99.0,3.0,3.0,0.0,4.0,0.0,0.0,13.0,1.1,0,1,0.25,-1.5,35.2,1.0
A03,42,2023-10-23,29.210894012145424,-14.135576493012096,0.16876826759307245,99.0,66.0,24.0,0.0,0.0,1.0,0.0,5.0,1.1,0,1,0.25,-1.5,35.2,1.0
A03,43,2023-10-30,84.78138517537339,36.545860413250566,0.16876826759307245,99.0,0.0,0.0,0.0,0.0,0.0,0.0,1.0,1.1,0,1,0.25,-1.5,35.2,0.0
A03,44,2023-11-06,62.681429605484574,12.68142960544445,0.16876826759307245,99.0,5.0,5.0,0.0,1.0,0.0,0.0,1.0,1.1,0,1,0.25,-1.5,35.2,0.0
A03,45,2023-11-13,56.143767503614555,7.9082427417544,0.16876826759307245,99.0,15.0,0.0,0.0,1.0,0.0,0.0,0.0,1.1,0,1,0.25,-1.5,35.2,0.0
A03,46,2023-11-20,32.37797800780857,-10.968492495671669,0.16876826759307245,99.0,47.0,0.0,0.0,1.0,0.0,0.0,0.0,1.1,0,1,0.25,-1.5,35.2,0.0
A03,47,2023-11-27,54.25276348597918,17.85732881278269,0.16876826759307245,99.0,8.0,8.0,0.0,0.0,0.0,0.0,0.0,1.1,0,1,0.25,-1.5,35.2,1.0
A03,48,2023-12-04,15.426450451517729,-13.301708630419467,0.5319329467271194,0.0,34.0,12.0,0.0,1.0,0.0,0.0,0.0,1.1,0,1,0.25,-1.5,35.2,1.0
A03,49,2023-12-11,33.80705604454772,12.252481191832818,0.5239539525262127,1.0,44.0,0.0,0.0,0.0,0.0,0.0,0.0,1.1,0,1,0.25,-1.5,35.2,1.0
A03,50,2023-12-18,11.613031677618084,-4.048717463077395,0.5160946432383194,2.0,24.0,0.0,0.0,1.0,0.0,0.0,0.0,1.1,0,1,0.25,-1.5,35.2,1.0
A03,51,2023-12-25,14.44096857557553,3.102339634128505,0.5083532235897447,3.0,7.0,0.0,0.0,0.0,0.0,0.0,0.0,1.1,0,1,0.25,-1.5,35.2,0.0
A03,52,2024-01-01,4.827573226461485,-0.2056118357473844,0.5007279252358985,4.0,26.0,5.0,0.0,0.0,0.0,0.0,0.0,1.1,0,1,0.25,-1.5,35.2,0.0
A03,53,2024-01-08,7.660487097598039,2.573238061985424,0.49321700635736,5.0,14.0,0.0,0.0,0.0,0.0,0.0,0.0,1.1,0,1,0.25,-1.5,35.2,0.0
A03,54,2024-01-15,4.898517904469439,-0.3160800949687923,0.4858187512619996,6.0,66.0,44.0,0.0,0.0,0.0,0.0,0.0,1.1,0,1,0.25,-1.5,35.2,0.0
A03,55,2024-01-22,4.3088408545201355,-1.1849439684210665,0.47853146999306956,7.0,44.0,8.0,0.0,0.0,0.0,0.0,0.0,1.1,0,1,0.25,-1.5,35.2,0.0
A03,56,2024-01-29,5.07780498860218,-0.9851058608257031,0.4713534979431735,8.0,67.0,19.0,0.0,0.0,0.0,0.0,0.0,1.1,0,1,0.25,-1.5,35.2,0.0
A03,57,2024-02-05,11.148258666088031,4.007819065252887,0.4642831954740259,9.0,0.0,0.0,0.0,0.0,0.0,0.0,0.0,1.1,0,1,0.25,-1.5,35.2,0.0
A03,58,2024-02-12,10.897292749487116,1.8649619851021306,0.45731894754191554,10.0,15.0,15.0,0.0,0.0,0.0,0.0,0.0,1.1,0,1,0.25,-1.5,35.2,0.0
A03,59,2024-02-19,10.57796230925777,-1.528547431570452,0.7628264116219645,0.0,16.0,16.0,0.0,0.0,0.0,0.0,0.0,1.1,0,1,0.25,-1.5,35.2,0.0
A03,60,2024-02-26,15.388942118896527,-1.3277116512446163,0.751384015447635,1.0,38.0,0.0,0.0,1.0,0.0,0.0,0.0,1.1,0,1,0.25,-1.5,35.2,0.0
A03,61,2024-03-04,13.331007690834582,-9.740645023897542,0.7401132552159204,2.0,71.0,0.0,0.0,0.0,0.0,0.0,0.0,1.1,0,1,0.25,-1.5,35.2,0.0
A03,62,2024-03-11,35.60187583465576,4.525983324231067,0.7290115563876816,3.0,20.0,16.0,0.0,0.0,0.0,0.0,0.0,1.1,0,1,0.25,-1.5,35.2,0.0
A03,63,2024-03-18,21.712778958659836,-18.485994211942074,0.7180763830418663,4.0,2.0,0.0,0.0,0.0,0.0,0.0,0.0,1.1,0,1,0.25,-1.5,35.2,0.0
A03,64,2024-03-25,64.33298489326897,14.883891652365897,0.7073052372962383,5.0,63.0,0.0,0.0,0.0,0.0,0.0,0.0,1.1,0,1,0.25,-1.5,35.2,0.0
A03,65,2024-04-01,60.15853595412486,2.6481368115480066,0.6966956587367947,6.0,32.0,32.0,0.0,0.0,0.0,0.0,0.0,1.1,0,1,0.25,-1.5,35.2,0.0
A03,66,2024-04-08,145.34220402457106,82.3092379956507,0.6862452238557428,7.0,20.0,0.0,0.0,1.0,0.0,0.0,0.0,1.1,0,1,0.25,-1.5,35.2,0.0
A03,67,2024-04-15,44.227192997267444,-20.77280700273267,0.6759515454979067,8.0,35.0,0.0,0.0,0.0,0.0,0.0,0.0,1.1,0,1,0.25,-1.5,35.2,0.0
A03,68,2024-04-22,60.80828997615058,-2.224676052770853,0.665812272315438,9.0,15.0,0.0,0.0,0.0,0.0,0.0,0.0,1.1,0,1,0.25,-1.5,35.2,0.0
A03,69,2024-04-29,107.91743903788337,50.40703989529676,0.6558250882307065,10.0,17.0,0.0,0.0,1.0,0.0,0.0,0.0,1.1,0,1,0.25,-1.5,35.2,0.0
A03,70,2024-05-06,75.03315594513549,25.58406270415115,0.6459877119072459,11.0,0.0,0.0,0.0,1.0,0.0,0.0,0.0,1.1,0,1,0.25,-1.5,35.2,0.0
A03,71,2024-05-13,31.50550394489236,-8.693269226334507,0.6362978962286372,12.0,6.0,0.0,0.0,0.0,0.0,0.0,0.0,1.1,0,1,0.25,-1.5,35.2,0.0
A03,72,2024-05-20,33.60990980744903,2.53401729258756,0.6267534277852076,13.0,2.0,0.0,0.0,0.0,0.0,0.0,0.0,1.1,0,1,0.25,-1.5,35.2,1.0
A03,73,2024-05-27,23.087803353966063,0.01615061015749575,0.6173521263684295,14.0,0.0,0.0,0.0,0.0,0.0,0.0,0.0,1.1,0,1,0.25,-1.5,35.2,1.0
A03,74,2024-06-03,18.450473209573023,1.73381926352965,0.6080918444729031,15.0,0.0,0.0,0.0,0.0,0.0,0.0,0.0,1.1,0,1,0.25,-1.5,35.2,1.0
A03,75,2024-06-10,9.480198279345853,-2.626312443813376,0.5989704668058096,16.0,14.0,14.0,0.0,0.0,0.0,0.0,0.0,1.1,0,1,0.25,-1.5,35.2,1.0
A03,76,2024-06-17,8.754333783370026,-0.27800204509782134,0.5899859098037225,17.0,6.0,0.0,0.0,0.0,0.0,0.0,0.0,1.1,0,1,0.25,-1.5,35.2,1.0
A03,77,2024-06-24,4.081478853600115,-3.058984846300141,0.5811361211566666,18.0,53.0,2.0,0.0,0.0,0.0,0.0,1.0,1.1,0,1,0.25,-1.5,35.2,1.0
A03,78,2024-07-01,6.35664480760789,0.2936280922960064,0.5724190793393166,19.0,82.0,0.0,0.0,2.0,0.0,0.0,3.0,1.1,0,1,0.25,-1.5,35.2,2.0
A03,79,2024-07-08,6.4314678771143505,0.9372537468438598,0.5638327931492269,20.0,18.0,0.0,0.0,4.0,0.0,1.0,6.0,1.1,0,1,0.25,-1.5,35.2,3.0
A03,80,2024-07-15,4.817106065806209,-0.39909901186589547,0.5553753012519884,21.0,0.0,0.0,0.0,3.0,1.0,0.0,8.0,1.1,0,1,0.25,-1.5,35.2,3.0
A03,81,2024-07-22,2.8937708736242405,-2.1990316031722754,0.5470446717332086,22.0,17.0,0.0,0.0,3.0,1.0,0.0,11.0,1.1,0,1,0.25,-1.5,35.2,4.0
A03,82,2024-07-29,7.138856651567142,2.087956482528794,0.5388390016572104,23.0,0.0,0.0,0.0,3.0,2.0,0.0,15.0,1.1,0,1,0.25,-1.5,35.2,3.0
A03,83,2024-08-05,5.753078788884459,0.6891056031119973,0.5307564166323523,24.0,61.0,37.0,10.0,5.0,1.0,0.0,16.0,1.1,0,1,0.25,-1.5,35.2,2.0
A03,84,2024-08-12,3.991080761138283,-1.1546497602556722,0.522795070382867,25.0,37.0,0.0,0.0,6.0,2.0,0.0,20.0,1.1,0,1,0.25,-1.5,35.2,1.0
A03,85,2024-08-19,4.8559351019172565,-0.501106300609119,0.514953144327124,26.0,58.0,0.0,0.0,4.0,2.0,0.0,19.0,1.1,0,1,0.25,-1.5,35.2,0.0
A03,86,2024-08-26,3.444742733835196,-2.379817583024617,0.5072288471622172,27.0,37.0,0.0,0.0,3.0,1.0,0.0,14.0,1.1,0,1,0.25,-1.5,35.2,1.0
A03,87,2024-09-02,4.723240101550621,-2.039232353711336,0.4996204144547839,28.0,0.0,0.0,0.0,1.0,2.0,0.0,11.0,1.1,0,1,0.25,-1.5,35.2,1.0
A03,88,2024-09-09,7.023963487048534,-1.4547746083964492,0.4921261082379621,29.0,25.0,3.0,3.0,5.0,1.0,0.0,7.0,1.1,0,1,0.25,-1.5,35.2,1.0
A03,89,2024-09-16,17.42948289938296,6.0908480486689935,0.48474421661439265,30.0,40.0,0.0,0.0,1.0,0.0,0.0,3.0,1.1,0,1,0.25,-1.5,35.2,1.0
A03,90,2024-09-23,12.520850272576588,-3.1409001866545694,0.47747305336517676,31.0,65.0,4.0,0.0,0.0,0.0,0.0,2.0,1.1,0,1,0.25,-1.5,35.2,0.0
A03,91,2024-09-30,26.968320914931198,5.4137457869853876,0.4703109575646991,32.0,0.0,0.0,0.0,1.0,0.0,0.0,0.0,1.1,0,1,0.25,-1.5,35.2,1.0
A03,92,2024-10-07,23.794801329875128,-4.933357805808477,0.4632562932012286,33.0,13.0,13.0,0.0,0.0,0.0,0.0,0.0,1.1,0,1,0.25,-1.5,35.2,1.0
A03,93,2024-10-14,39.694990358150655,3.2995556751356716,0.4563074488032101,34.0,21.0,0.0,0.0,0.0,0.0,1.0,0.0,1.1,0,1,0.25,-1.5,35.2,2.0
A03,94,2024-10-21,41.253537042742686,-2.092933462414834,0.44946283707116197,35.0,20.0,20.0,0.0,0.0,0.0,0.0,0.0,1.1,0,1,0.25,-1.5,35.2,2.0
A03,95,2024-10-28,65.47481650546317,17.239291743340345,0.44272089451509455,36.0,18.0,18.0,0.0,0.0,0.0,0.0,0.0,1.1,0,1,0.25,-1.5,35.2,1.0
A03,96,2024-11-04,41.46455795018147,-8.535442049858652,0.4360800810973681,37.0,19.0,0.0,0.0,1.0,0.0,0.0,0.0,1.1,0,1,0.25,-1.5,35.2,1.0
A03,97,2024-11-11,27.818767708200344,-20.41675705365981,0.4295388798809076,38.0,0.0,0.0,0.0,0.0,0.0,0.0,0.0,1.1,0,1,0.25,-1.5,35.2,0.0
A03,98,2024-11-18,26.723494447272863,-16.622976056207378,0.423095796682694,39.0,19.0,0.0,0.0,1.0,1.0,0.0,0.0,1.1,0,1,0.25,-1.5,35.2,0.0
A03,99,2024-11-25,30.213420794388174,-6.182013878808316,0.4167493597324536,40.0,22.0,0.0,0.0,0.0,0.0,0.0,0.0,1.1,0,1,0.25,-1.5,35.2,0.0
A03,100,2024-12-02,18.554397161196942,-10.173761920740255,0.4104981193364668,41.0,6.0,0.0,0.0,0.0,0.0,0.0,0.0,1.1,0,1,0.25,-1.5,35.2,0.0
A03,101,2024-12-09,24.882438901552522,3.3278640488376183,0.4043406475464198,42.0,18.0,3.0,0.0,0.0,0.0,0.0,0.0,1.1,0,1,0.25,-1.5,35.2,0.0
A03,102,2024-12-16,13.305833145314724,-2.355915995380755,0.3982755378332235,43.0,39.0,0.0,0.0,0.0,0.0,0.0,0.0,1.1,0,1,0.25,-1.5,35.2,0.0
A03,103,2024-12-23,26.032029374221302,14.693400432774277,0.39230140476572517,44.0,18.0,0.0,0.0,0.0,0.0,0.0,0.0,1.1,0,1,0.25,-1.5,35.2,0.0
A03,104,2024-12-30,2.739712227930476,-2.2934728342783934,0.38641688369423927,45.0,36.0,0.0,0.0,0.0,0.0,0.0,0.0,1.1,0,1,0.25,-1.5,35.2,0.0
A03,105,2025-01-06,3.550988148335978,-1.536260887276637,0.38062063043882566,46.0,54.0,20.0,0.0,0.0,0.0,0.0,0.0,1.1,0,1,0.25,-1.5,35.2,0.0
A03,106,2025-01-13,2.2839251635217193,-2.930672835916512,0.3749113209822433,47.0,73.0,24.0,0.0,0.0,0.0,0.0,0.0,1.1,0,1,0.25,-1.5,35.2,0.0
A03,107,2025-01-20,3.0045987627226376,-2.4891860602185645,0.3692876511675096,48.0,0.0,0.0,0.0,0.0,0.0,0.0,0.0,1.1,0,1,0.25,-1.5,35.2,0.0
A03,108,2025-01-27,4.140861767273363,-1.92204908215452,0.363748336399997,49.0,24.0,0.0,0.0,0.0,0.0,0.0,0.0,1.1,0,1,0.25,-1.5,35.2,0.0
A03,109,2025-02-03,2.0567178714203984,-5.083721729414746,0.358292111353997,50.0,29.0,10.0,10.0,0.0,0.0,0.0,0.0,1.1,0,1,0.25,-1.5,35.2,0.0
A03,110,2025-02-10,6.3783961100891045,-2.653934654295881,0.35291772968368706,51.0,24.0,24.0,0.0,0.0,0.0,0.0,0.0,1.1,0,1,0.25,-1.5,35.2,0.0
A03,111,2025-02-17,15.317224794953527,3.210715054125304,0.34762396373843174,52.0,21.0,0.0,0.0,0.0,0.0,0.0,0.0,1.1,0,1,0.25,-1.5,35.2,0.0
A03,112,2025-02-24,9.271258526516146,-7.445395243624997,0.3424096042823553,53.0,40.0,3.0,0.0,0.0,0.0,0.0,0.0,1.1,0,1,0.25,-1.5,35.2,0.0
A03,113,2025-03-03,16.424178411968644,-6.647474302763481,0.33727346021811994,54.0,40.0,0.0,0.0,0.0,0.0,0.0,0.0,1.1,0,1,0.25,-1.5,35.2,0.0
A03,114,2025-03-10,28.915333769151697,-2.160558741272993,0.33221435831484813,55.0,22.0,0.0,0.0,1.0,0.0,0.0,0.0,1.1,0,1,0.25,-1.5,35.2,0.0
A03,115,2025-03-17,24.67202068827596,-15.52675248232595,0.3272311429401254,56.0,66.0,19.0,0.0,0.0,0.0,0.0,0.0,1.1,0,1,0.25,-1.5,35.2,0.0
A03,116,2025-03-24,26.22792647077187,-23.221166770131205,0.32232267579602353,57.0,18.0,0.0,0.0,0.0,0.0,0.0,0.0,1.1,0,1,0.25,-1.5,35.2,0.0
A03,117,2025-03-31,16.855468238799777,-40.65493090377707,0.3174878356590832,58.0,53.0,0.0,0.0,1.0,0.0,0.0,0.0,1.1,0,1,0.25,-1.5,35.2,2.0
A03,118,2025-04-07,51.27594303647675,-11.757022992443616,0.3127255181241969,59.0,21.0,21.0,0.0,0.0,1.0,0.0,0.0,1.1,0,1,0.25,-1.5,35.2,2.0
A03,119,2025-04-14,40.60923120717863,-24.390768792821483,0.30803463535233394,60.0,24.0,0.0,0.0,0.0,0.0,0.0,0.0,1.1,0,1,0.25,-1.5,35.2,3.0
A03,120,2025-04-21,28.744188157235385,-34.28877787168605,0.3034141158220489,61.0,47.0,5.0,5.0,1.0,1.0,0.0,4.0,1.1,0,1,0.25,-1.5,35.2,4.0
A03,121,2025-04-28,39.07534551447633,-18.435053628110275,0.29886290408471816,62.0,6.0,6.0,0.0,3.0,0.0,0.0,9.0,1.1,0,1,0.25,-1.5,35.2,2.0
A03,122,2025-05-05,26.202967823027585,-23.246125417956755,0.2943799605234474,63.0,82.0,10.0,10.0,2.0,0.0,0.0,17.0,1.1,0,1,0.25,-1.5,35.2,2.0
A03,123,2025-05-12,21.717196562946352,-18.481576608280516,0.2899642611155957,64.0,12.0,0.0,0.0,5.0,4.0,1.0,27.0,1.1,0,1,0.25,-1.5,35.2,2.0
A03,124,2025-05-19,24.97440116437744,-6.101491350484029,0.28561479719886174,65.0,26.0,3.0,0.0,8.0,0.0,0.0,24.0,1.1,0,1,0.25,-1.5,35.2,2.0
A03,125,2025-05-26,9.38758385763579,-13.684068886172778,0.2813305752408788,66.0,20.0,0.0,0.0,5.0,2.0,0.0,17.0,1.1,0,1,0.25,-1.5,35.2,2.0
A03,126,2025-06-02,15.676815462917345,-1.0398384831260277,0.2771106166122656,67.0,61.0,24.0,0.0,2.0,0.0,0.0,9.0,1.1,0,1,0.25,-1.5,35.2,2.0
A03,127,2025-06-09,4.824804959159574,-7.281705763999654,0.2729539573630816,68.0,28.0,4.0,4.0,2.0,0.0,0.0,4.0,1.1,0,1,0.25,-1.5,35.2,1.0
A03,128,2025-06-16,4.655654950952716,-4.376680877515131,0.26885964800263534,69.0,7.0,0.0,0.0,1.0,0.0,0.0,3.0,1.1,0,1,0.25,-1.5,35.2,0.0
A03,129,2025-06-23,9.097739445102643,1.957275745202388,0.2648267532825958,70.0,24.0,10.0,0.0,0.0,0.0,0.0,3.0,1.1,0,1,0.25,-1.5,35.2,0.0
A03,130,2025-06-30,5.847409452335835,-0.21560726297604837,0.2608543519833569,71.0,0.0,0.0,0.0,2.0,1.0,0.0,1.0,1.1,0,1,0.25,-1.5,35.2,0.0
A03,131,2025-07-07,3.695345458333027,-1.7988686719374636,0.25694153670360653,72.0,14.0,0.0,0.0,1.0,0.0,0.0,1.0,1.1,0,1,0.25,-1.5,35.2,0.0
A03,132,2025-07-14,2.439520855614173,-2.7766842220579315,0.25308741365305243,73.0,0.0,0.0,0.0,1.0,0.0,0.0,1.0,1.1,0,1,0.25,-1.5,35.2,0.0
A03,133,2025-07-21,2.7505476586227418,-2.342254818173774,0.24929110244825664,74.0,16.0,16.0,16.0,0.0,0.0,0.0,0.0,1.1,0,1,0.25,-1.5,35.2,0.0
A03,134,2025-07-28,3.368373283762464,-1.6825268852758843,0.2455517359115328,75.0,76.0,52.0,0.0,0.0,0.0,0.0,0.0,1.1,0,1,0.25,-1.5,35.2,0.0
A03,135,2025-08-04,3.3350964683313764,-1.7288767174410848,0.2418684598728598,76.0,40.0,40.0,20.0,0.0,0.0,0.0,0.0,1.1,0,1,0.25,-1.5,35.2,0.0
A03,136,2025-08-11,3.2400203297890773,-1.9057101916048778,0.23824043297476688,77.0,54.0,23.0,0.0,0.0,0.0,0.0,0.0,1.1,0,1,0.25,-1.5,35.2,0.0
A03,137,2025-08-18,3.4447025200732315,-1.912338882453144,0.23466682648014536,78.0,27.0,0.0,0.0,0.0,0.0,0.0,0.0,1.1,0,1,0.25,-1.5,35.2,0.0
A03,138,2025-08-25,3.5122937357921313,-2.3122665810676817,0.23114682408294318,79.0,45.0,0.0,0.0,0.0,0.0,0.0,0.0,1.1,0,1,0.25,-1.5,35.2,0.0
A03,139,2025-09-01,2.653589090510515,-4.108883364751442,0.22767962172169903,80.0,18.0,0.0,0.0,0.0,0.0,0.0,0.0,1.1,0,1,0.25,-1.5,35.2,0.0
A03,140,2025-09-08,4.599740796785046,-3.8789972986599377,0.22426442739587354,81.0,2.0,2.0,0.0,0.0,0.0,0.0,0.0,1.1,0,1,0.25,-1.5,35.2,0.0
A03,141,2025-09-15,10.150788734700313,-1.1878461160136542,0.22090046098493543,82.0,28.0,0.0,0.0,0.0,0.0,0.0,0.0,1.1,0,1,0.25,-1.5,35.2,0.0
A03,142,2025-09-22,6.306126007520489,-9.355624451710668,0.2175869540701614,83.0,67.0,21.0,0.0,0.0,0.0,0.0,0.0,1.1,0,1,0.25,-1.5,35.2,0.0
A03,143,2025-09-29,13.111120350212195,-8.443454777733615,0.214323149759109,84.0,23.0,0.0,0.0,0.0,0.0,0.0,0.0,1.1,0,1,0.25,-1.5,35.2,0.0
A03,144,2025-10-06,14.015740299174023,-14.712418836509581,0.21110830251272236,85.0,6.0,0.0,0.0,0.0,0.0,0.0,0.0,1.1,0,1,0.25,-1.5,35.2,0.0
A03,145,2025-10-13,24.597211434145226,-11.798223248869757,0.20794167797503152,86.0,91.0,12.0,0.0,0.0,0.0,0.0,0.0,1.1,0,1,0.25,-1.5,35.2,0.0
A03,146,2025-10-20,24.59198930453949,-18.75448120061803,0.20482255280540604,87.0,23.0,0.0,0.0,0.0,0.0,0.0,0.0,1.1,0,1,0.25,-1.5,35.2,0.0
A03,147,2025-10-27,52.583408619042764,4.3478838569199425,0.20175021451332495,88.0,40.0,0.0,0.0,0.0,0.0,0.0,0.0,1.1,0,1,0.25,-1.5,35.2,0.0
A03,148,2025-11-03,38.804809428995796,-11.195190571044328,0.19872396129562508,89.0,32.0,0.0,0.0,2.0,0.0,0.0,1.0,1.1,0,1,0.25,-1.5,35.2,0.0
A03,149,2025-11-10,19.809898830866334,-28.42562593099382,0.1957431018761907,90.0,7.0,0.0,0.0,0.0,0.0,0.0,1.0,1.1,0,1,0.25,-1.5,35.2,0.0
A03,150,2025-11-17,35.63656328206979,-7.709907221410454,0.5758803305685871,0.0,0.0,0.0,0.0,0.0,0.0,0.0,1.0,1.1,0,1,0.25,-1.5,35.2,1.0
A03,151,2025-11-24,18.03893143751835,-18.35650323567814,0.5672421256100583,1.0,65.0,55.0,16.0,0.0,0.0,0.0,0.0,1.1,0,1,0.25,-1.5,35.2,1.0
A03,152,2025-12-01,15.25864378961504,-13.469515292322157,0.5587334937259074,2.0,7.0,0.0,0.0,0.0,0.0,0.0,0.0,1.1,0,1,0.25,-1.5,35.2,1.0
A03,153,2025-12-08,15.637030089561232,-5.917544763153671,0.5503524913200188,3.0,13.0,0.0,0.0,0.0,0.0,0.0,0.0,1.1,0,1,0.25,-1.5,35.2,1.0
A03,154,2025-12-15,8.570506789299282,-7.091242351396197,0.5420972039502185,4.0,45.0,0.0,0.0,1.0,0.0,0.0,0.0,1.1,0,1,0.25,-1.5,35.2,0.0
A03,155,2025-12-22,10.073739677632584,-1.2648892638144407,0.5339657458909652,5.0,34.0,8.0,0.0,0.0,0.0,0.0,0.0,1.1,0,1,0.25,-1.5,35.2,0.0
A04,0,2023-01-02,4.797610716852177,-0.2355743453566923,0.27223633714297535,99.0,0.0,0.0,0.0,1.0,0.0,0.0,0.0,1.3,0,1,0.5,-1.0,34.88,0.0
A04,1,2023-01-09,5.120486621771777,0.033237586159161836,0.2681527920858307,99.0,0.0,0.0,0.0,0.0,0.0,0.0,0.0,1.3,0,1,0.5,-1.0,34.88,0.0
A04,2,2023-01-16,5.180366147481758,-0.03423185195647349,0.26413050020454326,99.0,0.0,0.0,0.0,0.0,0.0,0.0,0.0,1.3,0,1,0.5,-1.0,34.88,0.0
A04,3,2023-01-23,5.633818255803708,0.1400334328625057,0.2601685427014751,99.0,26.0,21.0,0.0,1.0,0.0,0.0,0.0,1.3,0,1,0.5,-1.0,34.88,0.0
A04,4,2023-01-30,11.134524745981127,5.071613896553243,0.256266014560953,99.0,11.0,0.0,0.0,1.0,0.0,0.0,0.0,1.3,0,1,0.5,-1.0,34.88,0.0
A04,5,2023-02-06,11.122794901207309,3.9823553003721646,0.2524220243425387,99.0,23.0,23.0,0.0,0.0,0.0,0.0,0.0,1.3,0,1,0.5,-1.0,34.88,0.0
A04,6,2023-02-13,20.54123609914174,11.508905334756756,0.2486356939774006,99.0,18.0,18.0,0.0,0.0,0.0,0.0,0.0,1.3,0,1,0.5,-1.0,34.88,0.0
A04,7,2023-02-20,33.46708189467418,21.360572153845958,0.2449061585677396,99.0,22.0,22.0,0.0,0.0,0.0,0.0,0.0,1.3,0,1,0.5,-1.0,34.88,0.0
A04,8,2023-02-27,14.567573192624444,-2.149080577516699,0.24123256618922348,99.0,37.0,21.0,0.0,0.0,0.0,0.0,0.0,1.3,0,1,0.5,-1.0,34.88,0.0
A04,9,2023-03-06,29.559197709584133,6.4875449948520085,0.23761407769638512,99.0,0.0,0.0,0.0,0.0,0.0,0.0,0.0,1.3,0,1,0.5,-1.0,34.88,0.0
A04,10,2023-03-13,25.736386267027502,-5.339506243397189,0.23404986653093934,99.0,5.0,0.0,0.0,0.0,0.0,0.0,0.0,1.3,0,1,0.5,-1.0,34.88,0.0
A04,11,2023-03-20,38.2758042455674,-1.9229689250345103,0.23053911853297526,99.0,14.0,0.0,0.0,0.0,0.0,0.0,0.0,1.3,0,1,0.5,-1.0,34.88,0.0
A04,12,2023-03-27,49.57855561337363,0.12946237247055592,0.22708103175498062,99.0,66.0,0.0,0.0,0.0,0.0,0.0,0.0,1.3,0,1,0.5,-1.0,34.88,0.0
A04,13,2023-04-03,49.65529997247517,-7.855099170101681,0.2236748162786559,99.0,9.0,0.0,0.0,1.0,0.0,0.0,0.0,1.3,0,1,0.5,-1.0,34.88,0.0
A04,14,2023-04-10,54.52399421635943,-8.50897181256093,0.22031969403447607,99.0,31.0,20.0,0.0,0.0,0.0,0.0,0.0,1.3,0,1,0.5,-1.0,34.88,0.0
A04,15,2023-04-17,77.24879281981248,12.248792819812365,0.21701489862395892,99.0,15.0,15.0,0.0,0.0,0.0,0.0,0.0,1.3,0,1,0.5,-1.0,34.88,0.0
A04,16,2023-04-24,51.46747036560623,-11.565495663315204,0.21375967514459954,99.0,28.0,8.0,0.0,2.0,0.0,0.0,0.0,1.3,0,1,0.5,-1.0,34.88,0.0
A04,17,2023-05-01,96.52999346073088,39.01959431814427,0.21055328001743054,99.0,18.0,0.0,0.0,0.0,0.0,0.0,0.0,1.3,0,1,0.5,-1.0,34.88,0.0
A04,18,2023-05-08,44.829819607369004,-4.619273633615336,0.2073949808171691,99.0,30.0,16.0,0.0,0.0,0.0,0.0,0.0,1.3,0,1,0.5,-1.0,34.88,0.0
A04,19,2023-05-15,134.33399084287262,94.13521767164576,0.20428405610491154,99.0,9.0,0.0,0.0,0.0,1.0,0.0,0.0,1.3,0,1,0.5,-1.0,34.88,0.0
A04,20,2023-05-22,33.16819224502163,2.0922997301601605,0.20121979526333786,99.0,7.0,0.0,0.0,0.0,0.0,0.0,0.0,1.3,0,1,0.5,-1.0,34.88,0.0
A04,21,2023-05-29,29.575740157080837,6.50408741327227,0.1982014983343878,99.0,47.0,0.0,0.0,0.0,0.0,0.0,0.0,1.3,0,1,0.5,-1.0,34.88,0.0
A04,22,2023-06-05,13.278943717448504,-3.4377102285948684,0.19522847585937197,99.0,23.0,9.0,0.0,0.0,0.0,0.0,0.0,1.3,0,1,0.5,-1.0,34.88,0.0
A04,23,2023-06-12,27.495409152972147,15.388898429812919,0.19346744771582003,99.0,29.0,23.0,0.0,0.0,0.0,0.0,0.0,1.3,0,1,0.5,-1.0,34.88,0.0
A04,24,2023-06-19,16.706198159209226,7.673862330741379,0.19346744771582003,99.0,17.0,0.0,0.0,1.0,0.0,0.0,0.0,1.3,0,1,0.5,-1.0,34.88,0.0
A04,25,2023-06-26,9.903040431447147,2.7625767315468917,0.19346744771582003,99.0,21.0,9.0,0.0,0.0,0.0,0.0,0.0,1.3,0,1,0.5,-1.0,34.88,0.0
A04,26,2023-07-03,4.730212574575104,-1.3328041407367799,0.19346744771582003,99.0,20.0,0.0,0.0,0.0,0.0,0.0,0.0,1.3,0,1,0.5,-1.0,34.88,0.0
A04,27,2023-07-10,7.3932876979189155,1.8990735676484247,0.19346744771582003,99.0,21.0,21.0,0.0,0.0,0.0,0.0,0.0,1.3,0,1,0.5,-1.0,34.88,0.0
A04,28,2023-07-17,4.403557892466775,-0.8126471852053294,0.19346744771582003,99.0,36.0,0.0,0.0,0.0,0.0,0.0,0.0,1.3,0,1,0.5,-1.0,34.88,0.0
A04,29,2023-07-24,10.620606861073306,5.52780438427679,0.19346744771582003,99.0,9.0,0.0,0.0,0.0,0.0,0.0,0.0,1.3,0,1,0.5,-1.0,34.88,0.0
A04,30,2023-07-31,8.380672703559776,3.329772534521428,0.19346744771582003,99.0,0.0,0.0,0.0,0.0,1.0,0.0,0.0,1.3,0,1,0.5,-1.0,34.88,2.0
A04,31,2023-08-07,6.544981707943591,1.4810085221711295,0.19346744771582003,99.0,31.0,0.0,0.0,0.0,0.0,0.0,0.0,1.3,0,1,0.5,-1.0,34.88,3.0
A04,32,2023-08-14,2.74170342462087,-2.4040270967730852,0.19346744771582003,99.0,58.0,0.0,0.0,1.0,0.0,0.0,0.0,1.3,0,1,0.5,-1.0,34.88,3.0
A04,33,2023-08-21,4.746273597304554,-0.6107678052218217,0.19346744771582003,99.0,22.0,0.0,0.0,2.0,0.0,0.0,0.0,1.3,0,1,0.5,-1.0,34.88,3.0
A04,34,2023-08-28,9.262217231960747,3.437656915100934,0.19346744771582003,99.0,5.0,0.0,0.0,0.0,0.0,0.0,0.0,1.3,0,1,0.5,-1.0,34.88,2.0
A04,35,2023-09-04,12.9234231690063,6.160950713744343,0.19346744771582003,99.0,51.0,0.0,0.0,0.0,0.0,0.0,1.0,1.3,0,1,0.5,-1.0,34.88,2.0
A04,36,2023-09-11,15.625662810075845,7.146924714630861,0.19346744771582003,99.0,21.0,4.0,4.0,2.0,0.0,0.0,4.0,1.3,0,1,0.5,-1.0,34.88,3.0
A04,37,2023-09-18,8.118577126138037,-3.2200577245759305,0.19346744771582003,99.0,66.0,0.0,0.0,6.0,0.0,1.0,8.0,1.3,0,1,0.5,-1.0,34.88,3.0
A04,38,2023-09-25,21.75640772126128,6.094657262030122,0.19346744771582003,99.0,23.0,10.0,0.0,8.0,4.0,0.0,15.0,1.3,0,1,0.5,-1.0,34.88,2.0
A04,39,2023-10-02,38.44243678570951,16.8878616577637,0.19346744771582003,99.0,32.0,0.0,0.0,11.0,3.0,0.0,20.0,1.3,0,1,0.5,-1.0,34.88,3.0
A04,40,2023-10-09,20.097670235427806,-8.630488900255799,0.19346744771582003,99.0,20.0,0.0,0.0,15.0,8.0,0.0,24.0,1.3,0,1,0.5,-1.0,34.88,2.0
A04,41,2023-10-16,45.36860367980716,8.973168996792175,0.19346744771582003,99.0,46.0,0.0,0.0,13.0,5.0,0.0,24.0,1.3,0,1,0.5,-1.0,34.88,2.0
A04,42,2023-10-23,59.63327192423074,16.28680141907322,0.19346744771582003,99.0,10.0,0.0,0.0,11.0,6.0,0.0,19.0,1.3,0,1,0.5,-1.0,34.88,2.0
A04,43,2023-10-30,54.270007401720584,6.034482639597762,0.19346744771582003,99.0,18.0,0.0,0.0,9.0,3.0,0.0,14.0,1.3,0,1,0.5,-1.0,34.88,0.0
A04,44,2023-11-06,32.684792460323656,-17.315207539716468,0.19346744771582003,99.0,27.0,24.0,0.0,5.0,4.0,0.0,5.0,1.3,0,1,0.5,-1.0,34.88,0.0
A04,45,2023-11-13,53.798467983941826,5.562943222081671,0.19346744771582003,99.0,12.0,0.0,0.0,1.0,0.0,0.0,2.0,1.3,0,1,0.5,-1.0,34.88,0.0
A04,46,2023-11-20,48.318375431860794,4.971904928380553,0.19346744771582003,99.0,0.0,0.0,0.0,0.0,1.0,0.0,1.0,1.3,0,1,0.5,-1.0,34.88,0.0
A04,47,2023-11-27,43.19658993451168,6.801155261315188,0.19346744771582003,99.0,46.0,8.0,0.0,1.0,0.0,1.0,1.0,1.3,0,1,0.5,-1.0,34.88,0.0
A04,48,2023-12-04,29.48277949141743,0.754620409480232,0.4994196627774802,0.0,95.0,0.0,0.0,1.0,0.0,0.0,0.0,1.3,0,1,0.5,-1.0,34.88,0.0
A04,49,2023-12-11,23.073329464147534,1.5187546114326302,0.49192836783581795,1.0,12.0,0.0,0.0,0.0,0.0,0.0,0.0,1.3,0,1,0.5,-1.0,34.88,1.0
A04,50,2023-12-18,19.30700013847916,3.6452509977836822,0.4845494423182807,2.0,27.0,0.0,0.0,0.0,0.0,0.0,0.0,1.3,0,1,0.5,-1.0,34.88,1.0
A04,51,2023-12-25,16.547218966239317,5.208590024792292,0.47728120068350643,3.0,6.0,0.0,0.0,0.0,0.0,0.0,0.0,1.3,0,1,0.5,-1.0,34.88,1.0
A04,52,2024-01-01,4.524484417968698,-0.5087006442401716,0.47012198267325384,4.0,45.0,0.0,0.0,1.0,0.0,0.0,0.0,1.3,0,1,0.5,-1.0,34.88,1.0
A04,53,2024-01-08,4.407731222298253,-0.6795178133143622,0.463070152933155,5.0,63.0,14.0,0.0,0.0,0.0,0.0,0.0,1.3,0,1,0.5,-1.0,34.88,0.0
A04,54,2024-01-15,5.385908002749445,0.1713100033112136,0.4561241006391577,6.0,43.0,0.0,0.0,1.0,0.0,0.0,0.0,1.3,0,1,0.5,-1.0,34.88,0.0
A04,55,2024-01-22,2.8047007450169565,-2.6890840779242455,0.4492822391295703,7.0,20.0,0.0,0.0,0.0,0.0,0.0,0.0,1.3,0,1,0.5,-1.0,34.88,0.0
A04,56,2024-01-29,7.164600606764173,1.10168975733629,0.44254300554262677,8.0,0.0,0.0,0.0,0.0,0.0,0.0,0.0,1.3,0,1,0.5,-1.0,34.88,0.0
A04,57,2024-02-05,7.139032473152308,-0.00140712768283624,0.43590486045948734,9.0,19.0,0.0,0.0,0.0,0.0,0.0,0.0,1.3,0,1,0.5,-1.0,34.88,0.0
A04,58,2024-02-12,9.158690242857835,0.12635947847284967,0.42936628755259504,10.0,59.0,0.0,0.0,0.0,0.0,0.0,0.0,1.3,0,1,0.5,-1.0,34.88,0.0
A04,59,2024-02-19,16.94546608954809,4.838956348719869,0.7053626015369825,0.0,49.0,19.0,0.0,0.0,0.0,0.0,0.0,1.3,0,1,0.5,-1.0,34.88,0.0
A04,60,2024-02-26,8.439474289935433,-8.27717948020571,0.6947821625139278,1.0,25.0,3.0,0.0,0.0,0.0,0.0,0.0,1.3,0,1,0.5,-1.0,34.88,0.0
A04,61,2024-03-04,11.562450876368148,-11.509201838363976,0.6843604300762188,2.0,58.0,0.0,0.0,0.0,0.0,0.0,0.0,1.3,0,1,0.5,-1.0,34.88,0.0
A04,62,2024-03-11,34.20130167510024,3.125409164675549,0.6740950236250756,3.0,0.0,0.0,0.0,0.0,0.0,0.0,0.0,1.3,0,1,0.5,-1.0,34.88,0.0
A04,63,2024-03-18,40.098766679609305,-0.10000649099260528,0.6639835982706994,4.0,34.0,10.0,0.0,0.0,0.0,0.0,0.0,1.3,0,1,0.5,-1.0,34.88,0.0
A04,64,2024-03-25,52.48385776260117,3.0347645216980936,0.654023844296639,5.0,91.0,56.0,0.0,0.0,0.0,0.0,0.0,1.3,0,1,0.5,-1.0,34.88,0.0
A04,65,2024-04-01,48.92171217983164,-8.588686962745214,0.6442134866321894,6.0,21.0,0.0,0.0,0.0,0.0,0.0,0.0,1.3,0,1,0.5,-1.0,34.88,0.0
A04,66,2024-04-08,79.53376478867705,16.500798759756684,0.6345502843327065,7.0,0.0,0.0,0.0,2.0,0.0,0.0,0.0,1.3,0,1,0.5,-1.0,34.88,1.0
A04,67,2024-04-15,90.09015263774084,25.09015263774073,0.6250320300677159,8.0,18.0,0.0,0.0,0.0,0.0,0.0,0.0,1.3,0,1,0.5,-1.0,34.88,1.0
A04,68,2024-04-22,74.6680031768542,11.635037147932763,0.6156565496167001,9.0,40.0,9.0,0.0,0.0,0.0,0.0,0.0,1.3,0,1,0.5,-1.0,34.88,1.0
A04,69,2024-04-29,52.49278993858294,-5.017609204003669,0.6064217013724497,10.0,14.0,0.0,0.0,1.0,0.0,0.0,0.0,1.3,0,1,0.5,-1.0,34.88,1.0
A04,70,2024-05-06,23.647382572583854,-25.801710668400485,0.597325375851863,11.0,0.0,0.0,0.0,0.0,0.0,0.0,0.0,1.3,0,1,0.5,-1.0,34.88,0.0
A04,71,2024-05-13,52.61857266141788,12.41979949019101,0.588365495214085,12.0,18.0,0.0,0.0,0.0,0.0,0.0,0.0,1.3,0,1,0.5,-1.0,34.88,2.0
A04,72,2024-05-20,47.657374950192406,16.581482435330937,0.5795400127858737,13.0,39.0,25.0,25.0,1.0,0.0,0.0,0.0,1.3,0,1,0.5,-1.0,34.88,3.0
A04,73,2024-05-27,28.91036421556928,5.838711471760714,0.5708469125940856,14.0,44.0,22.0,0.0,0.0,0.0,0.0,0.0,1.3,0,1,0.5,-1.0,34.88,3.0
A04,74,2024-06-03,12.286862660625081,-4.4297912854182915,0.5622842089051743,15.0,21.0,21.0,0.0,0.0,0.0,0.0,0.0,1.3,0,1,0.5,-1.0,34.88,3.0
A04,75,2024-06-10,15.326317089349622,3.2198063661903937,0.5538499457715966,16.0,22.0,22.0,22.0,0.0,0.0,0.0,1.0,1.3,0,1,0.5,-1.0,34.88,1.0
A04,76,2024-06-17,12.206839458574269,3.174503630106422,0.5455421965850227,17.0,48.0,16.0,0.0,1.0,1.0,0.0,2.0,1.3,0,1,0.5,-1.0,34.88,1.0
A04,77,2024-06-24,12.321718104742986,5.181254404842731,0.5373590636362473,18.0,16.0,0.0,0.0,1.0,1.0,0.0,2.0,1.3,0,1,0.5,-1.0,34.88,2.0
A04,78,2024-07-01,4.461874684406643,-1.6011420309052404,0.5292986776817036,19.0,15.0,0.0,0.0,0.0,0.0,0.0,0.0,1.3,0,1,0.5,-1.0,34.88,3.0
A04,79,2024-07-08,5.075557939070186,-0.41865619120030484,0.521359197516478,20.0,12.0,0.0,0.0,2.0,0.0,0.0,0.0,1.3,0,1,0.5,-1.0,34.88,4.0
A04,80,2024-07-15,6.775514865526989,1.5593097878548843,0.5135388095537308,21.0,8.0,0.0,0.0,0.0,0.0,1.0,0.0,1.3,0,1,0.5,-1.0,34.88,3.0
A04,81,2024-07-22,5.1961698603984665,0.10336738360195064,0.5058357274104248,22.0,6.0,0.0,0.0,2.0,0.0,0.0,2.0,1.3,0,1,0.5,-1.0,34.88,3.0
A04,82,2024-07-29,3.416107749351834,-1.634792419686514,0.4982481914992684,23.0,0.0,0.0,0.0,3.0,1.0,0.0,7.0,1.3,0,1,0.5,-1.0,34.88,3.0
A04,83,2024-08-05,5.854830748851692,0.7908575630792312,0.49077446862677937,24.0,29.0,6.0,0.0,3.0,4.0,0.0,16.0,1.3,0,1,0.5,-1.0,34.88,3.0
A04,84,2024-08-12,6.300940561357872,1.155210039963917,0.4834128515973777,25.0,4.0,0.0,0.0,10.0,5.0,0.0,18.0,1.3,0,1,0.5,-1.0,34.88,3.0
A04,85,2024-08-19,5.524533775191403,0.16749237266502792,0.476161658823417,26.0,18.0,0.0,0.0,12.0,2.0,0.0,19.0,1.3,0,1,0.5,-1.0,34.88,2.0
A04,86,2024-08-26,6.289856390368,0.4652960735081866,0.4690192339410657,27.0,7.0,0.0,0.0,6.0,6.0,0.0,16.0,1.3,0,1,0.5,-1.0,34.88,2.0
A04,87,2024-09-02,6.177054288047675,-0.5854181672142822,0.4619839454319497,28.0,0.0,0.0,0.0,7.0,3.0,0.0,14.0,1.3,0,1,0.5,-1.0,34.88,1.0
A04,88,2024-09-09,14.224406498714867,5.7456684032698835,0.45505418625047045,29.0,45.0,24.0,24.0,9.0,1.0,0.0,13.0,1.3,0,1,0.5,-1.0,34.88,1.0
A04,89,2024-09-16,8.272805115321493,-3.065829735392475,0.4482283734567134,30.0,31.0,0.0,0.0,2.0,1.0,0.0,5.0,1.3,0,1,0.5,-1.0,34.88,1.0
A04,90,2024-09-23,12.751631144891064,-2.9101193143400934,0.4415049478548627,31.0,16.0,0.0,0.0,3.0,0.0,0.0,5.0,1.3,0,1,0.5,-1.0,34.88,0.0
A04,91,2024-09-30,21.63761048503343,0.08303535708762055,0.43488237363703974,32.0,24.0,0.0,0.0,1.0,1.0,0.0,3.0,1.3,0,1,0.5,-1.0,34.88,1.0
A04,92,2024-10-07,39.07612653634675,10.347967400663144,0.42835913803248415,33.0,43.0,32.0,0.0,0.0,0.0,0.0,0.0,1.3,0,1,0.5,-1.0,34.88,1.0
A04,93,2024-10-14,21.54971812563919,-14.845716557375795,0.42193375096199687,34.0,100.0,0.0,0.0,1.0,0.0,1.0,0.0,1.3,0,1,0.5,-1.0,34.88,2.0
A04,94,2024-10-21,27.402148395848194,-15.944322109309326,0.4156047446975669,35.0,37.0,15.0,0.0,0.0,0.0,0.0,0.0,1.3,0,1,0.5,-1.0,34.88,2.0
A04,95,2024-10-28,23.638832392484762,-24.59669236963806,0.40937067352710343,36.0,4.0,2.0,2.0,0.0,0.0,0.0,0.0,1.3,0,1,0.5,-1.0,34.88,1.0
A04,96,2024-11-04,50.57545270966328,0.575452709623157,0.4032301134241969,37.0,67.0,32.0,0.0,0.0,0.0,0.0,0.0,1.3,0,1,0.5,-1.0,34.88,1.0
A04,97,2024-11-11,32.61227469255519,-15.623250069304966,0.3971816617228339,38.0,17.0,0.0,0.0,1.0,0.0,0.0,0.0,1.3,0,1,0.5,-1.0,34.88,0.0
A04,98,2024-11-18,37.887935724548726,-5.458534778931515,0.3912239367969914,39.0,0.0,0.0,0.0,0.0,0.0,0.0,0.0,1.3,0,1,0.5,-1.0,34.88,0.0
A04,99,2024-11-25,45.87524799166035,9.479813318463862,0.38535557774503654,40.0,29.0,0.0,0.0,1.0,0.0,0.0,0.0,1.3,0,1,0.5,-1.0,34.88,0.0
A04,100,2024-12-02,22.95045683921615,-5.777702242721045,0.379575244078861,41.0,54.0,23.0,0.0,0.0,0.0,0.0,0.0,1.3,0,1,0.5,-1.0,34.88,0.0
A04,101,2024-12-09,23.371954832170974,1.8173799794560708,0.37388161541767806,42.0,30.0,0.0,0.0,0.0,0.0,0.0,0.0,1.3,0,1,0.5,-1.0,34.88,0.0
A04,102,2024-12-16,14.103924774044538,-1.5578243666509408,0.3682733911864129,43.0,27.0,13.0,0.0,0.0,0.0,0.0,0.0,1.3,0,1,0.5,-1.0,34.88,0.0
A04,103,2024-12-23,14.345773893547092,3.0071449521000666,0.3627492903186167,44.0,0.0,0.0,0.0,0.0,0.0,0.0,0.0,1.3,0,1,0.5,-1.0,34.88,0.0
A04,104,2024-12-30,5.943795013020253,0.9106099508113834,0.35730805096383744,45.0,0.0,0.0,0.0,0.0,0.0,0.0,0.0,1.3,0,1,0.5,-1.0,34.88,0.0
A04,105,2025-01-06,2.595495675651278,-2.491753359961337,0.3519484301993799,46.0,30.0,24.0,0.0,0.0,0.0,0.0,0.0,1.3,0,1,0.5,-1.0,34.88,0.0
A04,106,2025-01-13,3.1952041108861793,-2.019393888552052,0.34666920374638915,47.0,0.0,0.0,0.0,0.0,0.0,0.0,0.0,1.3,0,1,0.5,-1.0,34.88,0.0
A04,107,2025-01-20,5.145613963249737,-0.3481708596914652,0.3414691656901933,48.0,0.0,0.0,0.0,0.0,0.0,0.0,0.0,1.3,0,1,0.5,-1.0,34.88,0.0
A04,108,2025-01-27,4.5226088721509905,-1.5403019772768927,0.3363471282048404,49.0,19.0,0.0,0.0,0.0,0.0,0.0,0.0,1.3,0,1,0.5,-1.0,34.88,0.0
A04,109,2025-02-03,2.846399057744551,-4.294040543090594,0.33130192128176783,50.0,10.0,0.0,0.0,0.0,0.0,0.0,0.0,1.3,0,1,0.5,-1.0,34.88,0.0
A04,110,2025-02-10,7.385317095813635,-1.6470136685713506,0.3263323924625413,51.0,33.0,16.0,0.0,0.0,0.0,0.0,0.0,1.3,0,1,0.5,-1.0,34.88,0.0
A04,111,2025-02-17,5.383542792675974,-6.722966948152249,0.3214374065756032,52.0,45.0,23.0,0.0,0.0,0.0,0.0,0.0,1.3,0,1,0.5,-1.0,34.88,0.0
A04,112,2025-02-24,17.81431081508904,1.0976570449478977,0.31661584547696914,53.0,22.0,0.0,0.0,0.0,0.0,0.0,0.0,1.3,0,1,0.5,-1.0,34.88,0.0
A04,113,2025-03-03,21.461408882352156,-1.6102438323799682,0.3118666077948146,54.0,54.0,13.0,0.0,0.0,0.0,0.0,0.0,1.3,0,1,0.5,-1.0,34.88,0.0
A04,114,2025-03-10,22.35632678513792,-8.71956572528677,0.3071886086778924,55.0,0.0,0.0,0.0,0.0,0.0,0.0,0.0,1.3,0,1,0.5,-1.0,34.88,0.0
A04,115,2025-03-17,27.607433222676594,-12.591339947925317,0.302580779547724,56.0,53.0,24.0,0.0,0.0,0.0,0.0,0.0,1.3,0,1,0.5,-1.0,34.88,0.0
A04,116,2025-03-24,29.87432797120133,-19.574765269701746,0.29804206785450815,57.0,29.0,18.0,0.0,0.0,0.0,0.0,0.0,1.3,0,1,0.5,-1.0,34.88,0.0
A04,117,2025-03-31,47.40208679780712,-10.108312344769729,0.2935714368366905,58.0,111.0,50.0,0.0,0.0,0.0,0.0,0.0,1.3,0,1,0.5,-1.0,34.88,2.0
A04,118,2025-04-07,35.9850143749218,-27.04795165399856,0.2891678652841401,59.0,82.0,6.0,0.0,0.0,1.0,0.0,0.0,1.3,0,1,0.5,-1.0,34.88,4.0
A04,119,2025-04-14,45.88112482007119,-19.11887517992892,0.284830347304878,60.0,9.0,9.0,0.0,2.0,0.0,0.0,0.0,1.3,0,1,0.5,-1.0,34.88,4.0
A04,120,2025-04-21,55.59270413334486,-7.440261895576576,0.2805578920953048,61.0,41.0,41.0,14.0,0.0,0.0,0.0,0.0,1.3,0,1,0.5,-1.0,34.88,5.0
A04,121,2025-04-28,30.70884057583652,-26.80155856675009,0.2763495237138752,62.0,45.0,10.0,10.0,1.0,0.0,0.0,1.0,1.3,0,1,0.5,-1.0,34.88,4.0
A04,122,2025-05-05,25.906485581881192,-23.542607659103147,0.2722042808581671,63.0,48.0,0.0,0.0,0.0,0.0,0.0,2.0,1.3,0,1,0.5,-1.0,34.88,2.0
A04,123,2025-05-12,17.201999768724278,-22.99677340250259,0.2681212166452946,64.0,38.0,0.0,0.0,4.0,2.0,0.0,4.0,1.3,0,1,0.5,-1.0,34.88,4.0
A04,124,2025-05-19,13.916622389942031,-17.159270124919438,0.2640993983956152,65.0,21.0,0.0,0.0,7.0,4.0,1.0,11.0,1.3,0,1,0.5,-1.0,34.88,3.0
A04,125,2025-05-26,7.908067452402034,-15.163585291406534,0.26013790741968096,66.0,106.0,30.0,0.0,11.0,8.0,0.0,27.0,1.3,0,1,0.5,-1.0,34.88,2.0
A04,126,2025-06-02,14.028102300545827,-2.6885516454975456,0.25623583880838574,67.0,8.0,8.0,0.0,15.0,10.0,0.0,32.0,1.3,0,1,0.5,-1.0,34.88,2.0
A04,127,2025-06-09,14.821525619003134,2.7150148958439058,0.25239230122625994,68.0,30.0,15.0,0.0,10.0,3.0,0.0,24.0,1.3,0,1,0.5,-1.0,34.88,0.0
A04,128,2025-06-16,9.668693795819422,0.6363579673515751,0.24860641670786604,69.0,18.0,0.0,0.0,10.0,6.0,0.0,17.0,1.3,0,1,0.5,-1.0,34.88,0.0
A04,129,2025-06-23,2.62705968714576,-4.513404012754496,0.24487732045724805,70.0,24.0,19.0,0.0,6.0,1.0,0.0,11.0,1.3,0,1,0.5,-1.0,34.88,0.0
A04,130,2025-06-30,5.079047291583381,-0.983969423728503,0.24120416065038933,71.0,17.0,0.0,0.0,3.0,1.0,0.0,6.0,1.3,0,1,0.5,-1.0,34.88,1.0
A04,131,2025-07-07,5.874669884559568,0.38045575428907696,0.23758609824063348,72.0,26.0,0.0,0.0,0.0,2.0,0.0,4.0,1.3,0,1,0.5,-1.0,34.88,1.0
A04,132,2025-07-14,2.8895585267308097,-2.326646550941295,0.23402230676702399,73.0,49.0,0.0,0.0,0.0,0.0,0.0,0.0,1.3,0,1,0.5,-1.0,34.88,1.0
A04,133,2025-07-21,3.429971487680133,-1.662830989116383,0.23051197216551864,74.0,21.0,21.0,0.0,1.0,0.0,0.0,0.0,1.3,0,1,0.5,-1.0,34.88,1.0
A04,134,2025-07-28,1.6258341299528551,-3.4250660390854932,0.22705429258303586,75.0,5.0,0.0,0.0,0.0,0.0,0.0,0.0,1.3,0,1,0.5,-1.0,34.88,0.0
A04,135,2025-08-04,3.613678152534891,-1.4502950332375701,0.22364847819429032,76.0,18.0,0.0,0.0,0.0,0.0,0.0,0.0,1.3,0,1,0.5,-1.0,34.88,0.0
A04,136,2025-08-11,2.3051333435639503,-2.8405971778300048,0.22029375102137597,77.0,6.0,0.0,0.0,0.0,0.0,0.0,0.0,1.3,0,1,0.5,-1.0,34.88,0.0
A04,137,2025-08-18,3.7340789398485947,-1.6229624626777808,0.21698934475605533,78.0,0.0,0.0,0.0,0.0,0.0,0.0,0.0,1.3,0,1,0.5,-1.0,34.88,0.0
A04,138,2025-08-25,2.1921429374711883,-3.6324173793886247,0.2137345045847145,79.0,42.0,8.0,0.0,0.0,0.0,0.0,0.0,1.3,0,1,0.5,-1.0,34.88,0.0
A04,139,2025-09-01,5.315388124431946,-1.4470843308300108,0.21052848701594376,80.0,21.0,0.0,0.0,0.0,0.0,0.0,0.0,1.3,0,1,0.5,-1.0,34.88,0.0
A04,140,2025-09-08,7.888122519242633,-0.5906155762023504,0.2073705597107046,81.0,29.0,12.0,0.0,0.0,0.0,0.0,0.0,1.3,0,1,0.5,-1.0,34.88,0.0
A04,141,2025-09-15,5.603100133464198,-5.735534717249769,0.20426000131504402,82.0,24.0,0.0,0.0,0.0,0.0,0.0,0.0,1.3,0,1,0.5,-1.0,34.88,0.0
A04,142,2025-09-22,6.838139171937438,-8.82361128729372,0.20119610129531834,83.0,6.0,0.0,0.0,1.0,0.0,0.0,0.0,1.3,0,1,0.5,-1.0,34.88,0.0
A04,143,2025-09-29,6.58765284550923,-14.966922282436581,0.19817815977588857,84.0,37.0,0.0,0.0,1.0,0.0,0.0,0.0,1.3,0,1,0.5,-1.0,34.88,0.0
A04,144,2025-10-06,17.01082903444509,-11.717330101238513,0.19520548737925023,85.0,56.0,20.0,0.0,1.0,0.0,0.0,0.0,1.3,0,1,0.5,-1.0,34.88,0.0
A04,145,2025-10-13,19.29995091975135,-17.095483763263633,0.19346744771582003,86.0,35.0,0.0,0.0,0.0,0.0,0.0,0.0,1.3,0,1,0.5,-1.0,34.88,0.0
A04,146,2025-10-20,16.372213038782984,-26.974257466374535,0.19346744771582003,87.0,53.0,23.0,0.0,0.0,0.0,0.0,0.0,1.3,0,1,0.5,-1.0,34.88,0.0
A04,147,2025-10-27,36.74012295701743,-11.495401805105395,0.19346744771582003,88.0,23.0,0.0,0.0,0.0,0.0,0.0,0.0,1.3,0,1,0.5,-1.0,34.88,0.0
A04,148,2025-11-03,27.764284255021224,-22.2357157450189,0.19346744771582003,89.0,35.0,14.0,0.0,1.0,0.0,0.0,1.0,1.3,0,1,0.5,-1.0,34.88,0.0
A04,149,2025-11-10,21.516181419582125,-26.71934334227803,0.19346744771582003,90.0,39.0,12.0,0.0,1.0,0.0,0.0,1.0,1.3,0,1,0.5,-1.0,34.88,0.0
A04,150,2025-11-17,23.204402491642604,-20.142068011837637,0.5310747010265748,0.0,42.0,0.0,0.0,0.0,0.0,1.0,1.0,1.3,0,1,0.5,-1.0,34.88,0.0
A04,151,2025-11-24,34.41928501660966,-1.976149656586827,0.5231085805111763,1.0,5.0,5.0,0.0,1.0,0.0,0.0,1.0,1.3,0,1,0.5,-1.0,34.88,0.0
A04,152,2025-12-01,23.060537161551526,-5.66762192038567,0.5152619518035086,2.0,22.0,0.0,0.0,0.0,1.0,0.0,1.0,1.3,0,1,0.5,-1.0,34.88,0.0
A04,153,2025-12-08,13.3871601061024,-8.167414746612504,0.507533022526456,3.0,33.0,0.0,0.0,1.0,0.0,0.0,1.0,1.3,0,1,0.5,-1.0,34.88,0.0
A04,154,2025-12-15,12.643272044556173,-3.0184770961393053,0.4999200271885592,4.0,21.0,0.0,0.0,0.0,0.0,0.0,0.0,1.3,0,1,0.5,-1.0,34.88,0.0
A04,155,2025-12-22,4.909211241033843,-6.4294177004131825,0.4924212267807308,5.0,15.0,15.0,0.0,0.0,0.0,0.0,0.0,1.3,0,1,0.5,-1.0,34.88,0.0
A05,0,2023-01-02,6.363166198624783,1.3299811364159133,0.20087253965339644,99.0,21.0,4.0,0.0,0.0,0.0,0.0,0.0,1.2,0,0,0.45,-1.2,35.05,0.0
A05,1,2023-01-09,6.6955530819579545,1.6083040463453395,0.1978594515585955,99.0,31.0,0.0,0.0,1.0,0.0,0.0,0.0,1.2,0,0,0.45,-1.2,35.05,0.0
A05,2,2023-01-16,5.529861518635674,0.3152635191974431,0.19489155978521655,99.0,36.0,20.0,0.0,0.0,0.0,0.0,0.0,1.2,0,0,0.45,-1.2,35.05,0.0
A05,3,2023-01-23,7.997839078282233,2.504054255341031,0.1919681863884383,99.0,44.0,34.0,0.0,0.0,0.0,0.0,0.0,1.2,0,0,0.45,-1.2,35.05,0.0
A05,4,2023-01-30,5.767172150406102,-0.29573869902178096,0.18908866359261173,99.0,69.0,33.0,0.0,0.0,0.0,0.0,0.0,1.2,0,0,0.45,-1.2,35.05,0.0
A05,5,2023-02-06,10.66913658570206,3.528696984866915,0.18625233363872254,99.0,45.0,8.0,0.0,0.0,0.0,0.0,0.0,1.2,0,0,0.45,-1.2,35.05,0.0
A05,6,2023-02-13,13.696010265382359,4.6636795009973735,0.1834585486341417,99.0,10.0,4.0,0.0,1.0,0.0,0.0,0.0,1.2,0,0,0.45,-1.2,35.05,0.0
A05,7,2023-02-20,5.451446008343801,-6.655063732484422,0.1807066704046296,99.0,64.0,21.0,0.0,0.0,0.0,0.0,0.0,1.2,0,0,0.45,-1.2,35.05,0.0
A05,8,2023-02-27,31.694906882415587,14.978253112274444,0.17799607034856016,99.0,60.0,21.0,0.0,0.0,0.0,0.0,0.0,1.2,0,0,0.45,-1.2,35.05,0.0
A05,9,2023-03-06,9.925198855494042,-13.146453859238083,0.17532612929333175,99.0,0.0,0.0,0.0,0.0,0.0,0.0,0.0,1.2,0,0,0.45,-1.2,35.05,0.0
A05,10,2023-03-13,31.310664254574117,0.2347717441494268,0.17269623735393178,99.0,9.0,0.0,0.0,0.0,0.0,0.0,0.0,1.2,0,0,0.45,-1.2,35.05,0.0
A05,11,2023-03-20,71.94139579716166,31.74262262655975,0.17010579379362278,99.0,38.0,0.0,0.0,1.0,0.0,0.0,0.0,1.2,0,0,0.45,-1.2,35.05,0.0
A05,12,2023-03-27,55.31460167822296,5.865508437319882,0.16755420688671843,99.0,34.0,22.0,0.0,0.0,0.0,0.0,0.0,1.2,0,0,0.45,-1.2,35.05,0.0
A05,13,2023-04-03,43.032009406086736,-14.478389736490115,0.16504089378341766,99.0,4.0,0.0,0.0,0.0,0.0,0.0,0.0,1.2,0,0,0.45,-1.2,35.05,0.0
A05,14,2023-04-10,53.731178570070334,-9.301787458850029,0.1625652803766664,99.0,70.0,16.0,0.0,0.0,0.0,0.0,0.0,1.2,0,0,0.45,-1.2,35.05,0.0
A05,15,2023-04-17,116.39014100286694,51.39014100286683,0.1601268011710164,99.0,10.0,0.0,0.0,0.0,0.0,0.0,0.0,1.2,0,0,0.45,-1.2,35.05,0.0
A05,16,2023-04-24,40.216398102793484,-22.816567926127952,0.15772489915345117,99.0,35.0,14.0,0.0,0.0,0.0,0.0,0.0,1.2,0,0,0.45,-1.2,35.05,0.0
A05,17,2023-05-01,106.72508432469847,49.214685182111864,0.1553590256661494,99.0,29.0,23.0,0.0,0.0,0.0,0.0,0.0,1.2,0,0,0.45,-1.2,35.05,0.0
A05,18,2023-05-08,60.630710441056365,11.181617200072026,0.15302864028115715,99.0,39.0,0.0,0.0,0.0,0.0,0.0,0.0,1.2,0,0,0.45,-1.2,35.05,0.0
A05,19,2023-05-15,33.103587582567975,-7.095185588658893,0.1507332106769398,99.0,37.0,0.0,0.0,1.0,0.0,0.0,0.0,1.2,0,0,0.45,-1.2,35.05,0.0
A05,20,2023-05-22,31.673666767137036,0.5977742522755669,0.1484722125167857,99.0,29.0,0.0,0.0,1.0,0.0,0.0,0.0,1.2,0,0,0.45,-1.2,35.05,0.0
A05,21,2023-05-29,20.200750192067904,-2.870902551740663,0.1462451293290339,99.0,46.0,0.0,0.0,0.0,0.0,0.0,0.0,1.2,0,0,0.45,-1.2,35.05,0.0
A05,22,2023-06-05,28.29620895248522,11.579555006441847,0.1440514523890984,99.0,24.0,0.0,0.0,0.0,0.0,0.0,0.0,1.2,0,0,0.45,-1.2,35.05,0.0
A05,23,2023-06-12,19.555110695486235,7.448599972327006,0.14275205863693147,99.0,14.0,0.0,0.0,0.0,0.0,0.0,0.0,1.2,0,0,0.45,-1.2,35.05,0.0
A05,24,2023-06-19,6.185749400455395,-2.8465864280124524,0.14275205863693147,99.0,0.0,0.0,0.0,0.0,0.0,0.0,0.0,1.2,0,0,0.45,-1.2,35.05,0.0
A05,25,2023-06-26,7.749776684437355,0.609312984537099,0.14275205863693147,99.0,16.0,14.0,0.0,0.0,0.0,0.0,0.0,1.2,0,0,0.45,-1.2,35.05,0.0
A05,26,2023-07-03,5.602629569529896,-0.46038714578198725,0.14275205863693147,99.0,27.0,19.0,0.0,0.0,0.0,0.0,0.0,1.2,0,0,0.45,-1.2,35.05,0.0
A05,27,2023-07-10,10.800231860704862,5.306017730434371,0.14275205863693147,99.0,46.0,14.0,0.0,0.0,0.0,0.0,0.0,1.2,0,0,0.45,-1.2,35.05,0.0
A05,28,2023-07-17,4.06485877565417,-1.1513463020179344,0.14275205863693147,99.0,10.0,0.0,0.0,0.0,0.0,0.0,0.0,1.2,0,0,0.45,-1.2,35.05,0.0
A05,29,2023-07-24,11.161295135998888,6.068492659202372,0.14275205863693147,99.0,24.0,8.0,0.0,0.0,0.0,0.0,0.0,1.2,0,0,0.45,-1.2,35.05,0.0
A05,30,2023-07-31,6.240478556455871,1.189578387417523,0.14275205863693147,99.0,5.0,0.0,0.0,0.0,0.0,0.0,0.0,1.2,0,0,0.45,-1.2,35.05,2.0
A05,31,2023-08-07,4.214866417751261,-0.8491067680212003,0.14275205863693147,99.0,0.0,0.0,0.0,0.0,0.0,0.0,0.0,1.2,0,0,0.45,-1.2,35.05,3.0
A05,32,2023-08-14,5.074687429492521,-0.07104309190143443,0.14275205863693147,99.0,20.0,20.0,0.0,2.0,0.0,0.0,0.0,1.2,0,0,0.45,-1.2,35.05,3.0
A05,33,2023-08-21,5.058089296460812,-0.29895210606556333,0.14275205863693147,99.0,0.0,0.0,0.0,0.0,0.0,0.0,1.0,1.2,0,0,0.45,-1.2,35.05,3.0
A05,34,2023-08-28,4.660443545880394,-1.164116770979419,0.14275205863693147,99.0,24.0,24.0,24.0,0.0,0.0,0.0,1.0,1.2,0,0,0.45,-1.2,35.05,2.0
A05,35,2023-09-04,8.738351210834402,1.9758787555724453,0.14275205863693147,99.0,0.0,0.0,0.0,2.0,0.0,0.0,2.0,1.2,0,0,0.45,-1.2,35.05,2.0
A05,36,2023-09-11,6.895953137990154,-1.5827849574548294,0.14275205863693147,99.0,0.0,0.0,0.0,3.0,0.0,0.0,5.0,1.2,0,0,0.45,-1.2,35.05,3.0
A05,37,2023-09-18,6.60767125723818,-4.730963593475788,0.14275205863693147,99.0,24.0,24.0,13.0,6.0,4.0,0.0,16.0,1.2,0,0,0.45,-1.2,35.05,4.0
A05,38,2023-09-25,17.141085624892845,1.4793351656616878,0.14275205863693147,99.0,17.0,17.0,17.0,15.0,6.0,0.0,27.0,1.2,0,0,0.45,-1.2,35.05,3.0
A05,39,2023-10-02,14.335399667811448,-7.2191754601343625,0.14275205863693147,99.0,21.0,0.0,0.0,17.0,4.0,1.0,28.0,1.2,0,0,0.45,-1.2,35.05,3.0
A05,40,2023-10-09,27.598599917016085,-1.12955921866752,0.14275205863693147,99.0,18.0,18.0,0.0,11.0,12.0,0.0,25.0,1.2,0,0,0.45,-1.2,35.05,2.0
A05,41,2023-10-16,33.09561797919668,-3.2998167038183013,0.14275205863693147,99.0,15.0,15.0,15.0,7.0,4.0,0.0,14.0,1.2,0,0,0.45,-1.2,35.05,1.0
A05,42,2023-10-23,39.94259136982416,-3.403879135333362,0.14275205863693147,99.0,0.0,0.0,0.0,3.0,2.0,0.0,6.0,1.2,0,0,0.45,-1.2,35.05,1.0
A05,43,2023-10-30,121.45895839335515,73.22343363123233,0.14275205863693147,99.0,40.0,0.0,0.0,3.0,0.0,0.0,4.0,1.2,0,0,0.45,-1.2,35.05,0.0
A05,44,2023-11-06,63.74626571176685,13.746265711726728,0.14275205863693147,99.0,5.0,0.0,0.0,0.0,0.0,0.0,1.0,1.2,0,0,0.45,-1.2,35.05,0.0
A05,45,2023-11-13,65.70133088596123,17.46580612410107,0.14275205863693147,99.0,3.0,0.0,0.0,0.0,0.0,0.0,0.0,1.2,0,0,0.45,-1.2,35.05,0.0
A05,46,2023-11-20,29.096835684523626,-14.249634818956615,0.14275205863693147,99.0,29.0,0.0,0.0,0.0,0.0,0.0,0.0,1.2,0,0,0.45,-1.2,35.05,0.0
A05,47,2023-11-27,36.18699500402481,-0.20843966917168189,0.14275205863693147,99.0,22.0,0.0,0.0,0.0,0.0,0.0,0.0,1.2,0,0,0.45,-1.2,35.05,1.0
A05,48,2023-12-04,38.720813276296155,9.992654194358959,0.45583726014252834,0.0,54.0,43.0,0.0,1.0,0.0,0.0,0.0,1.2,0,0,0.45,-1.2,35.05,1.0
A05,49,2023-12-11,18.82426098787577,-2.7303138648391325,0.4489997012403904,1.0,45.0,0.0,0.0,0.0,0.0,0.0,0.0,1.2,0,0,0.45,-1.2,35.05,2.0
A05,50,2023-12-18,26.90163124047076,11.239882099775281,0.44226470572178456,2.0,17.0,17.0,0.0,0.0,0.0,0.0,0.0,1.2,0,0,0.45,-1.2,35.05,2.0
A05,51,2023-12-25,9.303727558569069,-2.0349013828779565,0.4356307351359578,3.0,55.0,24.0,0.0,0.0,0.0,0.0,0.0,1.2,0,0,0.45,-1.2,35.05,1.0
A05,52,2024-01-01,4.553175261884342,-0.48000980032452745,0.42909627410891843,4.0,0.0,0.0,0.0,0.0,0.0,0.0,0.0,1.2,0,0,0.45,-1.2,35.05,1.0
A05,53,2024-01-08,4.143824467996954,-0.9434245676156614,0.42265982999728463,5.0,24.0,0.0,0.0,1.0,0.0,0.0,0.0,1.2,0,0,0.45,-1.2,35.05,0.0
A05,54,2024-01-15,5.5232929471786765,0.30869494774044526,0.41631993254732536,6.0,30.0,11.0,0.0,0.0,0.0,0.0,0.0,1.2,0,0,0.45,-1.2,35.05,0.0
A05,55,2024-01-22,4.390512206093485,-1.1032726168477174,0.41007513355911546,7.0,0.0,0.0,0.0,0.0,0.0,0.0,0.0,1.2,0,0,0.45,-1.2,35.05,0.0
A05,56,2024-01-29,5.514479412790269,-0.548431436637614,0.40392400655572874,8.0,15.0,5.0,0.0,0.0,0.0,0.0,0.0,1.2,0,0,0.45,-1.2,35.05,0.0
A05,57,2024-02-05,6.574041651919859,-0.5663979489152853,0.3978651464573928,9.0,39.0,7.0,0.0,0.0,0.0,0.0,0.0,1.2,0,0,0.45,-1.2,35.05,0.0
A05,58,2024-02-12,6.98506803262394,-2.0472627317610455,0.3918971692605319,10.0,32.0,0.0,0.0,0.0,0.0,0.0,0.0,1.2,0,0,0.45,-1.2,35.05,0.0
A05,59,2024-02-19,14.346789041867272,2.240279301039049,0.6441756849628326,0.0,8.0,8.0,0.0,0.0,0.0,0.0,0.0,1.2,0,0,0.45,-1.2,35.05,0.0
A05,60,2024-02-26,18.171262914259966,1.4546091441188231,0.6345130496883902,1.0,85.0,36.0,0.0,0.0,0.0,0.0,0.0,1.2,0,0,0.45,-1.2,35.05,0.0
A05,61,2024-03-04,22.367070894177367,-0.7045818205547576,0.6249953539430643,2.0,8.0,8.0,0.0,0.0,0.0,0.0,0.0,1.2,0,0,0.45,-1.2,35.05,0.0
A05,62,2024-03-11,26.729610046732308,-4.346282463692383,0.6156204236339183,3.0,39.0,21.0,0.0,0.0,0.0,0.0,0.0,1.2,0,0,0.45,-1.2,35.05,0.0
A05,63,2024-03-18,53.123898222962914,12.925125052361004,0.6063861172794095,4.0,0.0,0.0,0.0,2.0,0.0,0.0,0.0,1.2,0,0,0.45,-1.2,35.05,0.0
A05,64,2024-03-25,45.531378957543076,-3.9177142833599987,0.5972903255202183,5.0,8.0,0.0,0.0,0.0,0.0,0.0,0.0,1.2,0,0,0.45,-1.2,35.05,0.0
A05,65,2024-04-01,51.656794477525,-5.853604665051854,0.588330970637415,6.0,0.0,0.0,0.0,0.0,0.0,0.0,0.0,1.2,0,0,0.45,-1.2,35.05,0.0
A05,66,2024-04-08,65.38542473815954,2.3524587092391798,0.5795060060778537,7.0,27.0,3.0,0.0,1.0,0.0,0.0,0.0,1.2,0,0,0.45,-1.2,35.05,1.0
A05,67,2024-04-15,117.70630826160858,52.70630826160847,0.5708134159866859,8.0,11.0,0.0,0.0,0.0,0.0,0.0,0.0,1.2,0,0,0.45,-1.2,35.05,1.0
A05,68,2024-04-22,39.4302460099296,-23.60272001899184,0.5622512147468856,9.0,59.0,0.0,0.0,0.0,0.0,0.0,0.0,1.2,0,0,0.45,-1.2,35.05,1.0
A05,69,2024-04-29,75.29514811560148,17.78474897301487,0.5538174465256822,10.0,28.0,17.0,0.0,1.0,0.0,0.0,0.0,1.2,0,0,0.45,-1.2,35.05,1.0
A05,70,2024-05-06,25.49121325583705,-23.95787998514729,0.545510184827797,11.0,82.0,25.0,0.0,0.0,0.0,0.0,0.0,1.2,0,0,0.45,-1.2,35.05,0.0
A05,71,2024-05-13,43.37494986475754,3.176176693530671,0.5373275320553801,12.0,23.0,9.0,0.0,0.0,0.0,0.0,0.0,1.2,0,0,0.45,-1.2,35.05,2.0
A05,72,2024-05-20,53.93131799051348,22.85542547565201,0.5292676190745493,13.0,22.0,0.0,0.0,1.0,0.0,0.0,0.0,1.2,0,0,0.45,-1.2,35.05,3.0
A05,73,2024-05-27,27.375232837327875,4.303580093519308,0.5213286047884311,14.0,25.0,0.0,0.0,0.0,0.0,0.0,0.0,1.2,0,0,0.45,-1.2,35.05,3.0
A05,74,2024-06-03,17.745362998546643,1.0287090525032703,0.5135086757166046,15.0,0.0,0.0,0.0,0.0,0.0,0.0,0.0,1.2,0,0,0.45,-1.2,35.05,3.0
A05,75,2024-06-10,9.950134514303812,-2.1563762088554164,0.5058060455808555,16.0,67.0,29.0,5.0,0.0,0.0,0.0,0.0,1.2,0,0,0.45,-1.2,35.05,1.0
A05,76,2024-06-17,9.131021099612296,0.0986852711444488,0.4982189548971427,17.0,45.0,28.0,0.0,0.0,0.0,0.0,0.0,1.2,0,0,0.45,-1.2,35.05,1.0
A05,77,2024-06-24,6.537505906137921,-0.6029577937623349,0.4907456705736855,18.0,0.0,0.0,0.0,1.0,0.0,0.0,1.0,1.2,0,0,0.45,-1.2,35.05,2.0
A05,78,2024-07-01,4.604875673770104,-1.4581410415417793,0.48338448551508023,19.0,9.0,9.0,0.0,2.0,0.0,0.0,2.0,1.2,0,0,0.45,-1.2,35.05,3.0
A05,79,2024-07-08,4.964135168829861,-0.5300789614406298,0.476133718232354,20.0,30.0,21.0,0.0,1.0,1.0,0.0,4.0,1.2,0,0,0.45,-1.2,35.05,4.0
A05,80,2024-07-15,5.591253753654261,0.3750486759821561,0.46899171245886867,21.0,0.0,0.0,0.0,7.0,5.0,0.0,11.0,1.2,0,0,0.45,-1.2,35.05,4.0
A05,81,2024-07-22,3.8934758364607487,-1.1993266403357672,0.4619568367719856,22.0,70.0,24.0,24.0,7.0,5.0,1.0,16.0,1.2,0,0,0.45,-1.2,35.05,3.0
A05,82,2024-07-29,3.8090043954400237,-1.2418957735983245,0.45502748422040584,23.0,61.0,15.0,15.0,15.0,4.0,0.0,22.0,1.2,0,0,0.45,-1.2,35.05,3.0
A05,83,2024-08-05,3.145793572437417,-1.9181796133350444,0.44820207195709977,24.0,68.0,21.0,21.0,9.0,3.0,0.0,26.0,1.2,0,0,0.45,-1.2,35.05,3.0
A05,84,2024-08-12,5.899815652021648,0.7540851306276926,0.44147904087774326,25.0,42.0,0.0,0.0,8.0,3.0,0.0,18.0,1.2,0,0,0.45,-1.2,35.05,2.0
A05,85,2024-08-19,6.483594006428286,1.126552603901911,0.4348568552645771,26.0,73.0,34.0,0.0,7.0,1.0,0.0,10.0,1.2,0,0,0.45,-1.2,35.05,2.0
A05,86,2024-08-26,6.316496290406052,0.49193597354623897,0.4283340024356085,27.0,15.0,15.0,0.0,5.0,1.0,0.0,7.0,1.2,0,0,0.45,-1.2,35.05,2.0
A05,87,2024-09-02,9.480132030712479,2.717659575450522,0.42190899239907437,28.0,39.0,22.0,0.0,3.0,2.0,0.0,3.0,1.2,0,0,0.45,-1.2,35.05,1.0
A05,88,2024-09-09,8.743541400901412,0.2648033054564287,0.41558035751308825,29.0,33.0,9.0,9.0,2.0,0.0,0.0,3.0,1.2,0,0,0.45,-1.2,35.05,1.0
A05,89,2024-09-16,13.006116354135106,1.667481503421138,0.4093466521503919,30.0,37.0,15.0,0.0,2.0,0.0,0.0,3.0,1.2,0,0,0.45,-1.2,35.05,1.0
A05,90,2024-09-23,17.419052218747638,1.75730175951648,0.403206452368136,31.0,8.0,0.0,0.0,0.0,1.0,0.0,2.0,1.2,0,0,0.45,-1.2,35.05,0.0
A05,91,2024-09-30,20.874933605170522,-0.6796415227752881,0.397158355582614,32.0,24.0,15.0,0.0,0.0,0.0,1.0,0.0,1.2,0,0,0.45,-1.2,35.05,0.0
A05,92,2024-10-07,23.857297764332976,-4.870861371350628,0.3912009802488748,33.0,38.0,16.0,0.0,0.0,0.0,0.0,0.0,1.2,0,0,0.45,-1.2,35.05,0.0
A05,93,2024-10-14,78.99596391732024,42.600529234305256,0.3853329655451417,34.0,52.0,12.0,0.0,0.0,0.0,0.0,0.0,1.2,0,0,0.45,-1.2,35.05,2.0
A05,94,2024-10-21,37.00460773973803,-6.341862765419492,0.37955297106196456,35.0,50.0,0.0,0.0,0.0,0.0,0.0,0.0,1.2,0,0,0.45,-1.2,35.05,2.0
A05,95,2024-10-28,38.207757807214314,-10.027766954908508,0.3738596764960351,36.0,10.0,0.0,0.0,2.0,0.0,0.0,0.0,1.2,0,0,0.45,-1.2,35.05,2.0
A05,96,2024-11-04,58.2023914230574,8.202391423017275,0.36825178134859454,37.0,18.0,0.0,0.0,0.0,0.0,0.0,0.0,1.2,0,0,0.45,-1.2,35.05,2.0
A05,97,2024-11-11,52.680471294095234,4.444946532235079,0.36272800462836563,38.0,38.0,23.0,23.0,0.0,0.0,0.0,0.0,1.2,0,0,0.45,-1.2,35.05,0.0
A05,98,2024-11-18,26.51069508388166,-16.83577541959858,0.35728708455894015,39.0,51.0,17.0,0.0,0.0,0.0,0.0,0.0,1.2,0,0,0.45,-1.2,35.05,0.0
A05,99,2024-11-25,53.91349053451957,17.518055861323077,0.35192777829055605,40.0,30.0,22.0,0.0,0.0,0.0,0.0,0.0,1.2,0,0,0.45,-1.2,35.05,0.0
A05,100,2024-12-02,27.79648831345887,-0.9316707684783267,0.3466488616161977,41.0,35.0,35.0,0.0,0.0,0.0,0.0,0.0,1.2,0,0,0.45,-1.2,35.05,0.0
A05,101,2024-12-09,14.610817818814114,-6.9437570339007895,0.3414491286919547,42.0,6.0,0.0,0.0,0.0,0.0,0.0,0.0,1.2,0,0,0.45,-1.2,35.05,0.0
A05,102,2024-12-16,23.743191582141193,8.081442441445715,0.3363273917615754,43.0,0.0,0.0,0.0,0.0,0.0,0.0,0.0,1.2,0,0,0.45,-1.2,35.05,0.0
A05,103,2024-12-23,14.1144886892781,2.775859747831074,0.3312824808851518,44.0,67.0,0.0,0.0,0.0,0.0,0.0,0.0,1.2,0,0,0.45,-1.2,35.05,0.0
A05,104,2024-12-30,3.2331707099927325,-1.8000143522161371,0.3263132436718745,45.0,16.0,0.0,0.0,0.0,0.0,0.0,0.0,1.2,0,0,0.45,-1.2,35.05,0.0
A05,105,2025-01-06,6.159331801876636,1.072082766264021,0.32141854501679634,46.0,34.0,0.0,0.0,1.0,0.0,0.0,0.0,1.2,0,0,0.45,-1.2,35.05,0.0
A05,106,2025-01-13,4.268481583214414,-0.9461164162238171,0.3165972668415444,47.0,39.0,23.0,0.0,0.0,0.0,0.0,0.0,1.2,0,0,0.45,-1.2,35.05,0.0
A05,107,2025-01-20,3.5582393734741267,-1.9355454494670754,0.3118483078389212,48.0,19.0,0.0,0.0,1.0,0.0,0.0,0.0,1.2,0,0,0.45,-1.2,35.05,0.0
A05,108,2025-01-27,6.875632840340086,0.8127219909122028,0.3071705832213374,49.0,63.0,28.0,0.0,0.0,0.0,0.0,0.0,1.2,0,0,0.45,-1.2,35.05,0.0
A05,109,2025-02-03,4.907406779389865,-2.2330328214452795,0.3025630244730173,50.0,27.0,0.0,0.0,0.0,0.0,0.0,0.0,1.2,0,0,0.45,-1.2,35.05,0.0
A05,110,2025-02-10,5.813591017219456,-3.2187397471655297,0.29802457910592206,51.0,26.0,24.0,0.0,0.0,0.0,0.0,0.0,1.2,0,0,0.45,-1.2,35.05,0.0
A05,111,2025-02-17,6.245463413474795,-5.861046327353428,0.2935542104193332,52.0,52.0,50.0,0.0,0.0,0.0,0.0,0.0,1.2,0,0,0.45,-1.2,35.05,0.0
A05,112,2025-02-24,13.320046977261535,-3.3966067928796075,0.2891508972630432,53.0,63.0,24.0,0.0,2.0,0.0,0.0,0.0,1.2,0,0,0.45,-1.2,35.05,0.0
A05,113,2025-03-03,17.71891709378748,-5.352735620944646,0.2848136338040976,54.0,17.0,0.0,0.0,0.0,0.0,0.0,0.0,1.2,0,0,0.45,-1.2,35.05,0.0
A05,114,2025-03-10,20.303382362798462,-10.772510147626228,0.2805414292970361,55.0,51.0,0.0,0.0,0.0,0.0,0.0,0.0,1.2,0,0,0.45,-1.2,35.05,0.0
A05,115,2025-03-17,19.817360313668136,-20.381412856933775,0.2763333078575806,56.0,35.0,20.0,0.0,0.0,0.0,0.0,0.0,1.2,0,0,0.45,-1.2,35.05,0.0
A05,116,2025-03-24,33.6373229940724,-15.811770246830676,0.2721883082397169,57.0,38.0,21.0,0.0,1.0,0.0,0.0,0.0,1.2,0,0,0.45,-1.2,35.05,0.0
A05,117,2025-03-31,36.47960345686713,-21.03079568570972,0.26810548361612113,58.0,30.0,0.0,0.0,0.0,0.0,0.0,0.0,1.2,0,0,0.45,-1.2,35.05,2.0
A05,118,2025-04-07,25.691467482006672,-37.34149854691369,0.2640839013618793,59.0,36.0,21.0,15.0,0.0,0.0,0.0,0.0,1.2,0,0,0.45,-1.2,35.05,4.0
A05,119,2025-04-14,25.241009447713065,-39.758990552287045,0.26012264284145115,60.0,31.0,12.0,12.0,0.0,0.0,0.0,0.0,1.2,0,0,0.45,-1.2,35.05,4.0
A05,120,2025-04-21,49.932826208464505,-13.100139820456931,0.2562208031988294,61.0,40.0,0.0,0.0,1.0,0.0,0.0,3.0,1.2,0,0,0.45,-1.2,35.05,5.0
A05,121,2025-04-28,15.03712223933778,-42.47327690324883,0.25237749115084696,62.0,13.0,13.0,13.0,5.0,1.0,0.0,6.0,1.2,0,0,0.45,-1.2,35.05,4.0
A05,122,2025-05-05,34.53780390056377,-14.911289340420566,0.24859182878358424,63.0,42.0,0.0,0.0,3.0,0.0,0.0,9.0,1.2,0,0,0.45,-1.2,35.05,2.0
A05,123,2025-05-12,22.103246335041906,-18.095526836184963,0.24486295135183048,64.0,21.0,21.0,5.0,7.0,2.0,1.0,16.0,1.2,0,0,0.45,-1.2,35.05,3.0
A05,124,2025-05-19,31.9296726517444,0.8537801368829321,0.24119000708155303,65.0,29.0,0.0,0.0,15.0,4.0,0.0,20.0,1.2,0,0,0.45,-1.2,35.05,3.0
A05,125,2025-05-26,12.617792495733173,-10.453860248075394,0.23757215697532974,66.0,57.0,14.0,14.0,9.0,7.0,0.0,27.0,1.2,0,0,0.45,-1.2,35.05,2.0
A05,126,2025-06-02,13.686939044418665,-3.0297149016247076,0.2340085746206998,67.0,35.0,0.0,0.0,13.0,4.0,0.0,22.0,1.2,0,0,0.45,-1.2,35.05,2.0
A05,127,2025-06-09,6.8485751522030425,-5.257935570956186,0.2304984460013893,68.0,59.0,3.0,0.0,11.0,5.0,0.0,20.0,1.2,0,0,0.45,-1.2,35.05,1.0
A05,128,2025-06-16,6.109469508054421,-2.9228663204134264,0.22704096931136847,69.0,24.0,18.0,0.0,4.0,2.0,0.0,11.0,1.2,0,0,0.45,-1.2,35.05,0.0
A05,129,2025-06-23,6.006772531638695,-1.133691168261561,0.22363535477169794,70.0,25.0,5.0,0.0,2.0,1.0,0.0,3.0,1.2,0,0,0.45,-1.2,35.05,0.0
A05,130,2025-06-30,3.3519091104026435,-2.71110760490924,0.22028082445012245,71.0,22.0,0.0,0.0,0.0,0.0,0.0,1.0,1.2,0,0,0.45,-1.2,35.05,1.0
A05,131,2025-07-07,5.061722577441411,-0.43249155282908003,0.2169766120833706,72.0,12.0,0.0,0.0,1.0,0.0,0.0,0.0,1.2,0,0,0.45,-1.2,35.05,1.0
A05,132,2025-07-14,2.394544363335376,-2.821660714336729,0.21372196290212003,73.0,66.0,0.0,0.0,0.0,0.0,0.0,0.0,1.2,0,0,0.45,-1.2,35.05,1.0
A05,133,2025-07-21,3.6698575356223895,-1.4229449411741264,0.21051613345858822,74.0,12.0,0.0,0.0,0.0,0.0,0.0,0.0,1.2,0,0,0.45,-1.2,35.05,1.0
A05,134,2025-07-28,4.534466633797709,-0.5164335352406395,0.2073583914567094,75.0,2.0,2.0,0.0,0.0,0.0,0.0,0.0,1.2,0,0,0.45,-1.2,35.05,0.0
A05,135,2025-08-04,4.146985131079023,-0.9169880546934381,0.20424801558485875,76.0,21.0,0.0,0.0,0.0,0.0,0.0,0.0,1.2,0,0,0.45,-1.2,35.05,0.0
A05,136,2025-08-11,6.5413275661641945,1.3955970447702395,0.20118429535108587,77.0,3.0,0.0,0.0,0.0,0.0,0.0,0.0,1.2,0,0,0.45,-1.2,35.05,0.0
A05,137,2025-08-18,2.6655893253731375,-2.691452077153238,0.19816653092081957,78.0,21.0,0.0,0.0,0.0,0.0,0.0,0.0,1.2,0,0,0.45,-1.2,35.05,0.0
A05,138,2025-08-25,2.3363698075292247,-3.4881905093305883,0.19519403295700727,79.0,27.0,25.0,0.0,1.0,0.0,0.0,0.0,1.2,0,0,0.45,-1.2,35.05,0.0
A05,139,2025-09-01,3.1036795739158904,-3.6587928813460664,0.19226612246265215,80.0,84.0,7.0,0.0,0.0,0.0,0.0,0.0,1.2,0,0,0.45,-1.2,35.05,0.0
A05,140,2025-09-08,6.944386333746811,-1.5343517616981721,0.18938213062571235,81.0,9.0,0.0,0.0,0.0,0.0,0.0,0.0,1.2,0,0,0.45,-1.2,35.05,0.0
A05,141,2025-09-15,8.77323858737937,-2.5653962633345984,0.18654139866632666,82.0,46.0,0.0,0.0,0.0,0.0,0.0,0.0,1.2,0,0,0.45,-1.2,35.05,0.0
A05,142,2025-09-22,10.551081622280448,-5.11066883695071,0.18374327768633175,83.0,10.0,0.0,0.0,0.0,0.0,0.0,0.0,1.2,0,0,0.45,-1.2,35.05,0.0
A05,143,2025-09-29,9.457141909253487,-12.097433218692323,0.18098712852103677,84.0,3.0,0.0,0.0,2.0,0.0,0.0,0.0,1.2,0,0,0.45,-1.2,35.05,0.0
A05,144,2025-10-06,24.422343558007114,-4.305815577676491,0.1782723215932212,85.0,28.0,10.0,0.0,0.0,0.0,0.0,0.0,1.2,0,0,0.45,-1.2,35.05,0.0
A05,145,2025-10-13,15.409955440175413,-20.98547924283957,0.17559823676932287,86.0,58.0,0.0,0.0,0.0,0.0,0.0,0.0,1.2,0,0,0.45,-1.2,35.05,0.0
A05,146,2025-10-20,42.269877607666714,-1.076592897490805,0.17296426321778302,87.0,14.0,0.0,0.0,0.0,0.0,0.0,0.0,1.2,0,0,0.45,-1.2,35.05,0.0
A05,147,2025-10-27,85.23535476994888,36.99983000782606,0.1703697992695163,88.0,33.0,0.0,0.0,0.0,0.0,0.0,0.0,1.2,0,0,0.45,-1.2,35.05,0.0
A05,148,2025-11-03,36.947500167370194,-13.05249983266993,0.16781425228047353,89.0,82.0,38.0,0.0,1.0,0.0,0.0,0.0,1.2,0,0,0.45,-1.2,35.05,0.0
A05,149,2025-11-10,38.4516154443614,-9.783909317498754,0.16529703849626642,90.0,0.0,0.0,0.0,1.0,0.0,0.0,0.0,1.2,0,0,0.45,-1.2,35.05,0.0
A05,150,2025-11-17,23.711056209749653,-19.635414293730587,0.42577282737029193,0.0,35.0,7.0,7.0,0.0,0.0,0.0,0.0,1.2,0,0,0.45,-1.2,35.05,1.0
A05,151,2025-11-24,12.554582862389337,-23.840851810807152,0.41938623495973754,1.0,19.0,0.0,0.0,0.0,0.0,0.0,0.0,1.2,0,0,0.45,-1.2,35.05,1.0
A05,152,2025-12-01,15.121886043177446,-13.60627303875975,0.4130954414353415,2.0,2.0,0.0,0.0,0.0,0.0,0.0,0.0,1.2,0,0,0.45,-1.2,35.05,1.0
A05,153,2025-12-08,9.557171677827585,-11.997403174887319,0.4068990098138114,3.0,52.0,13.0,0.0,0.0,0.0,0.0,0.0,1.2,0,0,0.45,-1.2,35.05,1.0
A05,154,2025-12-15,6.134857566173244,-9.526891574522235,0.40079552466660423,4.0,34.0,0.0,0.0,0.0,0.0,0.0,0.0,1.2,0,0,0.45,-1.2,35.05,0.0
A05,155,2025-12-22,13.467218187285404,2.128589245838379,0.39478359179660516,5.0,0.0,0.0,0.0,0.0,0.0,0.0,0.0,1.2,0,0,0.45,-1.2,35.05,0.0
A06,0,2023-01-02,6.92195628279107,1.8887712205822007,0.2720768589292604,99.0,35.0,24.0,0.0,1.0,0.0,0.0,0.0,0.9,1,0,0.4,-1.85,36.78,0.0
A06,1,2023-01-09,7.262843541033279,2.175594505420664,0.2679957060453215,99.0,40.0,27.0,0.0,0.0,0.0,0.0,0.0,0.9,1,0,0.4,-1.85,36.78,0.0
A06,2,2023-01-16,5.850035464531842,0.6354374650936112,0.2639757704546417,99.0,58.0,21.0,0.0,1.0,0.0,0.0,0.0,0.9,1,0,0.4,-1.85,36.78,0.0
A06,3,2023-01-23,6.464050240460969,0.9702654175197667,0.2600161338978221,99.0,45.0,10.0,0.0,0.0,0.0,0.0,0.0,0.9,1,0,0.4,-1.85,36.78,0.0
A06,4,2023-01-30,10.621989282863646,4.559078433435763,0.25611589188935474,99.0,16.0,0.0,0.0,1.0,0.0,0.0,0.0,0.9,1,0,0.4,-1.85,36.78,0.0
A06,5,2023-02-06,8.82509972440624,1.6846601235710956,0.2522741535110144,99.0,37.0,0.0,0.0,0.0,0.0,0.0,0.0,0.9,1,0,0.4,-1.85,36.78,0.0
A06,6,2023-02-13,13.594929294005402,4.562598529620416,0.24849004120834917,99.0,16.0,0.0,0.0,1.0,0.0,0.0,0.0,0.9,1,0,0.4,-1.85,36.78,0.0
A06,7,2023-02-20,14.12979021933947,2.023280478511248,0.24476269059022393,99.0,33.0,29.0,0.0,0.0,0.0,0.0,0.0,0.9,1,0,0.4,-1.85,36.78,0.0
A06,8,2023-02-27,18.537496039581814,1.8208422694406714,0.24109125023137057,99.0,17.0,0.0,0.0,0.0,0.0,0.0,0.0,0.9,1,0,0.4,-1.85,36.78,0.0
A06,9,2023-03-06,17.625175429637228,-5.446477285094897,0.2374748814779,99.0,54.0,0.0,0.0,1.0,0.0,0.0,0.0,0.9,1,0,0.4,-1.85,36.78,0.0
A06,10,2023-03-13,19.440601455880625,-11.635291054544066,0.2339127582557315,99.0,35.0,0.0,0.0,0.0,0.0,0.0,0.0,0.9,1,0,0.4,-1.85,36.78,0.0
A06,11,2023-03-20,45.852666908583956,5.653893737982045,0.23040406688189552,99.0,23.0,6.0,0.0,0.0,0.0,0.0,0.0,0.9,1,0,0.4,-1.85,36.78,0.0
A06,12,2023-03-27,63.04577907706809,13.596685836165015,0.2269480058786671,99.0,35.0,35.0,0.0,0.0,0.0,0.0,0.0,0.9,1,0,0.4,-1.85,36.78,0.0
A06,13,2023-04-03,45.831142375094416,-11.679256767482435,0.2235437857904871,99.0,33.0,0.0,0.0,0.0,0.0,0.0,0.0,0.9,1,0,0.4,-1.85,36.78,0.0
A06,14,2023-04-10,77.84620958401271,14.813243555092349,0.2201906290036298,99.0,0.0,0.0,0.0,1.0,0.0,0.0,0.0,0.9,1,0,0.4,-1.85,36.78,0.0
A06,15,2023-04-17,82.79305807946794,17.793058079467826,0.21688776956857533,99.0,87.0,55.0,0.0,0.0,0.0,0.0,0.0,0.9,1,0,0.4,-1.85,36.78,0.0
A06,16,2023-04-24,37.04741612251514,-25.9855499064063,0.2136344530250467,99.0,59.0,46.0,0.0,0.0,0.0,0.0,0.0,0.9,1,0,0.4,-1.85,36.78,0.0
A06,17,2023-05-01,52.186075508923,-5.32432363366361,0.210429936229671,99.0,43.0,37.0,0.0,0.0,0.0,0.0,0.0,0.9,1,0,0.4,-1.85,36.78,0.0
A06,18,2023-05-08,71.28098737551734,21.831894134533,0.20727348718622593,99.0,65.0,44.0,0.0,0.0,0.0,0.0,0.0,0.9,1,0,0.4,-1.85,36.78,0.0
A06,19,2023-05-15,57.5382868013458,17.33951363011893,0.20416438487843253,99.0,42.0,42.0,0.0,0.0,0.0,0.0,0.0,0.9,1,0,0.4,-1.85,36.78,0.0
A06,20,2023-05-22,25.94009104917723,-5.135801465684239,0.20110191910525604,99.0,22.0,22.0,0.0,0.0,0.0,0.0,0.0,0.9,1,0,0.4,-1.85,36.78,0.0
A06,21,2023-05-29,30.484095207635615,7.412442463827048,0.1980853903186772,99.0,40.0,31.0,0.0,0.0,0.0,0.0,0.0,0.9,1,0,0.4,-1.85,36.78,0.0
A06,22,2023-06-05,29.886041889926105,13.169387943882732,0.19511410946389704,99.0,13.0,8.0,0.0,0.0,0.0,0.0,0.0,0.9,1,0,0.4,-1.85,36.78,0.0
A06,23,2023-06-12,19.863074814843696,7.756564091684467,0.19335411294465205,99.0,76.0,45.0,0.0,0.0,0.0,0.0,0.0,0.9,1,0,0.4,-1.85,36.78,0.0
A06,24,2023-06-19,10.920093516768649,1.8877576883008018,0.19335411294465205,99.0,6.0,0.0,0.0,0.0,0.0,0.0,0.0,0.9,1,0,0.4,-1.85,36.78,0.0
A06,25,2023-06-26,7.577092568075979,0.4366288681757231,0.19335411294465205,99.0,27.0,27.0,0.0,0.0,0.0,0.0,0.0,0.9,1,0,0.4,-1.85,36.78,0.0
A06,26,2023-07-03,6.080460698094604,0.01744398278272019,0.19335411294465205,99.0,25.0,17.0,0.0,0.0,0.0,0.0,0.0,0.9,1,0,0.4,-1.85,36.78,0.0
A06,27,2023-07-10,8.089573720579233,2.5953595903087425,0.19335411294465205,99.0,53.0,24.0,0.0,0.0,0.0,0.0,0.0,0.9,1,0,0.4,-1.85,36.78,0.0
A06,28,2023-07-17,6.981055218642325,1.7648501409702204,0.19335411294465205,99.0,4.0,0.0,0.0,0.0,0.0,0.0,0.0,0.9,1,0,0.4,-1.85,36.78,0.0
A06,29,2023-07-24,7.934840217292142,2.842037740495626,0.19335411294465205,99.0,39.0,37.0,0.0,0.0,0.0,0.0,0.0,0.9,1,0,0.4,-1.85,36.78,0.0
A06,30,2023-07-31,6.611865676236842,1.5609655071984943,0.19335411294465205,99.0,13.0,13.0,0.0,0.0,0.0,0.0,0.0,0.9,1,0,0.4,-1.85,36.78,1.0
A06,31,2023-08-07,8.430552618785512,3.366579433013051,0.19335411294465205,99.0,3.0,3.0,0.0,0.0,0.0,0.0,0.0,0.9,1,0,0.4,-1.85,36.78,2.0
A06,32,2023-08-14,6.648679634306532,1.5029491129125772,0.19335411294465205,99.0,31.0,14.0,0.0,0.0,0.0,0.0,0.0,0.9,1,0,0.4,-1.85,36.78,2.0
A06,33,2023-08-21,8.812722777251242,3.4556813747248665,0.19335411294465205,99.0,10.0,0.0,0.0,0.0,0.0,0.0,0.0,0.9,1,0,0.4,-1.85,36.78,2.0
A06,34,2023-08-28,9.875086156532026,4.050525839672213,0.19335411294465205,99.0,17.0,17.0,0.0,1.0,0.0,0.0,3.0,0.9,1,0,0.4,-1.85,36.78,3.0
A06,35,2023-09-04,6.3785946687703055,-0.3838777864916514,0.19335411294465205,99.0,26.0,21.0,0.0,3.0,1.0,0.0,10.0,0.9,1,0,0.4,-1.85,36.78,4.0
A06,36,2023-09-11,5.628566345366069,-2.850171750078914,0.19335411294465205,99.0,46.0,46.0,0.0,10.0,5.0,0.0,19.0,0.9,1,0,0.4,-1.85,36.78,6.0
A06,37,2023-09-18,24.326881133867857,12.98824628315389,0.19335411294465205,99.0,26.0,26.0,0.0,9.0,5.0,0.0,22.0,0.9,1,0,0.4,-1.85,36.78,6.0
A06,38,2023-09-25,21.417226404517233,5.755475945286076,0.19335411294465205,99.0,19.0,0.0,0.0,9.0,4.0,1.0,17.0,0.9,1,0,0.4,-1.85,36.78,4.0
A06,39,2023-10-02,14.785716077418522,-6.768859050527288,0.19335411294465205,99.0,0.0,0.0,0.0,8.0,0.0,0.0,9.0,0.9,1,0,0.4,-1.85,36.78,2.0
A06,40,2023-10-09,27.971454935856613,-0.7567041998269914,0.19335411294465205,99.0,78.0,50.0,23.0,3.0,4.0,0.0,8.0,0.9,1,0,0.4,-1.85,36.78,0.0
A06,41,2023-10-16,59.60520483020705,23.209770147192067,0.19335411294465205,99.0,12.0,6.0,0.0,1.0,0.0,0.0,3.0,0.9,1,0,0.4,-1.85,36.78,0.0
A06,42,2023-10-23,49.130594259580484,5.784123754422964,0.19335411294465205,99.0,57.0,43.0,0.0,1.0,1.0,0.0,3.0,0.9,1,0,0.4,-1.85,36.78,0.0
A06,43,2023-10-30,50.40134354681588,2.1658187846930588,0.19335411294465205,99.0,13.0,0.0,0.0,1.0,0.0,0.0,1.0,0.9,1,0,0.4,-1.85,36.78,0.0
A06,44,2023-11-06,102.05125712055077,52.05125712051065,0.19335411294465205,99.0,13.0,0.0,0.0,0.0,0.0,0.0,0.0,0.9,1,0,0.4,-1.85,36.78,0.0
A06,45,2023-11-13,41.791326914538196,-6.444197847321959,0.19335411294465205,99.0,48.0,48.0,0.0,0.0,0.0,0.0,0.0,0.9,1,0,0.4,-1.85,36.78,0.0
A06,46,2023-11-20,40.97717307566583,-2.369297427814409,0.19335411294465205,99.0,65.0,42.0,0.0,0.0,0.0,0.0,0.0,0.9,1,0,0.4,-1.85,36.78,0.0
A06,47,2023-11-27,48.98784290224382,12.59240822904733,0.19335411294465205,99.0,0.0,0.0,0.0,0.0,0.0,0.0,0.0,0.9,1,0,0.4,-1.85,36.78,0.0
A06,48,2023-12-04,41.16879522623644,12.440636144299244,0.19335411294465205,99.0,2.0,2.0,0.0,0.0,0.0,0.0,0.0,0.9,1,0,0.4,-1.85,36.78,0.0
A06,49,2023-12-11,32.05495256064881,10.500377707933904,0.19335411294465205,99.0,44.0,26.0,5.0,0.0,0.0,0.0,0.0,0.9,1,0,0.4,-1.85,36.78,0.0
A06,50,2023-12-18,26.931544189552486,11.269795048857008,0.19335411294465205,99.0,38.0,6.0,0.0,0.0,0.0,0.0,0.0,0.9,1,0,0.4,-1.85,36.78,0.0
A06,51,2023-12-25,15.19340504237525,3.854776100928225,0.19335411294465205,99.0,22.0,10.0,0.0,0.0,0.0,0.0,0.0,0.9,1,0,0.4,-1.85,36.78,0.0
A06,52,2024-01-01,5.973526016040278,0.9403409538314085,0.19335411294465205,99.0,32.0,32.0,0.0,1.0,0.0,0.0,0.0,0.9,1,0,0.4,-1.85,36.78,0.0
A06,53,2024-01-08,4.646034124224815,-0.44121491138780033,0.19335411294465205,99.0,34.0,34.0,0.0,0.0,0.0,0.0,0.0,0.9,1,0,0.4,-1.85,36.78,0.0
A06,54,2024-01-15,5.330294053540967,0.11569605410273542,0.19335411294465205,99.0,0.0,0.0,0.0,0.0,0.0,0.0,0.0,0.9,1,0,0.4,-1.85,36.78,0.0
A06,55,2024-01-22,5.704494563857152,0.21070974091594952,0.19335411294465205,99.0,15.0,7.0,0.0,0.0,0.0,0.0,0.0,0.9,1,0,0.4,-1.85,36.78,0.0
A06,56,2024-01-29,6.536974021041266,0.4740631716133832,0.19335411294465205,99.0,50.0,20.0,0.0,1.0,0.0,0.0,0.0,0.9,1,0,0.4,-1.85,36.78,0.0
A06,57,2024-02-05,9.357360715193291,2.216921114358147,0.19335411294465205,99.0,18.0,18.0,0.0,0.0,0.0,0.0,0.0,0.9,1,0,0.4,-1.85,36.78,0.0
A06,58,2024-02-12,10.96942038200676,1.9370896176217745,0.19335411294465205,99.0,65.0,28.0,0.0,0.0,0.0,0.0,0.0,0.9,1,0,0.4,-1.85,36.78,0.0
A06,59,2024-02-19,12.295326785670984,0.18881704484276085,0.19335411294465205,99.0,18.0,0.0,0.0,0.0,0.0,0.0,0.0,0.9,1,0,0.4,-1.85,36.78,0.0
A06,60,2024-02-26,12.593884758708642,-4.122769011432501,0.19335411294465205,99.0,64.0,64.0,0.0,1.0,0.0,0.0,0.0,0.9,1,0,0.4,-1.85,36.78,0.0
A06,61,2024-03-04,23.624626153680854,0.5529734389487295,0.19335411294465205,99.0,35.0,24.0,0.0,2.0,0.0,0.0,0.0,0.9,1,0,0.4,-1.85,36.78,0.0
A06,62,2024-03-11,30.772644613877507,-0.30324789654718387,0.19335411294465205,99.0,0.0,0.0,0.0,0.0,0.0,0.0,0.0,0.9,1,0,0.4,-1.85,36.78,0.0
A06,63,2024-03-18,43.010747655953146,2.811974485351236,0.19335411294465205,99.0,38.0,23.0,0.0,0.0,0.0,0.0,0.0,0.9,1,0,0.4,-1.85,36.78,0.0
A06,64,2024-03-25,107.04267412082432,57.59358087992124,0.19335411294465205,99.0,13.0,13.0,0.0,0.0,0.0,0.0,0.0,0.9,1,0,0.4,-1.85,36.78,0.0
A06,65,2024-04-01,47.877483154619334,-9.632915987957517,0.19335411294465205,99.0,57.0,0.0,0.0,0.0,0.0,0.0,0.0,0.9,1,0,0.4,-1.85,36.78,0.0
A06,66,2024-04-08,73.07300548384343,10.040039454923068,0.19335411294465205,99.0,40.0,31.0,24.0,0.0,0.0,0.0,0.0,0.9,1,0,0.4,-1.85,36.78,0.0
A06,67,2024-04-15,94.47629849180176,29.476298491801643,0.19335411294465205,99.0,11.0,11.0,0.0,0.0,0.0,0.0,0.0,0.9,1,0,0.4,-1.85,36.78,0.0
A06,68,2024-04-22,65.23254688726267,2.1995808583412355,0.19335411294465205,99.0,18.0,18.0,0.0,0.0,0.0,0.0,0.0,0.9,1,0,0.4,-1.85,36.78,0.0
A06,69,2024-04-29,130.3484928284309,72.83809368584429,0.19335411294465205,99.0,18.0,7.0,0.0,0.0,0.0,0.0,0.0,0.9,1,0,0.4,-1.85,36.78,0.0
A06,70,2024-05-06,43.320673491559994,-6.128419749424346,0.19335411294465205,99.0,6.0,6.0,0.0,0.0,1.0,0.0,0.0,0.9,1,0,0.4,-1.85,36.78,0.0
A06,71,2024-05-13,45.02724292133523,4.828469750108361,0.19335411294465205,99.0,88.0,42.0,18.0,1.0,0.0,0.0,0.0,0.9,1,0,0.4,-1.85,36.78,0.0
A06,72,2024-05-20,23.496473535881226,-7.579418978980243,0.19335411294465205,99.0,38.0,32.0,10.0,0.0,0.0,0.0,0.0,0.9,1,0,0.4,-1.85,36.78,1.0
A06,73,2024-05-27,20.400737511270574,-2.6709152325379932,0.19335411294465205,99.0,28.0,4.0,0.0,0.0,0.0,0.0,0.0,0.9,1,0,0.4,-1.85,36.78,2.0
A06,74,2024-06-03,18.23845602705497,1.5218020810115966,0.19335411294465205,99.0,9.0,0.0,0.0,1.0,0.0,0.0,0.0,0.9,1,0,0.4,-1.85,36.78,2.0
A06,75,2024-06-10,16.280202612682388,4.173691889523159,0.19335411294465205,99.0,0.0,0.0,0.0,1.0,0.0,0.0,0.0,0.9,1,0,0.4,-1.85,36.78,2.0
A06,76,2024-06-17,10.09958364909514,1.0672478206272924,0.19335411294465205,99.0,99.0,59.0,13.0,0.0,0.0,0.0,1.0,0.9,1,0,0.4,-1.85,36.78,2.0
A06,77,2024-06-24,11.094704423029102,3.954240723128846,0.19335411294465205,99.0,68.0,39.0,0.0,2.0,1.0,0.0,6.0,0.9,1,0,0.4,-1.85,36.78,1.0
A06,78,2024-07-01,5.864807298094737,-0.19820941721714647,0.19335411294465205,99.0,67.0,37.0,6.0,5.0,2.0,0.0,10.0,0.9,1,0,0.4,-1.85,36.78,3.0
A06,79,2024-07-08,4.891194642233502,-0.6030194880369883,0.19335411294465205,99.0,38.0,0.0,0.0,8.0,2.0,0.0,17.0,0.9,1,0,0.4,-1.85,36.78,4.0
A06,80,2024-07-15,13.439053767835494,8.222848690163389,0.19335411294465205,99.0,85.0,45.0,27.0,12.0,1.0,0.0,22.0,0.9,1,0,0.4,-1.85,36.78,3.0
A06,81,2024-07-22,5.846314374145631,0.7535118973491155,0.19335411294465205,99.0,73.0,59.0,24.0,10.0,2.0,1.0,17.0,0.9,1,0,0.4,-1.85,36.78,3.0
A06,82,2024-07-29,3.9264980122956037,-1.1244021567427445,0.19335411294465205,99.0,63.0,34.0,34.0,7.0,3.0,0.0,14.0,0.9,1,0,0.4,-1.85,36.78,2.0
A06,83,2024-08-05,3.9715604303325427,-1.0924127554399186,0.19335411294465205,99.0,18.0,7.0,0.0,2.0,0.0,0.0,5.0,0.9,1,0,0.4,-1.85,36.78,1.0
A06,84,2024-08-12,3.6996172774994442,-1.4461132438945108,0.19335411294465205,99.0,83.0,54.0,33.0,1.0,1.0,0.0,2.0,0.9,1,0,0.4,-1.85,36.78,1.0
A06,85,2024-08-19,7.435093236855637,2.078051834329261,0.19335411294465205,99.0,72.0,45.0,23.0,0.0,1.0,0.0,1.0,0.9,1,0,0.4,-1.85,36.78,2.0
A06,86,2024-08-26,5.127157756138464,-0.6974025607213488,0.19335411294465205,99.0,69.0,69.0,49.0,0.0,0.0,0.0,1.0,0.9,1,0,0.4,-1.85,36.78,2.0
A06,87,2024-09-02,7.070742089009444,0.3082696337474875,0.19335411294465205,99.0,10.0,0.0,0.0,1.0,0.0,0.0,1.0,0.9,1,0,0.4,-1.85,36.78,2.0
A06,88,2024-09-09,8.292351576679486,-0.18638651876549694,0.19335411294465205,99.0,33.0,33.0,6.0,0.0,0.0,0.0,0.0,0.9,1,0,0.4,-1.85,36.78,2.0
A06,89,2024-09-16,14.647039751443057,3.308404900729089,0.19335411294465205,99.0,16.0,0.0,0.0,0.0,0.0,0.0,0.0,0.9,1,0,0.4,-1.85,36.78,1.0
A06,90,2024-09-23,11.64481516592444,-4.016935293306718,0.19335411294465205,99.0,93.0,46.0,17.0,0.0,0.0,0.0,0.0,0.9,1,0,0.4,-1.85,36.78,0.0
A06,91,2024-09-30,14.792758889045013,-6.761816238900797,0.19335411294465205,99.0,57.0,53.0,20.0,1.0,0.0,0.0,0.0,0.9,1,0,0.4,-1.85,36.78,0.0
A06,92,2024-10-07,31.074323082570757,2.3461639468871525,0.19335411294465205,99.0,38.0,38.0,0.0,2.0,2.0,0.0,0.0,0.9,1,0,0.4,-1.85,36.78,0.0
A06,93,2024-10-14,44.915327024806075,8.519892341791092,0.19335411294465205,99.0,9.0,9.0,0.0,0.0,0.0,0.0,0.0,0.9,1,0,0.4,-1.85,36.78,0.0
A06,94,2024-10-21,48.69671582371664,5.350245318559118,0.19335411294465205,99.0,15.0,15.0,15.0,0.0,0.0,0.0,0.0,0.9,1,0,0.4,-1.85,36.78,0.0
A06,95,2024-10-28,36.33520015523261,-11.900324606890209,0.19335411294465205,99.0,10.0,8.0,0.0,0.0,0.0,0.0,0.0,0.9,1,0,0.4,-1.85,36.78,0.0
A06,96,2024-11-04,63.37964164403858,13.379641643998454,0.19335411294465205,99.0,24.0,24.0,0.0,0.0,0.0,0.0,0.0,0.9,1,0,0.4,-1.85,36.78,0.0
A06,97,2024-11-11,37.17901366717587,-11.056511094684282,0.19335411294465205,99.0,41.0,17.0,0.0,1.0,0.0,0.0,0.0,0.9,1,0,0.4,-1.85,36.78,0.0
A06,98,2024-11-18,36.11422224039349,-7.232248263086753,0.19335411294465205,99.0,11.0,11.0,0.0,0.0,0.0,0.0,0.0,0.9,1,0,0.4,-1.85,36.78,0.0
A06,99,2024-11-25,26.155503102423392,-10.239931570773098,0.19335411294465205,99.0,25.0,25.0,0.0,0.0,0.0,0.0,0.0,0.9,1,0,0.4,-1.85,36.78,0.0
A06,100,2024-12-02,45.298921146681366,16.57076206474417,0.19335411294465205,99.0,39.0,23.0,0.0,0.0,0.0,0.0,0.0,0.9,1,0,0.4,-1.85,36.78,0.0
A06,101,2024-12-09,26.904286504647676,5.349711651932772,0.19335411294465205,99.0,4.0,0.0,0.0,0.0,0.0,0.0,0.0,0.9,1,0,0.4,-1.85,36.78,0.0
A06,102,2024-12-16,19.355353746659006,3.693604605963527,0.19335411294465205,99.0,78.0,49.0,0.0,1.0,0.0,0.0,1.0,0.9,1,0,0.4,-1.85,36.78,0.0
A06,103,2024-12-23,17.544480232169107,6.205851290722082,0.19335411294465205,99.0,38.0,15.0,0.0,0.0,0.0,0.0,1.0,0.9,1,0,0.4,-1.85,36.78,0.0
A06,104,2024-12-30,13.47020532936635,8.437020267157479,0.19335411294465205,99.0,60.0,9.0,0.0,0.0,0.0,0.0,1.0,0.9,1,0,0.4,-1.85,36.78,0.0
A06,105,2025-01-06,1.8179784963256957,-3.2692705392869192,0.19335411294465205,99.0,4.0,0.0,0.0,1.0,1.0,1.0,1.0,0.9,1,0,0.4,-1.85,36.78,0.0
A06,106,2025-01-13,2.6175722881842143,-2.597025711254017,0.19335411294465205,99.0,15.0,15.0,0.0,0.0,0.0,0.0,1.0,0.9,1,0,0.4,-1.85,36.78,0.0
A06,107,2025-01-20,2.8782233905663297,-2.6155614323748724,0.19335411294465205,99.0,56.0,22.0,0.0,1.0,0.0,0.0,1.0,0.9,1,0,0.4,-1.85,36.78,0.0
A06,108,2025-01-27,2.9259529983449273,-3.136957851082956,0.19335411294465205,99.0,46.0,36.0,0.0,1.0,0.0,0.0,1.0,0.9,1,0,0.4,-1.85,36.78,0.0
A06,109,2025-02-03,3.1830418317285387,-3.9573977691066053,0.19335411294465205,99.0,58.0,58.0,0.0,2.0,0.0,0.0,1.0,0.9,1,0,0.4,-1.85,36.78,0.0
A06,110,2025-02-10,5.28646065729172,-3.745870107093266,0.19335411294465205,99.0,67.0,5.0,0.0,0.0,0.0,0.0,0.0,0.9,1,0,0.4,-1.85,36.78,0.0
A06,111,2025-02-17,5.14049350035899,-6.966016240469233,0.19335411294465205,99.0,0.0,0.0,0.0,0.0,0.0,0.0,0.0,0.9,1,0,0.4,-1.85,36.78,0.0
A06,112,2025-02-24,12.217720120354251,-4.498933649786892,0.19335411294465205,99.0,22.0,7.0,0.0,0.0,0.0,0.0,0.0,0.9,1,0,0.4,-1.85,36.78,0.0
A06,113,2025-03-03,15.270398337298527,-7.801254377433597,0.19335411294465205,99.0,32.0,2.0,0.0,0.0,0.0,0.0,0.0,0.9,1,0,0.4,-1.85,36.78,2.0
A06,114,2025-03-10,23.903131482605236,-7.172761027819455,0.19335411294465205,99.0,56.0,38.0,0.0,0.0,0.0,0.0,0.0,0.9,1,0,0.4,-1.85,36.78,2.0
A06,115,2025-03-17,31.21062304250096,-8.988150128100951,0.19335411294465205,99.0,14.0,14.0,14.0,1.0,1.0,0.0,1.0,0.9,1,0,0.4,-1.85,36.78,2.0
A06,116,2025-03-24,39.69452241020608,-9.754570830696991,0.19335411294465205,99.0,47.0,5.0,0.0,4.0,0.0,0.0,4.0,0.9,1,0,0.4,-1.85,36.78,2.0
A06,117,2025-03-31,32.80200829834462,-24.708390844232234,0.19335411294465205,99.0,45.0,0.0,0.0,3.0,0.0,0.0,10.0,0.9,1,0,0.4,-1.85,36.78,3.0
A06,118,2025-04-07,86.0798311326867,23.046865103766343,0.19335411294465205,99.0,20.0,8.0,6.0,3.0,4.0,1.0,14.0,0.9,1,0,0.4,-1.85,36.78,3.0
A06,119,2025-04-14,45.86284190119082,-19.137158098809294,0.19335411294465205,99.0,37.0,9.0,0.0,5.0,1.0,0.0,11.0,0.9,1,0,0.4,-1.85,36.78,4.0
A06,120,2025-04-21,21.349008115874927,-41.68395791304651,0.19335411294465205,99.0,82.0,26.0,26.0,4.0,1.0,0.0,10.0,0.9,1,0,0.4,-1.85,36.78,5.0
A06,121,2025-04-28,26.32058569329057,-31.189813449296036,0.19335411294465205,99.0,18.0,18.0,0.0,4.0,2.0,0.0,8.0,0.9,1,0,0.4,-1.85,36.78,2.0
A06,122,2025-05-05,17.478730797670966,-31.970362443313373,0.19335411294465205,99.0,22.0,22.0,20.0,1.0,1.0,0.0,5.0,0.9,1,0,0.4,-1.85,36.78,2.0
A06,123,2025-05-12,26.28821345538336,-13.910559715843508,0.19335411294465205,99.0,67.0,57.0,52.0,2.0,0.0,0.0,4.0,0.9,1,0,0.4,-1.85,36.78,1.0
A06,124,2025-05-19,19.356293533199004,-11.719598981662465,0.47264568997564055,0.0,92.0,39.0,17.0,1.0,0.0,0.0,1.0,0.9,1,0,0.4,-1.85,36.78,0.0
A06,125,2025-05-26,12.72887200755131,-10.342780736257257,0.8380451839033634,0.0,82.0,39.0,0.0,1.0,0.0,0.0,0.0,0.9,1,0,0.4,-1.85,36.78,2.0
A06,126,2025-06-02,21.96492115908019,5.248267213036819,0.8254745061448129,1.0,19.0,0.0,0.0,1.0,0.0,0.0,0.0,0.9,1,0,0.4,-1.85,36.78,2.0
A06,127,2025-06-09,9.536289552612192,-2.570221170547036,0.8130923885526407,2.0,54.0,30.0,0.0,2.0,0.0,0.0,0.0,0.9,1,0,0.4,-1.85,36.78,2.0
A06,128,2025-06-16,7.5697687490542815,-1.4625670794135655,0.800896002724351,3.0,23.0,23.0,0.0,1.0,0.0,0.0,0.0,0.9,1,0,0.4,-1.85,36.78,2.0
A06,129,2025-06-23,3.3505318061226945,-3.789931893777561,0.7888825626834858,4.0,21.0,9.0,9.0,0.0,0.0,0.0,0.0,0.9,1,0,0.4,-1.85,36.78,0.0
A06,130,2025-06-30,2.77797947519175,-3.2850372401201335,0.7770493242432335,5.0,19.0,0.0,0.0,0.0,0.0,0.0,0.0,0.9,1,0,0.4,-1.85,36.78,0.0
A06,131,2025-07-07,3.6175412081774434,-1.8766729220930474,0.7653935843795849,6.0,63.0,39.0,0.0,0.0,0.0,0.0,0.0,0.9,1,0,0.4,-1.85,36.78,0.0
A06,132,2025-07-14,3.602181822461498,-1.6140232552106069,0.7539126806138912,7.0,32.0,10.0,0.0,0.0,0.0,0.0,0.0,0.9,1,0,0.4,-1.85,36.78,0.0
A06,133,2025-07-21,1.7286422941038038,-3.364160182692712,0.7426039904046828,8.0,31.0,0.0,0.0,0.0,0.0,0.0,0.0,0.9,1,0,0.4,-1.85,36.78,0.0
A06,134,2025-07-28,3.0823001018902545,-1.9686000671480937,0.7314649305486126,9.0,57.0,33.0,0.0,0.0,0.0,0.0,0.0,0.9,1,0,0.4,-1.85,36.78,0.0
A06,135,2025-08-04,3.3078343577378284,-1.7561388280346328,0.7204929565903834,10.0,49.0,49.0,0.0,0.0,0.0,0.0,0.0,0.9,1,0,0.4,-1.85,36.78,0.0
A06,136,2025-08-11,3.102109058948626,-2.043621462445329,0.7096855622415276,11.0,47.0,25.0,0.0,0.0,0.0,0.0,0.0,0.9,1,0,0.4,-1.85,36.78,0.0
A06,137,2025-08-18,2.619392145006631,-2.7376492575197444,0.6990402788079046,12.0,13.0,0.0,0.0,1.0,0.0,0.0,0.0,0.9,1,0,0.4,-1.85,36.78,0.0
A06,138,2025-08-25,3.1344799800812573,-2.6900803367785557,0.6885546746257861,13.0,61.0,33.0,11.0,0.0,0.0,0.0,0.0,0.9,1,0,0.4,-1.85,36.78,0.0
A06,139,2025-09-01,4.131766077180916,-2.630706378081041,0.6782263545063993,14.0,18.0,18.0,0.0,0.0,0.0,0.0,0.0,0.9,1,0,0.4,-1.85,36.78,0.0
A06,140,2025-09-08,5.689137878191005,-2.7896002172539784,0.85,0.0,43.0,5.0,0.0,0.0,0.0,0.0,0.0,0.9,1,0,0.4,-1.85,36.78,0.0
A06,141,2025-09-15,9.107607427399968,-2.231027423314,0.8372499999999999,1.0,28.0,21.0,0.0,0.0,0.0,0.0,0.0,0.9,1,0,0.4,-1.85,36.78,1.0
A06,142,2025-09-22,14.860968601498204,-0.8007818577329537,0.8246912499999999,2.0,20.0,11.0,0.0,0.0,0.0,0.0,0.0,0.9,1,0,0.4,-1.85,36.78,1.0
A06,143,2025-09-29,12.638952047037652,-8.915623080908158,0.8123208812499999,3.0,11.0,0.0,0.0,1.0,0.0,0.0,0.0,0.9,1,0,0.4,-1.85,36.78,1.0
A06,144,2025-10-06,15.917835523100656,-12.810323612582948,0.8001360680312499,4.0,8.0,8.0,0.0,0.0,0.0,0.0,0.0,0.9,1,0,0.4,-1.85,36.78,1.0
A06,145,2025-10-13,27.573079481521255,-8.822355201493728,0.7881340270107812,5.0,37.0,16.0,0.0,1.0,0.0,0.0,0.0,0.9,1,0,0.4,-1.85,36.78,0.0
A06,146,2025-10-20,34.891319941523044,-8.455150563634476,0.7763120166056194,6.0,32.0,10.0,0.0,0.0,0.0,0.0,0.0,0.9,1,0,0.4,-1.85,36.78,0.0
A06,147,2025-10-27,26.932741702096436,-21.302783060026385,0.7646673363565352,7.0,18.0,0.0,0.0,0.0,0.0,0.0,0.0,0.9,1,0,0.4,-1.85,36.78,0.0
A06,148,2025-11-03,42.85737774380511,-7.142622256235015,0.7531973263111871,8.0,102.0,61.0,0.0,0.0,0.0,0.0,0.0,0.9,1,0,0.4,-1.85,36.78,0.0
A06,149,2025-11-10,44.17538489603749,-4.060139865822663,0.7418993664165192,9.0,23.0,0.0,0.0,1.0,0.0,0.0,0.0,0.9,1,0,0.4,-1.85,36.78,0.0
A06,150,2025-11-17,44.279978761310446,0.933508257830205,0.7307708759202715,10.0,58.0,50.0,0.0,0.0,0.0,0.0,0.0,0.9,1,0,0.4,-1.85,36.78,0.0
A06,151,2025-11-24,44.08293503780631,7.687500364609818,0.7198093127814674,11.0,43.0,43.0,0.0,1.0,0.0,0.0,0.0,0.9,1,0,0.4,-1.85,36.78,0.0
A06,152,2025-12-01,13.788697430572435,-14.939461651364761,0.7090121730897454,12.0,64.0,25.0,0.0,0.0,0.0,0.0,0.0,0.9,1,0,0.4,-1.85,36.78,0.0
A06,153,2025-12-08,14.078791855661262,-7.475782997053642,0.6983769904933992,13.0,68.0,44.0,0.0,0.0,0.0,0.0,0.0,0.9,1,0,0.4,-1.85,36.78,0.0
A06,154,2025-12-15,10.220399324478343,-5.441349816217135,0.6879013356359982,14.0,109.0,39.0,0.0,0.0,0.0,0.0,0.0,0.9,1,0,0.4,-1.85,36.78,0.0
A06,155,2025-12-22,7.1214169914566385,-4.217211949990387,0.6775828156014582,15.0,0.0,0.0,0.0,0.0,0.0,0.0,0.0,0.9,1,0,0.4,-1.85,36.78,0.0
A07,0,2023-01-02,5.0125989161349835,-0.02058614607388609,0.16876877783646255,99.0,44.0,24.0,0.0,1.0,0.0,0.0,0.0,0.8,1,0,0.6,-1.36,36.66,0.0
A07,1,2023-01-09,3.7807941120720496,-1.3064549235405654,0.1662372461689156,99.0,45.0,22.0,0.0,0.0,0.0,0.0,0.0,0.8,1,0,0.6,-1.36,36.66,0.0
A07,2,2023-01-16,6.733151816750679,1.5185538173124478,0.16374368747638188,99.0,38.0,21.0,0.0,0.0,0.0,0.0,0.0,0.8,1,0,0.6,-1.36,36.66,0.0
A07,3,2023-01-23,5.247944580933873,-0.24584024200732912,0.16128753216423614,99.0,0.0,0.0,0.0,0.0,0.0,0.0,0.0,0.8,1,0,0.6,-1.36,36.66,0.0
A07,4,2023-01-30,7.810205629615504,1.7472947801876204,0.1588682191817726,99.0,51.0,43.0,0.0,0.0,0.0,0.0,0.0,0.8,1,0,0.6,-1.36,36.66,0.0
A07,5,2023-02-06,6.759863211873882,-0.3805763889612619,0.156485195894046,99.0,47.0,21.0,0.0,1.0,0.0,0.0,0.0,0.8,1,0,0.6,-1.36,36.66,0.0
A07,6,2023-02-13,7.683487747295236,-1.3488430170897496,0.1541379179556353,99.0,35.0,35.0,0.0,0.0,0.0,0.0,0.0,0.8,1,0,0.6,-1.36,36.66,0.0
A07,7,2023-02-20,16.426424374035285,4.319914633207063,0.15182584918630077,99.0,44.0,22.0,0.0,0.0,0.0,0.0,0.0,0.8,1,0,0.6,-1.36,36.66,0.0
A07,8,2023-02-27,22.029259345007848,5.312605574866705,0.14954846144850625,99.0,62.0,20.0,0.0,1.0,0.0,0.0,0.0,0.8,1,0,0.6,-1.36,36.66,0.0
A07,9,2023-03-06,35.32168036391511,12.250027649182982,0.14730523452677866,99.0,7.0,0.0,0.0,1.0,0.0,0.0,0.0,0.8,1,0,0.6,-1.36,36.66,0.0
A07,10,2023-03-13,83.48176524565982,52.40587273523512,0.14509565600887697,99.0,45.0,36.0,0.0,0.0,0.0,0.0,0.0,0.8,1,0,0.6,-1.36,36.66,0.0
A07,11,2023-03-20,55.36963640955876,15.170863238956848,0.1429192211687438,99.0,50.0,29.0,0.0,0.0,0.0,0.0,0.0,0.8,1,0,0.6,-1.36,36.66,0.0
A07,12,2023-03-27,73.24909484819139,23.800001607288316,0.14077543285121266,99.0,0.0,0.0,0.0,0.0,0.0,0.0,0.0,0.8,1,0,0.6,-1.36,36.66,0.0
A07,13,2023-04-03,49.30191244653554,-8.208486696041312,0.13866380135844447,99.0,22.0,0.0,0.0,3.0,0.0,0.0,0.0,0.8,1,0,0.6,-1.36,36.66,0.0
A07,14,2023-04-10,50.21851618316849,-12.814449845751874,0.1365838443380678,99.0,30.0,13.0,0.0,0.0,0.0,0.0,0.0,0.8,1,0,0.6,-1.36,36.66,0.0
A07,15,2023-04-17,141.38987246299249,76.38987246299237,0.1345350866729968,99.0,71.0,47.0,0.0,0.0,0.0,0.0,0.0,0.8,1,0,0.6,-1.36,36.66,0.0
A07,16,2023-04-24,57.0303446334919,-6.002621395429536,0.13251706037290184,99.0,34.0,34.0,0.0,1.0,0.0,0.0,0.0,0.8,1,0,0.6,-1.36,36.66,0.0
A07,17,2023-05-01,49.88542681985481,-7.6249723227318,0.13052930446730832,99.0,13.0,13.0,0.0,0.0,0.0,0.0,0.0,0.8,1,0,0.6,-1.36,36.66,0.0
A07,18,2023-05-08,60.97126270075274,11.5221694597684,0.1285713649002987,99.0,0.0,0.0,0.0,0.0,0.0,0.0,0.0,0.8,1,0,0.6,-1.36,36.66,0.0
A07,19,2023-05-15,48.687030656308536,8.488257485081668,0.12664279442679421,99.0,9.0,9.0,0.0,0.0,0.0,0.0,0.0,0.8,1,0,0.6,-1.36,36.66,0.0
A07,20,2023-05-22,28.323692135903467,-2.752200378958001,0.1247431525103923,99.0,56.0,34.0,0.0,0.0,0.0,0.0,0.0,0.8,1,0,0.6,-1.36,36.66,0.0
A07,21,2023-05-29,25.919812425172395,2.8481596813638284,0.1228720052227364,99.0,14.0,14.0,0.0,1.0,0.0,0.0,0.0,0.8,1,0,0.6,-1.36,36.66,0.0
A07,22,2023-06-05,32.131296283655615,15.414642337612243,0.12102892514439535,99.0,8.0,8.0,0.0,0.0,0.0,0.0,0.0,0.8,1,0,0.6,-1.36,36.66,0.0
A07,23,2023-06-12,11.413412197494752,-0.6930985256644764,0.11993720252337439,99.0,5.0,5.0,0.0,1.0,0.0,0.0,0.0,0.8,1,0,0.6,-1.36,36.66,0.0
A07,24,2023-06-19,6.932144312987974,-2.1001915154798727,0.11993720252337439,99.0,14.0,14.0,0.0,0.0,0.0,0.0,0.0,0.8,1,0,0.6,-1.36,36.66,0.0
A07,25,2023-06-26,12.414051752137565,5.27358805223731,0.11993720252337439,99.0,45.0,24.0,0.0,1.0,0.0,0.0,0.0,0.8,1,0,0.6,-1.36,36.66,0.0
A07,26,2023-07-03,9.003874228246016,2.940857512934132,0.11993720252337439,99.0,35.0,35.0,0.0,0.0,0.0,0.0,0.0,0.8,1,0,0.6,-1.36,36.66,0.0
A07,27,2023-07-10,5.527068664804685,0.03285453453419418,0.11993720252337439,99.0,20.0,7.0,0.0,0.0,0.0,0.0,0.0,0.8,1,0,0.6,-1.36,36.66,0.0
A07,28,2023-07-17,3.747748413387834,-1.468456664284271,0.11993720252337439,99.0,52.0,9.0,0.0,0.0,0.0,0.0,0.0,0.8,1,0,0.6,-1.36,36.66,0.0
A07,29,2023-07-24,4.905483398922998,-0.18731907787351787,0.11993720252337439,99.0,38.0,20.0,0.0,0.0,0.0,0.0,0.0,0.8,1,0,0.6,-1.36,36.66,0.0
A07,30,2023-07-31,6.1938909590774625,1.1429907900391143,0.11993720252337439,99.0,28.0,9.0,0.0,1.0,0.0,0.0,0.0,0.8,1,0,0.6,-1.36,36.66,0.0
A07,31,2023-08-07,9.518908344499522,4.454935158727061,0.11993720252337439,99.0,18.0,15.0,15.0,1.0,0.0,0.0,0.0,0.8,1,0,0.6,-1.36,36.66,2.0
A07,32,2023-08-14,4.475003822794383,-0.6707266985995721,0.11993720252337439,99.0,77.0,32.0,18.0,1.0,0.0,0.0,2.0,0.8,1,0,0.6,-1.36,36.66,2.0
A07,33,2023-08-21,6.501113294626107,1.1440718920997313,0.11993720252337439,99.0,15.0,5.0,0.0,2.0,0.0,0.0,3.0,0.8,1,0,0.6,-1.36,36.66,2.0
A07,34,2023-08-28,9.221407625519413,3.3968473086596003,0.11993720252337439,99.0,42.0,20.0,20.0,4.0,1.0,0.0,7.0,0.8,1,0,0.6,-1.36,36.66,5.0
A07,35,2023-09-04,3.673293067282669,-3.089179387979288,0.11993720252337439,99.0,38.0,0.0,0.0,11.0,2.0,1.0,14.0,0.8,1,0,0.6,-1.36,36.66,4.0
A07,36,2023-09-11,15.218782249191344,6.740044153746361,0.11993720252337439,99.0,0.0,0.0,0.0,10.0,7.0,0.0,18.0,0.8,1,0,0.6,-1.36,36.66,6.0
A07,37,2023-09-18,9.369893766443447,-1.9687410842705209,0.11993720252337439,99.0,0.0,0.0,0.0,8.0,2.0,0.0,16.0,0.8,1,0,0.6,-1.36,36.66,6.0
A07,38,2023-09-25,21.989464171341588,6.32771371211043,0.11993720252337439,99.0,10.0,0.0,0.0,10.0,1.0,0.0,14.0,0.8,1,0,0.6,-1.36,36.66,4.0
A07,39,2023-10-02,29.372849186937106,7.818274058991296,0.11993720252337439,99.0,18.0,18.0,18.0,4.0,2.0,0.0,6.0,0.8,1,0,0.6,-1.36,36.66,3.0
A07,40,2023-10-09,52.490205202908996,23.76204606722539,0.11993720252337439,99.0,20.0,20.0,0.0,2.0,0.0,0.0,1.0,0.8,1,0,0.6,-1.36,36.66,1.0
A07,41,2023-10-16,55.16950917252249,18.774074489507505,0.11993720252337439,99.0,44.0,41.0,0.0,1.0,0.0,0.0,1.0,0.8,1,0,0.6,-1.36,36.66,1.0
A07,42,2023-10-23,23.57807277795977,-19.76839772719775,0.11993720252337439,99.0,51.0,10.0,0.0,1.0,0.0,0.0,1.0,0.8,1,0,0.6,-1.36,36.66,0.0
A07,43,2023-10-30,45.81294039800724,-2.422584364115579,0.11993720252337439,99.0,21.0,21.0,0.0,0.0,1.0,0.0,1.0,0.8,1,0,0.6,-1.36,36.66,0.0
A07,44,2023-11-06,65.59755028372096,15.597550283680839,0.11993720252337439,99.0,27.0,0.0,0.0,1.0,0.0,0.0,1.0,0.8,1,0,0.6,-1.36,36.66,0.0
A07,45,2023-11-13,56.31699581146058,8.081471049600424,0.11993720252337439,99.0,23.0,0.0,0.0,1.0,0.0,0.0,1.0,0.8,1,0,0.6,-1.36,36.66,0.0
A07,46,2023-11-20,64.041581801618,20.695111298137753,0.11993720252337439,99.0,120.0,93.0,0.0,1.0,0.0,0.0,0.0,0.8,1,0,0.6,-1.36,36.66,0.0
A07,47,2023-11-27,59.9712446500244,23.575809976827912,0.11993720252337439,99.0,42.0,12.0,0.0,0.0,0.0,0.0,0.0,0.8,1,0,0.6,-1.36,36.66,0.0
A07,48,2023-12-04,44.43286745132815,15.704708369390953,0.11993720252337439,99.0,26.0,5.0,0.0,0.0,0.0,0.0,0.0,0.8,1,0,0.6,-1.36,36.66,0.0
A07,49,2023-12-11,24.996489764471175,3.441914911756271,0.11993720252337439,99.0,28.0,28.0,0.0,0.0,0.0,0.0,0.0,0.8,1,0,0.6,-1.36,36.66,0.0
A07,50,2023-12-18,10.258913901189437,-5.402835239506041,0.11993720252337439,99.0,44.0,38.0,0.0,0.0,0.0,0.0,0.0,0.8,1,0,0.6,-1.36,36.66,0.0
A07,51,2023-12-25,12.084703756960241,0.7460748155132162,0.11993720252337439,99.0,0.0,0.0,0.0,0.0,0.0,0.0,0.0,0.8,1,0,0.6,-1.36,36.66,0.0
A07,52,2024-01-01,5.82280351126502,0.7896184490561504,0.11993720252337439,99.0,18.0,16.0,0.0,0.0,0.0,0.0,0.0,0.8,1,0,0.6,-1.36,36.66,0.0
A07,53,2024-01-08,3.4732150124033003,-1.6140340232093147,0.11993720252337439,99.0,65.0,65.0,0.0,0.0,0.0,0.0,0.0,0.8,1,0,0.6,-1.36,36.66,0.0
A07,54,2024-01-15,6.503940055119895,1.2893420556816642,0.11993720252337439,99.0,23.0,23.0,0.0,0.0,0.0,0.0,0.0,0.8,1,0,0.6,-1.36,36.66,0.0
A07,55,2024-01-22,7.550056714761656,2.0562718918204537,0.11993720252337439,99.0,80.0,68.0,0.0,1.0,0.0,0.0,0.0,0.8,1,0,0.6,-1.36,36.66,0.0
A07,56,2024-01-29,6.338191431913366,0.2752805824854825,0.11993720252337439,99.0,17.0,17.0,0.0,0.0,0.0,0.0,0.0,0.8,1,0,0.6,-1.36,36.66,0.0
A07,57,2024-02-05,2.4435487538415575,-4.696890846993586,0.11993720252337439,99.0,32.0,11.0,0.0,0.0,0.0,0.0,0.0,0.8,1,0,0.6,-1.36,36.66,0.0
A07,58,2024-02-12,5.774660810767045,-3.25766995361794,0.11993720252337439,99.0,79.0,60.0,0.0,0.0,0.0,0.0,0.0,0.8,1,0,0.6,-1.36,36.66,0.0
A07,59,2024-02-19,23.42747569453819,11.320965953709969,0.11993720252337439,99.0,20.0,6.0,0.0,0.0,0.0,0.0,0.0,0.8,1,0,0.6,-1.36,36.66,0.0
A07,60,2024-02-26,13.806192545634035,-2.9104612245071078,0.11993720252337439,99.0,8.0,8.0,0.0,0.0,0.0,0.0,0.0,0.8,1,0,0.6,-1.36,36.66,0.0
A07,61,2024-03-04,11.520805568622066,-11.550847146110058,0.11993720252337439,99.0,43.0,19.0,0.0,0.0,0.0,0.0,0.0,0.8,1,0,0.6,-1.36,36.66,0.0
A07,62,2024-03-11,47.88340263530964,16.807510124884953,0.11993720252337439,99.0,60.0,26.0,0.0,0.0,0.0,0.0,0.0,0.8,1,0,0.6,-1.36,36.66,0.0
A07,63,2024-03-18,40.387120476597794,0.18834730599588312,0.11993720252337439,99.0,22.0,7.0,0.0,1.0,0.0,0.0,0.0,0.8,1,0,0.6,-1.36,36.66,0.0
A07,64,2024-03-25,72.79686507712955,23.347771836226478,0.11993720252337439,99.0,26.0,26.0,0.0,0.0,0.0,0.0,0.0,0.8,1,0,0.6,-1.36,36.66,0.0
A07,65,2024-04-01,63.36434505623937,5.853945913662521,0.11993720252337439,99.0,49.0,30.0,0.0,0.0,0.0,0.0,0.0,0.8,1,0,0.6,-1.36,36.66,0.0
A07,66,2024-04-08,74.00654664804793,10.973580619127567,0.11993720252337439,99.0,15.0,15.0,0.0,0.0,0.0,0.0,0.0,0.8,1,0,0.6,-1.36,36.66,0.0
A07,67,2024-04-15,73.80603524097234,8.806035240972221,0.11993720252337439,99.0,38.0,19.0,0.0,0.0,0.0,0.0,0.0,0.8,1,0,0.6,-1.36,36.66,0.0
A07,68,2024-04-22,80.46149676981801,17.428530740896576,0.11993720252337439,99.0,44.0,28.0,0.0,2.0,1.0,0.0,0.0,0.8,1,0,0.6,-1.36,36.66,1.0
A07,69,2024-04-29,127.62119257097754,70.11079342839093,0.11993720252337439,99.0,34.0,16.0,0.0,0.0,0.0,0.0,0.0,0.8,1,0,0.6,-1.36,36.66,1.0
A07,70,2024-05-06,69.4631182185992,20.014024977614866,0.11993720252337439,99.0,105.0,56.0,12.0,0.0,0.0,0.0,0.0,0.8,1,0,0.6,-1.36,36.66,1.0
A07,71,2024-05-13,23.120454820662502,-17.078318350564366,0.11993720252337439,99.0,17.0,17.0,0.0,1.0,0.0,0.0,0.0,0.8,1,0,0.6,-1.36,36.66,2.0
A07,72,2024-05-20,36.33436140266338,5.258468887801914,0.11993720252337439,99.0,5.0,5.0,0.0,1.0,0.0,0.0,0.0,0.8,1,0,0.6,-1.36,36.66,2.0
A07,73,2024-05-27,34.40228473352931,11.33063198972074,0.11993720252337439,99.0,53.0,24.0,24.0,0.0,0.0,0.0,0.0,0.8,1,0,0.6,-1.36,36.66,3.0
A07,74,2024-06-03,25.466165985927788,8.749512039884415,0.11993720252337439,99.0,19.0,19.0,0.0,2.0,1.0,0.0,2.0,0.8,1,0,0.6,-1.36,36.66,3.0
A07,75,2024-06-10,10.427344558687796,-1.6791661644714324,0.11993720252337439,99.0,52.0,26.0,4.0,4.0,1.0,0.0,4.0,0.8,1,0,0.6,-1.36,36.66,2.0
A07,76,2024-06-17,13.579231962894088,4.546896134426241,0.11993720252337439,99.0,38.0,26.0,0.0,7.0,3.0,0.0,13.0,0.8,1,0,0.6,-1.36,36.66,2.0
A07,77,2024-06-24,9.87975346041623,2.739289760515975,0.11993720252337439,99.0,35.0,18.0,0.0,12.0,6.0,0.0,19.0,0.8,1,0,0.6,-1.36,36.66,1.0
A07,78,2024-07-01,14.918299100390616,8.855282385078732,0.11993720252337439,99.0,60.0,60.0,0.0,9.0,3.0,1.0,17.0,0.8,1,0,0.6,-1.36,36.66,2.0
A07,79,2024-07-08,4.225742371147975,-1.2684717591225159,0.11993720252337439,99.0,23.0,0.0,0.0,8.0,2.0,0.0,12.0,0.8,1,0,0.6,-1.36,36.66,3.0
A07,80,2024-07-15,4.367452726975651,-0.8487523506964534,0.11993720252337439,99.0,27.0,27.0,0.0,4.0,1.0,0.0,7.0,0.8,1,0,0.6,-1.36,36.66,3.0
A07,81,2024-07-22,4.5753655488227105,-0.5174369279738054,0.11993720252337439,99.0,35.0,9.0,5.0,0.0,0.0,0.0,1.0,0.8,1,0,0.6,-1.36,36.66,4.0
A07,82,2024-07-29,4.2545488414130865,-0.7963513276252616,0.11993720252337439,99.0,0.0,0.0,0.0,2.0,1.0,0.0,1.0,0.8,1,0,0.6,-1.36,36.66,4.0
A07,83,2024-08-05,3.7085617290432102,-1.355411456729251,0.11993720252337439,99.0,73.0,42.0,42.0,1.0,0.0,0.0,1.0,0.8,1,0,0.6,-1.36,36.66,4.0
A07,84,2024-08-12,1.9566443093627228,-3.189086212031232,0.11993720252337439,99.0,45.0,17.0,17.0,0.0,0.0,0.0,0.0,0.8,1,0,0.6,-1.36,36.66,3.0
A07,85,2024-08-19,4.60096944288304,-0.7560719596433358,0.11993720252337439,99.0,45.0,45.0,29.0,0.0,0.0,0.0,0.0,0.8,1,0,0.6,-1.36,36.66,3.0
A07,86,2024-08-26,6.628369427504548,0.8038091106447354,0.11993720252337439,99.0,40.0,17.0,0.0,0.0,0.0,0.0,0.0,0.8,1,0,0.6,-1.36,36.66,3.0
A07,87,2024-09-02,5.690288359094838,-1.0721840961671187,0.11993720252337439,99.0,14.0,14.0,0.0,0.0,0.0,0.0,0.0,0.8,1,0,0.6,-1.36,36.66,2.0
A07,88,2024-09-09,16.692258406462983,8.213520311018,0.11993720252337439,99.0,71.0,48.0,20.0,0.0,0.0,0.0,0.0,0.8,1,0,0.6,-1.36,36.66,2.0
A07,89,2024-09-16,11.391841507612002,0.053206656898034055,0.11993720252337439,99.0,20.0,0.0,0.0,0.0,0.0,0.0,0.0,0.8,1,0,0.6,-1.36,36.66,1.0
A07,90,2024-09-23,24.60824704865156,8.946496589420402,0.11993720252337439,99.0,32.0,27.0,0.0,1.0,0.0,0.0,0.0,0.8,1,0,0.6,-1.36,36.66,0.0
A07,91,2024-09-30,23.619797592203128,2.0652224642573174,0.11993720252337439,99.0,0.0,0.0,0.0,0.0,0.0,0.0,0.0,0.8,1,0,0.6,-1.36,36.66,0.0
A07,92,2024-10-07,38.36403203005663,9.635872894373023,0.11993720252337439,99.0,32.0,8.0,8.0,0.0,0.0,0.0,0.0,0.8,1,0,0.6,-1.36,36.66,0.0
A07,93,2024-10-14,40.13215526273866,3.7367205797236736,0.11993720252337439,99.0,22.0,4.0,0.0,0.0,0.0,0.0,0.0,0.8,1,0,0.6,-1.36,36.66,0.0
A07,94,2024-10-21,69.98632756781018,26.63985706265266,0.11993720252337439,99.0,39.0,22.0,0.0,0.0,0.0,0.0,0.0,0.8,1,0,0.6,-1.36,36.66,0.0
A07,95,2024-10-28,49.18922278365296,0.9536980215301369,0.11993720252337439,99.0,32.0,29.0,0.0,0.0,0.0,0.0,0.0,0.8,1,0,0.6,-1.36,36.66,0.0
A07,96,2024-11-04,59.48149485040072,9.481494850360598,0.11993720252337439,99.0,10.0,6.0,0.0,0.0,0.0,0.0,0.0,0.8,1,0,0.6,-1.36,36.66,0.0
A07,97,2024-11-11,54.83410227089921,6.598577509039053,0.11993720252337439,99.0,11.0,4.0,4.0,1.0,0.0,0.0,0.0,0.8,1,0,0.6,-1.36,36.66,0.0
A07,98,2024-11-18,39.186228486939655,-4.160242016540586,0.11993720252337439,99.0,0.0,0.0,0.0,1.0,0.0,0.0,0.0,0.8,1,0,0.6,-1.36,36.66,0.0
A07,99,2024-11-25,41.93778276884653,5.542348095650041,0.11993720252337439,99.0,9.0,9.0,0.0,0.0,0.0,0.0,0.0,0.8,1,0,0.6,-1.36,36.66,0.0
A07,100,2024-12-02,62.797356623125864,34.06919754118867,0.11993720252337439,99.0,33.0,4.0,0.0,1.0,0.0,0.0,0.0,0.8,1,0,0.6,-1.36,36.66,0.0
A07,101,2024-12-09,19.60822565426755,-1.9463491984473542,0.11993720252337439,99.0,70.0,63.0,0.0,0.0,0.0,0.0,0.0,0.8,1,0,0.6,-1.36,36.66,0.0
A07,102,2024-12-16,18.138451761657457,2.4767026209619782,0.11993720252337439,99.0,56.0,44.0,0.0,0.0,0.0,0.0,0.0,0.8,1,0,0.6,-1.36,36.66,0.0
A07,103,2024-12-23,17.609491019396334,6.2708620779493085,0.11993720252337439,99.0,61.0,43.0,0.0,1.0,0.0,0.0,0.0,0.8,1,0,0.6,-1.36,36.66,0.0
A07,104,2024-12-30,7.501789898557087,2.4686048363482174,0.11993720252337439,99.0,15.0,0.0,0.0,1.0,0.0,0.0,0.0,0.8,1,0,0.6,-1.36,36.66,0.0
A07,105,2025-01-06,3.32029970037663,-1.766949335235985,0.11993720252337439,99.0,28.0,19.0,0.0,0.0,0.0,0.0,0.0,0.8,1,0,0.6,-1.36,36.66,1.0
A07,106,2025-01-13,1.4718101501640408,-3.7427878492741904,0.11993720252337439,99.0,57.0,57.0,24.0,1.0,0.0,0.0,0.0,0.8,1,0,0.6,-1.36,36.66,1.0
A07,107,2025-01-20,4.278833781528036,-1.2149510414131663,0.11993720252337439,99.0,62.0,62.0,0.0,1.0,0.0,0.0,0.0,0.8,1,0,0.6,-1.36,36.66,1.0
A07,108,2025-01-27,1.812289777757915,-4.250621071669968,0.11993720252337439,99.0,25.0,22.0,0.0,0.0,0.0,0.0,0.0,0.8,1,0,0.6,-1.36,36.66,1.0
A07,109,2025-02-03,7.763781001074598,0.623341400239454,0.11993720252337439,99.0,23.0,18.0,2.0,0.0,0.0,0.0,0.0,0.8,1,0,0.6,-1.36,36.66,0.0
A07,110,2025-02-10,6.229794747256784,-2.802536017128202,0.11993720252337439,99.0,105.0,83.0,0.0,0.0,1.0,0.0,1.0,0.8,1,0,0.6,-1.36,36.66,0.0
A07,111,2025-02-17,11.165696813936568,-0.9408129268916543,0.11993720252337439,99.0,45.0,21.0,0.0,1.0,0.0,0.0,1.0,0.8,1,0,0.6,-1.36,36.66,0.0
A07,112,2025-02-24,7.923901037546715,-8.792752732594428,0.11993720252337439,99.0,49.0,32.0,0.0,2.0,1.0,0.0,2.0,0.8,1,0,0.6,-1.36,36.66,0.0
A07,113,2025-03-03,8.709759486582302,-14.361893228149823,0.11993720252337439,99.0,76.0,48.0,0.0,3.0,1.0,1.0,5.0,0.8,1,0,0.6,-1.36,36.66,1.0
A07,114,2025-03-10,22.129542410560056,-8.946350099864635,0.11993720252337439,99.0,24.0,24.0,0.0,4.0,3.0,0.0,6.0,0.8,1,0,0.6,-1.36,36.66,1.0
A07,115,2025-03-17,25.823691788536372,-14.375081382065538,0.11993720252337439,99.0,19.0,9.0,0.0,7.0,3.0,0.0,11.0,0.8,1,0,0.6,-1.36,36.66,1.0
A07,116,2025-03-24,27.061756062174194,-22.38733717872888,0.11993720252337439,99.0,9.0,5.0,0.0,9.0,2.0,0.0,15.0,0.8,1,0,0.6,-1.36,36.66,1.0
A07,117,2025-03-31,38.50600943248688,-19.004389710089974,0.11993720252337439,99.0,11.0,11.0,0.0,15.0,6.0,0.0,17.0,0.8,1,0,0.6,-1.36,36.66,3.0
A07,118,2025-04-07,107.92942118540364,44.89645515648328,0.11993720252337439,99.0,54.0,36.0,0.0,13.0,2.0,0.0,16.0,0.8,1,0,0.6,-1.36,36.66,5.0
A07,119,2025-04-14,56.58185186592064,-8.418148134079473,0.11993720252337439,99.0,83.0,34.0,0.0,6.0,2.0,0.0,9.0,0.8,1,0,0.6,-1.36,36.66,7.0
A07,120,2025-04-21,59.15726793305712,-3.8756980958643155,0.11993720252337439,99.0,54.0,32.0,32.0,2.0,2.0,0.0,5.0,0.8,1,0,0.6,-1.36,36.66,8.0
A07,121,2025-04-28,50.227404396354046,-7.282994746232561,0.11993720252337439,99.0,51.0,0.0,0.0,2.0,0.0,0.0,0.0,0.8,1,0,0.6,-1.36,36.66,5.0
A07,122,2025-05-05,53.9454070849119,4.49631384392756,0.11993720252337439,99.0,76.0,7.0,0.0,0.0,0.0,0.0,0.0,0.8,1,0,0.6,-1.36,36.66,3.0
A07,123,2025-05-12,24.44751257136233,-15.751260599864537,0.11993720252337439,99.0,56.0,39.0,19.0,1.0,0.0,0.0,0.0,0.8,1,0,0.6,-1.36,36.66,1.0
A07,124,2025-05-19,9.8402683744696,-21.23562414039187,0.4517833336255077,0.0,59.0,51.0,0.0,1.0,0.0,0.0,0.0,0.8,1,0,0.6,-1.36,36.66,0.0
A07,125,2025-05-26,14.038683794399915,-9.032968949408652,0.7176181530026262,0.0,67.0,13.0,0.0,0.0,0.0,0.0,0.0,0.8,1,0,0.6,-1.36,36.66,1.0
A07,126,2025-06-02,14.436071608667774,-2.2805823373755985,0.7068538807075868,1.0,83.0,44.0,10.0,0.0,0.0,0.0,0.0,0.8,1,0,0.6,-1.36,36.66,1.0
A07,127,2025-06-09,5.604278533164994,-6.502232189994235,0.696251072496973,2.0,5.0,5.0,0.0,0.0,0.0,0.0,0.0,0.8,1,0,0.6,-1.36,36.66,1.0
A07,128,2025-06-16,5.519570280171506,-3.5127655482963407,0.6858073064095185,3.0,66.0,58.0,11.0,0.0,0.0,0.0,0.0,0.8,1,0,0.6,-1.36,36.66,1.0
A07,129,2025-06-23,3.643247273507168,-3.4972164263930874,0.6755201968133757,4.0,75.0,27.0,3.0,0.0,0.0,0.0,0.0,0.8,1,0,0.6,-1.36,36.66,0.0
A07,130,2025-06-30,6.666765475332388,0.6037487600205047,0.6653873938611751,5.0,38.0,29.0,0.0,1.0,0.0,0.0,0.0,0.8,1,0,0.6,-1.36,36.66,1.0
A07,131,2025-07-07,4.642358811018434,-0.8518553192520564,0.6554065829532575,6.0,18.0,18.0,18.0,0.0,0.0,0.0,0.0,0.8,1,0,0.6,-1.36,36.66,1.0
A07,132,2025-07-14,4.258966145691411,-0.9572389319806938,0.6455754842089586,7.0,12.0,12.0,0.0,1.0,0.0,0.0,0.0,0.8,1,0,0.6,-1.36,36.66,1.0
A07,133,2025-07-21,4.114864097165463,-0.9779383796310528,0.6358918519458242,8.0,8.0,0.0,0.0,0.0,0.0,0.0,0.0,0.8,1,0,0.6,-1.36,36.66,1.0
A07,134,2025-07-28,3.2405605503639037,-1.8103396186744445,0.6263534741666368,9.0,0.0,0.0,0.0,0.0,0.0,0.0,0.0,0.8,1,0,0.6,-1.36,36.66,1.0
A07,135,2025-08-04,3.5272311011871675,-1.5367420845852937,0.6169581720541372,10.0,62.0,38.0,19.0,1.0,0.0,0.0,0.0,0.8,1,0,0.6,-1.36,36.66,1.0
A07,136,2025-08-11,2.2090660548493215,-2.9366644665446335,0.6077037994733251,11.0,62.0,49.0,0.0,0.0,1.0,0.0,0.0,0.8,1,0,0.6,-1.36,36.66,1.0
A07,137,2025-08-18,1.6199159041712887,-3.737125498355087,0.5985882424812252,12.0,29.0,5.0,0.0,1.0,0.0,0.0,0.0,0.8,1,0,0.6,-1.36,36.66,1.0
A07,138,2025-08-25,3.9901506777944764,-1.8344096390653366,0.5896094188440069,13.0,51.0,47.0,8.0,0.0,0.0,0.0,0.0,0.8,1,0,0.6,-1.36,36.66,0.0
A07,139,2025-09-01,4.92341425751326,-1.839058197748697,0.5807652775613468,14.0,48.0,20.0,0.0,0.0,0.0,0.0,0.0,0.8,1,0,0.6,-1.36,36.66,0.0
A07,140,2025-09-08,8.415046151729767,-0.06369194371521658,0.85,0.0,44.0,16.0,0.0,2.0,0.0,0.0,0.0,0.8,1,0,0.6,-1.36,36.66,0.0
A07,141,2025-09-15,12.77385529586157,1.4352204451476016,0.8372499999999999,1.0,39.0,28.0,0.0,0.0,0.0,0.0,0.0,0.8,1,0,0.6,-1.36,36.66,0.0
A07,142,2025-09-22,17.635925038044263,1.9741745788131055,0.8246912499999999,2.0,43.0,26.0,0.0,0.0,0.0,0.0,0.0,0.8,1,0,0.6,-1.36,36.66,0.0
A07,143,2025-09-29,9.87984598615365,-11.67472914179216,0.8123208812499999,3.0,92.0,70.0,0.0,0.0,0.0,0.0,0.0,0.8,1,0,0.6,-1.36,36.66,0.0
A07,144,2025-10-06,16.507290271729463,-12.220868863954141,0.8001360680312499,4.0,38.0,20.0,0.0,0.0,0.0,0.0,0.0,0.8,1,0,0.6,-1.36,36.66,0.0
A07,145,2025-10-13,27.988044404758675,-8.407390278256308,0.7881340270107812,5.0,25.0,10.0,6.0,0.0,0.0,0.0,0.0,0.8,1,0,0.6,-1.36,36.66,0.0
A07,146,2025-10-20,68.34777451191405,25.001304006756534,0.7763120166056194,6.0,43.0,23.0,0.0,0.0,0.0,0.0,0.0,0.8,1,0,0.6,-1.36,36.66,0.0
A07,147,2025-10-27,52.63322545923483,4.397700697112008,0.7646673363565352,7.0,43.0,43.0,0.0,0.0,0.0,0.0,0.0,0.8,1,0,0.6,-1.36,36.66,0.0
A07,148,2025-11-03,48.0878283405279,-1.9121716595122251,0.7531973263111871,8.0,45.0,25.0,0.0,0.0,0.0,0.0,0.0,0.8,1,0,0.6,-1.36,36.66,0.0
A07,149,2025-11-10,27.373819866401508,-20.861704895458647,0.7418993664165192,9.0,42.0,42.0,0.0,0.0,0.0,0.0,0.0,0.8,1,0,0.6,-1.36,36.66,0.0
A07,150,2025-11-17,20.683214845635707,-22.663255657844534,0.7307708759202715,10.0,31.0,9.0,0.0,0.0,0.0,0.0,0.0,0.8,1,0,0.6,-1.36,36.66,0.0
A07,151,2025-11-24,31.18004131891634,-5.215393354280149,0.7198093127814674,11.0,28.0,28.0,0.0,0.0,0.0,0.0,0.0,0.8,1,0,0.6,-1.36,36.66,0.0
A07,152,2025-12-01,12.703320752447189,-16.02483832949001,0.7090121730897454,12.0,24.0,9.0,0.0,0.0,0.0,0.0,0.0,0.8,1,0,0.6,-1.36,36.66,0.0
A07,153,2025-12-08,12.888719162194516,-8.665855690520388,0.6983769904933992,13.0,76.0,58.0,0.0,0.0,0.0,0.0,0.0,0.8,1,0,0.6,-1.36,36.66,0.0
A07,154,2025-12-15,9.77928312140491,-5.882466019290568,0.6879013356359982,14.0,36.0,36.0,0.0,0.0,0.0,0.0,0.0,0.8,1,0,0.6,-1.36,36.66,0.0
A07,155,2025-12-22,12.870678007505406,1.5320490660583808,0.6775828156014582,15.0,31.0,31.0,0.0,1.0,0.0,0.0,0.0,0.8,1,0,0.6,-1.36,36.66,0.0
A08,0,2023-01-02,5.556967201905472,0.5237821396966025,0.18120570712858375,99.0,10.0,0.0,0.0,0.0,0.0,0.0,0.0,0.8,0,0,0.45,-1.55,36.95,0.0
A08,1,2023-01-09,2.70781868571921,-2.379430349893405,0.17848762152165498,99.0,17.0,14.0,0.0,1.0,0.0,0.0,0.0,0.8,0,0,0.45,-1.55,36.95,0.0
A08,2,2023-01-16,7.776926261372983,2.562328261934752,0.17581030719883015,99.0,0.0,0.0,0.0,0.0,0.0,0.0,0.0,0.8,0,0,0.45,-1.55,36.95,0.0
A08,3,2023-01-23,5.376853349585837,-0.1169314733553648,0.1731731525908477,99.0,0.0,0.0,0.0,0.0,0.0,0.0,0.0,0.8,0,0,0.45,-1.55,36.95,0.0
A08,4,2023-01-30,7.692566191159078,1.629655341731195,0.17057555530198498,99.0,7.0,0.0,0.0,0.0,0.0,0.0,0.0,0.8,0,0,0.45,-1.55,36.95,0.0
A08,5,2023-02-06,8.65875760987932,1.518318009044176,0.1680169219724552,99.0,8.0,0.0,0.0,1.0,0.0,0.0,0.0,0.8,0,0,0.45,-1.55,36.95,0.0
A08,6,2023-02-13,10.259022890298008,1.2266921259130221,0.16549666814286837,99.0,57.0,14.0,0.0,0.0,0.0,0.0,0.0,0.8,0,0,0.45,-1.55,36.95,0.0
A08,7,2023-02-20,19.955525212197692,7.849015471369469,0.16301421812072533,99.0,9.0,0.0,0.0,0.0,0.0,0.0,0.0,0.8,0,0,0.45,-1.55,36.95,0.0
A08,8,2023-02-27,12.219662053360224,-4.496991716780919,0.16056900484891445,99.0,26.0,5.0,0.0,1.0,0.0,0.0,0.0,0.8,0,0,0.45,-1.55,36.95,0.0
A08,9,2023-03-06,24.065836960960105,0.9941842462279809,0.15816046977618073,99.0,22.0,0.0,0.0,0.0,0.0,0.0,0.0,0.8,0,0,0.45,-1.55,36.95,0.0
A08,10,2023-03-13,49.35253730577076,18.27664479534607,0.15578806272953802,99.0,19.0,0.0,0.0,0.0,0.0,0.0,0.0,0.8,0,0,0.45,-1.55,36.95,0.0
A08,11,2023-03-20,40.53032084965959,0.3315476790576781,0.15345124178859496,99.0,15.0,0.0,0.0,1.0,0.0,0.0,0.0,0.8,0,0,0.45,-1.55,36.95,0.0
A08,12,2023-03-27,35.19855124985984,-14.250541991043235,0.15114947316176602,99.0,32.0,10.0,0.0,1.0,0.0,0.0,0.0,0.8,0,0,0.45,-1.55,36.95,0.0
A08,13,2023-04-03,90.8403624815095,33.32996333893265,0.14888223106433954,99.0,38.0,17.0,0.0,1.0,0.0,0.0,0.0,0.8,0,0,0.45,-1.55,36.95,0.0
A08,14,2023-04-10,116.73244623560521,53.69948020668485,0.14664899759837444,99.0,6.0,0.0,0.0,0.0,0.0,0.0,0.0,0.8,0,0,0.45,-1.55,36.95,0.0
A08,15,2023-04-17,79.98047149277735,14.98047149277724,0.1444492626343988,99.0,22.0,0.0,0.0,0.0,0.0,0.0,0.0,0.8,0,0,0.45,-1.55,36.95,0.0
A08,16,2023-04-24,39.66643847451619,-23.366527554405245,0.1422825236948828,99.0,33.0,11.0,0.0,0.0,0.0,0.0,0.0,0.8,0,0,0.45,-1.55,36.95,0.0
A08,17,2023-05-01,92.03774353787145,34.52734439528484,0.14014828583945957,99.0,71.0,0.0,0.0,1.0,0.0,0.0,0.0,0.8,0,0,0.45,-1.55,36.95,0.0
A08,18,2023-05-08,34.57484912474599,-14.874244116238351,0.13804606155186766,99.0,5.0,0.0,0.0,0.0,0.0,0.0,0.0,0.8,0,0,0.45,-1.55,36.95,0.0
A08,19,2023-05-15,55.983655118143396,15.784881946916528,0.13597537062858964,99.0,17.0,4.0,0.0,0.0,0.0,0.0,0.0,0.8,0,0,0.45,-1.55,36.95,0.0
A08,20,2023-05-22,28.47320788603969,-2.602684628821777,0.13393574006916079,99.0,15.0,0.0,0.0,0.0,0.0,0.0,0.0,0.8,0,0,0.45,-1.55,36.95,0.0
A08,21,2023-05-29,19.21717693856679,-3.8544758052417762,0.13192670396812337,99.0,33.0,23.0,0.0,0.0,0.0,0.0,0.0,0.8,0,0,0.45,-1.55,36.95,0.0
A08,22,2023-06-05,17.901428428207282,1.1847744821639097,0.12994780340860151,99.0,15.0,0.0,0.0,0.0,0.0,0.0,0.0,0.8,0,0,0.45,-1.55,36.95,0.0
A08,23,2023-06-12,14.192771571652402,2.0862608484931737,0.12877562943148083,99.0,34.0,0.0,0.0,0.0,0.0,0.0,0.0,0.8,0,0,0.45,-1.55,36.95,0.0
A08,24,2023-06-19,9.011320965402495,-0.02101486306535172,0.12877562943148083,99.0,0.0,0.0,0.0,0.0,0.0,0.0,0.0,0.8,0,0,0.45,-1.55,36.95,0.0
A08,25,2023-06-26,10.967840686962997,3.827376987062742,0.12877562943148083,99.0,0.0,0.0,0.0,0.0,0.0,0.0,0.0,0.8,0,0,0.45,-1.55,36.95,0.0
A08,26,2023-07-03,6.483281281974423,0.42026456666253953,0.12877562943148083,99.0,0.0,0.0,0.0,0.0,1.0,0.0,0.0,0.8,0,0,0.45,-1.55,36.95,0.0
A08,27,2023-07-10,9.678490205405595,4.184276075135104,0.12877562943148083,99.0,7.0,0.0,0.0,1.0,1.0,0.0,0.0,0.8,0,0,0.45,-1.55,36.95,0.0
A08,28,2023-07-17,7.19455363489463,1.9783485572225255,0.12877562943148083,99.0,0.0,0.0,0.0,1.0,0.0,0.0,0.0,0.8,0,0,0.45,-1.55,36.95,0.0
A08,29,2023-07-24,4.986961432287239,-0.105841044509277,0.12877562943148083,99.0,39.0,11.0,0.0,0.0,0.0,0.0,0.0,0.8,0,0,0.45,-1.55,36.95,0.0
A08,30,2023-07-31,4.662869684231823,-0.38803048480652524,0.12877562943148083,99.0,46.0,0.0,0.0,1.0,0.0,0.0,0.0,0.8,0,0,0.45,-1.55,36.95,0.0
A08,31,2023-08-07,3.5561241732613773,-1.507849012511084,0.12877562943148083,99.0,15.0,3.0,0.0,0.0,0.0,0.0,0.0,0.8,0,0,0.45,-1.55,36.95,2.0
A08,32,2023-08-14,7.121137753089343,1.975407231695388,0.12877562943148083,99.0,22.0,22.0,0.0,1.0,0.0,0.0,0.0,0.8,0,0,0.45,-1.55,36.95,2.0
A08,33,2023-08-21,5.914753100587401,0.5577116980610253,0.12877562943148083,99.0,13.0,0.0,0.0,1.0,0.0,0.0,1.0,0.8,0,0,0.45,-1.55,36.95,2.0
A08,34,2023-08-28,3.1738921141026895,-2.6506682027571236,0.12877562943148083,99.0,27.0,9.0,9.0,0.0,1.0,1.0,2.0,0.8,0,0,0.45,-1.55,36.95,3.0
A08,35,2023-09-04,7.007856780481828,0.24538432521987108,0.12877562943148083,99.0,20.0,0.0,0.0,3.0,2.0,0.0,6.0,0.8,0,0,0.45,-1.55,36.95,3.0
A08,36,2023-09-11,7.731812183960312,-0.7469259114846718,0.12877562943148083,99.0,44.0,34.0,0.0,11.0,1.0,0.0,16.0,0.8,0,0,0.45,-1.55,36.95,5.0
A08,37,2023-09-18,24.602464383009668,13.2638295322957,0.12877562943148083,99.0,0.0,0.0,0.0,6.0,5.0,0.0,23.0,0.8,0,0,0.45,-1.55,36.95,5.0
A08,38,2023-09-25,10.787547940443424,-4.874202518787733,0.12877562943148083,99.0,42.0,0.0,0.0,11.0,4.0,0.0,27.0,0.8,0,0,0.45,-1.55,36.95,5.0
A08,39,2023-10-02,16.26895789291922,-5.285617235026589,0.12877562943148083,99.0,33.0,2.0,2.0,9.0,1.0,0.0,14.0,0.8,0,0,0.45,-1.55,36.95,3.0
A08,40,2023-10-09,52.95861305263745,24.23045391695385,0.12877562943148083,99.0,0.0,0.0,0.0,3.0,1.0,0.0,10.0,0.8,0,0,0.45,-1.55,36.95,1.0
A08,41,2023-10-16,73.14574827550274,36.75031359248776,0.12877562943148083,99.0,23.0,0.0,0.0,2.0,2.0,0.0,4.0,0.8,0,0,0.45,-1.55,36.95,1.0
A08,42,2023-10-23,41.7468835960969,-1.5995869090606192,0.12877562943148083,99.0,2.0,0.0,0.0,2.0,1.0,0.0,4.0,0.8,0,0,0.45,-1.55,36.95,0.0
A08,43,2023-10-30,48.32791244612976,0.09238768400693687,0.12877562943148083,99.0,0.0,0.0,0.0,0.0,0.0,0.0,3.0,0.8,0,0,0.45,-1.55,36.95,0.0
A08,44,2023-11-06,77.54426584815756,27.54426584811744,0.12877562943148083,99.0,0.0,0.0,0.0,3.0,0.0,0.0,1.0,0.8,0,0,0.45,-1.55,36.95,0.0
A08,45,2023-11-13,26.70242539974406,-21.533099362116094,0.12877562943148083,99.0,33.0,12.0,0.0,0.0,0.0,0.0,0.0,0.8,0,0,0.45,-1.55,36.95,0.0
A08,46,2023-11-20,28.24597707548313,-15.100493427997112,0.12877562943148083,99.0,17.0,6.0,0.0,1.0,0.0,0.0,0.0,0.8,0,0,0.45,-1.55,36.95,0.0
A08,47,2023-11-27,41.23676474904507,4.841330075848582,0.12877562943148083,99.0,4.0,4.0,0.0,0.0,0.0,0.0,0.0,0.8,0,0,0.45,-1.55,36.95,0.0
A08,48,2023-12-04,61.774029646870034,33.04587056493284,0.12877562943148083,99.0,0.0,0.0,0.0,1.0,0.0,0.0,0.0,0.8,0,0,0.45,-1.55,36.95,0.0
A08,49,2023-12-11,23.132211990217176,1.577637137502272,0.12877562943148083,99.0,0.0,0.0,0.0,0.0,0.0,0.0,0.0,0.8,0,0,0.45,-1.55,36.95,0.0
A08,50,2023-12-18,20.281168746387927,4.619419605692448,0.12877562943148083,99.0,22.0,0.0,0.0,0.0,0.0,0.0,0.0,0.8,0,0,0.45,-1.55,36.95,0.0
A08,51,2023-12-25,21.07705868925071,9.738429747803684,0.12877562943148083,99.0,0.0,0.0,0.0,1.0,0.0,0.0,0.0,0.8,0,0,0.45,-1.55,36.95,0.0
A08,52,2024-01-01,10.521940553165058,5.488755490956188,0.12877562943148083,99.0,8.0,0.0,0.0,0.0,0.0,0.0,0.0,0.8,0,0,0.45,-1.55,36.95,0.0
A08,53,2024-01-08,4.157193696062515,-0.9300553395501003,0.12877562943148083,99.0,0.0,0.0,0.0,1.0,0.0,0.0,0.0,0.8,0,0,0.45,-1.55,36.95,0.0
A08,54,2024-01-15,5.183959501124128,-0.03063849831410348,0.12877562943148083,99.0,27.0,0.0,0.0,1.0,0.0,0.0,0.0,0.8,0,0,0.45,-1.55,36.95,0.0
A08,55,2024-01-22,10.395122944867536,4.901338121926334,0.12877562943148083,99.0,41.0,11.0,0.0,0.0,0.0,0.0,0.0,0.8,0,0,0.45,-1.55,36.95,0.0
A08,56,2024-01-29,3.558788851150137,-2.5041219982777463,0.12877562943148083,99.0,6.0,0.0,0.0,1.0,0.0,0.0,0.0,0.8,0,0,0.45,-1.55,36.95,0.0
A08,57,2024-02-05,10.231055155445816,3.0906155546106717,0.12877562943148083,99.0,61.0,15.0,0.0,0.0,0.0,0.0,0.0,0.8,0,0,0.45,-1.55,36.95,0.0
A08,58,2024-02-12,6.324304140438908,-2.7080266239460773,0.12877562943148083,99.0,0.0,0.0,0.0,1.0,0.0,0.0,0.0,0.8,0,0,0.45,-1.55,36.95,0.0
A08,59,2024-02-19,12.548594051472353,0.44208431064413034,0.12877562943148083,99.0,32.0,18.0,0.0,1.0,0.0,0.0,0.0,0.8,0,0,0.45,-1.55,36.95,0.0
A08,60,2024-02-26,15.355731434105422,-1.3609223360357205,0.12877562943148083,99.0,11.0,0.0,0.0,0.0,0.0,0.0,0.0,0.8,0,0,0.45,-1.55,36.95,0.0
A08,61,2024-03-04,16.499014444799908,-6.572638269932217,0.12877562943148083,99.0,52.0,38.0,0.0,1.0,0.0,0.0,0.0,0.8,0,0,0.45,-1.55,36.95,0.0
A08,62,2024-03-11,22.028711781906395,-9.047180728518295,0.12877562943148083,99.0,28.0,5.0,0.0,1.0,0.0,0.0,0.0,0.8,0,0,0.45,-1.55,36.95,0.0
A08,63,2024-03-18,44.282143056114826,4.083369885512916,0.12877562943148083,99.0,0.0,0.0,0.0,0.0,0.0,0.0,0.0,0.8,0,0,0.45,-1.55,36.95,0.0
A08,64,2024-03-25,70.06213462763941,20.613041386736334,0.12877562943148083,99.0,22.0,0.0,0.0,0.0,0.0,0.0,0.0,0.8,0,0,0.45,-1.55,36.95,0.0
A08,65,2024-04-01,54.957387652502035,-2.553011490074816,0.12877562943148083,99.0,50.0,23.0,0.0,0.0,0.0,0.0,0.0,0.8,0,0,0.45,-1.55,36.95,0.0
A08,66,2024-04-08,64.59890533654863,1.5659393076282626,0.12877562943148083,99.0,21.0,0.0,0.0,0.0,0.0,0.0,0.0,0.8,0,0,0.45,-1.55,36.95,0.0
A08,67,2024-04-15,79.38410768332312,14.384107683323009,0.12877562943148083,99.0,0.0,0.0,0.0,0.0,0.0,0.0,0.0,0.8,0,0,0.45,-1.55,36.95,0.0
A08,68,2024-04-22,44.862007986932426,-18.17095804198901,0.12877562943148083,99.0,74.0,22.0,0.0,0.0,0.0,0.0,0.0,0.8,0,0,0.45,-1.55,36.95,1.0
A08,69,2024-04-29,74.50439851029013,16.993999367703523,0.12877562943148083,99.0,10.0,0.0,0.0,0.0,0.0,0.0,0.0,0.8,0,0,0.45,-1.55,36.95,1.0
A08,70,2024-05-06,65.87202239371067,16.422929152726326,0.12877562943148083,99.0,4.0,4.0,0.0,0.0,0.0,0.0,0.0,0.8,0,0,0.45,-1.55,36.95,1.0
A08,71,2024-05-13,99.99354976855187,59.794776597325004,0.12877562943148083,99.0,26.0,0.0,0.0,1.0,0.0,0.0,0.0,0.8,0,0,0.45,-1.55,36.95,1.0
A08,72,2024-05-20,27.242980500219527,-3.8329120146419413,0.12877562943148083,99.0,32.0,0.0,0.0,0.0,0.0,0.0,0.0,0.8,0,0,0.45,-1.55,36.95,1.0
A08,73,2024-05-27,19.653905650924713,-3.417747092883854,0.12877562943148083,99.0,16.0,0.0,0.0,0.0,0.0,0.0,0.0,0.8,0,0,0.45,-1.55,36.95,2.0
A08,74,2024-06-03,21.879355474624244,5.162701528580872,0.12877562943148083,99.0,24.0,0.0,0.0,0.0,0.0,0.0,0.0,0.8,0,0,0.45,-1.55,36.95,2.0
A08,75,2024-06-10,16.125951090595454,4.019440367436225,0.12877562943148083,99.0,29.0,0.0,0.0,0.0,0.0,0.0,0.0,0.8,0,0,0.45,-1.55,36.95,2.0
A08,76,2024-06-17,7.4897131910445,-1.5426226374233467,0.12877562943148083,99.0,19.0,6.0,0.0,0.0,0.0,0.0,0.0,0.8,0,0,0.45,-1.55,36.95,2.0
A08,77,2024-06-24,6.200753278981372,-0.9397104209188836,0.12877562943148083,99.0,30.0,0.0,0.0,0.0,0.0,0.0,0.0,0.8,0,0,0.45,-1.55,36.95,1.0
A08,78,2024-07-01,7.327271999567353,1.2642552842554693,0.12877562943148083,99.0,22.0,0.0,0.0,4.0,0.0,0.0,6.0,0.8,0,0,0.45,-1.55,36.95,3.0
A08,79,2024-07-08,4.112540968352898,-1.3816731619175924,0.12877562943148083,99.0,18.0,0.0,0.0,10.0,3.0,0.0,14.0,0.8,0,0,0.45,-1.55,36.95,4.0
A08,80,2024-07-15,4.5180624709929855,-0.6981426066791192,0.12877562943148083,99.0,34.0,0.0,0.0,7.0,6.0,0.0,23.0,0.8,0,0,0.45,-1.55,36.95,4.0
A08,81,2024-07-22,5.255030101401869,0.1622276246053529,0.12877562943148083,99.0,16.0,0.0,0.0,14.0,5.0,0.0,26.0,0.8,0,0,0.45,-1.55,36.95,5.0
A08,82,2024-07-29,7.157387344662171,2.1064871756238226,0.12877562943148083,99.0,59.0,11.0,0.0,10.0,1.0,1.0,21.0,0.8,0,0,0.45,-1.55,36.95,3.0
A08,83,2024-08-05,4.09817549765588,-0.9657976881165808,0.12877562943148083,99.0,42.0,0.0,0.0,10.0,0.0,0.0,17.0,0.8,0,0,0.45,-1.55,36.95,2.0
A08,84,2024-08-12,2.700218738968629,-2.445511782425326,0.12877562943148083,99.0,22.0,0.0,0.0,6.0,3.0,0.0,10.0,0.8,0,0,0.45,-1.55,36.95,1.0
A08,85,2024-08-19,2.7390269563690786,-2.618014446157297,0.12877562943148083,99.0,43.0,19.0,19.0,3.0,1.0,0.0,3.0,0.8,0,0,0.45,-1.55,36.95,1.0
A08,86,2024-08-26,3.748249538135693,-2.07631077872412,0.12877562943148083,99.0,15.0,15.0,15.0,0.0,0.0,0.0,0.0,0.8,0,0,0.45,-1.55,36.95,2.0
A08,87,2024-09-02,4.270709059890947,-2.4917633953710094,0.12877562943148083,99.0,0.0,0.0,0.0,0.0,0.0,0.0,0.0,0.8,0,0,0.45,-1.55,36.95,2.0
A08,88,2024-09-09,8.032114864564404,-0.4466232308805793,0.12877562943148083,99.0,0.0,0.0,0.0,0.0,0.0,0.0,0.0,0.8,0,0,0.45,-1.55,36.95,2.0
A08,89,2024-09-16,7.479065520435293,-3.859569330278674,0.12877562943148083,99.0,20.0,0.0,0.0,0.0,0.0,0.0,0.0,0.8,0,0,0.45,-1.55,36.95,1.0
A08,90,2024-09-23,12.24670874953565,-3.415041709695508,0.12877562943148083,99.0,22.0,0.0,0.0,0.0,0.0,0.0,0.0,0.8,0,0,0.45,-1.55,36.95,0.0
A08,91,2024-09-30,16.43902427493867,-5.115550853007139,0.12877562943148083,99.0,55.0,18.0,18.0,0.0,0.0,0.0,0.0,0.8,0,0,0.45,-1.55,36.95,0.0
A08,92,2024-10-07,24.623469799478972,-4.104689336204633,0.12877562943148083,99.0,33.0,13.0,0.0,0.0,0.0,0.0,0.0,0.8,0,0,0.45,-1.55,36.95,0.0
A08,93,2024-10-14,57.819139958495924,21.42370527548094,0.12877562943148083,99.0,37.0,21.0,0.0,1.0,0.0,0.0,0.0,0.8,0,0,0.45,-1.55,36.95,0.0
A08,94,2024-10-21,54.647689612092705,11.301219106935186,0.12877562943148083,99.0,23.0,0.0,0.0,0.0,0.0,0.0,0.0,0.8,0,0,0.45,-1.55,36.95,0.0
A08,95,2024-10-28,48.50859861164563,0.27307384952280955,0.12877562943148083,99.0,45.0,24.0,0.0,2.0,0.0,0.0,0.0,0.8,0,0,0.45,-1.55,36.95,0.0
A08,96,2024-11-04,42.54931717185583,-7.450682828184291,0.12877562943148083,99.0,18.0,0.0,0.0,0.0,0.0,0.0,0.0,0.8,0,0,0.45,-1.55,36.95,0.0
A08,97,2024-11-11,41.44902454539982,-6.7865002164603325,0.12877562943148083,99.0,18.0,0.0,0.0,0.0,0.0,0.0,0.0,0.8,0,0,0.45,-1.55,36.95,0.0
A08,98,2024-11-18,48.615214904472865,5.268744400992624,0.12877562943148083,99.0,20.0,0.0,0.0,1.0,0.0,0.0,0.0,0.8,0,0,0.45,-1.55,36.95,0.0
A08,99,2024-11-25,44.65215280974691,8.256718136550418,0.12877562943148083,99.0,0.0,0.0,0.0,1.0,0.0,0.0,0.0,0.8,0,0,0.45,-1.55,36.95,0.0
A08,100,2024-12-02,20.90966865973073,-7.818490422206466,0.12877562943148083,99.0,28.0,16.0,0.0,0.0,0.0,0.0,0.0,0.8,0,0,0.45,-1.55,36.95,0.0
A08,101,2024-12-09,21.831553872605465,0.27697901989056106,0.12877562943148083,99.0,24.0,24.0,0.0,0.0,0.0,0.0,0.0,0.8,0,0,0.45,-1.55,36.95,0.0
A08,102,2024-12-16,7.691797721326729,-7.9699514193687495,0.12877562943148083,99.0,17.0,0.0,0.0,0.0,0.0,0.0,0.0,0.8,0,0,0.45,-1.55,36.95,0.0
A08,103,2024-12-23,12.21073167800149,0.8721027365544654,0.12877562943148083,99.0,19.0,0.0,0.0,1.0,0.0,0.0,1.0,0.8,0,0,0.45,-1.55,36.95,0.0
A08,104,2024-12-30,6.5719147708483865,1.5387297086395169,0.12877562943148083,99.0,20.0,0.0,0.0,0.0,0.0,0.0,0.0,0.8,0,0,0.45,-1.55,36.95,0.0
A08,105,2025-01-06,2.9979546848574152,-2.0892943507551998,0.12877562943148083,99.0,48.0,44.0,24.0,1.0,0.0,0.0,0.0,0.8,0,0,0.45,-1.55,36.95,1.0
A08,106,2025-01-13,6.4010595579957155,1.1864615585574843,0.12877562943148083,99.0,11.0,11.0,11.0,0.0,0.0,0.0,0.0,0.8,0,0,0.45,-1.55,36.95,1.0
A08,107,2025-01-20,2.6232160063817513,-2.8705688165594507,0.12877562943148083,99.0,0.0,0.0,0.0,0.0,0.0,0.0,0.0,0.8,0,0,0.45,-1.55,36.95,1.0
A08,108,2025-01-27,4.252517889969145,-1.8103929594587385,0.12877562943148083,99.0,13.0,0.0,0.0,1.0,0.0,0.0,1.0,0.8,0,0,0.45,-1.55,36.95,1.0
A08,109,2025-02-03,4.583453557258778,-2.556986043576366,0.12877562943148083,99.0,41.0,0.0,0.0,1.0,0.0,0.0,1.0,0.8,0,0,0.45,-1.55,36.95,0.0
A08,110,2025-02-10,5.668493285056928,-3.3638374793280574,0.12877562943148083,99.0,24.0,24.0,0.0,1.0,1.0,0.0,2.0,0.8,0,0,0.45,-1.55,36.95,0.0
A08,111,2025-02-17,7.560577893059447,-4.545931847768776,0.12877562943148083,99.0,14.0,3.0,0.0,1.0,0.0,0.0,1.0,0.8,0,0,0.45,-1.55,36.95,0.0
A08,112,2025-02-24,11.280880467727139,-5.435773302414004,0.12877562943148083,99.0,12.0,8.0,0.0,2.0,0.0,0.0,3.0,0.8,0,0,0.45,-1.55,36.95,0.0
A08,113,2025-03-03,20.17829159203387,-2.8933611226982556,0.12877562943148083,99.0,16.0,16.0,16.0,3.0,1.0,1.0,5.0,0.8,0,0,0.45,-1.55,36.95,1.0
A08,114,2025-03-10,32.715766732069845,1.6398742216451545,0.12877562943148083,99.0,40.0,22.0,0.0,2.0,1.0,0.0,5.0,0.8,0,0,0.45,-1.55,36.95,1.0
A08,115,2025-03-17,26.108631679558055,-14.090141491043855,0.12877562943148083,99.0,12.0,0.0,0.0,3.0,1.0,0.0,5.0,0.8,0,0,0.45,-1.55,36.95,1.0
A08,116,2025-03-24,42.75650853300355,-6.6925847078995275,0.12877562943148083,99.0,28.0,0.0,0.0,2.0,1.0,0.0,6.0,0.8,0,0,0.45,-1.55,36.95,1.0
A08,117,2025-03-31,29.240783757626936,-28.269615384949915,0.12877562943148083,99.0,38.0,0.0,0.0,1.0,1.0,0.0,5.0,0.8,0,0,0.45,-1.55,36.95,3.0
A08,118,2025-04-07,53.56840054702577,-9.464565481894596,0.12877562943148083,99.0,0.0,0.0,0.0,1.0,0.0,0.0,5.0,0.8,0,0,0.45,-1.55,36.95,4.0
A08,119,2025-04-14,32.35948963095346,-32.64051036904665,0.12877562943148083,99.0,0.0,0.0,0.0,7.0,2.0,0.0,9.0,0.8,0,0,0.45,-1.55,36.95,6.0
A08,120,2025-04-21,60.01568359843677,-3.017282430484663,0.12877562943148083,99.0,37.0,37.0,37.0,8.0,1.0,0.0,10.0,0.8,0,0,0.45,-1.55,36.95,7.0
A08,121,2025-04-28,81.03710831419839,23.526709171611785,0.12877562943148083,99.0,39.0,17.0,0.0,8.0,2.0,0.0,13.0,0.8,0,0,0.45,-1.55,36.95,4.0
A08,122,2025-05-05,30.797436134616156,-18.651657106368184,0.12877562943148083,99.0,20.0,0.0,0.0,6.0,1.0,0.0,10.0,0.8,0,0,0.45,-1.55,36.95,3.0
A08,123,2025-05-12,12.129777006550851,-28.068996164676015,0.12877562943148083,99.0,0.0,0.0,0.0,6.0,1.0,0.0,9.0,0.8,0,0,0.45,-1.55,36.95,1.0
A08,124,2025-05-19,16.67355473649109,-14.402337778370377,0.5071164485210226,0.0,35.0,0.0,0.0,3.0,0.0,0.0,5.0,0.8,0,0,0.45,-1.55,36.95,0.0
A08,125,2025-05-26,23.08026886692545,0.008616123116883756,0.85,0.0,34.0,0.0,0.0,2.0,0.0,1.0,2.0,0.8,0,0,0.45,-1.55,36.95,0.0
A08,126,2025-06-02,13.186577077614679,-3.5300768684286936,0.8372499999999999,1.0,0.0,0.0,0.0,0.0,0.0,0.0,1.0,0.8,0,0,0.45,-1.55,36.95,0.0
A08,127,2025-06-09,8.585547167645633,-3.520963555513596,0.8246912499999999,2.0,35.0,13.0,13.0,1.0,0.0,0.0,0.0,0.8,0,0,0.45,-1.55,36.95,0.0
A08,128,2025-06-16,8.356686666007805,-0.6756491624600418,0.8123208812499999,3.0,48.0,19.0,0.0,0.0,0.0,0.0,0.0,0.8,0,0,0.45,-1.55,36.95,0.0
A08,129,2025-06-23,5.498929878987148,-1.6415338209131072,0.8001360680312499,4.0,15.0,0.0,0.0,1.0,0.0,0.0,0.0,0.8,0,0,0.45,-1.55,36.95,0.0
A08,130,2025-06-30,6.0353170207762155,-0.02769969453566823,0.7881340270107812,5.0,11.0,11.0,0.0,0.0,0.0,0.0,0.0,0.8,0,0,0.45,-1.55,36.95,0.0
A08,131,2025-07-07,4.9269046604210835,-0.5673094698494072,0.7763120166056194,6.0,9.0,9.0,0.0,0.0,0.0,0.0,0.0,0.8,0,0,0.45,-1.55,36.95,0.0
A08,132,2025-07-14,5.775254838166557,0.5590497604944522,0.7646673363565352,7.0,24.0,24.0,0.0,0.0,0.0,0.0,0.0,0.8,0,0,0.45,-1.55,36.95,0.0
A08,133,2025-07-21,3.7532569279166106,-1.3395455488799053,0.7531973263111871,8.0,52.0,12.0,0.0,0.0,0.0,0.0,0.0,0.8,0,0,0.45,-1.55,36.95,0.0
A08,134,2025-07-28,4.506966690774679,-0.5439334782636696,0.7418993664165192,9.0,19.0,0.0,0.0,0.0,0.0,0.0,0.0,0.8,0,0,0.45,-1.55,36.95,1.0
A08,135,2025-08-04,2.956109359245202,-2.107863826527259,0.7307708759202715,10.0,0.0,0.0,0.0,1.0,0.0,0.0,0.0,0.8,0,0,0.45,-1.55,36.95,1.0
A08,136,2025-08-11,2.709795432104971,-2.435935089288984,0.7198093127814674,11.0,31.0,0.0,0.0,0.0,0.0,0.0,0.0,0.8,0,0,0.45,-1.55,36.95,1.0
A08,137,2025-08-18,6.328084625767166,0.9710432232407902,0.7090121730897454,12.0,10.0,10.0,0.0,0.0,0.0,0.0,0.0,0.8,0,0,0.45,-1.55,36.95,1.0
A08,138,2025-08-25,4.083572569842256,-1.7409877470175568,0.6983769904933992,13.0,10.0,0.0,0.0,0.0,0.0,0.0,0.0,0.8,0,0,0.45,-1.55,36.95,0.0
A08,139,2025-09-01,5.825902091556708,-0.9365703637052487,0.6879013356359982,14.0,52.0,9.0,0.0,0.0,0.0,0.0,0.0,0.8,0,0,0.45,-1.55,36.95,0.0
A08,140,2025-09-08,5.755107481434611,-2.7236306140103723,0.85,0.0,24.0,10.0,0.0,0.0,0.0,0.0,0.0,0.8,0,0,0.45,-1.55,36.95,0.0
A08,141,2025-09-15,6.002358729765407,-5.33627612094856,0.8372499999999999,1.0,25.0,0.0,0.0,0.0,0.0,0.0,0.0,0.8,0,0,0.45,-1.55,36.95,0.0
A08,142,2025-09-22,10.219345683990195,-5.442404775240963,0.8246912499999999,2.0,23.0,23.0,23.0,0.0,0.0,0.0,0.0,0.8,0,0,0.45,-1.55,36.95,0.0
A08,143,2025-09-29,23.15945422618641,1.6048790982405983,0.8123208812499999,3.0,46.0,31.0,0.0,0.0,0.0,0.0,0.0,0.8,0,0,0.45,-1.55,36.95,0.0
A08,144,2025-10-06,22.678762326008293,-6.0493968096753115,0.8001360680312499,4.0,40.0,0.0,0.0,0.0,0.0,0.0,0.0,0.8,0,0,0.45,-1.55,36.95,0.0
A08,145,2025-10-13,12.99604166752475,-23.399393015490233,0.7881340270107812,5.0,54.0,26.0,0.0,1.0,0.0,0.0,0.0,0.8,0,0,0.45,-1.55,36.95,0.0
A08,146,2025-10-20,26.130593835013855,-17.215876670143665,0.7763120166056194,6.0,50.0,0.0,0.0,0.0,0.0,0.0,0.0,0.8,0,0,0.45,-1.55,36.95,0.0
A08,147,2025-10-27,58.505202926564436,10.269678164441615,0.7646673363565352,7.0,12.0,0.0,0.0,0.0,0.0,0.0,0.0,0.8,0,0,0.45,-1.55,36.95,0.0
A08,148,2025-11-03,30.156822646984182,-19.843177353055943,0.7531973263111871,8.0,29.0,12.0,0.0,0.0,0.0,0.0,0.0,0.8,0,0,0.45,-1.55,36.95,0.0
A08,149,2025-11-10,16.69560180288881,-31.539922958971346,0.7418993664165192,9.0,12.0,12.0,0.0,0.0,0.0,0.0,0.0,0.8,0,0,0.45,-1.55,36.95,0.0
A08,150,2025-11-17,54.65329333500245,11.306822831522211,0.7307708759202715,10.0,27.0,6.0,0.0,0.0,0.0,0.0,0.0,0.8,0,0,0.45,-1.55,36.95,0.0
A08,151,2025-11-24,30.039038169350935,-6.356396503845556,0.7198093127814674,11.0,51.0,29.0,0.0,0.0,0.0,0.0,0.0,0.8,0,0,0.45,-1.55,36.95,0.0
A08,152,2025-12-01,18.221284298758675,-10.506874783178521,0.7090121730897454,12.0,36.0,0.0,0.0,0.0,0.0,0.0,0.0,0.8,0,0,0.45,-1.55,36.95,0.0
A08,153,2025-12-08,12.302579556703586,-9.251995296011318,0.6983769904933992,13.0,46.0,0.0,0.0,0.0,0.0,0.0,0.0,0.8,0,0,0.45,-1.55,36.95,0.0
A08,154,2025-12-15,14.868749158412706,-0.7929999822827725,0.6879013356359982,14.0,21.0,0.0,0.0,0.0,0.0,0.0,0.0,0.8,0,0,0.45,-1.55,36.95,0.0
A08,155,2025-12-22,6.096642929033112,-5.241986012413913,0.6775828156014582,15.0,23.0,4.0,0.0,0.0,0.0,0.0,0.0,0.8,0,0,0.45,-1.55,36.95,0.0
A09,0,2023-01-02,9.403540777184995,4.370355714976125,0.34534930242023043,99.0,0.0,0.0,0.0,0.0,0.0,0.0,0.0,0.7,0,0,0.25,-1.9,36.3,0.0
A09,1,2023-01-09,7.687911200978914,2.600662165366299,0.34016906288392695,99.0,0.0,0.0,0.0,0.0,0.0,0.0,0.0,0.7,0,0,0.25,-1.9,36.3,0.0
A09,2,2023-01-16,7.1010611120216245,1.8864631125833933,0.335066526940668,99.0,23.0,0.0,0.0,0.0,1.0,0.0,0.0,0.7,0,0,0.25,-1.9,36.3,0.0
A09,3,2023-01-23,7.226039898717315,1.7322550757761128,0.330040529036558,99.0,0.0,0.0,0.0,0.0,0.0,0.0,0.0,0.7,0,0,0.25,-1.9,36.3,0.0
A09,4,2023-01-30,7.12845671443627,1.0655458650083869,0.32508992110100965,99.0,21.0,0.0,0.0,0.0,0.0,0.0,0.0,0.7,0,0,0.25,-1.9,36.3,0.0
A09,5,2023-02-06,12.869908816116277,5.729469215281133,0.3202135722844945,99.0,33.0,0.0,0.0,0.0,0.0,0.0,0.0,0.7,0,0,0.25,-1.9,36.3,0.0
A09,6,2023-02-13,8.34017340102506,-0.6921573633599252,0.31541036870022704,99.0,8.0,8.0,0.0,0.0,0.0,0.0,0.0,0.7,0,0,0.25,-1.9,36.3,0.0
A09,7,2023-02-20,8.578105285936697,-3.5284044548915254,0.31067921316972363,99.0,9.0,9.0,0.0,0.0,0.0,0.0,0.0,0.7,0,0,0.25,-1.9,36.3,0.0
A09,8,2023-02-27,25.909327748249655,9.192673978108513,0.30601902497217776,99.0,34.0,34.0,0.0,1.0,0.0,0.0,0.0,0.7,0,0,0.25,-1.9,36.3,0.0
A09,9,2023-03-06,35.969871126195905,12.89821841146378,0.3014287395975951,99.0,3.0,0.0,0.0,0.0,0.0,0.0,0.0,0.7,0,0,0.25,-1.9,36.3,0.0
A09,10,2023-03-13,45.95489228343246,14.878999773007767,0.2969073085036312,99.0,27.0,23.0,0.0,1.0,0.0,0.0,0.0,0.7,0,0,0.25,-1.9,36.3,0.0
A09,11,2023-03-20,57.956049595120795,17.757276424518885,0.2924536988760767,99.0,7.0,0.0,0.0,0.0,0.0,0.0,0.0,0.7,0,0,0.25,-1.9,36.3,0.0
A09,12,2023-03-27,55.25164644751987,5.802553206616793,0.28806689339293556,99.0,4.0,0.0,0.0,0.0,0.0,0.0,0.0,0.7,0,0,0.25,-1.9,36.3,0.0
A09,13,2023-04-03,94.70135268189318,37.19095353931633,0.28374588999204153,99.0,0.0,0.0,0.0,0.0,0.0,0.0,0.0,0.7,0,0,0.25,-1.9,36.3,0.0
A09,14,2023-04-10,77.54481806199396,14.511852033073602,0.2794897016421609,99.0,0.0,0.0,0.0,0.0,0.0,0.0,0.0,0.7,0,0,0.25,-1.9,36.3,0.0
A09,15,2023-04-17,68.51420355381852,3.5142035538184047,0.2752973561175285,99.0,24.0,24.0,0.0,1.0,1.0,0.0,1.0,0.7,0,0,0.25,-1.9,36.3,0.0
A09,16,2023-04-24,70.64303020754873,7.610064178627297,0.27116789577576556,99.0,14.0,0.0,0.0,0.0,0.0,0.0,1.0,0.7,0,0,0.25,-1.9,36.3,0.0
A09,17,2023-05-01,145.81420342202864,88.30380427944203,0.26710037733912906,99.0,0.0,0.0,0.0,0.0,0.0,0.0,0.0,0.7,0,0,0.25,-1.9,36.3,0.0
A09,18,2023-05-08,33.67802823647988,-15.771065004504457,0.26309387167904214,99.0,49.0,15.0,0.0,0.0,0.0,0.0,0.0,0.7,0,0,0.25,-1.9,36.3,0.0
A09,19,2023-05-15,59.853856429973995,19.655083258747126,0.2591474636038565,99.0,19.0,0.0,0.0,0.0,0.0,0.0,0.0,0.7,0,0,0.25,-1.9,36.3,0.0
A09,20,2023-05-22,21.582596232645923,-9.493296282215546,0.25526025164979865,99.0,10.0,0.0,0.0,0.0,0.0,0.0,0.0,0.7,0,0,0.25,-1.9,36.3,0.0
A09,21,2023-05-29,27.767508909262993,4.695856165454426,0.25143134787505167,99.0,55.0,31.0,0.0,1.0,0.0,0.0,0.0,0.7,0,0,0.25,-1.9,36.3,0.0
A09,22,2023-06-05,17.95339792200087,1.2367439759574985,0.2476598776569259,99.0,0.0,0.0,0.0,0.0,0.0,0.0,0.0,0.7,0,0,0.25,-1.9,36.3,0.0
A09,23,2023-06-12,7.294546627556956,-4.8119640956022725,0.24542590019711807,99.0,24.0,13.0,0.0,0.0,0.0,0.0,0.0,0.7,0,0,0.25,-1.9,36.3,0.0
A09,24,2023-06-19,12.937340160346444,3.9050043318785974,0.24542590019711807,99.0,36.0,22.0,0.0,0.0,1.0,0.0,0.0,0.7,0,0,0.25,-1.9,36.3,0.0
A09,25,2023-06-26,7.8139292923747865,0.673465592474531,0.24542590019711807,99.0,28.0,0.0,0.0,0.0,0.0,0.0,0.0,0.7,0,0,0.25,-1.9,36.3,0.0
A09,26,2023-07-03,3.6350716264016216,-2.427945088910262,0.24542590019711807,99.0,69.0,15.0,0.0,0.0,0.0,0.0,0.0,0.7,0,0,0.25,-1.9,36.3,0.0
A09,27,2023-07-10,9.213667185089744,3.719453054819253,0.24542590019711807,99.0,8.0,0.0,0.0,0.0,0.0,0.0,0.0,0.7,0,0,0.25,-1.9,36.3,0.0
A09,28,2023-07-17,10.774323550683453,5.558118473011349,0.24542590019711807,99.0,16.0,0.0,0.0,1.0,0.0,0.0,0.0,0.7,0,0,0.25,-1.9,36.3,0.0
A09,29,2023-07-24,10.724333678406378,5.631531201609862,0.24542590019711807,99.0,5.0,5.0,0.0,1.0,0.0,0.0,0.0,0.7,0,0,0.25,-1.9,36.3,0.0
A09,30,2023-07-31,7.158817289082874,2.107917120044526,0.24542590019711807,99.0,0.0,0.0,0.0,2.0,0.0,0.0,1.0,0.7,0,0,0.25,-1.9,36.3,0.0
A09,31,2023-08-07,6.4328346556687634,1.3688614698963022,0.24542590019711807,99.0,13.0,0.0,0.0,2.0,0.0,0.0,1.0,0.7,0,0,0.25,-1.9,36.3,1.0
A09,32,2023-08-14,10.238608426223722,5.092877904829767,0.24542590019711807,99.0,16.0,0.0,0.0,0.0,1.0,0.0,2.0,0.7,0,0,0.25,-1.9,36.3,1.0
A09,33,2023-08-21,12.065976733291215,6.70893533076484,0.24542590019711807,99.0,0.0,0.0,0.0,1.0,1.0,0.0,4.0,0.7,0,0,0.25,-1.9,36.3,1.0
A09,34,2023-08-28,10.826275670977388,5.001715354117575,0.24542590019711807,99.0,21.0,0.0,0.0,3.0,0.0,0.0,11.0,0.7,0,0,0.25,-1.9,36.3,3.0
A09,35,2023-09-04,6.079934734960948,-0.682537720301009,0.24542590019711807,99.0,8.0,8.0,0.0,6.0,3.0,0.0,17.0,0.7,0,0,0.25,-1.9,36.3,4.0
A09,36,2023-09-11,11.37224660883625,2.893508513391266,0.24542590019711807,99.0,10.0,0.0,0.0,7.0,1.0,1.0,22.0,0.7,0,0,0.25,-1.9,36.3,5.0
A09,37,2023-09-18,16.530218156135717,5.19158330542175,0.24542590019711807,99.0,24.0,0.0,0.0,5.0,1.0,0.0,17.0,0.7,0,0,0.25,-1.9,36.3,5.0
A09,38,2023-09-25,10.391613384746798,-5.27013707448436,0.24542590019711807,99.0,13.0,0.0,0.0,3.0,0.0,0.0,9.0,0.7,0,0,0.25,-1.9,36.3,4.0
A09,39,2023-10-02,31.75365634304389,10.19908121509808,0.24542590019711807,99.0,16.0,12.0,0.0,0.0,1.0,0.0,5.0,0.7,0,0,0.25,-1.9,36.3,3.0
A09,40,2023-10-09,79.5645376528154,50.8363785171318,0.24542590019711807,99.0,0.0,0.0,0.0,0.0,0.0,0.0,2.0,0.7,0,0,0.25,-1.9,36.3,2.0
A09,41,2023-10-16,56.915320349703244,20.51988566668826,0.24542590019711807,99.0,11.0,11.0,9.0,0.0,0.0,0.0,1.0,0.7,0,0,0.25,-1.9,36.3,2.0
A09,42,2023-10-23,90.74591071741467,47.399440212257154,0.24542590019711807,99.0,18.0,18.0,0.0,1.0,0.0,0.0,0.0,0.7,0,0,0.25,-1.9,36.3,1.0
A09,43,2023-10-30,64.28070347352208,16.04517871139926,0.24542590019711807,99.0,14.0,0.0,0.0,0.0,0.0,0.0,0.0,0.7,0,0,0.25,-1.9,36.3,0.0
A09,44,2023-11-06,60.918697259337094,10.91869725929697,0.24542590019711807,99.0,11.0,0.0,0.0,0.0,0.0,0.0,0.0,0.7,0,0,0.25,-1.9,36.3,0.0
A09,45,2023-11-13,68.90193871218082,20.666413950320667,0.24542590019711807,99.0,0.0,0.0,0.0,0.0,0.0,0.0,0.0,0.7,0,0,0.25,-1.9,36.3,0.0
A09,46,2023-11-20,40.724484886521715,-2.6219856169585256,0.24542590019711807,99.0,34.0,20.0,20.0,0.0,0.0,0.0,0.0,0.7,0,0,0.25,-1.9,36.3,0.0
A09,47,2023-11-27,32.46834392216446,-3.9270907510320328,0.24542590019711807,99.0,0.0,0.0,0.0,1.0,0.0,0.0,0.0,0.7,0,0,0.25,-1.9,36.3,0.0
A09,48,2023-12-04,55.9371053466137,27.208946264676502,0.24542590019711807,99.0,4.0,0.0,0.0,0.0,0.0,0.0,0.0,0.7,0,0,0.25,-1.9,36.3,0.0
A09,49,2023-12-11,43.556173745328614,22.00159889261371,0.24542590019711807,99.0,52.0,11.0,0.0,0.0,0.0,0.0,0.0,0.7,0,0,0.25,-1.9,36.3,0.0
A09,50,2023-12-18,13.83882046433349,-1.8229286763619896,0.24542590019711807,99.0,9.0,0.0,0.0,0.0,0.0,0.0,0.0,0.7,0,0,0.25,-1.9,36.3,0.0
A09,51,2023-12-25,19.88883500517417,8.550206063727144,0.24542590019711807,99.0,9.0,0.0,0.0,0.0,0.0,0.0,0.0,0.7,0,0,0.25,-1.9,36.3,0.0
A09,52,2024-01-01,4.882302856680339,-0.15088220552853038,0.24542590019711807,99.0,67.0,13.0,0.0,2.0,0.0,0.0,0.0,0.7,0,0,0.25,-1.9,36.3,0.0
A09,53,2024-01-08,5.729740381229943,0.6424913456173282,0.24542590019711807,99.0,0.0,0.0,0.0,0.0,0.0,0.0,0.0,0.7,0,0,0.25,-1.9,36.3,0.0
A09,54,2024-01-15,6.125978653590108,0.911380654151877,0.24542590019711807,99.0,0.0,0.0,0.0,0.0,1.0,0.0,0.0,0.7,0,0,0.25,-1.9,36.3,0.0
A09,55,2024-01-22,7.780651576853121,2.2868667539119185,0.24542590019711807,99.0,56.0,40.0,0.0,0.0,0.0,0.0,0.0,0.7,0,0,0.25,-1.9,36.3,0.0
A09,56,2024-01-29,6.241006039077823,0.1780951896499401,0.24542590019711807,99.0,10.0,10.0,0.0,0.0,0.0,0.0,0.0,0.7,0,0,0.25,-1.9,36.3,0.0
A09,57,2024-02-05,11.696984125868681,4.556544525033537,0.24542590019711807,99.0,32.0,19.0,0.0,0.0,1.0,0.0,0.0,0.7,0,0,0.25,-1.9,36.3,0.0
A09,58,2024-02-12,10.06541148966645,1.033080725281465,0.24542590019711807,99.0,0.0,0.0,0.0,0.0,0.0,0.0,0.0,0.7,0,0,0.25,-1.9,36.3,0.0
A09,59,2024-02-19,15.062493781575348,2.9559840407471256,0.24542590019711807,99.0,8.0,8.0,0.0,1.0,0.0,0.0,0.0,0.7,0,0,0.25,-1.9,36.3,0.0
A09,60,2024-02-26,12.487942105906937,-4.228711664234206,0.24542590019711807,99.0,0.0,0.0,0.0,0.0,0.0,0.0,0.0,0.7,0,0,0.25,-1.9,36.3,0.0
A09,61,2024-03-04,49.11356956461299,26.041916849880863,0.24542590019711807,99.0,14.0,0.0,0.0,0.0,0.0,0.0,0.0,0.7,0,0,0.25,-1.9,36.3,0.0
A09,62,2024-03-11,36.63012836960203,5.554235859177343,0.24542590019711807,99.0,6.0,0.0,0.0,0.0,0.0,0.0,0.0,0.7,0,0,0.25,-1.9,36.3,0.0
A09,63,2024-03-18,51.59297789320679,11.394204722604883,0.24542590019711807,99.0,38.0,24.0,0.0,1.0,0.0,0.0,0.0,0.7,0,0,0.25,-1.9,36.3,0.0
A09,64,2024-03-25,28.164960984240473,-21.284132256662602,0.24542590019711807,99.0,3.0,0.0,0.0,0.0,0.0,0.0,0.0,0.7,0,0,0.25,-1.9,36.3,0.0
A09,65,2024-04-01,43.121429513190954,-14.388969629385898,0.24542590019711807,99.0,43.0,0.0,0.0,1.0,0.0,0.0,0.0,0.7,0,0,0.25,-1.9,36.3,0.0
A09,66,2024-04-08,97.21423492654647,34.181268897626104,0.24542590019711807,99.0,12.0,0.0,0.0,1.0,0.0,0.0,0.0,0.7,0,0,0.25,-1.9,36.3,0.0
A09,67,2024-04-15,71.86570444537237,6.865704445372259,0.24542590019711807,99.0,0.0,0.0,0.0,0.0,1.0,0.0,0.0,0.7,0,0,0.25,-1.9,36.3,0.0
A09,68,2024-04-22,32.260221947838325,-30.77274408108311,0.24542590019711807,99.0,30.0,30.0,0.0,0.0,0.0,0.0,0.0,0.7,0,0,0.25,-1.9,36.3,0.0
A09,69,2024-04-29,82.71221231905662,25.20181317647001,0.24542590019711807,99.0,9.0,9.0,0.0,1.0,0.0,0.0,0.0,0.7,0,0,0.25,-1.9,36.3,0.0
A09,70,2024-05-06,40.879133091381654,-8.569960149602686,0.24542590019711807,99.0,0.0,0.0,0.0,0.0,0.0,0.0,0.0,0.7,0,0,0.25,-1.9,36.3,0.0
A09,71,2024-05-13,65.87753065161532,25.678757480388448,0.24542590019711807,99.0,6.0,0.0,0.0,0.0,0.0,0.0,0.0,0.7,0,0,0.25,-1.9,36.3,0.0
A09,72,2024-05-20,30.135077864509366,-0.9408146503521024,0.24542590019711807,99.0,38.0,0.0,0.0,0.0,0.0,0.0,0.0,0.7,0,0,0.25,-1.9,36.3,1.0
A09,73,2024-05-27,24.7853325833415,1.713679839532933,0.24542590019711807,99.0,19.0,0.0,0.0,0.0,0.0,0.0,0.0,0.7,0,0,0.25,-1.9,36.3,2.0
A09,74,2024-06-03,25.255389217200864,8.538735271157492,0.24542590019711807,99.0,0.0,0.0,0.0,0.0,0.0,0.0,0.0,0.7,0,0,0.25,-1.9,36.3,2.0
A09,75,2024-06-10,8.842952767832422,-3.2635579553268066,0.24542590019711807,99.0,86.0,23.0,0.0,0.0,0.0,0.0,1.0,0.7,0,0,0.25,-1.9,36.3,2.0
A09,76,2024-06-17,6.380934917956168,-2.651400910511679,0.24542590019711807,99.0,14.0,14.0,6.0,3.0,0.0,0.0,7.0,0.7,0,0,0.25,-1.9,36.3,2.0
A09,77,2024-06-24,6.665888619946135,-0.4745750799541204,0.24542590019711807,99.0,0.0,0.0,0.0,5.0,1.0,0.0,12.0,0.7,0,0,0.25,-1.9,36.3,1.0
A09,78,2024-07-01,8.09881669436089,2.0357999790490062,0.24542590019711807,99.0,5.0,3.0,3.0,3.0,1.0,0.0,14.0,0.7,0,0,0.25,-1.9,36.3,3.0
A09,79,2024-07-08,3.448324716870849,-2.045889413399642,0.24542590019711807,99.0,24.0,24.0,0.0,7.0,2.0,1.0,19.0,0.7,0,0,0.25,-1.9,36.3,4.0
A09,80,2024-07-15,2.909432459109934,-2.306772618562171,0.24542590019711807,99.0,11.0,0.0,0.0,9.0,1.0,0.0,13.0,0.7,0,0,0.25,-1.9,36.3,3.0
A09,81,2024-07-22,6.794616370163272,1.7018138933667561,0.24542590019711807,99.0,26.0,13.0,13.0,4.0,1.0,0.0,10.0,0.7,0,0,0.25,-1.9,36.3,4.0
A09,82,2024-07-29,4.08991451680111,-0.9609856522372384,0.24542590019711807,99.0,23.0,7.0,0.0,3.0,1.0,0.0,7.0,0.7,0,0,0.25,-1.9,36.3,3.0
A09,83,2024-08-05,4.414401592522647,-0.6495715932498145,0.24542590019711807,99.0,28.0,10.0,10.0,2.0,0.0,0.0,2.0,0.7,0,0,0.25,-1.9,36.3,2.0
A09,84,2024-08-12,2.686619482075514,-2.459111039318441,0.24542590019711807,99.0,12.0,0.0,0.0,0.0,0.0,0.0,0.0,0.7,0,0,0.25,-1.9,36.3,2.0
A09,85,2024-08-19,4.223943141623414,-1.1330982609029618,0.24542590019711807,99.0,24.0,24.0,0.0,0.0,1.0,0.0,0.0,0.7,0,0,0.25,-1.9,36.3,2.0
A09,86,2024-08-26,5.809154066525138,-0.015406250334675242,0.24542590019711807,99.0,29.0,0.0,0.0,0.0,0.0,0.0,0.0,0.7,0,0,0.25,-1.9,36.3,2.0
A09,87,2024-09-02,9.36538851767999,2.602916062418034,0.24542590019711807,99.0,34.0,0.0,0.0,0.0,0.0,0.0,0.0,0.7,0,0,0.25,-1.9,36.3,2.0
A09,88,2024-09-09,6.47294427732659,-2.005793818118393,0.24542590019711807,99.0,26.0,0.0,0.0,0.0,0.0,0.0,0.0,0.7,0,0,0.25,-1.9,36.3,2.0
A09,89,2024-09-16,20.252891016298403,8.914256165584435,0.24542590019711807,99.0,0.0,0.0,0.0,1.0,0.0,0.0,0.0,0.7,0,0,0.25,-1.9,36.3,1.0
A09,90,2024-09-23,12.32496468806267,-3.336785771168488,0.24542590019711807,99.0,22.0,22.0,0.0,0.0,0.0,0.0,0.0,0.7,0,0,0.25,-1.9,36.3,0.0
A09,91,2024-09-30,16.970999344132988,-4.583575783812822,0.24542590019711807,99.0,16.0,0.0,0.0,1.0,0.0,0.0,0.0,0.7,0,0,0.25,-1.9,36.3,0.0
A09,92,2024-10-07,49.202918432152984,20.47475929646938,0.24542590019711807,99.0,92.0,50.0,0.0,0.0,0.0,0.0,0.0,0.7,0,0,0.25,-1.9,36.3,0.0
A09,93,2024-10-14,39.191284947372196,2.795850264357213,0.24542590019711807,99.0,0.0,0.0,0.0,1.0,0.0,0.0,0.0,0.7,0,0,0.25,-1.9,36.3,1.0
A09,94,2024-10-21,35.73092735404111,-7.6155431511164124,0.24542590019711807,99.0,38.0,24.0,0.0,1.0,0.0,0.0,0.0,0.7,0,0,0.25,-1.9,36.3,1.0
A09,95,2024-10-28,45.68633244441294,-2.549192317709881,0.24542590019711807,99.0,27.0,19.0,0.0,0.0,0.0,0.0,0.0,0.7,0,0,0.25,-1.9,36.3,1.0
A09,96,2024-11-04,80.28628084234528,30.286280842305153,0.24542590019711807,99.0,0.0,0.0,0.0,0.0,0.0,0.0,0.0,0.7,0,0,0.25,-1.9,36.3,1.0
A09,97,2024-11-11,80.58131225153357,32.34578748967342,0.24542590019711807,99.0,26.0,0.0,0.0,1.0,0.0,0.0,0.0,0.7,0,0,0.25,-1.9,36.3,0.0
A09,98,2024-11-18,32.56856855632087,-10.777901947159371,0.24542590019711807,99.0,3.0,0.0,0.0,1.0,0.0,0.0,0.0,0.7,0,0,0.25,-1.9,36.3,0.0
A09,99,2024-11-25,35.858889935240775,-0.5365447379557153,0.24542590019711807,99.0,31.0,7.0,0.0,0.0,0.0,0.0,0.0,0.7,0,0,0.25,-1.9,36.3,0.0
A09,100,2024-12-02,29.649127077431757,0.9209679954945607,0.24542590019711807,99.0,0.0,0.0,0.0,0.0,0.0,0.0,0.0,0.7,0,0,0.25,-1.9,36.3,0.0
A09,101,2024-12-09,15.262579457559346,-6.291995395155558,0.24542590019711807,99.0,20.0,0.0,0.0,0.0,0.0,0.0,0.0,0.7,0,0,0.25,-1.9,36.3,0.0
A09,102,2024-12-16,15.359460612141586,-0.302288528553893,0.24542590019711807,99.0,50.0,21.0,0.0,0.0,0.0,0.0,0.0,0.7,0,0,0.25,-1.9,36.3,0.0
A09,103,2024-12-23,11.359772509426591,0.021143567979565958,0.24542590019711807,99.0,43.0,0.0,0.0,2.0,0.0,0.0,0.0,0.7,0,0,0.25,-1.9,36.3,0.0
A09,104,2024-12-30,7.501674891728451,2.468489829519581,0.24542590019711807,99.0,0.0,0.0,0.0,0.0,0.0,0.0,0.0,0.7,0,0,0.25,-1.9,36.3,0.0
A09,105,2025-01-06,5.045784104142865,-0.04146493146974972,0.24542590019711807,99.0,17.0,17.0,0.0,1.0,0.0,0.0,0.0,0.7,0,0,0.25,-1.9,36.3,1.0
A09,106,2025-01-13,3.020600928456437,-2.193997070981794,0.24542590019711807,99.0,0.0,0.0,0.0,0.0,0.0,0.0,0.0,0.7,0,0,0.25,-1.9,36.3,1.0
A09,107,2025-01-20,3.313320652018296,-2.1804641709229062,0.24542590019711807,99.0,27.0,12.0,0.0,1.0,0.0,0.0,0.0,0.7,0,0,0.25,-1.9,36.3,1.0
A09,108,2025-01-27,4.972433770849396,-1.0904770785784867,0.24542590019711807,99.0,47.0,24.0,0.0,2.0,0.0,0.0,0.0,0.7,0,0,0.25,-1.9,36.3,1.0
A09,109,2025-02-03,3.7817069054024914,-3.3587326954326526,0.24542590019711807,99.0,0.0,0.0,0.0,0.0,0.0,0.0,0.0,0.7,0,0,0.25,-1.9,36.3,0.0
A09,110,2025-02-10,7.214202009978118,-1.8181287544068674,0.24542590019711807,99.0,7.0,7.0,0.0,0.0,0.0,0.0,0.0,0.7,0,0,0.25,-1.9,36.3,0.0
A09,111,2025-02-17,7.630803260596337,-4.475706480231886,0.24542590019711807,99.0,49.0,49.0,0.0,0.0,0.0,0.0,0.0,0.7,0,0,0.25,-1.9,36.3,0.0
A09,112,2025-02-24,7.739468654544161,-8.977185115596981,0.24542590019711807,99.0,29.0,17.0,0.0,1.0,1.0,0.0,0.0,0.7,0,0,0.25,-1.9,36.3,0.0
A09,113,2025-03-03,10.728770267692296,-12.342882447039829,0.24542590019711807,99.0,56.0,0.0,0.0,1.0,0.0,0.0,0.0,0.7,0,0,0.25,-1.9,36.3,2.0
A09,114,2025-03-10,33.51925284957284,2.443360339148146,0.24542590019711807,99.0,38.0,7.0,0.0,0.0,0.0,0.0,0.0,0.7,0,0,0.25,-1.9,36.3,2.0
A09,115,2025-03-17,24.737147055134834,-15.461626115467077,0.24542590019711807,99.0,24.0,7.0,0.0,1.0,0.0,0.0,1.0,0.7,0,0,0.25,-1.9,36.3,2.0
A09,116,2025-03-24,57.07035116627221,7.621257925369136,0.24542590019711807,99.0,25.0,18.0,14.0,1.0,1.0,0.0,8.0,0.7,0,0,0.25,-1.9,36.3,2.0
A09,117,2025-03-31,31.230968378205436,-26.279430764371416,0.24542590019711807,99.0,19.0,0.0,0.0,4.0,2.0,0.0,13.0,0.7,0,0,0.25,-1.9,36.3,3.0
A09,118,2025-04-07,45.36753513579127,-17.66543089312909,0.24542590019711807,99.0,0.0,0.0,0.0,5.0,2.0,0.0,17.0,0.7,0,0,0.25,-1.9,36.3,4.0
A09,119,2025-04-14,97.6159797398084,32.61597973980828,0.24542590019711807,99.0,22.0,0.0,0.0,5.0,1.0,1.0,15.0,0.7,0,0,0.25,-1.9,36.3,4.0
A09,120,2025-04-21,28.29795620421955,-34.73500982470189,0.24542590019711807,99.0,56.0,7.0,7.0,4.0,2.0,0.0,14.0,0.7,0,0,0.25,-1.9,36.3,5.0
A09,121,2025-04-28,19.239160188669977,-38.27123895391663,0.24542590019711807,99.0,27.0,10.0,10.0,0.0,1.0,0.0,10.0,0.7,0,0,0.25,-1.9,36.3,2.0
A09,122,2025-05-05,50.42400497492319,0.9749117339388533,0.24542590019711807,99.0,29.0,0.0,0.0,1.0,0.0,0.0,5.0,0.7,0,0,0.25,-1.9,36.3,1.0
A09,123,2025-05-12,19.563593686809714,-20.635179484417154,0.24542590019711807,99.0,22.0,0.0,0.0,2.0,1.0,0.0,2.0,0.7,0,0,0.25,-1.9,36.3,2.0
A09,124,2025-05-19,20.053470173658923,-11.022422341202546,0.5140094915903717,0.0,25.0,20.0,20.0,0.0,0.0,0.0,0.0,0.7,0,0,0.25,-1.9,36.3,1.0
A09,125,2025-05-26,12.216047060315912,-10.855605683492655,0.85,0.0,29.0,0.0,0.0,1.0,0.0,0.0,0.0,0.7,0,0,0.25,-1.9,36.3,2.0
A09,126,2025-06-02,11.935050869896552,-4.781603076146821,0.8372499999999999,1.0,18.0,0.0,0.0,0.0,0.0,0.0,0.0,0.7,0,0,0.25,-1.9,36.3,2.0
A09,127,2025-06-09,5.642192863773493,-6.464317859385735,0.8246912499999999,2.0,0.0,0.0,0.0,0.0,0.0,0.0,0.0,0.7,0,0,0.25,-1.9,36.3,1.0
A09,128,2025-06-16,5.512669901191339,-3.519665927276508,0.8123208812499999,3.0,10.0,0.0,0.0,0.0,0.0,0.0,0.0,0.7,0,0,0.25,-1.9,36.3,1.0
A09,129,2025-06-23,5.432666961001823,-1.7077967388984323,0.8001360680312499,4.0,7.0,0.0,0.0,0.0,0.0,0.0,0.0,0.7,0,0,0.25,-1.9,36.3,0.0
A09,130,2025-06-30,2.76908366257272,-3.2939330527391637,0.7881340270107812,5.0,39.0,11.0,0.0,1.0,0.0,0.0,0.0,0.7,0,0,0.25,-1.9,36.3,0.0
A09,131,2025-07-07,2.7951429095799676,-2.699071220690523,0.7763120166056194,6.0,2.0,2.0,0.0,0.0,0.0,0.0,0.0,0.7,0,0,0.25,-1.9,36.3,0.0
A09,132,2025-07-14,3.0023737717462606,-2.213831305925844,0.7646673363565352,7.0,54.0,19.0,0.0,1.0,0.0,0.0,0.0,0.7,0,0,0.25,-1.9,36.3,0.0
A09,133,2025-07-21,2.0076400861659485,-3.0851623906305674,0.7531973263111871,8.0,0.0,0.0,0.0,0.0,0.0,0.0,0.0,0.7,0,0,0.25,-1.9,36.3,0.0
A09,134,2025-07-28,2.8317282622293605,-2.2191719068089877,0.7418993664165192,9.0,18.0,18.0,0.0,0.0,0.0,0.0,0.0,0.7,0,0,0.25,-1.9,36.3,0.0
A09,135,2025-08-04,3.4313276718793473,-1.632645513893114,0.7307708759202715,10.0,21.0,2.0,0.0,0.0,0.0,0.0,0.0,0.7,0,0,0.25,-1.9,36.3,0.0
A09,136,2025-08-11,2.9082231700901673,-2.2375073513037878,0.7198093127814674,11.0,36.0,0.0,0.0,0.0,0.0,0.0,0.0,0.7,0,0,0.25,-1.9,36.3,0.0
A09,137,2025-08-18,3.1665642171246744,-2.190477185401701,0.7090121730897454,12.0,4.0,0.0,0.0,0.0,0.0,0.0,0.0,0.7,0,0,0.25,-1.9,36.3,0.0
A09,138,2025-08-25,3.7596843845859866,-2.0648759322738264,0.6983769904933992,13.0,11.0,11.0,0.0,0.0,0.0,0.0,0.0,0.7,0,0,0.25,-1.9,36.3,0.0
A09,139,2025-09-01,3.494168524399656,-3.268303930862301,0.6879013356359982,14.0,0.0,0.0,0.0,0.0,0.0,0.0,0.0,0.7,0,0,0.25,-1.9,36.3,0.0
A09,140,2025-09-08,7.019209544450078,-1.4595285509949054,0.85,0.0,24.0,0.0,0.0,1.0,0.0,0.0,0.0,0.7,0,0,0.25,-1.9,36.3,0.0
A09,141,2025-09-15,12.182802609391196,0.8441677586772283,0.8372499999999999,1.0,0.0,0.0,0.0,0.0,0.0,0.0,0.0,0.7,0,0,0.25,-1.9,36.3,0.0
A09,142,2025-09-22,8.652994188095155,-7.0087562711360025,0.8246912499999999,2.0,0.0,0.0,0.0,0.0,0.0,0.0,0.0,0.7,0,0,0.25,-1.9,36.3,0.0
A09,143,2025-09-29,16.60368339249303,-4.950891735452782,0.8123208812499999,3.0,15.0,5.0,0.0,1.0,0.0,0.0,0.0,0.7,0,0,0.25,-1.9,36.3,0.0
A09,144,2025-10-06,17.171119535907508,-11.557039599776097,0.8001360680312499,4.0,46.0,2.0,2.0,0.0,0.0,0.0,0.0,0.7,0,0,0.25,-1.9,36.3,0.0
A09,145,2025-10-13,26.885335806230668,-9.510098876784316,0.7881340270107812,5.0,34.0,16.0,0.0,1.0,0.0,0.0,0.0,0.7,0,0,0.25,-1.9,36.3,0.0
A09,146,2025-10-20,48.73830158570889,5.39183108055137,0.7763120166056194,6.0,45.0,6.0,0.0,1.0,0.0,0.0,0.0,0.7,0,0,0.25,-1.9,36.3,0.0
A09,147,2025-10-27,37.4626224713133,-10.772902290809519,0.7646673363565352,7.0,0.0,0.0,0.0,0.0,0.0,0.0,0.0,0.7,0,0,0.25,-1.9,36.3,0.0
A09,148,2025-11-03,17.47104607564417,-32.52895392439595,0.7531973263111871,8.0,42.0,2.0,0.0,0.0,0.0,0.0,0.0,0.7,0,0,0.25,-1.9,36.3,0.0
A09,149,2025-11-10,36.75268678391871,-11.482837977941443,0.7418993664165192,9.0,15.0,0.0,0.0,0.0,0.0,0.0,0.0,0.7,0,0,0.25,-1.9,36.3,0.0
A09,150,2025-11-17,43.37766491632185,0.03119441284160729,0.7307708759202715,10.0,12.0,0.0,0.0,0.0,0.0,0.0,0.0,0.7,0,0,0.25,-1.9,36.3,0.0
A09,151,2025-11-24,21.891573040926218,-14.503861632270272,0.7198093127814674,11.0,0.0,0.0,0.0,0.0,0.0,0.0,0.0,0.7,0,0,0.25,-1.9,36.3,0.0
A09,152,2025-12-01,26.458224640994764,-2.269934440942432,0.7090121730897454,12.0,22.0,0.0,0.0,1.0,0.0,0.0,0.0,0.7,0,0,0.25,-1.9,36.3,0.0
A09,153,2025-12-08,11.004064765449764,-10.55051008726514,0.6983769904933992,13.0,37.0,17.0,0.0,0.0,0.0,0.0,0.0,0.7,0,0,0.25,-1.9,36.3,0.0
A09,154,2025-12-15,6.052671574937609,-9.60907756575787,0.6879013356359982,14.0,34.0,27.0,0.0,0.0,0.0,0.0,0.0,0.7,0,0,0.25,-1.9,36.3,0.0
A09,155,2025-12-22,7.743405878953862,-3.5952230624931634,0.6775828156014582,15.0,72.0,21.0,0.0,1.0,0.0,0.0,0.0,0.7,0,0,0.25,-1.9,36.3,0.0
A10,0,2023-01-02,3.4022252265193504,-1.6309598356895192,0.22534016227282577,99.0,0.0,0.0,0.0,0.0,0.0,0.0,0.0,0.9,1,1,0.3,-2.93,37.51,0.0
A10,1,2023-01-09,5.847188320580858,0.7599392849682429,0.22196005983873338,99.0,47.0,0.0,0.0,1.0,0.0,0.0,0.0,0.9,1,1,0.3,-2.93,37.51,0.0
A10,2,2023-01-16,10.226683596438434,5.012085597000203,0.21863065894115238,99.0,15.0,0.0,0.0,0.0,0.0,0.0,0.0,0.9,1,1,0.3,-2.93,37.51,0.0
A10,3,2023-01-23,3.519588063620174,-1.974196759321028,0.2153511990570351,99.0,20.0,0.0,0.0,0.0,0.0,0.0,0.0,0.9,1,1,0.3,-2.93,37.51,0.0
A10,4,2023-01-30,4.842880535649503,-1.2200303137783806,0.21212093107117957,99.0,29.0,6.0,0.0,0.0,0.0,0.0,0.0,0.9,1,1,0.3,-2.93,37.51,0.0
A10,5,2023-02-06,6.219606298634199,-0.9208333022009452,0.20893911710511187,99.0,27.0,17.0,0.0,1.0,0.0,0.0,0.0,0.9,1,1,0.3,-2.93,37.51,0.0
A10,6,2023-02-13,11.042948152310682,2.0106173879256968,0.2058050303485352,99.0,28.0,16.0,0.0,0.0,0.0,0.0,0.0,0.9,1,1,0.3,-2.93,37.51,0.0
A10,7,2023-02-20,13.314930231142275,1.2084204903140527,0.20271795489330716,99.0,32.0,12.0,0.0,0.0,0.0,0.0,0.0,0.9,1,1,0.3,-2.93,37.51,0.0
A10,8,2023-02-27,34.09827304516678,17.381619275025635,0.19967718556990754,99.0,3.0,0.0,0.0,1.0,0.0,0.0,0.0,0.9,1,1,0.3,-2.93,37.51,0.0
A10,9,2023-03-06,40.27658067104177,17.204927956309646,0.19668202778635893,99.0,19.0,6.0,0.0,0.0,0.0,0.0,0.0,0.9,1,1,0.3,-2.93,37.51,0.0
A10,10,2023-03-13,46.19730396249161,15.12141145206692,0.19373179736956356,99.0,17.0,12.0,0.0,0.0,0.0,0.0,0.0,0.9,1,1,0.3,-2.93,37.51,0.0
A10,11,2023-03-20,52.87605756256194,12.677284391960029,0.1908258204090201,99.0,29.0,9.0,0.0,1.0,0.0,0.0,0.0,0.9,1,1,0.3,-2.93,37.51,0.0
A10,12,2023-03-27,70.9317178785723,21.482624637669225,0.1879634331028848,99.0,24.0,0.0,0.0,0.0,0.0,0.0,0.0,0.9,1,1,0.3,-2.93,37.51,0.0
A10,13,2023-04-03,53.165809600448355,-4.344589542128496,0.18514398160634152,99.0,44.0,30.0,0.0,0.0,0.0,0.0,0.0,0.9,1,1,0.3,-2.93,37.51,0.0
A10,14,2023-04-10,106.35951803265563,43.326552003735266,0.1823668218822464,99.0,32.0,8.0,0.0,0.0,1.0,0.0,0.0,0.9,1,1,0.3,-2.93,37.51,0.0
A10,15,2023-04-17,55.05404461787516,-9.945955382124957,0.1796313195540127,99.0,0.0,0.0,0.0,1.0,0.0,0.0,0.0,0.9,1,1,0.3,-2.93,37.51,0.0
A10,16,2023-04-24,105.54985061723531,42.51688458831387,0.1769368497607025,99.0,13.0,0.0,0.0,1.0,0.0,0.0,0.0,0.9,1,1,0.3,-2.93,37.51,0.0
A10,17,2023-05-01,108.88139964150841,51.3710004989218,0.17428279701429197,99.0,28.0,6.0,0.0,0.0,0.0,0.0,0.0,0.9,1,1,0.3,-2.93,37.51,0.0
A10,18,2023-05-08,66.54576344329318,17.096670202308843,0.1716685550590776,99.0,34.0,0.0,0.0,1.0,0.0,0.0,0.0,0.9,1,1,0.3,-2.93,37.51,0.0
A10,19,2023-05-15,47.24304548990685,7.04427231867998,0.16909352673319145,99.0,32.0,0.0,0.0,0.0,0.0,0.0,0.0,0.9,1,1,0.3,-2.93,37.51,0.0
A10,20,2023-05-22,44.68707802095187,13.611185506090404,0.16655712383219357,99.0,32.0,32.0,0.0,1.0,0.0,0.0,0.0,0.9,1,1,0.3,-2.93,37.51,0.0
A10,21,2023-05-29,10.593248156375429,-12.478404587433138,0.16405876697471067,99.0,0.0,0.0,0.0,0.0,0.0,0.0,0.0,0.9,1,1,0.3,-2.93,37.51,0.0
A10,22,2023-06-05,23.22755739605501,6.510903450011636,0.16159788547009002,99.0,20.0,0.0,0.0,1.0,0.0,0.0,0.0,0.9,1,1,0.3,-2.93,37.51,0.0
A10,23,2023-06-12,14.54450175950559,2.437991036346361,0.16014021684363253,99.0,8.0,0.0,0.0,0.0,0.0,0.0,1.0,0.9,1,1,0.3,-2.93,37.51,0.0
A10,24,2023-06-19,11.09211748950586,2.059781661038013,0.16014021684363253,99.0,6.0,0.0,0.0,0.0,0.0,0.0,1.0,0.9,1,1,0.3,-2.93,37.51,0.0
A10,25,2023-06-26,11.429613343677003,4.289149643776748,0.16014021684363253,99.0,17.0,0.0,0.0,0.0,0.0,0.0,2.0,0.9,1,1,0.3,-2.93,37.51,0.0
A10,26,2023-07-03,7.383013678591202,1.3199969632793183,0.16014021684363253,99.0,11.0,0.0,0.0,0.0,0.0,0.0,4.0,0.9,1,1,0.3,-2.93,37.51,0.0
A10,27,2023-07-10,4.607874619413887,-0.8863395108566037,0.16014021684363253,99.0,79.0,15.0,0.0,5.0,1.0,0.0,9.0,0.9,1,1,0.3,-2.93,37.51,0.0
A10,28,2023-07-17,6.2054178510656035,0.9892127733934988,0.16014021684363253,99.0,63.0,29.0,0.0,6.0,1.0,0.0,15.0,0.9,1,1,0.3,-2.93,37.51,0.0
A10,29,2023-07-24,6.5183171358274565,1.4255146590309407,0.16014021684363253,99.0,39.0,15.0,0.0,7.0,5.0,0.0,17.0,0.9,1,1,0.3,-2.93,37.51,0.0
A10,30,2023-07-31,6.572780135402526,1.5218799663641782,0.16014021684363253,99.0,20.0,0.0,0.0,4.0,2.0,1.0,14.0,0.9,1,1,0.3,-2.93,37.51,0.0
A10,31,2023-08-07,6.69905666103196,1.6350834752594992,0.16014021684363253,99.0,0.0,0.0,0.0,4.0,1.0,0.0,9.0,0.9,1,1,0.3,-2.93,37.51,0.0
A10,32,2023-08-14,9.254316237007997,4.1085857156140415,0.16014021684363253,99.0,18.0,0.0,0.0,1.0,0.0,0.0,9.0,0.9,1,1,0.3,-2.93,37.51,0.0
A10,33,2023-08-21,4.578829067398554,-0.7782123351278214,0.16014021684363253,99.0,27.0,0.0,0.0,1.0,0.0,0.0,5.0,0.9,1,1,0.3,-2.93,37.51,0.0
A10,34,2023-08-28,7.74248136092446,1.9179210440646468,0.16014021684363253,99.0,0.0,0.0,0.0,3.0,2.0,0.0,6.0,0.9,1,1,0.3,-2.93,37.51,0.0
A10,35,2023-09-04,13.276658811003538,6.514186355741581,0.16014021684363253,99.0,0.0,0.0,0.0,3.0,0.0,0.0,4.0,0.9,1,1,0.3,-2.93,37.51,0.0
A10,36,2023-09-11,5.775305506790486,-2.703432588654497,0.16014021684363253,99.0,5.0,0.0,0.0,1.0,0.0,0.0,2.0,0.9,1,1,0.3,-2.93,37.51,0.0
A10,37,2023-09-18,15.093071494622738,3.75443664390877,0.16014021684363253,99.0,0.0,0.0,0.0,1.0,0.0,0.0,0.0,0.9,1,1,0.3,-2.93,37.51,0.0
A10,38,2023-09-25,15.950378174428847,0.2886277151976895,0.16014021684363253,99.0,45.0,7.0,7.0,0.0,0.0,0.0,0.0,0.9,1,1,0.3,-2.93,37.51,1.0
A10,39,2023-10-02,23.664665150381413,2.110090022435603,0.16014021684363253,99.0,30.0,0.0,0.0,1.0,0.0,0.0,0.0,0.9,1,1,0.3,-2.93,37.51,1.0
A10,40,2023-10-09,26.162804368931653,-2.565354766751952,0.16014021684363253,99.0,36.0,22.0,0.0,0.0,0.0,0.0,0.0,0.9,1,1,0.3,-2.93,37.51,1.0
A10,41,2023-10-16,42.87308101426261,6.477646331247627,0.16014021684363253,99.0,0.0,0.0,0.0,0.0,0.0,0.0,0.0,0.9,1,1,0.3,-2.93,37.51,1.0
A10,42,2023-10-23,103.21439169250672,59.867921187349204,0.16014021684363253,99.0,27.0,16.0,0.0,0.0,0.0,0.0,0.0,0.9,1,1,0.3,-2.93,37.51,0.0
A10,43,2023-10-30,38.73287422973416,-9.502650532388664,0.16014021684363253,99.0,41.0,22.0,0.0,1.0,0.0,0.0,0.0,0.9,1,1,0.3,-2.93,37.51,0.0
A10,44,2023-11-06,41.50454983790673,-8.495450162133395,0.16014021684363253,99.0,38.0,38.0,18.0,0.0,0.0,0.0,0.0,0.9,1,1,0.3,-2.93,37.51,0.0
A10,45,2023-11-13,38.22777056357309,-10.007754198287067,0.16014021684363253,99.0,28.0,0.0,0.0,0.0,0.0,0.0,0.0,0.9,1,1,0.3,-2.93,37.51,0.0
A10,46,2023-11-20,99.18286157074846,55.83639106726822,0.16014021684363253,99.0,7.0,0.0,0.0,0.0,0.0,0.0,0.0,0.9,1,1,0.3,-2.93,37.51,0.0
A10,47,2023-11-27,38.69722918139489,2.301794508198398,0.16014021684363253,99.0,20.0,0.0,0.0,1.0,0.0,0.0,0.0,0.9,1,1,0.3,-2.93,37.51,0.0
A10,48,2023-12-04,35.58939408900426,6.861235007067062,0.16014021684363253,99.0,24.0,0.0,0.0,1.0,0.0,0.0,0.0,0.9,1,1,0.3,-2.93,37.51,0.0
A10,49,2023-12-11,23.40050506477809,1.8459302120631875,0.16014021684363253,99.0,21.0,4.0,0.0,0.0,0.0,0.0,0.0,0.9,1,1,0.3,-2.93,37.51,0.0
A10,50,2023-12-18,14.06679313546805,-1.594956005227429,0.16014021684363253,99.0,17.0,5.0,0.0,0.0,0.0,0.0,0.0,0.9,1,1,0.3,-2.93,37.51,0.0
A10,51,2023-12-25,13.053498881464874,1.7148699400178486,0.16014021684363253,99.0,4.0,4.0,4.0,1.0,0.0,0.0,0.0,0.9,1,1,0.3,-2.93,37.51,0.0
A10,52,2024-01-01,11.898808379027917,6.865623316819048,0.16014021684363253,99.0,33.0,0.0,0.0,0.0,0.0,0.0,0.0,0.9,1,1,0.3,-2.93,37.51,0.0
A10,53,2024-01-08,8.280985990481708,3.1937369548690935,0.16014021684363253,99.0,51.0,42.0,0.0,0.0,0.0,0.0,0.0,0.9,1,1,0.3,-2.93,37.51,0.0
A10,54,2024-01-15,3.868758922759643,-1.3458390766785882,0.16014021684363253,99.0,48.0,33.0,0.0,0.0,0.0,0.0,0.0,0.9,1,1,0.3,-2.93,37.51,0.0
A10,55,2024-01-22,6.891359339010807,1.3975745160696054,0.16014021684363253,99.0,34.0,13.0,0.0,0.0,0.0,0.0,0.0,0.9,1,1,0.3,-2.93,37.51,0.0
A10,56,2024-01-29,4.531971490846612,-1.5309393585812714,0.16014021684363253,99.0,0.0,0.0,0.0,0.0,0.0,0.0,0.0,0.9,1,1,0.3,-2.93,37.51,0.0
A10,57,2024-02-05,3.8345253897721077,-3.3059142110630364,0.16014021684363253,99.0,6.0,4.0,0.0,1.0,0.0,0.0,0.0,0.9,1,1,0.3,-2.93,37.51,0.0
A10,58,2024-02-12,12.90531534498439,3.872984580599404,0.16014021684363253,99.0,21.0,0.0,0.0,1.0,0.0,0.0,0.0,0.9,1,1,0.3,-2.93,37.51,0.0
A10,59,2024-02-19,18.17007117134155,6.063561430513328,0.16014021684363253,99.0,7.0,0.0,0.0,0.0,0.0,0.0,0.0,0.9,1,1,0.3,-2.93,37.51,0.0
A10,60,2024-02-26,24.10751800172304,7.390864231581897,0.16014021684363253,99.0,27.0,0.0,0.0,0.0,0.0,0.0,0.0,0.9,1,1,0.3,-2.93,37.51,0.0
A10,61,2024-03-04,19.573015775895175,-3.498636938836949,0.16014021684363253,99.0,34.0,0.0,0.0,1.0,0.0,0.0,0.0,0.9,1,1,0.3,-2.93,37.51,0.0
A10,62,2024-03-11,29.313872005115467,-1.7620205053092235,0.16014021684363253,99.0,79.0,72.0,0.0,0.0,0.0,0.0,0.0,0.9,1,1,0.3,-2.93,37.51,0.0
A10,63,2024-03-18,52.26121039235199,12.06243722175008,0.16014021684363253,99.0,30.0,0.0,0.0,0.0,0.0,0.0,0.0,0.9,1,1,0.3,-2.93,37.51,0.0
A10,64,2024-03-25,56.71095115143068,7.261857910527603,0.16014021684363253,99.0,0.0,0.0,0.0,0.0,0.0,0.0,0.0,0.9,1,1,0.3,-2.93,37.51,0.0
A10,65,2024-04-01,50.10860105751675,-7.401798085060101,0.16014021684363253,99.0,8.0,8.0,0.0,0.0,0.0,0.0,0.0,0.9,1,1,0.3,-2.93,37.51,0.0
A10,66,2024-04-08,35.765463561466206,-27.267502467454158,0.16014021684363253,99.0,22.0,22.0,0.0,0.0,0.0,0.0,0.0,0.9,1,1,0.3,-2.93,37.51,0.0
A10,67,2024-04-15,67.64298054211068,2.642980542110564,0.16014021684363253,99.0,25.0,0.0,0.0,1.0,0.0,0.0,0.0,0.9,1,1,0.3,-2.93,37.51,0.0
A10,68,2024-04-22,91.95609487933771,28.923128850416276,0.16014021684363253,99.0,0.0,0.0,0.0,0.0,0.0,0.0,0.0,0.9,1,1,0.3,-2.93,37.51,0.0
A10,69,2024-04-29,37.81893431218096,-19.69146483040565,0.16014021684363253,99.0,32.0,0.0,0.0,0.0,0.0,0.0,0.0,0.9,1,1,0.3,-2.93,37.51,0.0
A10,70,2024-05-06,61.83747081563202,12.388377574647677,0.16014021684363253,99.0,34.0,24.0,0.0,0.0,0.0,0.0,0.0,0.9,1,1,0.3,-2.93,37.51,0.0
A10,71,2024-05-13,45.14484373392068,4.946070562693812,0.16014021684363253,99.0,39.0,23.0,0.0,0.0,0.0,0.0,0.0,0.9,1,1,0.3,-2.93,37.51,0.0
A10,72,2024-05-20,40.40624088671245,9.330348371850985,0.16014021684363253,99.0,2.0,0.0,0.0,0.0,0.0,0.0,0.0,0.9,1,1,0.3,-2.93,37.51,0.0
A10,73,2024-05-27,31.305573065636946,8.233920321828379,0.16014021684363253,99.0,23.0,0.0,0.0,0.0,0.0,0.0,0.0,0.9,1,1,0.3,-2.93,37.51,0.0
A10,74,2024-06-03,13.109571733914052,-3.6070822121293205,0.16014021684363253,99.0,16.0,13.0,0.0,0.0,0.0,0.0,0.0,0.9,1,1,0.3,-2.93,37.51,0.0
A10,75,2024-06-10,6.8744221844883295,-5.232088538670899,0.16014021684363253,99.0,11.0,11.0,0.0,1.0,0.0,0.0,0.0,0.9,1,1,0.3,-2.93,37.51,0.0
A10,76,2024-06-17,7.493823697232467,-1.5385121312353798,0.16014021684363253,99.0,56.0,40.0,0.0,0.0,0.0,0.0,0.0,0.9,1,1,0.3,-2.93,37.51,0.0
A10,77,2024-06-24,9.747124118949133,2.606660419048877,0.16014021684363253,99.0,0.0,0.0,0.0,1.0,0.0,0.0,0.0,0.9,1,1,0.3,-2.93,37.51,0.0
A10,78,2024-07-01,5.015364585573868,-1.0476521297380152,0.16014021684363253,99.0,16.0,0.0,0.0,0.0,0.0,0.0,0.0,0.9,1,1,0.3,-2.93,37.51,0.0
A10,79,2024-07-08,4.309321205799226,-1.1848929244712645,0.16014021684363253,99.0,0.0,0.0,0.0,0.0,0.0,0.0,0.0,0.9,1,1,0.3,-2.93,37.51,0.0
A10,80,2024-07-15,2.7574256838138416,-2.458779393858263,0.16014021684363253,99.0,64.0,6.0,0.0,0.0,0.0,0.0,0.0,0.9,1,1,0.3,-2.93,37.51,0.0
A10,81,2024-07-22,9.405126453128876,4.31232397633236,0.16014021684363253,99.0,10.0,0.0,0.0,0.0,1.0,0.0,0.0,0.9,1,1,0.3,-2.93,37.51,1.0
A10,82,2024-07-29,6.743413516658726,1.6925133476203778,0.16014021684363253,99.0,7.0,0.0,0.0,0.0,0.0,0.0,0.0,0.9,1,1,0.3,-2.93,37.51,1.0
A10,83,2024-08-05,6.630067487164018,1.5660943013915567,0.16014021684363253,99.0,28.0,0.0,0.0,0.0,0.0,0.0,0.0,0.9,1,1,0.3,-2.93,37.51,1.0
A10,84,2024-08-12,7.220117530574526,2.0743870091805707,0.16014021684363253,99.0,0.0,0.0,0.0,0.0,0.0,0.0,0.0,0.9,1,1,0.3,-2.93,37.51,1.0
A10,85,2024-08-19,6.555207500964729,1.198166098438353,0.16014021684363253,99.0,20.0,20.0,20.0,0.0,0.0,0.0,0.0,0.9,1,1,0.3,-2.93,37.51,0.0
A10,86,2024-08-26,5.347175166521503,-0.47738515033830975,0.16014021684363253,99.0,0.0,0.0,0.0,0.0,0.0,0.0,0.0,0.9,1,1,0.3,-2.93,37.51,0.0
A10,87,2024-09-02,6.385763979525225,-0.3767084757367316,0.16014021684363253,99.0,30.0,0.0,0.0,1.0,0.0,0.0,0.0,0.9,1,1,0.3,-2.93,37.51,0.0
A10,88,2024-09-09,7.300290206096232,-1.1784478893487513,0.16014021684363253,99.0,20.0,20.0,0.0,0.0,0.0,0.0,0.0,0.9,1,1,0.3,-2.93,37.51,0.0
A10,89,2024-09-16,28.513429065088914,17.17479421437495,0.16014021684363253,99.0,11.0,8.0,0.0,1.0,1.0,0.0,0.0,0.9,1,1,0.3,-2.93,37.51,0.0
A10,90,2024-09-23,19.02569957217075,3.3639491129395935,0.16014021684363253,99.0,27.0,4.0,4.0,1.0,0.0,0.0,0.0,0.9,1,1,0.3,-2.93,37.51,0.0
A10,91,2024-09-30,18.324847805860763,-3.229727322085047,0.16014021684363253,99.0,27.0,0.0,0.0,0.0,0.0,0.0,0.0,0.9,1,1,0.3,-2.93,37.51,0.0
A10,92,2024-10-07,33.81152319306393,5.083364057380322,0.16014021684363253,99.0,9.0,0.0,0.0,1.0,0.0,0.0,0.0,0.9,1,1,0.3,-2.93,37.51,0.0
A10,93,2024-10-14,25.55004875151946,-10.845385931495525,0.16014021684363253,99.0,34.0,0.0,0.0,0.0,0.0,0.0,0.0,0.9,1,1,0.3,-2.93,37.51,0.0
A10,94,2024-10-21,73.39109691678674,30.044626411629217,0.16014021684363253,99.0,19.0,19.0,0.0,0.0,0.0,0.0,0.0,0.9,1,1,0.3,-2.93,37.51,0.0
A10,95,2024-10-28,38.27211619334649,-9.96340856877633,0.16014021684363253,99.0,15.0,15.0,0.0,2.0,0.0,0.0,0.0,0.9,1,1,0.3,-2.93,37.51,0.0
A10,96,2024-11-04,59.58494293571367,9.584942935673546,0.16014021684363253,99.0,0.0,0.0,0.0,0.0,0.0,0.0,0.0,0.9,1,1,0.3,-2.93,37.51,0.0
A10,97,2024-11-11,70.04850623232394,21.81298147046379,0.16014021684363253,99.0,70.0,0.0,0.0,0.0,0.0,0.0,0.0,0.9,1,1,0.3,-2.93,37.51,0.0
A10,98,2024-11-18,49.59521075840898,6.248740254928741,0.16014021684363253,99.0,21.0,0.0,0.0,0.0,0.0,0.0,0.0,0.9,1,1,0.3,-2.93,37.51,0.0
A10,99,2024-11-25,37.61894736855792,1.2235126953614284,0.16014021684363253,99.0,13.0,10.0,0.0,0.0,0.0,0.0,0.0,0.9,1,1,0.3,-2.93,37.51,0.0
A10,100,2024-12-02,28.83697806415147,0.10881898221427377,0.16014021684363253,99.0,0.0,0.0,0.0,0.0,0.0,0.0,0.0,0.9,1,1,0.3,-2.93,37.51,0.0
A10,101,2024-12-09,21.132955630849686,-0.4216192218652175,0.16014021684363253,99.0,25.0,2.0,0.0,1.0,0.0,0.0,0.0,0.9,1,1,0.3,-2.93,37.51,0.0
A10,102,2024-12-16,12.79912626448716,-2.8626228762083183,0.16014021684363253,99.0,23.0,23.0,0.0,0.0,0.0,0.0,0.0,0.9,1,1,0.3,-2.93,37.51,0.0
A10,103,2024-12-23,9.688079245117832,-1.6505496963291932,0.16014021684363253,99.0,6.0,0.0,0.0,2.0,0.0,0.0,0.0,0.9,1,1,0.3,-2.93,37.51,0.0
A10,104,2024-12-30,8.447830202765118,3.4146451405562486,0.16014021684363253,99.0,31.0,0.0,0.0,0.0,0.0,0.0,0.0,0.9,1,1,0.3,-2.93,37.51,0.0
A10,105,2025-01-06,3.1834530817172553,-1.9037959538953597,0.16014021684363253,99.0,9.0,9.0,0.0,2.0,0.0,0.0,0.0,0.9,1,1,0.3,-2.93,37.51,1.0
A10,106,2025-01-13,2.5744872541004553,-2.640110745337776,0.16014021684363253,99.0,36.0,0.0,0.0,0.0,0.0,0.0,0.0,0.9,1,1,0.3,-2.93,37.51,1.0
A10,107,2025-01-20,2.980617059666679,-2.5131677632745233,0.16014021684363253,99.0,24.0,20.0,0.0,0.0,0.0,0.0,0.0,0.9,1,1,0.3,-2.93,37.51,1.0
A10,108,2025-01-27,5.79234283870349,-0.27056801072439285,0.16014021684363253,99.0,52.0,37.0,0.0,0.0,0.0,0.0,0.0,0.9,1,1,0.3,-2.93,37.51,1.0
A10,109,2025-02-03,5.879394313612023,-1.261045287223121,0.16014021684363253,99.0,0.0,0.0,0.0,0.0,0.0,0.0,0.0,0.9,1,1,0.3,-2.93,37.51,0.0
A10,110,2025-02-10,7.143070628060009,-1.8892601363249764,0.16014021684363253,99.0,10.0,10.0,0.0,0.0,0.0,0.0,0.0,0.9,1,1,0.3,-2.93,37.51,0.0
A10,111,2025-02-17,7.1909836276486665,-4.915526113179556,0.16014021684363253,99.0,9.0,9.0,0.0,1.0,0.0,0.0,0.0,0.9,1,1,0.3,-2.93,37.51,0.0
A10,112,2025-02-24,13.28053464606196,-3.436119124079182,0.16014021684363253,99.0,50.0,22.0,0.0,0.0,0.0,0.0,0.0,0.9,1,1,0.3,-2.93,37.51,0.0
A10,113,2025-03-03,11.972057572698674,-11.09959514203345,0.16014021684363253,99.0,33.0,0.0,0.0,0.0,0.0,0.0,0.0,0.9,1,1,0.3,-2.93,37.51,0.0
A10,114,2025-03-10,18.444837685532583,-12.631054824892107,0.16014021684363253,99.0,17.0,0.0,0.0,1.0,0.0,0.0,0.0,0.9,1,1,0.3,-2.93,37.51,0.0
A10,115,2025-03-17,36.689298976096346,-3.5094741945055645,0.16014021684363253,99.0,14.0,14.0,0.0,0.0,0.0,0.0,0.0,0.9,1,1,0.3,-2.93,37.51,0.0
A10,116,2025-03-24,43.64802314746222,-5.801070093440856,0.16014021684363253,99.0,58.0,0.0,0.0,0.0,0.0,0.0,0.0,0.9,1,1,0.3,-2.93,37.51,0.0
A10,117,2025-03-31,26.509798620954143,-31.000600521622708,0.16014021684363253,99.0,0.0,0.0,0.0,0.0,0.0,0.0,0.0,0.9,1,1,0.3,-2.93,37.51,0.0
A10,118,2025-04-07,30.369556788482736,-32.66340924043763,0.16014021684363253,99.0,41.0,17.0,0.0,0.0,0.0,0.0,0.0,0.9,1,1,0.3,-2.93,37.51,1.0
A10,119,2025-04-14,43.888402590535875,-21.11159740946424,0.16014021684363253,99.0,46.0,24.0,24.0,0.0,1.0,0.0,1.0,0.9,1,1,0.3,-2.93,37.51,1.0
A10,120,2025-04-21,74.96499527186145,11.932029242940018,0.16014021684363253,99.0,4.0,4.0,4.0,0.0,0.0,0.0,2.0,0.9,1,1,0.3,-2.93,37.51,1.0
A10,121,2025-04-28,19.120002960252243,-38.390396182334364,0.16014021684363253,99.0,42.0,20.0,20.0,1.0,0.0,0.0,5.0,0.9,1,1,0.3,-2.93,37.51,1.0
A10,122,2025-05-05,35.430652445715225,-14.018440795269115,0.16014021684363253,99.0,50.0,0.0,0.0,5.0,0.0,0.0,8.0,0.9,1,1,0.3,-2.93,37.51,0.0
A10,123,2025-05-12,16.142223148314176,-24.056550022912692,0.16014021684363253,99.0,39.0,0.0,0.0,4.0,1.0,0.0,16.0,0.9,1,1,0.3,-2.93,37.51,0.0
A10,124,2025-05-19,16.17769747224039,-14.89819504262108,0.41819752161541635,0.0,10.0,2.0,0.0,6.0,3.0,0.0,19.0,0.9,1,1,0.3,-2.93,37.51,0.0
A10,125,2025-05-26,13.200726257615882,-9.870926486192685,0.7917486950891011,0.0,23.0,23.0,23.0,3.0,3.0,1.0,16.0,0.9,1,1,0.3,-2.93,37.51,0.0
A10,126,2025-06-02,9.378732523764612,-7.337921422278761,0.7798724646627645,1.0,58.0,37.0,0.0,4.0,1.0,0.0,11.0,0.9,1,1,0.3,-2.93,37.51,0.0
A10,127,2025-06-09,6.528204143875047,-5.578306579284182,0.768174377692823,2.0,36.0,0.0,0.0,1.0,0.0,0.0,3.0,0.9,1,1,0.3,-2.93,37.51,0.0
A10,128,2025-06-16,5.885846456601226,-3.146489371866621,0.7566517620274307,3.0,33.0,21.0,0.0,1.0,0.0,0.0,3.0,0.9,1,1,0.3,-2.93,37.51,0.0
A10,129,2025-06-23,3.8483918271162536,-3.292071872784002,0.7453019855970192,4.0,42.0,0.0,0.0,1.0,0.0,0.0,2.0,0.9,1,1,0.3,-2.93,37.51,0.0
A10,130,2025-06-30,2.362131721681417,-3.7008849936304666,0.7341224558130639,5.0,72.0,0.0,0.0,1.0,0.0,0.0,1.0,0.9,1,1,0.3,-2.93,37.51,0.0
A10,131,2025-07-07,4.692037910142195,-0.8021762201282954,0.7231106189758679,6.0,0.0,0.0,0.0,0.0,0.0,0.0,1.0,0.9,1,1,0.3,-2.93,37.51,0.0
A10,132,2025-07-14,4.412725312591562,-0.8034797650805423,0.7122639596912299,7.0,8.0,8.0,8.0,0.0,0.0,0.0,0.0,0.9,1,1,0.3,-2.93,37.51,0.0
A10,133,2025-07-21,4.446673801236327,-0.6461286755601892,0.7015800002958614,8.0,47.0,22.0,0.0,0.0,0.0,0.0,0.0,0.9,1,1,0.3,-2.93,37.51,0.0
A10,134,2025-07-28,1.9146340139027371,-3.136266155135611,0.6910563002914235,9.0,49.0,10.0,0.0,0.0,0.0,0.0,0.0,0.9,1,1,0.3,-2.93,37.51,0.0
A10,135,2025-08-04,3.654611617929258,-1.4093615678432032,0.6806904557870521,10.0,4.0,0.0,0.0,0.0,0.0,0.0,0.0,0.9,1,1,0.3,-2.93,37.51,0.0
A10,136,2025-08-11,4.237515071143677,-0.9082154502502782,0.6704800989502463,11.0,21.0,12.0,0.0,1.0,0.0,0.0,0.0,0.9,1,1,0.3,-2.93,37.51,0.0
A10,137,2025-08-18,2.4271268838571376,-2.929914518669238,0.6604228974659926,12.0,20.0,12.0,0.0,0.0,0.0,0.0,0.0,0.9,1,1,0.3,-2.93,37.51,0.0
A10,138,2025-08-25,3.7981390963208335,-2.0264212205389796,0.6505165540040027,13.0,58.0,21.0,2.0,0.0,0.0,0.0,0.0,0.9,1,1,0.3,-2.93,37.51,0.0
A10,139,2025-09-01,4.220325800822317,-2.54214665443964,0.6407588056939426,14.0,11.0,11.0,0.0,0.0,0.0,0.0,1.0,0.9,1,1,0.3,-2.93,37.51,0.0
A10,140,2025-09-08,10.501640086054634,2.0229019906096504,0.85,0.0,35.0,17.0,0.0,0.0,0.0,0.0,0.0,0.9,1,1,0.3,-2.93,37.51,0.0
A10,141,2025-09-15,14.45451184716053,3.1158769964465627,0.8372499999999999,1.0,27.0,0.0,0.0,0.0,0.0,1.0,0.0,0.9,1,1,0.3,-2.93,37.51,0.0
A10,142,2025-09-22,5.685470068656044,-9.976280390575113,0.8246912499999999,2.0,25.0,7.0,0.0,0.0,0.0,0.0,0.0,0.9,1,1,0.3,-2.93,37.51,0.0
A10,143,2025-09-29,33.5380170549166,11.98344192697079,0.8123208812499999,3.0,31.0,11.0,0.0,0.0,0.0,0.0,0.0,0.9,1,1,0.3,-2.93,37.51,0.0
A10,144,2025-10-06,13.5551409029884,-15.173018232695204,0.8001360680312499,4.0,0.0,0.0,0.0,0.0,0.0,0.0,0.0,0.9,1,1,0.3,-2.93,37.51,0.0
A10,145,2025-10-13,33.34460809246372,-3.05082659055126,0.7881340270107812,5.0,0.0,0.0,0.0,2.0,0.0,0.0,0.0,0.9,1,1,0.3,-2.93,37.51,0.0
A10,146,2025-10-20,39.571796643758326,-3.7746738613991937,0.7763120166056194,6.0,30.0,12.0,0.0,0.0,0.0,0.0,0.0,0.9,1,1,0.3,-2.93,37.51,0.0
A10,147,2025-10-27,22.127502290117484,-26.108022472005338,0.7646673363565352,7.0,34.0,12.0,0.0,0.0,0.0,0.0,0.0,0.9,1,1,0.3,-2.93,37.51,0.0
A10,148,2025-11-03,38.62438517068611,-11.375614829354014,0.7531973263111871,8.0,5.0,0.0,0.0,0.0,0.0,0.0,0.0,0.9,1,1,0.3,-2.93,37.51,0.0
A10,149,2025-11-10,30.194991046988463,-18.040533714871692,0.7418993664165192,9.0,18.0,0.0,0.0,0.0,0.0,0.0,0.0,0.9,1,1,0.3,-2.93,37.51,0.0
A10,150,2025-11-17,34.2079429408739,-9.138527562606342,0.7307708759202715,10.0,36.0,0.0,0.0,0.0,0.0,0.0,0.0,0.9,1,1,0.3,-2.93,37.51,0.0
A10,151,2025-11-24,25.64620828264526,-10.749226390551229,0.7198093127814674,11.0,12.0,0.0,0.0,0.0,0.0,0.0,0.0,0.9,1,1,0.3,-2.93,37.51,0.0
A10,152,2025-12-01,28.38366200791179,-0.34449707402540497,0.7090121730897454,12.0,57.0,2.0,0.0,0.0,0.0,0.0,0.0,0.9,1,1,0.3,-2.93,37.51,0.0
A10,153,2025-12-08,14.385129626318168,-7.169445226396736,0.6983769904933992,13.0,83.0,27.0,0.0,0.0,0.0,0.0,0.0,0.9,1,1,0.3,-2.93,37.51,0.0
A10,154,2025-12-15,9.599226657722795,-6.062522482972684,0.6879013356359982,14.0,5.0,0.0,0.0,0.0,0.0,0.0,0.0,0.9,1,1,0.3,-2.93,37.51,0.0
A10,155,2025-12-22,10.816307530645611,-0.522321410801414,0.6775828156014582,15.0,33.0,0.0,0.0,0.0,0.0,0.0,0.0,0.9,1,1,0.3,-2.93,37.51,0.0
A11,0,2023-01-02,7.708588800705122,2.675403738496253,0.3579704279302137,99.0,15.0,15.0,0.0,1.0,0.0,0.0,0.0,1.0,1,0,0.6,-0.72,36.43,0.0
A11,1,2023-01-09,8.215441221260635,3.12819218564802,0.3526008715112605,99.0,45.0,34.0,0.0,0.0,0.0,0.0,0.0,1.0,1,0,0.6,-0.72,36.43,0.0
A11,2,2023-01-16,5.165491284565724,-0.04910671487250706,0.3473118584385916,99.0,13.0,13.0,0.0,0.0,0.0,0.0,0.0,1.0,1,0,0.6,-0.72,36.43,0.0
A11,3,2023-01-23,4.763196606809428,-0.7305882161317738,0.3421021805620127,99.0,20.0,5.0,0.0,0.0,0.0,0.0,0.0,1.0,1,0,0.6,-0.72,36.43,0.0
A11,4,2023-01-30,6.212918939762531,0.1500080903346479,0.3369706478535825,99.0,26.0,5.0,0.0,1.0,0.0,0.0,0.0,1.0,1,0,0.6,-0.72,36.43,0.0
A11,5,2023-02-06,7.1823771634598055,0.04193756262466142,0.3319160881357788,99.0,20.0,20.0,0.0,2.0,0.0,0.0,0.0,1.0,1,0,0.6,-0.72,36.43,0.0
A11,6,2023-02-13,14.866698965287103,5.834368200902118,0.3269373468137421,99.0,56.0,34.0,0.0,0.0,0.0,0.0,0.0,1.0,1,0,0.6,-0.72,36.43,0.0
A11,7,2023-02-20,21.295190986915166,9.188681246086944,0.32203328661153596,99.0,10.0,0.0,0.0,1.0,0.0,0.0,0.0,1.0,1,0,0.6,-0.72,36.43,0.0
A11,8,2023-02-27,19.79151685527388,3.074863085132737,0.3172027873123629,99.0,55.0,31.0,0.0,1.0,0.0,0.0,0.0,1.0,1,0,0.6,-0.72,36.43,0.0
A11,9,2023-03-06,47.587490241896255,24.51583752716413,0.3124447455026775,99.0,60.0,31.0,0.0,0.0,0.0,0.0,0.0,1.0,1,0,0.6,-0.72,36.43,0.0
A11,10,2023-03-13,62.71120860476804,31.63531609434335,0.3077580743201373,99.0,7.0,5.0,0.0,0.0,0.0,0.0,0.0,1.0,1,0,0.6,-0.72,36.43,0.0
A11,11,2023-03-20,54.71673745858658,14.517964287984668,0.30314170320533523,99.0,10.0,10.0,0.0,0.0,0.0,0.0,0.0,1.0,1,0,0.6,-0.72,36.43,0.0
A11,12,2023-03-27,46.35944988694999,-3.089643353953086,0.2985945776572552,99.0,31.0,21.0,0.0,0.0,0.0,0.0,0.0,1.0,1,0,0.6,-0.72,36.43,0.0
A11,13,2023-04-03,124.77238591197121,67.26198676939435,0.2941156589923964,99.0,56.0,44.0,0.0,0.0,0.0,0.0,0.0,1.0,1,0,0.6,-0.72,36.43,0.0
A11,14,2023-04-10,77.1263771611085,14.09341113218813,0.28970392410751045,99.0,49.0,19.0,0.0,0.0,0.0,0.0,0.0,1.0,1,0,0.6,-0.72,36.43,0.0
A11,15,2023-04-17,84.91821696414802,19.918216964147902,0.2853583652458978,99.0,40.0,35.0,0.0,0.0,0.0,0.0,0.0,1.0,1,0,0.6,-0.72,36.43,0.0
A11,16,2023-04-24,69.96111951134114,6.928153482419702,0.2810779897672093,99.0,20.0,15.0,0.0,0.0,0.0,0.0,0.0,1.0,1,0,0.6,-0.72,36.43,0.0
A11,17,2023-05-01,52.65086792318431,-4.8595312194022995,0.2768618199207012,99.0,21.0,21.0,0.0,0.0,0.0,0.0,0.0,1.0,1,0,0.6,-0.72,36.43,0.0
A11,18,2023-05-08,36.96839918818037,-12.480694052803969,0.2727088926218907,99.0,31.0,19.0,0.0,0.0,0.0,0.0,0.0,1.0,1,0,0.6,-0.72,36.43,0.0
A11,19,2023-05-15,62.70768084114566,22.50890766991879,0.26861825923256233,99.0,44.0,26.0,0.0,0.0,0.0,0.0,0.0,1.0,1,0,0.6,-0.72,36.43,0.0
A11,20,2023-05-22,29.529375299275237,-1.5465172155862312,0.2645889853440739,99.0,37.0,0.0,0.0,0.0,0.0,0.0,0.0,1.0,1,0,0.6,-0.72,36.43,0.0
A11,21,2023-05-29,84.14859225265691,61.07693950884834,0.26062015056391274,99.0,54.0,0.0,0.0,0.0,0.0,0.0,0.0,1.0,1,0,0.6,-0.72,36.43,0.0
A11,22,2023-06-05,14.288046265343453,-2.428607680699919,0.25671084830545404,99.0,117.0,54.0,0.0,0.0,0.0,0.0,0.0,1.0,1,0,0.6,-0.72,36.43,0.0
A11,23,2023-06-12,9.745474946786883,-2.3610357763723453,0.25439522797071024,99.0,55.0,10.0,0.0,1.0,0.0,0.0,0.0,1.0,1,0,0.6,-0.72,36.43,0.0
A11,24,2023-06-19,13.497481466541743,4.465145638073896,0.25439522797071024,99.0,26.0,0.0,0.0,0.0,0.0,0.0,0.0,1.0,1,0,0.6,-0.72,36.43,0.0
A11,25,2023-06-26,15.243923843414656,8.1034601435144,0.25439522797071024,99.0,66.0,37.0,0.0,2.0,0.0,0.0,0.0,1.0,1,0,0.6,-0.72,36.43,0.0
A11,26,2023-07-03,7.752050703510479,1.6890339881985952,0.25439522797071024,99.0,48.0,23.0,0.0,1.0,0.0,0.0,0.0,1.0,1,0,0.6,-0.72,36.43,0.0
A11,27,2023-07-10,8.390700091723332,2.896485961452841,0.25439522797071024,99.0,22.0,22.0,0.0,0.0,0.0,0.0,0.0,1.0,1,0,0.6,-0.72,36.43,0.0
A11,28,2023-07-17,3.420107885666491,-1.7960971920056137,0.25439522797071024,99.0,44.0,0.0,0.0,0.0,0.0,0.0,0.0,1.0,1,0,0.6,-0.72,36.43,0.0
A11,29,2023-07-24,5.022072887151329,-0.07072958964518694,0.25439522797071024,99.0,63.0,59.0,0.0,1.0,0.0,0.0,0.0,1.0,1,0,0.6,-0.72,36.43,0.0
A11,30,2023-07-31,4.3359664424202675,-0.7149337266180806,0.25439522797071024,99.0,31.0,28.0,0.0,2.0,0.0,0.0,3.0,1.0,1,0,0.6,-0.72,36.43,2.0
A11,31,2023-08-07,3.2609836845550566,-1.8029895012174046,0.25439522797071024,99.0,69.0,48.0,17.0,2.0,1.0,0.0,7.0,1.0,1,0,0.6,-0.72,36.43,4.0
A11,32,2023-08-14,6.700981304932236,1.5552507835382814,0.25439522797071024,99.0,22.0,7.0,0.0,8.0,7.0,0.0,15.0,1.0,1,0,0.6,-0.72,36.43,4.0
A11,33,2023-08-21,3.0543467173970704,-2.302694685129305,0.25439522797071024,99.0,67.0,46.0,23.0,17.0,8.0,0.0,26.0,1.0,1,0,0.6,-0.72,36.43,4.0
A11,34,2023-08-28,4.58347973768661,-1.241080579173203,0.25439522797071024,99.0,27.0,0.0,0.0,22.0,6.0,1.0,28.0,1.0,1,0,0.6,-0.72,36.43,4.0
A11,35,2023-09-04,7.004230295244168,0.24175783998221156,0.25439522797071024,99.0,63.0,32.0,23.0,20.0,10.0,0.0,30.0,1.0,1,0,0.6,-0.72,36.43,4.0
A11,36,2023-09-11,7.9228828670706,-0.5558552283743836,0.25439522797071024,99.0,53.0,43.0,0.0,17.0,7.0,0.0,23.0,1.0,1,0,0.6,-0.72,36.43,6.0
A11,37,2023-09-18,16.28268762703577,4.9440527763218025,0.25439522797071024,99.0,41.0,18.0,15.0,5.0,1.0,0.0,11.0,1.0,1,0,0.6,-0.72,36.43,6.0
A11,38,2023-09-25,21.787100659605102,6.125350200373944,0.25439522797071024,99.0,42.0,42.0,2.0,7.0,2.0,0.0,8.0,1.0,1,0,0.6,-0.72,36.43,7.0
A11,39,2023-10-02,36.839152613933315,15.284577485987505,0.25439522797071024,99.0,30.0,24.0,7.0,2.0,0.0,0.0,3.0,1.0,1,0,0.6,-0.72,36.43,5.0
A11,40,2023-10-09,46.72856528732137,18.00040615163777,0.25439522797071024,99.0,54.0,18.0,0.0,0.0,1.0,0.0,1.0,1.0,1,0,0.6,-0.72,36.43,3.0
A11,41,2023-10-16,67.82096555165147,31.425530868636486,0.25439522797071024,99.0,39.0,3.0,3.0,1.0,0.0,0.0,0.0,1.0,1,0,0.6,-0.72,36.43,4.0
A11,42,2023-10-23,54.14671964957335,10.80024914441583,0.25439522797071024,99.0,106.0,51.0,12.0,2.0,0.0,0.0,0.0,1.0,1,0,0.6,-0.72,36.43,1.0
A11,43,2023-10-30,67.05094773945764,18.81542297733482,0.25439522797071024,99.0,53.0,35.0,0.0,0.0,0.0,0.0,0.0,1.0,1,0,0.6,-0.72,36.43,1.0
A11,44,2023-11-06,74.75352380882572,24.753523808785594,0.25439522797071024,99.0,12.0,12.0,0.0,0.0,0.0,0.0,0.0,1.0,1,0,0.6,-0.72,36.43,1.0
A11,45,2023-11-13,63.35913994033531,15.123615178475156,0.25439522797071024,99.0,33.0,20.0,0.0,0.0,0.0,0.0,0.0,1.0,1,0,0.6,-0.72,36.43,0.0
A11,46,2023-11-20,47.15079283725425,3.80432233377401,0.25439522797071024,99.0,89.0,37.0,0.0,0.0,0.0,0.0,0.0,1.0,1,0,0.6,-0.72,36.43,0.0
A11,47,2023-11-27,40.49716655281101,4.101731879614519,0.25439522797071024,99.0,52.0,28.0,0.0,0.0,0.0,0.0,0.0,1.0,1,0,0.6,-0.72,36.43,0.0
A11,48,2023-12-04,26.97406655127052,-1.754092530666675,0.25439522797071024,99.0,15.0,7.0,7.0,0.0,0.0,0.0,0.0,1.0,1,0,0.6,-0.72,36.43,1.0
A11,49,2023-12-11,31.22745032000048,9.672875467285575,0.25439522797071024,99.0,36.0,8.0,0.0,0.0,0.0,0.0,0.0,1.0,1,0,0.6,-0.72,36.43,2.0
A11,50,2023-12-18,18.94347641053805,3.2817272698425715,0.25439522797071024,99.0,16.0,3.0,0.0,0.0,0.0,0.0,0.0,1.0,1,0,0.6,-0.72,36.43,2.0
A11,51,2023-12-25,11.237407011750596,-0.10122192969642896,0.25439522797071024,99.0,96.0,30.0,10.0,1.0,0.0,0.0,0.0,1.0,1,0,0.6,-0.72,36.43,2.0
A11,52,2024-01-01,3.9919000083060077,-1.041285053902862,0.25439522797071024,99.0,60.0,18.0,0.0,1.0,0.0,0.0,0.0,1.0,1,0,0.6,-0.72,36.43,1.0
A11,53,2024-01-08,3.330417479050961,-1.7568315565616541,0.25439522797071024,99.0,45.0,45.0,0.0,0.0,0.0,0.0,0.0,1.0,1,0,0.6,-0.72,36.43,0.0
A11,54,2024-01-15,7.34526927153528,2.1306712720970484,0.25439522797071024,99.0,38.0,0.0,0.0,0.0,0.0,0.0,0.0,1.0,1,0,0.6,-0.72,36.43,0.0
A11,55,2024-01-22,5.647051809901555,0.1532669869603529,0.25439522797071024,99.0,81.0,49.0,0.0,0.0,0.0,0.0,0.0,1.0,1,0,0.6,-0.72,36.43,0.0
A11,56,2024-01-29,4.482630396016866,-1.5802804534110173,0.25439522797071024,99.0,97.0,60.0,0.0,0.0,0.0,0.0,0.0,1.0,1,0,0.6,-0.72,36.43,0.0
A11,57,2024-02-05,9.476035717620569,2.3355961167854247,0.25439522797071024,99.0,64.0,14.0,0.0,0.0,0.0,0.0,0.0,1.0,1,0,0.6,-0.72,36.43,0.0
A11,58,2024-02-12,7.42352019239153,-1.6088105719934553,0.25439522797071024,99.0,54.0,34.0,0.0,0.0,0.0,0.0,0.0,1.0,1,0,0.6,-0.72,36.43,0.0
A11,59,2024-02-19,7.399911817541681,-4.706597923286542,0.25439522797071024,99.0,8.0,8.0,0.0,0.0,0.0,0.0,0.0,1.0,1,0,0.6,-0.72,36.43,0.0
A11,60,2024-02-26,23.898919662002566,7.182265891861423,0.25439522797071024,99.0,84.0,34.0,0.0,0.0,0.0,0.0,0.0,1.0,1,0,0.6,-0.72,36.43,0.0
A11,61,2024-03-04,19.117817667917507,-3.9538350468146177,0.25439522797071024,99.0,5.0,0.0,0.0,0.0,0.0,0.0,0.0,1.0,1,0,0.6,-0.72,36.43,0.0
A11,62,2024-03-11,26.932067488993415,-4.143825021431276,0.25439522797071024,99.0,30.0,15.0,0.0,0.0,0.0,0.0,0.0,1.0,1,0,0.6,-0.72,36.43,0.0
A11,63,2024-03-18,40.78235384838154,0.5835806777796293,0.25439522797071024,99.0,38.0,23.0,0.0,0.0,0.0,0.0,0.0,1.0,1,0,0.6,-0.72,36.43,0.0
A11,64,2024-03-25,73.7624613931711,24.31336815226802,0.25439522797071024,99.0,75.0,66.0,0.0,0.0,0.0,0.0,0.0,1.0,1,0,0.6,-0.72,36.43,0.0
A11,65,2024-04-01,57.915140126872075,0.4047409842952234,0.25439522797071024,99.0,56.0,24.0,0.0,0.0,0.0,0.0,0.0,1.0,1,0,0.6,-0.72,36.43,0.0
A11,66,2024-04-08,41.428409515990715,-21.604556512929648,0.25439522797071024,99.0,19.0,16.0,0.0,0.0,0.0,0.0,0.0,1.0,1,0,0.6,-0.72,36.43,1.0
A11,67,2024-04-15,78.62928567575875,13.629285675758638,0.25439522797071024,99.0,38.0,22.0,0.0,0.0,0.0,0.0,0.0,1.0,1,0,0.6,-0.72,36.43,1.0
A11,68,2024-04-22,53.19218336600999,-9.840782662911444,0.25439522797071024,99.0,82.0,60.0,22.0,0.0,0.0,0.0,0.0,1.0,1,0,0.6,-0.72,36.43,2.0
A11,69,2024-04-29,111.35676833002114,53.84636918743453,0.25439522797071024,99.0,51.0,4.0,0.0,0.0,0.0,0.0,0.0,1.0,1,0,0.6,-0.72,36.43,2.0
A11,70,2024-05-06,49.42971780475803,-0.019375436226312104,0.25439522797071024,99.0,62.0,62.0,0.0,0.0,0.0,0.0,1.0,1.0,1,0,0.6,-0.72,36.43,1.0
A11,71,2024-05-13,18.385715889303526,-21.813057281923342,0.25439522797071024,99.0,18.0,18.0,0.0,3.0,1.0,0.0,3.0,1.0,1,0,0.6,-0.72,36.43,3.0
A11,72,2024-05-20,35.21633715148542,4.1404446366239505,0.25439522797071024,99.0,51.0,14.0,0.0,2.0,1.0,0.0,5.0,1.0,1,0,0.6,-0.72,36.43,3.0
A11,73,2024-05-27,45.56837463938382,22.496721895575252,0.25439522797071024,99.0,17.0,4.0,0.0,6.0,1.0,1.0,11.0,1.0,1,0,0.6,-0.72,36.43,3.0
A11,74,2024-06-03,29.01977707849842,12.303123132455049,0.25439522797071024,99.0,62.0,44.0,12.0,10.0,5.0,0.0,16.0,1.0,1,0,0.6,-0.72,36.43,3.0
A11,75,2024-06-10,22.978922558090254,10.872411834931025,0.25439522797071024,99.0,0.0,0.0,0.0,9.0,6.0,0.0,19.0,1.0,1,0,0.6,-0.72,36.43,1.0
A11,76,2024-06-17,6.321110743965572,-2.711225084502275,0.25439522797071024,99.0,60.0,36.0,0.0,17.0,4.0,0.0,28.0,1.0,1,0,0.6,-0.72,36.43,1.0
A11,77,2024-06-24,9.825991383110395,2.6855276832101396,0.25439522797071024,99.0,56.0,56.0,0.0,17.0,8.0,0.0,25.0,1.0,1,0,0.6,-0.72,36.43,2.0
A11,78,2024-07-01,4.709159279222176,-1.353857436089708,0.25439522797071024,99.0,101.0,45.0,5.0,14.0,7.0,0.0,18.0,1.0,1,0,0.6,-0.72,36.43,5.0
A11,79,2024-07-08,5.942897755248725,0.44868362497823444,0.25439522797071024,99.0,66.0,11.0,0.0,6.0,2.0,0.0,12.0,1.0,1,0,0.6,-0.72,36.43,6.0
A11,80,2024-07-15,3.340888504191942,-1.8753165734801627,0.25439522797071024,99.0,44.0,37.0,24.0,2.0,1.0,0.0,6.0,1.0,1,0,0.6,-0.72,36.43,6.0
A11,81,2024-07-22,4.064410630614664,-1.0283918461818518,0.25439522797071024,99.0,67.0,27.0,27.0,1.0,2.0,0.0,3.0,1.0,1,0,0.6,-0.72,36.43,6.0
A11,82,2024-07-29,3.9863663813746997,-1.0645337876636485,0.25439522797071024,99.0,43.0,21.0,21.0,2.0,0.0,0.0,1.0,1.0,1,0,0.6,-0.72,36.43,5.0
A11,83,2024-08-05,6.935448598342101,1.87147541256964,0.25439522797071024,99.0,52.0,23.0,0.0,1.0,1.0,0.0,1.0,1.0,1,0,0.6,-0.72,36.43,6.0
A11,84,2024-08-12,6.810183316058331,1.664452794664376,0.25439522797071024,99.0,97.0,67.0,23.0,1.0,0.0,0.0,1.0,1.0,1,0,0.6,-0.72,36.43,5.0
A11,85,2024-08-19,5.902044113434382,0.5450027109080064,0.25439522797071024,99.0,49.0,37.0,6.0,0.0,0.0,1.0,0.0,1.0,1,0,0.6,-0.72,36.43,4.0
A11,86,2024-08-26,3.6307383078911277,-2.1938220089686853,0.25439522797071024,99.0,33.0,23.0,3.0,0.0,0.0,0.0,0.0,1.0,1,0,0.6,-0.72,36.43,4.0
A11,87,2024-09-02,6.063667221558213,-0.6988052337037436,0.25439522797071024,99.0,42.0,3.0,0.0,0.0,0.0,0.0,0.0,1.0,1,0,0.6,-0.72,36.43,2.0
A11,88,2024-09-09,6.530090878073434,-1.9486472173715494,0.25439522797071024,99.0,45.0,17.0,0.0,0.0,0.0,0.0,0.0,1.0,1,0,0.6,-0.72,36.43,2.0
A11,89,2024-09-16,15.372841634789514,4.034206784075547,0.25439522797071024,99.0,32.0,32.0,0.0,1.0,0.0,0.0,0.0,1.0,1,0,0.6,-0.72,36.43,3.0
A11,90,2024-09-23,23.655275646805805,7.993525187574647,0.25439522797071024,99.0,60.0,28.0,0.0,0.0,0.0,0.0,0.0,1.0,1,0,0.6,-0.72,36.43,1.0
A11,91,2024-09-30,31.197034806581065,9.642459678635255,0.25439522797071024,99.0,87.0,0.0,0.0,0.0,0.0,0.0,0.0,1.0,1,0,0.6,-0.72,36.43,1.0
A11,92,2024-10-07,22.05525729399785,-6.6729018416857535,0.25439522797071024,99.0,76.0,15.0,9.0,1.0,0.0,0.0,0.0,1.0,1,0,0.6,-0.72,36.43,1.0
A11,93,2024-10-14,13.951775179459402,-22.44365950355558,0.25439522797071024,99.0,61.0,61.0,0.0,0.0,0.0,0.0,0.0,1.0,1,0,0.6,-0.72,36.43,1.0
A11,94,2024-10-21,23.354475056642233,-19.991995448515286,0.25439522797071024,99.0,2.0,0.0,0.0,0.0,0.0,0.0,0.0,1.0,1,0,0.6,-0.72,36.43,1.0
A11,95,2024-10-28,79.33387559199262,31.0983508298698,0.25439522797071024,99.0,77.0,32.0,7.0,1.0,0.0,0.0,0.0,1.0,1,0,0.6,-0.72,36.43,1.0
A11,96,2024-11-04,43.44882360524676,-6.551176394793366,0.25439522797071024,99.0,23.0,13.0,0.0,0.0,0.0,0.0,0.0,1.0,1,0,0.6,-0.72,36.43,2.0
A11,97,2024-11-11,37.08980601775553,-11.145718744104627,0.25439522797071024,99.0,7.0,0.0,0.0,1.0,0.0,0.0,0.0,1.0,1,0,0.6,-0.72,36.43,1.0
A11,98,2024-11-18,77.02702882878532,33.68055832530508,0.25439522797071024,99.0,23.0,0.0,0.0,1.0,0.0,0.0,0.0,1.0,1,0,0.6,-0.72,36.43,1.0
A11,99,2024-11-25,56.670246880568975,20.274812207372484,0.25439522797071024,99.0,90.0,62.0,0.0,0.0,0.0,0.0,0.0,1.0,1,0,0.6,-0.72,36.43,1.0
A11,100,2024-12-02,28.975042242009334,0.2468831600721373,0.25439522797071024,99.0,80.0,28.0,0.0,1.0,0.0,0.0,0.0,1.0,1,0,0.6,-0.72,36.43,0.0
A11,101,2024-12-09,19.450971206154172,-2.1036036465607317,0.25439522797071024,99.0,59.0,9.0,0.0,0.0,1.0,0.0,0.0,1.0,1,0,0.6,-0.72,36.43,0.0
A11,102,2024-12-16,14.954106653371248,-0.7076424873242306,0.25439522797071024,99.0,0.0,0.0,0.0,0.0,0.0,0.0,0.0,1.0,1,0,0.6,-0.72,36.43,0.0
A11,103,2024-12-23,12.276935823287834,0.9383068818408091,0.25439522797071024,99.0,23.0,0.0,0.0,0.0,0.0,0.0,0.0,1.0,1,0,0.6,-0.72,36.43,0.0
A11,104,2024-12-30,8.811604494604588,3.778419432395718,0.25439522797071024,99.0,61.0,29.0,0.0,0.0,0.0,0.0,0.0,1.0,1,0,0.6,-0.72,36.43,0.0
A11,105,2025-01-06,3.8336521098436966,-1.2535969257689183,0.25439522797071024,99.0,51.0,4.0,0.0,0.0,0.0,0.0,0.0,1.0,1,0,0.6,-0.72,36.43,1.0
A11,106,2025-01-13,4.370114654601548,-0.8444833448366831,0.25439522797071024,99.0,46.0,14.0,0.0,0.0,0.0,0.0,0.0,1.0,1,0,0.6,-0.72,36.43,1.0
A11,107,2025-01-20,5.376722797699463,-0.11706202524173914,0.25439522797071024,99.0,96.0,72.0,0.0,0.0,0.0,0.0,0.0,1.0,1,0,0.6,-0.72,36.43,1.0
A11,108,2025-01-27,2.616978757756349,-3.4459320916715344,0.25439522797071024,99.0,150.0,80.0,0.0,0.0,0.0,0.0,0.0,1.0,1,0,0.6,-0.72,36.43,1.0
A11,109,2025-02-03,6.044767909142905,-1.0956716916922389,0.25439522797071024,99.0,53.0,36.0,0.0,0.0,0.0,0.0,0.0,1.0,1,0,0.6,-0.72,36.43,0.0
A11,110,2025-02-10,5.29587633299637,-3.7364544313886157,0.25439522797071024,99.0,66.0,31.0,0.0,0.0,0.0,0.0,0.0,1.0,1,0,0.6,-0.72,36.43,0.0
A11,111,2025-02-17,3.261956172823246,-8.844553568004976,0.25439522797071024,99.0,97.0,46.0,0.0,0.0,1.0,0.0,0.0,1.0,1,0,0.6,-0.72,36.43,0.0
A11,112,2025-02-24,5.159105431497264,-11.55754833864388,0.25439522797071024,99.0,9.0,5.0,0.0,0.0,0.0,0.0,0.0,1.0,1,0,0.6,-0.72,36.43,0.0
A11,113,2025-03-03,10.501106458648357,-12.570546256083768,0.25439522797071024,99.0,51.0,0.0,0.0,0.0,0.0,0.0,0.0,1.0,1,0,0.6,-0.72,36.43,2.0
A11,114,2025-03-10,24.326774427500673,-6.749118082924017,0.25439522797071024,99.0,43.0,21.0,0.0,0.0,2.0,0.0,3.0,1.0,1,0,0.6,-0.72,36.43,2.0
A11,115,2025-03-17,27.19092855836092,-13.00784461224099,0.25439522797071024,99.0,77.0,32.0,0.0,6.0,1.0,0.0,7.0,1.0,1,0,0.6,-0.72,36.43,2.0
A11,116,2025-03-24,34.28435584903476,-15.164737391868314,0.25439522797071024,99.0,48.0,11.0,0.0,12.0,3.0,0.0,19.0,1.0,1,0,0.6,-0.72,36.43,2.0
A11,117,2025-03-31,73.99615178543698,16.485752642860128,0.5138877729810158,0.0,45.0,36.0,0.0,13.0,7.0,1.0,25.0,1.0,1,0,0.6,-0.72,36.43,2.0
A11,118,2025-04-07,26.27698808840848,-36.75597794051188,0.5061794563863006,1.0,40.0,8.0,0.0,22.0,10.0,0.0,27.0,1.0,1,0,0.6,-0.72,36.43,5.0
A11,119,2025-04-14,41.84627061568558,-23.15372938431453,0.49858676454050604,2.0,156.0,66.0,24.0,17.0,5.0,0.0,29.0,1.0,1,0,0.6,-0.72,36.43,7.0
A11,120,2025-04-21,45.578101765100094,-17.454864263821342,0.49110796307239846,3.0,13.0,13.0,5.0,13.0,5.0,0.0,20.0,1.0,1,0,0.6,-0.72,36.43,8.0
A11,121,2025-04-28,28.889762084484016,-28.62063705810259,0.85,0.0,39.0,17.0,14.0,7.0,3.0,0.0,12.0,1.0,1,0,0.6,-0.72,36.43,7.0
A11,122,2025-05-05,32.46216202533069,-16.986931215653648,0.8372499999999999,1.0,47.0,11.0,0.0,3.0,2.0,0.0,5.0,1.0,1,0,0.6,-0.72,36.43,4.0
A11,123,2025-05-12,14.92550200678707,-25.273271164439798,0.8246912499999999,2.0,73.0,38.0,17.0,1.0,0.0,0.0,4.0,1.0,1,0,0.6,-0.72,36.43,2.0
A11,124,2025-05-19,33.08621129012837,2.0103187752668994,0.8123208812499999,3.0,79.0,57.0,14.0,0.0,0.0,0.0,1.0,1.0,1,0,0.6,-0.72,36.43,1.0
A11,125,2025-05-26,11.813662498298036,-11.25799024551053,0.8001360680312499,4.0,117.0,51.0,24.0,0.0,0.0,0.0,0.0,1.0,1,0,0.6,-0.72,36.43,1.0
A11,126,2025-06-02,22.122885293364984,5.4062313473216115,0.7881340270107812,5.0,40.0,35.0,24.0,1.0,0.0,0.0,0.0,1.0,1,0,0.6,-0.72,36.43,2.0
A11,127,2025-06-09,7.780296552269466,-4.326214170889763,0.7763120166056194,6.0,105.0,69.0,19.0,0.0,0.0,0.0,0.0,1.0,1,0,0.6,-0.72,36.43,2.0
A11,128,2025-06-16,8.413578089339724,-0.6187577391281227,0.7646673363565352,7.0,26.0,6.0,0.0,0.0,0.0,0.0,0.0,1.0,1,0,0.6,-0.72,36.43,3.0
A11,129,2025-06-23,4.5555159615670515,-2.584947738333204,0.7531973263111871,8.0,57.0,7.0,0.0,1.0,0.0,0.0,0.0,1.0,1,0,0.6,-0.72,36.43,2.0
A11,130,2025-06-30,3.8987821168641776,-2.164234598447706,0.7418993664165192,9.0,41.0,13.0,0.0,0.0,0.0,0.0,0.0,1.0,1,0,0.6,-0.72,36.43,3.0
A11,131,2025-07-07,2.911016635611655,-2.583197494658836,0.7307708759202715,10.0,16.0,16.0,0.0,0.0,0.0,0.0,0.0,1.0,1,0,0.6,-0.72,36.43,3.0
A11,132,2025-07-14,3.534884409959909,-1.6813206677121957,0.7198093127814674,11.0,43.0,24.0,0.0,0.0,0.0,0.0,0.0,1.0,1,0,0.6,-0.72,36.43,2.0
A11,133,2025-07-21,3.7000446636386046,-1.3927578131579113,0.7090121730897454,12.0,82.0,61.0,0.0,0.0,0.0,0.0,0.0,1.0,1,0,0.6,-0.72,36.43,2.0
A11,134,2025-07-28,2.495010866449427,-2.555889302588921,0.6983769904933992,13.0,52.0,40.0,7.0,1.0,0.0,0.0,0.0,1.0,1,0,0.6,-0.72,36.43,1.0
A11,135,2025-08-04,3.1506315604305666,-1.9133416253418947,0.6879013356359982,14.0,120.0,65.0,13.0,0.0,0.0,0.0,0.0,1.0,1,0,0.6,-0.72,36.43,1.0
A11,136,2025-08-11,2.701615227802285,-2.44411529359167,0.6775828156014582,15.0,97.0,84.0,0.0,1.0,0.0,0.0,0.0,1.0,1,0,0.6,-0.72,36.43,1.0
A11,137,2025-08-18,7.787433570617351,2.4303921680909752,0.6674190733674363,16.0,36.0,36.0,5.0,0.0,0.0,0.0,0.0,1.0,1,0,0.6,-0.72,36.43,1.0
A11,138,2025-08-25,3.6689107841545168,-2.1556495327052962,0.6574077872669247,17.0,148.0,54.0,0.0,0.0,0.0,0.0,0.0,1.0,1,0,0.6,-0.72,36.43,0.0
A11,139,2025-09-01,7.549164599051394,0.7866921437894367,0.6475466704579208,18.0,30.0,13.0,0.0,0.0,0.0,0.0,0.0,1.0,1,0,0.6,-0.72,36.43,0.0
A11,140,2025-09-08,5.146469251666512,-3.332268843778471,0.637833470401052,19.0,76.0,37.0,0.0,0.0,0.0,0.0,0.0,1.0,1,0,0.6,-0.72,36.43,0.0
A11,141,2025-09-15,8.07024358598108,-3.2683912647328874,0.6282659683450362,20.0,81.0,74.0,0.0,0.0,0.0,0.0,0.0,1.0,1,0,0.6,-0.72,36.43,0.0
A11,142,2025-09-22,6.410652899574031,-9.251097559657126,0.6188419788198607,21.0,35.0,0.0,0.0,1.0,0.0,0.0,0.0,1.0,1,0,0.6,-0.72,36.43,0.0
A11,143,2025-09-29,11.981092398231226,-9.573482729714584,0.6095593491375628,22.0,27.0,20.0,0.0,1.0,0.0,0.0,0.0,1.0,1,0,0.6,-0.72,36.43,1.0
A11,144,2025-10-06,20.101250257279442,-8.626908878404162,0.6004159589004994,23.0,23.0,0.0,0.0,0.0,0.0,0.0,0.0,1.0,1,0,0.6,-0.72,36.43,1.0
A11,145,2025-10-13,41.21333094824571,4.817896265230729,0.5914097195169918,24.0,50.0,39.0,22.0,0.0,0.0,0.0,0.0,1.0,1,0,0.6,-0.72,36.43,1.0
A11,146,2025-10-20,30.45153299158743,-12.894937513570088,0.582538573724237,25.0,69.0,9.0,0.0,1.0,0.0,0.0,0.0,1.0,1,0,0.6,-0.72,36.43,1.0
A11,147,2025-10-27,50.88738165313547,2.651856891012649,0.5738004951183735,26.0,54.0,9.0,0.0,0.0,0.0,0.0,0.0,1.0,1,0,0.6,-0.72,36.43,0.0
A11,148,2025-11-03,40.670185373810014,-9.32981462623011,0.5651934876915979,27.0,42.0,16.0,0.0,1.0,0.0,0.0,0.0,1.0,1,0,0.6,-0.72,36.43,0.0
A11,149,2025-11-10,55.41793792247409,7.182413160613933,0.556715585376224,28.0,41.0,25.0,0.0,1.0,0.0,0.0,0.0,1.0,1,0,0.6,-0.72,36.43,0.0
A11,150,2025-11-17,27.598946153717918,-15.747524349762323,0.5483648515955807,29.0,98.0,40.0,0.0,0.0,0.0,0.0,0.0,1.0,1,0,0.6,-0.72,36.43,0.0
A11,151,2025-11-24,54.61116660124138,18.21573192804489,0.540139378821647,30.0,42.0,19.0,0.0,0.0,0.0,0.0,0.0,1.0,1,0,0.6,-0.72,36.43,0.0
A11,152,2025-12-01,15.755763066355522,-12.972396015581674,0.5320372881393223,31.0,42.0,42.0,0.0,1.0,0.0,0.0,0.0,1.0,1,0,0.6,-0.72,36.43,0.0
A11,153,2025-12-08,10.713916738060004,-10.8406581146549,0.5240567288172324,32.0,76.0,21.0,0.0,0.0,0.0,0.0,0.0,1.0,1,0,0.6,-0.72,36.43,0.0
A11,154,2025-12-15,6.665333338442755,-8.996415802252724,0.5161958778849739,33.0,77.0,31.0,18.0,0.0,0.0,0.0,0.0,1.0,1,0,0.6,-0.72,36.43,0.0
A11,155,2025-12-22,16.664673261695814,5.326044320248789,0.8466424711737176,0.0,45.0,26.0,0.0,0.0,0.0,0.0,0.0,1.0,1,0,0.6,-0.72,36.43,0.0
A12,0,2023-01-02,8.381301381931964,3.3481163197230943,0.16196607002892538,99.0,41.0,22.0,0.0,0.0,0.0,0.0,0.0,1.0,0,0,0.6,-0.5,36.32,0.0
A12,1,2023-01-09,5.6572534291659995,0.5700043935533845,0.1595365789784915,99.0,34.0,14.0,0.0,0.0,0.0,0.0,0.0,1.0,0,0,0.6,-0.5,36.32,0.0
A12,2,2023-01-16,10.092206529687033,4.877608530248802,0.15714353029381412,99.0,14.0,14.0,0.0,0.0,0.0,0.0,0.0,1.0,0,0,0.6,-0.5,36.32,0.0
A12,3,2023-01-23,8.736007147632208,3.2422223246910056,0.1547863773394069,99.0,13.0,0.0,0.0,0.0,0.0,0.0,0.0,1.0,0,0,0.6,-0.5,36.32,0.0
A12,4,2023-01-30,15.081641195349762,9.01873034592188,0.15246458167931579,99.0,31.0,0.0,0.0,0.0,0.0,0.0,0.0,1.0,0,0,0.6,-0.5,36.32,0.0
A12,5,2023-02-06,5.192298152172424,-1.94814144866272,0.15017761295412604,99.0,16.0,0.0,0.0,0.0,0.0,0.0,0.0,1.0,0,0,0.6,-0.5,36.32,0.0
A12,6,2023-02-13,10.28902672649737,1.256695962112385,0.14792494875981416,99.0,30.0,0.0,0.0,0.0,0.0,0.0,0.0,1.0,0,0,0.6,-0.5,36.32,0.0
A12,7,2023-02-20,12.871355904956854,0.764846164128631,0.14570607452841694,99.0,6.0,0.0,0.0,1.0,0.0,0.0,0.0,1.0,0,0,0.6,-0.5,36.32,0.0
A12,8,2023-02-27,10.472576397109433,-6.244077373031709,0.14352048341049067,99.0,60.0,11.0,0.0,2.0,0.0,0.0,0.0,1.0,0,0,0.6,-0.5,36.32,0.0
A12,9,2023-03-06,41.79859730775598,18.72694459302386,0.14136767615933332,99.0,45.0,14.0,0.0,0.0,0.0,0.0,0.0,1.0,0,0,0.6,-0.5,36.32,0.0
A12,10,2023-03-13,35.33723115048898,4.261338640064292,0.13924716101694332,99.0,41.0,0.0,0.0,0.0,0.0,0.0,0.0,1.0,0,0,0.6,-0.5,36.32,0.0
A12,11,2023-03-20,65.09520887230215,24.89643570170024,0.13715845360168916,99.0,37.0,12.0,0.0,0.0,0.0,0.0,0.0,1.0,0,0,0.6,-0.5,36.32,0.0
A12,12,2023-03-27,141.17601558604824,91.72692234514517,0.1351010767976638,99.0,0.0,0.0,0.0,0.0,0.0,0.0,0.0,1.0,0,0,0.6,-0.5,36.32,0.0
A12,13,2023-04-03,63.52757383567167,6.017174693094816,0.13307456064569886,99.0,0.0,0.0,0.0,0.0,0.0,0.0,0.0,1.0,0,0,0.6,-0.5,36.32,0.0
A12,14,2023-04-10,67.99253142901563,4.959565400095265,0.1310784422360134,99.0,24.0,8.0,0.0,0.0,0.0,0.0,0.0,1.0,0,0,0.6,-0.5,36.32,0.0
A12,15,2023-04-17,84.69556852343945,19.695568523439334,0.1291122656024732,99.0,15.0,15.0,0.0,0.0,0.0,0.0,0.0,1.0,0,0,0.6,-0.5,36.32,0.0
A12,16,2023-04-24,111.31210190738787,48.279135878466434,0.1271755816184361,99.0,52.0,9.0,0.0,0.0,0.0,0.0,0.0,1.0,0,0,0.6,-0.5,36.32,0.0
A12,17,2023-05-01,58.95413558052302,1.4437364379364155,0.12526794789415954,99.0,8.0,0.0,0.0,0.0,0.0,0.0,0.0,1.0,0,0,0.6,-0.5,36.32,0.0
A12,18,2023-05-08,49.56330360978898,0.11421036880464186,0.12338892867574715,99.0,20.0,0.0,0.0,1.0,0.0,0.0,0.0,1.0,0,0,0.6,-0.5,36.32,0.0
A12,19,2023-05-15,72.74762597908793,32.54885280786106,0.12153809474561093,99.0,7.0,7.0,0.0,0.0,0.0,0.0,0.0,1.0,0,0,0.6,-0.5,36.32,0.0
A12,20,2023-05-22,44.34942186609101,13.273529351229538,0.11971502332442677,99.0,2.0,2.0,0.0,0.0,0.0,0.0,0.0,1.0,0,0,0.6,-0.5,36.32,0.0
A12,21,2023-05-29,14.098851910371875,-8.972800833436692,0.11791929797456037,99.0,17.0,12.0,0.0,1.0,0.0,0.0,0.0,1.0,0,0,0.6,-0.5,36.32,0.0
A12,22,2023-06-05,13.608054856564127,-3.1085990894792452,0.11615050850494196,99.0,24.0,24.0,0.0,0.0,0.0,0.0,0.0,1.0,0,0,0.6,-0.5,36.32,0.0
A12,23,2023-06-12,25.593015643592217,13.486504920432989,0.11510279088350027,99.0,22.0,0.0,0.0,0.0,0.0,0.0,0.0,1.0,0,0,0.6,-0.5,36.32,0.0
A12,24,2023-06-19,12.995841980158001,3.9635061516901544,0.11510279088350027,99.0,14.0,0.0,0.0,0.0,0.0,0.0,0.0,1.0,0,0,0.6,-0.5,36.32,0.0
A12,25,2023-06-26,6.835657719140283,-0.3048059807599728,0.11510279088350027,99.0,0.0,0.0,0.0,0.0,0.0,0.0,0.0,1.0,0,0,0.6,-0.5,36.32,0.0
A12,26,2023-07-03,7.1399634358233035,1.0769467205114198,0.11510279088350027,99.0,17.0,8.0,0.0,0.0,0.0,0.0,0.0,1.0,0,0,0.6,-0.5,36.32,0.0
A12,27,2023-07-10,6.899658716501159,1.4054445862306686,0.11510279088350027,99.0,35.0,13.0,0.0,0.0,0.0,0.0,0.0,1.0,0,0,0.6,-0.5,36.32,0.0
A12,28,2023-07-17,8.43525855614821,3.2190534784761047,0.11510279088350027,99.0,33.0,0.0,0.0,5.0,1.0,0.0,4.0,1.0,0,0,0.6,-0.5,36.32,0.0
A12,29,2023-07-24,3.95736985666219,-1.1354326201343259,0.11510279088350027,99.0,22.0,0.0,0.0,5.0,1.0,0.0,11.0,1.0,0,0,0.6,-0.5,36.32,0.0
A12,30,2023-07-31,4.703833579565042,-0.3470665894733065,0.11510279088350027,99.0,24.0,0.0,0.0,15.0,3.0,0.0,21.0,1.0,0,0,0.6,-0.5,36.32,2.0
A12,31,2023-08-07,6.964525337800203,1.9005521520277417,0.11510279088350027,99.0,32.0,32.0,18.0,20.0,5.0,1.0,27.0,1.0,0,0,0.6,-0.5,36.32,3.0
A12,32,2023-08-14,6.211291181213221,1.0655606598192664,0.11510279088350027,99.0,33.0,25.0,25.0,20.0,9.0,0.0,33.0,1.0,0,0,0.6,-0.5,36.32,3.0
A12,33,2023-08-21,8.1801141949799,2.823072792453525,0.11510279088350027,99.0,8.0,0.0,0.0,17.0,7.0,0.0,26.0,1.0,0,0,0.6,-0.5,36.32,3.0
A12,34,2023-08-28,4.73461056282929,-1.0899497540305232,0.11510279088350027,99.0,0.0,0.0,0.0,11.0,2.0,0.0,16.0,1.0,0,0,0.6,-0.5,36.32,4.0
A12,35,2023-09-04,9.578558960555965,2.816086505294008,0.11510279088350027,99.0,0.0,0.0,0.0,7.0,2.0,0.0,10.0,1.0,0,0,0.6,-0.5,36.32,5.0
A12,36,2023-09-11,15.529779633455389,7.051041538010406,0.11510279088350027,99.0,51.0,42.0,15.0,1.0,1.0,0.0,2.0,1.0,0,0,0.6,-0.5,36.32,6.0
A12,37,2023-09-18,16.806167805864444,5.467532955150476,0.11510279088350027,99.0,42.0,0.0,0.0,1.0,0.0,0.0,0.0,1.0,0,0,0.6,-0.5,36.32,6.0
A12,38,2023-09-25,20.553970286122254,4.892219826891097,0.11510279088350027,99.0,20.0,0.0,0.0,0.0,1.0,0.0,0.0,1.0,0,0,0.6,-0.5,36.32,5.0
A12,39,2023-10-02,26.05402814037647,4.49945301243066,0.11510279088350027,99.0,58.0,28.0,6.0,0.0,0.0,0.0,0.0,1.0,0,0,0.6,-0.5,36.32,3.0
A12,40,2023-10-09,26.81130009930211,-1.9168590363814957,0.11510279088350027,99.0,6.0,0.0,0.0,0.0,0.0,0.0,0.0,1.0,0,0,0.6,-0.5,36.32,2.0
A12,41,2023-10-16,44.36218378381744,7.96674910080246,0.11510279088350027,99.0,64.0,0.0,0.0,1.0,0.0,0.0,0.0,1.0,0,0,0.6,-0.5,36.32,3.0
A12,42,2023-10-23,84.20597503723899,40.859504532081466,0.11510279088350027,99.0,19.0,0.0,0.0,0.0,0.0,0.0,0.0,1.0,0,0,0.6,-0.5,36.32,1.0
A12,43,2023-10-30,57.834145384373215,9.598620622250394,0.11510279088350027,99.0,0.0,0.0,0.0,0.0,0.0,0.0,0.0,1.0,0,0,0.6,-0.5,36.32,1.0
A12,44,2023-11-06,45.77486587535606,-4.225134124684061,0.11510279088350027,99.0,22.0,0.0,0.0,0.0,0.0,0.0,0.0,1.0,0,0,0.6,-0.5,36.32,1.0
A12,45,2023-11-13,50.75209247392871,2.5165677120685572,0.11510279088350027,99.0,2.0,2.0,0.0,0.0,0.0,0.0,0.0,1.0,0,0,0.6,-0.5,36.32,0.0
A12,46,2023-11-20,58.129102186442196,14.782631682961956,0.11510279088350027,99.0,0.0,0.0,0.0,0.0,0.0,0.0,0.0,1.0,0,0,0.6,-0.5,36.32,0.0
A12,47,2023-11-27,39.91918350736199,3.5237488341655023,0.11510279088350027,99.0,25.0,12.0,0.0,0.0,0.0,0.0,0.0,1.0,0,0,0.6,-0.5,36.32,0.0
A12,48,2023-12-04,42.55841040447394,13.830251322536743,0.11510279088350027,99.0,17.0,17.0,0.0,1.0,0.0,0.0,0.0,1.0,0,0,0.6,-0.5,36.32,1.0
A12,49,2023-12-11,32.353653517609914,10.79907866489501,0.11510279088350027,99.0,19.0,0.0,0.0,1.0,0.0,0.0,0.0,1.0,0,0,0.6,-0.5,36.32,2.0
A12,50,2023-12-18,26.72258381320226,11.06083467250678,0.11510279088350027,99.0,26.0,26.0,8.0,0.0,0.0,0.0,0.0,1.0,0,0,0.6,-0.5,36.32,2.0
A12,51,2023-12-25,23.326842893097812,11.988213951650787,0.11510279088350027,99.0,21.0,0.0,0.0,0.0,0.0,0.0,0.0,1.0,0,0,0.6,-0.5,36.32,2.0
A12,52,2024-01-01,7.132084517617865,2.0988994554089953,0.11510279088350027,99.0,20.0,0.0,0.0,0.0,0.0,0.0,0.0,1.0,0,0,0.6,-0.5,36.32,1.0
A12,53,2024-01-08,3.668392471674017,-1.418856563938598,0.11510279088350027,99.0,33.0,0.0,0.0,0.0,0.0,0.0,0.0,1.0,0,0,0.6,-0.5,36.32,0.0
A12,54,2024-01-15,3.8008508278709203,-1.413747171567311,0.11510279088350027,99.0,29.0,0.0,0.0,0.0,0.0,0.0,0.0,1.0,0,0,0.6,-0.5,36.32,0.0
A12,55,2024-01-22,5.350004512241497,-0.14378031069970465,0.11510279088350027,99.0,20.0,20.0,0.0,0.0,0.0,0.0,0.0,1.0,0,0,0.6,-0.5,36.32,0.0
A12,56,2024-01-29,5.177273922273186,-0.8856369271546969,0.11510279088350027,99.0,21.0,21.0,0.0,0.0,0.0,0.0,0.0,1.0,0,0,0.6,-0.5,36.32,0.0
A12,57,2024-02-05,4.7939753241571275,-2.3464642766780166,0.11510279088350027,99.0,23.0,0.0,0.0,0.0,0.0,0.0,0.0,1.0,0,0,0.6,-0.5,36.32,0.0
A12,58,2024-02-12,7.738580861823942,-1.2937499025610437,0.11510279088350027,99.0,59.0,38.0,14.0,0.0,0.0,0.0,0.0,1.0,0,0,0.6,-0.5,36.32,0.0
A12,59,2024-02-19,10.25395798859502,-1.852551752233202,0.11510279088350027,99.0,0.0,0.0,0.0,0.0,0.0,0.0,0.0,1.0,0,0,0.6,-0.5,36.32,0.0
A12,60,2024-02-26,13.213760455321447,-3.502893314819696,0.11510279088350027,99.0,25.0,0.0,0.0,1.0,0.0,0.0,0.0,1.0,0,0,0.6,-0.5,36.32,0.0
A12,61,2024-03-04,20.657498739941683,-2.414153974790441,0.11510279088350027,99.0,0.0,0.0,0.0,0.0,0.0,0.0,0.0,1.0,0,0,0.6,-0.5,36.32,0.0
A12,62,2024-03-11,46.940937182650906,15.865044672226215,0.11510279088350027,99.0,6.0,0.0,0.0,0.0,0.0,0.0,0.0,1.0,0,0,0.6,-0.5,36.32,0.0
A12,63,2024-03-18,43.10201688335454,2.9032437127526265,0.11510279088350027,99.0,37.0,0.0,0.0,1.0,0.0,0.0,0.0,1.0,0,0,0.6,-0.5,36.32,0.0
A12,64,2024-03-25,117.45753894958858,68.00844570868551,0.11510279088350027,99.0,3.0,0.0,0.0,0.0,0.0,0.0,0.0,1.0,0,0,0.6,-0.5,36.32,0.0
A12,65,2024-04-01,61.04697508741417,3.536575944837317,0.11510279088350027,99.0,17.0,0.0,0.0,0.0,0.0,0.0,0.0,1.0,0,0,0.6,-0.5,36.32,0.0
A12,66,2024-04-08,56.947787482086774,-6.085178546833589,0.11510279088350027,99.0,71.0,3.0,0.0,1.0,0.0,0.0,1.0,1.0,0,0,0.6,-0.5,36.32,1.0
A12,67,2024-04-15,65.09409111581165,0.09409111581153695,0.11510279088350027,99.0,9.0,0.0,0.0,1.0,0.0,0.0,1.0,1.0,0,0,0.6,-0.5,36.32,1.0
A12,68,2024-04-22,68.95334057394403,5.920374545022597,0.11510279088350027,99.0,0.0,0.0,0.0,1.0,1.0,1.0,2.0,1.0,0,0,0.6,-0.5,36.32,1.0
A12,69,2024-04-29,66.97401250671275,9.463613364126147,0.11510279088350027,99.0,41.0,20.0,0.0,3.0,1.0,0.0,5.0,1.0,0,0,0.6,-0.5,36.32,1.0
A12,70,2024-05-06,102.28803283862926,52.838939597644924,0.11510279088350027,99.0,53.0,53.0,0.0,8.0,4.0,0.0,11.0,1.0,0,0,0.6,-0.5,36.32,0.0
A12,71,2024-05-13,29.903463633964442,-10.295309537262426,0.11510279088350027,99.0,23.0,4.0,4.0,7.0,5.0,0.0,18.0,1.0,0,0,0.6,-0.5,36.32,2.0
A12,72,2024-05-20,41.976018984785874,10.900126469924405,0.11510279088350027,99.0,61.0,3.0,0.0,19.0,6.0,0.0,33.0,1.0,0,0,0.6,-0.5,36.32,3.0
A12,73,2024-05-27,24.81175218057386,1.7400994367652913,0.11510279088350027,99.0,24.0,0.0,0.0,16.0,9.0,0.0,34.0,1.0,0,0,0.6,-0.5,36.32,4.0
A12,74,2024-06-03,9.64578714636722,-7.070866799676153,0.11510279088350027,99.0,41.0,0.0,0.0,16.0,3.0,0.0,23.0,1.0,0,0,0.6,-0.5,36.32,4.0
A12,75,2024-06-10,15.855048356691093,3.748537633531864,0.11510279088350027,99.0,37.0,21.0,21.0,11.0,2.0,0.0,17.0,1.0,0,0,0.6,-0.5,36.32,2.0
A12,76,2024-06-17,14.076113101810275,5.043777273342428,0.11510279088350027,99.0,20.0,0.0,0.0,5.0,4.0,0.0,5.0,1.0,0,0,0.6,-0.5,36.32,2.0
A12,77,2024-06-24,5.289723504290399,-1.8507401956098564,0.11510279088350027,99.0,53.0,53.0,10.0,1.0,0.0,0.0,2.0,1.0,0,0,0.6,-0.5,36.32,2.0
A12,78,2024-07-01,6.044088157523836,-0.018928557788047584,0.11510279088350027,99.0,28.0,0.0,0.0,2.0,0.0,0.0,2.0,1.0,0,0,0.6,-0.5,36.32,5.0
A12,79,2024-07-08,3.003630039941463,-2.490584090329028,0.11510279088350027,99.0,28.0,0.0,0.0,2.0,0.0,0.0,2.0,1.0,0,0,0.6,-0.5,36.32,5.0
A12,80,2024-07-15,3.357470556818398,-1.858734520853707,0.11510279088350027,99.0,24.0,9.0,0.0,0.0,0.0,1.0,1.0,1.0,0,0,0.6,-0.5,36.32,4.0
A12,81,2024-07-22,7.349546539714501,2.256744062917985,0.11510279088350027,99.0,54.0,38.0,24.0,1.0,0.0,0.0,1.0,1.0,0,0,0.6,-0.5,36.32,3.0
A12,82,2024-07-29,4.290145728003264,-0.7607544410350844,0.11510279088350027,99.0,0.0,0.0,0.0,1.0,0.0,0.0,0.0,1.0,0,0,0.6,-0.5,36.32,2.0
A12,83,2024-08-05,3.4351835124142576,-1.6287896733582037,0.11510279088350027,99.0,25.0,12.0,12.0,0.0,0.0,0.0,0.0,1.0,0,0,0.6,-0.5,36.32,4.0
A12,84,2024-08-12,5.576037916787174,0.4303073953932186,0.11510279088350027,99.0,31.0,12.0,12.0,2.0,0.0,0.0,0.0,1.0,0,0,0.6,-0.5,36.32,4.0
A12,85,2024-08-19,4.461867920220049,-0.8951734823063262,0.11510279088350027,99.0,0.0,0.0,0.0,1.0,0.0,0.0,0.0,1.0,0,0,0.6,-0.5,36.32,5.0
A12,86,2024-08-26,4.939657191196363,-0.8849031256634499,0.11510279088350027,99.0,15.0,0.0,0.0,0.0,0.0,0.0,0.0,1.0,0,0,0.6,-0.5,36.32,5.0
A12,87,2024-09-02,8.759621357561677,1.9971489022997204,0.11510279088350027,99.0,35.0,20.0,0.0,0.0,0.0,0.0,0.0,1.0,0,0,0.6,-0.5,36.32,3.0
A12,88,2024-09-09,5.64604304398558,-2.832695051459403,0.11510279088350027,99.0,12.0,0.0,0.0,1.0,0.0,0.0,0.0,1.0,0,0,0.6,-0.5,36.32,3.0
A12,89,2024-09-16,8.25928550411787,-3.079349346596098,0.11510279088350027,99.0,13.0,0.0,0.0,1.0,0.0,0.0,0.0,1.0,0,0,0.6,-0.5,36.32,3.0
A12,90,2024-09-23,16.529546236914328,0.8677957776831704,0.11510279088350027,99.0,22.0,0.0,0.0,0.0,0.0,0.0,0.0,1.0,0,0,0.6,-0.5,36.32,1.0
A12,91,2024-09-30,30.26165875762834,8.70708362968253,0.11510279088350027,99.0,23.0,0.0,0.0,0.0,0.0,0.0,0.0,1.0,0,0,0.6,-0.5,36.32,1.0
A12,92,2024-10-07,44.311042033309874,15.58288289762627,0.11510279088350027,99.0,19.0,0.0,0.0,0.0,0.0,0.0,0.0,1.0,0,0,0.6,-0.5,36.32,1.0
A12,93,2024-10-14,28.837359283555184,-7.558075399459799,0.11510279088350027,99.0,0.0,0.0,0.0,0.0,0.0,0.0,0.0,1.0,0,0,0.6,-0.5,36.32,1.0
A12,94,2024-10-21,60.1780230331577,16.83155252800018,0.11510279088350027,99.0,0.0,0.0,0.0,0.0,0.0,0.0,0.0,1.0,0,0,0.6,-0.5,36.32,1.0
A12,95,2024-10-28,36.6585238311706,-11.577000930952224,0.11510279088350027,99.0,45.0,0.0,0.0,0.0,0.0,0.0,0.0,1.0,0,0,0.6,-0.5,36.32,1.0
A12,96,2024-11-04,94.74568261410552,44.745682614065394,0.11510279088350027,99.0,0.0,0.0,0.0,0.0,0.0,0.0,0.0,1.0,0,0,0.6,-0.5,36.32,2.0
A12,97,2024-11-11,32.43622711311812,-15.799297648742034,0.11510279088350027,99.0,43.0,27.0,12.0,0.0,0.0,0.0,0.0,1.0,0,0,0.6,-0.5,36.32,1.0
A12,98,2024-11-18,69.00595913090801,25.65948862742777,0.11510279088350027,99.0,21.0,0.0,0.0,1.0,0.0,0.0,0.0,1.0,0,0,0.6,-0.5,36.32,1.0
A12,99,2024-11-25,28.92404361775827,-7.471391055438222,0.11510279088350027,99.0,16.0,0.0,0.0,0.0,0.0,0.0,0.0,1.0,0,0,0.6,-0.5,36.32,1.0
A12,100,2024-12-02,58.12024497089122,29.392085888954025,0.11510279088350027,99.0,8.0,8.0,0.0,1.0,0.0,0.0,0.0,1.0,0,0,0.6,-0.5,36.32,0.0
A12,101,2024-12-09,26.510750746419067,4.956175893704163,0.11510279088350027,99.0,62.0,9.0,0.0,1.0,1.0,0.0,0.0,1.0,0,0,0.6,-0.5,36.32,0.0
A12,102,2024-12-16,10.974952092904703,-4.686797047790776,0.11510279088350027,99.0,30.0,0.0,0.0,1.0,0.0,0.0,0.0,1.0,0,0,0.6,-0.5,36.32,0.0
A12,103,2024-12-23,9.44449392743529,-1.8941350140117343,0.11510279088350027,99.0,41.0,18.0,0.0,1.0,0.0,0.0,0.0,1.0,0,0,0.6,-0.5,36.32,0.0
A12,104,2024-12-30,6.615837651878625,1.5826525896697552,0.11510279088350027,99.0,33.0,0.0,0.0,1.0,0.0,0.0,0.0,1.0,0,0,0.6,-0.5,36.32,0.0
A12,105,2025-01-06,4.779709879593441,-0.3075391560191738,0.11510279088350027,99.0,15.0,9.0,0.0,0.0,0.0,0.0,0.0,1.0,0,0,0.6,-0.5,36.32,0.0
A12,106,2025-01-13,3.3066269677868685,-1.9079710316513627,0.11510279088350027,99.0,99.0,77.0,0.0,0.0,0.0,0.0,0.0,1.0,0,0,0.6,-0.5,36.32,0.0
A12,107,2025-01-20,3.6272141553633475,-1.8665706675778546,0.11510279088350027,99.0,21.0,0.0,0.0,1.0,0.0,0.0,0.0,1.0,0,0,0.6,-0.5,36.32,0.0
A12,108,2025-01-27,5.1388569336090315,-0.9240539158188517,0.11510279088350027,99.0,2.0,0.0,0.0,0.0,0.0,0.0,0.0,1.0,0,0,0.6,-0.5,36.32,0.0
A12,109,2025-02-03,4.860400668351933,-2.280038932483211,0.11510279088350027,99.0,10.0,0.0,0.0,0.0,0.0,0.0,0.0,1.0,0,0,0.6,-0.5,36.32,0.0
A12,110,2025-02-10,3.733330873336046,-5.29899989104894,0.11510279088350027,99.0,29.0,19.0,0.0,1.0,0.0,0.0,0.0,1.0,0,0,0.6,-0.5,36.32,0.0
A12,111,2025-02-17,5.920491554647163,-6.18601818618106,0.11510279088350027,99.0,45.0,0.0,0.0,0.0,0.0,0.0,0.0,1.0,0,0,0.6,-0.5,36.32,0.0
A12,112,2025-02-24,11.79781704620093,-4.918836723940213,0.11510279088350027,99.0,0.0,0.0,0.0,0.0,0.0,0.0,0.0,1.0,0,0,0.6,-0.5,36.32,0.0
A12,113,2025-03-03,22.94822607774043,-0.1234266369916952,0.11510279088350027,99.0,9.0,0.0,0.0,1.0,0.0,0.0,0.0,1.0,0,0,0.6,-0.5,36.32,2.0
A12,114,2025-03-10,35.56077805686838,4.484885546443689,0.11510279088350027,99.0,27.0,0.0,0.0,1.0,0.0,0.0,0.0,1.0,0,0,0.6,-0.5,36.32,2.0
A12,115,2025-03-17,34.325511670750195,-5.873261499851715,0.11510279088350027,99.0,0.0,0.0,0.0,0.0,0.0,0.0,0.0,1.0,0,0,0.6,-0.5,36.32,2.0
A12,116,2025-03-24,35.5419102750406,-13.907182965862475,0.11510279088350027,99.0,28.0,28.0,0.0,0.0,0.0,0.0,0.0,1.0,0,0,0.6,-0.5,36.32,2.0
A12,117,2025-03-31,48.58271115697255,-8.927687985604301,0.42728499449704815,0.0,44.0,11.0,0.0,0.0,1.0,0.0,1.0,1.0,0,0,0.6,-0.5,36.32,3.0
A12,118,2025-04-07,32.4438903381916,-30.589075690728762,0.4208757195795924,1.0,35.0,19.0,0.0,8.0,2.0,0.0,9.0,1.0,0,0,0.6,-0.5,36.32,5.0
A12,119,2025-04-14,40.04378649219094,-24.956213507809174,0.4145625837858985,2.0,3.0,3.0,3.0,14.0,4.0,1.0,22.0,1.0,0,0,0.6,-0.5,36.32,5.0
A12,120,2025-04-21,30.7051131018018,-32.327852927119636,0.40834414502911004,3.0,29.0,29.0,29.0,14.0,9.0,0.0,32.0,1.0,0,0,0.6,-0.5,36.32,6.0
A12,121,2025-04-28,24.146101929038593,-33.364297213548014,0.7939234744255133,0.0,29.0,29.0,21.0,17.0,8.0,0.0,30.0,1.0,0,0,0.6,-0.5,36.32,4.0
A12,122,2025-05-05,36.1220311008128,-13.327062140171542,0.7820146223091305,1.0,10.0,0.0,0.0,18.0,6.0,0.0,23.0,1.0,0,0,0.6,-0.5,36.32,2.0
A12,123,2025-05-12,27.882052945512218,-12.31672022571465,0.7702844029744936,2.0,56.0,47.0,0.0,6.0,2.0,0.0,10.0,1.0,0,0,0.6,-0.5,36.32,2.0
A12,124,2025-05-19,25.69580661316119,-5.38008590170028,0.7587301369298762,3.0,30.0,4.0,0.0,3.0,3.0,0.0,6.0,1.0,0,0,0.6,-0.5,36.32,1.0
A12,125,2025-05-26,18.155271053698932,-4.916381690109635,0.747349184875928,4.0,42.0,0.0,0.0,2.0,1.0,0.0,2.0,1.0,0,0,0.6,-0.5,36.32,1.0
A12,126,2025-06-02,11.828927844411993,-4.8877261016313795,0.7361389471027892,5.0,32.0,32.0,0.0,0.0,1.0,0.0,1.0,1.0,0,0,0.6,-0.5,36.32,2.0
A12,127,2025-06-09,9.561802937591585,-2.5447077855676437,0.7250968628962473,6.0,46.0,31.0,0.0,0.0,0.0,0.0,1.0,1.0,0,0,0.6,-0.5,36.32,2.0
A12,128,2025-06-16,5.783962540617196,-3.248373287850651,0.7142204099528036,7.0,23.0,0.0,0.0,0.0,0.0,0.0,0.0,1.0,0,0,0.6,-0.5,36.32,3.0
A12,129,2025-06-23,5.3629102801252735,-1.777553419774982,0.7035071038035114,8.0,14.0,0.0,0.0,2.0,1.0,0.0,1.0,1.0,0,0,0.6,-0.5,36.32,2.0
A12,130,2025-06-30,3.0565108704736255,-3.0065058448382582,0.6929544972464587,9.0,0.0,0.0,0.0,1.0,0.0,0.0,1.0,1.0,0,0,0.6,-0.5,36.32,3.0
A12,131,2025-07-07,4.064577168863249,-1.4296369614072422,0.6825601797877618,10.0,29.0,13.0,0.0,2.0,0.0,0.0,1.0,1.0,0,0,0.6,-0.5,36.32,3.0
A12,132,2025-07-14,4.284198191257802,-0.9320068864143023,0.6723217770909454,11.0,4.0,4.0,0.0,0.0,2.0,0.0,1.0,1.0,0,0,0.6,-0.5,36.32,2.0
A12,133,2025-07-21,2.6186445798168103,-2.4741578969797056,0.6622369504345812,12.0,0.0,0.0,0.0,0.0,0.0,0.0,0.0,1.0,0,0,0.6,-0.5,36.32,2.0
A12,134,2025-07-28,3.343187847826378,-1.7077123212119703,0.6523033961780624,13.0,39.0,0.0,0.0,1.0,0.0,1.0,0.0,1.0,0,0,0.6,-0.5,36.32,0.0
A12,135,2025-08-04,2.6461548738637855,-2.417818311908676,0.6425188452353915,14.0,83.0,59.0,0.0,1.0,0.0,0.0,0.0,1.0,0,0,0.6,-0.5,36.32,0.0
A12,136,2025-08-11,2.7818247186515324,-2.3639058027424227,0.6328810625568606,15.0,47.0,0.0,0.0,2.0,0.0,0.0,0.0,1.0,0,0,0.6,-0.5,36.32,0.0
A12,137,2025-08-18,2.3487978760524713,-3.0082435264739043,0.6233878466185077,16.0,64.0,16.0,0.0,1.0,0.0,0.0,0.0,1.0,0,0,0.6,-0.5,36.32,0.0
A12,138,2025-08-25,5.896281053379346,0.07172073651953337,0.6140370289192301,17.0,40.0,0.0,0.0,1.0,0.0,0.0,0.0,1.0,0,0,0.6,-0.5,36.32,0.0
A12,139,2025-09-01,6.382727195075235,-0.3797452601867217,0.6048264734854416,18.0,0.0,0.0,0.0,0.0,0.0,0.0,0.0,1.0,0,0,0.6,-0.5,36.32,0.0
A12,140,2025-09-08,6.651753885792157,-1.8269842096528262,0.59575407638316,19.0,23.0,16.0,0.0,0.0,0.0,0.0,0.0,1.0,0,0,0.6,-0.5,36.32,0.0
A12,141,2025-09-15,14.697855144563118,3.35922029384915,0.5868177652374126,20.0,18.0,0.0,0.0,0.0,0.0,0.0,0.0,1.0,0,0,0.6,-0.5,36.32,0.0
A12,142,2025-09-22,9.52769245424633,-6.134058004984828,0.5780154987588514,21.0,0.0,0.0,0.0,0.0,0.0,0.0,0.0,1.0,0,0,0.6,-0.5,36.32,0.0
A12,143,2025-09-29,40.48461502979491,18.9300399018491,0.5693452662774686,22.0,20.0,0.0,0.0,0.0,0.0,0.0,0.0,1.0,0,0,0.6,-0.5,36.32,1.0
A12,144,2025-10-06,17.243919435306648,-11.484239700376957,0.5608050872833066,23.0,5.0,5.0,0.0,0.0,0.0,0.0,0.0,1.0,0,0,0.6,-0.5,36.32,1.0
A12,145,2025-10-13,25.867260688079238,-10.528173994935745,0.552393010974057,24.0,75.0,13.0,0.0,1.0,0.0,0.0,0.0,1.0,0,0,0.6,-0.5,36.32,1.0
A12,146,2025-10-20,24.51340462235771,-18.833065882799808,0.5441071158094462,25.0,32.0,0.0,0.0,1.0,0.0,0.0,0.0,1.0,0,0,0.6,-0.5,36.32,1.0
A12,147,2025-10-27,35.71700149489897,-12.518523267223848,0.5359455090723044,26.0,28.0,0.0,0.0,1.0,1.0,0.0,0.0,1.0,0,0,0.6,-0.5,36.32,0.0
A12,148,2025-11-03,43.5410997598477,-6.458900240192428,0.5279063264362198,27.0,12.0,0.0,0.0,0.0,0.0,0.0,0.0,1.0,0,0,0.6,-0.5,36.32,0.0
A12,149,2025-11-10,30.127612925870423,-18.107911835989732,0.5199877315396765,28.0,23.0,2.0,0.0,1.0,0.0,0.0,0.0,1.0,0,0,0.6,-0.5,36.32,0.0
A12,150,2025-11-17,52.47276702631167,9.126296522831431,0.5121879155665813,29.0,17.0,9.0,0.0,0.0,0.0,0.0,0.0,1.0,0,0,0.6,-0.5,36.32,0.0
A12,151,2025-11-24,25.722412131375346,-10.673022541821144,0.5045050968330825,30.0,16.0,0.0,0.0,0.0,0.0,0.0,0.0,1.0,0,0,0.6,-0.5,36.32,0.0
A12,152,2025-12-01,20.52748589506568,-8.200673186871516,0.4969375203805863,31.0,94.0,10.0,0.0,1.0,0.0,0.0,0.0,1.0,0,0,0.6,-0.5,36.32,0.0
A12,153,2025-12-08,10.192538928137195,-11.36203592457771,0.4894834575748775,32.0,34.0,0.0,0.0,0.0,0.0,0.0,0.0,1.0,0,0,0.6,-0.5,36.32,0.0
A12,154,2025-12-15,11.786008871535985,-3.8757402691594933,0.4821412057112543,33.0,15.0,0.0,0.0,0.0,0.0,0.0,0.0,1.0,0,0,0.6,-0.5,36.32,0.0
A12,155,2025-12-22,7.0323641446512015,-4.306264796795824,0.85,0.0,21.0,0.0,0.0,1.0,0.0,0.0,0.0,1.0,0,0,0.6,-0.5,36.32,0.0
A13,0,2023-01-02,5.085089565055999,0.05190450284712966,0.3140287521743551,99.0,46.0,0.0,0.0,0.0,0.0,0.0,0.0,1.2,0,0,0.65,-0.25,35.73,0.0
A13,1,2023-01-09,4.845811523392707,-0.24143751221990772,0.3093183208917398,99.0,24.0,24.0,0.0,0.0,0.0,0.0,0.0,1.2,0,0,0.65,-0.25,35.73,0.0
A13,2,2023-01-16,16.605313496116,11.39071549667777,0.3046785460783637,99.0,68.0,22.0,0.0,1.0,0.0,0.0,0.0,1.2,0,0,0.65,-0.25,35.73,0.0
A13,3,2023-01-23,6.262277487425167,0.7684926644839649,0.30010836788718825,99.0,37.0,22.0,0.0,1.0,0.0,0.0,0.0,1.2,0,0,0.65,-0.25,35.73,0.0
A13,4,2023-01-30,4.551189725821637,-1.5117211236062458,0.2956067423688804,99.0,42.0,24.0,0.0,0.0,0.0,0.0,0.0,1.2,0,0,0.65,-0.25,35.73,0.0
A13,5,2023-02-06,6.9904182057753905,-0.15002139505975354,0.2911726412333472,99.0,47.0,10.0,0.0,0.0,0.0,0.0,0.0,1.2,0,0,0.65,-0.25,35.73,0.0
A13,6,2023-02-13,11.088463627976124,2.056132863591138,0.286805051614847,99.0,52.0,0.0,0.0,0.0,0.0,0.0,0.0,1.2,0,0,0.65,-0.25,35.73,0.0
A13,7,2023-02-20,18.324158315471426,6.217648574643203,0.2825029758406243,99.0,22.0,22.0,0.0,0.0,0.0,0.0,0.0,1.2,0,0,0.65,-0.25,35.73,0.0
A13,8,2023-02-27,25.374070044062005,8.657416273920862,0.2782654312030149,99.0,33.0,19.0,0.0,1.0,0.0,0.0,0.0,1.2,0,0,0.65,-0.25,35.73,0.0
A13,9,2023-03-06,36.545693457217375,13.47404074248525,0.2740914497349697,99.0,13.0,0.0,0.0,1.0,0.0,0.0,0.0,1.2,0,0,0.65,-0.25,35.73,0.0
A13,10,2023-03-13,30.996515723361032,-0.07937678706365858,0.26998007798894513,99.0,3.0,3.0,0.0,1.0,0.0,0.0,0.0,1.2,0,0,0.65,-0.25,35.73,0.0
A13,11,2023-03-20,56.60708666997532,16.408313499373406,0.26593037681911097,99.0,30.0,6.0,0.0,0.0,0.0,0.0,0.0,1.2,0,0,0.65,-0.25,35.73,0.0
A13,12,2023-03-27,45.488814469010755,-3.9602787718923196,0.2619414211668243,99.0,34.0,0.0,0.0,0.0,0.0,0.0,0.0,1.2,0,0,0.65,-0.25,35.73,0.0
A13,13,2023-04-03,57.872035773827875,0.36163663125102374,0.2580122998493219,99.0,27.0,16.0,0.0,0.0,0.0,0.0,0.0,1.2,0,0,0.65,-0.25,35.73,0.0
A13,14,2023-04-10,57.1456498979657,-5.887316130954666,0.25414211535158204,99.0,49.0,0.0,0.0,0.0,0.0,0.0,0.0,1.2,0,0,0.65,-0.25,35.73,0.0
A13,15,2023-04-17,53.602447111530026,-11.397552888470088,0.2503299836213083,99.0,40.0,0.0,0.0,0.0,0.0,0.0,0.0,1.2,0,0,0.65,-0.25,35.73,0.0
A13,16,2023-04-24,114.35123633366157,51.31827030474014,0.24657503386698867,99.0,30.0,0.0,0.0,0.0,0.0,0.0,0.0,1.2,0,0,0.65,-0.25,35.73,0.0
A13,17,2023-05-01,91.48028025919707,33.969881116610466,0.24287640835898383,99.0,29.0,0.0,0.0,0.0,0.0,0.0,0.0,1.2,0,0,0.65,-0.25,35.73,0.0
A13,18,2023-05-08,87.00104689178507,37.551953650800726,0.23923326223359906,99.0,16.0,16.0,0.0,0.0,0.0,0.0,0.0,1.2,0,0,0.65,-0.25,35.73,0.0
A13,19,2023-05-15,50.944642470623535,10.745869299396666,0.23564476330009507,99.0,44.0,17.0,0.0,0.0,0.0,0.0,0.0,1.2,0,0,0.65,-0.25,35.73,0.0
A13,20,2023-05-22,50.98128498077191,19.90539246591044,0.23211009185059364,99.0,46.0,6.0,0.0,0.0,0.0,0.0,0.0,1.2,0,0,0.65,-0.25,35.73,0.0
A13,21,2023-05-29,15.569236837302991,-7.5024159065055755,0.22862844047283473,99.0,60.0,24.0,0.0,1.0,0.0,0.0,0.0,1.2,0,0,0.65,-0.25,35.73,0.0
A13,22,2023-06-05,28.265151424146445,11.548497478103073,0.2251990138657422,99.0,12.0,10.0,0.0,2.0,0.0,0.0,0.0,1.2,0,0,0.65,-0.25,35.73,0.0
A13,23,2023-06-12,16.10095965318057,3.994448930021342,0.2231676411391356,99.0,48.0,21.0,0.0,0.0,0.0,0.0,0.0,1.2,0,0,0.65,-0.25,35.73,0.0
A13,24,2023-06-19,14.061533090528375,5.029197262060528,0.2231676411391356,99.0,0.0,0.0,0.0,0.0,0.0,0.0,0.0,1.2,0,0,0.65,-0.25,35.73,0.0
A13,25,2023-06-26,10.195326450769421,3.054862750869166,0.2231676411391356,99.0,20.0,0.0,0.0,0.0,0.0,0.0,0.0,1.2,0,0,0.65,-0.25,35.73,0.0
A13,26,2023-07-03,5.364921431045742,-0.6980952842661416,0.2231676411391356,99.0,42.0,0.0,0.0,1.0,0.0,0.0,0.0,1.2,0,0,0.65,-0.25,35.73,0.0
A13,27,2023-07-10,4.065453065984648,-1.428761064285843,0.2231676411391356,99.0,25.0,13.0,0.0,0.0,0.0,0.0,0.0,1.2,0,0,0.65,-0.25,35.73,0.0
A13,28,2023-07-17,5.081948413601576,-0.13425666407052894,0.2231676411391356,99.0,22.0,0.0,0.0,0.0,0.0,0.0,0.0,1.2,0,0,0.65,-0.25,35.73,0.0
A13,29,2023-07-24,7.7577540335650115,2.6649515567684956,0.2231676411391356,99.0,35.0,35.0,0.0,0.0,0.0,0.0,1.0,1.2,0,0,0.65,-0.25,35.73,0.0
A13,30,2023-07-31,8.038496195393618,2.98759602635527,0.2231676411391356,99.0,19.0,0.0,0.0,7.0,2.0,1.0,8.0,1.2,0,0,0.65,-0.25,35.73,1.0
A13,31,2023-08-07,3.921660433098407,-1.1423127526740542,0.2231676411391356,99.0,15.0,0.0,0.0,14.0,7.0,0.0,24.0,1.2,0,0,0.65,-0.25,35.73,3.0
A13,32,2023-08-14,4.562752767968917,-0.5829777534250384,0.2231676411391356,99.0,11.0,0.0,0.0,23.0,6.0,0.0,35.0,1.2,0,0,0.65,-0.25,35.73,3.0
A13,33,2023-08-21,5.198774406663109,-0.15826699586326676,0.2231676411391356,99.0,26.0,11.0,0.0,35.0,14.0,0.0,46.0,1.2,0,0,0.65,-0.25,35.73,3.0
A13,34,2023-08-28,6.424830793159801,0.600270476299988,0.2231676411391356,99.0,14.0,3.0,0.0,25.0,9.0,0.0,35.0,1.2,0,0,0.65,-0.25,35.73,4.0
A13,35,2023-09-04,5.247828287615559,-1.5146441676463978,0.2231676411391356,99.0,37.0,0.0,0.0,14.0,5.0,0.0,20.0,1.2,0,0,0.65,-0.25,35.73,3.0
A13,36,2023-09-11,6.442953560568556,-2.035784534876427,0.2231676411391356,99.0,0.0,0.0,0.0,9.0,4.0,0.0,11.0,1.2,0,0,0.65,-0.25,35.73,4.0
A13,37,2023-09-18,10.630392389622667,-0.7082424610913005,0.2231676411391356,99.0,25.0,0.0,0.0,4.0,1.0,0.0,4.0,1.2,0,0,0.65,-0.25,35.73,5.0
A13,38,2023-09-25,20.1772121719977,4.515461712766541,0.2231676411391356,99.0,15.0,10.0,0.0,0.0,0.0,0.0,0.0,1.2,0,0,0.65,-0.25,35.73,3.0
A13,39,2023-10-02,17.82360369833924,-3.7309714296065692,0.2231676411391356,99.0,35.0,3.0,0.0,0.0,0.0,0.0,0.0,1.2,0,0,0.65,-0.25,35.73,3.0
A13,40,2023-10-09,34.48381622759494,5.755657091911338,0.2231676411391356,99.0,29.0,11.0,0.0,1.0,0.0,0.0,0.0,1.2,0,0,0.65,-0.25,35.73,2.0
A13,41,2023-10-16,65.89617405169412,29.500739368679135,0.2231676411391356,99.0,26.0,0.0,0.0,0.0,0.0,0.0,0.0,1.2,0,0,0.65,-0.25,35.73,2.0
A13,42,2023-10-23,34.35494352324952,-8.991526981908002,0.2231676411391356,99.0,62.0,0.0,0.0,0.0,0.0,0.0,0.0,1.2,0,0,0.65,-0.25,35.73,2.0
A13,43,2023-10-30,56.091445468845194,7.855920706722372,0.2231676411391356,99.0,33.0,29.0,9.0,0.0,0.0,0.0,0.0,1.2,0,0,0.65,-0.25,35.73,1.0
A13,44,2023-11-06,89.46356197012317,39.46356197008304,0.2231676411391356,99.0,30.0,0.0,0.0,1.0,0.0,0.0,0.0,1.2,0,0,0.65,-0.25,35.73,1.0
A13,45,2023-11-13,52.08335378007934,3.847829018219187,0.2231676411391356,99.0,52.0,0.0,0.0,1.0,0.0,0.0,0.0,1.2,0,0,0.65,-0.25,35.73,0.0
A13,46,2023-11-20,44.32657750431358,0.9801070008333426,0.2231676411391356,99.0,13.0,0.0,0.0,0.0,0.0,0.0,0.0,1.2,0,0,0.65,-0.25,35.73,0.0
A13,47,2023-11-27,68.36154316135116,31.966108488154674,0.2231676411391356,99.0,32.0,16.0,0.0,0.0,0.0,0.0,0.0,1.2,0,0,0.65,-0.25,35.73,1.0
A13,48,2023-12-04,32.2607273230524,3.5325682411152037,0.2231676411391356,99.0,12.0,0.0,0.0,0.0,0.0,0.0,1.0,1.2,0,0,0.65,-0.25,35.73,1.0
A13,49,2023-12-11,39.65848387529089,18.103909022575987,0.2231676411391356,99.0,12.0,0.0,0.0,0.0,0.0,1.0,0.0,1.2,0,0,0.65,-0.25,35.73,1.0
A13,50,2023-12-18,22.74858208094107,7.086832940245591,0.2231676411391356,99.0,39.0,0.0,0.0,0.0,0.0,0.0,0.0,1.2,0,0,0.65,-0.25,35.73,1.0
A13,51,2023-12-25,12.570632117818851,1.2320031763718262,0.2231676411391356,99.0,69.0,23.0,23.0,0.0,0.0,0.0,0.0,1.2,0,0,0.65,-0.25,35.73,0.0
A13,52,2024-01-01,5.953294016509606,0.9201089543007361,0.2231676411391356,99.0,36.0,0.0,0.0,0.0,0.0,0.0,0.0,1.2,0,0,0.65,-0.25,35.73,0.0
A13,53,2024-01-08,5.6910487730338355,0.6037997374212205,0.2231676411391356,99.0,96.0,50.0,0.0,0.0,0.0,0.0,0.0,1.2,0,0,0.65,-0.25,35.73,0.0
A13,54,2024-01-15,7.4541504704732375,2.2395524710350063,0.2231676411391356,99.0,74.0,11.0,0.0,1.0,0.0,0.0,0.0,1.2,0,0,0.65,-0.25,35.73,0.0
A13,55,2024-01-22,4.534416833134891,-0.959367989806311,0.2231676411391356,99.0,6.0,0.0,0.0,2.0,0.0,0.0,0.0,1.2,0,0,0.65,-0.25,35.73,0.0
A13,56,2024-01-29,6.150984475464676,0.0880736260367927,0.2231676411391356,99.0,0.0,0.0,0.0,1.0,0.0,0.0,0.0,1.2,0,0,0.65,-0.25,35.73,0.0
A13,57,2024-02-05,6.9883456564621405,-0.1520939443730036,0.2231676411391356,99.0,23.0,23.0,0.0,0.0,0.0,0.0,0.0,1.2,0,0,0.65,-0.25,35.73,0.0
A13,58,2024-02-12,11.556664657088074,2.5243338927030887,0.2231676411391356,99.0,15.0,0.0,0.0,0.0,0.0,0.0,0.0,1.2,0,0,0.65,-0.25,35.73,0.0
A13,59,2024-02-19,8.45645948126408,-3.650050259564143,0.2231676411391356,99.0,55.0,20.0,0.0,0.0,0.0,0.0,0.0,1.2,0,0,0.65,-0.25,35.73,0.0
A13,60,2024-02-26,23.863436194203107,7.146782424061964,0.2231676411391356,99.0,58.0,10.0,0.0,1.0,1.0,0.0,0.0,1.2,0,0,0.65,-0.25,35.73,0.0
A13,61,2024-03-04,27.162022852149956,4.090370137417832,0.2231676411391356,99.0,59.0,17.0,0.0,1.0,0.0,0.0,0.0,1.2,0,0,0.65,-0.25,35.73,0.0
A13,62,2024-03-11,19.59958872082536,-11.476303789599331,0.2231676411391356,99.0,9.0,0.0,0.0,0.0,0.0,0.0,0.0,1.2,0,0,0.65,-0.25,35.73,0.0
A13,63,2024-03-18,61.358178179568874,21.159405008966964,0.2231676411391356,99.0,61.0,16.0,16.0,0.0,0.0,0.0,1.0,1.2,0,0,0.65,-0.25,35.73,0.0
A13,64,2024-03-25,108.08049777873453,58.63140453783145,0.2231676411391356,99.0,7.0,0.0,0.0,1.0,0.0,0.0,1.0,1.2,0,0,0.65,-0.25,35.73,0.0
A13,65,2024-04-01,81.66354326796765,24.153144125390803,0.2231676411391356,99.0,45.0,0.0,0.0,4.0,0.0,0.0,5.0,1.2,0,0,0.65,-0.25,35.73,0.0
A13,66,2024-04-08,103.8660957167499,40.83312968782953,0.2231676411391356,99.0,4.0,4.0,0.0,6.0,1.0,1.0,5.0,1.2,0,0,0.65,-0.25,35.73,0.0
A13,67,2024-04-15,66.97150654289639,1.9715065428962788,0.2231676411391356,99.0,20.0,0.0,0.0,7.0,4.0,0.0,8.0,1.2,0,0,0.65,-0.25,35.73,0.0
A13,68,2024-04-22,35.23821467607502,-27.79475135284642,0.2231676411391356,99.0,30.0,3.0,0.0,11.0,6.0,0.0,19.0,1.2,0,0,0.65,-0.25,35.73,1.0
A13,69,2024-04-29,30.16021368605694,-27.350185456529665,0.2231676411391356,99.0,0.0,0.0,0.0,19.0,8.0,0.0,29.0,1.2,0,0,0.65,-0.25,35.73,1.0
A13,70,2024-05-06,54.066914473964324,4.617821232979985,0.2231676411391356,99.0,12.0,0.0,0.0,12.0,8.0,0.0,24.0,1.2,0,0,0.65,-0.25,35.73,1.0
A13,71,2024-05-13,32.67609903605722,-7.522674135169652,0.2231676411391356,99.0,16.0,0.0,0.0,19.0,5.0,0.0,23.0,1.2,0,0,0.65,-0.25,35.73,3.0
A13,72,2024-05-20,22.56343466621915,-8.51245784864232,0.2231676411391356,99.0,116.0,23.0,0.0,10.0,5.0,0.0,14.0,1.2,0,0,0.65,-0.25,35.73,3.0
A13,73,2024-05-27,22.570491575250042,-0.5011611685585251,0.2231676411391356,99.0,35.0,24.0,0.0,7.0,2.0,0.0,10.0,1.2,0,0,0.65,-0.25,35.73,4.0
A13,74,2024-06-03,20.735771809177358,4.019117863133985,0.2231676411391356,99.0,39.0,23.0,0.0,8.0,2.0,0.0,8.0,1.2,0,0,0.65,-0.25,35.73,4.0
A13,75,2024-06-10,7.281073009911902,-4.825437713247327,0.2231676411391356,99.0,58.0,0.0,0.0,6.0,2.0,0.0,13.0,1.2,0,0,0.65,-0.25,35.73,2.0
A13,76,2024-06-17,7.719146810304169,-1.313189018163678,0.2231676411391356,99.0,9.0,0.0,0.0,4.0,1.0,0.0,8.0,1.2,0,0,0.65,-0.25,35.73,2.0
A13,77,2024-06-24,12.112433140172572,4.971969440272316,0.2231676411391356,99.0,34.0,13.0,0.0,3.0,2.0,1.0,4.0,1.2,0,0,0.65,-0.25,35.73,1.0
A13,78,2024-07-01,4.161420785526812,-1.9015959297850715,0.2231676411391356,99.0,0.0,0.0,0.0,0.0,1.0,0.0,2.0,1.2,0,0,0.65,-0.25,35.73,3.0
A13,79,2024-07-08,7.449239731464811,1.9550256011943201,0.2231676411391356,99.0,0.0,0.0,0.0,1.0,0.0,0.0,1.0,1.2,0,0,0.65,-0.25,35.73,3.0
A13,80,2024-07-15,4.402243839006671,-0.813961238665434,0.2231676411391356,99.0,22.0,0.0,0.0,1.0,0.0,0.0,1.0,1.2,0,0,0.65,-0.25,35.73,4.0
A13,81,2024-07-22,6.164802373055536,1.0719998962590198,0.2231676411391356,99.0,14.0,0.0,0.0,1.0,1.0,0.0,1.0,1.2,0,0,0.65,-0.25,35.73,5.0
A13,82,2024-07-29,7.415935317593142,2.365035148554794,0.2231676411391356,99.0,12.0,12.0,12.0,1.0,1.0,0.0,1.0,1.2,0,0,0.65,-0.25,35.73,4.0
A13,83,2024-08-05,6.563998916783471,1.5000257310110099,0.2231676411391356,99.0,22.0,0.0,0.0,0.0,0.0,0.0,0.0,1.2,0,0,0.65,-0.25,35.73,5.0
A13,84,2024-08-12,7.073625907513237,1.9278953861192818,0.2231676411391356,99.0,52.0,14.0,14.0,0.0,0.0,0.0,0.0,1.2,0,0,0.65,-0.25,35.73,3.0
A13,85,2024-08-19,3.5799688843549036,-1.777072518171472,0.2231676411391356,99.0,60.0,0.0,0.0,1.0,0.0,0.0,0.0,1.2,0,0,0.65,-0.25,35.73,3.0
A13,86,2024-08-26,8.60087903904264,2.776318722182827,0.2231676411391356,99.0,51.0,18.0,18.0,0.0,0.0,0.0,0.0,1.2,0,0,0.65,-0.25,35.73,3.0
A13,87,2024-09-02,5.017571144613875,-1.744901310648082,0.2231676411391356,99.0,25.0,0.0,0.0,0.0,0.0,0.0,0.0,1.2,0,0,0.65,-0.25,35.73,2.0
A13,88,2024-09-09,9.285009771321283,0.8062716758762996,0.2231676411391356,99.0,24.0,6.0,0.0,0.0,0.0,0.0,0.0,1.2,0,0,0.65,-0.25,35.73,2.0
A13,89,2024-09-16,12.411234530644592,1.072599679930624,0.2231676411391356,99.0,0.0,0.0,0.0,0.0,0.0,0.0,0.0,1.2,0,0,0.65,-0.25,35.73,2.0
A13,90,2024-09-23,18.56010452219582,2.898354062964664,0.2231676411391356,99.0,14.0,14.0,14.0,0.0,0.0,0.0,0.0,1.2,0,0,0.65,-0.25,35.73,1.0
A13,91,2024-09-30,24.252578304303277,2.6980031763574672,0.2231676411391356,99.0,23.0,0.0,0.0,1.0,0.0,0.0,0.0,1.2,0,0,0.65,-0.25,35.73,2.0
A13,92,2024-10-07,21.381890037500426,-7.346269098183178,0.2231676411391356,99.0,28.0,0.0,0.0,0.0,0.0,0.0,0.0,1.2,0,0,0.65,-0.25,35.73,2.0
A13,93,2024-10-14,22.691485174571554,-13.70394950844343,0.2231676411391356,99.0,34.0,0.0,0.0,0.0,0.0,0.0,0.0,1.2,0,0,0.65,-0.25,35.73,2.0
A13,94,2024-10-21,58.823846142407426,15.477375637249907,0.2231676411391356,99.0,48.0,13.0,13.0,0.0,0.0,0.0,0.0,1.2,0,0,0.65,-0.25,35.73,2.0
A13,95,2024-10-28,51.477142797624786,3.241618035501965,0.2231676411391356,99.0,22.0,14.0,0.0,0.0,0.0,0.0,0.0,1.2,0,0,0.65,-0.25,35.73,1.0
A13,96,2024-11-04,74.76163854609536,24.76163854605523,0.2231676411391356,99.0,17.0,0.0,0.0,1.0,0.0,0.0,0.0,1.2,0,0,0.65,-0.25,35.73,1.0
A13,97,2024-11-11,47.486205145574374,-0.7493196162857814,0.2231676411391356,99.0,0.0,0.0,0.0,0.0,0.0,0.0,0.0,1.2,0,0,0.65,-0.25,35.73,0.0
A13,98,2024-11-18,26.507236072823883,-16.839234430656358,0.2231676411391356,99.0,35.0,33.0,0.0,0.0,0.0,0.0,0.0,1.2,0,0,0.65,-0.25,35.73,0.0
A13,99,2024-11-25,51.038933021263716,14.643498348067226,0.2231676411391356,99.0,33.0,0.0,0.0,1.0,0.0,0.0,0.0,1.2,0,0,0.65,-0.25,35.73,0.0
A13,100,2024-12-02,25.235407832616357,-3.4927512493208397,0.2231676411391356,99.0,46.0,22.0,0.0,1.0,0.0,0.0,0.0,1.2,0,0,0.65,-0.25,35.73,0.0
A13,101,2024-12-09,24.29545496234386,2.7408801096289572,0.2231676411391356,99.0,15.0,0.0,0.0,0.0,0.0,0.0,0.0,1.2,0,0,0.65,-0.25,35.73,0.0
A13,102,2024-12-16,12.48603199574079,-3.175717144954689,0.2231676411391356,99.0,71.0,0.0,0.0,0.0,0.0,0.0,0.0,1.2,0,0,0.65,-0.25,35.73,0.0
A13,103,2024-12-23,20.1604141256184,8.821785184171373,0.2231676411391356,99.0,33.0,0.0,0.0,0.0,0.0,0.0,0.0,1.2,0,0,0.65,-0.25,35.73,0.0
A13,104,2024-12-30,3.7034147832389737,-1.329770278969896,0.2231676411391356,99.0,60.0,0.0,0.0,0.0,0.0,0.0,0.0,1.2,0,0,0.65,-0.25,35.73,0.0
A13,105,2025-01-06,2.938366721015201,-2.148882314597414,0.2231676411391356,99.0,81.0,0.0,0.0,0.0,0.0,0.0,0.0,1.2,0,0,0.65,-0.25,35.73,0.0
A13,106,2025-01-13,3.5193845476122863,-1.695213451825945,0.2231676411391356,99.0,34.0,0.0,0.0,0.0,0.0,0.0,0.0,1.2,0,0,0.65,-0.25,35.73,0.0
A13,107,2025-01-20,2.4365197532821554,-3.0572650696590467,0.2231676411391356,99.0,27.0,6.0,0.0,0.0,0.0,0.0,0.0,1.2,0,0,0.65,-0.25,35.73,0.0
A13,108,2025-01-27,4.424197658287497,-1.6387131911403863,0.2231676411391356,99.0,105.0,55.0,0.0,0.0,0.0,0.0,0.0,1.2,0,0,0.65,-0.25,35.73,0.0
A13,109,2025-02-03,8.159313978844542,1.0188743780093983,0.2231676411391356,99.0,16.0,0.0,0.0,1.0,0.0,0.0,0.0,1.2,0,0,0.65,-0.25,35.73,0.0
A13,110,2025-02-10,4.944944666530191,-4.087386097854795,0.2231676411391356,99.0,34.0,11.0,0.0,0.0,0.0,0.0,0.0,1.2,0,0,0.65,-0.25,35.73,0.0
A13,111,2025-02-17,9.036395559628902,-3.0701141811993207,0.2231676411391356,99.0,0.0,0.0,0.0,0.0,0.0,0.0,0.0,1.2,0,0,0.65,-0.25,35.73,0.0
A13,112,2025-02-24,4.150879141183643,-12.565774628957499,0.2231676411391356,99.0,85.0,0.0,0.0,0.0,0.0,0.0,0.0,1.2,0,0,0.65,-0.25,35.73,0.0
A13,113,2025-03-03,14.793628369357629,-8.278024345374495,0.2231676411391356,99.0,8.0,0.0,0.0,1.0,0.0,0.0,0.0,1.2,0,0,0.65,-0.25,35.73,0.0
A13,114,2025-03-10,18.10312620724325,-12.97276630318144,0.2231676411391356,99.0,81.0,41.0,23.0,0.0,0.0,0.0,0.0,1.2,0,0,0.65,-0.25,35.73,0.0
A13,115,2025-03-17,19.620587548174438,-20.578185622427473,0.2231676411391356,99.0,42.0,0.0,0.0,0.0,0.0,0.0,0.0,1.2,0,0,0.65,-0.25,35.73,0.0
A13,116,2025-03-24,46.93053216500608,-2.518561075896997,0.2231676411391356,99.0,27.0,4.0,0.0,0.0,0.0,0.0,0.0,1.2,0,0,0.65,-0.25,35.73,0.0
A13,117,2025-03-31,33.347992693301364,-24.162406449275487,0.4818111618711941,0.0,53.0,21.0,0.0,0.0,1.0,0.0,1.0,1.2,0,0,0.65,-0.25,35.73,3.0
A13,118,2025-04-07,38.503834096542924,-24.52913193237744,0.4745839944431262,1.0,6.0,0.0,0.0,2.0,0.0,0.0,2.0,1.2,0,0,0.65,-0.25,35.73,5.0
A13,119,2025-04-14,37.02475887447845,-27.975241125521663,0.4674652345264793,2.0,13.0,0.0,0.0,6.0,2.0,0.0,6.0,1.2,0,0,0.65,-0.25,35.73,6.0
A13,120,2025-04-21,20.946873283598332,-42.0860927453231,0.4604532560085821,3.0,46.0,5.0,0.0,7.0,1.0,0.0,15.0,1.2,0,0,0.65,-0.25,35.73,7.0
A13,121,2025-04-28,25.15326265551666,-32.35713648706995,0.802866342299758,0.0,79.0,26.0,9.0,14.0,5.0,1.0,23.0,1.2,0,0,0.65,-0.25,35.73,4.0
A13,122,2025-05-05,44.9946469066437,-4.454446334340638,0.7908233471652616,1.0,0.0,0.0,0.0,15.0,5.0,0.0,22.0,1.2,0,0,0.65,-0.25,35.73,2.0
A13,123,2025-05-12,12.485535752813007,-27.71323741841386,0.7789609969577826,2.0,74.0,0.0,0.0,16.0,3.0,0.0,22.0,1.2,0,0,0.65,-0.25,35.73,2.0
A13,124,2025-05-19,15.447374750452402,-15.628517764409066,0.7672765820034159,3.0,71.0,64.0,35.0,17.0,5.0,0.0,24.0,1.2,0,0,0.65,-0.25,35.73,2.0
A13,125,2025-05-26,13.03867282658161,-10.032979917226957,0.7557674332733646,4.0,57.0,11.0,0.0,12.0,6.0,0.0,20.0,1.2,0,0,0.65,-0.25,35.73,2.0
A13,126,2025-06-02,20.00315882324012,3.286504877196748,0.7444309217742641,5.0,58.0,0.0,0.0,13.0,3.0,0.0,15.0,1.2,0,0,0.65,-0.25,35.73,2.0
A13,127,2025-06-09,10.298227427590723,-1.808283295568506,0.73326445794765,6.0,86.0,23.0,0.0,5.0,3.0,0.0,7.0,1.2,0,0,0.65,-0.25,35.73,1.0
A13,128,2025-06-16,4.830830541608743,-4.201505286859104,0.7222654910784353,7.0,28.0,19.0,0.0,3.0,1.0,0.0,4.0,1.2,0,0,0.65,-0.25,35.73,0.0
A13,129,2025-06-23,7.327061846929548,0.18659814702929278,0.7114315087122588,8.0,47.0,0.0,0.0,2.0,1.0,0.0,2.0,1.2,0,0,0.65,-0.25,35.73,0.0
A13,130,2025-06-30,3.041175233733654,-3.0218414815782295,0.7007600360815749,9.0,54.0,39.0,0.0,0.0,0.0,0.0,0.0,1.2,0,0,0.65,-0.25,35.73,2.0
A13,131,2025-07-07,5.083996055304382,-0.4102180749661084,0.6902486355403512,10.0,20.0,0.0,0.0,0.0,0.0,0.0,0.0,1.2,0,0,0.65,-0.25,35.73,2.0
A13,132,2025-07-14,2.1072424325181967,-3.108962645153908,0.6798949060072459,11.0,2.0,2.0,2.0,0.0,1.0,0.0,0.0,1.2,0,0,0.65,-0.25,35.73,2.0
A13,133,2025-07-21,4.819574224102548,-0.27322825269396755,0.6696964824171372,12.0,42.0,0.0,0.0,1.0,0.0,0.0,0.0,1.2,0,0,0.65,-0.25,35.73,2.0
A13,134,2025-07-28,2.8480563714208524,-2.2028437976174957,0.6596510351808801,13.0,37.0,28.0,0.0,1.0,0.0,0.0,0.0,1.2,0,0,0.65,-0.25,35.73,1.0
A13,135,2025-08-04,2.2965132383355384,-2.767459947436923,0.6497562696531669,14.0,77.0,25.0,0.0,0.0,0.0,0.0,0.0,1.2,0,0,0.65,-0.25,35.73,1.0
A13,136,2025-08-11,3.099944367006676,-2.045786154387279,0.6400099256083694,15.0,76.0,49.0,0.0,0.0,0.0,0.0,0.0,1.2,0,0,0.65,-0.25,35.73,1.0
A13,137,2025-08-18,3.837032925789167,-1.5200084767372086,0.6304097767242439,16.0,22.0,0.0,0.0,0.0,0.0,0.0,0.0,1.2,0,0,0.65,-0.25,35.73,1.0
A13,138,2025-08-25,3.184001209156407,-2.640559107703406,0.6209536300733802,17.0,48.0,23.0,0.0,0.0,0.0,0.0,0.0,1.2,0,0,0.65,-0.25,35.73,0.0
A13,139,2025-09-01,5.336069760106905,-1.4264026951550521,0.6116393256222795,18.0,6.0,4.0,0.0,0.0,0.0,0.0,0.0,1.2,0,0,0.65,-0.25,35.73,0.0
A13,140,2025-09-08,4.493944634679673,-3.98479346076531,0.6024647357379453,19.0,36.0,0.0,0.0,0.0,0.0,0.0,0.0,1.2,0,0,0.65,-0.25,35.73,0.0
A13,141,2025-09-15,9.157409466020587,-2.1812253846933807,0.5934277647018762,20.0,53.0,0.0,0.0,0.0,0.0,0.0,0.0,1.2,0,0,0.65,-0.25,35.73,0.0
A13,142,2025-09-22,11.884277035213366,-3.777473424017792,0.5845263482313481,21.0,16.0,4.0,0.0,0.0,0.0,0.0,0.0,1.2,0,0,0.65,-0.25,35.73,0.0
A13,143,2025-09-29,13.714890106366779,-7.839685021579031,0.5757584530078779,22.0,52.0,0.0,0.0,0.0,0.0,0.0,0.0,1.2,0,0,0.65,-0.25,35.73,0.0
A13,144,2025-10-06,16.0003575822545,-12.727801553429103,0.5671220762127597,23.0,60.0,19.0,5.0,0.0,0.0,0.0,0.0,1.2,0,0,0.65,-0.25,35.73,0.0
A13,145,2025-10-13,24.945656239065368,-11.449778443949615,0.5586152450695683,24.0,2.0,2.0,0.0,0.0,0.0,0.0,0.0,1.2,0,0,0.65,-0.25,35.73,0.0
A13,146,2025-10-20,34.15917355644044,-9.187296948717076,0.5502360163935247,25.0,29.0,0.0,0.0,2.0,0.0,0.0,0.0,1.2,0,0,0.65,-0.25,35.73,0.0
A13,147,2025-10-27,64.51789100154933,16.28236623942651,0.5419824761476218,26.0,30.0,0.0,0.0,0.0,0.0,0.0,0.0,1.2,0,0,0.65,-0.25,35.73,0.0
A13,148,2025-11-03,45.152120162972246,-4.847879837067879,0.5338527390054075,27.0,17.0,0.0,0.0,0.0,0.0,0.0,0.0,1.2,0,0,0.65,-0.25,35.73,0.0
A13,149,2025-11-10,44.11983012936004,-4.115694632500116,0.5258449479203264,28.0,25.0,20.0,0.0,1.0,0.0,0.0,0.0,1.2,0,0,0.65,-0.25,35.73,0.0
A13,150,2025-11-17,83.04823913911477,39.70176863563453,0.5179572737015216,29.0,21.0,0.0,0.0,0.0,0.0,0.0,0.0,1.2,0,0,0.65,-0.25,35.73,1.0
A13,151,2025-11-24,28.339196918822335,-8.056237754374155,0.5101879145959988,30.0,18.0,0.0,0.0,0.0,0.0,0.0,0.0,1.2,0,0,0.65,-0.25,35.73,1.0
A13,152,2025-12-01,22.12526365199342,-6.602895429943775,0.5025350958770588,31.0,9.0,9.0,9.0,0.0,0.0,0.0,0.0,1.2,0,0,0.65,-0.25,35.73,1.0
A13,153,2025-12-08,17.925251984305202,-3.6293228684097016,0.4949970694389029,32.0,59.0,35.0,0.0,1.0,0.0,0.0,0.0,1.2,0,0,0.65,-0.25,35.73,1.0
A13,154,2025-12-15,7.1513444277626155,-8.510404712932864,0.4875721133973194,33.0,32.0,0.0,0.0,1.0,0.0,0.0,0.0,1.2,0,0,0.65,-0.25,35.73,0.0
A13,155,2025-12-22,6.309566019204938,-5.029062922242087,0.85,0.0,43.0,19.0,0.0,0.0,0.0,0.0,0.0,1.2,0,0,0.65,-0.25,35.73,0.0
A14,0,2023-01-02,5.270036586038524,0.23685152382965402,0.26342308008991133,99.0,11.0,0.0,0.0,1.0,0.0,0.0,0.0,1.1,0,0,0.65,-0.33,35.94,0.0
A14,1,2023-01-09,7.976866484920953,2.8896174493083384,0.25947173388856265,99.0,26.0,0.0,0.0,0.0,0.0,0.0,0.0,1.1,0,0,0.65,-0.33,35.94,0.0
A14,2,2023-01-16,6.132757309333074,0.9181593098948424,0.25557965788023423,99.0,22.0,5.0,0.0,0.0,0.0,0.0,0.0,1.1,0,0,0.65,-0.33,35.94,0.0
A14,3,2023-01-23,7.207622678300889,1.713837855359687,0.2517459630120307,99.0,51.0,14.0,0.0,0.0,0.0,0.0,0.0,1.1,0,0,0.65,-0.33,35.94,0.0
A14,4,2023-01-30,11.088878746221265,5.025967896793382,0.24796977356685027,99.0,3.0,0.0,0.0,0.0,0.0,0.0,0.0,1.1,0,0,0.65,-0.33,35.94,0.0
A14,5,2023-02-06,12.073592783290735,4.933153182455591,0.2442502269633475,99.0,34.0,0.0,0.0,1.0,0.0,0.0,0.0,1.1,0,0,0.65,-0.33,35.94,0.0
A14,6,2023-02-13,10.669099303312814,1.6367685389278286,0.24058647355889728,99.0,26.0,3.0,0.0,0.0,0.0,0.0,0.0,1.1,0,0,0.65,-0.33,35.94,0.0
A14,7,2023-02-20,11.969821060394217,-0.1366886804340055,0.23697767645551382,99.0,58.0,34.0,0.0,1.0,0.0,0.0,0.0,1.1,0,0,0.65,-0.33,35.94,0.0
A14,8,2023-02-27,31.09027787074697,14.373624100605827,0.23342301130868112,99.0,45.0,13.0,0.0,0.0,0.0,0.0,0.0,1.1,0,0,0.65,-0.33,35.94,0.0
A14,9,2023-03-06,37.81138218794886,14.739729473216734,0.2299216661390509,99.0,66.0,39.0,0.0,0.0,0.0,0.0,0.0,1.1,0,0,0.65,-0.33,35.94,0.0
A14,10,2023-03-13,22.140002120720276,-8.935890389704415,0.22647284114696514,99.0,84.0,0.0,0.0,0.0,1.0,0.0,0.0,1.1,0,0,0.65,-0.33,35.94,0.0
A14,11,2023-03-20,45.03212615956021,4.833352988958296,0.22307574852976067,99.0,32.0,0.0,0.0,0.0,0.0,0.0,0.0,1.1,0,0,0.65,-0.33,35.94,0.0
A14,12,2023-03-27,65.49787399566439,16.048780754761317,0.21972961230181426,99.0,57.0,14.0,0.0,0.0,0.0,0.0,0.0,1.1,0,0,0.65,-0.33,35.94,0.0
A14,13,2023-04-03,94.41497918882267,36.90458004624582,0.21643366811728704,99.0,43.0,0.0,0.0,0.0,0.0,0.0,0.0,1.1,0,0,0.65,-0.33,35.94,0.0
A14,14,2023-04-10,108.34677191092757,45.31380588200721,0.21318716309552774,99.0,31.0,21.0,0.0,0.0,0.0,0.0,0.0,1.1,0,0,0.65,-0.33,35.94,0.0
A14,15,2023-04-17,89.73832376878448,24.73832376878437,0.20998935564909482,99.0,16.0,16.0,0.0,0.0,1.0,0.0,0.0,1.1,0,0,0.65,-0.33,35.94,0.0
A14,16,2023-04-24,96.70238316840103,33.66941713947959,0.2068395153143584,99.0,72.0,0.0,0.0,0.0,0.0,0.0,0.0,1.1,0,0,0.65,-0.33,35.94,0.0
A14,17,2023-05-01,73.51998089979213,16.009581757205524,0.20373692258464302,99.0,26.0,9.0,0.0,0.0,0.0,0.0,0.0,1.1,0,0,0.65,-0.33,35.94,0.0
A14,18,2023-05-08,48.824839107379766,-0.6242541336045733,0.20068086874587338,99.0,23.0,0.0,0.0,0.0,0.0,0.0,0.0,1.1,0,0,0.65,-0.33,35.94,0.0
A14,19,2023-05-15,45.85744172771971,5.658668556492842,0.19767065571468528,99.0,50.0,0.0,0.0,0.0,0.0,0.0,0.0,1.1,0,0,0.65,-0.33,35.94,0.0
A14,20,2023-05-22,39.10392419260446,8.028031677742991,0.194705595878965,99.0,10.0,0.0,0.0,0.0,0.0,0.0,0.0,1.1,0,0,0.65,-0.33,35.94,0.0
A14,21,2023-05-29,28.49163466941893,5.419981925610362,0.19178501194078051,99.0,56.0,33.0,0.0,1.0,0.0,0.0,0.0,1.1,0,0,0.65,-0.33,35.94,0.0
A14,22,2023-06-05,10.800565561277187,-5.916088384766185,0.1889082367616688,99.0,20.0,0.0,0.0,0.0,0.0,0.0,0.0,1.1,0,0,0.65,-0.33,35.94,0.0
A14,23,2023-06-12,13.167711944458521,1.0612012212992923,0.18720421935323647,99.0,0.0,0.0,0.0,0.0,0.0,0.0,0.0,1.1,0,0,0.65,-0.33,35.94,0.0
A14,24,2023-06-19,11.514723699164712,2.482387870696865,0.18720421935323647,99.0,41.0,41.0,0.0,0.0,0.0,0.0,0.0,1.1,0,0,0.65,-0.33,35.94,0.0
A14,25,2023-06-26,8.088487645359113,0.948023945458857,0.18720421935323647,99.0,14.0,0.0,0.0,1.0,0.0,0.0,0.0,1.1,0,0,0.65,-0.33,35.94,0.0
A14,26,2023-07-03,6.9515364487631315,0.8885197334512478,0.18720421935323647,99.0,34.0,12.0,0.0,0.0,0.0,0.0,0.0,1.1,0,0,0.65,-0.33,35.94,0.0
A14,27,2023-07-10,8.14688864736809,2.6526745170975996,0.18720421935323647,99.0,32.0,0.0,0.0,0.0,0.0,0.0,0.0,1.1,0,0,0.65,-0.33,35.94,0.0
A14,28,2023-07-17,4.469509525369391,-0.7466955523027137,0.18720421935323647,99.0,38.0,20.0,0.0,0.0,0.0,0.0,0.0,1.1,0,0,0.65,-0.33,35.94,0.0
A14,29,2023-07-24,3.6008035911272924,-1.4919988856692235,0.18720421935323647,99.0,47.0,0.0,0.0,2.0,0.0,0.0,0.0,1.1,0,0,0.65,-0.33,35.94,0.0
A14,30,2023-07-31,5.589280703009767,0.5383805339714192,0.18720421935323647,99.0,0.0,0.0,0.0,2.0,1.0,0.0,4.0,1.1,0,0,0.65,-0.33,35.94,2.0
A14,31,2023-08-07,8.270830961422133,3.206857775649672,0.18720421935323647,99.0,0.0,0.0,0.0,3.0,1.0,0.0,6.0,1.1,0,0,0.65,-0.33,35.94,4.0
A14,32,2023-08-14,11.611017838713074,6.465287317319119,0.18720421935323647,99.0,39.0,18.0,0.0,7.0,6.0,0.0,14.0,1.1,0,0,0.65,-0.33,35.94,4.0
A14,33,2023-08-21,8.804828644003832,3.4477872414774566,0.18720421935323647,99.0,29.0,3.0,3.0,23.0,15.0,0.0,36.0,1.1,0,0,0.65,-0.33,35.94,4.0
A14,34,2023-08-28,4.355044158070136,-1.469516158789677,0.18720421935323647,99.0,65.0,24.0,0.0,26.0,9.0,1.0,41.0,1.1,0,0,0.65,-0.33,35.94,3.0
A14,35,2023-09-04,7.79282616875721,1.030353713495253,0.18720421935323647,99.0,35.0,0.0,0.0,23.0,12.0,0.0,34.0,1.1,0,0,0.65,-0.33,35.94,3.0
A14,36,2023-09-11,11.594457867768636,3.1157197723236525,0.18720421935323647,99.0,20.0,18.0,18.0,18.0,5.0,0.0,23.0,1.1,0,0,0.65,-0.33,35.94,4.0
A14,37,2023-09-18,15.08221672952037,3.7435818788064026,0.18720421935323647,99.0,23.0,0.0,0.0,7.0,1.0,0.0,9.0,1.1,0,0,0.65,-0.33,35.94,5.0
A14,38,2023-09-25,23.644289054484645,7.982538595253487,0.18720421935323647,99.0,72.0,10.0,0.0,1.0,0.0,0.0,1.0,1.1,0,0,0.65,-0.33,35.94,5.0
A14,39,2023-10-02,19.54587989164347,-2.0086952363023407,0.18720421935323647,99.0,25.0,25.0,7.0,1.0,0.0,0.0,1.0,1.1,0,0,0.65,-0.33,35.94,4.0
A14,40,2023-10-09,36.73578794430615,8.007628808622549,0.18720421935323647,99.0,0.0,0.0,0.0,0.0,0.0,0.0,0.0,1.1,0,0,0.65,-0.33,35.94,3.0
A14,41,2023-10-16,52.70444976316028,16.309015080145294,0.18720421935323647,99.0,12.0,0.0,0.0,0.0,0.0,0.0,0.0,1.1,0,0,0.65,-0.33,35.94,3.0
A14,42,2023-10-23,72.33829567465008,28.991825169492564,0.18720421935323647,99.0,27.0,0.0,0.0,1.0,0.0,0.0,0.0,1.1,0,0,0.65,-0.33,35.94,2.0
A14,43,2023-10-30,45.47842196060088,-2.7571028015219383,0.18720421935323647,99.0,7.0,0.0,0.0,0.0,0.0,0.0,0.0,1.1,0,0,0.65,-0.33,35.94,1.0
A14,44,2023-11-06,55.38792740940306,5.387927409362938,0.18720421935323647,99.0,21.0,0.0,0.0,1.0,0.0,0.0,0.0,1.1,0,0,0.65,-0.33,35.94,1.0
A14,45,2023-11-13,23.403910905858005,-24.83161385600215,0.18720421935323647,99.0,26.0,0.0,0.0,0.0,0.0,0.0,0.0,1.1,0,0,0.65,-0.33,35.94,0.0
A14,46,2023-11-20,43.5912805935696,0.24481009008935928,0.18720421935323647,99.0,46.0,21.0,0.0,1.0,0.0,0.0,0.0,1.1,0,0,0.65,-0.33,35.94,0.0
A14,47,2023-11-27,37.865548361846606,1.470113688650116,0.18720421935323647,99.0,76.0,0.0,0.0,1.0,0.0,0.0,0.0,1.1,0,0,0.65,-0.33,35.94,1.0
A14,48,2023-12-04,25.132624119389416,-3.595534962547781,0.18720421935323647,99.0,55.0,9.0,0.0,0.0,0.0,0.0,0.0,1.1,0,0,0.65,-0.33,35.94,2.0
A14,49,2023-12-11,28.551112100179736,6.996537247464833,0.18720421935323647,99.0,41.0,0.0,0.0,0.0,0.0,0.0,0.0,1.1,0,0,0.65,-0.33,35.94,3.0
A14,50,2023-12-18,19.197576156810197,3.535827016114718,0.18720421935323647,99.0,16.0,16.0,16.0,0.0,0.0,0.0,0.0,1.1,0,0,0.65,-0.33,35.94,3.0
A14,51,2023-12-25,6.427811229398044,-4.910817712048981,0.18720421935323647,99.0,44.0,19.0,0.0,0.0,0.0,0.0,0.0,1.1,0,0,0.65,-0.33,35.94,2.0
A14,52,2024-01-01,5.427511741675619,0.39432667946674904,0.18720421935323647,99.0,0.0,0.0,0.0,0.0,0.0,0.0,0.0,1.1,0,0,0.65,-0.33,35.94,1.0
A14,53,2024-01-08,3.6759947421219064,-1.4112542934907086,0.18720421935323647,99.0,27.0,21.0,0.0,0.0,0.0,0.0,0.0,1.1,0,0,0.65,-0.33,35.94,0.0
A14,54,2024-01-15,6.180833517517325,0.9662355180790936,0.18720421935323647,99.0,68.0,19.0,0.0,0.0,0.0,0.0,0.0,1.1,0,0,0.65,-0.33,35.94,0.0
A14,55,2024-01-22,3.5077313320887327,-1.9860534908524694,0.18720421935323647,99.0,43.0,8.0,0.0,0.0,0.0,0.0,0.0,1.1,0,0,0.65,-0.33,35.94,0.0
A14,56,2024-01-29,6.126920825502841,0.06400997607495817,0.18720421935323647,99.0,43.0,12.0,0.0,0.0,0.0,0.0,0.0,1.1,0,0,0.65,-0.33,35.94,0.0
A14,57,2024-02-05,6.466708057922522,-0.6737315429126225,0.18720421935323647,99.0,5.0,5.0,0.0,0.0,0.0,0.0,0.0,1.1,0,0,0.65,-0.33,35.94,0.0
A14,58,2024-02-12,10.043203200941578,1.0108724365565926,0.18720421935323647,99.0,41.0,18.0,0.0,0.0,0.0,0.0,0.0,1.1,0,0,0.65,-0.33,35.94,0.0
A14,59,2024-02-19,12.64658666896513,0.5400769281369069,0.18720421935323647,99.0,35.0,30.0,0.0,0.0,0.0,0.0,0.0,1.1,0,0,0.65,-0.33,35.94,0.0
A14,60,2024-02-26,15.288455376173525,-1.4281983939676177,0.18720421935323647,99.0,31.0,14.0,0.0,0.0,0.0,0.0,0.0,1.1,0,0,0.65,-0.33,35.94,0.0
A14,61,2024-03-04,13.475987511662385,-9.59566520306974,0.18720421935323647,99.0,68.0,24.0,0.0,1.0,0.0,0.0,0.0,1.1,0,0,0.65,-0.33,35.94,0.0
A14,62,2024-03-11,18.530343376086226,-12.545549134338465,0.18720421935323647,99.0,12.0,0.0,0.0,0.0,0.0,0.0,0.0,1.1,0,0,0.65,-0.33,35.94,0.0
A14,63,2024-03-18,32.76877395377081,-7.429999216831099,0.18720421935323647,99.0,27.0,12.0,0.0,0.0,0.0,0.0,0.0,1.1,0,0,0.65,-0.33,35.94,0.0
A14,64,2024-03-25,49.30599921801932,-0.1430940228837514,0.18720421935323647,99.0,32.0,0.0,0.0,0.0,0.0,0.0,0.0,1.1,0,0,0.65,-0.33,35.94,0.0
A14,65,2024-04-01,46.48264441729914,-11.02775472527771,0.18720421935323647,99.0,47.0,0.0,0.0,0.0,0.0,0.0,0.0,1.1,0,0,0.65,-0.33,35.94,0.0
A14,66,2024-04-08,78.45161266281825,15.418646633897886,0.18720421935323647,99.0,63.0,0.0,0.0,0.0,0.0,0.0,0.0,1.1,0,0,0.65,-0.33,35.94,1.0
A14,67,2024-04-15,58.948250460004864,-6.0517495399952494,0.18720421935323647,99.0,0.0,0.0,0.0,0.0,0.0,0.0,0.0,1.1,0,0,0.65,-0.33,35.94,1.0
A14,68,2024-04-22,44.9658541989738,-18.067111829947635,0.18720421935323647,99.0,19.0,0.0,0.0,1.0,0.0,0.0,1.0,1.1,0,0,0.65,-0.33,35.94,2.0
A14,69,2024-04-29,52.17649382271615,-5.3339053198704605,0.18720421935323647,99.0,34.0,23.0,0.0,2.0,0.0,0.0,3.0,1.1,0,0,0.65,-0.33,35.94,2.0
A14,70,2024-05-06,53.51674864665907,4.067655405674728,0.18720421935323647,99.0,34.0,0.0,0.0,11.0,4.0,0.0,10.0,1.1,0,0,0.65,-0.33,35.94,1.0
A14,71,2024-05-13,45.03978132177214,4.841008150545271,0.18720421935323647,99.0,48.0,39.0,0.0,6.0,3.0,1.0,11.0,1.1,0,0,0.65,-0.33,35.94,2.0
A14,72,2024-05-20,59.971236433212425,28.895343918350957,0.18720421935323647,99.0,22.0,10.0,0.0,13.0,7.0,0.0,21.0,1.1,0,0,0.65,-0.33,35.94,2.0
A14,73,2024-05-27,18.25586578035834,-4.8157869634502255,0.18720421935323647,99.0,50.0,24.0,0.0,20.0,6.0,0.0,27.0,1.1,0,0,0.65,-0.33,35.94,3.0
A14,74,2024-06-03,16.292223909699047,-0.42443003634432586,0.18720421935323647,99.0,12.0,8.0,8.0,16.0,7.0,0.0,27.0,1.1,0,0,0.65,-0.33,35.94,3.0
A14,75,2024-06-10,14.053714886618403,1.9472041634591744,0.18720421935323647,99.0,34.0,15.0,3.0,19.0,6.0,0.0,24.0,1.1,0,0,0.65,-0.33,35.94,2.0
A14,76,2024-06-17,8.958591110641743,-0.07374471782610392,0.18720421935323647,99.0,20.0,0.0,0.0,10.0,4.0,0.0,16.0,1.1,0,0,0.65,-0.33,35.94,2.0
A14,77,2024-06-24,5.992815691920331,-1.1476480079799245,0.18720421935323647,99.0,11.0,0.0,0.0,5.0,2.0,0.0,11.0,1.1,0,0,0.65,-0.33,35.94,2.0
A14,78,2024-07-01,3.525306815387681,-2.5377098999242027,0.18720421935323647,99.0,10.0,0.0,0.0,2.0,1.0,0.0,5.0,1.1,0,0,0.65,-0.33,35.94,5.0
A14,79,2024-07-08,4.594700005608304,-0.8995141246621872,0.18720421935323647,99.0,31.0,0.0,0.0,3.0,0.0,0.0,4.0,1.1,0,0,0.65,-0.33,35.94,5.0
A14,80,2024-07-15,3.582189825239494,-1.6340152524326106,0.18720421935323647,99.0,63.0,8.0,0.0,1.0,0.0,0.0,2.0,1.1,0,0,0.65,-0.33,35.94,6.0
A14,81,2024-07-22,2.782962270961832,-2.309840205834684,0.18720421935323647,99.0,62.0,19.0,19.0,1.0,1.0,0.0,1.0,1.1,0,0,0.65,-0.33,35.94,6.0
A14,82,2024-07-29,3.8231660341944282,-1.22773413484392,0.18720421935323647,99.0,18.0,0.0,0.0,1.0,0.0,0.0,1.0,1.1,0,0,0.65,-0.33,35.94,4.0
A14,83,2024-08-05,3.5101869125228116,-1.5537862732496497,0.18720421935323647,99.0,44.0,23.0,0.0,2.0,0.0,1.0,1.0,1.1,0,0,0.65,-0.33,35.94,4.0
A14,84,2024-08-12,6.312252820743538,1.166522299349583,0.18720421935323647,99.0,42.0,23.0,23.0,0.0,0.0,0.0,0.0,1.1,0,0,0.65,-0.33,35.94,2.0
A14,85,2024-08-19,6.61139045910876,1.2543490565823845,0.18720421935323647,99.0,27.0,0.0,0.0,1.0,0.0,0.0,0.0,1.1,0,0,0.65,-0.33,35.94,2.0
A14,86,2024-08-26,4.244931840289035,-1.579628476570778,0.18720421935323647,99.0,48.0,0.0,0.0,0.0,1.0,0.0,0.0,1.1,0,0,0.65,-0.33,35.94,3.0
A14,87,2024-09-02,6.173763072531069,-0.5887093827308876,0.18720421935323647,99.0,50.0,11.0,0.0,0.0,0.0,0.0,0.0,1.1,0,0,0.65,-0.33,35.94,3.0
A14,88,2024-09-09,4.424585923591238,-4.054152171853746,0.18720421935323647,99.0,75.0,33.0,0.0,2.0,0.0,0.0,0.0,1.1,0,0,0.65,-0.33,35.94,3.0
A14,89,2024-09-16,9.537171232242605,-1.801463618471363,0.18720421935323647,99.0,70.0,0.0,0.0,0.0,0.0,0.0,0.0,1.1,0,0,0.65,-0.33,35.94,3.0
A14,90,2024-09-23,18.00888286317578,2.3471324039446237,0.18720421935323647,99.0,37.0,26.0,0.0,0.0,0.0,0.0,0.0,1.1,0,0,0.65,-0.33,35.94,1.0
A14,91,2024-09-30,28.76951611393263,7.214940985986821,0.18720421935323647,99.0,59.0,17.0,0.0,0.0,0.0,0.0,0.0,1.1,0,0,0.65,-0.33,35.94,2.0
A14,92,2024-10-07,22.383214330607583,-6.344944805076022,0.18720421935323647,99.0,16.0,16.0,0.0,0.0,0.0,0.0,0.0,1.1,0,0,0.65,-0.33,35.94,2.0
A14,93,2024-10-14,52.59350048396148,16.198065800946495,0.18720421935323647,99.0,44.0,12.0,0.0,0.0,0.0,0.0,0.0,1.1,0,0,0.65,-0.33,35.94,2.0
A14,94,2024-10-21,25.501393782706142,-17.845076722451378,0.18720421935323647,99.0,66.0,13.0,0.0,0.0,0.0,0.0,0.0,1.1,0,0,0.65,-0.33,35.94,2.0
A14,95,2024-10-28,31.169063491621234,-17.066461270501588,0.18720421935323647,99.0,64.0,44.0,0.0,1.0,0.0,0.0,0.0,1.1,0,0,0.65,-0.33,35.94,1.0
A14,96,2024-11-04,64.09745492641181,14.09745492637169,0.18720421935323647,99.0,19.0,0.0,0.0,0.0,0.0,0.0,0.0,1.1,0,0,0.65,-0.33,35.94,2.0
A14,97,2024-11-11,86.57301897435082,38.33749421249066,0.18720421935323647,99.0,18.0,0.0,0.0,1.0,0.0,0.0,0.0,1.1,0,0,0.65,-0.33,35.94,1.0
A14,98,2024-11-18,51.5177535387104,8.17128303523016,0.18720421935323647,99.0,9.0,0.0,0.0,0.0,0.0,0.0,0.0,1.1,0,0,0.65,-0.33,35.94,1.0
A14,99,2024-11-25,35.885148188915096,-0.5102864842813943,0.18720421935323647,99.0,3.0,3.0,0.0,0.0,0.0,0.0,0.0,1.1,0,0,0.65,-0.33,35.94,1.0
A14,100,2024-12-02,13.323954203044737,-15.40420487889246,0.18720421935323647,99.0,16.0,0.0,0.0,0.0,0.0,0.0,0.0,1.1,0,0,0.65,-0.33,35.94,0.0
A14,101,2024-12-09,10.61992139890505,-10.934653453809855,0.18720421935323647,99.0,58.0,0.0,0.0,2.0,0.0,0.0,0.0,1.1,0,0,0.65,-0.33,35.94,0.0
A14,102,2024-12-16,16.38743228628741,0.7256831455919315,0.18720421935323647,99.0,12.0,0.0,0.0,0.0,0.0,0.0,0.0,1.1,0,0,0.65,-0.33,35.94,0.0
A14,103,2024-12-23,10.003084065593209,-1.3355448758538166,0.18720421935323647,99.0,19.0,0.0,0.0,1.0,0.0,0.0,0.0,1.1,0,0,0.65,-0.33,35.94,0.0
A14,104,2024-12-30,3.417846529889341,-1.6153385323195288,0.18720421935323647,99.0,31.0,0.0,0.0,1.0,0.0,0.0,0.0,1.1,0,0,0.65,-0.33,35.94,0.0
A14,105,2025-01-06,3.3834324337041553,-1.7038166019084597,0.18720421935323647,99.0,90.0,48.0,21.0,0.0,0.0,0.0,0.0,1.1,0,0,0.65,-0.33,35.94,0.0
A14,106,2025-01-13,3.5288606703672216,-1.6857373290710096,0.18720421935323647,99.0,60.0,0.0,0.0,1.0,0.0,0.0,0.0,1.1,0,0,0.65,-0.33,35.94,0.0
A14,107,2025-01-20,4.9698022916977065,-0.5239825312434956,0.18720421935323647,99.0,19.0,0.0,0.0,0.0,0.0,0.0,0.0,1.1,0,0,0.65,-0.33,35.94,0.0
A14,108,2025-01-27,4.133886087742623,-1.9290247616852598,0.18720421935323647,99.0,56.0,0.0,0.0,0.0,0.0,0.0,0.0,1.1,0,0,0.65,-0.33,35.94,0.0
A14,109,2025-02-03,7.1344092828174395,-0.0060303180177045945,0.18720421935323647,99.0,30.0,21.0,0.0,0.0,0.0,0.0,0.0,1.1,0,0,0.65,-0.33,35.94,0.0
A14,110,2025-02-10,5.887464571915543,-3.1448661924694425,0.18720421935323647,99.0,46.0,29.0,0.0,0.0,0.0,0.0,0.0,1.1,0,0,0.65,-0.33,35.94,0.0
A14,111,2025-02-17,7.557898223468113,-4.54861151736011,0.18720421935323647,99.0,12.0,0.0,0.0,0.0,0.0,0.0,0.0,1.1,0,0,0.65,-0.33,35.94,0.0
A14,112,2025-02-24,15.770353289514286,-0.9463004806268565,0.18720421935323647,99.0,37.0,0.0,0.0,0.0,0.0,0.0,0.0,1.1,0,0,0.65,-0.33,35.94,0.0
A14,113,2025-03-03,10.647951057113593,-12.423701657618532,0.18720421935323647,99.0,73.0,47.0,0.0,0.0,0.0,0.0,0.0,1.1,0,0,0.65,-0.33,35.94,1.0
A14,114,2025-03-10,54.09306833274658,23.017175822321892,0.18720421935323647,99.0,9.0,0.0,0.0,0.0,0.0,0.0,0.0,1.1,0,0,0.65,-0.33,35.94,1.0
A14,115,2025-03-17,29.796581682204412,-10.402191488397499,0.18720421935323647,99.0,57.0,15.0,0.0,0.0,0.0,0.0,0.0,1.1,0,0,0.65,-0.33,35.94,1.0
A14,116,2025-03-24,36.72475472753314,-12.724338513369936,0.18720421935323647,99.0,2.0,0.0,0.0,0.0,0.0,0.0,0.0,1.1,0,0,0.65,-0.33,35.94,1.0
A14,117,2025-03-31,44.9237433859387,-12.586655756638152,0.5197778063194793,0.0,32.0,0.0,0.0,3.0,1.0,0.0,3.0,1.1,0,0,0.65,-0.33,35.94,3.0
A14,118,2025-04-07,79.03357088450146,16.000604855581095,0.5119811392246871,1.0,57.0,14.0,0.0,6.0,4.0,1.0,8.0,1.1,0,0,0.65,-0.33,35.94,4.0
A14,119,2025-04-14,55.75582827295295,-9.244171727047167,0.5043014221363168,2.0,33.0,0.0,0.0,9.0,3.0,0.0,15.0,1.1,0,0,0.65,-0.33,35.94,5.0
A14,120,2025-04-21,23.3618733866288,-39.671092642292635,0.496736900804272,3.0,20.0,0.0,0.0,16.0,6.0,0.0,25.0,1.1,0,0,0.65,-0.33,35.94,6.0
A14,121,2025-04-28,61.09301291209081,3.5826137695042064,0.85,0.0,18.0,3.0,0.0,16.0,4.0,0.0,26.0,1.1,0,0,0.65,-0.33,35.94,4.0
A14,122,2025-05-05,28.526885746481824,-20.922207494502516,0.8372499999999999,1.0,69.0,14.0,0.0,15.0,7.0,0.0,20.0,1.1,0,0,0.65,-0.33,35.94,3.0
A14,123,2025-05-12,27.127767557673234,-13.071005613553634,0.8246912499999999,2.0,48.0,0.0,0.0,7.0,1.0,0.0,15.0,1.1,0,0,0.65,-0.33,35.94,3.0
A14,124,2025-05-19,12.908816815113978,-18.167075699747492,0.8123208812499999,3.0,31.0,8.0,8.0,9.0,1.0,0.0,15.0,1.1,0,0,0.65,-0.33,35.94,3.0
A14,125,2025-05-26,18.029197016596832,-5.042455727211735,0.8001360680312499,4.0,60.0,41.0,31.0,8.0,3.0,0.0,9.0,1.1,0,0,0.65,-0.33,35.94,2.0
A14,126,2025-06-02,8.650711286090122,-8.06594265995325,0.7881340270107812,5.0,59.0,20.0,0.0,2.0,1.0,0.0,5.0,1.1,0,0,0.65,-0.33,35.94,3.0
A14,127,2025-06-09,8.150015600241225,-3.956495122918003,0.7763120166056194,6.0,114.0,14.0,0.0,4.0,1.0,0.0,4.0,1.1,0,0,0.65,-0.33,35.94,2.0
A14,128,2025-06-16,5.315321186994575,-3.7170146414732717,0.7646673363565352,7.0,37.0,0.0,0.0,2.0,1.0,0.0,3.0,1.1,0,0,0.65,-0.33,35.94,1.0
A14,129,2025-06-23,9.104322335898456,1.9638586359982,0.7531973263111871,8.0,0.0,0.0,0.0,2.0,0.0,0.0,1.0,1.1,0,0,0.65,-0.33,35.94,1.0
A14,130,2025-06-30,7.886998726769452,1.8239820114575682,0.7418993664165192,9.0,3.0,0.0,0.0,1.0,0.0,1.0,1.0,1.1,0,0,0.65,-0.33,35.94,1.0
A14,131,2025-07-07,3.6298533778757593,-1.8643607523947314,0.7307708759202715,10.0,23.0,0.0,0.0,0.0,0.0,0.0,0.0,1.1,0,0,0.65,-0.33,35.94,1.0
A14,132,2025-07-14,3.46731120174017,-1.7488938759319348,0.7198093127814674,11.0,108.0,40.0,0.0,0.0,0.0,0.0,0.0,1.1,0,0,0.65,-0.33,35.94,1.0
A14,133,2025-07-21,2.9047296130340485,-2.1880728637624673,0.7090121730897454,12.0,47.0,0.0,0.0,0.0,0.0,0.0,0.0,1.1,0,0,0.65,-0.33,35.94,1.0
A14,134,2025-07-28,4.835022413784163,-0.2158777552541853,0.6983769904933992,13.0,44.0,0.0,0.0,0.0,0.0,0.0,0.0,1.1,0,0,0.65,-0.33,35.94,1.0
A14,135,2025-08-04,2.9336474697727266,-2.1303257159997346,0.6879013356359982,14.0,40.0,0.0,0.0,1.0,0.0,0.0,0.0,1.1,0,0,0.65,-0.33,35.94,1.0
A14,136,2025-08-11,2.8861296515623853,-2.2596008698315697,0.6775828156014582,15.0,43.0,25.0,0.0,0.0,0.0,0.0,0.0,1.1,0,0,0.65,-0.33,35.94,1.0
A14,137,2025-08-18,4.904418000950708,-0.4526234015756678,0.6674190733674363,16.0,44.0,16.0,0.0,0.0,0.0,0.0,0.0,1.1,0,0,0.65,-0.33,35.94,1.0
A14,138,2025-08-25,3.1358363445126822,-2.688723972347131,0.6574077872669247,17.0,12.0,0.0,0.0,0.0,0.0,0.0,0.0,1.1,0,0,0.65,-0.33,35.94,0.0
A14,139,2025-09-01,4.337904480248686,-2.4245679750132707,0.6475466704579208,18.0,18.0,0.0,0.0,0.0,0.0,0.0,0.0,1.1,0,0,0.65,-0.33,35.94,0.0
A14,140,2025-09-08,3.1686953435027685,-5.310042751942214,0.637833470401052,19.0,59.0,0.0,0.0,0.0,0.0,0.0,0.0,1.1,0,0,0.65,-0.33,35.94,0.0
A14,141,2025-09-15,9.43003315191441,-1.9086016987995578,0.6282659683450362,20.0,32.0,0.0,0.0,1.0,0.0,0.0,0.0,1.1,0,0,0.65,-0.33,35.94,0.0
A14,142,2025-09-22,20.080355040015128,4.4186045807839704,0.6188419788198607,21.0,0.0,0.0,0.0,0.0,1.0,0.0,0.0,1.1,0,0,0.65,-0.33,35.94,0.0
A14,143,2025-09-29,18.033552694672306,-3.5210224332735045,0.6095593491375628,22.0,59.0,14.0,0.0,0.0,0.0,0.0,0.0,1.1,0,0,0.65,-0.33,35.94,0.0
A14,144,2025-10-06,31.147207328865925,2.41904819318232,0.6004159589004994,23.0,16.0,0.0,0.0,0.0,0.0,0.0,0.0,1.1,0,0,0.65,-0.33,35.94,0.0
A14,145,2025-10-13,17.59341496340444,-18.80201971961054,0.5914097195169918,24.0,68.0,0.0,0.0,0.0,0.0,0.0,0.0,1.1,0,0,0.65,-0.33,35.94,0.0
A14,146,2025-10-20,30.604769534815567,-12.741700970341952,0.582538573724237,25.0,4.0,0.0,0.0,0.0,0.0,0.0,0.0,1.1,0,0,0.65,-0.33,35.94,0.0
A14,147,2025-10-27,22.53809273713077,-25.69743202499205,0.5738004951183735,26.0,0.0,0.0,0.0,0.0,0.0,0.0,0.0,1.1,0,0,0.65,-0.33,35.94,0.0
A14,148,2025-11-03,30.009744583898698,-19.990255416141427,0.5651934876915979,27.0,54.0,21.0,0.0,0.0,0.0,0.0,0.0,1.1,0,0,0.65,-0.33,35.94,0.0
A14,149,2025-11-10,41.08269057174861,-7.152834190111548,0.556715585376224,28.0,56.0,37.0,0.0,0.0,0.0,0.0,0.0,1.1,0,0,0.65,-0.33,35.94,0.0
A14,150,2025-11-17,29.197397535353726,-14.149072968126514,0.5483648515955807,29.0,15.0,0.0,0.0,2.0,0.0,0.0,0.0,1.1,0,0,0.65,-0.33,35.94,1.0
A14,151,2025-11-24,14.428942304211837,-21.966492368984653,0.540139378821647,30.0,87.0,6.0,0.0,0.0,0.0,0.0,0.0,1.1,0,0,0.65,-0.33,35.94,1.0
A14,152,2025-12-01,11.785084322116523,-16.943074759820675,0.5320372881393223,31.0,73.0,0.0,0.0,0.0,1.0,0.0,0.0,1.1,0,0,0.65,-0.33,35.94,1.0
A14,153,2025-12-08,8.639958607918803,-12.9146162447961,0.5240567288172324,32.0,36.0,12.0,0.0,0.0,0.0,0.0,0.0,1.1,0,0,0.65,-0.33,35.94,1.0
A14,154,2025-12-15,12.090824625278975,-3.570924515416504,0.5161958778849739,33.0,24.0,17.0,0.0,0.0,0.0,0.0,0.0,1.1,0,0,0.65,-0.33,35.94,0.0
A14,155,2025-12-22,15.17721906283571,3.8385901213886857,0.85,0.0,20.0,0.0,0.0,0.0,0.0,0.0,0.0,1.1,0,0,0.65,-0.33,35.94,0.0
A15,0,2023-01-02,10.135629947223723,5.102444885014854,0.38325504631102003,99.0,103.0,40.0,0.0,0.0,0.0,0.0,0.0,1.0,1,0,0.6,-0.17,35.86,0.0
A15,1,2023-01-09,3.2748954717525742,-1.8123535638600408,0.37750622061635475,99.0,48.0,13.0,0.0,0.0,0.0,0.0,0.0,1.0,1,0,0.6,-0.17,35.86,0.0
A15,2,2023-01-16,10.718616930925698,5.504018931487467,0.3718436273071094,99.0,44.0,27.0,0.0,0.0,0.0,0.0,0.0,1.0,1,0,0.6,-0.17,35.86,0.0
A15,3,2023-01-23,9.530537513651183,4.036752690709981,0.36626597289750273,99.0,74.0,40.0,0.0,0.0,0.0,0.0,0.0,1.0,1,0,0.6,-0.17,35.86,0.0
A15,4,2023-01-30,4.412664020372315,-1.6502468290555683,0.3607719833040402,99.0,34.0,5.0,0.0,0.0,0.0,0.0,0.0,1.0,1,0,0.6,-0.17,35.86,0.0
A15,5,2023-02-06,8.026891391545552,0.8864517907104084,0.35536040355447956,99.0,36.0,22.0,0.0,1.0,0.0,0.0,0.0,1.0,1,0,0.6,-0.17,35.86,0.0
A15,6,2023-02-13,16.566570554915774,7.534239790530789,0.35002999750116237,99.0,56.0,41.0,0.0,0.0,0.0,0.0,0.0,1.0,1,0,0.6,-0.17,35.86,0.0
A15,7,2023-02-20,18.348330385345555,6.2418206445173325,0.3447795475386449,99.0,11.0,2.0,0.0,0.0,0.0,0.0,0.0,1.0,1,0,0.6,-0.17,35.86,0.0
A15,8,2023-02-27,13.215174296223891,-3.501479473917252,0.33960785432556523,99.0,112.0,91.0,0.0,0.0,0.0,0.0,0.0,1.0,1,0,0.6,-0.17,35.86,0.0
A15,9,2023-03-06,35.712758810704514,12.64110609597239,0.3345137365106817,99.0,3.0,3.0,0.0,0.0,0.0,0.0,0.0,1.0,1,0,0.6,-0.17,35.86,0.0
A15,10,2023-03-13,18.38344811575214,-12.692444394672549,0.3294960304630215,99.0,37.0,13.0,0.0,0.0,0.0,0.0,0.0,1.0,1,0,0.6,-0.17,35.86,0.0
A15,11,2023-03-20,46.478612791198074,6.279839620596164,0.3245535900060762,99.0,51.0,37.0,0.0,0.0,0.0,0.0,0.0,1.0,1,0,0.6,-0.17,35.86,0.0
A15,12,2023-03-27,92.05370360850101,42.604610367597935,0.31968528615598507,99.0,72.0,35.0,0.0,0.0,0.0,0.0,0.0,1.0,1,0,0.6,-0.17,35.86,0.0
A15,13,2023-04-03,72.35230509261756,14.841905950040704,0.31489000686364527,99.0,4.0,4.0,0.0,0.0,0.0,0.0,0.0,1.0,1,0,0.6,-0.17,35.86,0.0
A15,14,2023-04-10,66.16643225195327,3.1334662230329045,0.3101666567606906,99.0,24.0,21.0,0.0,0.0,0.0,0.0,0.0,1.0,1,0,0.6,-0.17,35.86,0.0
A15,15,2023-04-17,110.91920019010888,45.91920019010877,0.30551415690928024,99.0,66.0,20.0,0.0,1.0,0.0,0.0,0.0,1.0,1,0,0.6,-0.17,35.86,0.0
A15,16,2023-04-24,110.82634828266572,47.793382253744284,0.300931444555641,99.0,20.0,6.0,0.0,1.0,0.0,0.0,0.0,1.0,1,0,0.6,-0.17,35.86,0.0
A15,17,2023-05-01,113.70680277966375,56.19640363707714,0.2964174728873064,99.0,44.0,19.0,0.0,0.0,0.0,0.0,0.0,1.0,1,0,0.6,-0.17,35.86,0.0
A15,18,2023-05-08,83.9404083170116,34.49131507602726,0.2919712107939968,99.0,113.0,64.0,0.0,1.0,0.0,0.0,0.0,1.0,1,0,0.6,-0.17,35.86,0.0
A15,19,2023-05-15,73.36604351914892,33.16727034792205,0.28759164263208686,99.0,2.0,2.0,0.0,1.0,0.0,0.0,0.0,1.0,1,0,0.6,-0.17,35.86,0.0
A15,20,2023-05-22,50.203959832719605,19.128067317858136,0.28327776799260557,99.0,36.0,18.0,0.0,1.0,0.0,0.0,0.0,1.0,1,0,0.6,-0.17,35.86,0.0
A15,21,2023-05-29,31.64826372624926,8.576610982440695,0.27902860147271646,99.0,43.0,41.0,0.0,0.0,0.0,0.0,0.0,1.0,1,0,0.6,-0.17,35.86,0.0
A15,22,2023-06-05,21.560806789772307,4.844152843728935,0.27484317245062573,99.0,28.0,28.0,0.0,0.0,0.0,0.0,0.0,1.0,1,0,0.6,-0.17,35.86,0.0
A15,23,2023-06-12,13.927231632237019,1.8207209090777905,0.2723639923022477,99.0,48.0,12.0,0.0,0.0,0.0,0.0,0.0,1.0,1,0,0.6,-0.17,35.86,0.0
A15,24,2023-06-19,7.386290574946633,-1.6460452535212138,0.2723639923022477,99.0,91.0,61.0,0.0,0.0,0.0,0.0,0.0,1.0,1,0,0.6,-0.17,35.86,0.0
A15,25,2023-06-26,6.388900842297395,-0.7515628576028606,0.2723639923022477,99.0,0.0,0.0,0.0,1.0,0.0,0.0,0.0,1.0,1,0,0.6,-0.17,35.86,0.0
A15,26,2023-07-03,6.866441303156329,0.8034245878444457,0.2723639923022477,99.0,59.0,47.0,0.0,0.0,0.0,0.0,0.0,1.0,1,0,0.6,-0.17,35.86,0.0
A15,27,2023-07-10,7.473379970125558,1.9791658398550673,0.2723639923022477,99.0,32.0,14.0,0.0,0.0,0.0,0.0,0.0,1.0,1,0,0.6,-0.17,35.86,0.0
A15,28,2023-07-17,10.796241901662114,5.580036823990009,0.2723639923022477,99.0,46.0,44.0,0.0,0.0,0.0,0.0,1.0,1.0,1,0,0.6,-0.17,35.86,0.0
A15,29,2023-07-24,6.27355252709801,1.1807500503014943,0.2723639923022477,99.0,70.0,61.0,0.0,2.0,0.0,0.0,2.0,1.0,1,0,0.6,-0.17,35.86,0.0
A15,30,2023-07-31,8.970368277617705,3.9194681085793572,0.2723639923022477,99.0,87.0,22.0,22.0,4.0,2.0,1.0,5.0,1.0,1,0,0.6,-0.17,35.86,1.0
A15,31,2023-08-07,9.235506158117468,4.171532972345007,0.2723639923022477,99.0,15.0,15.0,15.0,7.0,3.0,0.0,10.0,1.0,1,0,0.6,-0.17,35.86,3.0
A15,32,2023-08-14,5.931662441550539,0.7859319201565835,0.2723639923022477,99.0,22.0,0.0,0.0,10.0,4.0,0.0,23.0,1.0,1,0,0.6,-0.17,35.86,3.0
A15,33,2023-08-21,8.245742205668185,2.888700803141809,0.2723639923022477,99.0,39.0,17.0,17.0,17.0,5.0,0.0,27.0,1.0,1,0,0.6,-0.17,35.86,3.0
A15,34,2023-08-28,6.685842635016393,0.8612823181565803,0.2723639923022477,99.0,100.0,38.0,22.0,20.0,5.0,0.0,30.0,1.0,1,0,0.6,-0.17,35.86,4.0
A15,35,2023-09-04,13.427162201239218,6.664689745977261,0.2723639923022477,99.0,66.0,50.0,13.0,16.0,5.0,0.0,26.0,1.0,1,0,0.6,-0.17,35.86,3.0
A15,36,2023-09-11,13.240103251610385,4.761365156165402,0.2723639923022477,99.0,85.0,66.0,40.0,8.0,1.0,0.0,13.0,1.0,1,0,0.6,-0.17,35.86,4.0
A15,37,2023-09-18,9.343586243809938,-1.9950486069040299,0.2723639923022477,99.0,103.0,23.0,0.0,3.0,0.0,0.0,5.0,1.0,1,0,0.6,-0.17,35.86,5.0
A15,38,2023-09-25,20.71584036991557,5.054089910684411,0.2723639923022477,99.0,81.0,35.0,0.0,0.0,0.0,0.0,0.0,1.0,1,0,0.6,-0.17,35.86,4.0
A15,39,2023-10-02,47.96976443795447,26.415189310008657,0.2723639923022477,99.0,57.0,49.0,0.0,0.0,0.0,0.0,0.0,1.0,1,0,0.6,-0.17,35.86,4.0
A15,40,2023-10-09,33.70312238783506,4.974963252151454,0.2723639923022477,99.0,21.0,14.0,0.0,0.0,0.0,0.0,0.0,1.0,1,0,0.6,-0.17,35.86,3.0
A15,41,2023-10-16,53.21217150289197,16.816736819876986,0.2723639923022477,99.0,45.0,32.0,0.0,1.0,0.0,0.0,0.0,1.0,1,0,0.6,-0.17,35.86,3.0
A15,42,2023-10-23,65.59020861345886,22.243738108301336,0.2723639923022477,99.0,55.0,55.0,0.0,1.0,0.0,0.0,0.0,1.0,1,0,0.6,-0.17,35.86,2.0
A15,43,2023-10-30,41.947603948940774,-6.287920813182048,0.2723639923022477,99.0,83.0,43.0,0.0,0.0,0.0,0.0,0.0,1.0,1,0,0.6,-0.17,35.86,1.0
A15,44,2023-11-06,74.73244528225563,24.7324452822155,0.2723639923022477,99.0,41.0,33.0,19.0,1.0,0.0,0.0,0.0,1.0,1,0,0.6,-0.17,35.86,1.0
A15,45,2023-11-13,37.01773143932797,-11.217793322532188,0.2723639923022477,99.0,55.0,48.0,0.0,1.0,0.0,0.0,0.0,1.0,1,0,0.6,-0.17,35.86,0.0
A15,46,2023-11-20,43.5278252875395,0.1813547840592591,0.2723639923022477,99.0,19.0,7.0,0.0,0.0,0.0,0.0,0.0,1.0,1,0,0.6,-0.17,35.86,0.0
A15,47,2023-11-27,66.29337288087646,29.89793820767997,0.2723639923022477,99.0,5.0,5.0,0.0,1.0,0.0,0.0,0.0,1.0,1,0,0.6,-0.17,35.86,1.0
A15,48,2023-12-04,40.6860811451753,11.957922063238104,0.2723639923022477,99.0,24.0,24.0,0.0,0.0,0.0,0.0,0.0,1.0,1,0,0.6,-0.17,35.86,2.0
A15,49,2023-12-11,24.219652800228168,2.6650779475132644,0.2723639923022477,99.0,32.0,8.0,8.0,1.0,0.0,0.0,0.0,1.0,1,0,0.6,-0.17,35.86,3.0
A15,50,2023-12-18,22.88830972561553,7.226560584920053,0.2723639923022477,99.0,47.0,29.0,8.0,0.0,0.0,0.0,0.0,1.0,1,0,0.6,-0.17,35.86,3.0
A15,51,2023-12-25,13.8783025225792,2.539673581132174,0.2723639923022477,99.0,46.0,27.0,0.0,0.0,0.0,0.0,0.0,1.0,1,0,0.6,-0.17,35.86,2.0
A15,52,2024-01-01,5.055392385492434,0.02220732328356423,0.2723639923022477,99.0,90.0,52.0,52.0,0.0,0.0,0.0,0.0,1.0,1,0,0.6,-0.17,35.86,1.0
A15,53,2024-01-08,6.402084908669552,1.3148358730569374,0.2723639923022477,99.0,78.0,63.0,24.0,2.0,0.0,0.0,0.0,1.0,1,0,0.6,-0.17,35.86,0.0
A15,54,2024-01-15,4.042580763259066,-1.1720172361791654,0.2723639923022477,99.0,42.0,9.0,0.0,0.0,0.0,0.0,0.0,1.0,1,0,0.6,-0.17,35.86,0.0
A15,55,2024-01-22,5.571894729781855,0.07810990684065278,0.2723639923022477,99.0,37.0,15.0,0.0,0.0,0.0,0.0,0.0,1.0,1,0,0.6,-0.17,35.86,0.0
A15,56,2024-01-29,5.435199110848489,-0.6277117385793938,0.2723639923022477,99.0,19.0,19.0,0.0,0.0,0.0,0.0,0.0,1.0,1,0,0.6,-0.17,35.86,0.0
A15,57,2024-02-05,4.099287434287051,-3.041152166548093,0.2723639923022477,99.0,87.0,49.0,0.0,0.0,0.0,0.0,0.0,1.0,1,0,0.6,-0.17,35.86,0.0
A15,58,2024-02-12,6.54466970520092,-2.4876610591840658,0.2723639923022477,99.0,31.0,0.0,0.0,1.0,0.0,0.0,0.0,1.0,1,0,0.6,-0.17,35.86,0.0
A15,59,2024-02-19,20.95999371335247,8.853483972524248,0.2723639923022477,99.0,61.0,26.0,0.0,0.0,0.0,0.0,0.0,1.0,1,0,0.6,-0.17,35.86,0.0
A15,60,2024-02-26,19.12619027480834,2.409536504667198,0.2723639923022477,99.0,93.0,51.0,0.0,1.0,0.0,0.0,0.0,1.0,1,0,0.6,-0.17,35.86,0.0
A15,61,2024-03-04,14.517412677431592,-8.554240037300533,0.2723639923022477,99.0,81.0,51.0,0.0,0.0,0.0,0.0,0.0,1.0,1,0,0.6,-0.17,35.86,0.0
A15,62,2024-03-11,18.12529228372869,-12.950600226696,0.2723639923022477,99.0,55.0,40.0,0.0,0.0,0.0,0.0,0.0,1.0,1,0,0.6,-0.17,35.86,0.0
A15,63,2024-03-18,38.651249843051836,-1.5475233275500742,0.2723639923022477,99.0,51.0,36.0,0.0,0.0,0.0,0.0,0.0,1.0,1,0,0.6,-0.17,35.86,0.0
A15,64,2024-03-25,85.40110225040719,35.95200900950412,0.2723639923022477,99.0,59.0,46.0,0.0,0.0,0.0,0.0,0.0,1.0,1,0,0.6,-0.17,35.86,0.0
A15,65,2024-04-01,53.87143846836847,-3.638960674208384,0.2723639923022477,99.0,61.0,35.0,0.0,1.0,0.0,0.0,0.0,1.0,1,0,0.6,-0.17,35.86,0.0
A15,66,2024-04-08,99.59457582558527,36.561609796664904,0.2723639923022477,99.0,24.0,24.0,0.0,0.0,0.0,0.0,0.0,1.0,1,0,0.6,-0.17,35.86,1.0
A15,67,2024-04-15,73.52040889252294,8.520408892522823,0.2723639923022477,99.0,9.0,9.0,6.0,0.0,0.0,0.0,0.0,1.0,1,0,0.6,-0.17,35.86,1.0
A15,68,2024-04-22,74.3360121533255,11.303046124404062,0.2723639923022477,99.0,80.0,33.0,0.0,0.0,0.0,0.0,0.0,1.0,1,0,0.6,-0.17,35.86,2.0
A15,69,2024-04-29,36.03402416637761,-21.476374976208994,0.2723639923022477,99.0,79.0,58.0,39.0,3.0,1.0,0.0,3.0,1.0,1,0,0.6,-0.17,35.86,2.0
A15,70,2024-05-06,68.6538178296571,19.20472458867276,0.2723639923022477,99.0,68.0,20.0,20.0,5.0,1.0,0.0,6.0,1.0,1,0,0.6,-0.17,35.86,1.0
A15,71,2024-05-13,35.75214488004268,-4.44662829118419,0.2723639923022477,99.0,37.0,27.0,27.0,2.0,2.0,1.0,11.0,1.0,1,0,0.6,-0.17,35.86,2.0
A15,72,2024-05-20,42.03550915100438,10.959616636142915,0.2723639923022477,99.0,93.0,31.0,0.0,7.0,2.0,0.0,15.0,1.0,1,0,0.6,-0.17,35.86,2.0
A15,73,2024-05-27,17.3509145412508,-5.720738202557769,0.2723639923022477,99.0,53.0,53.0,13.0,13.0,8.0,0.0,19.0,1.0,1,0,0.6,-0.17,35.86,3.0
A15,74,2024-06-03,17.78530823473831,1.0686542886949368,0.2723639923022477,99.0,75.0,47.0,0.0,13.0,8.0,0.0,23.0,1.0,1,0,0.6,-0.17,35.86,3.0
A15,75,2024-06-10,13.693817013298977,1.5873062901397486,0.2723639923022477,99.0,56.0,16.0,0.0,15.0,7.0,0.0,21.0,1.0,1,0,0.6,-0.17,35.86,2.0
A15,76,2024-06-17,8.558280958884314,-0.47405486958353293,0.2723639923022477,99.0,28.0,14.0,0.0,8.0,6.0,0.0,15.0,1.0,1,0,0.6,-0.17,35.86,2.0
A15,77,2024-06-24,8.226564865730547,1.086101165830291,0.2723639923022477,99.0,26.0,6.0,0.0,7.0,0.0,0.0,8.0,1.0,1,0,0.6,-0.17,35.86,2.0
A15,78,2024-07-01,5.523261336796451,-0.5397553785154328,0.2723639923022477,99.0,81.0,59.0,24.0,7.0,1.0,0.0,8.0,1.0,1,0,0.6,-0.17,35.86,4.0
A15,79,2024-07-08,4.377705149630281,-1.1165089806402095,0.2723639923022477,99.0,73.0,30.0,0.0,3.0,1.0,0.0,8.0,1.0,1,0,0.6,-0.17,35.86,4.0
A15,80,2024-07-15,9.149409346124413,3.9332042684523083,0.2723639923022477,99.0,39.0,30.0,27.0,2.0,0.0,0.0,2.0,1.0,1,0,0.6,-0.17,35.86,5.0
A15,81,2024-07-22,7.351921937258203,2.2591194604616875,0.2723639923022477,99.0,72.0,55.0,2.0,0.0,1.0,0.0,1.0,1.0,1,0,0.6,-0.17,35.86,5.0
A15,82,2024-07-29,3.8700360333064943,-1.180864135731854,0.2723639923022477,99.0,20.0,20.0,0.0,0.0,0.0,1.0,0.0,1.0,1,0,0.6,-0.17,35.86,3.0
A15,83,2024-08-05,6.178693842080311,1.11472065630785,0.2723639923022477,99.0,49.0,32.0,13.0,0.0,0.0,0.0,0.0,1.0,1,0,0.6,-0.17,35.86,4.0
A15,84,2024-08-12,3.9678712694717446,-1.1778592519222104,0.2723639923022477,99.0,129.0,81.0,0.0,2.0,0.0,0.0,0.0,1.0,1,0,0.6,-0.17,35.86,2.0
A15,85,2024-08-19,3.538745268060481,-1.8182961344658946,0.2723639923022477,99.0,119.0,33.0,0.0,0.0,0.0,0.0,0.0,1.0,1,0,0.6,-0.17,35.86,2.0
A15,86,2024-08-26,8.363833034831007,2.539272717971194,0.2723639923022477,99.0,33.0,28.0,28.0,0.0,0.0,0.0,0.0,1.0,1,0,0.6,-0.17,35.86,4.0
A15,87,2024-09-02,3.7245785408288246,-3.0378939144331323,0.2723639923022477,99.0,51.0,51.0,0.0,0.0,0.0,0.0,0.0,1.0,1,0,0.6,-0.17,35.86,3.0
A15,88,2024-09-09,11.727789529308392,3.249051433863409,0.2723639923022477,99.0,104.0,36.0,0.0,0.0,0.0,0.0,0.0,1.0,1,0,0.6,-0.17,35.86,3.0
A15,89,2024-09-16,10.378777519534239,-0.9598573311797285,0.2723639923022477,99.0,38.0,0.0,0.0,0.0,0.0,0.0,0.0,1.0,1,0,0.6,-0.17,35.86,3.0
A15,90,2024-09-23,14.544023485791786,-1.117726973439371,0.2723639923022477,99.0,45.0,35.0,0.0,0.0,0.0,0.0,0.0,1.0,1,0,0.6,-0.17,35.86,1.0
A15,91,2024-09-30,24.878426537413755,3.323851409467945,0.2723639923022477,99.0,83.0,51.0,0.0,0.0,0.0,0.0,0.0,1.0,1,0,0.6,-0.17,35.86,2.0
A15,92,2024-10-07,35.208846797463316,6.480687661779712,0.2723639923022477,99.0,29.0,25.0,0.0,0.0,0.0,0.0,0.0,1.0,1,0,0.6,-0.17,35.86,2.0
A15,93,2024-10-14,27.254625071193544,-9.140809611821439,0.2723639923022477,99.0,56.0,20.0,7.0,0.0,0.0,0.0,0.0,1.0,1,0,0.6,-0.17,35.86,2.0
A15,94,2024-10-21,55.725020347225254,12.378549842067734,0.2723639923022477,99.0,46.0,37.0,0.0,0.0,0.0,0.0,0.0,1.0,1,0,0.6,-0.17,35.86,2.0
A15,95,2024-10-28,50.18797550102444,1.952450738901618,0.2723639923022477,99.0,47.0,28.0,0.0,0.0,0.0,0.0,0.0,1.0,1,0,0.6,-0.17,35.86,1.0
A15,96,2024-11-04,32.214086567401964,-17.78591343263816,0.2723639923022477,99.0,76.0,40.0,21.0,0.0,0.0,0.0,0.0,1.0,1,0,0.6,-0.17,35.86,2.0
A15,97,2024-11-11,45.45122207432848,-2.784302687531678,0.2723639923022477,99.0,9.0,0.0,0.0,0.0,0.0,0.0,0.0,1.0,1,0,0.6,-0.17,35.86,1.0
A15,98,2024-11-18,70.29305034043828,26.946579836958044,0.2723639923022477,99.0,37.0,37.0,0.0,0.0,0.0,0.0,0.0,1.0,1,0,0.6,-0.17,35.86,1.0
A15,99,2024-11-25,65.44771143290262,29.05227675970613,0.2723639923022477,99.0,42.0,3.0,0.0,0.0,0.0,0.0,0.0,1.0,1,0,0.6,-0.17,35.86,1.0
A15,100,2024-12-02,36.92724976759123,8.199090685654031,0.2723639923022477,99.0,62.0,62.0,0.0,0.0,0.0,0.0,0.0,1.0,1,0,0.6,-0.17,35.86,0.0
A15,101,2024-12-09,14.210311503675296,-7.344263349039608,0.2723639923022477,99.0,48.0,16.0,0.0,0.0,0.0,0.0,0.0,1.0,1,0,0.6,-0.17,35.86,0.0
A15,102,2024-12-16,18.59576366799902,2.9340145273035407,0.2723639923022477,99.0,36.0,19.0,0.0,1.0,0.0,0.0,0.0,1.0,1,0,0.6,-0.17,35.86,0.0
A15,103,2024-12-23,15.271933052021042,3.933304110574017,0.2723639923022477,99.0,57.0,42.0,0.0,1.0,0.0,0.0,0.0,1.0,1,0,0.6,-0.17,35.86,0.0
A15,104,2024-12-30,6.4886259549851815,1.4554408927763118,0.2723639923022477,99.0,85.0,41.0,0.0,0.0,0.0,0.0,0.0,1.0,1,0,0.6,-0.17,35.86,0.0
A15,105,2025-01-06,4.352229771373435,-0.7350192642391802,0.2723639923022477,99.0,62.0,41.0,0.0,0.0,0.0,0.0,0.0,1.0,1,0,0.6,-0.17,35.86,0.0
A15,106,2025-01-13,3.849029973763786,-1.3655680256744454,0.2723639923022477,99.0,21.0,15.0,0.0,0.0,0.0,0.0,0.0,1.0,1,0,0.6,-0.17,35.86,0.0
A15,107,2025-01-20,3.481593831151819,-2.012190991789383,0.2723639923022477,99.0,13.0,13.0,0.0,1.0,1.0,0.0,0.0,1.0,1,0,0.6,-0.17,35.86,0.0
A15,108,2025-01-27,3.185083429817781,-2.877827419610102,0.2723639923022477,99.0,13.0,7.0,0.0,0.0,0.0,0.0,0.0,1.0,1,0,0.6,-0.17,35.86,0.0
A15,109,2025-02-03,2.3886157060054183,-4.751823894829726,0.2723639923022477,99.0,97.0,22.0,3.0,0.0,0.0,0.0,0.0,1.0,1,0,0.6,-0.17,35.86,0.0
A15,110,2025-02-10,6.612105593585271,-2.420225170799714,0.2723639923022477,99.0,93.0,52.0,0.0,1.0,0.0,0.0,0.0,1.0,1,0,0.6,-0.17,35.86,0.0
A15,111,2025-02-17,8.39871637969106,-3.7077933611371634,0.2723639923022477,99.0,30.0,23.0,0.0,1.0,0.0,0.0,0.0,1.0,1,0,0.6,-0.17,35.86,0.0
A15,112,2025-02-24,13.207357796964631,-3.5092959731765117,0.2723639923022477,99.0,13.0,13.0,0.0,0.0,0.0,0.0,0.0,1.0,1,0,0.6,-0.17,35.86,0.0
A15,113,2025-03-03,9.39033998786318,-13.681312726868944,0.2723639923022477,99.0,31.0,12.0,0.0,0.0,0.0,0.0,0.0,1.0,1,0,0.6,-0.17,35.86,0.0
A15,114,2025-03-10,25.31520702444649,-5.7606854859782,0.2723639923022477,99.0,39.0,39.0,0.0,1.0,0.0,0.0,0.0,1.0,1,0,0.6,-0.17,35.86,0.0
A15,115,2025-03-17,53.63191629018082,13.433143119578908,0.2723639923022477,99.0,45.0,15.0,0.0,0.0,0.0,0.0,0.0,1.0,1,0,0.6,-0.17,35.86,0.0
A15,116,2025-03-24,33.03667641057533,-16.412416830327743,0.2723639923022477,99.0,115.0,39.0,0.0,1.0,0.0,0.0,1.0,1.0,1,0,0.6,-0.17,35.86,0.0
A15,117,2025-03-31,36.58359838064112,-20.92680076193573,0.5379854442068015,0.0,81.0,24.0,0.0,2.0,0.0,0.0,3.0,1.0,1,0,0.6,-0.17,35.86,3.0
A15,118,2025-04-07,45.6510116759362,-17.38195435298416,0.5299156625436995,1.0,142.0,36.0,13.0,2.0,2.0,1.0,5.0,1.0,1,0,0.6,-0.17,35.86,4.0
A15,119,2025-04-14,86.04946561345493,21.049465613454814,0.521966927605544,2.0,47.0,21.0,0.0,7.0,0.0,0.0,9.0,1.0,1,0,0.6,-0.17,35.86,5.0
A15,120,2025-04-21,28.634097476262312,-34.398868552659124,0.5141374236914608,3.0,33.0,33.0,20.0,11.0,6.0,0.0,19.0,1.0,1,0,0.6,-0.17,35.86,6.0
A15,121,2025-04-28,40.13726869967443,-17.373130442912178,0.7938821254914538,0.0,58.0,39.0,28.0,12.0,5.0,0.0,23.0,1.0,1,0,0.6,-0.17,35.86,4.0
A15,122,2025-05-05,24.295246334571555,-25.153846906412785,0.781973893609082,1.0,37.0,20.0,0.0,9.0,2.0,0.0,15.0,1.0,1,0,0.6,-0.17,35.86,3.0
A15,123,2025-05-12,21.57643848929572,-18.622334681931147,0.7702442852049457,2.0,9.0,0.0,0.0,9.0,5.0,0.0,18.0,1.0,1,0,0.6,-0.17,35.86,3.0
A15,124,2025-05-19,19.851763300514705,-11.224129214346764,0.7586906209268715,3.0,67.0,45.0,15.0,5.0,3.0,0.0,11.0,1.0,1,0,0.6,-0.17,35.86,3.0
A15,125,2025-05-26,24.031967626530648,0.9603148827220807,0.7473102616129683,4.0,55.0,33.0,3.0,4.0,3.0,0.0,9.0,1.0,1,0,0.6,-0.17,35.86,2.0
A15,126,2025-06-02,20.40886282958375,3.6922088835403777,0.7361006076887738,5.0,29.0,19.0,0.0,5.0,2.0,0.0,6.0,1.0,1,0,0.6,-0.17,35.86,3.0
A15,127,2025-06-09,9.205583652576431,-2.9009270705827976,0.7250590985734422,6.0,15.0,15.0,0.0,3.0,0.0,0.0,4.0,1.0,1,0,0.6,-0.17,35.86,2.0
A15,128,2025-06-16,5.146001158967757,-3.8863346695000898,0.7141832120948406,7.0,67.0,33.0,0.0,2.0,0.0,0.0,2.0,1.0,1,0,0.6,-0.17,35.86,1.0
A15,129,2025-06-23,11.105643532195915,3.965179832295659,0.7034704639134179,8.0,94.0,54.0,0.0,1.0,0.0,0.0,2.0,1.0,1,0,0.6,-0.17,35.86,1.0
A15,130,2025-06-30,3.39322399175304,-2.6697927235588437,0.6929184069547166,9.0,76.0,43.0,38.0,0.0,0.0,0.0,0.0,1.0,1,0,0.6,-0.17,35.86,2.0
A15,131,2025-07-07,2.9241828557257907,-2.5700312745447,0.6825246308503958,10.0,54.0,35.0,35.0,1.0,0.0,0.0,0.0,1.0,1,0,0.6,-0.17,35.86,2.0
A15,132,2025-07-14,1.821676369316208,-3.394528708355897,0.6722867613876399,11.0,53.0,47.0,25.0,1.0,0.0,0.0,0.0,1.0,1,0,0.6,-0.17,35.86,2.0
A15,133,2025-07-21,5.396105000038531,0.30330252324201545,0.6622024599668253,12.0,84.0,38.0,0.0,0.0,0.0,0.0,0.0,1.0,1,0,0.6,-0.17,35.86,2.0
A15,134,2025-07-28,4.607426784516777,-0.44347338452157103,0.6522694230673228,13.0,47.0,43.0,17.0,0.0,0.0,0.0,0.0,1.0,1,0,0.6,-0.17,35.86,1.0
A15,135,2025-08-04,7.672177023671165,2.608203837898704,0.642485381721313,14.0,41.0,41.0,17.0,0.0,0.0,0.0,0.0,1.0,1,0,0.6,-0.17,35.86,1.0
A15,136,2025-08-11,2.0565940825340028,-3.0891364388599523,0.6328481009954933,15.0,31.0,31.0,0.0,0.0,0.0,0.0,0.0,1.0,1,0,0.6,-0.17,35.86,1.0
A15,137,2025-08-18,5.800758657826195,0.44371725529981987,0.6233553794805609,16.0,96.0,74.0,0.0,2.0,0.0,0.0,0.0,1.0,1,0,0.6,-0.17,35.86,1.0
A15,138,2025-08-25,3.880049960052161,-1.944510356807652,0.6140050487883524,17.0,61.0,36.0,0.0,1.0,0.0,0.0,0.0,1.0,1,0,0.6,-0.17,35.86,0.0
A15,139,2025-09-01,5.828389570876057,-0.9340828843858997,0.6047949730565271,18.0,21.0,0.0,0.0,0.0,0.0,0.0,0.0,1.0,1,0,0.6,-0.17,35.86,0.0
A15,140,2025-09-08,3.095832071398801,-5.382906024046182,0.5957230484606791,19.0,59.0,32.0,0.0,0.0,0.0,0.0,0.0,1.0,1,0,0.6,-0.17,35.86,0.0
A15,141,2025-09-15,12.32046411857923,0.9818292678652618,0.5867872027337689,20.0,29.0,12.0,0.0,0.0,0.0,0.0,0.0,1.0,1,0,0.6,-0.17,35.86,0.0
A15,142,2025-09-22,13.406228470478897,-2.2555219887522604,0.5779853946927624,21.0,106.0,48.0,0.0,2.0,0.0,0.0,0.0,1.0,1,0,0.6,-0.17,35.86,0.0
A15,143,2025-09-29,13.820965365281912,-7.733609762663898,0.569315613772371,22.0,0.0,0.0,0.0,0.0,0.0,0.0,0.0,1.0,1,0,0.6,-0.17,35.86,0.0
A15,144,2025-10-06,23.40347044285093,-5.324688692832673,0.5607758795657855,23.0,53.0,11.0,9.0,0.0,0.0,0.0,0.0,1.0,1,0,0.6,-0.17,35.86,0.0
A15,145,2025-10-13,18.096835242861516,-18.298599440153467,0.5523642413722987,24.0,60.0,10.0,0.0,0.0,0.0,0.0,0.0,1.0,1,0,0.6,-0.17,35.86,0.0
A15,146,2025-10-20,23.003314984393267,-20.343155520764252,0.5440787777517142,25.0,31.0,3.0,0.0,0.0,0.0,0.0,0.0,1.0,1,0,0.6,-0.17,35.86,0.0
A15,147,2025-10-27,26.658478616730125,-21.577046145392696,0.5359175960854384,26.0,37.0,3.0,0.0,0.0,0.0,0.0,0.0,1.0,1,0,0.6,-0.17,35.86,0.0
A15,148,2025-11-03,16.99272544959537,-33.007274550444755,0.5278788321441569,27.0,38.0,38.0,0.0,0.0,0.0,0.0,0.0,1.0,1,0,0.6,-0.17,35.86,0.0
A15,149,2025-11-10,42.39067185940426,-5.844852902455898,0.5199606496619945,28.0,138.0,112.0,0.0,0.0,0.0,0.0,0.0,1.0,1,0,0.6,-0.17,35.86,0.0
A15,150,2025-11-17,42.755597828984,-0.5908726744962394,0.5121612399170646,29.0,108.0,73.0,0.0,0.0,0.0,0.0,0.0,1.0,1,0,0.6,-0.17,35.86,1.0
A15,151,2025-11-24,18.507757660726142,-17.88767701247035,0.5044788213183087,30.0,53.0,15.0,0.0,0.0,0.0,0.0,0.0,1.0,1,0,0.6,-0.17,35.86,1.0
A15,152,2025-12-01,21.09352104643286,-7.634638035504338,0.496911638998534,31.0,69.0,22.0,0.0,0.0,0.0,0.0,0.0,1.0,1,0,0.6,-0.17,35.86,1.0
A15,153,2025-12-08,12.767029174130682,-8.787545678584221,0.489457964413556,32.0,66.0,34.0,0.0,0.0,0.0,0.0,0.0,1.0,1,0,0.6,-0.17,35.86,1.0
A15,154,2025-12-15,11.419636227877147,-4.242112912818332,0.48211609494735264,33.0,79.0,10.0,0.0,0.0,0.0,0.0,0.0,1.0,1,0,0.6,-0.17,35.86,0.0
A15,155,2025-12-22,5.916709317621608,-5.421919623825417,0.85,0.0,36.0,19.0,0.0,0.0,0.0,0.0,0.0,1.0,1,0,0.6,-0.17,35.86,0.0
A16,0,2023-01-02,4.618166401687029,-0.41501866052184067,0.37940769195074353,99.0,40.0,7.0,0.0,0.0,0.0,0.0,0.0,0.9,1,0,0.55,0.01,37.07,0.0
A16,1,2023-01-09,9.189917703896224,4.102668668283609,0.3737165765714824,99.0,18.0,0.0,0.0,0.0,0.0,0.0,0.0,0.9,1,0,0.55,0.01,37.07,0.0
A16,2,2023-01-16,6.374150623023235,1.1595526235850038,0.36811082792291017,99.0,52.0,41.0,0.0,0.0,0.0,0.0,0.0,0.9,1,0,0.55,0.01,37.07,0.0
A16,3,2023-01-23,13.936330079196422,8.442545256255219,0.3625891655040665,99.0,51.0,44.0,0.0,0.0,0.0,0.0,0.0,0.9,1,0,0.55,0.01,37.07,0.0
A16,4,2023-01-30,7.70247774326293,1.6395668938350472,0.3571503280215055,99.0,43.0,0.0,0.0,0.0,0.0,0.0,0.0,0.9,1,0,0.55,0.01,37.07,0.0
A16,5,2023-02-06,6.454584027987538,-0.6858555728476059,0.3517930731011829,99.0,0.0,0.0,0.0,0.0,0.0,0.0,0.0,0.9,1,0,0.55,0.01,37.07,0.0
A16,6,2023-02-13,17.346370746443043,8.314039982058057,0.34651617700466514,99.0,14.0,14.0,0.0,1.0,0.0,0.0,0.0,0.9,1,0,0.55,0.01,37.07,0.0
A16,7,2023-02-20,18.871765416929303,6.765255676101081,0.7460296779763103,0.0,92.0,22.0,0.0,1.0,0.0,0.0,0.0,0.9,1,0,0.55,0.01,37.07,0.0
A16,8,2023-02-27,26.949224134558165,10.232570364417022,0.7348392328066656,1.0,22.0,22.0,0.0,0.0,0.0,0.0,0.0,0.9,1,0,0.55,0.01,37.07,0.0
A16,9,2023-03-06,43.748551236796494,20.67689852206437,0.7238166443145656,2.0,29.0,19.0,0.0,1.0,0.0,0.0,0.0,0.9,1,0,0.55,0.01,37.07,0.0
A16,10,2023-03-13,30.910539399062976,-0.16535311136171416,0.7129593946498471,3.0,17.0,17.0,0.0,0.0,0.0,0.0,0.0,0.9,1,0,0.55,0.01,37.07,0.0
A16,11,2023-03-20,48.059574184331396,7.8608010137294855,0.7022650037300995,4.0,24.0,24.0,0.0,2.0,0.0,0.0,0.0,0.9,1,0,0.55,0.01,37.07,0.0
A16,12,2023-03-27,58.21131963698134,8.762226396078262,0.6917310286741479,5.0,70.0,51.0,0.0,0.0,0.0,0.0,0.0,0.9,1,0,0.55,0.01,37.07,0.0
A16,13,2023-04-03,45.75714935184483,-11.75324979073202,0.6813550632440357,6.0,84.0,42.0,0.0,0.0,0.0,0.0,0.0,0.9,1,0,0.55,0.01,37.07,0.0
A16,14,2023-04-10,71.84743112587263,8.814465096952269,0.6711347372953752,7.0,12.0,12.0,0.0,0.0,0.0,0.0,0.0,0.9,1,0,0.55,0.01,37.07,0.0
A16,15,2023-04-17,129.70512845811007,64.70512845810995,0.6610677162359445,8.0,38.0,14.0,0.0,0.0,0.0,0.0,0.0,0.9,1,0,0.55,0.01,37.07,0.0
A16,16,2023-04-24,85.6157916029317,22.582825574010258,0.6511517004924053,9.0,59.0,46.0,0.0,0.0,0.0,0.0,0.0,0.9,1,0,0.55,0.01,37.07,0.0
A16,17,2023-05-01,44.87980304270208,-12.630596099884528,0.6413844249850192,10.0,6.0,6.0,0.0,0.0,0.0,0.0,0.0,0.9,1,0,0.55,0.01,37.07,0.0
A16,18,2023-05-08,35.857167532945226,-13.591925708039113,0.631763658610244,11.0,83.0,59.0,0.0,0.0,0.0,0.0,0.0,0.9,1,0,0.55,0.01,37.07,0.0
A16,19,2023-05-15,89.9857791955053,49.78700602427843,0.6222872037310903,12.0,36.0,23.0,0.0,0.0,0.0,0.0,0.0,0.9,1,0,0.55,0.01,37.07,0.0
A16,20,2023-05-22,37.6361210706773,6.560228555815829,0.6129528956751239,13.0,0.0,0.0,0.0,0.0,0.0,0.0,0.0,0.9,1,0,0.55,0.01,37.07,0.0
A16,21,2023-05-29,22.992192213741244,-0.07946053006732257,0.603758602239997,14.0,30.0,13.0,0.0,0.0,0.0,0.0,0.0,0.9,1,0,0.55,0.01,37.07,0.0
A16,22,2023-06-05,18.985051348827504,2.2683974027841316,0.594702223206397,15.0,57.0,24.0,0.0,0.0,0.0,0.0,0.0,0.9,1,0,0.55,0.01,37.07,0.0
A16,23,2023-06-12,9.023472352666692,-3.0830383704925364,0.585781689858301,16.0,73.0,56.0,0.0,1.0,0.0,0.0,0.0,0.9,1,0,0.55,0.01,37.07,0.0
A16,24,2023-06-19,18.579110568540578,9.546774740072731,0.5769949645104265,17.0,24.0,24.0,0.0,0.0,0.0,0.0,0.0,0.9,1,0,0.55,0.01,37.07,0.0
A16,25,2023-06-26,7.778416177938674,0.637952478038418,0.5683400400427702,18.0,13.0,6.0,0.0,0.0,0.0,0.0,0.0,0.9,1,0,0.55,0.01,37.07,0.0
A16,26,2023-07-03,12.230606871898328,6.167590156586444,0.5598149394421286,19.0,33.0,27.0,0.0,2.0,0.0,0.0,0.0,0.9,1,0,0.55,0.01,37.07,0.0
A16,27,2023-07-10,6.993052901249025,1.4988387709785345,0.5514177153504967,20.0,45.0,4.0,0.0,1.0,0.0,0.0,0.0,0.9,1,0,0.55,0.01,37.07,0.0
A16,28,2023-07-17,10.753700020445265,5.537494942773161,0.5431464496202392,21.0,0.0,0.0,0.0,0.0,0.0,0.0,0.0,0.9,1,0,0.55,0.01,37.07,0.0
A16,29,2023-07-24,6.9644238973176655,1.8716214205211497,0.5349992528759355,22.0,76.0,76.0,0.0,0.0,0.0,0.0,0.0,0.9,1,0,0.55,0.01,37.07,0.0
A16,30,2023-07-31,8.510846952494589,3.4599467834562407,0.5269742640827965,23.0,9.0,5.0,0.0,0.0,0.0,0.0,0.0,0.9,1,0,0.55,0.01,37.07,1.0
A16,31,2023-08-07,8.141524986157059,3.0775518003845974,0.5190696501215545,24.0,35.0,21.0,0.0,1.0,0.0,0.0,0.0,0.9,1,0,0.55,0.01,37.07,2.0
A16,32,2023-08-14,8.000169831361967,2.8544393099680123,0.5112836053697312,25.0,39.0,31.0,0.0,0.0,0.0,0.0,0.0,0.9,1,0,0.55,0.01,37.07,2.0
A16,33,2023-08-21,7.563488033453392,2.206446630927016,0.5036143512891852,26.0,50.0,35.0,8.0,1.0,0.0,0.0,0.0,0.9,1,0,0.55,0.01,37.07,2.0
A16,34,2023-08-28,6.710874800861578,0.8863144840017654,0.4960601360198474,27.0,56.0,23.0,0.0,1.0,0.0,0.0,0.0,0.9,1,0,0.55,0.01,37.07,3.0
A16,35,2023-09-04,16.525989524022815,9.763517068760859,0.48861923397954965,28.0,94.0,44.0,0.0,0.0,0.0,0.0,1.0,0.9,1,0,0.55,0.01,37.07,2.0
A16,36,2023-09-11,7.7158544831548035,-0.7628836122901799,0.4812899454698564,29.0,28.0,28.0,0.0,1.0,0.0,0.0,1.0,0.9,1,0,0.55,0.01,37.07,2.0
A16,37,2023-09-18,14.194678397853385,2.856043547139418,0.4740705962878085,30.0,23.0,0.0,0.0,0.0,0.0,0.0,2.0,0.9,1,0,0.55,0.01,37.07,2.0
A16,38,2023-09-25,19.679452496917595,4.017702037686437,0.4669595373434914,31.0,42.0,42.0,21.0,3.0,1.0,1.0,4.0,0.9,1,0,0.55,0.01,37.07,1.0
A16,39,2023-10-02,31.018565487636973,9.463990359691163,0.459955144283339,32.0,17.0,10.0,0.0,7.0,3.0,0.0,8.0,0.9,1,0,0.55,0.01,37.07,2.0
A16,40,2023-10-09,30.898446932382562,2.1702877966989575,0.45305581711908893,33.0,14.0,5.0,0.0,7.0,3.0,0.0,12.0,0.9,1,0,0.55,0.01,37.07,2.0
A16,41,2023-10-16,50.7924694412854,14.397034758270415,0.4462599798623026,34.0,23.0,23.0,23.0,9.0,4.0,0.0,16.0,0.9,1,0,0.55,0.01,37.07,3.0
A16,42,2023-10-23,51.073916564422696,7.727446059265176,0.43956608016436804,35.0,120.0,62.0,18.0,8.0,2.0,0.0,19.0,0.9,1,0,0.55,0.01,37.07,2.0
A16,43,2023-10-30,34.65894856214388,-13.576576199978945,0.4329725889619025,36.0,37.0,35.0,12.0,11.0,4.0,0.0,19.0,0.9,1,0,0.55,0.01,37.07,1.0
A16,44,2023-11-06,62.70930595327296,12.709305953232835,0.42647800012747394,37.0,47.0,24.0,0.0,6.0,1.0,0.0,12.0,0.9,1,0,0.55,0.01,37.07,1.0
A16,45,2023-11-13,41.01924974894417,-7.216275012915986,0.42008083012556185,38.0,14.0,0.0,0.0,4.0,4.0,0.0,7.0,0.9,1,0,0.55,0.01,37.07,0.0
A16,46,2023-11-20,29.527847932267417,-13.818622571212824,0.41377961767367843,39.0,38.0,0.0,0.0,2.0,2.0,0.0,6.0,0.9,1,0,0.55,0.01,37.07,0.0
A16,47,2023-11-27,47.72677490926342,11.331340236066929,0.40757292340857326,40.0,18.0,8.0,8.0,3.0,0.0,0.0,6.0,0.9,1,0,0.55,0.01,37.07,0.0
A16,48,2023-12-04,42.59685888452401,13.868699802586814,0.6723238134394317,0.0,32.0,0.0,0.0,2.0,1.0,1.0,3.0,0.9,1,0,0.55,0.01,37.07,0.0
A16,49,2023-12-11,32.39732799862867,10.842753145913765,0.6622389562378402,1.0,17.0,17.0,0.0,2.0,1.0,0.0,2.0,0.9,1,0,0.55,0.01,37.07,1.0
A16,50,2023-12-18,23.876021669821977,8.214272529126498,0.6523053718942726,2.0,35.0,33.0,5.0,1.0,0.0,0.0,2.0,0.9,1,0,0.55,0.01,37.07,1.0
A16,51,2023-12-25,7.206279367730204,-4.132349573716821,0.6425207913158585,3.0,61.0,25.0,0.0,2.0,0.0,0.0,1.0,0.9,1,0,0.55,0.01,37.07,1.0
A16,52,2024-01-01,3.1258213232988616,-1.907363738910008,0.6328829794461206,4.0,30.0,9.0,0.0,0.0,0.0,0.0,0.0,0.9,1,0,0.55,0.01,37.07,1.0
A16,53,2024-01-08,10.149959576077869,5.062710540465254,0.6233897347544288,5.0,0.0,0.0,0.0,0.0,0.0,0.0,0.0,0.9,1,0,0.55,0.01,37.07,0.0
A16,54,2024-01-15,3.6144472307014603,-1.6001507687367709,0.6140388887331124,6.0,23.0,23.0,0.0,0.0,0.0,0.0,0.0,0.9,1,0,0.55,0.01,37.07,0.0
A16,55,2024-01-22,6.803327168307319,1.3095423453661166,0.6048283054021157,7.0,37.0,37.0,18.0,0.0,0.0,0.0,0.0,0.9,1,0,0.55,0.01,37.07,0.0
A16,56,2024-01-29,4.767212990215826,-1.2956978592120576,0.595755880821084,8.0,36.0,36.0,0.0,0.0,0.0,0.0,0.0,0.9,1,0,0.55,0.01,37.07,0.0
A16,57,2024-02-05,7.342356219498145,0.2019166186630006,0.5868195426087677,9.0,55.0,55.0,0.0,1.0,0.0,0.0,0.0,0.9,1,0,0.55,0.01,37.07,0.0
A16,58,2024-02-12,7.2367446895556755,-1.79558607482931,0.5780172494696362,10.0,0.0,0.0,0.0,0.0,1.0,0.0,0.0,0.9,1,0,0.55,0.01,37.07,0.0
A16,59,2024-02-19,14.735841259489288,2.629331518661065,0.5693469907275917,11.0,60.0,21.0,0.0,0.0,0.0,0.0,0.0,0.9,1,0,0.55,0.01,37.07,0.0
A16,60,2024-02-26,17.536359220882648,0.8197054507415054,0.5608067858666778,12.0,66.0,31.0,4.0,0.0,0.0,0.0,0.0,0.9,1,0,0.55,0.01,37.07,0.0
A16,61,2024-03-04,19.721379241363966,-3.3502734733681585,0.5523946840786775,13.0,63.0,7.0,0.0,0.0,0.0,0.0,0.0,0.9,1,0,0.55,0.01,37.07,0.0
A16,62,2024-03-11,21.51761961023513,-9.55827290018956,0.5441087638174974,14.0,44.0,13.0,0.0,0.0,0.0,0.0,0.0,0.9,1,0,0.55,0.01,37.07,0.0
A16,63,2024-03-18,44.14843354550141,3.9496603748995014,0.535947132360235,15.0,46.0,28.0,0.0,0.0,0.0,0.0,0.0,0.9,1,0,0.55,0.01,37.07,0.0
A16,64,2024-03-25,32.34605743523889,-17.103035805664184,0.5279079253748314,16.0,39.0,39.0,0.0,1.0,0.0,0.0,0.0,0.9,1,0,0.55,0.01,37.07,0.0
A16,65,2024-04-01,66.79205596872569,9.28165682614884,0.5199893064942089,17.0,60.0,42.0,0.0,0.0,0.0,0.0,0.0,0.9,1,0,0.55,0.01,37.07,0.0
A16,66,2024-04-08,158.05255084247815,95.0195848135578,0.5121894668967958,18.0,56.0,29.0,0.0,1.0,0.0,0.0,0.0,0.9,1,0,0.55,0.01,37.07,0.0
A16,67,2024-04-15,104.26615240745754,39.266152407457426,0.5045066248933439,19.0,47.0,0.0,0.0,0.0,0.0,0.0,0.0,0.9,1,0,0.55,0.01,37.07,0.0
A16,68,2024-04-22,81.05108381311317,18.01811778419173,0.4969390255199437,20.0,0.0,0.0,0.0,1.0,0.0,0.0,0.0,0.9,1,0,0.55,0.01,37.07,1.0
A16,69,2024-04-29,55.812799895803224,-1.6975992467833834,0.4894849401371445,21.0,40.0,7.0,0.0,0.0,0.0,0.0,0.0,0.9,1,0,0.55,0.01,37.07,1.0
A16,70,2024-05-06,25.08776561382836,-24.36132762715598,0.4821426660350873,22.0,88.0,47.0,0.0,0.0,0.0,0.0,0.0,0.9,1,0,0.55,0.01,37.07,1.0
A16,71,2024-05-13,25.30586630112458,-14.892906870102287,0.474910526044561,23.0,20.0,0.0,0.0,1.0,0.0,0.0,0.0,0.9,1,0,0.55,0.01,37.07,3.0
A16,72,2024-05-20,48.68689308022048,17.61100056535901,0.4677868681538926,24.0,22.0,22.0,0.0,1.0,1.0,0.0,0.0,0.9,1,0,0.55,0.01,37.07,2.0
A16,73,2024-05-27,17.499811019167186,-5.571841724641381,0.4607700651315842,25.0,44.0,27.0,9.0,0.0,0.0,0.0,0.0,0.9,1,0,0.55,0.01,37.07,3.0
A16,74,2024-06-03,13.087626350357331,-3.6290275956860416,0.4538585141546104,26.0,26.0,0.0,0.0,0.0,0.0,0.0,0.0,0.9,1,0,0.55,0.01,37.07,3.0
A16,75,2024-06-10,11.424563355309772,-0.6819473678494568,0.44705063644229126,27.0,37.0,35.0,0.0,1.0,0.0,0.0,0.0,0.9,1,0,0.55,0.01,37.07,1.0
A16,76,2024-06-17,6.228246407344875,-2.8040894211229723,0.4403448768956569,28.0,75.0,28.0,21.0,0.0,0.0,0.0,0.0,0.9,1,0,0.55,0.01,37.07,1.0
A16,77,2024-06-24,4.647868191856854,-2.4925955080434017,0.43373970374222204,29.0,33.0,0.0,0.0,0.0,0.0,0.0,0.0,0.9,1,0,0.55,0.01,37.07,0.0
A16,78,2024-07-01,5.956848455271121,-0.10616826004076252,0.4272336081860887,30.0,64.0,21.0,0.0,0.0,0.0,0.0,0.0,0.9,1,0,0.55,0.01,37.07,1.0
A16,79,2024-07-08,4.02152125654426,-1.4726928737262304,0.4208251040632974,31.0,32.0,5.0,0.0,1.0,0.0,0.0,0.0,0.9,1,0,0.55,0.01,37.07,1.0
A16,80,2024-07-15,4.0245521514813065,-1.1916529261907982,0.4145127275023479,32.0,59.0,15.0,15.0,0.0,0.0,0.0,0.0,0.9,1,0,0.55,0.01,37.07,2.0
A16,81,2024-07-22,3.8744797848691976,-1.2183226919273182,0.4082950365898127,33.0,34.0,22.0,0.0,0.0,2.0,0.0,1.0,0.9,1,0,0.55,0.01,37.07,2.0
A16,82,2024-07-29,6.064138898718149,1.0132387296798004,0.4021706110409655,34.0,33.0,28.0,0.0,2.0,1.0,0.0,3.0,0.9,1,0,0.55,0.01,37.07,2.0
A16,83,2024-08-05,4.66882483219712,-0.3951483535753413,0.396138051875351,35.0,34.0,14.0,0.0,4.0,0.0,0.0,4.0,0.9,1,0,0.55,0.01,37.07,4.0
A16,84,2024-08-12,4.8339655570422835,-0.31176496435167156,0.6611874495521083,0.0,29.0,23.0,0.0,2.0,2.0,0.0,5.0,0.9,1,0,0.55,0.01,37.07,3.0
A16,85,2024-08-19,6.601803766215543,1.2447623636891674,0.6512696378088266,1.0,10.0,3.0,3.0,3.0,4.0,0.0,7.0,0.9,1,0,0.55,0.01,37.07,4.0
A16,86,2024-08-26,5.542078725757496,-0.2824815911023171,0.6415005932416942,2.0,31.0,22.0,0.0,6.0,2.0,1.0,7.0,0.9,1,0,0.55,0.01,37.07,3.0
A16,87,2024-09-02,6.134936649595447,-0.6275358056665095,0.6318780843430688,3.0,23.0,23.0,0.0,3.0,1.0,0.0,5.0,0.9,1,0,0.55,0.01,37.07,1.0
A16,88,2024-09-09,9.99634227597723,1.5176041805322473,0.6223999130779228,4.0,60.0,13.0,0.0,5.0,4.0,0.0,9.0,0.9,1,0,0.55,0.01,37.07,1.0
A16,89,2024-09-16,14.326130146154082,2.987495295440114,0.6130639143817539,5.0,69.0,64.0,0.0,5.0,6.0,0.0,10.0,0.9,1,0,0.55,0.01,37.07,1.0
A16,90,2024-09-23,14.875948862809002,-0.7858015964221554,0.6038679556660276,6.0,50.0,8.0,0.0,6.0,2.0,0.0,11.0,0.9,1,0,0.55,0.01,37.07,2.0
A16,91,2024-09-30,22.171347861167437,0.6167727332216266,0.5948099363310372,7.0,114.0,63.0,22.0,4.0,2.0,0.0,12.0,0.9,1,0,0.55,0.01,37.07,2.0
A16,92,2024-10-07,21.851098959253516,-6.8770601764300885,0.5858877872860716,8.0,45.0,15.0,11.0,4.0,2.0,0.0,9.0,0.9,1,0,0.55,0.01,37.07,2.0
A16,93,2024-10-14,26.929013681214663,-9.46642100180032,0.5770994704767806,9.0,58.0,22.0,22.0,7.0,0.0,0.0,10.0,0.9,1,0,0.55,0.01,37.07,2.0
A16,94,2024-10-21,56.73701996031449,13.390549455156972,0.5684429784196289,10.0,47.0,25.0,25.0,3.0,1.0,0.0,5.0,0.9,1,0,0.55,0.01,37.07,1.0
A16,95,2024-10-28,56.36370932608774,8.128184563964922,0.5599163337433344,11.0,95.0,47.0,0.0,4.0,2.0,0.0,4.0,0.9,1,0,0.55,0.01,37.07,1.0
A16,96,2024-11-04,58.637677977993036,8.637677977952912,0.5515175887371844,12.0,60.0,60.0,20.0,2.0,1.0,1.0,3.0,0.9,1,0,0.55,0.01,37.07,1.0
A16,97,2024-11-11,53.21789967919919,4.982374917339037,0.5432448249061266,13.0,4.0,4.0,0.0,2.0,0.0,0.0,1.0,0.9,1,0,0.55,0.01,37.07,0.0
A16,98,2024-11-18,44.05313098528344,0.7066604818031976,0.5350961525325346,14.0,36.0,0.0,0.0,1.0,0.0,0.0,1.0,0.9,1,0,0.55,0.01,37.07,0.0
A16,99,2024-11-25,46.441223741194435,10.045789067997944,0.5270697102445466,15.0,14.0,11.0,0.0,0.0,0.0,0.0,0.0,0.9,1,0,0.55,0.01,37.07,0.0
A16,100,2024-12-02,39.85173174138897,11.12357265945177,0.5191636645908784,16.0,24.0,5.0,0.0,0.0,0.0,0.0,0.0,0.9,1,0,0.55,0.01,37.07,0.0
A16,101,2024-12-09,29.65165334615278,8.097078493437877,0.5113762096220152,17.0,19.0,0.0,0.0,0.0,0.0,0.0,0.0,0.9,1,0,0.55,0.01,37.07,0.0
A16,102,2024-12-16,15.118952791816216,-0.5427963488792624,0.503705566477685,18.0,10.0,10.0,0.0,0.0,0.0,0.0,0.0,0.9,1,0,0.55,0.01,37.07,0.0
A16,103,2024-12-23,18.424159908217735,7.08553096677071,0.49614998298051977,19.0,33.0,9.0,0.0,1.0,0.0,0.0,0.0,0.9,1,0,0.55,0.01,37.07,0.0
A16,104,2024-12-30,5.4521729491876645,0.41898788697879485,0.48870773323581196,20.0,18.0,18.0,0.0,0.0,0.0,0.0,0.0,0.9,1,0,0.55,0.01,37.07,0.0
A16,105,2025-01-06,4.1259073995673115,-0.9613416360453035,0.4813771172372748,21.0,85.0,63.0,0.0,0.0,0.0,0.0,0.0,0.9,1,0,0.55,0.01,37.07,0.0
A16,106,2025-01-13,3.741212832953426,-1.473385166484805,0.4741564604787156,22.0,40.0,31.0,24.0,1.0,0.0,0.0,0.0,0.9,1,0,0.55,0.01,37.07,0.0
A16,107,2025-01-20,3.893415732218103,-1.600369090723099,0.46704411357153486,23.0,76.0,52.0,21.0,0.0,0.0,0.0,0.0,0.9,1,0,0.55,0.01,37.07,0.0
A16,108,2025-01-27,3.0461969479097233,-3.01671390151816,0.46003845186796183,24.0,48.0,35.0,0.0,1.0,0.0,0.0,0.0,0.9,1,0,0.55,0.01,37.07,0.0
A16,109,2025-02-03,5.932609818716883,-1.207829782118261,0.4531378750899424,25.0,25.0,9.0,0.0,1.0,0.0,0.0,0.0,0.9,1,0,0.55,0.01,37.07,0.0
A16,110,2025-02-10,15.893028750086339,6.8606979857013535,0.4463408069635933,26.0,47.0,23.0,0.0,1.0,0.0,0.0,0.0,0.9,1,0,0.55,0.01,37.07,0.0
A16,111,2025-02-17,6.901799058788592,-5.2047106820396305,0.4396456948591394,27.0,67.0,48.0,0.0,0.0,0.0,0.0,0.0,0.9,1,0,0.55,0.01,37.07,0.0
A16,112,2025-02-24,11.139203006846236,-5.577450763294907,0.4330510094362523,28.0,105.0,78.0,0.0,0.0,0.0,0.0,0.0,0.9,1,0,0.55,0.01,37.07,0.0
A16,113,2025-03-03,12.82825230749685,-10.243400407235274,0.42655524429470854,29.0,15.0,0.0,0.0,0.0,0.0,0.0,0.0,0.9,1,0,0.55,0.01,37.07,0.0
A16,114,2025-03-10,17.02771782371208,-14.04817468671261,0.4201569156302879,30.0,22.0,0.0,0.0,0.0,0.0,0.0,0.0,0.9,1,0,0.55,0.01,37.07,0.0
A16,115,2025-03-17,44.862886796739794,4.664113626137883,0.4138545618958336,31.0,14.0,14.0,0.0,0.0,0.0,0.0,0.0,0.9,1,0,0.55,0.01,37.07,0.0
A16,116,2025-03-24,25.39674328596101,-24.052349954942066,0.4076467434673961,32.0,27.0,27.0,0.0,1.0,0.0,0.0,0.0,0.9,1,0,0.55,0.01,37.07,0.0
A16,117,2025-03-31,31.666353212598,-25.84404592997885,0.40153204231538514,33.0,24.0,21.0,0.0,0.0,0.0,0.0,0.0,0.9,1,0,0.55,0.01,37.07,1.0
A16,118,2025-04-07,23.505923552139247,-39.52704247678112,0.39550906168065436,34.0,59.0,39.0,0.0,0.0,0.0,0.0,0.0,0.9,1,0,0.55,0.01,37.07,3.0
A16,119,2025-04-14,32.409132495083,-32.590867504917114,0.38957642575544454,35.0,76.0,42.0,24.0,0.0,0.0,0.0,0.0,0.9,1,0,0.55,0.01,37.07,4.0
A16,120,2025-04-21,22.531965304692434,-40.501000724229,0.3837327793691129,36.0,48.0,0.0,0.0,0.0,0.0,0.0,0.0,0.9,1,0,0.55,0.01,37.07,4.0
A16,121,2025-04-28,46.63328305018294,-10.877116092403668,0.3779767876785762,37.0,6.0,0.0,0.0,0.0,0.0,0.0,0.0,0.9,1,0,0.55,0.01,37.07,3.0
A16,122,2025-05-05,85.6316392759113,36.18254603492696,0.37230713586339753,38.0,83.0,27.0,0.0,1.0,3.0,0.0,1.0,0.9,1,0,0.55,0.01,37.07,1.0
A16,123,2025-05-12,22.98210760944563,-17.216665561781237,0.36672252882544654,39.0,118.0,17.0,0.0,2.0,1.0,0.0,2.0,0.9,1,0,0.55,0.01,37.07,0.0
A16,124,2025-05-19,11.271576080043245,-19.804316434818226,0.36122169089306483,40.0,33.0,0.0,0.0,4.0,1.0,0.0,5.0,0.9,1,0,0.55,0.01,37.07,0.0
A16,125,2025-05-26,20.54919313089613,-2.5224596129124386,0.35580336552966885,41.0,21.0,21.0,0.0,1.0,1.0,0.0,7.0,0.9,1,0,0.55,0.01,37.07,0.0
A16,126,2025-06-02,8.424960712872359,-8.291693233171014,0.3504663150467238,42.0,54.0,34.0,0.0,8.0,2.0,1.0,9.0,0.9,1,0,0.55,0.01,37.07,0.0
A16,127,2025-06-09,12.400439230361371,0.2939285072021427,0.34520932032102297,43.0,72.0,23.0,0.0,9.0,2.0,0.0,15.0,0.9,1,0,0.55,0.01,37.07,0.0
A16,128,2025-06-16,5.319173453547393,-3.7131623749204543,0.3400311805162076,44.0,81.0,46.0,0.0,7.0,3.0,0.0,17.0,0.9,1,0,0.55,0.01,37.07,1.0
A16,129,2025-06-23,3.7205046248810474,-3.419959075019208,0.3349307128084645,45.0,52.0,37.0,28.0,7.0,4.0,0.0,18.0,0.9,1,0,0.55,0.01,37.07,2.0
A16,130,2025-06-30,3.7029856378991886,-2.360031077412695,0.3299067521163375,46.0,46.0,33.0,2.0,8.0,1.0,0.0,15.0,0.9,1,0,0.55,0.01,37.07,4.0
A16,131,2025-07-07,4.655896647327074,-0.8383174829434168,0.32495815083459245,47.0,16.0,16.0,16.0,8.0,3.0,0.0,11.0,0.9,1,0,0.55,0.01,37.07,4.0
A16,132,2025-07-14,3.1311176078558254,-2.0850874698162793,0.32008377857207354,48.0,60.0,37.0,34.0,7.0,3.0,0.0,8.0,0.9,1,0,0.55,0.01,37.07,3.0
A16,133,2025-07-21,2.7820601149596578,-2.310742361836858,0.31528252189349243,49.0,29.0,10.0,7.0,3.0,0.0,0.0,4.0,0.9,1,0,0.55,0.01,37.07,2.0
A16,134,2025-07-28,3.0623803372672205,-1.9885198317711277,0.31055328406509003,50.0,36.0,3.0,0.0,2.0,0.0,0.0,3.0,0.9,1,0,0.55,0.01,37.07,1.0
A16,135,2025-08-04,2.1090110882966355,-2.9549620974758257,0.3058949848041137,51.0,66.0,33.0,0.0,2.0,1.0,0.0,3.0,0.9,1,0,0.55,0.01,37.07,1.0
A16,136,2025-08-11,3.843354260224749,-1.302376261169206,0.301306560032052,52.0,106.0,90.0,19.0,2.0,1.0,0.0,2.0,0.9,1,0,0.55,0.01,37.07,1.0
A16,137,2025-08-18,1.8631612123442969,-3.493880190182079,0.2967869616315712,53.0,66.0,47.0,0.0,1.0,1.0,0.0,1.0,0.9,1,0,0.55,0.01,37.07,1.0
A16,138,2025-08-25,3.240922752459871,-2.583637564399942,0.29233515720709763,54.0,46.0,16.0,0.0,0.0,0.0,0.0,0.0,0.9,1,0,0.55,0.01,37.07,0.0
A16,139,2025-09-01,5.7338687533521355,-1.0286037019098213,0.28795012984899115,55.0,26.0,0.0,0.0,0.0,0.0,0.0,0.0,0.9,1,0,0.55,0.01,37.07,0.0
A16,140,2025-09-08,6.1278601589618935,-2.35087793648309,0.2836308779012563,56.0,47.0,9.0,0.0,1.0,0.0,0.0,0.0,0.9,1,0,0.55,0.01,37.07,0.0
A16,141,2025-09-15,9.061595352002252,-2.2770394987117157,0.27937641473273744,57.0,134.0,98.0,0.0,0.0,1.0,0.0,0.0,0.9,1,0,0.55,0.01,37.07,0.0
A16,142,2025-09-22,9.950995155303174,-5.710755303927984,0.27518576851174636,58.0,91.0,69.0,22.0,0.0,0.0,0.0,0.0,0.9,1,0,0.55,0.01,37.07,1.0
A16,143,2025-09-29,21.098803742151993,-0.4557713857938168,0.27105798198407016,59.0,30.0,8.0,0.0,1.0,0.0,0.0,0.0,0.9,1,0,0.55,0.01,37.07,2.0
A16,144,2025-10-06,25.80942148431402,-2.918737651369586,0.26962983184316797,60.0,110.0,80.0,63.0,2.0,0.0,0.0,0.0,0.9,1,0,0.55,0.01,37.07,2.0
A16,145,2025-10-13,27.655089545047908,-8.740345137967076,0.26962983184316797,61.0,53.0,6.0,0.0,2.0,0.0,0.0,0.0,0.9,1,0,0.55,0.01,37.07,2.0
A16,146,2025-10-20,38.981352365704694,-4.365118139452825,0.26962983184316797,62.0,50.0,15.0,0.0,0.0,0.0,0.0,0.0,0.9,1,0,0.55,0.01,37.07,1.0
A16,147,2025-10-27,40.77059479632158,-7.46492996580124,0.26962983184316797,63.0,10.0,0.0,0.0,0.0,0.0,0.0,0.0,0.9,1,0,0.55,0.01,37.07,0.0
A16,148,2025-11-03,27.866572707183757,-22.133427292856368,0.26962983184316797,64.0,43.0,43.0,0.0,1.0,0.0,0.0,0.0,0.9,1,0,0.55,0.01,37.07,0.0
A16,149,2025-11-10,19.588609368936343,-28.646915392923813,0.26962983184316797,65.0,44.0,21.0,0.0,1.0,0.0,0.0,0.0,0.9,1,0,0.55,0.01,37.07,0.0
A16,150,2025-11-17,32.6409981191605,-10.70547238431974,0.26962983184316797,66.0,20.0,14.0,0.0,0.0,0.0,0.0,0.0,0.9,1,0,0.55,0.01,37.07,0.0
A16,151,2025-11-24,28.639636798898618,-7.755797874297873,0.26962983184316797,67.0,40.0,37.0,0.0,0.0,0.0,0.0,0.0,0.9,1,0,0.55,0.01,37.07,0.0
A16,152,2025-12-01,27.351191019115586,-1.3769680628216108,0.26962983184316797,68.0,62.0,53.0,0.0,0.0,0.0,0.0,0.0,0.9,1,0,0.55,0.01,37.07,0.0
A16,153,2025-12-08,10.095529699005537,-11.459045153709367,0.26962983184316797,69.0,19.0,19.0,0.0,0.0,0.0,0.0,0.0,0.9,1,0,0.55,0.01,37.07,0.0
A16,154,2025-12-15,7.41264697628542,-8.249102164410058,0.26962983184316797,70.0,60.0,43.0,0.0,0.0,0.0,0.0,0.0,0.9,1,0,0.55,0.01,37.07,0.0
A16,155,2025-12-22,8.65725383767339,-2.681375103773636,0.26962983184316797,71.0,23.0,17.0,0.0,1.0,0.0,0.0,0.0,0.9,1,0,0.55,0.01,37.07,0.0
A17,0,2023-01-02,6.136705913956343,1.103520851747473,0.25872787434619365,99.0,0.0,0.0,0.0,0.0,0.0,0.0,0.0,1.0,0,0,0.45,0.27,36.54,0.0
A17,1,2023-01-09,3.286634876900366,-1.800614158712249,0.25484695623100073,99.0,41.0,0.0,0.0,0.0,0.0,0.0,0.0,1.0,0,0,0.45,0.27,36.54,0.0
A17,2,2023-01-16,7.432731397997265,2.2181333985590337,0.25102425188753574,99.0,16.0,0.0,0.0,0.0,0.0,0.0,0.0,1.0,0,0,0.45,0.27,36.54,0.0
A17,3,2023-01-23,3.5909362132825193,-1.9028486096586827,0.2472588881092227,99.0,22.0,0.0,0.0,0.0,0.0,0.0,0.0,1.0,0,0,0.45,0.27,36.54,0.0
A17,4,2023-01-30,5.4438894678582015,-0.6190213815696817,0.24355000478758435,99.0,58.0,5.0,0.0,0.0,0.0,0.0,0.0,1.0,0,0,0.45,0.27,36.54,0.0
A17,5,2023-02-06,14.325001610346078,7.184562009510934,0.23989675471577057,99.0,0.0,0.0,0.0,0.0,0.0,0.0,0.0,1.0,0,0,0.45,0.27,36.54,0.0
A17,6,2023-02-13,21.3843993772121,12.352068612827116,0.23629830339503402,99.0,30.0,30.0,0.0,1.0,0.0,0.0,0.0,1.0,0,0,0.45,0.27,36.54,0.0
A17,7,2023-02-20,9.888842737533194,-2.2176670032950287,0.6008063615165266,0.0,26.0,0.0,0.0,0.0,0.0,0.0,0.0,1.0,0,0,0.45,0.27,36.54,0.0
A17,8,2023-02-27,18.62047845883885,1.903824688697707,0.5917942660937786,1.0,12.0,12.0,0.0,0.0,0.0,0.0,0.0,1.0,0,0,0.45,0.27,36.54,0.0
A17,9,2023-03-06,29.273016207550302,6.201363492818178,0.5829173521023719,2.0,71.0,0.0,0.0,0.0,0.0,0.0,0.0,1.0,0,0,0.45,0.27,36.54,0.0
A17,10,2023-03-13,72.45787323292066,41.38198072249597,0.5741735918208364,3.0,28.0,0.0,0.0,1.0,0.0,0.0,0.0,1.0,0,0,0.45,0.27,36.54,0.0
A17,11,2023-03-20,42.28683873370815,2.088065563106241,0.5655609879435238,4.0,0.0,0.0,0.0,1.0,0.0,0.0,0.0,1.0,0,0,0.45,0.27,36.54,0.0
A17,12,2023-03-27,52.3094929555039,2.860399714600824,0.557077573124371,5.0,18.0,0.0,0.0,0.0,0.0,0.0,0.0,1.0,0,0,0.45,0.27,36.54,0.0
A17,13,2023-04-03,123.61393518464719,66.10353604207035,0.5487214095275055,6.0,19.0,0.0,0.0,0.0,0.0,0.0,0.0,1.0,0,0,0.45,0.27,36.54,0.0
A17,14,2023-04-10,69.10487012698533,6.0719040980649694,0.5404905883845929,7.0,46.0,5.0,0.0,0.0,0.0,0.0,0.0,1.0,0,0,0.45,0.27,36.54,0.0
A17,15,2023-04-17,104.61651426672864,39.61651426672853,0.532383229558824,8.0,17.0,0.0,0.0,0.0,0.0,0.0,0.0,1.0,0,0,0.45,0.27,36.54,0.0
A17,16,2023-04-24,46.983730084195635,-16.0492359447258,0.5243974811154416,9.0,68.0,0.0,0.0,0.0,0.0,0.0,0.0,1.0,0,0,0.45,0.27,36.54,0.0
A17,17,2023-05-01,67.70620817616346,10.19580903357685,0.51653151889871,10.0,82.0,60.0,0.0,0.0,0.0,0.0,0.0,1.0,0,0,0.45,0.27,36.54,0.0
A17,18,2023-05-08,34.57837127399864,-14.870721966985698,0.5087835461152294,11.0,8.0,0.0,0.0,0.0,0.0,0.0,0.0,1.0,0,0,0.45,0.27,36.54,0.0
A17,19,2023-05-15,34.72910877900819,-5.469664392218675,0.5011517929235009,12.0,0.0,0.0,0.0,0.0,0.0,0.0,0.0,1.0,0,0,0.45,0.27,36.54,0.0
A17,20,2023-05-22,52.10684822174117,21.0309557068797,0.49363451602964836,13.0,22.0,0.0,0.0,0.0,0.0,0.0,0.0,1.0,0,0,0.45,0.27,36.54,0.0
A17,21,2023-05-29,28.340202353464043,5.2685496096554765,0.48622999828920366,14.0,25.0,20.0,0.0,1.0,0.0,0.0,0.0,1.0,0,0,0.45,0.27,36.54,0.0
A17,22,2023-06-05,18.687633723645803,1.9709797776024303,0.4789365483148656,15.0,31.0,20.0,0.0,0.0,0.0,0.0,0.0,1.0,0,0,0.45,0.27,36.54,0.0
A17,23,2023-06-12,11.644390560553045,-0.46212016260618327,0.4717525000901426,16.0,41.0,24.0,0.0,0.0,0.0,0.0,0.0,1.0,0,0,0.45,0.27,36.54,0.0
A17,24,2023-06-19,10.451284963931936,1.4189491354640893,0.46467621258879044,17.0,5.0,5.0,0.0,0.0,0.0,0.0,0.0,1.0,0,0,0.45,0.27,36.54,0.0
A17,25,2023-06-26,9.917599221111384,2.777135521211129,0.45770606939995856,18.0,26.0,0.0,0.0,0.0,0.0,0.0,0.0,1.0,0,0,0.45,0.27,36.54,0.0
A17,26,2023-07-03,10.690673304792245,4.627656589480361,0.4508404783589592,19.0,35.0,5.0,0.0,0.0,1.0,0.0,0.0,1.0,0,0,0.45,0.27,36.54,0.0
A17,27,2023-07-10,2.740218807843699,-2.7539953224267917,0.4440778711835748,20.0,45.0,0.0,0.0,0.0,0.0,0.0,0.0,1.0,0,0,0.45,0.27,36.54,0.0
A17,28,2023-07-17,4.873426490712251,-0.3427785869598541,0.43741670311582115,21.0,32.0,17.0,0.0,0.0,0.0,0.0,0.0,1.0,0,0,0.45,0.27,36.54,0.0
A17,29,2023-07-24,6.730540819643063,1.6377383428465473,0.4308554525690838,22.0,45.0,0.0,0.0,2.0,0.0,0.0,0.0,1.0,0,0,0.45,0.27,36.54,0.0
A17,30,2023-07-31,6.098897026025456,1.0479968569871074,0.42439262078054757,23.0,23.0,23.0,0.0,0.0,0.0,0.0,0.0,1.0,0,0,0.45,0.27,36.54,2.0
A17,31,2023-08-07,7.28980375538383,2.225830569611369,0.41802673146883934,24.0,0.0,0.0,0.0,1.0,0.0,0.0,0.0,1.0,0,0,0.45,0.27,36.54,3.0
A17,32,2023-08-14,7.0635658177261,1.9178352963321448,0.41175633049680677,25.0,21.0,21.0,0.0,2.0,0.0,0.0,0.0,1.0,0,0,0.45,0.27,36.54,3.0
A17,33,2023-08-21,6.018581767749055,0.6615403652226792,0.40557998553935465,26.0,32.0,0.0,0.0,0.0,0.0,0.0,0.0,1.0,0,0,0.45,0.27,36.54,3.0
A17,34,2023-08-28,6.054661354727073,0.23010103786725988,0.39949628575626434,27.0,56.0,39.0,15.0,1.0,0.0,0.0,0.0,1.0,0,0,0.45,0.27,36.54,3.0
A17,35,2023-09-04,7.757084857415614,0.9946124021536571,0.39350384146992035,28.0,11.0,0.0,0.0,1.0,0.0,0.0,0.0,1.0,0,0,0.45,0.27,36.54,2.0
A17,36,2023-09-11,15.84359001366036,7.364851918215377,0.3876012838478715,29.0,30.0,0.0,0.0,1.0,0.0,0.0,0.0,1.0,0,0,0.45,0.27,36.54,2.0
A17,37,2023-09-18,10.969916716384116,-0.36871813432985157,0.38178726459015344,30.0,29.0,24.0,24.0,1.0,0.0,0.0,1.0,1.0,0,0,0.45,0.27,36.54,2.0
A17,38,2023-09-25,19.151531025353094,3.4897805661219365,0.37606045562130114,31.0,12.0,0.0,0.0,3.0,3.0,0.0,4.0,1.0,0,0,0.45,0.27,36.54,2.0
A17,39,2023-10-02,28.72883789960204,7.174262771656231,0.37041954878698163,32.0,48.0,32.0,13.0,6.0,0.0,0.0,10.0,1.0,0,0,0.45,0.27,36.54,3.0
A17,40,2023-10-09,62.00060686062352,33.272447724939916,0.3648632555551769,33.0,22.0,0.0,0.0,8.0,3.0,0.0,17.0,1.0,0,0,0.45,0.27,36.54,3.0
A17,41,2023-10-16,40.95520903258012,4.559774349565139,0.35939030672184924,34.0,15.0,15.0,15.0,11.0,0.0,1.0,21.0,1.0,0,0,0.45,0.27,36.54,3.0
A17,42,2023-10-23,75.78884833724562,32.442377832088106,0.3539994521210215,35.0,9.0,0.0,0.0,7.0,3.0,0.0,20.0,1.0,0,0,0.45,0.27,36.54,1.0
A17,43,2023-10-30,92.79865260103826,44.563127838915435,0.34868946033920617,36.0,52.0,0.0,0.0,10.0,0.0,0.0,17.0,1.0,0,0,0.45,0.27,36.54,0.0
A17,44,2023-11-06,61.12082018322779,11.120820183187668,0.3434591184341181,37.0,24.0,0.0,0.0,10.0,5.0,0.0,19.0,1.0,0,0,0.45,0.27,36.54,0.0
A17,45,2023-11-13,56.00761627938426,7.772091517524103,0.3383072316576063,38.0,58.0,0.0,0.0,5.0,2.0,0.0,18.0,1.0,0,0,0.45,0.27,36.54,0.0
A17,46,2023-11-20,48.28881920412545,4.942348700645212,0.3332326231827422,39.0,47.0,7.0,0.0,7.0,1.0,0.0,10.0,1.0,0,0,0.45,0.27,36.54,0.0
A17,47,2023-11-27,41.597863178233304,5.2024285050368135,0.32823413383500105,40.0,51.0,31.0,0.0,1.0,0.0,0.0,5.0,1.0,0,0,0.45,0.27,36.54,0.0
A17,48,2023-12-04,48.424471572512246,19.69631249057505,0.587887276092482,0.0,37.0,0.0,0.0,1.0,0.0,0.0,1.0,1.0,0,0,0.45,0.27,36.54,1.0
A17,49,2023-12-11,29.212161944893126,7.657587092178222,0.5790689669510948,1.0,0.0,0.0,0.0,0.0,0.0,0.0,0.0,1.0,0,0,0.45,0.27,36.54,3.0
A17,50,2023-12-18,21.257639330173525,5.595890189478046,0.5703829324468284,2.0,105.0,42.0,0.0,0.0,0.0,0.0,0.0,1.0,0,0,0.45,0.27,36.54,3.0
A17,51,2023-12-25,9.5594549232084,-1.779174018238626,0.5618271884601259,3.0,79.0,0.0,0.0,1.0,0.0,0.0,0.0,1.0,0,0,0.45,0.27,36.54,3.0
A17,52,2024-01-01,3.5874135017989226,-1.445771560409947,0.553399780633224,4.0,0.0,0.0,0.0,0.0,0.0,0.0,0.0,1.0,0,0,0.45,0.27,36.54,2.0
A17,53,2024-01-08,10.771929267674244,5.684680232061629,0.5450987839237257,5.0,23.0,15.0,0.0,0.0,0.0,0.0,0.0,1.0,0,0,0.45,0.27,36.54,0.0
A17,54,2024-01-15,4.899940176634552,-0.31465782280367893,0.5369223021648698,6.0,24.0,24.0,0.0,0.0,0.0,0.0,0.0,1.0,0,0,0.45,0.27,36.54,0.0
A17,55,2024-01-22,4.188937922248067,-1.3048469006931347,0.5288684676323967,7.0,8.0,0.0,0.0,0.0,0.0,0.0,0.0,1.0,0,0,0.45,0.27,36.54,0.0
A17,56,2024-01-29,10.00489757799599,3.941986728568107,0.5209354406179107,8.0,0.0,0.0,0.0,0.0,0.0,0.0,0.0,1.0,0,0,0.45,0.27,36.54,0.0
A17,57,2024-02-05,7.88062594405577,0.7401863432206257,0.5131214090086421,9.0,47.0,24.0,0.0,0.0,0.0,0.0,0.0,1.0,0,0,0.45,0.27,36.54,0.0
A17,58,2024-02-12,11.058116336882662,2.0257855724976768,0.5054245878735125,10.0,0.0,0.0,0.0,0.0,0.0,0.0,0.0,1.0,0,0,0.45,0.27,36.54,0.0
A17,59,2024-02-19,11.535472195705461,-0.5710375451227616,0.49784321905540985,11.0,9.0,9.0,0.0,0.0,0.0,0.0,0.0,1.0,0,0,0.45,0.27,36.54,0.0
A17,60,2024-02-26,14.95237085019283,-1.7642829199483128,0.4903755707695787,12.0,0.0,0.0,0.0,1.0,0.0,0.0,0.0,1.0,0,0,0.45,0.27,36.54,0.0
A17,61,2024-03-04,21.742078371223414,-1.3295743435087104,0.48301993720803504,13.0,8.0,8.0,0.0,0.0,0.0,0.0,0.0,1.0,0,0,0.45,0.27,36.54,0.0
A17,62,2024-03-11,19.153280348945543,-11.922612161479147,0.4757746381499145,14.0,30.0,0.0,0.0,1.0,0.0,0.0,0.0,1.0,0,0,0.45,0.27,36.54,0.0
A17,63,2024-03-18,38.98051413550627,-1.2182590350956417,0.4686380185776658,15.0,38.0,0.0,0.0,0.0,0.0,0.0,0.0,1.0,0,0,0.45,0.27,36.54,0.0
A17,64,2024-03-25,54.84742821271738,5.398334971814307,0.4616084482990008,16.0,8.0,0.0,0.0,0.0,0.0,0.0,0.0,1.0,0,0,0.45,0.27,36.54,0.0
A17,65,2024-04-01,109.90627069267171,52.39587155009486,0.45468432157451577,17.0,22.0,0.0,0.0,0.0,0.0,0.0,0.0,1.0,0,0,0.45,0.27,36.54,0.0
A17,66,2024-04-08,64.95907996063232,1.92611393171196,0.447864056750898,18.0,0.0,0.0,0.0,0.0,0.0,0.0,0.0,1.0,0,0,0.45,0.27,36.54,1.0
A17,67,2024-04-15,28.715162837649462,-36.284837162350655,0.44114609589963455,19.0,44.0,21.0,0.0,0.0,0.0,0.0,0.0,1.0,0,0,0.45,0.27,36.54,1.0
A17,68,2024-04-22,60.993235120471816,-2.03973090844962,0.43452890446114,20.0,21.0,21.0,0.0,0.0,0.0,0.0,0.0,1.0,0,0,0.45,0.27,36.54,2.0
A17,69,2024-04-29,150.02354263678657,92.51314349419997,0.4280109708942229,21.0,17.0,0.0,0.0,0.0,0.0,0.0,0.0,1.0,0,0,0.45,0.27,36.54,2.0
A17,70,2024-05-06,66.96512110096933,17.516027859984987,0.4215908063308096,22.0,40.0,0.0,0.0,0.0,0.0,0.0,0.0,1.0,0,0,0.45,0.27,36.54,1.0
A17,71,2024-05-13,30.26601139311613,-9.932761778110738,0.4152669442358474,23.0,12.0,12.0,2.0,0.0,0.0,0.0,0.0,1.0,0,0,0.45,0.27,36.54,3.0
A17,72,2024-05-20,38.21849796585116,7.142605450989688,0.4090379400723097,24.0,22.0,0.0,0.0,0.0,0.0,0.0,0.0,1.0,0,0,0.45,0.27,36.54,2.0
A17,73,2024-05-27,17.79468845385588,-5.276964289952687,0.40290237097122505,25.0,64.0,24.0,0.0,0.0,0.0,0.0,0.0,1.0,0,0,0.45,0.27,36.54,3.0
A17,74,2024-06-03,10.407980138780252,-6.308673807263121,0.3968588354066567,26.0,11.0,0.0,0.0,0.0,0.0,0.0,0.0,1.0,0,0,0.45,0.27,36.54,3.0
A17,75,2024-06-10,10.716816112035376,-1.3896946111238524,0.3909059528755568,27.0,0.0,0.0,0.0,0.0,0.0,0.0,0.0,1.0,0,0,0.45,0.27,36.54,1.0
A17,76,2024-06-17,9.32636431401501,0.29402848554716243,0.38504236358242344,28.0,26.0,0.0,0.0,1.0,0.0,0.0,1.0,1.0,0,0,0.45,0.27,36.54,1.0
A17,77,2024-06-24,3.7081136321071897,-3.432350067793066,0.37926672812868706,29.0,30.0,0.0,0.0,3.0,1.0,0.0,2.0,1.0,0,0,0.45,0.27,36.54,1.0
A17,78,2024-07-01,4.055206991814545,-2.0078097234973384,0.37357772720675675,30.0,17.0,0.0,0.0,2.0,1.0,1.0,4.0,1.0,0,0,0.45,0.27,36.54,1.0
A17,79,2024-07-08,5.514125151138419,0.019911020867928286,0.3679740612986554,31.0,26.0,0.0,0.0,2.0,2.0,0.0,5.0,1.0,0,0,0.45,0.27,36.54,1.0
A17,80,2024-07-15,4.521797217437106,-0.6944078602349988,0.36245445037917556,32.0,49.0,0.0,0.0,3.0,1.0,0.0,8.0,1.0,0,0,0.45,0.27,36.54,2.0
A17,81,2024-07-22,5.847488242463868,0.754685765667352,0.35701763362348793,33.0,49.0,37.0,0.0,6.0,2.0,0.0,13.0,1.0,0,0,0.45,0.27,36.54,1.0
A17,82,2024-07-29,3.3016837450990923,-1.7492164239392558,0.3516623691191356,34.0,14.0,0.0,0.0,6.0,3.0,0.0,18.0,1.0,0,0,0.45,0.27,36.54,2.0
A17,83,2024-08-05,6.501878933049483,1.4379057472770214,0.3463874335823486,35.0,38.0,34.0,23.0,10.0,7.0,0.0,22.0,1.0,0,0,0.45,0.27,36.54,4.0
A17,84,2024-08-12,3.400259192828217,-1.745471328565738,0.6066714509920756,0.0,39.0,0.0,0.0,14.0,2.0,0.0,20.0,1.0,0,0,0.45,0.27,36.54,3.0
A17,85,2024-08-19,9.519752506270212,4.1627111037438365,0.5975713792271945,1.0,20.0,20.0,0.0,7.0,0.0,0.0,13.0,1.0,0,0,0.45,0.27,36.54,4.0
A17,86,2024-08-26,3.194939382340982,-2.629620934518831,0.5886078085387866,2.0,7.0,7.0,0.0,3.0,1.0,0.0,6.0,1.0,0,0,0.45,0.27,36.54,4.0
A17,87,2024-09-02,4.613535931621561,-2.148936523640396,0.5797786914107048,3.0,3.0,0.0,0.0,1.0,0.0,0.0,3.0,1.0,0,0,0.45,0.27,36.54,2.0
A17,88,2024-09-09,9.812346211696,1.3336081162510158,0.5710820110395443,4.0,42.0,10.0,0.0,1.0,0.0,0.0,2.0,1.0,0,0,0.45,0.27,36.54,2.0
A17,89,2024-09-16,20.301556247386834,8.962921396672867,0.562515780873951,5.0,43.0,22.0,22.0,0.0,0.0,1.0,2.0,1.0,0,0,0.45,0.27,36.54,1.0
A17,90,2024-09-23,17.487503252163453,1.8257527929322954,0.5540780441608417,6.0,11.0,0.0,0.0,2.0,0.0,0.0,1.0,1.0,0,0,0.45,0.27,36.54,1.0
A17,91,2024-09-30,26.247962553124236,4.693387425178425,0.5457668734984291,7.0,21.0,0.0,0.0,1.0,0.0,0.0,1.0,1.0,0,0,0.45,0.27,36.54,1.0
A17,92,2024-10-07,28.90503241271573,0.17687327703212574,0.5375803703959526,8.0,21.0,21.0,0.0,2.0,0.0,0.0,1.0,1.0,0,0,0.45,0.27,36.54,1.0
A17,93,2024-10-14,25.41155233689995,-10.983882346115035,0.5295166648400134,9.0,14.0,0.0,0.0,2.0,0.0,0.0,1.0,1.0,0,0,0.45,0.27,36.54,2.0
A17,94,2024-10-21,36.51331028519293,-6.83316021996459,0.5215739148674131,10.0,26.0,10.0,10.0,1.0,1.0,0.0,1.0,1.0,0,0,0.45,0.27,36.54,1.0
A17,95,2024-10-28,31.561163950264262,-16.67436081185856,0.5137503061444019,11.0,58.0,10.0,0.0,0.0,0.0,0.0,0.0,1.0,0,0,0.45,0.27,36.54,1.0
A17,96,2024-11-04,31.959661091851594,-18.04033890818853,0.5060440515522359,12.0,15.0,0.0,0.0,0.0,0.0,0.0,0.0,1.0,0,0,0.45,0.27,36.54,2.0
A17,97,2024-11-11,55.51803370531748,7.282508943457323,0.49845339077895234,13.0,37.0,0.0,0.0,0.0,0.0,0.0,0.0,1.0,0,0,0.45,0.27,36.54,1.0
A17,98,2024-11-18,29.256828153389726,-14.089642350090514,0.49097658991726806,14.0,39.0,24.0,0.0,0.0,0.0,0.0,0.0,1.0,0,0,0.45,0.27,36.54,1.0
A17,99,2024-11-25,40.70240770476119,4.306973031564702,0.483611941068509,15.0,58.0,4.0,0.0,0.0,0.0,0.0,0.0,1.0,0,0,0.45,0.27,36.54,1.0
A17,100,2024-12-02,18.21489800890341,-10.513261073033785,0.47635776195248136,16.0,21.0,4.0,0.0,0.0,0.0,0.0,0.0,1.0,0,0,0.45,0.27,36.54,0.0
A17,101,2024-12-09,23.910606359052935,2.356031506338031,0.46921239552319416,17.0,45.0,0.0,0.0,0.0,0.0,0.0,0.0,1.0,0,0,0.45,0.27,36.54,0.0
A17,102,2024-12-16,13.199546593120475,-2.4622025475750036,0.4621742095903462,18.0,38.0,16.0,0.0,1.0,0.0,0.0,0.0,1.0,0,0,0.45,0.27,36.54,0.0
A17,103,2024-12-23,18.551132216736143,7.212503275289118,0.45524159644649104,19.0,39.0,0.0,0.0,0.0,0.0,0.0,0.0,1.0,0,0,0.45,0.27,36.54,0.0
A17,104,2024-12-30,5.637014663168452,0.6038296009595827,0.44841297249979367,20.0,24.0,0.0,0.0,0.0,0.0,0.0,0.0,1.0,0,0,0.45,0.27,36.54,0.0
A17,105,2025-01-06,5.096114142140032,0.008865106527417232,0.44168677791229677,21.0,42.0,25.0,0.0,0.0,0.0,0.0,0.0,1.0,0,0,0.45,0.27,36.54,0.0
A17,106,2025-01-13,2.6017979706394847,-2.6128000287987465,0.4350614762436123,22.0,84.0,0.0,0.0,0.0,0.0,0.0,0.0,1.0,0,0,0.45,0.27,36.54,0.0
A17,107,2025-01-20,3.6418240693021198,-1.8519607536390823,0.4285355540999581,23.0,16.0,16.0,0.0,0.0,0.0,0.0,0.0,1.0,0,0,0.45,0.27,36.54,0.0
A17,108,2025-01-27,2.795543666127821,-3.2673671833000624,0.4221075207884587,24.0,21.0,12.0,0.0,0.0,0.0,0.0,0.0,1.0,0,0,0.45,0.27,36.54,0.0
A17,109,2025-02-03,4.015771936864893,-3.124667663970251,0.41577590797663183,25.0,32.0,16.0,0.0,0.0,0.0,0.0,0.0,1.0,0,0,0.45,0.27,36.54,0.0
A17,110,2025-02-10,5.356394353679334,-3.675936410705652,0.40953926935698237,26.0,36.0,7.0,0.0,0.0,0.0,0.0,0.0,1.0,0,0,0.45,0.27,36.54,0.0
A17,111,2025-02-17,6.103790732402457,-6.002719008425766,0.4033961803166276,27.0,20.0,0.0,0.0,0.0,0.0,0.0,0.0,1.0,0,0,0.45,0.27,36.54,0.0
A17,112,2025-02-24,7.100722486796879,-9.615931283344263,0.3973452376118782,28.0,13.0,0.0,0.0,0.0,0.0,0.0,0.0,1.0,0,0,0.45,0.27,36.54,0.0
A17,113,2025-03-03,9.143934189830441,-13.927718524901683,0.3913850590477,29.0,49.0,0.0,0.0,0.0,0.0,0.0,0.0,1.0,0,0,0.45,0.27,36.54,0.0
A17,114,2025-03-10,8.90611038758779,-22.1697821228369,0.3855142831619845,30.0,28.0,19.0,0.0,0.0,0.0,0.0,0.0,1.0,0,0,0.45,0.27,36.54,0.0
A17,115,2025-03-17,18.05336869552387,-22.145404475078042,0.37973156891455473,31.0,18.0,6.0,0.0,0.0,0.0,0.0,0.0,1.0,0,0,0.45,0.27,36.54,0.0
A17,116,2025-03-24,40.03618494267808,-9.412908298224998,0.3740355953808364,32.0,35.0,19.0,0.0,0.0,0.0,0.0,0.0,1.0,0,0,0.45,0.27,36.54,0.0
A17,117,2025-03-31,21.36402395610663,-36.14637518647022,0.3684250614501239,33.0,20.0,0.0,0.0,0.0,0.0,0.0,0.0,1.0,0,0,0.45,0.27,36.54,1.0
A17,118,2025-04-07,25.38178897910731,-37.65117704981306,0.362898685528372,34.0,80.0,13.0,0.0,1.0,0.0,0.0,0.0,1.0,0,0,0.45,0.27,36.54,3.0
A17,119,2025-04-14,79.07674635452078,14.076746354520665,0.35745520524544644,35.0,12.0,0.0,0.0,0.0,0.0,0.0,0.0,1.0,0,0,0.45,0.27,36.54,4.0
A17,120,2025-04-21,32.7892699531329,-30.243696075788534,0.35209337716676475,36.0,76.0,25.0,8.0,0.0,0.0,0.0,0.0,1.0,0,0,0.45,0.27,36.54,4.0
A17,121,2025-04-28,41.827288992101145,-15.683110150485462,0.34681197650926326,37.0,42.0,8.0,0.0,1.0,0.0,0.0,0.0,1.0,0,0,0.45,0.27,36.54,4.0
A17,122,2025-05-05,40.244437928232095,-9.204655312752244,0.3416097968616243,38.0,0.0,0.0,0.0,0.0,0.0,0.0,0.0,1.0,0,0,0.45,0.27,36.54,2.0
A17,123,2025-05-12,32.948235423612005,-7.250537747614864,0.33648564990869995,39.0,72.0,24.0,0.0,0.0,0.0,0.0,0.0,1.0,0,0,0.45,0.27,36.54,1.0
A17,124,2025-05-19,11.856063938872015,-19.219828575989453,0.33143836516006947,40.0,38.0,24.0,0.0,0.0,1.0,0.0,0.0,1.0,0,0,0.45,0.27,36.54,1.0
A17,125,2025-05-26,13.8315318994545,-9.240120844354067,0.3264667896826684,41.0,42.0,0.0,0.0,1.0,0.0,0.0,1.0,1.0,0,0,0.45,0.27,36.54,0.0
A17,126,2025-06-02,6.167188147875354,-10.549465798168018,0.32156978783742834,42.0,27.0,0.0,0.0,1.0,0.0,0.0,1.0,1.0,0,0,0.45,0.27,36.54,1.0
A17,127,2025-06-09,18.52593641665452,6.419425693495292,0.3167462410198669,43.0,14.0,14.0,0.0,2.0,1.0,0.0,5.0,1.0,0,0,0.45,0.27,36.54,1.0
A17,128,2025-06-16,3.359599430414004,-5.672736398053843,0.3119950474045689,44.0,57.0,22.0,22.0,8.0,3.0,0.0,14.0,1.0,0,0,0.45,0.27,36.54,2.0
A17,129,2025-06-23,3.2163614157103555,-3.9241022841899,0.3073151216935004,45.0,22.0,0.0,0.0,13.0,4.0,0.0,23.0,1.0,0,0,0.45,0.27,36.54,3.0
A17,130,2025-06-30,2.737963151888085,-3.3250535634237988,0.3027053948680979,46.0,21.0,0.0,0.0,20.0,3.0,1.0,33.0,1.0,0,0,0.45,0.27,36.54,3.0
A17,131,2025-07-07,2.115056400959602,-3.3791577293108888,0.29816481394507643,47.0,28.0,0.0,0.0,17.0,8.0,0.0,28.0,1.0,0,0,0.45,0.27,36.54,3.0
A17,132,2025-07-14,5.44335224839373,0.2271471707216257,0.2936923417359003,48.0,14.0,14.0,14.0,7.0,7.0,0.0,18.0,1.0,0,0,0.45,0.27,36.54,2.0
A17,133,2025-07-21,7.728401992074296,2.6355995152777805,0.2892869566098618,49.0,48.0,4.0,0.0,8.0,2.0,0.0,13.0,1.0,0,0,0.45,0.27,36.54,1.0
A17,134,2025-07-28,2.7795008767485494,-2.2713992922897988,0.2849476522607139,50.0,43.0,0.0,0.0,3.0,0.0,0.0,5.0,1.0,0,0,0.45,0.27,36.54,1.0
A17,135,2025-08-04,2.0734634477662097,-2.9905097380062515,0.2806734374768032,51.0,7.0,0.0,0.0,1.0,0.0,0.0,1.0,1.0,0,0,0.45,0.27,36.54,1.0
A17,136,2025-08-11,1.5287654361824374,-3.6169650852115174,0.2764633359146511,52.0,72.0,26.0,0.0,1.0,0.0,0.0,1.0,1.0,0,0,0.45,0.27,36.54,1.0
A17,137,2025-08-18,3.1969296920094363,-2.160111710516939,0.2723163858759313,53.0,21.0,0.0,0.0,0.0,0.0,0.0,0.0,1.0,0,0,0.45,0.27,36.54,1.0
A17,138,2025-08-25,3.3891281326999385,-2.4354321841598745,0.2682316400877923,54.0,8.0,0.0,0.0,0.0,0.0,0.0,0.0,1.0,0,0,0.45,0.27,36.54,0.0
A17,139,2025-09-01,3.4996116692144175,-3.2628607860475394,0.2642081654864754,55.0,11.0,0.0,0.0,1.0,0.0,0.0,0.0,1.0,0,0,0.45,0.27,36.54,0.0
A17,140,2025-09-08,5.9551717996018665,-2.523566295843117,0.2602450430041783,56.0,50.0,0.0,0.0,0.0,0.0,0.0,0.0,1.0,0,0,0.45,0.27,36.54,0.0
A17,141,2025-09-15,8.463337432655548,-2.8752974180584197,0.2563413673591156,57.0,23.0,0.0,0.0,0.0,0.0,0.0,0.0,1.0,0,0,0.45,0.27,36.54,0.0
A17,142,2025-09-22,11.398909438186868,-4.26284102104429,0.2524962468487289,58.0,19.0,0.0,0.0,1.0,0.0,0.0,0.0,1.0,0,0,0.45,0.27,36.54,1.0
A17,143,2025-09-29,12.5429841282689,-9.01159099967691,0.24870880314599797,59.0,33.0,33.0,19.0,0.0,0.0,0.0,0.0,1.0,0,0,0.45,0.27,36.54,2.0
A17,144,2025-10-06,12.69905066468101,-16.029108471002594,0.24497817109880798,60.0,35.0,12.0,12.0,0.0,0.0,0.0,0.0,1.0,0,0,0.45,0.27,36.54,2.0
A17,145,2025-10-13,29.865441644979654,-6.529993038035329,0.24130349853232586,61.0,0.0,0.0,0.0,2.0,0.0,0.0,0.0,1.0,0,0,0.45,0.27,36.54,2.0
A17,146,2025-10-20,28.29887867438152,-15.047591830776,0.23768394605434096,62.0,0.0,0.0,0.0,0.0,1.0,0.0,0.0,1.0,0,0,0.45,0.27,36.54,1.0
A17,147,2025-10-27,42.78715734143447,-5.448367420688349,0.23411868686352583,63.0,102.0,38.0,0.0,0.0,0.0,0.0,0.0,1.0,0,0,0.45,0.27,36.54,0.0
A17,148,2025-11-03,42.852609070580144,-7.147390929459981,0.23060690656057295,64.0,47.0,0.0,0.0,0.0,0.0,0.0,0.0,1.0,0,0,0.45,0.27,36.54,0.0
A17,149,2025-11-10,19.061986905641753,-29.173537856218402,0.22714780296216436,65.0,53.0,18.0,0.0,0.0,0.0,0.0,0.0,1.0,0,0,0.45,0.27,36.54,0.0
A17,150,2025-11-17,17.055361173019406,-26.291109330460834,0.22374058591773188,66.0,56.0,30.0,19.0,0.0,0.0,0.0,0.0,1.0,0,0,0.45,0.27,36.54,0.0
A17,151,2025-11-24,18.15999645673008,-18.23543821646641,0.2203844771289659,67.0,71.0,0.0,0.0,0.0,0.0,0.0,0.0,1.0,0,0,0.45,0.27,36.54,0.0
A17,152,2025-12-01,12.902253492295328,-15.825905589641868,0.2170787099720314,68.0,72.0,19.0,0.0,0.0,1.0,0.0,0.0,1.0,0,0,0.45,0.27,36.54,0.0
A17,153,2025-12-08,18.249602330249115,-3.304972522465789,0.21382252932245094,69.0,8.0,0.0,0.0,0.0,0.0,0.0,0.0,1.0,0,0,0.45,0.27,36.54,0.0
A17,154,2025-12-15,11.512079203427025,-4.149669937268454,0.21061519138261417,70.0,15.0,6.0,0.0,0.0,0.0,0.0,0.0,1.0,0,0,0.45,0.27,36.54,0.0
A17,155,2025-12-22,10.82812448304284,-0.5105044584041849,0.20745596351187495,71.0,39.0,24.0,0.0,0.0,0.0,0.0,0.0,1.0,0,0,0.45,0.27,36.54,0.0
A18,0,2023-01-02,7.228032971013748,2.1948479088048787,0.3317619911629196,99.0,0.0,0.0,0.0,0.0,0.0,0.0,0.0,0.8,0,0,0.25,0.4,37.15,0.0
A18,1,2023-01-09,6.840823539595416,1.7535745039828008,0.3267855612954758,99.0,20.0,0.0,0.0,0.0,0.0,0.0,0.0,0.8,0,0,0.25,0.4,37.15,0.0
A18,2,2023-01-16,9.919583896281607,4.704985896843375,0.32188377787604366,99.0,31.0,31.0,0.0,1.0,0.0,0.0,0.0,0.8,0,0,0.25,0.4,37.15,0.0
A18,3,2023-01-23,8.094343960591154,2.6005591376499515,0.317055521207903,99.0,46.0,37.0,0.0,0.0,0.0,0.0,0.0,0.8,0,0,0.25,0.4,37.15,0.0
A18,4,2023-01-30,7.761447974670924,1.6985371252430408,0.31229968838978445,99.0,3.0,3.0,0.0,0.0,0.0,0.0,0.0,0.8,0,0,0.25,0.4,37.15,0.0
A18,5,2023-02-06,14.985400938358673,7.844961337523529,0.3076151930639377,99.0,30.0,2.0,0.0,0.0,0.0,0.0,0.0,0.8,0,0,0.25,0.4,37.15,0.0
A18,6,2023-02-13,11.754866299289459,2.7225355349044733,0.30300096516797864,99.0,23.0,0.0,0.0,0.0,0.0,0.0,0.0,0.8,0,0,0.25,0.4,37.15,0.0
A18,7,2023-02-20,13.604051361903316,1.4975416210750936,0.686323437619428,0.0,20.0,20.0,0.0,0.0,0.0,0.0,0.0,0.8,0,0,0.25,0.4,37.15,0.0
A18,8,2023-02-27,15.585030418601546,-1.1316233515395968,0.6760285860551366,1.0,29.0,13.0,0.0,0.0,0.0,0.0,0.0,0.8,0,0,0.25,0.4,37.15,0.0
A18,9,2023-03-06,36.885081382920355,13.81342866818823,0.6658881572643095,2.0,0.0,0.0,0.0,0.0,0.0,0.0,0.0,0.8,0,0,0.25,0.4,37.15,0.0
A18,10,2023-03-13,59.89203945926339,28.816146948838696,0.6558998349053449,3.0,34.0,23.0,0.0,0.0,0.0,0.0,0.0,0.8,0,0,0.25,0.4,37.15,0.0
A18,11,2023-03-20,49.366617557813306,9.167844387211396,0.6460613373817646,4.0,10.0,0.0,0.0,0.0,0.0,0.0,0.0,0.8,0,0,0.25,0.4,37.15,0.0
A18,12,2023-03-27,97.69571903624129,48.24662579533821,0.6363704173210382,5.0,34.0,17.0,0.0,1.0,0.0,0.0,0.0,0.8,0,0,0.25,0.4,37.15,0.0
A18,13,2023-04-03,36.07514327462925,-21.435255867947603,0.6268248610612226,6.0,36.0,32.0,0.0,0.0,0.0,0.0,0.0,0.8,0,0,0.25,0.4,37.15,0.0
A18,14,2023-04-10,77.27671876556501,14.243752736644645,0.6174224881453042,7.0,30.0,0.0,0.0,0.0,0.0,0.0,0.0,0.8,0,0,0.25,0.4,37.15,0.0
A18,15,2023-04-17,80.11776397619789,15.117763976197779,0.6081611508231246,8.0,41.0,0.0,0.0,0.0,0.0,0.0,0.0,0.8,0,0,0.25,0.4,37.15,0.0
A18,16,2023-04-24,61.09031731106104,-1.9426487178603935,0.5990387335607777,9.0,66.0,10.0,0.0,0.0,0.0,0.0,0.0,0.8,0,0,0.25,0.4,37.15,0.0
A18,17,2023-05-01,165.58103305716702,108.07063391458041,0.5900531525573661,10.0,12.0,5.0,0.0,1.0,0.0,0.0,0.0,0.8,0,0,0.25,0.4,37.15,0.0
A18,18,2023-05-08,60.395817200033115,10.946723959048775,0.5812023552690057,11.0,9.0,0.0,0.0,0.0,0.0,0.0,0.0,0.8,0,0,0.25,0.4,37.15,0.0
A18,19,2023-05-15,43.56587926384236,3.3671060926154937,0.5724843199399705,12.0,0.0,0.0,0.0,1.0,0.0,0.0,0.0,0.8,0,0,0.25,0.4,37.15,0.0
A18,20,2023-05-22,39.19944738263129,8.123554867769823,0.563897055140871,13.0,63.0,63.0,0.0,2.0,0.0,0.0,0.0,0.8,0,0,0.25,0.4,37.15,0.0
A18,21,2023-05-29,14.307207808625027,-8.76444493518354,0.5554385993137579,14.0,11.0,0.0,0.0,0.0,0.0,0.0,0.0,0.8,0,0,0.25,0.4,37.15,0.0
A18,22,2023-06-05,16.016112427199268,-0.7005415188441049,0.5471070203240516,15.0,40.0,0.0,0.0,1.0,0.0,0.0,0.0,0.8,0,0,0.25,0.4,37.15,0.0
A18,23,2023-06-12,21.349342112686955,9.242831389527726,0.5389004150191908,16.0,16.0,16.0,0.0,0.0,0.0,0.0,0.0,0.8,0,0,0.25,0.4,37.15,0.0
A18,24,2023-06-19,9.05958837060917,0.027252542141322778,0.530816908793903,17.0,20.0,0.0,0.0,0.0,0.0,0.0,0.0,0.8,0,0,0.25,0.4,37.15,0.0
A18,25,2023-06-26,6.67797609960764,-0.46248760029261593,0.5228546551619945,18.0,18.0,11.0,0.0,2.0,0.0,0.0,0.0,0.8,0,0,0.25,0.4,37.15,0.0
A18,26,2023-07-03,11.985349250759121,5.922332535447238,0.5150118353345645,19.0,44.0,21.0,0.0,0.0,0.0,0.0,0.0,0.8,0,0,0.25,0.4,37.15,0.0
A18,27,2023-07-10,10.978382960247394,5.484168829976904,0.5072866578045461,20.0,23.0,0.0,0.0,0.0,0.0,0.0,0.0,0.8,0,0,0.25,0.4,37.15,0.0
A18,28,2023-07-17,7.813557434039891,2.597352356367786,0.49967735793747786,21.0,12.0,0.0,0.0,0.0,0.0,0.0,0.0,0.8,0,0,0.25,0.4,37.15,0.0
A18,29,2023-07-24,5.42859714707654,0.3357946702800243,0.4921821975684157,22.0,17.0,0.0,0.0,0.0,0.0,0.0,0.0,0.8,0,0,0.25,0.4,37.15,0.0
A18,30,2023-07-31,5.806019111166576,0.7551189421282283,0.48479946460488943,23.0,0.0,0.0,0.0,0.0,0.0,0.0,0.0,0.8,0,0,0.25,0.4,37.15,0.0
A18,31,2023-08-07,4.777141975096122,-0.2868312106763389,0.4775274726358161,24.0,9.0,0.0,0.0,0.0,1.0,0.0,0.0,0.8,0,0,0.25,0.4,37.15,1.0
A18,32,2023-08-14,4.540968455647652,-0.6047620657463026,0.47036456054627884,25.0,4.0,4.0,0.0,0.0,0.0,0.0,0.0,0.8,0,0,0.25,0.4,37.15,1.0
A18,33,2023-08-21,4.646013899016164,-0.7110275035102118,0.46330909213808463,26.0,38.0,0.0,0.0,0.0,0.0,0.0,0.0,0.8,0,0,0.25,0.4,37.15,1.0
A18,34,2023-08-28,5.86444602619748,0.039885709337666775,0.45635945575601333,27.0,27.0,0.0,0.0,1.0,0.0,0.0,0.0,0.8,0,0,0.25,0.4,37.15,2.0
A18,35,2023-09-04,5.884841312335166,-0.8776311429267905,0.44951406391967313,28.0,0.0,0.0,0.0,0.0,0.0,0.0,0.0,0.8,0,0,0.25,0.4,37.15,1.0
A18,36,2023-09-11,6.131309747628534,-2.3474283478164493,0.44277135296087805,29.0,43.0,0.0,0.0,1.0,0.0,0.0,1.0,0.8,0,0,0.25,0.4,37.15,1.0
A18,37,2023-09-18,15.304553419604865,3.9659185688908973,0.43612978266646485,30.0,24.0,24.0,0.0,0.0,1.0,0.0,2.0,0.8,0,0,0.25,0.4,37.15,1.0
A18,38,2023-09-25,21.252477311676344,5.5907268524451865,0.4295878359264679,31.0,21.0,9.0,0.0,0.0,1.0,1.0,2.0,0.8,0,0,0.25,0.4,37.15,1.0
A18,39,2023-10-02,48.86244540022512,27.30787027227931,0.4231440183875709,32.0,12.0,0.0,0.0,1.0,0.0,0.0,5.0,0.8,0,0,0.25,0.4,37.15,2.0
A18,40,2023-10-09,28.420278404325938,-0.3078807313576668,0.4167968581117573,33.0,21.0,21.0,0.0,5.0,1.0,0.0,12.0,0.8,0,0,0.25,0.4,37.15,2.0
A18,41,2023-10-16,50.46207699905183,14.066642316036848,0.41054490524008097,34.0,16.0,0.0,0.0,7.0,1.0,0.0,17.0,0.8,0,0,0.25,0.4,37.15,3.0
A18,42,2023-10-23,60.45010024705778,17.103629741900264,0.40438673166147976,35.0,29.0,0.0,0.0,6.0,4.0,0.0,18.0,0.8,0,0,0.25,0.4,37.15,2.0
A18,43,2023-10-30,55.16872313162723,6.93319836950441,0.39832093068655755,36.0,53.0,3.0,0.0,4.0,3.0,0.0,24.0,0.8,0,0,0.25,0.4,37.15,1.0
A18,44,2023-11-06,81.10002852159182,31.1000285215517,0.3923461167262592,37.0,42.0,10.0,10.0,5.0,1.0,0.0,15.0,0.8,0,0,0.25,0.4,37.15,1.0
A18,45,2023-11-13,79.0886633918449,30.85313862998475,0.38646092497536527,38.0,10.0,10.0,0.0,3.0,0.0,0.0,12.0,0.8,0,0,0.25,0.4,37.15,0.0
A18,46,2023-11-20,60.7618859110781,17.415415407597862,0.3806640111007348,39.0,56.0,0.0,0.0,2.0,2.0,0.0,7.0,0.8,0,0,0.25,0.4,37.15,0.0
A18,47,2023-11-27,41.600533855853094,5.205099182656603,0.37495405093422374,40.0,47.0,0.0,0.0,1.0,0.0,0.0,2.0,0.8,0,0,0.25,0.4,37.15,0.0
A18,48,2023-12-04,31.686344263856476,2.95818518191928,0.7450215227819914,0.0,20.0,3.0,0.0,0.0,0.0,0.0,1.0,0.8,0,0,0.25,0.4,37.15,1.0
A18,49,2023-12-11,16.69347243578837,-4.861102416926535,0.7338461999402616,1.0,23.0,13.0,0.0,0.0,0.0,0.0,0.0,0.8,0,0,0.25,0.4,37.15,2.0
A18,50,2023-12-18,14.765504864371378,-0.8962442763241008,0.7228385069411576,2.0,20.0,0.0,0.0,0.0,0.0,0.0,0.0,0.8,0,0,0.25,0.4,37.15,2.0
A18,51,2023-12-25,11.400489628019102,0.06186068657207677,0.7119959293370403,3.0,22.0,22.0,0.0,0.0,0.0,0.0,0.0,0.8,0,0,0.25,0.4,37.15,2.0
A18,52,2024-01-01,3.3962194280150038,-1.6369656341938659,0.7013159903969847,4.0,37.0,17.0,17.0,1.0,0.0,0.0,0.0,0.8,0,0,0.25,0.4,37.15,1.0
A18,53,2024-01-08,5.934071721218294,0.8468226856056793,0.6907962505410299,5.0,29.0,21.0,0.0,0.0,0.0,0.0,0.0,0.8,0,0,0.25,0.4,37.15,0.0
A18,54,2024-01-15,7.927056284542974,2.712458285104743,0.6804343067829144,6.0,0.0,0.0,0.0,0.0,0.0,0.0,0.0,0.8,0,0,0.25,0.4,37.15,0.0
A18,55,2024-01-22,3.9980053320750373,-1.4957794908661648,0.6702277921811707,7.0,43.0,20.0,0.0,0.0,1.0,0.0,0.0,0.8,0,0,0.25,0.4,37.15,0.0
A18,56,2024-01-29,6.6952245963304975,0.6323137469026143,0.6601743752984531,8.0,72.0,30.0,0.0,0.0,0.0,0.0,0.0,0.8,0,0,0.25,0.4,37.15,0.0
A18,57,2024-02-05,4.972065982441599,-2.168373618393545,0.6502717596689763,9.0,45.0,2.0,0.0,0.0,0.0,0.0,0.0,0.8,0,0,0.25,0.4,37.15,0.0
A18,58,2024-02-12,8.118031411203374,-0.9142993531816117,0.6405176832739417,10.0,9.0,0.0,0.0,0.0,0.0,0.0,0.0,0.8,0,0,0.25,0.4,37.15,0.0
A18,59,2024-02-19,9.507946763286437,-2.5985629775417856,0.6309099180248325,11.0,37.0,0.0,0.0,0.0,0.0,0.0,0.0,0.8,0,0,0.25,0.4,37.15,0.0
A18,60,2024-02-26,20.636656398104524,3.920002627963381,0.62144626925446,12.0,72.0,39.0,0.0,0.0,0.0,0.0,0.0,0.8,0,0,0.25,0.4,37.15,0.0
A18,61,2024-03-04,18.192853423053503,-4.878799291678622,0.6121245752156431,13.0,24.0,0.0,0.0,0.0,0.0,0.0,0.0,0.8,0,0,0.25,0.4,37.15,0.0
A18,62,2024-03-11,44.2791319041297,13.203239393705008,0.6029427065874085,14.0,0.0,0.0,0.0,0.0,0.0,0.0,0.0,0.8,0,0,0.25,0.4,37.15,0.0
A18,63,2024-03-18,36.88607860314174,-3.31269456746017,0.5938985659885974,15.0,25.0,0.0,0.0,0.0,0.0,0.0,0.0,0.8,0,0,0.25,0.4,37.15,0.0
A18,64,2024-03-25,39.3927749527563,-10.056318288146777,0.5849900874987684,16.0,2.0,2.0,0.0,1.0,0.0,0.0,0.0,0.8,0,0,0.25,0.4,37.15,0.0
A18,65,2024-04-01,37.08857402010732,-20.421825122469528,0.5762152361862868,17.0,3.0,0.0,0.0,0.0,0.0,0.0,0.0,0.8,0,0,0.25,0.4,37.15,0.0
A18,66,2024-04-08,68.87404753173045,5.841081502810091,0.5675720076434925,18.0,14.0,14.0,0.0,0.0,0.0,0.0,0.0,0.8,0,0,0.25,0.4,37.15,0.0
A18,67,2024-04-15,88.91792121508689,23.91792121508678,0.55905842752884,19.0,0.0,0.0,0.0,0.0,0.0,0.0,0.0,0.8,0,0,0.25,0.4,37.15,0.0
A18,68,2024-04-22,69.36069132492275,6.327725296001319,0.5506725511159074,20.0,4.0,0.0,0.0,0.0,1.0,0.0,0.0,0.8,0,0,0.25,0.4,37.15,1.0
A18,69,2024-04-29,125.90867837199639,68.39827922940978,0.5424124628491688,21.0,40.0,0.0,0.0,0.0,0.0,0.0,0.0,0.8,0,0,0.25,0.4,37.15,1.0
A18,70,2024-05-06,81.56247813001136,32.11338488902702,0.5342762759064312,22.0,11.0,0.0,0.0,0.0,0.0,0.0,0.0,0.8,0,0,0.25,0.4,37.15,1.0
A18,71,2024-05-13,36.09671122468911,-4.102061946537759,0.5262621317678348,23.0,0.0,0.0,0.0,0.0,0.0,0.0,0.0,0.8,0,0,0.25,0.4,37.15,1.0
A18,72,2024-05-20,27.80241135898533,-3.273481155876137,0.5183681997913172,24.0,41.0,0.0,0.0,0.0,0.0,0.0,0.0,0.8,0,0,0.25,0.4,37.15,0.0
A18,73,2024-05-27,27.194059856683545,4.122407112874978,0.5105926767944474,25.0,13.0,0.0,0.0,0.0,0.0,0.0,0.0,0.8,0,0,0.25,0.4,37.15,1.0
A18,74,2024-06-03,12.46716953082444,-4.249484415218932,0.5029337866425307,26.0,31.0,29.0,0.0,1.0,0.0,0.0,0.0,0.8,0,0,0.25,0.4,37.15,1.0
A18,75,2024-06-10,18.209515579153276,6.1030048559940475,0.4953897798428928,27.0,32.0,8.0,0.0,1.0,0.0,0.0,0.0,0.8,0,0,0.25,0.4,37.15,1.0
A18,76,2024-06-17,10.250958268995861,1.218622440528014,0.4879589331452494,28.0,19.0,4.0,0.0,0.0,0.0,0.0,0.0,0.8,0,0,0.25,0.4,37.15,1.0
A18,77,2024-06-24,7.811041713809195,0.6705780139089397,0.48063954914807067,29.0,40.0,0.0,0.0,0.0,0.0,0.0,0.0,0.8,0,0,0.25,0.4,37.15,0.0
A18,78,2024-07-01,7.710949006494568,1.6479322911826841,0.4734299559108496,30.0,0.0,0.0,0.0,0.0,0.0,0.0,0.0,0.8,0,0,0.25,0.4,37.15,1.0
A18,79,2024-07-08,10.04109348706924,4.546879356798749,0.46632850657218683,31.0,7.0,7.0,7.0,0.0,0.0,0.0,0.0,0.8,0,0,0.25,0.4,37.15,1.0
A18,80,2024-07-15,5.537839895448551,0.3216348177764461,0.459333578973604,32.0,60.0,24.0,0.0,0.0,0.0,0.0,0.0,0.8,0,0,0.25,0.4,37.15,2.0
A18,81,2024-07-22,4.895244061439996,-0.19755841535651975,0.4524435752889999,33.0,8.0,0.0,0.0,0.0,0.0,0.0,0.0,0.8,0,0,0.25,0.4,37.15,2.0
A18,82,2024-07-29,8.564436570726686,3.513536401688338,0.4456569216596649,34.0,24.0,0.0,0.0,1.0,0.0,0.0,2.0,0.8,0,0,0.25,0.4,37.15,1.0
A18,83,2024-08-05,7.104966420478514,2.040993234706053,0.43897206783476994,35.0,8.0,0.0,0.0,2.0,1.0,1.0,4.0,0.8,0,0,0.25,0.4,37.15,1.0
A18,84,2024-08-12,4.598933375598617,-0.5467971457953382,0.8212065478144273,0.0,16.0,0.0,0.0,2.0,0.0,0.0,5.0,0.8,0,0,0.25,0.4,37.15,0.0
A18,85,2024-08-19,5.366774641087984,0.00973323856160846,0.8088884495972108,1.0,44.0,0.0,0.0,5.0,0.0,0.0,8.0,0.8,0,0,0.25,0.4,37.15,1.0
A18,86,2024-08-26,6.236797535006142,0.41223721814632874,0.7967551228532527,2.0,44.0,44.0,44.0,3.0,0.0,0.0,8.0,0.8,0,0,0.25,0.4,37.15,2.0
A18,87,2024-09-02,7.6754206640310265,0.9129482087690697,0.7848037960104539,3.0,12.0,0.0,0.0,3.0,2.0,0.0,8.0,0.8,0,0,0.25,0.4,37.15,2.0
A18,88,2024-09-09,5.273802721657843,-3.2049353737871407,0.7730317390702971,4.0,37.0,22.0,0.0,0.0,1.0,0.0,10.0,0.8,0,0,0.25,0.4,37.15,2.0
A18,89,2024-09-16,6.608431242693488,-4.73020360802048,0.7614362629842426,5.0,54.0,0.0,0.0,4.0,0.0,0.0,7.0,0.8,0,0,0.25,0.4,37.15,2.0
A18,90,2024-09-23,11.480327927776974,-4.181422531454183,0.7500147190394789,6.0,49.0,3.0,0.0,2.0,0.0,0.0,7.0,0.8,0,0,0.25,0.4,37.15,2.0
A18,91,2024-09-30,15.377872751784528,-6.176702376161282,0.7387644982538867,7.0,0.0,0.0,0.0,3.0,1.0,0.0,5.0,0.8,0,0,0.25,0.4,37.15,2.0
A18,92,2024-10-07,22.93213934362506,-5.796019792058544,0.7276830307800783,8.0,20.0,0.0,0.0,1.0,1.0,0.0,6.0,0.8,0,0,0.25,0.4,37.15,2.0
A18,93,2024-10-14,45.44905692630994,9.05362224329496,0.7167677853183771,9.0,10.0,0.0,0.0,0.0,1.0,1.0,5.0,0.8,0,0,0.25,0.4,37.15,1.0
A18,94,2024-10-21,40.85789524294393,-2.488575262213587,0.7060162685386014,10.0,12.0,7.0,0.0,0.0,0.0,0.0,2.0,0.8,0,0,0.25,0.4,37.15,0.0
A18,95,2024-10-28,51.667754847712914,3.432230085590092,0.6954260245105224,11.0,32.0,24.0,0.0,1.0,0.0,0.0,1.0,0.8,0,0,0.25,0.4,37.15,0.0
A18,96,2024-11-04,32.57407777907792,-17.425922220962207,0.6849946341428645,12.0,64.0,24.0,0.0,1.0,0.0,0.0,1.0,0.8,0,0,0.25,0.4,37.15,1.0
A18,97,2024-11-11,41.038925010436564,-7.196599751423591,0.6747197146307216,13.0,50.0,0.0,0.0,1.0,0.0,0.0,1.0,0.8,0,0,0.25,0.4,37.15,1.0
A18,98,2024-11-18,53.23762924315332,9.891158739673081,0.6645989189112608,14.0,0.0,0.0,0.0,0.0,0.0,0.0,2.0,0.8,0,0,0.25,0.4,37.15,1.0
A18,99,2024-11-25,44.82099670479099,8.425562031594502,0.6546299351275918,15.0,38.0,24.0,7.0,0.0,0.0,0.0,3.0,0.8,0,0,0.25,0.4,37.15,1.0
A18,100,2024-12-02,22.29309422649976,-6.435064855437435,0.6448104861006779,16.0,2.0,0.0,0.0,1.0,1.0,0.0,2.0,0.8,0,0,0.25,0.4,37.15,0.0
A18,101,2024-12-09,22.80933585329683,1.2547610005819259,0.6351383288091678,17.0,8.0,8.0,0.0,1.0,0.0,0.0,1.0,0.8,0,0,0.25,0.4,37.15,0.0
A18,102,2024-12-16,33.81207975535047,18.15033061465499,0.6256112538770302,18.0,18.0,0.0,0.0,0.0,0.0,0.0,0.0,0.8,0,0,0.25,0.4,37.15,0.0
A18,103,2024-12-23,11.269005838989516,-0.06962310245750913,0.6162270850688747,19.0,0.0,0.0,0.0,0.0,0.0,0.0,0.0,0.8,0,0,0.25,0.4,37.15,0.0
A18,104,2024-12-30,3.9489020005621747,-1.084283061646695,0.6069836787928415,20.0,28.0,0.0,0.0,1.0,0.0,0.0,0.0,0.8,0,0,0.25,0.4,37.15,0.0
A18,105,2025-01-06,3.1116012577804226,-1.9756477778321924,0.597878923610949,21.0,45.0,0.0,0.0,1.0,0.0,0.0,0.0,0.8,0,0,0.25,0.4,37.15,0.0
A18,106,2025-01-13,3.5006234163280405,-1.7139745831101907,0.5889107397567848,22.0,38.0,0.0,0.0,1.0,0.0,0.0,0.0,0.8,0,0,0.25,0.4,37.15,0.0
A18,107,2025-01-20,3.3869356405270405,-2.1068491824141615,0.580077078660433,23.0,11.0,11.0,0.0,0.0,0.0,0.0,0.0,0.8,0,0,0.25,0.4,37.15,0.0
A18,108,2025-01-27,3.897880569177876,-2.165030280250007,0.5713759224805265,24.0,9.0,6.0,0.0,0.0,0.0,0.0,0.0,0.8,0,0,0.25,0.4,37.15,0.0
A18,109,2025-02-03,2.800463805206756,-4.339975795628388,0.5628052836433186,25.0,22.0,0.0,0.0,0.0,0.0,0.0,0.0,0.8,0,0,0.25,0.4,37.15,0.0
A18,110,2025-02-10,4.191702035577494,-4.840628728807491,0.5543632043886688,26.0,60.0,0.0,0.0,0.0,0.0,0.0,0.0,0.8,0,0,0.25,0.4,37.15,0.0
A18,111,2025-02-17,7.468491621910805,-4.638018118917418,0.5460477563228388,27.0,30.0,0.0,0.0,0.0,0.0,0.0,0.0,0.8,0,0,0.25,0.4,37.15,0.0
A18,112,2025-02-24,10.255136978362815,-6.461516791778328,0.5378570399779962,28.0,0.0,0.0,0.0,0.0,0.0,0.0,0.0,0.8,0,0,0.25,0.4,37.15,0.0
A18,113,2025-03-03,12.300692313642426,-10.770960401089699,0.5297891843783262,29.0,0.0,0.0,0.0,1.0,0.0,0.0,0.0,0.8,0,0,0.25,0.4,37.15,0.0
A18,114,2025-03-10,18.98586370906423,-12.09002880136046,0.5218423466126513,30.0,30.0,0.0,0.0,0.0,0.0,0.0,0.0,0.8,0,0,0.25,0.4,37.15,0.0
A18,115,2025-03-17,26.693197570817173,-13.505575599784738,0.5140147114134614,31.0,17.0,0.0,0.0,1.0,0.0,0.0,0.0,0.8,0,0,0.25,0.4,37.15,0.0
A18,116,2025-03-24,43.87986306376581,-5.569230177137264,0.5063044907422595,32.0,37.0,17.0,0.0,0.0,0.0,0.0,0.0,0.8,0,0,0.25,0.4,37.15,0.0
A18,117,2025-03-31,36.105989390923064,-21.404409751653787,0.4987099233811256,33.0,35.0,24.0,0.0,0.0,1.0,0.0,0.0,0.8,0,0,0.25,0.4,37.15,1.0
A18,118,2025-04-07,47.11356979579519,-15.91939623312517,0.4912292745304087,34.0,34.0,12.0,0.0,0.0,0.0,0.0,0.0,0.8,0,0,0.25,0.4,37.15,1.0
A18,119,2025-04-14,34.95439627424624,-30.04560372575387,0.48386083541245256,35.0,26.0,18.0,9.0,0.0,0.0,0.0,0.0,0.8,0,0,0.25,0.4,37.15,2.0
A18,120,2025-04-21,50.05430154387407,-12.978664485047368,0.47660292288126577,36.0,0.0,0.0,0.0,0.0,1.0,0.0,0.0,0.8,0,0,0.25,0.4,37.15,2.0
A18,121,2025-04-28,42.63555263771026,-14.874846504876345,0.46945387903804675,37.0,37.0,0.0,0.0,1.0,0.0,0.0,0.0,0.8,0,0,0.25,0.4,37.15,1.0
A18,122,2025-05-05,43.518962212142625,-5.930131028841714,0.46241207085247604,38.0,29.0,0.0,0.0,0.0,0.0,0.0,0.0,0.8,0,0,0.25,0.4,37.15,1.0
A18,123,2025-05-12,33.540870924318284,-6.657902246908584,0.4554758897896889,39.0,35.0,0.0,0.0,0.0,0.0,0.0,0.0,0.8,0,0,0.25,0.4,37.15,0.0
A18,124,2025-05-19,24.82141801799519,-6.25447449686628,0.4486437514428436,40.0,59.0,23.0,23.0,0.0,0.0,0.0,1.0,0.8,0,0,0.25,0.4,37.15,0.0
A18,125,2025-05-26,14.488796576575645,-8.582856167232922,0.4419140951712009,41.0,48.0,24.0,0.0,0.0,0.0,0.0,1.0,0.8,0,0,0.25,0.4,37.15,0.0
A18,126,2025-06-02,11.838433064330044,-4.878220881713329,0.43528538374363285,42.0,28.0,28.0,0.0,3.0,0.0,0.0,3.0,0.8,0,0,0.25,0.4,37.15,1.0
A18,127,2025-06-09,11.417971860478927,-0.6885388626803017,0.42875610298747835,43.0,17.0,0.0,0.0,1.0,0.0,0.0,5.0,0.8,0,0,0.25,0.4,37.15,1.0
A18,128,2025-06-16,4.673003407205584,-4.359332421262263,0.4223247614426662,44.0,3.0,0.0,0.0,3.0,1.0,1.0,7.0,0.8,0,0,0.25,0.4,37.15,1.0
A18,129,2025-06-23,3.7249449737322196,-3.415518726168036,0.41598989002102615,45.0,0.0,0.0,0.0,2.0,0.0,0.0,11.0,0.8,0,0,0.25,0.4,37.15,2.0
A18,130,2025-06-30,4.199332387147249,-1.8636843281646343,0.4097500416707108,46.0,54.0,8.0,8.0,6.0,3.0,0.0,15.0,0.8,0,0,0.25,0.4,37.15,2.0
A18,131,2025-07-07,4.129930330527461,-1.3642837997430295,0.4036037910456501,47.0,69.0,16.0,0.0,5.0,3.0,0.0,20.0,0.8,0,0,0.25,0.4,37.15,2.0
A18,132,2025-07-14,2.540980296443134,-2.675224781228971,0.3975497341799653,48.0,64.0,24.0,0.0,8.0,3.0,0.0,23.0,0.8,0,0,0.25,0.4,37.15,2.0
A18,133,2025-07-21,3.224824243397776,-1.8679782333987398,0.3915864881672658,49.0,47.0,0.0,0.0,4.0,2.0,0.0,17.0,0.8,0,0,0.25,0.4,37.15,1.0
A18,134,2025-07-28,3.176830468166771,-1.8740697008715772,0.38571269084475684,50.0,3.0,0.0,0.0,1.0,0.0,0.0,6.0,0.8,0,0,0.25,0.4,37.15,1.0
A18,135,2025-08-04,1.5159168435945851,-3.548056342177876,0.3799270004820855,51.0,41.0,41.0,5.0,0.0,0.0,0.0,3.0,0.8,0,0,0.25,0.4,37.15,1.0
A18,136,2025-08-11,3.097286896289743,-2.048443625104212,0.3742280954748542,52.0,3.0,0.0,0.0,0.0,0.0,0.0,1.0,0.8,0,0,0.25,0.4,37.15,1.0
A18,137,2025-08-18,3.295532251392552,-2.0615091511338237,0.36861467404273135,53.0,23.0,0.0,0.0,0.0,0.0,0.0,0.0,0.8,0,0,0.25,0.4,37.15,1.0
A18,138,2025-08-25,3.579410308103452,-2.245150008756361,0.36308545393209035,54.0,28.0,14.0,0.0,1.0,0.0,0.0,0.0,0.8,0,0,0.25,0.4,37.15,0.0
A18,139,2025-09-01,7.215097105816203,0.45262465055424617,0.357639172123109,55.0,45.0,4.0,0.0,0.0,0.0,0.0,1.0,0.8,0,0,0.25,0.4,37.15,0.0
A18,140,2025-09-08,3.6011358466642434,-4.87760224878074,0.3522745845412623,56.0,45.0,0.0,0.0,1.0,0.0,0.0,1.0,0.8,0,0,0.25,0.4,37.15,0.0
A18,141,2025-09-15,5.522414044015658,-5.816220806698309,0.34699046577314335,57.0,46.0,9.0,0.0,0.0,0.0,0.0,1.0,0.8,0,0,0.25,0.4,37.15,0.0
A18,142,2025-09-22,4.08029797083781,-11.581452488393348,0.3417856087865462,58.0,41.0,0.0,0.0,1.0,0.0,0.0,1.0,0.8,0,0,0.25,0.4,37.15,1.0
A18,143,2025-09-29,11.840008503826565,-9.714566624119245,0.336658824654748,59.0,18.0,0.0,0.0,1.0,0.0,1.0,0.0,0.8,0,0,0.25,0.4,37.15,1.0
A18,144,2025-10-06,16.258561576310196,-12.469597559373408,0.33160894228492677,60.0,10.0,0.0,0.0,1.0,0.0,0.0,0.0,0.8,0,0,0.25,0.4,37.15,1.0
A18,145,2025-10-13,19.78983492352438,-16.6055997594906,0.3266348081506529,61.0,24.0,0.0,0.0,1.0,0.0,0.0,0.0,0.8,0,0,0.25,0.4,37.15,1.0
A18,146,2025-10-20,41.51809822888062,-1.8283722762769017,0.3217352860283931,62.0,15.0,0.0,0.0,0.0,0.0,0.0,0.0,0.8,0,0,0.25,0.4,37.15,0.0
A18,147,2025-10-27,42.37374694186322,-5.861777820259604,0.31690925673796716,63.0,5.0,0.0,0.0,0.0,0.0,0.0,0.0,0.8,0,0,0.25,0.4,37.15,0.0
A18,148,2025-11-03,33.39779710375221,-16.602202896287913,0.31215561788689766,64.0,37.0,0.0,0.0,1.0,0.0,0.0,0.0,0.8,0,0,0.25,0.4,37.15,0.0
A18,149,2025-11-10,27.538865367306087,-20.696659394554068,0.3074732836185942,65.0,0.0,0.0,0.0,0.0,0.0,0.0,0.0,0.8,0,0,0.25,0.4,37.15,0.0
A18,150,2025-11-17,40.35070025353493,-2.995770249945309,0.3028611843643153,66.0,19.0,0.0,0.0,0.0,0.0,0.0,0.0,0.8,0,0,0.25,0.4,37.15,0.0
A18,151,2025-11-24,23.494002567285573,-12.901432105910917,0.2983182665988506,67.0,14.0,14.0,0.0,0.0,0.0,0.0,0.0,0.8,0,0,0.25,0.4,37.15,0.0
A18,152,2025-12-01,14.023021398724513,-14.705137683212683,0.2938434925998678,68.0,62.0,35.0,0.0,0.0,0.0,0.0,0.0,0.8,0,0,0.25,0.4,37.15,0.0
A18,153,2025-12-08,7.6838300782887,-13.870744774426203,0.28943584021086977,69.0,54.0,12.0,0.0,0.0,0.0,0.0,0.0,0.8,0,0,0.25,0.4,37.15,0.0
A18,154,2025-12-15,8.723132370142483,-6.938616770552995,0.28509430260770674,70.0,30.0,0.0,0.0,2.0,0.0,0.0,0.0,0.8,0,0,0.25,0.4,37.15,0.0
A18,155,2025-12-22,9.598028725298802,-1.7406002161482235,0.28081788806859115,71.0,19.0,0.0,0.0,0.0,0.0,0.0,0.0,0.8,0,0,0.25,0.4,37.15,0.0
A19,0,2023-01-02,6.9785273209323755,4.461934789827941,0.21499069073615873,99.0,71.0,41.0,0.0,0.0,0.0,0.0,0.0,0.8,1,0,0.4,0.35,37.58,0.0
A19,1,2023-01-09,3.2488374084361746,0.7052128906298671,0.21176583037511634,99.0,37.0,37.0,0.0,0.0,0.0,0.0,0.0,0.8,1,0,0.4,0.35,37.58,0.0
A19,2,2023-01-16,2.4932421717192037,-0.1140568279999119,0.2085893429194896,99.0,80.0,31.0,0.0,0.0,0.0,0.0,0.0,0.8,1,0,0.4,0.35,37.58,0.0
A19,3,2023-01-23,2.2679491589667324,-0.4789432525038686,0.20546050277569725,99.0,106.0,82.0,0.0,1.0,0.0,0.0,0.0,0.8,1,0,0.4,0.35,37.58,0.0
A19,4,2023-01-30,4.5968468791571055,1.565391454443164,0.2023785952340618,99.0,17.0,0.0,0.0,0.0,0.0,0.0,0.0,0.8,1,0,0.4,0.35,37.58,0.0
A19,5,2023-02-06,2.406455927424168,-1.1637638729934041,0.19934291630555087,99.0,44.0,8.0,0.0,1.0,0.0,0.0,0.0,0.8,1,0,0.4,0.35,37.58,0.0
A19,6,2023-02-13,6.844378126263803,2.32821274407131,0.19635277256096761,99.0,0.0,0.0,0.0,0.0,0.0,0.0,0.0,0.8,1,0,0.4,0.35,37.58,0.0
A19,7,2023-02-20,10.0738074742792,4.020552603865088,0.1934074809725531,99.0,10.0,0.0,0.0,0.0,0.0,0.0,0.0,0.8,1,0,0.4,0.35,37.58,0.0
A19,8,2023-02-27,12.171530189506292,3.8132033044357208,0.19050636875796478,99.0,23.0,6.0,0.0,0.0,0.0,0.0,0.0,0.8,1,0,0.4,0.35,37.58,0.0
A19,9,2023-03-06,13.352711786934739,1.8168854295686767,0.18764877322659532,99.0,24.0,3.0,0.0,0.0,0.0,0.0,0.0,0.8,1,0,0.4,0.35,37.58,0.0
A19,10,2023-03-13,23.668805502909045,8.1308592476967,0.1848340416281964,99.0,12.0,0.0,0.0,1.0,0.0,0.0,0.0,0.8,1,0,0.4,0.35,37.58,0.0
A19,11,2023-03-20,26.673252323962274,6.573865738661318,0.5324110519481094,0.0,49.0,32.0,0.0,1.0,0.0,0.0,0.0,0.8,1,0,0.4,0.35,37.58,0.0
A19,12,2023-03-27,23.537543618150906,-1.1870030023006315,0.5244248861688878,1.0,38.0,7.0,0.0,0.0,0.0,0.0,0.0,0.8,1,0,0.4,0.35,37.58,0.0
A19,13,2023-04-03,68.69019518046125,39.934995609172816,0.5165585128763545,2.0,56.0,36.0,0.0,0.0,0.0,0.0,0.0,0.8,1,0,0.4,0.35,37.58,0.0
A19,14,2023-04-10,34.833042998275275,3.316559983815093,0.5088101351832092,3.0,0.0,0.0,0.0,1.0,0.0,0.0,0.0,0.8,1,0,0.4,0.35,37.58,0.0
A19,15,2023-04-17,53.297900801415146,20.79790080141509,0.501177983155461,4.0,27.0,0.0,0.0,0.0,0.0,0.0,0.0,0.8,1,0,0.4,0.35,37.58,0.0
A19,16,2023-04-24,16.897053061157266,-14.619429953303452,0.4936603134081291,5.0,35.0,35.0,0.0,0.0,0.0,0.0,0.0,0.8,1,0,0.4,0.35,37.58,0.0
A19,17,2023-05-01,56.189334754133824,27.43413518284052,0.4862554087070072,6.0,30.0,30.0,0.0,0.0,0.0,0.0,0.0,0.8,1,0,0.4,0.35,37.58,0.0
A19,18,2023-05-08,51.67672064233991,26.95217402184774,0.47896157757640206,7.0,55.0,39.0,0.0,0.0,0.0,0.0,0.0,0.8,1,0,0.4,0.35,37.58,0.0
A19,19,2023-05-15,25.38795054003432,5.288563954420887,0.47177715391275604,8.0,26.0,18.0,0.0,0.0,0.0,0.0,0.0,0.8,1,0,0.4,0.35,37.58,0.0
A19,20,2023-05-22,23.617751021127408,8.079804763696673,0.4647004966040647,9.0,21.0,0.0,0.0,0.0,0.0,0.0,0.0,0.8,1,0,0.4,0.35,37.58,0.0
A19,21,2023-05-29,17.532939946755395,5.997113574851111,0.45772998915500374,10.0,31.0,0.0,0.0,0.0,0.0,0.0,0.0,0.8,1,0,0.4,0.35,37.58,0.0
A19,22,2023-06-05,8.343039397783766,-0.015287575237920237,0.45086403931767866,11.0,32.0,15.0,0.0,0.0,0.0,0.0,0.0,0.8,1,0,0.4,0.35,37.58,0.0
A19,23,2023-06-12,9.16353995356971,3.110284591990096,0.4441010787279135,12.0,67.0,67.0,0.0,1.0,0.0,0.0,0.0,0.8,1,0,0.4,0.35,37.58,0.0
A19,24,2023-06-19,4.253689459756196,-0.2624784544777272,0.4374395625469948,13.0,26.0,0.0,0.0,0.0,0.0,0.0,0.0,0.8,1,0,0.4,0.35,37.58,0.0
A19,25,2023-06-26,3.606396829331786,0.0361649793816583,0.43087796910878984,14.0,64.0,64.0,0.0,0.0,0.0,0.0,0.0,0.8,1,0,0.4,0.35,37.58,0.0
A19,26,2023-07-03,5.621699132202073,2.590190774546131,0.424414799572158,15.0,0.0,0.0,0.0,0.0,1.0,0.0,0.0,0.8,1,0,0.4,0.35,37.58,0.0
A19,27,2023-07-10,4.829882424950572,2.0827753598153267,0.4180485775785756,16.0,41.0,41.0,0.0,0.0,0.0,0.0,0.0,0.8,1,0,0.4,0.35,37.58,0.0
A19,28,2023-07-17,2.546029497537077,-0.06207304129897517,0.411777848914897,17.0,8.0,0.0,0.0,0.0,0.0,0.0,0.0,0.8,1,0,0.4,0.35,37.58,0.0
A19,29,2023-07-24,2.462243470958235,-0.0841577674400229,0.40560118118117355,18.0,32.0,15.0,0.0,0.0,0.0,0.0,0.0,0.8,1,0,0.4,0.35,37.58,0.0
A19,30,2023-07-31,2.518350285638365,-0.007099798880809249,0.39951716346345595,19.0,6.0,0.0,0.0,0.0,0.0,0.0,0.0,0.8,1,0,0.4,0.35,37.58,0.0
A19,31,2023-08-07,4.090108953822953,1.5581223609367223,0.3935244060115041,20.0,40.0,40.0,0.0,0.0,0.0,0.0,0.0,0.8,1,0,0.4,0.35,37.58,0.0
A19,32,2023-08-14,2.266346454232826,-0.3065188064641515,0.3876215399213316,21.0,50.0,21.0,0.0,0.0,0.0,0.0,0.0,0.8,1,0,0.4,0.35,37.58,0.0
A19,33,2023-08-21,3.7933807500437853,1.1148600487805975,0.3818072168225116,22.0,0.0,0.0,0.0,0.0,0.0,0.0,0.0,0.8,1,0,0.4,0.35,37.58,0.0
A19,34,2023-08-28,4.727877021076852,1.8155968626469452,0.37608010857017393,23.0,0.0,0.0,0.0,0.0,0.0,0.0,0.0,0.8,1,0,0.4,0.35,37.58,0.0
A19,35,2023-09-04,4.097999935826266,0.7167637081952876,0.3704389069416213,24.0,58.0,0.0,0.0,0.0,0.0,0.0,0.0,0.8,1,0,0.4,0.35,37.58,0.0
A19,36,2023-09-11,7.546472940343186,3.3071038926206944,0.6688193702324501,0.0,38.0,14.0,0.0,0.0,0.0,0.0,0.0,0.8,1,0,0.4,0.35,37.58,0.0
A19,37,2023-09-18,6.370664103081876,0.7013466777248922,0.6587870796789633,1.0,23.0,23.0,0.0,1.0,0.0,0.0,0.0,0.8,1,0,0.4,0.35,37.58,0.0
A19,38,2023-09-25,9.082671557464565,1.2517963278489859,0.6489052734837789,2.0,0.0,0.0,0.0,1.0,0.0,0.0,1.0,0.8,1,0,0.4,0.35,37.58,2.0
A19,39,2023-10-02,9.569187362840776,-1.2081002011321296,0.6391716943815222,3.0,91.0,51.0,28.0,0.0,0.0,1.0,1.0,0.8,1,0,0.4,0.35,37.58,2.0
A19,40,2023-10-09,25.633144951565946,11.269065383724143,0.6295841189657994,4.0,43.0,23.0,23.0,0.0,0.0,0.0,1.0,0.8,1,0,0.4,0.35,37.58,2.0
A19,41,2023-10-16,17.3945608111626,-0.8031565303448929,0.6201403571813123,5.0,23.0,0.0,0.0,1.0,0.0,0.0,3.0,0.8,1,0,0.4,0.35,37.58,3.0
A19,42,2023-10-23,30.619644750986538,8.946409498407778,0.6108382518235926,6.0,16.0,8.0,0.0,3.0,0.0,0.0,3.0,0.8,1,0,0.4,0.35,37.58,1.0
A19,43,2023-10-30,29.40402368765913,5.286261306597719,0.6016756780462388,7.0,22.0,22.0,22.0,3.0,1.0,0.0,5.0,0.8,1,0,0.4,0.35,37.58,1.0
A19,44,2023-11-06,21.61841081292174,-3.381589187098321,0.5926505428755452,8.0,33.0,13.0,0.0,3.0,1.0,0.0,6.0,0.8,1,0,0.4,0.35,37.58,1.0
A19,45,2023-11-13,24.359113444002876,0.2413510630727984,0.583760784732412,9.0,3.0,0.0,0.0,4.0,0.0,0.0,8.0,0.8,1,0,0.4,0.35,37.58,0.0
A19,46,2023-11-20,43.95766166231158,22.28442641057146,0.5750043729614258,10.0,0.0,0.0,0.0,5.0,1.0,0.0,12.0,0.8,1,0,0.4,0.35,37.58,0.0
A19,47,2023-11-27,24.410658394965765,6.2129410583675195,0.5663793073670044,11.0,3.0,3.0,0.0,5.0,2.0,0.0,13.0,0.8,1,0,0.4,0.35,37.58,0.0
A19,48,2023-12-04,12.612287607626014,-1.7517919333425844,0.5578836177564993,12.0,35.0,17.0,0.0,3.0,2.0,0.0,8.0,0.8,1,0,0.4,0.35,37.58,1.0
A19,49,2023-12-11,14.990990022963699,4.213702596606247,0.5495153634901518,13.0,0.0,0.0,0.0,1.0,0.0,1.0,3.0,0.8,1,0,0.4,0.35,37.58,1.0
A19,50,2023-12-18,9.300589998348508,1.469715428000769,0.5412726330377996,14.0,0.0,0.0,0.0,0.0,0.0,0.0,1.0,0.8,1,0,0.4,0.35,37.58,1.0
A19,51,2023-12-25,23.739207304103964,18.06989283338045,0.5331535435422325,15.0,53.0,21.0,21.0,0.0,0.0,0.0,1.0,0.8,1,0,0.4,0.35,37.58,1.0
A19,52,2024-01-01,2.7806901736399636,0.2640976425355288,0.525156240389099,16.0,18.0,18.0,0.0,0.0,0.0,0.0,0.0,0.8,1,0,0.4,0.35,37.58,0.0
A19,53,2024-01-08,2.2263675208011215,-0.31725699700518595,0.5172788967832626,17.0,54.0,43.0,0.0,0.0,0.0,0.0,0.0,0.8,1,0,0.4,0.35,37.58,0.0
A19,54,2024-01-15,4.285874394855103,1.6785753951359874,0.5095197133315136,18.0,0.0,0.0,0.0,1.0,0.0,0.0,0.0,0.8,1,0,0.4,0.35,37.58,0.0
A19,55,2024-01-22,1.4421103793787542,-1.3047820320918468,0.5018769176315409,19.0,14.0,14.0,0.0,0.0,0.0,0.0,0.0,0.8,1,0,0.4,0.35,37.58,2.0
A19,56,2024-01-29,3.1332001585639735,0.10174473385003191,0.4943487638670677,20.0,68.0,61.0,0.0,0.0,0.0,0.0,0.0,0.8,1,0,0.4,0.35,37.58,2.0
A19,57,2024-02-05,7.175533654251784,3.605313853834212,0.4869335324090617,21.0,16.0,0.0,0.0,0.0,1.0,0.0,0.0,0.8,1,0,0.4,0.35,37.58,2.0
A19,58,2024-02-12,4.336178878182971,-0.17998650400952165,0.47962952942292575,22.0,46.0,46.0,19.0,0.0,0.0,0.0,0.0,0.8,1,0,0.4,0.35,37.58,2.0
A19,59,2024-02-19,3.300060352224925,-2.7531945181891864,0.47243508648158183,23.0,108.0,30.0,0.0,0.0,0.0,0.0,0.0,0.8,1,0,0.4,0.35,37.58,0.0
A19,60,2024-02-26,7.276769299425718,-1.0815575856448536,0.4653485601843581,24.0,34.0,11.0,0.0,0.0,0.0,0.0,0.0,0.8,1,0,0.4,0.35,37.58,0.0
A19,61,2024-03-04,19.192869743343646,7.657043385977584,0.45836833178159275,25.0,16.0,0.0,0.0,0.0,0.0,0.0,0.0,0.8,1,0,0.4,0.35,37.58,0.0
A19,62,2024-03-11,17.72382068669509,2.185874431482743,0.45149280680486886,26.0,12.0,0.0,0.0,1.0,0.0,0.0,0.0,0.8,1,0,0.4,0.35,37.58,0.0
A19,63,2024-03-18,14.985598772958804,-5.113787812342151,0.44472041470279583,27.0,25.0,19.0,0.0,0.0,0.0,0.0,0.0,0.8,1,0,0.4,0.35,37.58,0.0
A19,64,2024-03-25,19.45222691666006,-5.272319703791478,0.4380496084822539,28.0,0.0,0.0,0.0,0.0,0.0,0.0,0.0,0.8,1,0,0.4,0.35,37.58,0.0
A19,65,2024-04-01,23.63960564327512,-5.115593928013304,0.4314788643550201,29.0,26.0,26.0,0.0,0.0,0.0,0.0,0.0,0.8,1,0,0.4,0.35,37.58,0.0
A19,66,2024-04-08,35.76357576349545,4.2470927490352715,0.4250066813896948,30.0,13.0,0.0,0.0,0.0,0.0,0.0,0.0,0.8,1,0,0.4,0.35,37.58,0.0
A19,67,2024-04-15,51.91505036322303,19.415050363222974,0.41863158116884935,31.0,40.0,15.0,3.0,0.0,0.0,0.0,0.0,0.8,1,0,0.4,0.35,37.58,0.0
A19,68,2024-04-22,45.552191465379266,14.035708450918548,0.4123521074513166,32.0,28.0,0.0,0.0,0.0,0.0,0.0,0.0,0.8,1,0,0.4,0.35,37.58,0.0
A19,69,2024-04-29,33.73118799858521,4.9759884272919095,0.4061668258395469,33.0,0.0,0.0,0.0,0.0,0.0,0.0,0.0,0.8,1,0,0.4,0.35,37.58,0.0
A19,70,2024-05-06,15.513659197866254,-9.210887422625916,0.40007432345195365,34.0,27.0,11.0,0.0,0.0,0.0,0.0,0.0,0.8,1,0,0.4,0.35,37.58,0.0
A19,71,2024-05-13,12.62795385582169,-7.4714327297917436,0.39407320860017436,35.0,33.0,21.0,0.0,0.0,0.0,0.0,0.0,0.8,1,0,0.4,0.35,37.58,0.0
A19,72,2024-05-20,18.726195737298774,3.1882494798680394,0.3881621104711717,36.0,26.0,0.0,0.0,0.0,0.0,0.0,0.0,0.8,1,0,0.4,0.35,37.58,0.0
A19,73,2024-05-27,7.2033244251418775,-4.332501946762406,0.38233967881410413,37.0,24.0,9.0,0.0,1.0,0.0,0.0,0.0,0.8,1,0,0.4,0.35,37.58,0.0
A19,74,2024-06-03,7.723825920649374,-0.634501052372312,0.3766045836318926,38.0,15.0,15.0,0.0,0.0,0.0,0.0,0.0,0.8,1,0,0.4,0.35,37.58,0.0
A19,75,2024-06-10,6.73318886483247,0.6799335032528555,0.3709555148774142,39.0,0.0,0.0,0.0,0.0,0.0,0.0,0.0,0.8,1,0,0.4,0.35,37.58,0.0
A19,76,2024-06-17,3.0328595771222866,-1.483308337111637,0.365391182154253,40.0,25.0,25.0,0.0,0.0,0.0,0.0,0.0,0.8,1,0,0.4,0.35,37.58,0.0
A19,77,2024-06-24,2.494625756656764,-1.0756060932933638,0.35991031442193916,41.0,7.0,7.0,0.0,0.0,0.0,0.0,0.0,0.8,1,0,0.4,0.35,37.58,0.0
A19,78,2024-07-01,2.933270261620442,-0.09823809603549982,0.35451165970561005,42.0,54.0,54.0,0.0,1.0,0.0,0.0,0.0,0.8,1,0,0.4,0.35,37.58,1.0
A19,79,2024-07-08,3.2766644935526603,0.5295574284174149,0.3491939848100259,43.0,46.0,0.0,0.0,1.0,0.0,0.0,0.0,0.8,1,0,0.4,0.35,37.58,1.0
A19,80,2024-07-15,3.7816277172548287,1.1735251784187763,0.3439560750378755,44.0,47.0,31.0,0.0,0.0,0.0,0.0,0.0,0.8,1,0,0.4,0.35,37.58,1.0
A19,81,2024-07-22,3.1492041983906143,0.6028029599923563,0.33879673391230736,45.0,0.0,0.0,0.0,1.0,0.0,0.0,0.0,0.8,1,0,0.4,0.35,37.58,1.0
A19,82,2024-07-29,2.5914021668566787,0.0659520823375046,0.3337147829036227,46.0,41.0,11.0,0.0,0.0,0.0,0.0,0.0,0.8,1,0,0.4,0.35,37.58,0.0
A19,83,2024-08-05,1.9500130121567991,-0.5819735807294315,0.32870906116006837,47.0,42.0,10.0,10.0,0.0,0.0,0.0,0.0,0.8,1,0,0.4,0.35,37.58,1.0
A19,84,2024-08-12,1.7686255451484008,-0.8042397155485768,0.32377842524266737,48.0,5.0,5.0,0.0,0.0,0.0,0.0,0.0,0.8,1,0,0.4,0.35,37.58,1.0
A19,85,2024-08-19,2.2399592731484366,-0.4385614281147512,0.31892174886402735,49.0,46.0,37.0,0.0,1.0,1.0,0.0,1.0,0.8,1,0,0.4,0.35,37.58,1.0
A19,86,2024-08-26,3.361589033111696,0.4493088746817895,0.31413792263106693,50.0,42.0,11.0,11.0,2.0,0.0,0.0,3.0,0.8,1,0,0.4,0.35,37.58,2.0
A19,87,2024-09-02,3.8040248899643676,0.4227886623333892,0.3094258537916009,51.0,15.0,15.0,0.0,4.0,1.0,0.0,6.0,0.8,1,0,0.4,0.35,37.58,1.0
A19,88,2024-09-09,2.032870337405187,-2.206498710317305,0.3047844659847269,52.0,31.0,8.0,0.0,5.0,1.0,0.0,13.0,0.8,1,0,0.4,0.35,37.58,1.0
A19,89,2024-09-16,4.306311628410299,-1.3630057969466849,0.300212698994956,53.0,39.0,16.0,0.0,9.0,3.0,0.0,20.0,0.8,1,0,0.4,0.35,37.58,2.0
A19,90,2024-09-23,11.937108695366822,4.106233465751243,0.29570950851003164,54.0,14.0,14.0,8.0,7.0,5.0,1.0,14.0,0.8,1,0,0.4,0.35,37.58,1.0
A19,91,2024-09-30,11.08027148315872,0.3029839191858148,0.29127386588238113,55.0,50.0,30.0,0.0,3.0,0.0,0.0,7.0,0.8,1,0,0.4,0.35,37.58,1.0
A19,92,2024-10-07,8.747583546859941,-5.616496020981861,0.28690475789414543,56.0,3.0,0.0,0.0,0.0,0.0,0.0,3.0,0.8,1,0,0.4,0.35,37.58,1.0
A19,93,2024-10-14,41.50581670494862,23.30809936344113,0.28260118652573324,57.0,0.0,0.0,0.0,2.0,1.0,0.0,2.0,0.8,1,0,0.4,0.35,37.58,1.0
A19,94,2024-10-21,21.454802100682087,-0.21843315189667223,0.27836216872784725,58.0,18.0,18.0,18.0,0.0,0.0,0.0,2.0,0.8,1,0,0.4,0.35,37.58,1.0
A19,95,2024-10-28,27.590333697963004,3.4725713169015933,0.2741867361969295,59.0,0.0,0.0,0.0,1.0,1.0,0.0,3.0,0.8,1,0,0.4,0.35,37.58,1.0
A19,96,2024-11-04,28.752062088389344,3.752062088369282,0.27007393515397554,60.0,63.0,17.0,9.0,0.0,1.0,0.0,3.0,0.8,1,0,0.4,0.35,37.58,2.0
A19,97,2024-11-11,21.20612773725674,-2.911634643673338,0.2660228261266659,61.0,63.0,54.0,24.0,0.0,0.0,0.0,1.0,0.8,1,0,0.4,0.35,37.58,1.0
A19,98,2024-11-18,16.800813571465294,-4.872421680274826,0.2620324837347659,62.0,42.0,38.0,0.0,0.0,0.0,0.0,1.0,0.8,1,0,0.4,0.35,37.58,1.0
A19,99,2024-11-25,38.240012303367045,20.0422949667688,0.25810199647874443,63.0,7.0,0.0,0.0,0.0,0.0,0.0,0.0,0.8,1,0,0.4,0.35,37.58,1.0
A19,100,2024-12-02,20.406483484754673,6.042403943786075,0.2542304665315633,64.0,11.0,11.0,11.0,0.0,0.0,0.0,0.0,0.8,1,0,0.4,0.35,37.58,0.0
A19,101,2024-12-09,14.369658341587051,3.5923709152295995,0.2504170095335898,65.0,24.0,0.0,0.0,0.0,0.0,0.0,0.0,0.8,1,0,0.4,0.35,37.58,0.0
A19,102,2024-12-16,9.580937196809176,1.7500626264614363,0.24666075439058596,66.0,20.0,0.0,0.0,0.0,0.0,0.0,0.0,0.8,1,0,0.4,0.35,37.58,0.0
A19,103,2024-12-23,3.990462420981165,-1.6788520497423476,0.24296084307472718,67.0,23.0,23.0,0.0,1.0,0.0,0.0,0.0,0.8,1,0,0.4,0.35,37.58,0.0
A19,104,2024-12-30,3.9355135571453754,1.4189210260409406,0.23931643042860626,68.0,45.0,0.0,0.0,1.0,0.0,0.0,0.0,0.8,1,0,0.4,0.35,37.58,0.0
A19,105,2025-01-06,1.2308570224637723,-1.3127674953425352,0.23572668397217716,69.0,3.0,3.0,0.0,1.0,0.0,0.0,0.0,0.8,1,0,0.4,0.35,37.58,0.0
A19,106,2025-01-13,1.8713915204880798,-0.7359074792310358,0.2321907837125945,70.0,62.0,23.0,0.0,0.0,0.0,0.0,0.0,0.8,1,0,0.4,0.35,37.58,0.0
A19,107,2025-01-20,1.0059183018681588,-1.7409741096024423,0.22870792195690556,71.0,53.0,47.0,0.0,0.0,0.0,0.0,0.0,0.8,1,0,0.4,0.35,37.58,0.0
A19,108,2025-01-27,0.964601060977066,-2.0668543637368755,0.22527730312755198,72.0,12.0,12.0,0.0,0.0,0.0,0.0,0.0,0.8,1,0,0.4,0.35,37.58,0.0
A19,109,2025-02-03,2.5941169442611884,-0.9761028561563836,0.2218981435806387,73.0,50.0,23.0,0.0,0.0,0.0,0.0,0.0,0.8,1,0,0.4,0.35,37.58,0.0
A19,110,2025-02-10,2.2115543793944417,-2.304611002798051,0.21856967142692912,74.0,37.0,37.0,0.0,0.0,0.0,0.0,0.0,0.8,1,0,0.4,0.35,37.58,0.0
A19,111,2025-02-17,1.9612941901539722,-4.091960680260139,0.2152911263555252,75.0,31.0,26.0,0.0,0.0,0.0,0.0,0.0,0.8,1,0,0.4,0.35,37.58,0.0
A19,112,2025-02-24,6.56458100806758,-1.7937458770029915,0.21206175946019232,76.0,66.0,18.0,0.0,0.0,0.0,0.0,0.0,0.8,1,0,0.4,0.35,37.58,0.0
A19,113,2025-03-03,15.747834786767443,4.212008429401381,0.20888083306828942,77.0,20.0,20.0,0.0,1.0,0.0,0.0,0.0,0.8,1,0,0.4,0.35,37.58,0.0
A19,114,2025-03-10,16.425719227674918,0.8877729724625727,0.20574762057226506,78.0,19.0,19.0,0.0,1.0,0.0,0.0,0.0,0.8,1,0,0.4,0.35,37.58,0.0
A19,115,2025-03-17,11.939415104235664,-8.159971481065291,0.2026614062636811,79.0,9.0,9.0,0.0,0.0,0.0,0.0,0.0,0.8,1,0,0.4,0.35,37.58,0.0
A19,116,2025-03-24,16.120785782521406,-8.603760837930132,0.1996214851697259,80.0,46.0,20.0,0.0,0.0,0.0,0.0,0.0,0.8,1,0,0.4,0.35,37.58,0.0
A19,117,2025-03-31,25.501387930405638,-3.2538116408827875,0.19662716289218,81.0,0.0,0.0,0.0,0.0,0.0,0.0,0.0,0.8,1,0,0.4,0.35,37.58,0.0
A19,118,2025-04-07,30.34016978927788,-1.1763132251823016,0.19367775544879728,82.0,35.0,15.0,0.0,0.0,0.0,0.0,0.0,0.8,1,0,0.4,0.35,37.58,0.0
A19,119,2025-04-14,18.73174487813415,-13.768255121865906,0.19077258911706532,83.0,0.0,0.0,0.0,0.0,0.0,0.0,0.0,0.8,1,0,0.4,0.35,37.58,0.0
A19,120,2025-04-21,20.73223973291273,-10.784243281547987,0.18791100028030933,84.0,6.0,6.0,0.0,2.0,0.0,0.0,0.0,0.8,1,0,0.4,0.35,37.58,0.0
A19,121,2025-04-28,20.76462612408435,-7.990573447208952,0.1850923352761047,85.0,41.0,22.0,19.0,0.0,0.0,0.0,0.0,0.8,1,0,0.4,0.35,37.58,0.0
A19,122,2025-05-05,19.508891508891615,-5.2156551116005545,0.18231595024696312,86.0,48.0,27.0,0.0,0.0,0.0,0.0,0.0,0.8,1,0,0.4,0.35,37.58,0.0
A19,123,2025-05-12,12.470048208892653,-7.629338376720781,0.17958121099325866,87.0,27.0,27.0,0.0,0.0,0.0,0.0,0.0,0.8,1,0,0.4,0.35,37.58,0.0
A19,124,2025-05-19,9.683974693775061,-5.853971563655673,0.17688749282835978,88.0,38.0,22.0,0.0,0.0,0.0,0.0,0.0,0.8,1,0,0.4,0.35,37.58,0.0
A19,125,2025-05-26,12.15348462126928,0.6176582493649967,0.1742341804359344,89.0,23.0,23.0,0.0,0.0,0.0,0.0,0.0,0.8,1,0,0.4,0.35,37.58,0.0
A19,126,2025-06-02,8.296283255664623,-0.0620437173570636,0.17162066772939538,90.0,3.0,3.0,0.0,1.0,0.0,0.0,0.0,0.8,1,0,0.4,0.35,37.58,1.0
A19,127,2025-06-09,4.650184927837664,-1.4030704337419504,0.16904635771345444,91.0,35.0,3.0,0.0,1.0,0.0,0.0,2.0,0.8,1,0,0.4,0.35,37.58,1.0
A19,128,2025-06-16,5.357883812818759,0.8417158985848356,0.16651066234775264,92.0,50.0,17.0,0.0,1.0,0.0,0.0,3.0,0.8,1,0,0.4,0.35,37.58,2.0
A19,129,2025-06-23,2.0270704137398914,-1.5431614362102364,0.16401300241253636,93.0,61.0,34.0,0.0,3.0,0.0,1.0,7.0,0.8,1,0,0.4,0.35,37.58,2.0
A19,130,2025-06-30,3.477515473433875,0.4460071157779333,0.1615528073763483,94.0,3.0,3.0,0.0,6.0,1.0,0.0,13.0,0.8,1,0,0.4,0.35,37.58,2.0
A19,131,2025-07-07,2.1590015528848294,-0.588105512250416,0.15912951526570307,95.0,90.0,90.0,79.0,8.0,1.0,0.0,14.0,0.8,1,0,0.4,0.35,37.58,2.0
A19,132,2025-07-14,5.326525700123088,2.7184231612870353,0.15674257253671753,96.0,60.0,21.0,0.0,4.0,2.0,0.0,10.0,0.8,1,0,0.4,0.35,37.58,1.0
A19,133,2025-07-21,1.0903835257638035,-1.4560177126344545,0.15439143394866675,97.0,93.0,52.0,0.0,6.0,0.0,0.0,12.0,0.8,1,0,0.4,0.35,37.58,1.0
A19,134,2025-07-28,1.2896431391290826,-1.2358069453900915,0.15278526245209248,98.0,11.0,11.0,3.0,1.0,1.0,0.0,7.0,0.8,1,0,0.4,0.35,37.58,0.0
A19,135,2025-08-04,1.9056068856276742,-0.6263797072585564,0.15278526245209248,99.0,32.0,25.0,0.0,1.0,0.0,0.0,4.0,0.8,1,0,0.4,0.35,37.58,1.0
A19,136,2025-08-11,1.9218133006346623,-0.6510519600623152,0.15278526245209248,99.0,38.0,23.0,0.0,2.0,1.0,0.0,3.0,0.8,1,0,0.4,0.35,37.58,1.0
A19,137,2025-08-18,3.445366873759281,0.7668461724960931,0.15278526245209248,99.0,23.0,0.0,0.0,0.0,2.0,0.0,2.0,0.8,1,0,0.4,0.35,37.58,1.0
A19,138,2025-08-25,1.4981369138938478,-1.4141432445360587,0.15278526245209248,99.0,0.0,0.0,0.0,2.0,0.0,0.0,2.0,0.8,1,0,0.4,0.35,37.58,1.0
A19,139,2025-09-01,3.016749586476446,-0.36448664115453244,0.15278526245209248,99.0,66.0,66.0,0.0,1.0,0.0,0.0,2.0,0.8,1,0,0.4,0.35,37.58,0.0
A19,140,2025-09-08,4.139162961643152,-0.10020608607934012,0.15278526245209248,99.0,22.0,9.0,0.0,1.0,0.0,0.0,1.0,0.8,1,0,0.4,0.35,37.58,0.0
A19,141,2025-09-15,4.715771607140339,-0.9535458182166447,0.15278526245209248,99.0,16.0,16.0,0.0,0.0,0.0,0.0,0.0,0.8,1,0,0.4,0.35,37.58,1.0
A19,142,2025-09-22,3.6362126056099315,-4.194662624005647,0.15278526245209248,99.0,10.0,10.0,3.0,1.0,0.0,1.0,0.0,0.8,1,0,0.4,0.35,37.58,1.0
A19,143,2025-09-29,11.465856075520364,0.6885685115474587,0.15278526245209248,99.0,55.0,55.0,0.0,0.0,1.0,0.0,0.0,0.8,1,0,0.4,0.35,37.58,2.0
A19,144,2025-10-06,14.356623815118162,-0.0074557527236400745,0.15278526245209248,99.0,0.0,0.0,0.0,0.0,0.0,0.0,0.0,0.8,1,0,0.4,0.35,37.58,2.0
A19,145,2025-10-13,14.59045913585037,-3.6072582056571214,0.15278526245209248,99.0,62.0,27.0,8.0,0.0,0.0,0.0,0.0,0.8,1,0,0.4,0.35,37.58,1.0
A19,146,2025-10-20,15.132078209122199,-6.541157043456561,0.15278526245209248,99.0,2.0,2.0,0.0,0.0,0.0,0.0,0.0,0.8,1,0,0.4,0.35,37.58,1.0
A19,147,2025-10-27,16.967563375627325,-7.150199005434086,0.15278526245209248,99.0,7.0,0.0,0.0,0.0,0.0,0.0,0.0,0.8,1,0,0.4,0.35,37.58,0.0
A19,148,2025-11-03,15.808304156548576,-9.191695843471486,0.15278526245209248,99.0,13.0,13.0,0.0,0.0,0.0,0.0,0.0,0.8,1,0,0.4,0.35,37.58,0.0
A19,149,2025-11-10,19.617862008118202,-4.499900372811876,0.15278526245209248,99.0,32.0,18.0,0.0,0.0,0.0,0.0,0.0,0.8,1,0,0.4,0.35,37.58,0.0
A19,150,2025-11-17,14.241957809924111,-7.431277441816009,0.15278526245209248,99.0,40.0,29.0,0.0,0.0,0.0,0.0,0.0,0.8,1,0,0.4,0.35,37.58,0.0
A19,151,2025-11-24,8.789251088639004,-9.408466247959241,0.15278526245209248,99.0,20.0,8.0,0.0,1.0,0.0,0.0,0.0,0.8,1,0,0.4,0.35,37.58,0.0
A19,152,2025-12-01,6.468476582214338,-7.89560295875426,0.15278526245209248,99.0,11.0,0.0,0.0,0.0,0.0,0.0,0.0,0.8,1,0,0.4,0.35,37.58,0.0
A19,153,2025-12-08,5.3840737957388205,-5.393213630618631,0.15278526245209248,99.0,5.0,0.0,0.0,0.0,0.0,0.0,0.0,0.8,1,0,0.4,0.35,37.58,0.0
A19,154,2025-12-15,5.501592343702677,-2.329282226645063,0.5387322410020111,0.0,27.0,7.0,0.0,0.0,0.0,0.0,0.0,0.8,1,0,0.4,0.35,37.58,0.0
A19,155,2025-12-22,3.6504510925239804,-2.018863378199532,0.5306512573869809,1.0,22.0,0.0,0.0,0.0,0.0,0.0,0.0,0.8,1,0,0.4,0.35,37.58,0.0
A20,0,2023-01-02,3.391999923189012,0.8754073920845773,0.3192602200913142,99.0,19.0,19.0,0.0,1.0,0.0,0.0,0.0,0.7,0,0,0.2,0.53,38.52,0.0
A20,1,2023-01-09,3.78868194726623,1.2450574294599224,0.3144713167899445,99.0,4.0,0.0,0.0,0.0,0.0,0.0,0.0,0.7,0,0,0.2,0.53,38.52,0.0
A20,2,2023-01-16,2.6166530694557255,0.009354069736609905,0.30975424703809534,99.0,10.0,0.0,0.0,0.0,0.0,0.0,0.0,0.7,0,0,0.2,0.53,38.52,0.0
A20,3,2023-01-23,5.735040719630553,2.988148308159952,0.3051079333325239,99.0,20.0,9.0,0.0,0.0,0.0,0.0,0.0,0.7,0,0,0.2,0.53,38.52,0.0
A20,4,2023-01-30,3.4503911596770847,0.41893573496314307,0.30053131433253605,99.0,0.0,0.0,0.0,0.0,0.0,0.0,0.0,0.7,0,0,0.2,0.53,38.52,0.0
A20,5,2023-02-06,3.834623553639679,0.2644037532221071,0.296023344617548,99.0,0.0,0.0,0.0,1.0,0.0,0.0,0.0,0.7,0,0,0.2,0.53,38.52,0.0
A20,6,2023-02-13,6.683501329729209,2.167335947536716,0.2915829944482848,99.0,5.0,5.0,0.0,0.0,0.0,0.0,0.0,0.7,0,0,0.2,0.53,38.52,0.0
A20,7,2023-02-20,3.9787237536805202,-2.074531116733591,0.2872092495315605,99.0,15.0,0.0,0.0,0.0,0.0,0.0,0.0,0.7,0,0,0.2,0.53,38.52,0.0
A20,8,2023-02-27,7.922563023981724,-0.435763861088847,0.2829011107885871,99.0,25.0,0.0,0.0,0.0,0.0,0.0,0.0,0.7,0,0,0.2,0.53,38.52,0.0
A20,9,2023-03-06,20.327538824472196,8.791712467106134,0.2786575941267583,99.0,40.0,8.0,0.0,0.0,0.0,0.0,0.0,0.7,0,0,0.2,0.53,38.52,0.0
A20,10,2023-03-13,10.573290465325492,-4.964655789886853,0.2744777302148569,99.0,0.0,0.0,0.0,1.0,0.0,0.0,0.0,0.7,0,0,0.2,0.53,38.52,0.0
A20,11,2023-03-20,37.15074469898355,17.051358113682596,0.5692862589610217,0.0,0.0,0.0,0.0,0.0,0.0,0.0,0.0,0.7,0,0,0.2,0.53,38.52,0.0
A20,12,2023-03-27,52.448822780857675,27.724276160406138,0.5607469650766064,1.0,0.0,0.0,0.0,0.0,0.0,0.0,0.0,0.7,0,0,0.2,0.53,38.52,0.0
A20,13,2023-04-03,31.584067127740532,2.8288675564521064,0.5523357606004573,2.0,8.0,0.0,0.0,0.0,0.0,0.0,0.0,0.7,0,0,0.2,0.53,38.52,0.0
A20,14,2023-04-10,43.631907198496855,12.115424184036673,0.5440507241914504,3.0,13.0,0.0,0.0,0.0,0.0,0.0,0.0,0.7,0,0,0.2,0.53,38.52,0.0
A20,15,2023-04-17,60.103262244811276,27.60326224481122,0.5358899633285786,4.0,23.0,0.0,0.0,1.0,0.0,0.0,0.0,0.7,0,0,0.2,0.53,38.52,0.0
A20,16,2023-04-24,33.45756818927663,1.9410851748159104,0.52785161387865,5.0,0.0,0.0,0.0,0.0,0.0,0.0,0.0,0.7,0,0,0.2,0.53,38.52,0.0
A20,17,2023-05-01,48.700222021596936,19.945022450303632,0.5199338396704702,6.0,19.0,0.0,0.0,1.0,0.0,0.0,0.0,0.7,0,0,0.2,0.53,38.52,0.0
A20,18,2023-05-08,24.435524936657977,-0.2890216838341928,0.5121348320754132,7.0,30.0,0.0,0.0,0.0,0.0,0.0,0.0,0.7,0,0,0.2,0.53,38.52,0.0
A20,19,2023-05-15,21.256697987520464,1.1573114019070303,0.504452809594282,8.0,5.0,0.0,0.0,0.0,0.0,0.0,0.0,0.7,0,0,0.2,0.53,38.52,0.0
A20,20,2023-05-22,14.682568393083166,-0.8553778643475685,0.4968860174503677,9.0,24.0,0.0,0.0,2.0,0.0,0.0,0.0,0.7,0,0,0.2,0.53,38.52,0.0
A20,21,2023-05-29,16.257065275732625,4.7212389038283415,0.4894327271886122,10.0,34.0,0.0,0.0,1.0,0.0,0.0,0.0,0.7,0,0,0.2,0.53,38.52,0.0
A20,22,2023-06-05,15.669106013913035,7.310779040891349,0.482091236280783,11.0,0.0,0.0,0.0,1.0,0.0,0.0,0.0,0.7,0,0,0.2,0.53,38.52,0.0
A20,23,2023-06-12,7.094360897613171,1.041105536033557,0.47485986773657124,12.0,9.0,0.0,0.0,0.0,0.0,0.0,0.0,0.7,0,0,0.2,0.53,38.52,0.0
A20,24,2023-06-19,3.6178147126346247,-0.8983532015992988,0.46773696972052264,13.0,23.0,13.0,0.0,0.0,0.0,0.0,0.0,0.7,0,0,0.2,0.53,38.52,0.0
A20,25,2023-06-26,3.0551439199694195,-0.5150879299807083,0.4607209151747148,14.0,24.0,0.0,0.0,0.0,0.0,0.0,0.0,0.7,0,0,0.2,0.53,38.52,0.0
A20,26,2023-07-03,4.350599502438231,1.3190911447822895,0.4538101014470941,15.0,0.0,0.0,0.0,1.0,0.0,0.0,0.0,0.7,0,0,0.2,0.53,38.52,0.0
A20,27,2023-07-10,6.547823325176626,3.800716260041381,0.4470029499253877,16.0,3.0,0.0,0.0,0.0,0.0,0.0,0.0,0.7,0,0,0.2,0.53,38.52,0.0
A20,28,2023-07-17,3.741813030223579,1.1337104913875264,0.4402979056765069,17.0,4.0,0.0,0.0,1.0,0.0,0.0,0.0,0.7,0,0,0.2,0.53,38.52,0.0
A20,29,2023-07-24,2.779888563715961,0.23348732531770322,0.43369343709135927,18.0,33.0,0.0,0.0,0.0,0.0,0.0,0.0,0.7,0,0,0.2,0.53,38.52,0.0
A20,30,2023-07-31,4.127728426450154,1.6022783419309796,0.42718803553498885,19.0,0.0,0.0,0.0,1.0,0.0,0.0,0.0,0.7,0,0,0.2,0.53,38.52,0.0
A20,31,2023-08-07,2.9104951986349925,0.3785086057487619,0.420780215001964,20.0,30.0,21.0,0.0,0.0,0.0,0.0,0.0,0.7,0,0,0.2,0.53,38.52,0.0
A20,32,2023-08-14,2.817257490229215,0.2443922295322376,0.41446851177693456,21.0,0.0,0.0,0.0,0.0,0.0,0.0,0.0,0.7,0,0,0.2,0.53,38.52,0.0
A20,33,2023-08-21,2.3939567220704427,-0.284563979192745,0.40825148410028056,22.0,0.0,0.0,0.0,0.0,0.0,0.0,0.0,0.7,0,0,0.2,0.53,38.52,0.0
A20,34,2023-08-28,5.959800341448615,3.047520183018708,0.4021277118387763,23.0,7.0,0.0,0.0,0.0,0.0,0.0,0.0,0.7,0,0,0.2,0.53,38.52,1.0
A20,35,2023-09-04,1.7378733805245217,-1.6433628471064567,0.39609579616119467,24.0,9.0,0.0,0.0,0.0,0.0,0.0,0.0,0.7,0,0,0.2,0.53,38.52,1.0
A20,36,2023-09-11,7.006292824046306,2.7669237763238144,0.6874224220794221,0.0,51.0,16.0,16.0,0.0,0.0,0.0,0.0,0.7,0,0,0.2,0.53,38.52,1.0
A20,37,2023-09-18,6.0249040265295255,0.3555866011725417,0.6771110857482308,1.0,16.0,0.0,0.0,0.0,0.0,0.0,0.0,0.7,0,0,0.2,0.53,38.52,1.0
A20,38,2023-09-25,8.47905138074205,0.6481761511264708,0.6669544194620073,2.0,3.0,3.0,0.0,3.0,0.0,0.0,0.0,0.7,0,0,0.2,0.53,38.52,0.0
A20,39,2023-10-02,24.358838774088902,13.581551210115997,0.6569501031700772,3.0,21.0,0.0,0.0,0.0,0.0,0.0,0.0,0.7,0,0,0.2,0.53,38.52,1.0
A20,40,2023-10-09,13.984202292225019,-0.3798772756167832,0.647095851622526,4.0,14.0,0.0,0.0,0.0,0.0,0.0,0.0,0.7,0,0,0.2,0.53,38.52,1.0
A20,41,2023-10-16,17.928928270008054,-0.2687890714994374,0.6373894138481881,5.0,0.0,0.0,0.0,0.0,0.0,0.0,0.0,0.7,0,0,0.2,0.53,38.52,1.0
A20,42,2023-10-23,25.882929751939677,4.209694499360918,0.6278285726404653,6.0,0.0,0.0,0.0,0.0,0.0,0.0,0.0,0.7,0,0,0.2,0.53,38.52,1.0
A20,43,2023-10-30,34.84601326351393,10.728250882452521,0.6184111440508583,7.0,29.0,10.0,0.0,0.0,0.0,0.0,1.0,0.7,0,0,0.2,0.53,38.52,0.0
A20,44,2023-11-06,26.772355725737285,1.7723557257172224,0.6091349768900954,8.0,0.0,0.0,0.0,1.0,0.0,0.0,3.0,0.7,0,0,0.2,0.53,38.52,0.0
A20,45,2023-11-13,17.37863403901018,-6.739128341919898,0.599997952236744,9.0,32.0,20.0,0.0,1.0,0.0,0.0,3.0,0.7,0,0,0.2,0.53,38.52,0.0
A20,46,2023-11-20,20.00990275477871,-1.6633324969614094,0.5909979829531928,10.0,0.0,0.0,0.0,1.0,0.0,0.0,3.0,0.7,0,0,0.2,0.53,38.52,0.0
A20,47,2023-11-27,35.61997465161005,17.422257315011805,0.582133013208895,11.0,40.0,0.0,0.0,0.0,0.0,0.0,3.0,0.7,0,0,0.2,0.53,38.52,0.0
A20,48,2023-12-04,18.431221391052063,4.067141850083464,0.5734010180107616,12.0,13.0,13.0,0.0,1.0,0.0,0.0,8.0,0.7,0,0,0.2,0.53,38.52,0.0
A20,49,2023-12-11,15.775608860366878,4.998321434009426,0.5648000027406002,13.0,16.0,0.0,0.0,1.0,1.0,0.0,11.0,0.7,0,0,0.2,0.53,38.52,1.0
A20,50,2023-12-18,8.932714529619982,1.101839959272243,0.5563280026994911,14.0,57.0,46.0,23.0,3.0,1.0,0.0,9.0,0.7,0,0,0.2,0.53,38.52,1.0
A20,51,2023-12-25,5.62593728947498,-0.04337718124853218,0.5479830826589988,15.0,6.0,0.0,0.0,0.0,0.0,0.0,6.0,0.7,0,0,0.2,0.53,38.52,1.0
A20,52,2024-01-01,4.526980331686361,2.0103878005819262,0.5397633364191138,16.0,0.0,0.0,0.0,0.0,0.0,0.0,4.0,0.7,0,0,0.2,0.53,38.52,1.0
A20,53,2024-01-08,2.3814817772033585,-0.16214274060294898,0.5316668863728271,17.0,0.0,0.0,0.0,0.0,2.0,0.0,5.0,0.7,0,0,0.2,0.53,38.52,0.0
A20,54,2024-01-15,2.2325297546904848,-0.37476924502863085,0.5236918830772347,18.0,0.0,0.0,0.0,1.0,1.0,0.0,4.0,0.7,0,0,0.2,0.53,38.52,0.0
A20,55,2024-01-22,4.031425634022712,1.284533222552111,0.5158365048310761,19.0,2.0,0.0,0.0,1.0,1.0,1.0,3.0,0.7,0,0,0.2,0.53,38.52,1.0
A20,56,2024-01-29,2.3542370784368,-0.6772183462771415,0.50809895725861,20.0,14.0,0.0,0.0,1.0,0.0,0.0,3.0,0.7,0,0,0.2,0.53,38.52,1.0
A20,57,2024-02-05,2.8993094626765035,-0.6709103377410686,0.5004774728997309,21.0,6.0,0.0,0.0,0.0,1.0,0.0,1.0,0.7,0,0,0.2,0.53,38.52,2.0
A20,58,2024-02-12,4.5323909618933245,0.016225579700831716,0.49297031080623493,22.0,0.0,0.0,0.0,0.0,0.0,0.0,0.0,0.7,0,0,0.2,0.53,38.52,2.0
A20,59,2024-02-19,6.053827150574899,0.0005722801607879191,0.4855757561441414,23.0,29.0,0.0,0.0,0.0,0.0,0.0,0.0,0.7,0,0,0.2,0.53,38.52,1.0
A20,60,2024-02-26,9.153371171432514,0.7950442863619429,0.4782921198019793,24.0,19.0,0.0,0.0,1.0,1.0,0.0,0.0,0.7,0,0,0.2,0.53,38.52,1.0
A20,61,2024-03-04,23.987712245804957,12.451885888438895,0.4711177380049496,25.0,60.0,22.0,0.0,0.0,0.0,0.0,0.0,0.7,0,0,0.2,0.53,38.52,0.0
A20,62,2024-03-11,17.478508907597305,1.9405626523849602,0.4640509719348754,26.0,0.0,0.0,0.0,0.0,0.0,0.0,0.0,0.7,0,0,0.2,0.53,38.52,0.0
A20,63,2024-03-18,8.74402324698751,-11.355363338313445,0.45709020735585226,27.0,34.0,0.0,0.0,1.0,0.0,0.0,0.0,0.7,0,0,0.2,0.53,38.52,0.0
A20,64,2024-03-25,27.715759062778925,2.991212442327388,0.4502338542455145,28.0,26.0,0.0,0.0,0.0,0.0,0.0,0.0,0.7,0,0,0.2,0.53,38.52,0.0
A20,65,2024-04-01,29.13897437306777,0.38377480177934586,0.44348034643183176,29.0,38.0,23.0,0.0,0.0,0.0,0.0,0.0,0.7,0,0,0.2,0.53,38.52,0.0
A20,66,2024-04-08,31.999433124926103,0.4829501104659215,0.4368281412353543,30.0,17.0,0.0,0.0,1.0,0.0,0.0,0.0,0.7,0,0,0.2,0.53,38.52,0.0
A20,67,2024-04-15,35.42159447673919,2.9215944767391306,0.430275719116824,31.0,22.0,0.0,0.0,0.0,0.0,0.0,0.0,0.7,0,0,0.2,0.53,38.52,0.0
A20,68,2024-04-22,31.201721781197772,-0.3147612332629457,0.42382158333007164,32.0,6.0,0.0,0.0,0.0,0.0,0.0,0.0,0.7,0,0,0.2,0.53,38.52,0.0
A20,69,2024-04-29,28.23054006510988,-0.524659506183422,0.41746425958012057,33.0,32.0,18.0,0.0,1.0,0.0,0.0,0.0,0.7,0,0,0.2,0.53,38.52,0.0
A20,70,2024-05-06,30.64170574569874,5.91715912520657,0.41120229568641875,34.0,13.0,6.0,0.0,0.0,0.0,0.0,0.0,0.7,0,0,0.2,0.53,38.52,0.0
A20,71,2024-05-13,16.625888312621264,-3.4734982729921704,0.40503426125112246,35.0,0.0,0.0,0.0,0.0,0.0,0.0,0.0,0.7,0,0,0.2,0.53,38.52,0.0
A20,72,2024-05-20,11.151733540054733,-4.386212717376001,0.39895874733235565,36.0,51.0,0.0,0.0,0.0,1.0,0.0,0.0,0.7,0,0,0.2,0.53,38.52,0.0
A20,73,2024-05-27,33.24089974853304,21.705073376628754,0.3929743661223703,37.0,2.0,2.0,0.0,0.0,0.0,0.0,0.0,0.7,0,0,0.2,0.53,38.52,0.0
A20,74,2024-06-03,6.505891681534895,-1.852435291486791,0.38707975063053474,38.0,19.0,5.0,0.0,0.0,0.0,0.0,0.0,0.7,0,0,0.2,0.53,38.52,0.0
A20,75,2024-06-10,6.26918412759064,0.21592876601102606,0.3812735543710767,39.0,0.0,0.0,0.0,0.0,0.0,0.0,0.0,0.7,0,0,0.2,0.53,38.52,0.0
A20,76,2024-06-17,2.6756243095390375,-1.840543604694886,0.37555445105551055,40.0,0.0,0.0,0.0,1.0,0.0,0.0,0.0,0.7,0,0,0.2,0.53,38.52,0.0
A20,77,2024-06-24,3.7187756319542387,0.1485437820041109,0.3699211342896779,41.0,39.0,0.0,0.0,0.0,0.0,0.0,0.0,0.7,0,0,0.2,0.53,38.52,0.0
A20,78,2024-07-01,2.1867826646126485,-0.8447256930432934,0.3643723172753327,42.0,0.0,0.0,0.0,0.0,0.0,0.0,0.0,0.7,0,0,0.2,0.53,38.52,0.0
A20,79,2024-07-08,2.3529805687846905,-0.39412649635055486,0.3589067325162027,43.0,25.0,7.0,0.0,1.0,0.0,0.0,0.0,0.7,0,0,0.2,0.53,38.52,0.0
A20,80,2024-07-15,3.759912152190596,1.1518096133545437,0.35352313152845966,44.0,16.0,0.0,0.0,0.0,0.0,0.0,0.0,0.7,0,0,0.2,0.53,38.52,0.0
A20,81,2024-07-22,3.0038188593020787,0.45741762090382077,0.3482202845555328,45.0,5.0,0.0,0.0,0.0,0.0,0.0,0.0,0.7,0,0,0.2,0.53,38.52,0.0
A20,82,2024-07-29,3.0813340358599524,0.5558839513407783,0.34299698028719977,46.0,48.0,0.0,0.0,0.0,0.0,0.0,0.0,0.7,0,0,0.2,0.53,38.52,0.0
A20,83,2024-08-05,1.3621747667551594,-1.1698118261310713,0.3378520255828918,47.0,41.0,14.0,0.0,0.0,0.0,0.0,0.0,0.7,0,0,0.2,0.53,38.52,0.0
A20,84,2024-08-12,4.893625670945253,2.3207604102482757,0.3327842451991484,48.0,0.0,0.0,0.0,0.0,0.0,0.0,0.0,0.7,0,0,0.2,0.53,38.52,0.0
A20,85,2024-08-19,1.7649214870835046,-0.9135992141796832,0.3277924815211612,49.0,25.0,5.0,0.0,3.0,0.0,0.0,0.0,0.7,0,0,0.2,0.53,38.52,0.0
A20,86,2024-08-26,4.972549164422686,2.0602690059927795,0.3228755942983438,50.0,12.0,12.0,0.0,0.0,0.0,0.0,0.0,0.7,0,0,0.2,0.53,38.52,0.0
A20,87,2024-09-02,4.83451949563129,1.4532832680003116,0.3180324603838686,51.0,0.0,0.0,0.0,1.0,0.0,0.0,0.0,0.7,0,0,0.2,0.53,38.52,0.0
A20,88,2024-09-09,5.188688191515031,0.9493191437925397,0.3132619734781106,52.0,12.0,0.0,0.0,0.0,0.0,0.0,0.0,0.7,0,0,0.2,0.53,38.52,0.0
A20,89,2024-09-16,4.203107167851116,-1.4662102575058675,0.3085630438759389,53.0,3.0,3.0,0.0,0.0,0.0,0.0,0.0,0.7,0,0,0.2,0.53,38.52,1.0
A20,90,2024-09-23,8.257573080567074,0.42669785095149493,0.30393459821779983,54.0,0.0,0.0,0.0,0.0,0.0,0.0,0.0,0.7,0,0,0.2,0.53,38.52,2.0
A20,91,2024-09-30,9.139616467926182,-1.6376710960467236,0.29937557924453284,55.0,0.0,0.0,0.0,1.0,0.0,0.0,0.0,0.7,0,0,0.2,0.53,38.52,2.0
A20,92,2024-10-07,14.510818370714478,0.14673880287267593,0.29488494555586486,56.0,40.0,14.0,0.0,0.0,0.0,0.0,0.0,0.7,0,0,0.2,0.53,38.52,2.0
A20,93,2024-10-14,16.67383750853069,-1.523879832976803,0.2904616713725269,57.0,22.0,22.0,0.0,0.0,0.0,0.0,0.0,0.7,0,0,0.2,0.53,38.52,1.0
A20,94,2024-10-21,10.618145991325493,-11.055089261253267,0.286104746301939,58.0,24.0,0.0,0.0,0.0,0.0,0.0,0.0,0.7,0,0,0.2,0.53,38.52,0.0
A20,95,2024-10-28,35.715081484656224,11.597319103594813,0.2818131751074099,59.0,0.0,0.0,0.0,0.0,0.0,0.0,0.0,0.7,0,0,0.2,0.53,38.52,0.0
A20,96,2024-11-04,24.300290866185236,-0.6997091338348262,0.2775859774807987,60.0,23.0,3.0,0.0,1.0,0.0,0.0,0.0,0.7,0,0,0.2,0.53,38.52,0.0
A20,97,2024-11-11,20.353816910151494,-3.7639454707785838,0.27342218781858674,61.0,0.0,0.0,0.0,0.0,0.0,0.0,0.0,0.7,0,0,0.2,0.53,38.52,0.0
A20,98,2024-11-18,17.813624204219845,-3.859611047520275,0.2693208550013079,62.0,49.0,11.0,0.0,0.0,0.0,0.0,0.0,0.7,0,0,0.2,0.53,38.52,0.0
A20,99,2024-11-25,20.630220531671185,2.4325031950729397,0.2652810421762883,63.0,0.0,0.0,0.0,1.0,0.0,0.0,0.0,0.7,0,0,0.2,0.53,38.52,0.0
A20,100,2024-12-02,10.50567823699139,-3.8584013039772085,0.261301826543644,64.0,55.0,14.0,0.0,2.0,0.0,0.0,0.0,0.7,0,0,0.2,0.53,38.52,0.0
A20,101,2024-12-09,4.894584834281358,-5.882702592076094,0.2573822991454893,65.0,14.0,0.0,0.0,0.0,0.0,0.0,0.0,0.7,0,0,0.2,0.53,38.52,0.0
A20,102,2024-12-16,9.030155879620525,1.1992813092727852,0.253521564658307,66.0,21.0,21.0,0.0,2.0,0.0,0.0,0.0,0.7,0,0,0.2,0.53,38.52,0.0
A20,103,2024-12-23,6.798855268075274,1.129540797351761,0.24971874118843237,67.0,0.0,0.0,0.0,0.0,0.0,0.0,0.0,0.7,0,0,0.2,0.53,38.52,0.0
A20,104,2024-12-30,2.346757710136586,-0.16983482096784863,0.24597296007060587,68.0,0.0,0.0,0.0,0.0,0.0,0.0,0.0,0.7,0,0,0.2,0.53,38.52,0.0
A20,105,2025-01-06,1.1063221294462162,-1.4373023883600913,0.24228336566954678,69.0,40.0,0.0,0.0,0.0,0.0,0.0,0.0,0.7,0,0,0.2,0.53,38.52,0.0
A20,106,2025-01-13,1.7483270210251707,-0.8589719786939449,0.23864911518450357,70.0,20.0,0.0,0.0,2.0,0.0,0.0,0.0,0.7,0,0,0.2,0.53,38.52,0.0
A20,107,2025-01-20,1.0694034776767818,-1.6774889337938192,0.235069378456736,71.0,41.0,23.0,0.0,1.0,0.0,0.0,0.0,0.7,0,0,0.2,0.53,38.52,0.0
A20,108,2025-01-27,1.3753788458896932,-1.6560765788242484,0.23154333777988495,72.0,14.0,0.0,0.0,0.0,0.0,0.0,0.0,0.7,0,0,0.2,0.53,38.52,0.0
A20,109,2025-02-03,1.7844316635663784,-1.7857881368511936,0.22807018771318668,73.0,12.0,12.0,0.0,0.0,1.0,0.0,0.0,0.7,0,0,0.2,0.53,38.52,0.0
A20,110,2025-02-10,3.9442508029309833,-0.5719145792615095,0.22688543559788826,74.0,7.0,0.0,0.0,0.0,0.0,0.0,0.0,0.7,0,0,0.2,0.53,38.52,0.0
A20,111,2025-02-17,3.46564711832377,-2.5876077520903413,0.22688543559788826,75.0,13.0,0.0,0.0,0.0,0.0,0.0,0.0,0.7,0,0,0.2,0.53,38.52,0.0
A20,112,2025-02-24,4.644678304118655,-3.713648580951917,0.22688543559788826,76.0,38.0,23.0,0.0,0.0,0.0,0.0,0.0,0.7,0,0,0.2,0.53,38.52,0.0
A20,113,2025-03-03,14.862139298553855,3.3263129411877923,0.22688543559788826,77.0,15.0,0.0,0.0,0.0,0.0,0.0,0.0,0.7,0,0,0.2,0.53,38.52,0.0
A20,114,2025-03-10,11.425687791304847,-4.112258463907498,0.22688543559788826,78.0,0.0,0.0,0.0,0.0,0.0,0.0,0.0,0.7,0,0,0.2,0.53,38.52,0.0
A20,115,2025-03-17,14.710396063483866,-5.388990521817089,0.22688543559788826,79.0,24.0,22.0,0.0,0.0,0.0,0.0,0.0,0.7,0,0,0.2,0.53,38.52,0.0
A20,116,2025-03-24,14.120368981210266,-10.604177639241271,0.22688543559788826,80.0,18.0,0.0,0.0,1.0,0.0,0.0,0.0,0.7,0,0,0.2,0.53,38.52,0.0
A20,117,2025-03-31,15.169784775921038,-13.585414795367388,0.22688543559788826,81.0,16.0,0.0,0.0,0.0,0.0,0.0,0.0,0.7,0,0,0.2,0.53,38.52,0.0
A20,118,2025-04-07,9.5303887510113,-21.986094263448884,0.22688543559788826,82.0,18.0,0.0,0.0,0.0,0.0,0.0,0.0,0.7,0,0,0.2,0.53,38.52,0.0
A20,119,2025-04-14,29.65160808089796,-2.848391919102095,0.22688543559788826,83.0,17.0,0.0,0.0,0.0,0.0,0.0,0.0,0.7,0,0,0.2,0.53,38.52,0.0
A20,120,2025-04-21,23.966000022425423,-7.550482992035295,0.22688543559788826,84.0,41.0,0.0,0.0,0.0,0.0,0.0,0.0,0.7,0,0,0.2,0.53,38.52,0.0
A20,121,2025-04-28,17.55480307275306,-11.200396498540243,0.22688543559788826,85.0,73.0,0.0,0.0,0.0,0.0,0.0,0.0,0.7,0,0,0.2,0.53,38.52,0.0
A20,122,2025-05-05,15.317320986982521,-9.407225633509649,0.22688543559788826,86.0,14.0,14.0,0.0,0.0,0.0,0.0,0.0,0.7,0,0,0.2,0.53,38.52,0.0
A20,123,2025-05-12,16.904111429097995,-3.1952751565154394,0.22688543559788826,87.0,0.0,0.0,0.0,0.0,0.0,0.0,0.0,0.7,0,0,0.2,0.53,38.52,0.0
A20,124,2025-05-19,5.861196338434335,-9.6767499189964,0.22688543559788826,88.0,11.0,0.0,0.0,0.0,0.0,0.0,0.0,0.7,0,0,0.2,0.53,38.52,0.0
A20,125,2025-05-26,6.09955701050708,-5.436269361397203,0.22688543559788826,89.0,37.0,17.0,0.0,0.0,0.0,0.0,0.0,0.7,0,0,0.2,0.53,38.52,0.0
A20,126,2025-06-02,3.650154027869116,-4.708172945152571,0.22688543559788826,90.0,51.0,0.0,0.0,0.0,0.0,0.0,0.0,0.7,0,0,0.2,0.53,38.52,0.0
A20,127,2025-06-09,7.314374608364773,1.2611192467851584,0.22688543559788826,91.0,0.0,0.0,0.0,1.0,0.0,0.0,0.0,0.7,0,0,0.2,0.53,38.52,0.0
A20,128,2025-06-16,3.9882811464584873,-0.5278867677754362,0.22688543559788826,92.0,0.0,0.0,0.0,0.0,0.0,0.0,0.0,0.7,0,0,0.2,0.53,38.52,0.0
A20,129,2025-06-23,1.073479452139787,-2.496752397810341,0.22688543559788826,93.0,24.0,0.0,0.0,0.0,0.0,0.0,0.0,0.7,0,0,0.2,0.53,38.52,1.0
A20,130,2025-06-30,1.160047343963292,-1.87146101369265,0.22688543559788826,94.0,30.0,21.0,0.0,0.0,0.0,0.0,0.0,0.7,0,0,0.2,0.53,38.52,1.0
A20,131,2025-07-07,1.7047943367980276,-1.0423127283372178,0.22688543559788826,95.0,44.0,9.0,0.0,0.0,0.0,0.0,0.0,0.7,0,0,0.2,0.53,38.52,1.0
A20,132,2025-07-14,1.4368970611962826,-1.1712054776397698,0.22688543559788826,96.0,66.0,21.0,0.0,0.0,0.0,0.0,0.0,0.7,0,0,0.2,0.53,38.52,1.0
A20,133,2025-07-21,1.0411901089186855,-1.5052111294795725,0.22688543559788826,97.0,5.0,0.0,0.0,1.0,0.0,0.0,1.0,0.7,0,0,0.2,0.53,38.52,0.0
A20,134,2025-07-28,3.2423655298735468,0.7169154453543727,0.22688543559788826,98.0,0.0,0.0,0.0,0.0,0.0,0.0,1.0,0.7,0,0,0.2,0.53,38.52,0.0
A20,135,2025-08-04,1.8360385027969797,-0.695948090089251,0.22688543559788826,99.0,21.0,0.0,0.0,0.0,1.0,1.0,2.0,0.7,0,0,0.2,0.53,38.52,1.0
A20,136,2025-08-11,1.974712784527435,-0.5981524761695425,0.22688543559788826,99.0,0.0,0.0,0.0,2.0,2.0,0.0,6.0,0.7,0,0,0.2,0.53,38.52,1.0
A20,137,2025-08-18,1.3665325098002075,-1.3119881914629803,0.22688543559788826,99.0,42.0,7.0,0.0,0.0,0.0,0.0,11.0,0.7,0,0,0.2,0.53,38.52,1.0
A20,138,2025-08-25,2.4374425865549605,-0.474837571874946,0.22688543559788826,99.0,15.0,0.0,0.0,2.0,1.0,0.0,16.0,0.7,0,0,0.2,0.53,38.52,1.0
A20,139,2025-09-01,1.9238088711870232,-1.4574273564439553,0.22688543559788826,99.0,46.0,22.0,0.0,2.0,0.0,0.0,15.0,0.7,0,0,0.2,0.53,38.52,0.0
A20,140,2025-09-08,2.495430905187257,-1.7439381425352347,0.22688543559788826,99.0,7.0,0.0,0.0,3.0,0.0,0.0,10.0,0.7,0,0,0.2,0.53,38.52,0.0
A20,141,2025-09-15,4.563712772806709,-1.1056046525502747,0.22688543559788826,99.0,31.0,17.0,0.0,3.0,1.0,0.0,9.0,0.7,0,0,0.2,0.53,38.52,1.0
A20,142,2025-09-22,2.8781341479524682,-4.952741081663111,0.22688543559788826,99.0,0.0,0.0,0.0,0.0,0.0,0.0,3.0,0.7,0,0,0.2,0.53,38.52,3.0
A20,143,2025-09-29,12.251124776102722,1.4738372121298173,0.22688543559788826,99.0,0.0,0.0,0.0,0.0,0.0,0.0,1.0,0.7,0,0,0.2,0.53,38.52,3.0
A20,144,2025-10-06,9.952103389930626,-4.411976177911177,0.22688543559788826,99.0,0.0,0.0,0.0,1.0,0.0,0.0,1.0,0.7,0,0,0.2,0.53,38.52,3.0
A20,145,2025-10-13,18.51986097427604,0.3221436327685474,0.22688543559788826,99.0,2.0,2.0,0.0,0.0,0.0,0.0,0.0,0.7,0,0,0.2,0.53,38.52,2.0
A20,146,2025-10-20,9.668742598937355,-12.004492653641405,0.22688543559788826,99.0,41.0,16.0,0.0,0.0,0.0,0.0,0.0,0.7,0,0,0.2,0.53,38.52,0.0
A20,147,2025-10-27,11.348185777762422,-12.769576603298988,0.22688543559788826,99.0,6.0,0.0,0.0,0.0,0.0,0.0,0.0,0.7,0,0,0.2,0.53,38.52,0.0
A20,148,2025-11-03,10.82034146076523,-14.179658539254833,0.22688543559788826,99.0,0.0,0.0,0.0,0.0,0.0,0.0,0.0,0.7,0,0,0.2,0.53,38.52,0.0
A20,149,2025-11-10,17.1118270813614,-7.0059352995686766,0.22688543559788826,99.0,21.0,21.0,0.0,0.0,0.0,0.0,0.0,0.7,0,0,0.2,0.53,38.52,0.0
A20,150,2025-11-17,14.416730036940148,-7.256505214799972,0.22688543559788826,99.0,0.0,0.0,0.0,0.0,0.0,0.0,0.0,0.7,0,0,0.2,0.53,38.52,0.0
A20,151,2025-11-24,10.053985392122582,-8.143731944475663,0.22688543559788826,99.0,29.0,0.0,0.0,0.0,0.0,0.0,0.0,0.7,0,0,0.2,0.53,38.52,0.0
A20,152,2025-12-01,6.547108359046041,-7.816971181922558,0.22688543559788826,99.0,22.0,0.0,0.0,0.0,0.0,0.0,0.0,0.7,0,0,0.2,0.53,38.52,0.0
A20,153,2025-12-08,4.496724726017672,-6.28056270033978,0.22688543559788826,99.0,7.0,0.0,0.0,1.0,0.0,0.0,0.0,0.7,0,0,0.2,0.53,38.52,0.0
A20,154,2025-12-15,5.004421978648225,-2.826452591699514,0.609845498476804,0.0,7.0,7.0,0.0,0.0,1.0,0.0,0.0,0.7,0,0,0.2,0.53,38.52,0.0
A20,155,2025-12-22,3.1309294734634445,-2.538384997260068,0.600697815999652,1.0,23.0,9.0,9.0,0.0,0.0,0.0,0.0,0.7,0,0,0.2,0.53,38.52,1.0
A21,0,2023-01-02,2.4746201767598714,-0.04197235434456337,0.17176371706149288,99.0,24.0,24.0,0.0,0.0,0.0,0.0,0.0,0.6,0,0,0.15,1.07,38.67,0.0
A21,1,2023-01-09,5.464184623890101,2.9205601060837934,0.1691872613055705,99.0,4.0,4.0,0.0,0.0,0.0,0.0,0.0,0.6,0,0,0.15,1.07,38.67,0.0
A21,2,2023-01-16,3.1665554346764515,0.5592564349573359,0.16664945238598694,99.0,0.0,0.0,0.0,0.0,0.0,0.0,0.0,0.6,0,0,0.15,1.07,38.67,0.0
A21,3,2023-01-23,5.355525430567858,2.608633019097257,0.16414971060019715,99.0,24.0,24.0,0.0,0.0,0.0,0.0,0.0,0.6,0,0,0.15,1.07,38.67,0.0
A21,4,2023-01-30,3.1441642946210884,0.11270886990714679,0.16168746494119418,99.0,0.0,0.0,0.0,0.0,0.0,0.0,0.0,0.6,0,0,0.15,1.07,38.67,0.0
A21,5,2023-02-06,4.861963716927976,1.2917439165104039,0.15926215296707627,99.0,12.0,0.0,0.0,0.0,0.0,0.0,0.0,0.6,0,0,0.15,1.07,38.67,0.0
A21,6,2023-02-13,5.536653255066952,1.020487872874459,0.15687322067257012,99.0,7.0,0.0,0.0,0.0,0.0,0.0,0.0,0.6,0,0,0.15,1.07,38.67,0.0
A21,7,2023-02-20,4.1769105294213515,-1.8763443409927598,0.15452012236248155,99.0,9.0,9.0,0.0,0.0,0.0,0.0,0.0,0.6,0,0,0.15,1.07,38.67,0.0
A21,8,2023-02-27,17.224283718596805,8.865956833526234,0.15220232052704433,99.0,0.0,0.0,0.0,0.0,0.0,0.0,0.0,0.6,0,0,0.15,1.07,38.67,0.0
A21,9,2023-03-06,13.75355473720729,2.217728379841228,0.14991928571913865,99.0,30.0,9.0,0.0,0.0,0.0,0.0,0.0,0.6,0,0,0.15,1.07,38.67,0.0
A21,10,2023-03-13,25.2209527096861,9.683006454473754,0.14767049643335156,99.0,24.0,6.0,0.0,2.0,0.0,0.0,0.0,0.6,0,0,0.15,1.07,38.67,0.0
A21,11,2023-03-20,19.309994177405443,-0.7893924078955123,0.49979388530733276,0.0,0.0,0.0,0.0,1.0,0.0,0.0,0.0,0.6,0,0,0.15,1.07,38.67,0.0
A21,12,2023-03-27,29.17302725441357,4.448480633962031,0.4922969770277228,1.0,43.0,22.0,7.0,1.0,0.0,0.0,0.0,0.6,0,0,0.15,1.07,38.67,0.0
A21,13,2023-04-03,26.537632790168786,-2.21756678111964,0.4849125223723069,2.0,24.0,0.0,0.0,0.0,0.0,0.0,0.0,0.6,0,0,0.15,1.07,38.67,0.0
A21,14,2023-04-10,60.718820007388764,29.202336992928583,0.4776388345367223,3.0,30.0,0.0,0.0,0.0,0.0,0.0,0.0,0.6,0,0,0.15,1.07,38.67,0.0
A21,15,2023-04-17,45.30316566412657,12.80316566412651,0.47047425201867143,4.0,38.0,17.0,0.0,0.0,0.0,0.0,0.0,0.6,0,0,0.15,1.07,38.67,0.0
A21,16,2023-04-24,44.79618434514003,13.279701330679309,0.46341713823839137,5.0,24.0,0.0,0.0,0.0,0.0,0.0,0.0,0.6,0,0,0.15,1.07,38.67,0.0
A21,17,2023-05-01,57.819530026932185,29.06433045563888,0.4564658811648155,6.0,30.0,0.0,0.0,0.0,0.0,0.0,0.0,0.6,0,0,0.15,1.07,38.67,0.0
A21,18,2023-05-08,46.32397036938771,21.59942374889554,0.44961889294734325,7.0,60.0,42.0,0.0,0.0,0.0,0.0,0.0,0.6,0,0,0.15,1.07,38.67,0.0
A21,19,2023-05-15,32.84182105634857,12.742434470735137,0.44287460955313307,8.0,42.0,0.0,0.0,0.0,0.0,0.0,0.0,0.6,0,0,0.15,1.07,38.67,0.0
A21,20,2023-05-22,11.808553686939922,-3.7293925704908126,0.43623149040983605,9.0,14.0,0.0,0.0,0.0,0.0,0.0,0.0,0.6,0,0,0.15,1.07,38.67,0.0
A21,21,2023-05-29,11.303511039679307,-0.23231533222497625,0.4296880180536885,10.0,0.0,0.0,0.0,0.0,0.0,0.0,0.0,0.6,0,0,0.15,1.07,38.67,0.0
A21,22,2023-06-05,7.352504385688808,-1.0058225873328785,0.42324269778288315,11.0,16.0,0.0,0.0,0.0,0.0,0.0,0.0,0.6,0,0,0.15,1.07,38.67,0.0
A21,23,2023-06-12,9.76082131204693,3.707565950467316,0.4168940573161399,12.0,0.0,0.0,0.0,0.0,0.0,0.0,0.0,0.6,0,0,0.15,1.07,38.67,0.0
A21,24,2023-06-19,5.992661028235738,1.4764931140018147,0.41064064645639775,13.0,14.0,0.0,0.0,0.0,0.0,0.0,0.0,0.6,0,0,0.15,1.07,38.67,0.0
A21,25,2023-06-26,2.7431166491983086,-0.8271152007518192,0.40448103675955177,14.0,13.0,0.0,0.0,0.0,0.0,0.0,0.0,0.6,0,0,0.15,1.07,38.67,0.0
A21,26,2023-07-03,3.5471461551318066,0.5156377974758648,0.3984138212081585,15.0,26.0,0.0,0.0,0.0,0.0,0.0,0.0,0.6,0,0,0.15,1.07,38.67,0.0
A21,27,2023-07-10,2.0355226481173925,-0.7115844170178529,0.3924376138900361,16.0,0.0,0.0,0.0,0.0,0.0,0.0,0.0,0.6,0,0,0.15,1.07,38.67,0.0
A21,28,2023-07-17,3.2000349794359435,0.5919324405998911,0.3865510496816856,17.0,0.0,0.0,0.0,0.0,0.0,0.0,0.0,0.6,0,0,0.15,1.07,38.67,0.0
A21,29,2023-07-24,1.7832619764564874,-0.7631392619417705,0.3807527839364603,18.0,33.0,0.0,0.0,1.0,0.0,0.0,0.0,0.6,0,0,0.15,1.07,38.67,0.0
A21,30,2023-07-31,3.7986755713916303,1.2732254868724562,0.3750414921774134,19.0,0.0,0.0,0.0,0.0,0.0,0.0,0.0,0.6,0,0,0.15,1.07,38.67,0.0
A21,31,2023-08-07,3.6126250892657246,1.080638496379494,0.36941586979475216,20.0,0.0,0.0,0.0,1.0,0.0,0.0,0.0,0.6,0,0,0.15,1.07,38.67,0.0
A21,32,2023-08-14,6.2710618181743065,3.698196557477329,0.36387463174783086,21.0,3.0,0.0,0.0,0.0,0.0,0.0,0.0,0.6,0,0,0.15,1.07,38.67,0.0
A21,33,2023-08-21,4.5048917757238405,1.8263710744606527,0.35841651227161336,22.0,9.0,0.0,0.0,0.0,0.0,0.0,0.0,0.6,0,0,0.15,1.07,38.67,0.0
A21,34,2023-08-28,3.139488522520899,0.22720836409099254,0.3530402645875392,23.0,15.0,15.0,0.0,1.0,0.0,0.0,0.0,0.6,0,0,0.15,1.07,38.67,1.0
A21,35,2023-09-04,5.627748631857325,2.2465124042263467,0.3477446606187261,24.0,3.0,3.0,0.0,0.0,0.0,0.0,0.0,0.6,0,0,0.15,1.07,38.67,1.0
A21,36,2023-09-11,3.2490922240687965,-0.9902768236536952,0.7320954733251126,0.0,32.0,12.0,0.0,0.0,0.0,0.0,0.0,0.6,0,0,0.15,1.07,38.67,1.0
A21,37,2023-09-18,5.059900742417176,-0.6094166829398082,0.7211140412252359,1.0,6.0,0.0,0.0,0.0,0.0,0.0,0.0,0.6,0,0,0.15,1.07,38.67,1.0
A21,38,2023-09-25,10.99914695562067,3.1682717260050914,0.7102973306068574,2.0,36.0,0.0,0.0,0.0,0.0,0.0,0.0,0.6,0,0,0.15,1.07,38.67,0.0
A21,39,2023-10-02,6.329347091477929,-4.4479404724949765,0.6996428706477545,3.0,73.0,23.0,0.0,0.0,0.0,0.0,0.0,0.6,0,0,0.15,1.07,38.67,1.0
A21,40,2023-10-09,17.72308261163075,3.359003043788949,0.6891482275880382,4.0,0.0,0.0,0.0,1.0,1.0,0.0,0.0,0.6,0,0,0.15,1.07,38.67,1.0
A21,41,2023-10-16,15.916360850507642,-2.2813564909998494,0.6788110041742176,5.0,0.0,0.0,0.0,0.0,1.0,0.0,0.0,0.6,0,0,0.15,1.07,38.67,1.0
A21,42,2023-10-23,28.06937491696783,6.3961396643890716,0.6686288391116043,6.0,10.0,0.0,0.0,0.0,0.0,0.0,0.0,0.6,0,0,0.15,1.07,38.67,1.0
A21,43,2023-10-30,20.674156112771886,-3.4436062682895248,0.6585994065249302,7.0,17.0,0.0,0.0,0.0,0.0,0.0,0.0,0.6,0,0,0.15,1.07,38.67,0.0
A21,44,2023-11-06,36.252423139438434,11.252423139418372,0.6487204154270563,8.0,17.0,0.0,0.0,1.0,0.0,0.0,0.0,0.6,0,0,0.15,1.07,38.67,0.0
A21,45,2023-11-13,30.351828016468986,6.234065635538908,0.6389896091956504,9.0,6.0,0.0,0.0,0.0,0.0,0.0,0.0,0.6,0,0,0.15,1.07,38.67,0.0
A21,46,2023-11-20,44.22763071055071,22.554395458810593,0.6294047650577156,10.0,22.0,0.0,0.0,1.0,0.0,0.0,1.0,0.6,0,0,0.15,1.07,38.67,0.0
A21,47,2023-11-27,22.800826912631972,4.603109576033727,0.6199636935818499,11.0,9.0,9.0,0.0,1.0,0.0,0.0,3.0,0.6,0,0,0.15,1.07,38.67,0.0
A21,48,2023-12-04,13.719925379189734,-0.6441541617788644,0.6106642381781221,12.0,31.0,31.0,0.0,1.0,0.0,0.0,5.0,0.6,0,0,0.15,1.07,38.67,0.0
A21,49,2023-12-11,12.356403186897884,1.5791157605404322,0.6015042746054503,13.0,13.0,3.0,0.0,0.0,0.0,0.0,6.0,0.6,0,0,0.15,1.07,38.67,1.0
A21,50,2023-12-18,6.114940328853318,-1.7159342414944216,0.5924817104863686,14.0,0.0,0.0,0.0,1.0,0.0,0.0,9.0,0.6,0,0,0.15,1.07,38.67,1.0
A21,51,2023-12-25,8.169108598567965,2.499794127844452,0.5835944848290731,15.0,0.0,0.0,0.0,1.0,3.0,0.0,9.0,0.6,0,0,0.15,1.07,38.67,1.0
A21,52,2024-01-01,3.0936555034530917,0.5770629723486569,0.5748405675566369,16.0,13.0,0.0,0.0,1.0,0.0,0.0,8.0,0.6,0,0,0.15,1.07,38.67,1.0
A21,53,2024-01-08,6.036405097518224,3.4927805797119165,0.5662179590432873,17.0,0.0,0.0,0.0,2.0,0.0,0.0,6.0,0.6,0,0,0.15,1.07,38.67,0.0
A21,54,2024-01-15,2.097344923740256,-0.5099540759788597,0.557724689657638,18.0,35.0,35.0,0.0,1.0,0.0,0.0,7.0,0.6,0,0,0.15,1.07,38.67,0.0
A21,55,2024-01-22,2.5011287743939215,-0.2457636370766796,0.5493588193127734,19.0,15.0,0.0,0.0,0.0,0.0,1.0,5.0,0.6,0,0,0.15,1.07,38.67,1.0
A21,56,2024-01-29,2.4781872834754752,-0.5532681412384663,0.5411184370230818,20.0,12.0,0.0,0.0,2.0,0.0,0.0,3.0,0.6,0,0,0.15,1.07,38.67,1.0
A21,57,2024-02-05,3.8453589670342283,0.27513916661665627,0.5330016604677356,21.0,17.0,0.0,0.0,0.0,0.0,0.0,3.0,0.6,0,0,0.15,1.07,38.67,2.0
A21,58,2024-02-12,5.161643074376568,0.645477692184075,0.5250066355607195,22.0,0.0,0.0,0.0,0.0,1.0,0.0,2.0,0.6,0,0,0.15,1.07,38.67,2.0
A21,59,2024-02-19,5.94122253954046,-0.11203233087365128,0.5171315360273087,23.0,12.0,0.0,0.0,0.0,0.0,0.0,1.0,0.6,0,0,0.15,1.07,38.67,1.0
A21,60,2024-02-26,12.224869306244617,3.866542421174046,0.509374562986899,24.0,38.0,0.0,0.0,0.0,0.0,0.0,1.0,0.6,0,0,0.15,1.07,38.67,1.0
A21,61,2024-03-04,9.295353966867571,-2.240472390498491,0.5017339445420955,25.0,7.0,7.0,0.0,0.0,0.0,0.0,0.0,0.6,0,0,0.15,1.07,38.67,0.0
A21,62,2024-03-11,21.94295418974668,6.405007934534334,0.49420793537396407,26.0,0.0,0.0,0.0,0.0,0.0,0.0,0.0,0.6,0,0,0.15,1.07,38.67,0.0
A21,63,2024-03-18,24.268119766502103,4.168733181201148,0.4867948163433546,27.0,14.0,0.0,0.0,0.0,0.0,0.0,0.0,0.6,0,0,0.15,1.07,38.67,0.0
A21,64,2024-03-25,24.620663462101472,-0.10388315835006523,0.4794928940982043,28.0,47.0,22.0,0.0,0.0,0.0,0.0,0.0,0.6,0,0,0.15,1.07,38.67,0.0
A21,65,2024-04-01,25.754021283836682,-3.0011782874517436,0.4723005006867312,29.0,0.0,0.0,0.0,0.0,0.0,0.0,0.0,0.6,0,0,0.15,1.07,38.67,0.0
A21,66,2024-04-08,73.6883265228472,42.17184350838703,0.4652159931764302,30.0,34.0,0.0,0.0,0.0,0.0,0.0,0.0,0.6,0,0,0.15,1.07,38.67,0.0
A21,67,2024-04-15,24.417181921073297,-8.08281807892676,0.45823775327878374,31.0,7.0,0.0,0.0,1.0,0.0,0.0,0.0,0.6,0,0,0.15,1.07,38.67,0.0
A21,68,2024-04-22,34.98037854239465,3.4638955279339285,0.45136418697960196,32.0,0.0,0.0,0.0,1.0,0.0,0.0,0.0,0.6,0,0,0.15,1.07,38.67,0.0
A21,69,2024-04-29,22.114686403557013,-6.640513167736291,0.44459372417490794,33.0,33.0,0.0,0.0,0.0,0.0,0.0,0.0,0.6,0,0,0.15,1.07,38.67,0.0
A21,70,2024-05-06,46.19002208018956,21.465475459697387,0.4379248183122843,34.0,54.0,15.0,0.0,0.0,0.0,0.0,0.0,0.6,0,0,0.15,1.07,38.67,0.0
A21,71,2024-05-13,27.41467657877383,7.315289993160395,0.4313559460376,35.0,14.0,0.0,0.0,1.0,0.0,0.0,0.0,0.6,0,0,0.15,1.07,38.67,0.0
A21,72,2024-05-20,12.254126288431856,-3.2838199689988787,0.424885606847036,36.0,5.0,0.0,0.0,1.0,0.0,0.0,0.0,0.6,0,0,0.15,1.07,38.67,0.0
A21,73,2024-05-27,13.802721421136258,2.266895049231975,0.4185123227443305,37.0,0.0,0.0,0.0,0.0,0.0,0.0,0.0,0.6,0,0,0.15,1.07,38.67,0.0
A21,74,2024-06-03,9.147236270039762,0.7889092970180762,0.4122346379031655,38.0,6.0,0.0,0.0,0.0,0.0,0.0,0.0,0.6,0,0,0.15,1.07,38.67,0.0
A21,75,2024-06-10,5.051966315631292,-1.0012890459483224,0.406051118334618,39.0,18.0,0.0,0.0,0.0,0.0,0.0,0.0,0.6,0,0,0.15,1.07,38.67,0.0
A21,76,2024-06-17,5.888617814740873,1.3724499005069495,0.3999603515595987,40.0,2.0,2.0,0.0,0.0,0.0,0.0,0.0,0.6,0,0,0.15,1.07,38.67,0.0
A21,77,2024-06-24,4.091400878670874,0.5211690287207462,0.3939609462862047,41.0,4.0,0.0,0.0,0.0,0.0,0.0,0.0,0.6,0,0,0.15,1.07,38.67,0.0
A21,78,2024-07-01,3.2692312101015,0.23772285244555835,0.3880515320919116,42.0,28.0,4.0,0.0,0.0,0.0,0.0,0.0,0.6,0,0,0.15,1.07,38.67,0.0
A21,79,2024-07-08,2.7070960246279694,-0.040011040507276,0.38223075911053295,43.0,0.0,0.0,0.0,0.0,0.0,0.0,0.0,0.6,0,0,0.15,1.07,38.67,0.0
A21,80,2024-07-15,3.0328174311280383,0.4247148922919859,0.37649729772387497,44.0,40.0,0.0,0.0,0.0,0.0,0.0,0.0,0.6,0,0,0.15,1.07,38.67,0.0
A21,81,2024-07-22,2.7592716910188444,0.21287045262058646,0.3708498382580168,45.0,34.0,21.0,0.0,0.0,0.0,0.0,0.0,0.6,0,0,0.15,1.07,38.67,0.0
A21,82,2024-07-29,2.578227029137252,0.052776944618078137,0.36528709068414655,46.0,29.0,0.0,0.0,0.0,0.0,0.0,0.0,0.6,0,0,0.15,1.07,38.67,0.0
A21,83,2024-08-05,2.023135708237298,-0.5088508846489326,0.3598077843238843,47.0,33.0,23.0,0.0,1.0,0.0,0.0,0.0,0.6,0,0,0.15,1.07,38.67,0.0
A21,84,2024-08-12,4.654517947809278,2.081652687112301,0.35441066755902606,48.0,10.0,0.0,0.0,1.0,0.0,0.0,0.0,0.6,0,0,0.15,1.07,38.67,0.0
A21,85,2024-08-19,1.854504760261332,-0.8240159410018557,0.34909450754564064,49.0,68.0,23.0,0.0,0.0,0.0,0.0,0.0,0.6,0,0,0.15,1.07,38.67,0.0
A21,86,2024-08-26,3.3824794666091154,0.47019930817920885,0.34385808993245603,50.0,22.0,0.0,0.0,1.0,0.0,0.0,0.0,0.6,0,0,0.15,1.07,38.67,0.0
A21,87,2024-09-02,3.022720128025047,-0.35851609960593134,0.3387002185834692,51.0,35.0,0.0,0.0,0.0,0.0,0.0,0.0,0.6,0,0,0.15,1.07,38.67,0.0
A21,88,2024-09-09,7.847978580603805,3.6086095328813137,0.3336197153047172,52.0,17.0,0.0,0.0,0.0,0.0,0.0,0.0,0.6,0,0,0.15,1.07,38.67,0.0
A21,89,2024-09-16,4.132364820766384,-1.5369526045906001,0.3286154195751464,53.0,38.0,0.0,0.0,0.0,0.0,0.0,0.0,0.6,0,0,0.15,1.07,38.67,1.0
A21,90,2024-09-23,6.054078282032095,-1.7767969475834837,0.3236861882815192,54.0,45.0,24.0,0.0,0.0,0.0,0.0,0.0,0.6,0,0,0.15,1.07,38.67,2.0
A21,91,2024-09-30,7.675278613411055,-3.10200895056185,0.31883089545729637,55.0,13.0,3.0,0.0,0.0,0.0,0.0,0.0,0.6,0,0,0.15,1.07,38.67,2.0
A21,92,2024-10-07,16.08590437050032,1.7218248026585172,0.3140484320254369,56.0,18.0,18.0,0.0,0.0,0.0,0.0,0.0,0.6,0,0,0.15,1.07,38.67,2.0
A21,93,2024-10-14,11.25405417194025,-6.943663169567241,0.30933770554505535,57.0,18.0,0.0,0.0,0.0,0.0,0.0,0.0,0.6,0,0,0.15,1.07,38.67,1.0
A21,94,2024-10-21,18.33099105233571,-3.3422442002430515,0.30469763996187954,58.0,0.0,0.0,0.0,1.0,0.0,0.0,0.0,0.6,0,0,0.15,1.07,38.67,0.0
A21,95,2024-10-28,11.35457287526434,-12.76318950579707,0.30012717536245137,59.0,12.0,12.0,0.0,1.0,0.0,0.0,0.0,0.6,0,0,0.15,1.07,38.67,0.0
A21,96,2024-11-04,27.194732564023674,2.194732564003612,0.2956252677320146,60.0,27.0,0.0,0.0,0.0,0.0,0.0,0.0,0.6,0,0,0.15,1.07,38.67,0.0
A21,97,2024-11-11,20.24430251569079,-3.873459865239287,0.2911908887160344,61.0,17.0,0.0,0.0,1.0,1.0,0.0,0.0,0.6,0,0,0.15,1.07,38.67,0.0
A21,98,2024-11-18,12.874623975938366,-8.798611275801754,0.28682302538529386,62.0,0.0,0.0,0.0,0.0,0.0,0.0,0.0,0.6,0,0,0.15,1.07,38.67,0.0
A21,99,2024-11-25,26.609264807845822,8.411547471247577,0.28252068000451447,63.0,76.0,29.0,0.0,0.0,0.0,0.0,0.0,0.6,0,0,0.15,1.07,38.67,0.0
A21,100,2024-12-02,9.088839201554947,-5.275240339413651,0.2782828698044468,64.0,12.0,0.0,0.0,0.0,0.0,0.0,0.0,0.6,0,0,0.15,1.07,38.67,0.0
A21,101,2024-12-09,14.244504669629256,3.4672172432718043,0.27410862675738007,65.0,23.0,0.0,0.0,0.0,0.0,0.0,0.0,0.6,0,0,0.15,1.07,38.67,0.0
A21,102,2024-12-16,6.127028652579354,-1.7038459177683851,0.26999699735601934,66.0,0.0,0.0,0.0,0.0,0.0,0.0,0.0,0.6,0,0,0.15,1.07,38.67,0.0
A21,103,2024-12-23,9.930573076857055,4.261258606133542,0.26594704239567907,67.0,31.0,10.0,0.0,0.0,0.0,0.0,0.0,0.6,0,0,0.15,1.07,38.67,0.0
A21,104,2024-12-30,3.271499704309184,0.754907173204749,0.2619578367597439,68.0,42.0,23.0,0.0,0.0,0.0,0.0,0.0,0.6,0,0,0.15,1.07,38.67,0.0
A21,105,2025-01-06,1.1618230525574746,-1.3818014652488328,0.2580284692083477,69.0,9.0,0.0,0.0,0.0,0.0,0.0,0.0,0.6,0,0,0.15,1.07,38.67,0.0
A21,106,2025-01-13,1.2294329048718207,-1.377866094847295,0.2541580421702225,70.0,19.0,0.0,0.0,1.0,0.0,0.0,0.0,0.6,0,0,0.15,1.07,38.67,0.0
A21,107,2025-01-20,2.2069713510739972,-0.5399210603966038,0.2503456715376691,71.0,28.0,0.0,0.0,0.0,0.0,0.0,0.0,0.6,0,0,0.15,1.07,38.67,0.0
A21,108,2025-01-27,1.7975553098021964,-1.2339001149117452,0.24659048646460408,72.0,35.0,19.0,0.0,0.0,0.0,0.0,0.0,0.6,0,0,0.15,1.07,38.67,0.0
A21,109,2025-02-03,2.1870954151966693,-1.3831243852209028,0.24289162916763501,73.0,13.0,6.0,0.0,0.0,0.0,0.0,0.0,0.6,0,0,0.15,1.07,38.67,0.0
A21,110,2025-02-10,4.58212998632126,0.06596460412876759,0.23924825473012049,74.0,0.0,0.0,0.0,0.0,0.0,0.0,0.0,0.6,0,0,0.15,1.07,38.67,0.0
A21,111,2025-02-17,3.0276056745155655,-3.025649195898546,0.23565953090916866,75.0,36.0,0.0,0.0,0.0,0.0,0.0,0.0,0.6,0,0,0.15,1.07,38.67,0.0
A21,112,2025-02-24,5.609312583389129,-2.7490143016814423,0.23212463794553112,76.0,42.0,20.0,0.0,0.0,0.0,0.0,0.0,0.6,0,0,0.15,1.07,38.67,0.0
A21,113,2025-03-03,10.472935309366196,-1.062891047999866,0.22864276837634814,77.0,44.0,7.0,0.0,1.0,0.0,0.0,0.0,0.6,0,0,0.15,1.07,38.67,0.0
A21,114,2025-03-10,13.405879540972148,-2.1320667142401977,0.2252131268507029,78.0,3.0,0.0,0.0,0.0,0.0,0.0,0.0,0.6,0,0,0.15,1.07,38.67,0.0
A21,115,2025-03-17,12.354766582771022,-7.744620002529933,0.22183492994794238,79.0,26.0,0.0,0.0,0.0,0.0,0.0,0.0,0.6,0,0,0.15,1.07,38.67,0.0
A21,116,2025-03-24,14.525366954417635,-10.199179666033903,0.21850740599872323,80.0,55.0,3.0,0.0,0.0,0.0,0.0,0.0,0.6,0,0,0.15,1.07,38.67,0.0
A21,117,2025-03-31,10.17008204690145,-18.585117524386973,0.2152297949087424,81.0,43.0,0.0,0.0,0.0,0.0,0.0,0.0,0.6,0,0,0.15,1.07,38.67,0.0
A21,118,2025-04-07,14.154633350396828,-17.361849664063353,0.21200134798511125,82.0,2.0,0.0,0.0,0.0,0.0,0.0,0.0,0.6,0,0,0.15,1.07,38.67,0.0
A21,119,2025-04-14,23.61501887302854,-8.884981126971518,0.20882132776533457,83.0,2.0,0.0,0.0,2.0,0.0,0.0,0.0,0.6,0,0,0.15,1.07,38.67,0.0
A21,120,2025-04-21,19.520574210065124,-11.995908804395594,0.20568900784885455,84.0,10.0,7.0,0.0,0.0,0.0,0.0,0.0,0.6,0,0,0.15,1.07,38.67,0.0
A21,121,2025-04-28,19.187521904522313,-9.56767766677099,0.20260367273112173,85.0,9.0,0.0,0.0,0.0,1.0,0.0,0.0,0.6,0,0,0.15,1.07,38.67,0.0
A21,122,2025-05-05,23.121256465799238,-1.6032901546929317,0.1995646176401549,86.0,0.0,0.0,0.0,0.0,0.0,0.0,0.0,0.6,0,0,0.15,1.07,38.67,0.0
A21,123,2025-05-12,8.622226036292844,-11.47716054932059,0.19657114837555256,87.0,37.0,0.0,0.0,0.0,0.0,0.0,0.0,0.6,0,0,0.15,1.07,38.67,0.0
A21,124,2025-05-19,9.298370370863612,-6.239575886567122,0.19362258114991926,88.0,51.0,3.0,0.0,1.0,0.0,0.0,0.0,0.6,0,0,0.15,1.07,38.67,0.0
A21,125,2025-05-26,8.010261846945383,-3.5255645249589005,0.19071824243267047,89.0,16.0,0.0,0.0,0.0,0.0,0.0,0.0,0.6,0,0,0.15,1.07,38.67,0.0
A21,126,2025-06-02,4.246178449119969,-4.112148523901717,0.1878574687961804,90.0,0.0,0.0,0.0,0.0,0.0,0.0,0.0,0.6,0,0,0.15,1.07,38.67,0.0
A21,127,2025-06-09,6.493685722209744,0.4404303606301294,0.1850396067642377,91.0,0.0,0.0,0.0,0.0,0.0,0.0,0.0,0.6,0,0,0.15,1.07,38.67,0.0
A21,128,2025-06-16,4.034515790390897,-0.4816521238430269,0.18226401266277412,92.0,3.0,0.0,0.0,0.0,0.0,0.0,0.0,0.6,0,0,0.15,1.07,38.67,0.0
A21,129,2025-06-23,2.5686854912071406,-1.0015463587429871,0.1795300524728325,93.0,36.0,0.0,0.0,0.0,0.0,0.0,0.0,0.6,0,0,0.15,1.07,38.67,1.0
A21,130,2025-06-30,3.6923330094019287,0.6608246517459868,0.17683710168574,94.0,0.0,0.0,0.0,1.0,0.0,0.0,0.0,0.6,0,0,0.15,1.07,38.67,1.0
A21,131,2025-07-07,1.0567013454205927,-1.6904057197146527,0.1741845451604539,95.0,14.0,6.0,0.0,0.0,0.0,0.0,0.0,0.6,0,0,0.15,1.07,38.67,1.0
A21,132,2025-07-14,1.6906885057976218,-0.9174140330384306,0.1715717769830471,96.0,5.0,0.0,0.0,0.0,0.0,0.0,0.0,0.6,0,0,0.15,1.07,38.67,1.0
A21,133,2025-07-21,1.881588009788481,-0.664813228609777,0.1689982003283014,97.0,0.0,0.0,0.0,1.0,0.0,0.0,0.0,0.6,0,0,0.15,1.07,38.67,0.0
A21,134,2025-07-28,1.1918921849284045,-1.3335578995907695,0.16646322732337687,98.0,30.0,10.0,0.0,1.0,0.0,0.0,2.0,0.6,0,0,0.15,1.07,38.67,0.0
A21,135,2025-08-04,1.8284550635843662,-0.7035315293018645,0.16396627891352622,99.0,34.0,0.0,0.0,1.0,1.0,0.0,2.0,0.6,0,0,0.15,1.07,38.67,2.0
A21,136,2025-08-11,1.1353413747255046,-1.437523885971473,0.16150678472982333,99.0,26.0,0.0,0.0,0.0,0.0,0.0,1.0,0.6,0,0,0.15,1.07,38.67,2.0
A21,137,2025-08-18,2.2170485077281494,-0.4614721935350383,0.15908418295887597,99.0,28.0,14.0,0.0,0.0,0.0,0.0,3.0,0.6,0,0,0.15,1.07,38.67,2.0
A21,138,2025-08-25,2.7411994681575873,-0.1710806902723192,0.15669792021449283,99.0,13.0,13.0,0.0,1.0,0.0,0.0,7.0,0.6,0,0,0.15,1.07,38.67,2.0
A21,139,2025-09-01,2.4175996427063953,-0.9636365849245832,0.15434745141127543,99.0,53.0,8.0,0.0,4.0,1.0,0.0,11.0,0.6,0,0,0.15,1.07,38.67,0.0
A21,140,2025-09-08,1.4407334112587933,-2.7986356364636986,0.1520322396401063,99.0,13.0,0.0,0.0,4.0,1.0,0.0,16.0,0.6,0,0,0.15,1.07,38.67,0.0
A21,141,2025-09-15,2.627172252137022,-3.0421451732199616,0.1497517560455047,99.0,39.0,2.0,0.0,2.0,1.0,1.0,15.0,0.6,0,0,0.15,1.07,38.67,0.0
A21,142,2025-09-22,6.202422042570302,-1.6284531870452765,0.1475054797048221,99.0,6.0,6.0,6.0,2.0,2.0,0.0,10.0,0.6,0,0,0.15,1.07,38.67,2.0
A21,143,2025-09-29,7.057405743263799,-3.719881820709106,0.14529289750924979,99.0,26.0,0.0,0.0,2.0,0.0,0.0,9.0,0.6,0,0,0.15,1.07,38.67,2.0
A21,144,2025-10-06,3.6365912876389466,-10.727488280202856,0.14311350404661102,99.0,9.0,0.0,0.0,2.0,0.0,0.0,6.0,0.6,0,0,0.15,1.07,38.67,2.0
A21,145,2025-10-13,18.274449529584967,0.07673218807747517,0.14096680148591187,99.0,11.0,0.0,0.0,2.0,0.0,0.0,3.0,0.6,0,0,0.15,1.07,38.67,2.0
A21,146,2025-10-20,14.777783851396036,-6.895451401182724,0.13885229946362318,99.0,8.0,0.0,0.0,1.0,0.0,0.0,1.0,0.6,0,0,0.15,1.07,38.67,0.0
A21,147,2025-10-27,11.769242360294069,-12.348520020767342,0.13676951497166884,99.0,23.0,23.0,0.0,0.0,0.0,0.0,0.0,0.6,0,0,0.15,1.07,38.67,0.0
A21,148,2025-11-03,23.01917048075506,-1.9808295192650007,0.1347179722470938,99.0,58.0,0.0,0.0,0.0,0.0,0.0,0.0,0.6,0,0,0.15,1.07,38.67,0.0
A21,149,2025-11-10,12.36693868344354,-11.750823697486538,0.1326972026633874,99.0,15.0,0.0,0.0,0.0,0.0,0.0,0.0,0.6,0,0,0.15,1.07,38.67,0.0
A21,150,2025-11-17,11.071087091646447,-10.602148160093673,0.13070674462343657,99.0,24.0,0.0,0.0,1.0,0.0,0.0,0.0,0.6,0,0,0.15,1.07,38.67,0.0
A21,151,2025-11-24,13.40914151418091,-4.788575822417336,0.12874614345408503,99.0,0.0,0.0,0.0,1.0,0.0,0.0,0.0,0.6,0,0,0.15,1.07,38.67,0.0
A21,152,2025-12-01,17.41463872426203,3.050559183293432,0.12681495130227374,99.0,0.0,0.0,0.0,1.0,0.0,0.0,0.0,0.6,0,0,0.15,1.07,38.67,0.0
A21,153,2025-12-08,12.36553911132606,1.5882516849686077,0.12491272703273963,99.0,17.0,0.0,0.0,0.0,0.0,0.0,0.0,0.6,0,0,0.15,1.07,38.67,0.0
A21,154,2025-12-15,5.772990942277704,-2.0578836280700354,0.3982979204208355,0.0,45.0,0.0,0.0,1.0,0.0,0.0,0.0,0.6,0,0,0.15,1.07,38.67,0.0
A21,155,2025-12-22,4.332393975028733,-1.3369204956947796,0.392323451614523,1.0,8.0,0.0,0.0,0.0,0.0,0.0,0.0,0.6,0,0,0.15,1.07,38.67,1.0
A22,0,2023-01-02,4.149857489873787,1.633264958769352,0.2761755659570493,99.0,32.0,32.0,0.0,0.0,0.0,0.0,0.0,0.9,1,0,0.45,-0.45,39.65,0.0
A22,1,2023-01-09,2.0478476286120126,-0.49577688919429486,0.27203293246769356,99.0,36.0,13.0,0.0,1.0,0.0,0.0,0.0,0.9,1,0,0.45,-0.45,39.65,0.0
A22,2,2023-01-16,4.083319615307534,1.4760206155884186,0.2679524384806781,99.0,0.0,0.0,0.0,0.0,0.0,0.0,0.0,0.9,1,0,0.45,-0.45,39.65,0.0
A22,3,2023-01-23,2.655646367497566,-0.09124604397303493,0.26393315190346794,99.0,43.0,36.0,0.0,0.0,0.0,0.0,0.0,0.9,1,0,0.45,-0.45,39.65,0.0
A22,4,2023-01-30,4.236145252130675,1.2046898274167335,0.2599741546249159,99.0,32.0,18.0,0.0,0.0,0.0,0.0,0.0,0.9,1,0,0.45,-0.45,39.65,0.0
A22,5,2023-02-06,4.121252179682415,0.5510323792648428,0.25607454230554216,99.0,13.0,0.0,0.0,0.0,0.0,0.0,0.0,0.9,1,0,0.45,-0.45,39.65,0.0
A22,6,2023-02-13,6.72767578642955,2.2115104042370577,0.252233424170959,99.0,23.0,23.0,0.0,1.0,0.0,0.0,0.0,0.9,1,0,0.45,-0.45,39.65,0.0
A22,7,2023-02-20,7.885896308425337,1.8326414380112253,0.24844992280839462,99.0,0.0,0.0,0.0,0.0,0.0,0.0,0.0,0.9,1,0,0.45,-0.45,39.65,0.0
A22,8,2023-02-27,3.5638493194774785,-4.794477565593093,0.2447231739662687,99.0,47.0,26.0,0.0,0.0,0.0,0.0,0.0,0.9,1,0,0.45,-0.45,39.65,1.0
A22,9,2023-03-06,15.351499838383608,3.815673481017546,0.24105232635677465,99.0,43.0,17.0,0.0,0.0,1.0,0.0,0.0,0.9,1,0,0.45,-0.45,39.65,1.0
A22,10,2023-03-13,24.31715971432683,8.779213459114485,0.23743654146142304,99.0,0.0,0.0,0.0,0.0,0.0,0.0,0.0,0.9,1,0,0.45,-0.45,39.65,1.0
A22,11,2023-03-20,29.368062362815866,9.268675777514911,0.23387499333950168,99.0,29.0,5.0,0.0,0.0,0.0,0.0,0.0,0.9,1,0,0.45,-0.45,39.65,1.0
A22,12,2023-03-27,29.81569732194355,5.091150701492012,0.23036686843940915,99.0,35.0,26.0,22.0,1.0,0.0,0.0,0.0,0.9,1,0,0.45,-0.45,39.65,0.0
A22,13,2023-04-03,63.861632394081326,35.1064328227929,0.226911365412818,99.0,27.0,0.0,0.0,0.0,0.0,0.0,0.0,0.9,1,0,0.45,-0.45,39.65,0.0
A22,14,2023-04-10,43.931641597811165,12.415158583350983,0.22350769493162573,99.0,91.0,40.0,0.0,0.0,0.0,0.0,0.0,0.9,1,0,0.45,-0.45,39.65,0.0
A22,15,2023-04-17,47.350117242789,14.85011724278894,0.22015507950765134,99.0,13.0,13.0,0.0,0.0,0.0,0.0,0.0,0.9,1,0,0.45,-0.45,39.65,0.0
A22,16,2023-04-24,56.782398577587514,25.265915563126796,0.21685275331503656,99.0,51.0,25.0,0.0,0.0,0.0,0.0,0.0,0.9,1,0,0.45,-0.45,39.65,0.0
A22,17,2023-05-01,40.80765583217424,12.052456260880938,0.213599962015311,99.0,0.0,0.0,0.0,1.0,0.0,0.0,0.0,0.9,1,0,0.45,-0.45,39.65,0.0
A22,18,2023-05-08,22.5702773248096,-2.154269295682571,0.21039596258508134,99.0,34.0,8.0,0.0,1.0,0.0,0.0,0.0,0.9,1,0,0.45,-0.45,39.65,0.0
A22,19,2023-05-15,10.701829979456589,-9.397556606156845,0.2072400231463051,99.0,46.0,7.0,0.0,0.0,0.0,0.0,0.0,0.9,1,0,0.45,-0.45,39.65,0.0
A22,20,2023-05-22,16.43538139883204,0.8974351414013046,0.20413142279911053,99.0,40.0,40.0,0.0,2.0,0.0,0.0,0.0,0.9,1,0,0.45,-0.45,39.65,0.0
A22,21,2023-05-29,18.820223595453353,7.284397223549069,0.20106945145712388,99.0,75.0,51.0,0.0,1.0,0.0,0.0,0.0,0.9,1,0,0.45,-0.45,39.65,0.0
A22,22,2023-06-05,9.233314820683473,0.8749878476617869,0.19805340968526702,99.0,30.0,0.0,0.0,2.0,0.0,0.0,0.0,0.9,1,0,0.45,-0.45,39.65,0.0
A22,23,2023-06-12,10.015683207752375,3.9624278461727602,0.19626689966490812,99.0,16.0,6.0,0.0,0.0,0.0,0.0,0.0,0.9,1,0,0.45,-0.45,39.65,0.0
A22,24,2023-06-19,5.9468534072417025,1.430685493007779,0.19626689966490812,99.0,12.0,12.0,0.0,0.0,0.0,0.0,0.0,0.9,1,0,0.45,-0.45,39.65,0.0
A22,25,2023-06-26,7.00481110405957,3.434579254109442,0.19626689966490812,99.0,22.0,0.0,0.0,0.0,0.0,0.0,0.0,0.9,1,0,0.45,-0.45,39.65,0.0
A22,26,2023-07-03,3.4173930943070707,0.3858847366511289,0.19626689966490812,99.0,0.0,0.0,0.0,0.0,0.0,0.0,1.0,0.9,1,0,0.45,-0.45,39.65,0.0
A22,27,2023-07-10,4.044496719044716,1.2973896539094705,0.19626689966490812,99.0,23.0,19.0,0.0,0.0,1.0,0.0,1.0,0.9,1,0,0.45,-0.45,39.65,0.0
A22,28,2023-07-17,3.891622960944862,1.2835204221088095,0.19626689966490812,99.0,42.0,26.0,0.0,0.0,0.0,0.0,1.0,0.9,1,0,0.45,-0.45,39.65,0.0
A22,29,2023-07-24,5.383750714248889,2.8373494758506315,0.19626689966490812,99.0,60.0,31.0,0.0,2.0,0.0,0.0,3.0,0.9,1,0,0.45,-0.45,39.65,0.0
A22,30,2023-07-31,1.7371394953433077,-0.7883105891758664,0.19626689966490812,99.0,116.0,70.0,0.0,2.0,1.0,0.0,4.0,0.9,1,0,0.45,-0.45,39.65,0.0
A22,31,2023-08-07,2.695826575591187,0.16383998270495637,0.19626689966490812,99.0,44.0,17.0,0.0,1.0,3.0,1.0,6.0,0.9,1,0,0.45,-0.45,39.65,0.0
A22,32,2023-08-14,4.328167981459114,1.7553027207621361,0.19626689966490812,99.0,8.0,8.0,0.0,4.0,1.0,0.0,10.0,0.9,1,0,0.45,-0.45,39.65,0.0
A22,33,2023-08-21,5.751564957057287,3.073044255794099,0.19626689966490812,99.0,35.0,35.0,0.0,6.0,0.0,0.0,13.0,0.9,1,0,0.45,-0.45,39.65,0.0
A22,34,2023-08-28,3.9594491604626354,1.047169002032729,0.19626689966490812,99.0,94.0,34.0,13.0,5.0,2.0,0.0,17.0,0.9,1,0,0.45,-0.45,39.65,1.0
A22,35,2023-09-04,3.814991681308419,0.4337554536774406,0.19626689966490812,99.0,11.0,0.0,0.0,8.0,5.0,0.0,14.0,0.9,1,0,0.45,-0.45,39.65,1.0
A22,36,2023-09-11,6.907096967464154,2.6677279197416626,0.19626689966490812,99.0,24.0,24.0,0.0,5.0,1.0,0.0,13.0,0.9,1,0,0.45,-0.45,39.65,1.0
A22,37,2023-09-18,9.604754291709968,3.935436866352984,0.19626689966490812,99.0,12.0,0.0,0.0,7.0,1.0,0.0,9.0,0.9,1,0,0.45,-0.45,39.65,1.0
A22,38,2023-09-25,8.630791765006242,0.799916535390663,0.19626689966490812,99.0,43.0,24.0,24.0,2.0,0.0,0.0,5.0,0.9,1,0,0.45,-0.45,39.65,1.0
A22,39,2023-10-02,15.122625909779757,4.3453383458068515,0.19626689966490812,99.0,26.0,19.0,0.0,2.0,1.0,0.0,3.0,0.9,1,0,0.45,-0.45,39.65,1.0
A22,40,2023-10-09,27.141358512945605,12.777278945103802,0.19626689966490812,99.0,22.0,0.0,0.0,2.0,0.0,0.0,2.0,0.9,1,0,0.45,-0.45,39.65,1.0
A22,41,2023-10-16,44.084152511135855,25.886435169628363,0.19626689966490812,99.0,15.0,0.0,0.0,2.0,1.0,0.0,2.0,0.9,1,0,0.45,-0.45,39.65,1.0
A22,42,2023-10-23,35.13273749086695,13.459502238288191,0.19626689966490812,99.0,0.0,0.0,0.0,0.0,0.0,0.0,1.0,0.9,1,0,0.45,-0.45,39.65,0.0
A22,43,2023-10-30,30.616551531028705,6.498789149967294,0.5891114193297529,0.0,10.0,0.0,0.0,0.0,0.0,1.0,0.0,0.9,1,0,0.45,-0.45,39.65,0.0
A22,44,2023-11-06,30.664114575995274,5.664114575975212,0.5802747480398066,1.0,47.0,47.0,0.0,0.0,0.0,0.0,0.0,0.9,1,0,0.45,-0.45,39.65,0.0
A22,45,2023-11-13,36.64148042532511,12.523718044395036,0.5715706268192094,2.0,40.0,5.0,0.0,0.0,0.0,0.0,0.0,0.9,1,0,0.45,-0.45,39.65,0.0
A22,46,2023-11-20,26.016635418071345,4.343400166331225,0.5629970674169213,3.0,32.0,26.0,0.0,0.0,0.0,0.0,0.0,0.9,1,0,0.45,-0.45,39.65,0.0
A22,47,2023-11-27,24.308203625317237,6.110486288718992,0.5545521114056675,4.0,25.0,25.0,0.0,0.0,0.0,0.0,0.0,0.9,1,0,0.45,-0.45,39.65,0.0
A22,48,2023-12-04,12.399020438545596,-1.9650591024230017,0.5462338297345825,5.0,10.0,0.0,0.0,0.0,0.0,0.0,0.0,0.9,1,0,0.45,-0.45,39.65,0.0
A22,49,2023-12-11,21.211733036354058,10.434445609996606,0.5380403222885637,6.0,67.0,24.0,0.0,1.0,0.0,0.0,0.0,0.9,1,0,0.45,-0.45,39.65,0.0
A22,50,2023-12-18,6.5676303846112205,-1.2632441857365189,0.5299697174542353,7.0,0.0,0.0,0.0,1.0,0.0,0.0,0.0,0.9,1,0,0.45,-0.45,39.65,1.0
A22,51,2023-12-25,6.091976886499625,0.4226624157761121,0.5220201716924218,8.0,35.0,20.0,0.0,0.0,0.0,0.0,0.0,0.9,1,0,0.45,-0.45,39.65,1.0
A22,52,2024-01-01,2.604038365721475,0.08744583461704014,0.5141898691170355,9.0,71.0,50.0,34.0,0.0,0.0,0.0,0.0,0.9,1,0,0.45,-0.45,39.65,1.0
A22,53,2024-01-08,5.106097671179942,2.5624731533736345,0.5064770210802799,10.0,14.0,14.0,0.0,0.0,0.0,0.0,0.0,0.9,1,0,0.45,-0.45,39.65,1.0
A22,54,2024-01-15,2.248752852545989,-0.3585461471731266,0.4988798657640757,11.0,60.0,27.0,0.0,0.0,0.0,0.0,0.0,0.9,1,0,0.45,-0.45,39.65,0.0
A22,55,2024-01-22,2.1757310121919664,-0.5711613992786346,0.4913966677776146,12.0,30.0,16.0,0.0,0.0,0.0,0.0,0.0,0.9,1,0,0.45,-0.45,39.65,0.0
A22,56,2024-01-29,2.499915475039564,-0.5315399496743778,0.4840257177609504,13.0,45.0,15.0,0.0,0.0,0.0,0.0,0.0,0.9,1,0,0.45,-0.45,39.65,0.0
A22,57,2024-02-05,6.380466228822298,2.810246428404726,0.47676533199453613,14.0,89.0,44.0,0.0,0.0,0.0,0.0,0.0,0.9,1,0,0.45,-0.45,39.65,1.0
A22,58,2024-02-12,1.6876580848343727,-2.82850729735812,0.4696138520146181,15.0,52.0,0.0,0.0,0.0,1.0,0.0,0.0,0.9,1,0,0.45,-0.45,39.65,1.0
A22,59,2024-02-19,4.2615707723955385,-1.7916840980185729,0.4625696442343988,16.0,53.0,25.0,0.0,0.0,0.0,0.0,0.0,0.9,1,0,0.45,-0.45,39.65,1.0
A22,60,2024-02-26,21.74120530369084,13.382878418620269,0.45563109957088277,17.0,55.0,13.0,9.0,0.0,0.0,0.0,0.0,0.9,1,0,0.45,-0.45,39.65,2.0
A22,61,2024-03-04,14.186151665210224,2.6503253078441613,0.44879663307731954,18.0,67.0,14.0,0.0,0.0,0.0,0.0,0.0,0.9,1,0,0.45,-0.45,39.65,1.0
A22,62,2024-03-11,10.550681398034465,-4.98726485717788,0.44206468358115975,19.0,63.0,36.0,18.0,0.0,0.0,0.0,0.0,0.9,1,0,0.45,-0.45,39.65,1.0
A22,63,2024-03-18,19.80665520509843,-0.2927313802025253,0.43543371332744235,20.0,0.0,0.0,0.0,0.0,0.0,0.0,0.0,0.9,1,0,0.45,-0.45,39.65,1.0
A22,64,2024-03-25,25.315216017736144,0.5906693972846071,0.42890220762753073,21.0,34.0,25.0,0.0,0.0,0.0,0.0,0.0,0.9,1,0,0.45,-0.45,39.65,0.0
A22,65,2024-04-01,38.666068852657396,9.91086928136897,0.42246867451311776,22.0,22.0,22.0,0.0,0.0,0.0,0.0,0.0,0.9,1,0,0.45,-0.45,39.65,0.0
A22,66,2024-04-08,59.99950908438096,28.48302606992078,0.416131644395421,23.0,54.0,33.0,0.0,0.0,0.0,0.0,0.0,0.9,1,0,0.45,-0.45,39.65,0.0
A22,67,2024-04-15,37.23440419341274,4.734404193412686,0.4098896697294897,24.0,31.0,9.0,0.0,0.0,0.0,0.0,0.0,0.9,1,0,0.45,-0.45,39.65,0.0
A22,68,2024-04-22,26.090852480428648,-5.42563053403207,0.40374132468354734,25.0,6.0,6.0,0.0,0.0,0.0,0.0,0.0,0.9,1,0,0.45,-0.45,39.65,0.0
A22,69,2024-04-29,37.87526120393105,9.12006163263775,0.3976852048132941,26.0,4.0,4.0,0.0,0.0,0.0,0.0,0.0,0.9,1,0,0.45,-0.45,39.65,0.0
A22,70,2024-05-06,19.36385330809232,-5.3606933123998495,0.3917199267410947,27.0,2.0,0.0,0.0,0.0,0.0,0.0,0.0,0.9,1,0,0.45,-0.45,39.65,0.0
A22,71,2024-05-13,13.9994938147804,-6.0998927708330335,0.38584412783997823,28.0,53.0,30.0,0.0,1.0,0.0,0.0,0.0,0.9,1,0,0.45,-0.45,39.65,0.0
A22,72,2024-05-20,8.392320592780532,-7.145625664650202,0.3800564659223786,29.0,23.0,23.0,0.0,0.0,0.0,0.0,0.0,0.9,1,0,0.45,-0.45,39.65,0.0
A22,73,2024-05-27,6.670285024844427,-4.865541347059857,0.3743556189335429,30.0,49.0,0.0,0.0,0.0,0.0,0.0,0.0,0.9,1,0,0.45,-0.45,39.65,0.0
A22,74,2024-06-03,6.107408115990973,-2.2509188570307135,0.3687402846495398,31.0,42.0,21.0,0.0,0.0,0.0,0.0,0.0,0.9,1,0,0.45,-0.45,39.65,0.0
A22,75,2024-06-10,4.008310315973104,-2.04494504560651,0.36320918037979666,32.0,0.0,0.0,0.0,1.0,0.0,0.0,0.0,0.9,1,0,0.45,-0.45,39.65,0.0
A22,76,2024-06-17,5.039448302230989,0.5232803879970653,0.3577610426740997,33.0,51.0,14.0,0.0,0.0,0.0,0.0,0.0,0.9,1,0,0.45,-0.45,39.65,0.0
A22,77,2024-06-24,2.3463006553555865,-1.2239311945945412,0.3523946270339882,34.0,23.0,3.0,3.0,1.0,0.0,0.0,0.0,0.9,1,0,0.45,-0.45,39.65,0.0
A22,78,2024-07-01,1.00881572941907,-2.0226926282368716,0.3471087076284784,35.0,25.0,0.0,0.0,0.0,0.0,0.0,0.0,0.9,1,0,0.45,-0.45,39.65,0.0
A22,79,2024-07-08,1.906328728165986,-0.8407783369692594,0.34190207701405123,36.0,0.0,0.0,0.0,1.0,0.0,0.0,0.0,0.9,1,0,0.45,-0.45,39.65,0.0
A22,80,2024-07-15,2.2110600996706293,-0.39704243916542303,0.33677354585884045,37.0,2.0,0.0,0.0,0.0,0.0,0.0,0.0,0.9,1,0,0.45,-0.45,39.65,0.0
A22,81,2024-07-22,2.060139631041568,-0.4862616073566901,0.33172194267095784,38.0,66.0,44.0,0.0,1.0,0.0,0.0,0.0,0.9,1,0,0.45,-0.45,39.65,0.0
A22,82,2024-07-29,4.298443308587953,1.7729932240687791,0.32674611353089345,39.0,29.0,24.0,0.0,0.0,0.0,0.0,0.0,0.9,1,0,0.45,-0.45,39.65,0.0
A22,83,2024-08-05,2.042683354663555,-0.4893032382226754,0.32184492182793006,40.0,43.0,33.0,14.0,0.0,0.0,0.0,0.0,0.9,1,0,0.45,-0.45,39.65,0.0
A22,84,2024-08-12,3.5020320209231603,0.9291667602261828,0.3170172480005111,41.0,0.0,0.0,0.0,1.0,0.0,0.0,0.0,0.9,1,0,0.45,-0.45,39.65,0.0
A22,85,2024-08-19,2.6607838373969828,-0.017736863866204988,0.31226198928050347,42.0,0.0,0.0,0.0,0.0,0.0,0.0,2.0,0.9,1,0,0.45,-0.45,39.65,1.0
A22,86,2024-08-26,2.869476703792128,-0.04280345463777868,0.3075780594412959,43.0,20.0,0.0,0.0,2.0,1.0,0.0,5.0,0.9,1,0,0.45,-0.45,39.65,1.0
A22,87,2024-09-02,2.5240336821706433,-0.8572025454603351,0.30296438854967644,44.0,37.0,0.0,0.0,6.0,4.0,1.0,13.0,0.9,1,0,0.45,-0.45,39.65,1.0
A22,88,2024-09-09,4.153039686130276,-0.08632936159221583,0.2984199227214313,45.0,13.0,13.0,13.0,11.0,3.0,0.0,20.0,0.9,1,0,0.45,-0.45,39.65,1.0
A22,89,2024-09-16,4.337443340782957,-1.331874084574027,0.29394362388060985,46.0,45.0,24.0,5.0,8.0,5.0,0.0,22.0,0.9,1,0,0.45,-0.45,39.65,1.0
A22,90,2024-09-23,8.311023721123297,0.4801484915077179,0.2895344695224007,47.0,23.0,23.0,0.0,9.0,4.0,0.0,22.0,0.9,1,0,0.45,-0.45,39.65,1.0
A22,91,2024-09-30,9.921990386385446,-0.8552971775874596,0.2851914524795647,48.0,79.0,35.0,24.0,11.0,2.0,0.0,17.0,0.9,1,0,0.45,-0.45,39.65,1.0
A22,92,2024-10-07,10.320279459797176,-4.043800108044627,0.2809135806923712,49.0,37.0,0.0,0.0,7.0,0.0,0.0,11.0,0.9,1,0,0.45,-0.45,39.65,1.0
A22,93,2024-10-14,25.750632355820855,7.552915014313363,0.2766998769819856,50.0,26.0,19.0,19.0,3.0,1.0,0.0,5.0,0.9,1,0,0.45,-0.45,39.65,0.0
A22,94,2024-10-21,25.16545620947248,3.4922209568937213,0.6186112004870347,0.0,36.0,20.0,0.0,1.0,1.0,0.0,2.0,0.9,1,0,0.45,-0.45,39.65,0.0
A22,95,2024-10-28,20.61721982264119,-3.5005425584202214,0.6093320324797291,1.0,16.0,12.0,0.0,0.0,0.0,0.0,2.0,0.9,1,0,0.45,-0.45,39.65,0.0
A22,96,2024-11-04,26.30603528386095,1.3060352838408882,0.6001920519925331,2.0,35.0,19.0,0.0,3.0,0.0,0.0,0.0,0.9,1,0,0.45,-0.45,39.65,0.0
A22,97,2024-11-11,23.42047675604437,-0.6972856248857084,0.5911891712126451,3.0,22.0,22.0,0.0,0.0,0.0,0.0,0.0,0.9,1,0,0.45,-0.45,39.65,0.0
A22,98,2024-11-18,15.997321031744898,-5.675914219995223,0.5823213336444555,4.0,43.0,0.0,0.0,1.0,0.0,0.0,0.0,0.9,1,0,0.45,-0.45,39.65,0.0
A22,99,2024-11-25,18.652307133115915,0.45458979651766995,0.5735865136397886,5.0,3.0,3.0,0.0,2.0,0.0,0.0,0.0,0.9,1,0,0.45,-0.45,39.65,0.0
A22,100,2024-12-02,11.557984533008266,-2.806095007960332,0.5649827159351918,6.0,12.0,0.0,0.0,1.0,0.0,0.0,0.0,0.9,1,0,0.45,-0.45,39.65,0.0
A22,101,2024-12-09,7.742418148862482,-3.0348692774949697,0.5565079751961639,7.0,6.0,0.0,0.0,0.0,0.0,0.0,0.0,0.9,1,0,0.45,-0.45,39.65,0.0
A22,102,2024-12-16,4.437564247382778,-3.393310322964961,0.5481603555682214,8.0,0.0,0.0,0.0,1.0,0.0,0.0,0.0,0.9,1,0,0.45,-0.45,39.65,0.0
A22,103,2024-12-23,5.000588632762054,-0.6687258379614587,0.539937950234698,9.0,62.0,48.0,0.0,0.0,0.0,0.0,0.0,0.9,1,0,0.45,-0.45,39.65,0.0
A22,104,2024-12-30,3.0689808849045552,0.5523883538001204,0.5318388809811776,10.0,26.0,21.0,0.0,0.0,0.0,0.0,0.0,0.9,1,0,0.45,-0.45,39.65,0.0
A22,105,2025-01-06,1.296510402653488,-1.2471141151528196,0.52386129776646,11.0,68.0,34.0,8.0,0.0,0.0,0.0,0.0,0.9,1,0,0.45,-0.45,39.65,0.0
A22,106,2025-01-13,4.095054170414111,1.487755170694995,0.516003378299963,12.0,9.0,9.0,0.0,0.0,0.0,0.0,0.0,0.9,1,0,0.45,-0.45,39.65,0.0
A22,107,2025-01-20,2.4343439695293094,-0.3125484419412916,0.5082633276254636,13.0,51.0,51.0,0.0,1.0,0.0,0.0,0.0,0.9,1,0,0.45,-0.45,39.65,0.0
A22,108,2025-01-27,3.110475077999369,0.07901965328542726,0.5006393777110816,14.0,65.0,45.0,16.0,0.0,0.0,0.0,0.0,0.9,1,0,0.45,-0.45,39.65,0.0
A22,109,2025-02-03,3.065403783292589,-0.5048160171249831,0.4931297870454153,15.0,53.0,32.0,0.0,0.0,0.0,0.0,0.0,0.9,1,0,0.45,-0.45,39.65,0.0
A22,110,2025-02-10,5.614671554293915,1.0985061721014224,0.48573284023973406,16.0,30.0,30.0,0.0,0.0,0.0,0.0,0.0,0.9,1,0,0.45,-0.45,39.65,0.0
A22,111,2025-02-17,2.9872777230915633,-3.065977147322548,0.47844684763613804,17.0,25.0,4.0,0.0,1.0,0.0,0.0,0.0,0.9,1,0,0.45,-0.45,39.65,0.0
A22,112,2025-02-24,2.2171382165119833,-6.141188668558588,0.47127014492159597,18.0,22.0,22.0,0.0,1.0,0.0,0.0,0.0,0.9,1,0,0.45,-0.45,39.65,0.0
A22,113,2025-03-03,6.414304979500106,-5.121521377865956,0.46420109274777205,19.0,44.0,0.0,0.0,0.0,0.0,0.0,0.0,0.9,1,0,0.45,-0.45,39.65,0.0
A22,114,2025-03-10,12.27885605127003,-3.259090203942316,0.45723807635655545,20.0,86.0,47.0,0.0,0.0,0.0,0.0,0.0,0.9,1,0,0.45,-0.45,39.65,0.0
A22,115,2025-03-17,13.776129120147395,-6.32325746515356,0.4503795052112071,21.0,66.0,44.0,0.0,2.0,0.0,0.0,1.0,0.9,1,0,0.45,-0.45,39.65,0.0
A22,116,2025-03-24,17.697600018288117,-7.02694660216342,0.443623812633039,22.0,60.0,28.0,0.0,1.0,0.0,0.0,1.0,0.9,1,0,0.45,-0.45,39.65,0.0
A22,117,2025-03-31,29.676461526502408,0.921261955213982,0.43696945544354343,23.0,36.0,15.0,6.0,0.0,0.0,0.0,0.0,0.9,1,0,0.45,-0.45,39.65,0.0
A22,118,2025-04-07,23.416664200831438,-8.099818813628744,0.43041491361189027,24.0,19.0,19.0,0.0,2.0,0.0,0.0,0.0,0.9,1,0,0.45,-0.45,39.65,0.0
A22,119,2025-04-14,27.94048459755403,-4.559515402446028,0.4239586899077119,25.0,16.0,16.0,0.0,1.0,0.0,0.0,0.0,0.9,1,0,0.45,-0.45,39.65,0.0
A22,120,2025-04-21,14.744657348842752,-16.771825665617968,0.41759930955909624,26.0,27.0,27.0,0.0,0.0,0.0,0.0,0.0,0.9,1,0,0.45,-0.45,39.65,0.0
A22,121,2025-04-28,12.738741962691721,-16.016457608601584,0.4113353199157098,27.0,0.0,0.0,0.0,2.0,0.0,0.0,0.0,0.9,1,0,0.45,-0.45,39.65,1.0
A22,122,2025-05-05,28.274306575961806,3.5497599554696357,0.40516529011697416,28.0,36.0,36.0,0.0,1.0,0.0,0.0,0.0,0.9,1,0,0.45,-0.45,39.65,1.0
A22,123,2025-05-12,13.534228454083884,-6.56515813152955,0.39908781076521954,29.0,3.0,0.0,0.0,1.0,0.0,0.0,0.0,0.9,1,0,0.45,-0.45,39.65,1.0
A22,124,2025-05-19,8.120340180454624,-7.41760607697611,0.39310149360374125,30.0,79.0,33.0,15.0,0.0,0.0,0.0,0.0,0.9,1,0,0.45,-0.45,39.65,1.0
A22,125,2025-05-26,6.032650947701688,-5.503175424202595,0.3872049711996851,31.0,24.0,24.0,0.0,0.0,0.0,0.0,0.0,0.9,1,0,0.45,-0.45,39.65,0.0
A22,126,2025-06-02,4.328764972413429,-4.029562000608257,0.38139689663168985,32.0,41.0,11.0,0.0,0.0,0.0,0.0,0.0,0.9,1,0,0.45,-0.45,39.65,0.0
A22,127,2025-06-09,3.070000210504245,-2.9832551510753693,0.3756759431822145,33.0,12.0,0.0,0.0,0.0,0.0,0.0,0.0,0.9,1,0,0.45,-0.45,39.65,0.0
A22,128,2025-06-16,1.873445372182054,-2.642722542051869,0.37004080403448125,34.0,112.0,0.0,0.0,1.0,0.0,0.0,0.0,0.9,1,0,0.45,-0.45,39.65,0.0
A22,129,2025-06-23,1.3725913928427151,-2.1976404571074126,0.36449019197396404,35.0,95.0,64.0,0.0,0.0,0.0,0.0,0.0,0.9,1,0,0.45,-0.45,39.65,0.0
A22,130,2025-06-30,1.8404789841036413,-1.1910293735523005,0.35902283909435456,36.0,0.0,0.0,0.0,1.0,0.0,0.0,1.0,0.9,1,0,0.45,-0.45,39.65,0.0
A22,131,2025-07-07,1.4509832222448429,-1.2961238428904025,0.35363749650793924,37.0,126.0,79.0,18.0,2.0,1.0,1.0,2.0,0.9,1,0,0.45,-0.45,39.65,1.0
A22,132,2025-07-14,2.497638771453719,-0.11046376738233343,0.3483329340603202,38.0,62.0,26.0,0.0,2.0,0.0,0.0,5.0,0.9,1,0,0.45,-0.45,39.65,1.0
A22,133,2025-07-21,1.833955291357667,-0.7124459470405908,0.34310794004941536,39.0,81.0,49.0,23.0,3.0,5.0,0.0,9.0,0.9,1,0,0.45,-0.45,39.65,1.0
A22,134,2025-07-28,1.8012800842611538,-0.7241700002580203,0.33796132094867415,40.0,53.0,13.0,13.0,5.0,0.0,0.0,15.0,0.9,1,0,0.45,-0.45,39.65,1.0
A22,135,2025-08-04,1.2688730577856742,-1.2631135351005565,0.33289190113444406,41.0,104.0,69.0,16.0,8.0,4.0,0.0,19.0,0.9,1,0,0.45,-0.45,39.65,1.0
A22,136,2025-08-11,1.6030006894016293,-0.9698645712953482,0.3278985226174274,42.0,10.0,10.0,0.0,8.0,3.0,0.0,19.0,0.9,1,0,0.45,-0.45,39.65,1.0
A22,137,2025-08-18,1.9755209488977066,-0.7029997523654812,0.322980044778166,43.0,57.0,17.0,0.0,6.0,1.0,0.0,14.0,0.9,1,0,0.45,-0.45,39.65,1.0
A22,138,2025-08-25,2.4322625793676567,-0.48001757906224984,0.3181353441064935,44.0,51.0,23.0,0.0,2.0,1.0,0.0,8.0,0.9,1,0,0.45,-0.45,39.65,1.0
A22,139,2025-09-01,2.1267528545206087,-1.2544833731103697,0.6683406007205077,0.0,72.0,49.0,12.0,3.0,0.0,0.0,5.0,0.9,1,0,0.45,-0.45,39.65,0.0
A22,140,2025-09-08,4.020172673607844,-0.21919637411464787,0.6583154917097,1.0,26.0,2.0,0.0,0.0,0.0,0.0,2.0,0.9,1,0,0.45,-0.45,39.65,0.0
A22,141,2025-09-15,3.6953751154245134,-1.9739423099324704,0.6484407593340545,2.0,18.0,0.0,0.0,1.0,0.0,1.0,1.0,0.9,1,0,0.45,-0.45,39.65,0.0
A22,142,2025-09-22,6.717982311262972,-1.1128929183526068,0.6387141479440437,3.0,14.0,14.0,0.0,1.0,1.0,0.0,0.0,0.9,1,0,0.45,-0.45,39.65,1.0
A22,143,2025-09-29,5.901518715999632,-4.875768847973273,0.629133435724883,4.0,21.0,3.0,0.0,0.0,0.0,0.0,0.0,0.9,1,0,0.45,-0.45,39.65,1.0
A22,144,2025-10-06,4.95076332295756,-9.413316244884243,0.6196964341890098,5.0,66.0,27.0,0.0,0.0,0.0,0.0,0.0,0.9,1,0,0.45,-0.45,39.65,1.0
A22,145,2025-10-13,12.993365683178816,-5.204351658328676,0.6104009876761746,6.0,24.0,10.0,0.0,0.0,0.0,0.0,0.0,0.9,1,0,0.45,-0.45,39.65,1.0
A22,146,2025-10-20,18.158860198337507,-3.5143750542412526,0.601244972861032,7.0,52.0,27.0,0.0,0.0,0.0,0.0,0.0,0.9,1,0,0.45,-0.45,39.65,0.0
A22,147,2025-10-27,19.173655880979943,-4.9441065000814675,0.5922262982681165,8.0,76.0,59.0,0.0,0.0,0.0,0.0,0.0,0.9,1,0,0.45,-0.45,39.65,0.0
A22,148,2025-11-03,18.837663441019632,-6.16233655900043,0.5833429037940947,9.0,69.0,0.0,0.0,0.0,0.0,0.0,0.0,0.9,1,0,0.45,-0.45,39.65,0.0
A22,149,2025-11-10,13.875993256193798,-10.24176912473628,0.5745927602371833,10.0,16.0,0.0,0.0,1.0,0.0,0.0,0.0,0.9,1,0,0.45,-0.45,39.65,0.0
A22,150,2025-11-17,10.622070898352694,-11.051164353387426,0.5659738688336255,11.0,29.0,5.0,0.0,0.0,0.0,0.0,0.0,0.9,1,0,0.45,-0.45,39.65,0.0
A22,151,2025-11-24,14.34810880924067,-3.8496085273575744,0.5574842608011211,12.0,30.0,0.0,0.0,0.0,0.0,0.0,0.0,0.9,1,0,0.45,-0.45,39.65,0.0
A22,152,2025-12-01,10.839580472326064,-3.524499068642534,0.5491219968891043,13.0,42.0,42.0,0.0,0.0,0.0,0.0,0.0,0.9,1,0,0.45,-0.45,39.65,0.0
A22,153,2025-12-08,5.756578603179689,-5.020708823177763,0.5408851669357678,14.0,75.0,16.0,0.0,0.0,0.0,0.0,0.0,0.9,1,0,0.45,-0.45,39.65,0.0
A22,154,2025-12-15,7.5051522300578855,-0.3257223402898539,0.5327718894317313,15.0,71.0,32.0,0.0,1.0,0.0,0.0,0.0,0.9,1,0,0.45,-0.45,39.65,0.0
A22,155,2025-12-22,2.7054881540240463,-2.9638263166994663,0.5247803110902552,16.0,43.0,33.0,0.0,1.0,0.0,0.0,0.0,0.9,1,0,0.45,-0.45,39.65,2.0
A23,0,2023-01-02,2.5646350429699813,0.04804251186554653,0.20174602989451124,99.0,20.0,0.0,0.0,1.0,0.0,0.0,0.0,0.8,0,1,0.2,0.06,40.31,0.0
A23,1,2023-01-09,5.637735146087144,3.094110628280837,0.19871983944609356,99.0,0.0,0.0,0.0,0.0,0.0,0.0,0.0,0.8,0,1,0.2,0.06,40.31,0.0
A23,2,2023-01-16,4.4170058144973385,1.809706814778223,0.19573904185440216,99.0,0.0,0.0,0.0,1.0,0.0,0.0,0.0,0.8,0,1,0.2,0.06,40.31,0.0
A23,3,2023-01-23,3.0292362794704286,0.2823438679998276,0.19280295622658614,99.0,40.0,0.0,0.0,2.0,0.0,0.0,1.0,0.8,0,1,0.2,0.06,40.31,0.0
A23,4,2023-01-30,4.190288735057282,1.1588333103433408,0.18991091188318734,99.0,7.0,7.0,0.0,2.0,0.0,0.0,2.0,0.8,0,1,0.2,0.06,40.31,0.0
A23,5,2023-02-06,4.711225190335595,1.141005389918023,0.18706224820493952,99.0,0.0,0.0,0.0,1.0,0.0,0.0,2.0,0.8,0,1,0.2,0.06,40.31,0.0
A23,6,2023-02-13,2.159424963341754,-2.356740418850739,0.18425631448186544,99.0,20.0,0.0,0.0,1.0,0.0,0.0,2.0,0.8,0,1,0.2,0.06,40.31,0.0
A23,7,2023-02-20,5.5094995401654,-0.543755330248711,0.18149246976463745,99.0,0.0,0.0,0.0,1.0,0.0,0.0,5.0,0.8,0,1,0.2,0.06,40.31,0.0
A23,8,2023-02-27,10.263619024994581,1.9052921399240095,0.17877008271816788,99.0,3.0,0.0,0.0,1.0,0.0,1.0,5.0,0.8,0,1,0.2,0.06,40.31,0.0
A23,9,2023-03-06,12.72778071974102,1.1919543623749576,0.17608853147739537,99.0,4.0,0.0,0.0,4.0,0.0,0.0,10.0,0.8,0,1,0.2,0.06,40.31,0.0
A23,10,2023-03-13,21.176977542225906,5.639031287013561,0.17344720350523443,99.0,14.0,0.0,0.0,1.0,2.0,0.0,13.0,0.8,0,1,0.2,0.06,40.31,0.0
A23,11,2023-03-20,37.30590620084831,17.206519615547357,0.17084549545265593,99.0,0.0,0.0,0.0,2.0,1.0,0.0,12.0,0.8,0,1,0.2,0.06,40.31,0.0
A23,12,2023-03-27,27.61620027851061,2.8916536580590737,0.1682828130208661,99.0,0.0,0.0,0.0,4.0,0.0,0.0,8.0,0.8,0,1,0.2,0.06,40.31,0.0
A23,13,2023-04-03,24.823306205451342,-3.931893365837084,0.1657585708255531,99.0,0.0,0.0,0.0,2.0,1.0,0.0,3.0,0.8,0,1,0.2,0.06,40.31,0.0
A23,14,2023-04-10,44.139378082296936,12.622895067836755,0.1632721922631698,99.0,34.0,4.0,0.0,0.0,0.0,0.0,2.0,0.8,0,1,0.2,0.06,40.31,0.0
A23,15,2023-04-17,36.236448390449134,3.736448390449077,0.16082310937922226,99.0,0.0,0.0,0.0,0.0,0.0,0.0,1.0,0.8,0,1,0.2,0.06,40.31,0.0
A23,16,2023-04-24,37.301442741566554,5.784959727105836,0.1584107627385339,99.0,9.0,9.0,0.0,3.0,0.0,0.0,1.0,0.8,0,1,0.2,0.06,40.31,0.0
A23,17,2023-05-01,32.4545729167552,3.6993733454618933,0.1560346012974559,99.0,17.0,0.0,0.0,1.0,1.0,0.0,2.0,0.8,0,1,0.2,0.06,40.31,0.0
A23,18,2023-05-08,67.73366487095896,43.00911825046679,0.15369408227799405,99.0,27.0,0.0,0.0,2.0,0.0,0.0,1.0,0.8,0,1,0.2,0.06,40.31,0.0
A23,19,2023-05-15,11.468295974716368,-8.631090610897067,0.15138867104382414,99.0,21.0,21.0,0.0,1.0,1.0,0.0,1.0,0.8,0,1,0.2,0.06,40.31,0.0
A23,20,2023-05-22,16.954136798493412,1.4161905410626776,0.14911784097816677,99.0,12.0,0.0,0.0,1.0,0.0,0.0,1.0,0.8,0,1,0.2,0.06,40.31,0.0
A23,21,2023-05-29,14.401176747037217,2.865350375132934,0.14688107336349426,99.0,13.0,0.0,0.0,0.0,0.0,0.0,1.0,0.8,0,1,0.2,0.06,40.31,0.0
A23,22,2023-06-05,7.948648889688071,-0.4096780833336151,0.14467785726304186,99.0,6.0,0.0,0.0,1.0,0.0,0.0,2.0,0.8,0,1,0.2,0.06,40.31,0.0
A23,23,2023-06-12,10.367529890027361,4.314274528447747,0.1433728131230029,99.0,0.0,0.0,0.0,1.0,1.0,0.0,1.0,0.8,0,1,0.2,0.06,40.31,0.0
A23,24,2023-06-19,7.504085207125259,2.9879172928913356,0.1433728131230029,99.0,39.0,21.0,0.0,0.0,1.0,0.0,1.0,0.8,0,1,0.2,0.06,40.31,0.0
A23,25,2023-06-26,4.38881813143607,0.8185862814859419,0.1433728131230029,99.0,18.0,18.0,0.0,0.0,0.0,0.0,0.0,0.8,0,1,0.2,0.06,40.31,0.0
A23,26,2023-07-03,3.4468750584159316,0.4153667007599897,0.1433728131230029,99.0,28.0,0.0,0.0,0.0,0.0,0.0,0.0,0.8,0,1,0.2,0.06,40.31,0.0
A23,27,2023-07-10,3.301929653236774,0.5548225881015285,0.1433728131230029,99.0,16.0,0.0,0.0,0.0,0.0,0.0,0.0,0.8,0,1,0.2,0.06,40.31,0.0
A23,28,2023-07-17,3.1427279067165887,0.5346253678805364,0.1433728131230029,99.0,0.0,0.0,0.0,0.0,0.0,0.0,0.0,0.8,0,1,0.2,0.06,40.31,0.0
A23,29,2023-07-24,3.0968766607076175,0.5504754223093595,0.1433728131230029,99.0,17.0,0.0,0.0,0.0,0.0,0.0,0.0,0.8,0,1,0.2,0.06,40.31,0.0
A23,30,2023-07-31,2.955781739485104,0.43033165496592973,0.1433728131230029,99.0,16.0,0.0,0.0,0.0,0.0,0.0,0.0,0.8,0,1,0.2,0.06,40.31,0.0
A23,31,2023-08-07,3.4573590615640835,0.9253724686778528,0.1433728131230029,99.0,0.0,0.0,0.0,0.0,0.0,0.0,0.0,0.8,0,1,0.2,0.06,40.31,1.0
A23,32,2023-08-14,4.1861771355624064,1.613311874865429,0.1433728131230029,99.0,6.0,0.0,0.0,1.0,0.0,0.0,0.0,0.8,0,1,0.2,0.06,40.31,1.0
A23,33,2023-08-21,2.1767156640308944,-0.5018050372322933,0.1433728131230029,99.0,0.0,0.0,0.0,1.0,0.0,0.0,0.0,0.8,0,1,0.2,0.06,40.31,1.0
A23,34,2023-08-28,2.5202233298209156,-0.39205682860899094,0.1433728131230029,99.0,13.0,0.0,0.0,0.0,1.0,0.0,0.0,0.8,0,1,0.2,0.06,40.31,2.0
A23,35,2023-09-04,2.291951484804704,-1.0892847428262744,0.1433728131230029,99.0,58.0,0.0,0.0,0.0,0.0,0.0,0.0,0.8,0,1,0.2,0.06,40.31,1.0
A23,36,2023-09-11,7.176394442221225,2.9370253944987335,0.1433728131230029,99.0,14.0,14.0,0.0,0.0,0.0,0.0,0.0,0.8,0,1,0.2,0.06,40.31,1.0
A23,37,2023-09-18,7.7355410579147,2.0662236325577163,0.1433728131230029,99.0,28.0,19.0,0.0,1.0,0.0,0.0,0.0,0.8,0,1,0.2,0.06,40.31,1.0
A23,38,2023-09-25,11.682143327737787,3.8512680981222083,0.1433728131230029,99.0,0.0,0.0,0.0,0.0,0.0,0.0,0.0,0.8,0,1,0.2,0.06,40.31,1.0
A23,39,2023-10-02,8.1682940810838,-2.6089934828891046,0.1433728131230029,99.0,5.0,0.0,0.0,0.0,0.0,0.0,0.0,0.8,0,1,0.2,0.06,40.31,1.0
A23,40,2023-10-09,33.53554798355056,19.171468415708755,0.1433728131230029,99.0,4.0,0.0,0.0,0.0,0.0,0.0,0.0,0.8,0,1,0.2,0.06,40.31,1.0
A23,41,2023-10-16,18.38144806939886,0.18373072789136913,0.1433728131230029,99.0,9.0,9.0,0.0,2.0,0.0,0.0,0.0,0.8,0,1,0.2,0.06,40.31,1.0
A23,42,2023-10-23,28.734361878286496,7.061126625707736,0.1433728131230029,99.0,14.0,6.0,0.0,0.0,0.0,0.0,0.0,0.8,0,1,0.2,0.06,40.31,0.0
A23,43,2023-10-30,40.655201249916004,16.537438868854593,0.5304819001719706,0.0,21.0,0.0,0.0,0.0,0.0,0.0,0.0,0.8,0,1,0.2,0.06,40.31,1.0
A23,44,2023-11-06,22.122085682532784,-2.877914317487278,0.5225246716693911,1.0,20.0,0.0,0.0,0.0,0.0,0.0,0.0,0.8,0,1,0.2,0.06,40.31,1.0
A23,45,2023-11-13,24.900269410571646,0.7825070296415682,0.5146868015943502,2.0,58.0,20.0,0.0,0.0,0.0,0.0,0.0,0.8,0,1,0.2,0.06,40.31,1.0
A23,46,2023-11-20,28.84485881741869,7.171623565678569,0.5069664995704349,3.0,0.0,0.0,0.0,0.0,1.0,0.0,3.0,0.8,0,1,0.2,0.06,40.31,1.0
A23,47,2023-11-27,61.840302311672026,43.64258497507378,0.4993620020768784,4.0,0.0,0.0,0.0,1.0,0.0,0.0,3.0,0.8,0,1,0.2,0.06,40.31,0.0
A23,48,2023-12-04,19.950771717777886,5.586692176809288,0.49187157204572524,5.0,35.0,13.0,0.0,1.0,0.0,0.0,5.0,0.8,0,1,0.2,0.06,40.31,0.0
A23,49,2023-12-11,23.636942720809294,12.859655294451843,0.48449349846503936,6.0,7.0,0.0,0.0,1.0,0.0,0.0,4.0,0.8,0,1,0.2,0.06,40.31,0.0
A23,50,2023-12-18,14.927473149419905,7.0965985790721655,0.47722609598806376,7.0,24.0,24.0,0.0,0.0,0.0,1.0,3.0,0.8,0,1,0.2,0.06,40.31,0.0
A23,51,2023-12-25,8.060819851412566,2.391505380689053,0.4700677045482428,8.0,3.0,3.0,0.0,2.0,1.0,0.0,3.0,0.8,0,1,0.2,0.06,40.31,0.0
A23,52,2024-01-01,1.7801316037267294,-0.7364609273777054,0.4630166889800192,9.0,0.0,0.0,0.0,0.0,1.0,0.0,2.0,0.8,0,1,0.2,0.06,40.31,0.0
A23,53,2024-01-08,3.6858597279636185,1.142235210157311,0.4560714386453189,10.0,0.0,0.0,0.0,3.0,0.0,0.0,4.0,0.8,0,1,0.2,0.06,40.31,0.0
A23,54,2024-01-15,1.543382135039843,-1.0639168646792727,0.4492303670656391,11.0,0.0,0.0,0.0,1.0,0.0,0.0,3.0,0.8,0,1,0.2,0.06,40.31,0.0
A23,55,2024-01-22,4.8103821681782,2.063489756707599,0.4424919115596545,12.0,48.0,20.0,0.0,2.0,0.0,0.0,3.0,0.8,0,1,0.2,0.06,40.31,0.0
A23,56,2024-01-29,3.2512667845593612,0.21981135984541966,0.4358545328862597,13.0,21.0,2.0,0.0,0.0,0.0,0.0,3.0,0.8,0,1,0.2,0.06,40.31,0.0
A23,57,2024-02-05,1.4120589974380777,-2.158160802979494,0.4293167148929658,14.0,28.0,0.0,0.0,1.0,1.0,0.0,1.0,0.8,0,1,0.2,0.06,40.31,1.0
A23,58,2024-02-12,4.008776705256782,-0.5073886769357108,0.4228769641695713,15.0,0.0,0.0,0.0,1.0,0.0,0.0,4.0,0.8,0,1,0.2,0.06,40.31,1.0
A23,59,2024-02-19,7.6101117760022,1.5568569055880888,0.41653380970702775,16.0,0.0,0.0,0.0,3.0,0.0,0.0,4.0,0.8,0,1,0.2,0.06,40.31,1.0
A23,60,2024-02-26,7.692916097997575,-0.6654107870729966,0.41028580256142233,17.0,2.0,0.0,0.0,0.0,0.0,1.0,3.0,0.8,0,1,0.2,0.06,40.31,1.0
A23,61,2024-03-04,14.816027915352905,3.2802015579868424,0.404131515523001,18.0,14.0,0.0,0.0,1.0,0.0,0.0,4.0,0.8,0,1,0.2,0.06,40.31,0.0
A23,62,2024-03-11,11.539509073654045,-3.9984371815583,0.39806954279015594,19.0,0.0,0.0,0.0,0.0,1.0,0.0,4.0,0.8,0,1,0.2,0.06,40.31,0.0
A23,63,2024-03-18,12.72534235218814,-7.374044233112816,0.3920984996483036,20.0,37.0,4.0,0.0,1.0,1.0,0.0,2.0,0.8,0,1,0.2,0.06,40.31,0.0
A23,64,2024-03-25,24.113953332008002,-0.6105932884435354,0.38621702215357906,21.0,49.0,12.0,0.0,0.0,0.0,0.0,1.0,0.8,0,1,0.2,0.06,40.31,0.0
A23,65,2024-04-01,29.074647923983598,0.31944835269517213,0.3804237668212754,22.0,0.0,0.0,0.0,0.0,0.0,0.0,1.0,0.8,0,1,0.2,0.06,40.31,0.0
A23,66,2024-04-08,27.898590180952848,-3.6178928335073337,0.3747174103189562,23.0,29.0,0.0,0.0,0.0,0.0,0.0,1.0,0.8,0,1,0.2,0.06,40.31,0.0
A23,67,2024-04-15,49.93848713100885,17.43848713100879,0.3690966491641719,24.0,32.0,0.0,0.0,1.0,0.0,0.0,0.0,0.8,0,1,0.2,0.06,40.31,0.0
A23,68,2024-04-22,23.404729047104112,-8.111753967356606,0.3635601994267093,25.0,0.0,0.0,0.0,0.0,0.0,0.0,0.0,0.8,0,1,0.2,0.06,40.31,0.0
A23,69,2024-04-29,32.0862172288029,3.331017657509598,0.3581067964353087,26.0,9.0,9.0,0.0,1.0,0.0,0.0,0.0,0.8,0,1,0.2,0.06,40.31,0.0
A23,70,2024-05-06,25.319783086663787,0.5952364661716167,0.35273519448877905,27.0,54.0,23.0,0.0,0.0,0.0,0.0,0.0,0.8,0,1,0.2,0.06,40.31,0.0
A23,71,2024-05-13,11.656205664126333,-8.443180921487102,0.34744416657144733,28.0,39.0,0.0,0.0,0.0,0.0,0.0,0.0,0.8,0,1,0.2,0.06,40.31,0.0
A23,72,2024-05-20,9.792576645193543,-5.745369612237191,0.34223250407287564,29.0,0.0,0.0,0.0,0.0,0.0,0.0,0.0,0.8,0,1,0.2,0.06,40.31,0.0
A23,73,2024-05-27,11.584017949350265,0.04819157744598179,0.3370990165117825,30.0,38.0,15.0,0.0,0.0,0.0,0.0,0.0,0.8,0,1,0.2,0.06,40.31,0.0
A23,74,2024-06-03,16.721215188698665,8.362888215676978,0.3320425312641057,31.0,4.0,0.0,0.0,0.0,0.0,0.0,0.0,0.8,0,1,0.2,0.06,40.31,0.0
A23,75,2024-06-10,7.413781535338969,1.3605261737593546,0.3270618932951441,32.0,6.0,0.0,0.0,1.0,0.0,0.0,0.0,0.8,0,1,0.2,0.06,40.31,0.0
A23,76,2024-06-17,2.4686998582205963,-2.047468056013327,0.32215596489571696,33.0,17.0,0.0,0.0,0.0,0.0,0.0,0.0,0.8,0,1,0.2,0.06,40.31,0.0
A23,77,2024-06-24,1.201967400689493,-2.368264449260635,0.3173236254222812,34.0,24.0,0.0,0.0,0.0,0.0,0.0,0.0,0.8,0,1,0.2,0.06,40.31,0.0
A23,78,2024-07-01,3.9181870556327465,0.8866786979768047,0.31256377104094696,35.0,6.0,0.0,0.0,1.0,0.0,0.0,0.0,0.8,0,1,0.2,0.06,40.31,0.0
A23,79,2024-07-08,2.656139260412033,-0.09096780472321253,0.30787531447533273,36.0,6.0,0.0,0.0,0.0,0.0,0.0,0.0,0.8,0,1,0.2,0.06,40.31,0.0
A23,80,2024-07-15,3.8886655389347102,1.2805630000986579,0.30325718475820274,37.0,0.0,0.0,0.0,1.0,0.0,0.0,0.0,0.8,0,1,0.2,0.06,40.31,0.0
A23,81,2024-07-22,1.8709191067767248,-0.6754821316215331,0.2987083269868297,38.0,4.0,0.0,0.0,0.0,0.0,0.0,0.0,0.8,0,1,0.2,0.06,40.31,0.0
A23,82,2024-07-29,2.8547768313162334,0.3293267467970593,0.29422770208202725,39.0,33.0,19.0,0.0,0.0,0.0,0.0,0.0,0.8,0,1,0.2,0.06,40.31,0.0
A23,83,2024-08-05,3.4047275484446904,0.8727409555584598,0.28981428655079683,40.0,23.0,0.0,0.0,0.0,0.0,0.0,0.0,0.8,0,1,0.2,0.06,40.31,0.0
A23,84,2024-08-12,2.199891172158703,-0.37297408853827463,0.28546707225253487,41.0,51.0,0.0,0.0,0.0,0.0,0.0,0.0,0.8,0,1,0.2,0.06,40.31,0.0
A23,85,2024-08-19,2.3074308406717097,-0.3710898605914781,0.28118506616874683,42.0,0.0,0.0,0.0,0.0,0.0,0.0,0.0,0.8,0,1,0.2,0.06,40.31,1.0
A23,86,2024-08-26,2.9381446915176213,0.025864533087714747,0.27696729017621563,43.0,26.0,0.0,0.0,1.0,0.0,0.0,0.0,0.8,0,1,0.2,0.06,40.31,1.0
A23,87,2024-09-02,4.088499824691397,0.7072635970604182,0.2728127808235724,44.0,26.0,0.0,0.0,0.0,0.0,0.0,0.0,0.8,0,1,0.2,0.06,40.31,2.0
A23,88,2024-09-09,4.218153812323982,-0.021215235398509336,0.2687205891112188,45.0,9.0,0.0,0.0,0.0,0.0,0.0,0.0,0.8,0,1,0.2,0.06,40.31,2.0
A23,89,2024-09-16,7.972255449480224,2.3029380241232404,0.26468978027455053,46.0,27.0,20.0,20.0,2.0,0.0,0.0,0.0,0.8,0,1,0.2,0.06,40.31,2.0
A23,90,2024-09-23,6.661848286314541,-1.1690269433010378,0.26071943357043226,47.0,38.0,18.0,18.0,0.0,0.0,0.0,0.0,0.8,0,1,0.2,0.06,40.31,2.0
A23,91,2024-09-30,6.770010206062855,-4.00727735791005,0.25680864206687576,48.0,0.0,0.0,0.0,0.0,0.0,0.0,0.0,0.8,0,1,0.2,0.06,40.31,1.0
A23,92,2024-10-07,28.693539548349417,14.329459980507615,0.25295651243587264,49.0,7.0,0.0,0.0,0.0,0.0,0.0,0.0,0.8,0,1,0.2,0.06,40.31,1.0
A23,93,2024-10-14,14.72687944360333,-3.470837897904161,0.24916216474933456,50.0,15.0,0.0,0.0,0.0,0.0,0.0,0.0,0.8,0,1,0.2,0.06,40.31,0.0
A23,94,2024-10-21,17.763101769258174,-3.9101334833205854,0.5562751109535289,0.0,36.0,0.0,0.0,0.0,1.0,0.0,0.0,0.8,0,1,0.2,0.06,40.31,0.0
A23,95,2024-10-28,23.568649901013284,-0.5491124800481266,0.5479309842892259,1.0,0.0,0.0,0.0,0.0,0.0,0.0,0.0,0.8,0,1,0.2,0.06,40.31,0.0
A23,96,2024-11-04,25.594800189275,0.5948001892549364,0.5397120195248876,2.0,29.0,0.0,0.0,0.0,0.0,0.0,0.0,0.8,0,1,0.2,0.06,40.31,0.0
A23,97,2024-11-11,21.06492473440806,-3.0528376465220184,0.5316163392320142,3.0,20.0,16.0,0.0,0.0,1.0,0.0,0.0,0.8,0,1,0.2,0.06,40.31,0.0
A23,98,2024-11-18,21.541390776864777,-0.13184447487534356,0.523642094143534,4.0,26.0,5.0,0.0,0.0,0.0,0.0,0.0,0.8,0,1,0.2,0.06,40.31,0.0
A23,99,2024-11-25,17.946217780968585,-0.2514995556296604,0.515787462731381,5.0,0.0,0.0,0.0,0.0,0.0,0.0,0.0,0.8,0,1,0.2,0.06,40.31,0.0
A23,100,2024-12-02,15.270416252090998,0.9063367111223997,0.5080506507904102,6.0,21.0,0.0,0.0,1.0,0.0,0.0,0.0,0.8,0,1,0.2,0.06,40.31,0.0
A23,101,2024-12-09,4.722414866227035,-6.054872560130417,0.5004298910285541,7.0,4.0,0.0,0.0,1.0,0.0,0.0,0.0,0.8,0,1,0.2,0.06,40.31,0.0
A23,102,2024-12-16,15.12548252709984,7.2946079567521,0.49292344266312577,8.0,17.0,0.0,0.0,1.0,0.0,0.0,0.0,0.8,0,1,0.2,0.06,40.31,0.0
A23,103,2024-12-23,5.384461448582115,-0.2848530221413972,0.4855295910231789,9.0,38.0,0.0,0.0,0.0,0.0,0.0,0.0,0.8,0,1,0.2,0.06,40.31,0.0
A23,104,2024-12-30,3.083680136167529,0.5670876050630942,0.4782466471578312,10.0,35.0,35.0,0.0,0.0,0.0,0.0,0.0,0.8,0,1,0.2,0.06,40.31,0.0
A23,105,2025-01-06,1.0206826353113898,-1.5229418824949177,0.47107294745046374,11.0,0.0,0.0,0.0,0.0,0.0,0.0,0.0,0.8,0,1,0.2,0.06,40.31,0.0
A23,106,2025-01-13,1.4371784934634062,-1.1701205062557094,0.4640068532387068,12.0,34.0,17.0,0.0,0.0,0.0,0.0,0.0,0.8,0,1,0.2,0.06,40.31,0.0
A23,107,2025-01-20,1.4111102010650394,-1.3357822104055617,0.45704675044012616,13.0,26.0,0.0,0.0,0.0,0.0,0.0,0.0,0.8,0,1,0.2,0.06,40.31,0.0
A23,108,2025-01-27,3.295847174033577,0.2643917493196355,0.45019104918352426,14.0,0.0,0.0,0.0,0.0,0.0,0.0,0.0,0.8,0,1,0.2,0.06,40.31,0.0
A23,109,2025-02-03,1.8904397692642885,-1.6797800311532836,0.4434381834457714,15.0,19.0,0.0,0.0,0.0,0.0,0.0,0.0,0.8,0,1,0.2,0.06,40.31,0.0
A23,110,2025-02-10,3.827486595325008,-0.6886787868674848,0.4367866106940848,16.0,18.0,0.0,0.0,0.0,0.0,0.0,0.0,0.8,0,1,0.2,0.06,40.31,0.0
A23,111,2025-02-17,3.1335484357435814,-2.91970643467053,0.43023481153367354,17.0,23.0,5.0,0.0,0.0,0.0,0.0,0.0,0.8,0,1,0.2,0.06,40.31,0.0
A23,112,2025-02-24,4.636958839026029,-3.7213680460445424,0.42378128936066845,18.0,33.0,0.0,0.0,1.0,0.0,0.0,0.0,0.8,0,1,0.2,0.06,40.31,0.0
A23,113,2025-03-03,6.880780252284136,-4.655046105081926,0.4174245700202584,19.0,23.0,0.0,0.0,0.0,0.0,0.0,0.0,0.8,0,1,0.2,0.06,40.31,0.0
A23,114,2025-03-10,15.829068938464316,0.2911226832519702,0.4111632014699545,20.0,17.0,0.0,0.0,0.0,0.0,0.0,0.0,0.8,0,1,0.2,0.06,40.31,0.0
A23,115,2025-03-17,6.742683220961834,-13.356703364339122,0.40499575344790517,21.0,18.0,0.0,0.0,0.0,0.0,0.0,0.0,0.8,0,1,0.2,0.06,40.31,0.0
A23,116,2025-03-24,10.14043990151507,-14.584106718936468,0.3989208171461866,22.0,34.0,13.0,0.0,0.0,0.0,0.0,0.0,0.8,0,1,0.2,0.06,40.31,0.0
A23,117,2025-03-31,9.454387140620534,-19.30081243066789,0.3929370048889938,23.0,7.0,0.0,0.0,0.0,0.0,0.0,0.0,0.8,0,1,0.2,0.06,40.31,0.0
A23,118,2025-04-07,14.000625697074991,-17.51585731738519,0.3870429498156589,24.0,4.0,0.0,0.0,2.0,0.0,0.0,2.0,0.8,0,1,0.2,0.06,40.31,0.0
A23,119,2025-04-14,15.901240981413325,-16.598759018586733,0.381237305568424,25.0,21.0,0.0,0.0,4.0,0.0,0.0,3.0,0.8,0,1,0.2,0.06,40.31,0.0
A23,120,2025-04-21,11.64246656715719,-19.87401644730353,0.37551874598489765,26.0,0.0,0.0,0.0,1.0,1.0,0.0,4.0,0.8,0,1,0.2,0.06,40.31,0.0
A23,121,2025-04-28,14.45563029032017,-14.299569280973133,0.3698859647951242,27.0,6.0,0.0,0.0,1.0,1.0,1.0,8.0,0.8,0,1,0.2,0.06,40.31,0.0
A23,122,2025-05-05,7.9396052391782925,-16.784941381313878,0.36433767532319733,28.0,24.0,0.0,0.0,2.0,1.0,0.0,16.0,0.8,0,1,0.2,0.06,40.31,0.0
A23,123,2025-05-12,9.1486865913882,-10.950699994225234,0.3588726101933494,29.0,0.0,0.0,0.0,3.0,1.0,0.0,15.0,0.8,0,1,0.2,0.06,40.31,0.0
A23,124,2025-05-19,15.373563856391371,-0.1643824010393633,0.3534895210404491,30.0,8.0,0.0,0.0,1.0,2.0,0.0,12.0,0.8,0,1,0.2,0.06,40.31,0.0
A23,125,2025-05-26,8.635921631276837,-2.8999047406274467,0.34818717822484235,31.0,22.0,9.0,9.0,1.0,1.0,0.0,8.0,0.8,0,1,0.2,0.06,40.31,0.0
A23,126,2025-06-02,5.801340742816501,-2.556986230205185,0.3429643705514697,32.0,6.0,0.0,0.0,0.0,0.0,0.0,6.0,0.8,0,1,0.2,0.06,40.31,0.0
A23,127,2025-06-09,2.7699819192617516,-3.2832734423178627,0.3378199049931977,33.0,0.0,0.0,0.0,0.0,0.0,0.0,5.0,0.8,0,1,0.2,0.06,40.31,0.0
A23,128,2025-06-16,1.714722355901393,-2.8014455583325306,0.33275260641829973,34.0,0.0,0.0,0.0,1.0,1.0,0.0,2.0,0.8,0,1,0.2,0.06,40.31,0.0
A23,129,2025-06-23,1.5575950469038862,-2.0126368030462416,0.32776131732202524,35.0,41.0,0.0,0.0,2.0,0.0,0.0,1.0,0.8,0,1,0.2,0.06,40.31,0.0
A23,130,2025-06-30,1.9409042019224543,-1.0906041557334876,0.32284489756219487,36.0,30.0,24.0,0.0,0.0,0.0,0.0,0.0,0.8,0,1,0.2,0.06,40.31,0.0
A23,131,2025-07-07,2.4196607356495794,-0.327446329485666,0.31800222409876194,37.0,17.0,0.0,0.0,1.0,0.0,0.0,0.0,0.8,0,1,0.2,0.06,40.31,2.0
A23,132,2025-07-14,2.324880500850537,-0.2832220379855155,0.31323219073728054,38.0,84.0,0.0,0.0,0.0,0.0,0.0,0.0,0.8,0,1,0.2,0.06,40.31,2.0
A23,133,2025-07-21,2.063931159474481,-0.482470078923777,0.3085337078762213,39.0,3.0,0.0,0.0,0.0,0.0,0.0,0.0,0.8,0,1,0.2,0.06,40.31,2.0
A23,134,2025-07-28,1.2680641923570946,-1.2573858921620795,0.303905702258078,40.0,37.0,0.0,0.0,0.0,0.0,0.0,0.0,0.8,0,1,0.2,0.06,40.31,2.0
A23,135,2025-08-04,1.6599935792648377,-0.8719930136213929,0.29934711672420683,41.0,0.0,0.0,0.0,1.0,0.0,0.0,0.0,0.8,0,1,0.2,0.06,40.31,1.0
A23,136,2025-08-11,1.4944636257549426,-1.078401634942035,0.29485690997334374,42.0,23.0,0.0,0.0,0.0,0.0,0.0,0.0,0.8,0,1,0.2,0.06,40.31,1.0
A23,137,2025-08-18,1.6226576531254757,-1.055863048137712,0.2904340563237436,43.0,20.0,0.0,0.0,0.0,0.0,0.0,0.0,0.8,0,1,0.2,0.06,40.31,1.0
A23,138,2025-08-25,3.8618571001316195,0.949576941701713,0.2860775454788874,44.0,0.0,0.0,0.0,0.0,0.0,0.0,0.0,0.8,0,1,0.2,0.06,40.31,1.0
A23,139,2025-09-01,1.1862041172825613,-2.195032110348417,0.6440137946832667,0.0,0.0,0.0,0.0,1.0,0.0,0.0,0.0,0.8,0,1,0.2,0.06,40.31,0.0
A23,140,2025-09-08,2.5383002065910993,-1.7010688411313923,0.6343535877630176,1.0,14.0,0.0,0.0,0.0,0.0,0.0,0.0,0.8,0,1,0.2,0.06,40.31,0.0
A23,141,2025-09-15,5.631624411788826,-0.03769301356815813,0.6248382839465724,2.0,6.0,0.0,0.0,0.0,0.0,0.0,0.0,0.8,0,1,0.2,0.06,40.31,1.0
A23,142,2025-09-22,3.0472189147155633,-4.783656314900016,0.6154657096873738,3.0,39.0,0.0,0.0,0.0,0.0,0.0,0.0,0.8,0,1,0.2,0.06,40.31,2.0
A23,143,2025-09-29,5.592052545533609,-5.185235018439296,0.6062337240420632,4.0,19.0,0.0,0.0,0.0,0.0,0.0,0.0,0.8,0,1,0.2,0.06,40.31,2.0
A23,144,2025-10-06,7.758462828797573,-6.605616739044229,0.5971402181814323,5.0,6.0,0.0,0.0,1.0,0.0,0.0,0.0,0.8,0,1,0.2,0.06,40.31,2.0
A23,145,2025-10-13,10.939300405162703,-7.258416936344789,0.5881831149087108,6.0,31.0,21.0,3.0,0.0,0.0,0.0,0.0,0.8,0,1,0.2,0.06,40.31,1.0
A23,146,2025-10-20,8.058360942519226,-13.614874310059534,0.5793603681850801,7.0,0.0,0.0,0.0,0.0,0.0,0.0,0.0,0.8,0,1,0.2,0.06,40.31,0.0
A23,147,2025-10-27,19.307928261492595,-4.809834119568816,0.5706699626623039,8.0,13.0,13.0,0.0,0.0,0.0,0.0,0.0,0.8,0,1,0.2,0.06,40.31,0.0
A23,148,2025-11-03,20.517813450999768,-4.482186549020295,0.5621099132223693,9.0,32.0,0.0,0.0,1.0,0.0,0.0,0.0,0.8,0,1,0.2,0.06,40.31,0.0
A23,149,2025-11-10,18.72944800669289,-5.388314374237186,0.5536782645240337,10.0,27.0,0.0,0.0,0.0,0.0,0.0,0.0,0.8,0,1,0.2,0.06,40.31,0.0
A23,150,2025-11-17,10.388136134097259,-11.285099117642861,0.5453730905561732,11.0,4.0,0.0,0.0,1.0,0.0,0.0,1.0,0.8,0,1,0.2,0.06,40.31,0.0
A23,151,2025-11-24,12.192146632720359,-6.005570703877886,0.5371924941978307,12.0,0.0,0.0,0.0,0.0,1.0,0.0,1.0,0.8,0,1,0.2,0.06,40.31,0.0
A23,152,2025-12-01,6.815119595988854,-7.548959944979744,0.5291346067848632,13.0,3.0,0.0,0.0,1.0,0.0,0.0,1.0,0.8,0,1,0.2,0.06,40.31,0.0
A23,153,2025-12-08,6.235440063835738,-4.541847362521714,0.5211975876830903,14.0,56.0,13.0,0.0,0.0,0.0,0.0,2.0,0.8,0,1,0.2,0.06,40.31,0.0
A23,154,2025-12-15,10.815767866148235,2.9848932958004957,0.513379623867844,15.0,28.0,0.0,0.0,0.0,0.0,0.0,3.0,0.8,0,1,0.2,0.06,40.31,0.0
A23,155,2025-12-22,3.810569571745779,-1.8587448989777338,0.5056789295098263,16.0,13.0,13.0,0.0,0.0,0.0,1.0,2.0,0.8,0,1,0.2,0.06,40.31,1.0
A24,0,2023-01-02,2.0759420819331607,-0.44065044917127416,0.408789139308045,99.0,26.0,26.0,0.0,0.0,0.0,0.0,0.0,0.7,0,1,0.15,-0.9,40.1,0.0
A24,1,2023-01-09,3.3866829445398374,0.8430584267335299,0.40265730221842433,99.0,0.0,0.0,0.0,0.0,0.0,0.0,0.0,0.7,0,1,0.15,-0.9,40.1,0.0
A24,2,2023-01-16,2.0305969150947676,-0.576702084624348,0.396617442685148,99.0,6.0,0.0,0.0,0.0,0.0,0.0,0.0,0.7,0,1,0.15,-0.9,40.1,0.0
A24,3,2023-01-23,2.2568276995610543,-0.4900647119095467,0.3906681810448708,99.0,43.0,0.0,0.0,0.0,0.0,0.0,0.0,0.7,0,1,0.15,-0.9,40.1,0.0
A24,4,2023-01-30,2.632129715142445,-0.3993257095714964,0.38480815832919774,99.0,30.0,17.0,0.0,0.0,0.0,0.0,0.0,0.7,0,1,0.15,-0.9,40.1,0.0
A24,5,2023-02-06,3.820045775593739,0.2498259751761669,0.3790360359542598,99.0,2.0,0.0,0.0,1.0,0.0,0.0,0.0,0.7,0,1,0.15,-0.9,40.1,0.0
A24,6,2023-02-13,7.8361368702091525,3.3199714880166598,0.37335049541494586,99.0,40.0,23.0,0.0,0.0,0.0,0.0,0.0,0.7,0,1,0.15,-0.9,40.1,0.0
A24,7,2023-02-20,9.264399493364438,3.211144622950327,0.36775023798372164,99.0,42.0,4.0,0.0,0.0,0.0,0.0,0.0,0.7,0,1,0.15,-0.9,40.1,0.0
A24,8,2023-02-27,12.54660598930405,4.188279104233478,0.3622339844139658,99.0,22.0,22.0,0.0,0.0,0.0,0.0,0.0,0.7,0,1,0.15,-0.9,40.1,1.0
A24,9,2023-03-06,9.815644413387194,-1.7201819439788686,0.3568004746477563,99.0,16.0,0.0,0.0,0.0,0.0,0.0,0.0,0.7,0,1,0.15,-0.9,40.1,1.0
A24,10,2023-03-13,16.070233414569863,0.5322871593575176,0.35144846752804,99.0,12.0,0.0,0.0,1.0,0.0,0.0,0.0,0.7,0,1,0.15,-0.9,40.1,1.0
A24,11,2023-03-20,27.63362242663524,7.5342358413342865,0.3461767405151194,99.0,0.0,0.0,0.0,0.0,0.0,0.0,0.0,0.7,0,1,0.15,-0.9,40.1,1.0
A24,12,2023-03-27,24.804574625882424,0.0800280054308864,0.34098408940739255,99.0,22.0,9.0,0.0,0.0,0.0,0.0,0.0,0.7,0,1,0.15,-0.9,40.1,0.0
A24,13,2023-04-03,32.60722542941411,3.852025858125682,0.33586932806628167,99.0,37.0,0.0,0.0,1.0,0.0,0.0,0.0,0.7,0,1,0.15,-0.9,40.1,0.0
A24,14,2023-04-10,45.97647133770154,14.459988323241358,0.33083128814528745,99.0,0.0,0.0,0.0,0.0,0.0,0.0,0.0,0.7,0,1,0.15,-0.9,40.1,0.0
A24,15,2023-04-17,35.9566196537232,3.456619653723145,0.32586881882310814,99.0,16.0,3.0,0.0,1.0,0.0,0.0,0.0,0.7,0,1,0.15,-0.9,40.1,0.0
A24,16,2023-04-24,42.63924557357633,11.122762559115614,0.3209807865407615,99.0,40.0,0.0,0.0,0.0,0.0,0.0,0.0,0.7,0,1,0.15,-0.9,40.1,0.0
A24,17,2023-05-01,62.76622538533949,34.011025814046185,0.31616607474265007,99.0,0.0,0.0,0.0,1.0,0.0,0.0,0.0,0.7,0,1,0.15,-0.9,40.1,0.0
A24,18,2023-05-08,29.101493972574303,4.376947352082134,0.3114235836215103,99.0,0.0,0.0,0.0,0.0,0.0,0.0,0.0,0.7,0,1,0.15,-0.9,40.1,0.0
A24,19,2023-05-15,37.96258544665006,17.863198861036626,0.30675222986718764,99.0,0.0,0.0,0.0,1.0,0.0,0.0,0.0,0.7,0,1,0.15,-0.9,40.1,0.0
A24,20,2023-05-22,23.62270327098591,8.084757013555175,0.30215094641917983,99.0,3.0,0.0,0.0,0.0,0.0,0.0,0.0,0.7,0,1,0.15,-0.9,40.1,0.0
A24,21,2023-05-29,8.628462943592819,-2.9073634283114647,0.2976186822228921,99.0,46.0,0.0,0.0,0.0,0.0,0.0,0.0,0.7,0,1,0.15,-0.9,40.1,0.0
A24,22,2023-06-05,7.103970657749958,-1.2543563152717283,0.29315440198954873,99.0,0.0,0.0,0.0,0.0,0.0,0.0,0.0,0.7,0,1,0.15,-0.9,40.1,0.0
A24,23,2023-06-12,5.65184022611464,-0.4014151354649744,0.2905100482392198,99.0,9.0,0.0,0.0,0.0,0.0,0.0,0.0,0.7,0,1,0.15,-0.9,40.1,0.0
A24,24,2023-06-19,4.1854539050795845,-0.330714009154339,0.2905100482392198,99.0,0.0,0.0,0.0,2.0,0.0,0.0,0.0,0.7,0,1,0.15,-0.9,40.1,0.0
A24,25,2023-06-26,4.323964448418197,0.7537325984680692,0.2905100482392198,99.0,18.0,0.0,0.0,0.0,0.0,0.0,0.0,0.7,0,1,0.15,-0.9,40.1,0.0
A24,26,2023-07-03,4.698903913412722,1.6673955557567801,0.2905100482392198,99.0,15.0,0.0,0.0,0.0,0.0,0.0,0.0,0.7,0,1,0.15,-0.9,40.1,0.0
A24,27,2023-07-10,5.328114263229374,2.5810071980941283,0.2905100482392198,99.0,34.0,0.0,0.0,1.0,0.0,0.0,1.0,0.7,0,1,0.15,-0.9,40.1,0.0
A24,28,2023-07-17,3.631434657678432,1.0233321188423798,0.2905100482392198,99.0,13.0,0.0,0.0,0.0,0.0,0.0,1.0,0.7,0,1,0.15,-0.9,40.1,0.0
A24,29,2023-07-24,2.7232793296523763,0.17687809125411835,0.2905100482392198,99.0,17.0,0.0,0.0,1.0,1.0,0.0,0.0,0.7,0,1,0.15,-0.9,40.1,0.0
A24,30,2023-07-31,1.523146733296061,-1.002303351223113,0.2905100482392198,99.0,18.0,4.0,0.0,0.0,0.0,0.0,0.0,0.7,0,1,0.15,-0.9,40.1,0.0
A24,31,2023-08-07,3.244152392608682,0.7121657997224515,0.2905100482392198,99.0,47.0,40.0,16.0,0.0,0.0,0.0,0.0,0.7,0,1,0.15,-0.9,40.1,1.0
A24,32,2023-08-14,3.245220454174175,0.6723551934771974,0.2905100482392198,99.0,0.0,0.0,0.0,0.0,0.0,0.0,1.0,0.7,0,1,0.15,-0.9,40.1,1.0
A24,33,2023-08-21,3.569527664014785,0.8910069627515971,0.2905100482392198,99.0,4.0,4.0,0.0,0.0,0.0,0.0,3.0,0.7,0,1,0.15,-0.9,40.1,1.0
A24,34,2023-08-28,7.6084843728501435,4.696204214420237,0.2905100482392198,99.0,0.0,0.0,0.0,0.0,2.0,0.0,6.0,0.7,0,1,0.15,-0.9,40.1,2.0
A24,35,2023-09-04,6.524691894936643,3.1434556673056644,0.2905100482392198,99.0,0.0,0.0,0.0,4.0,0.0,0.0,9.0,0.7,0,1,0.15,-0.9,40.1,1.0
A24,36,2023-09-11,6.974979030848364,2.7356099831258724,0.2905100482392198,99.0,18.0,0.0,0.0,1.0,2.0,0.0,9.0,0.7,0,1,0.15,-0.9,40.1,1.0
A24,37,2023-09-18,5.060601160914123,-0.6087162644428608,0.2905100482392198,99.0,7.0,0.0,0.0,3.0,0.0,0.0,9.0,0.7,0,1,0.15,-0.9,40.1,1.0
A24,38,2023-09-25,8.179816125829626,0.34894089621404767,0.2905100482392198,99.0,31.0,0.0,0.0,2.0,2.0,1.0,10.0,0.7,0,1,0.15,-0.9,40.1,0.0
A24,39,2023-10-02,13.031752185416064,2.2544646214431587,0.2905100482392198,99.0,71.0,0.0,0.0,2.0,0.0,0.0,10.0,0.7,0,1,0.15,-0.9,40.1,0.0
A24,40,2023-10-09,13.687481741919388,-0.6765978259224141,0.2905100482392198,99.0,0.0,0.0,0.0,1.0,0.0,0.0,9.0,0.7,0,1,0.15,-0.9,40.1,0.0
A24,41,2023-10-16,27.101858381012537,8.904141039505046,0.2905100482392198,99.0,44.0,17.0,0.0,0.0,1.0,0.0,6.0,0.7,0,1,0.15,-0.9,40.1,0.0
A24,42,2023-10-23,30.696227040145967,9.022991787567207,0.2905100482392198,99.0,0.0,0.0,0.0,1.0,0.0,0.0,4.0,0.7,0,1,0.15,-0.9,40.1,0.0
A24,43,2023-10-30,20.597803028981264,-3.5199593520801464,0.6365611414078924,0.0,0.0,0.0,0.0,1.0,0.0,0.0,2.0,0.7,0,1,0.15,-0.9,40.1,1.0
A24,44,2023-11-06,47.508337614657236,22.508337614637174,0.627012724286774,1.0,39.0,0.0,0.0,1.0,0.0,0.0,1.0,0.7,0,1,0.15,-0.9,40.1,1.0
A24,45,2023-11-13,31.246293633684484,7.1285312527544065,0.6176075334224724,2.0,16.0,13.0,0.0,0.0,0.0,0.0,0.0,0.7,0,1,0.15,-0.9,40.1,1.0
A24,46,2023-11-20,14.791412127556182,-6.8818231241839385,0.6083434204211353,3.0,4.0,0.0,0.0,0.0,0.0,0.0,0.0,0.7,0,1,0.15,-0.9,40.1,1.0
A24,47,2023-11-27,22.342031298832612,4.144313962234367,0.5992182691148182,4.0,0.0,0.0,0.0,0.0,0.0,0.0,0.0,0.7,0,1,0.15,-0.9,40.1,0.0
A24,48,2023-12-04,19.812170582686758,5.448091041718159,0.5902299950780959,5.0,8.0,0.0,0.0,0.0,0.0,0.0,0.0,0.7,0,1,0.15,-0.9,40.1,0.0
A24,49,2023-12-11,18.935941472960426,8.158654046602974,0.5813765451519245,6.0,22.0,0.0,0.0,0.0,0.0,0.0,0.0,0.7,0,1,0.15,-0.9,40.1,0.0
A24,50,2023-12-18,8.698068667657537,0.867194097309798,0.5726558969746456,7.0,0.0,0.0,0.0,0.0,0.0,0.0,0.0,0.7,0,1,0.15,-0.9,40.1,1.0
A24,51,2023-12-25,9.468686067281123,3.7993715965576103,0.5640660585200259,8.0,24.0,0.0,0.0,0.0,0.0,0.0,0.0,0.7,0,1,0.15,-0.9,40.1,1.0
A24,52,2024-01-01,2.686946749711745,0.17035421860731015,0.5556050676422255,9.0,0.0,0.0,0.0,1.0,0.0,0.0,0.0,0.7,0,1,0.15,-0.9,40.1,1.0
A24,53,2024-01-08,1.6053164884682438,-0.9383080293380637,0.5472709916275921,10.0,22.0,22.0,0.0,0.0,0.0,0.0,0.0,0.7,0,1,0.15,-0.9,40.1,1.0
A24,54,2024-01-15,1.5888435884606593,-1.0184554112584563,0.5390619267531782,11.0,17.0,17.0,0.0,0.0,0.0,0.0,0.0,0.7,0,1,0.15,-0.9,40.1,0.0
A24,55,2024-01-22,4.0688735620655745,1.3219811505949735,0.5309759978518805,12.0,12.0,0.0,0.0,1.0,0.0,0.0,0.0,0.7,0,1,0.15,-0.9,40.1,0.0
A24,56,2024-01-29,4.607278358120367,1.5758229334064255,0.5230113578841024,13.0,55.0,52.0,11.0,1.0,0.0,0.0,0.0,0.7,0,1,0.15,-0.9,40.1,0.0
A24,57,2024-02-05,3.997404970786128,0.42718517036855586,0.5151661875158409,14.0,0.0,0.0,0.0,0.0,0.0,0.0,0.0,0.7,0,1,0.15,-0.9,40.1,0.0
A24,58,2024-02-12,7.622928545478836,3.1067631632863435,0.5074386947031032,15.0,26.0,0.0,0.0,0.0,0.0,0.0,0.0,0.7,0,1,0.15,-0.9,40.1,0.0
A24,59,2024-02-19,8.761871902756024,2.7086170323419125,0.49982711428255666,16.0,24.0,0.0,0.0,0.0,0.0,0.0,0.0,0.7,0,1,0.15,-0.9,40.1,0.0
A24,60,2024-02-26,10.617762741942746,2.259435856872175,0.4923297075683183,17.0,0.0,0.0,0.0,0.0,0.0,0.0,0.0,0.7,0,1,0.15,-0.9,40.1,1.0
A24,61,2024-03-04,8.385453740205001,-3.150372617161061,0.4849447619547935,18.0,18.0,0.0,0.0,0.0,0.0,0.0,0.0,0.7,0,1,0.15,-0.9,40.1,1.0
A24,62,2024-03-11,28.48236832193936,12.944422066727016,0.4776705905254716,19.0,15.0,0.0,0.0,0.0,0.0,0.0,0.0,0.7,0,1,0.15,-0.9,40.1,1.0
A24,63,2024-03-18,24.249470879127113,4.150084293826158,0.4705055316675895,20.0,16.0,16.0,0.0,0.0,0.0,0.0,0.0,0.7,0,1,0.15,-0.9,40.1,1.0
A24,64,2024-03-25,21.601288578847758,-3.12325804160378,0.46344794869257566,21.0,32.0,0.0,0.0,1.0,0.0,0.0,0.0,0.7,0,1,0.15,-0.9,40.1,0.0
A24,65,2024-04-01,22.758167766972402,-5.997031804316023,0.45649622946218704,22.0,7.0,7.0,0.0,0.0,0.0,0.0,0.0,0.7,0,1,0.15,-0.9,40.1,0.0
A24,66,2024-04-08,34.480191606171836,2.9637085917116543,0.4496487860202542,23.0,8.0,8.0,0.0,1.0,0.0,0.0,0.0,0.7,0,1,0.15,-0.9,40.1,0.0
A24,67,2024-04-15,18.108282126078567,-14.39171787392149,0.4429040542299504,24.0,0.0,0.0,0.0,0.0,0.0,0.0,0.0,0.7,0,1,0.15,-0.9,40.1,0.0
A24,68,2024-04-22,40.261526101761696,8.745043087300978,0.43626049341650114,25.0,17.0,0.0,0.0,0.0,0.0,0.0,0.0,0.7,0,1,0.15,-0.9,40.1,0.0
A24,69,2024-04-29,20.595422047647236,-8.159777523646067,0.42971658601525364,26.0,0.0,0.0,0.0,2.0,0.0,0.0,0.0,0.7,0,1,0.15,-0.9,40.1,0.0
A24,70,2024-05-06,28.148930994699068,3.4243843742068982,0.42327083722502484,27.0,0.0,0.0,0.0,0.0,0.0,0.0,0.0,0.7,0,1,0.15,-0.9,40.1,0.0
A24,71,2024-05-13,16.74537630036537,-3.3540102852480658,0.4169217746666495,28.0,0.0,0.0,0.0,0.0,0.0,0.0,0.0,0.7,0,1,0.15,-0.9,40.1,0.0
A24,72,2024-05-20,14.16449708064824,-1.3734491767824935,0.41066794804664974,29.0,23.0,6.0,0.0,0.0,0.0,0.0,0.0,0.7,0,1,0.15,-0.9,40.1,0.0
A24,73,2024-05-27,8.851076357867802,-2.6847500140364815,0.40450792882595,30.0,19.0,14.0,0.0,1.0,0.0,0.0,0.0,0.7,0,1,0.15,-0.9,40.1,0.0
A24,74,2024-06-03,7.899725273103597,-0.4586016999180895,0.3984403098935607,31.0,32.0,11.0,0.0,0.0,0.0,0.0,0.0,0.7,0,1,0.15,-0.9,40.1,0.0
A24,75,2024-06-10,11.726826081118512,5.673570719538898,0.3924637052451573,32.0,20.0,0.0,0.0,1.0,0.0,0.0,0.0,0.7,0,1,0.15,-0.9,40.1,0.0
A24,76,2024-06-17,7.333366571333397,2.817198657099474,0.3865767496664799,33.0,0.0,0.0,0.0,0.0,0.0,0.0,0.0,0.7,0,1,0.15,-0.9,40.1,1.0
A24,77,2024-06-24,4.041832474347638,0.47160062439751016,0.38077809842148275,34.0,31.0,17.0,0.0,0.0,0.0,0.0,0.0,0.7,0,1,0.15,-0.9,40.1,1.0
A24,78,2024-07-01,3.00478888371422,-0.026719473941721805,0.3750664269451605,35.0,0.0,0.0,0.0,1.0,0.0,0.0,0.0,0.7,0,1,0.15,-0.9,40.1,1.0
A24,79,2024-07-08,3.6914480198893513,0.944340954754106,0.3694404305409831,36.0,12.0,10.0,10.0,0.0,0.0,0.0,0.0,0.7,0,1,0.15,-0.9,40.1,1.0
A24,80,2024-07-15,3.873322238231848,1.2652196993957956,0.36389882408286833,37.0,41.0,20.0,20.0,0.0,0.0,0.0,0.0,0.7,0,1,0.15,-0.9,40.1,0.0
A24,81,2024-07-22,1.9045478847016382,-0.6418533536966198,0.3584403417216253,38.0,16.0,0.0,0.0,1.0,0.0,0.0,1.0,0.7,0,1,0.15,-0.9,40.1,0.0
A24,82,2024-07-29,2.457920566889131,-0.06752951763004322,0.3530637365958009,39.0,0.0,0.0,0.0,1.0,0.0,0.0,2.0,0.7,0,1,0.15,-0.9,40.1,0.0
A24,83,2024-08-05,1.338191169894853,-1.1937954229913776,0.3477677805468639,40.0,21.0,4.0,0.0,1.0,0.0,0.0,4.0,0.7,0,1,0.15,-0.9,40.1,0.0
A24,84,2024-08-12,3.8118167162483956,1.238951455551418,0.34255126383866097,41.0,16.0,16.0,0.0,1.0,0.0,0.0,8.0,0.7,0,1,0.15,-0.9,40.1,0.0
A24,85,2024-08-19,5.5180423750196494,2.8395216737564617,0.33741299488108106,42.0,34.0,0.0,0.0,0.0,2.0,1.0,11.0,0.7,0,1,0.15,-0.9,40.1,0.0
A24,86,2024-08-26,2.9950629585849313,0.08278280015502482,0.33235179995786485,43.0,0.0,0.0,0.0,4.0,3.0,0.0,12.0,0.7,0,1,0.15,-0.9,40.1,0.0
A24,87,2024-09-02,1.6071908586109873,-1.774045369019991,0.3273665229584969,44.0,13.0,13.0,0.0,1.0,2.0,0.0,17.0,0.7,0,1,0.15,-0.9,40.1,1.0
A24,88,2024-09-09,5.246316070678738,1.006947022956246,0.3224560251141194,45.0,21.0,21.0,0.0,2.0,0.0,0.0,13.0,0.7,0,1,0.15,-0.9,40.1,1.0
A24,89,2024-09-16,4.131487529692483,-1.5378298956645011,0.31761918473740763,46.0,0.0,0.0,0.0,2.0,1.0,0.0,8.0,0.7,0,1,0.15,-0.9,40.1,3.0
A24,90,2024-09-23,6.208392328808053,-1.622482900807526,0.3128548969663465,47.0,15.0,0.0,0.0,1.0,0.0,0.0,7.0,0.7,0,1,0.15,-0.9,40.1,3.0
A24,91,2024-09-30,13.419953315403426,2.6426657514305205,0.3081620735118513,48.0,34.0,34.0,23.0,0.0,0.0,0.0,3.0,0.7,0,1,0.15,-0.9,40.1,2.0
A24,92,2024-10-07,15.702572613624943,1.3384930457831405,0.3035396424091735,49.0,0.0,0.0,0.0,1.0,0.0,0.0,2.0,0.7,0,1,0.15,-0.9,40.1,2.0
A24,93,2024-10-14,15.339912533302652,-2.8578048082048397,0.2989865477730359,50.0,23.0,0.0,0.0,0.0,0.0,0.0,0.0,0.7,0,1,0.15,-0.9,40.1,0.0
A24,94,2024-10-21,17.26560080713008,-4.407634445448679,0.6671494556029299,0.0,8.0,8.0,0.0,1.0,0.0,0.0,0.0,0.7,0,1,0.15,-0.9,40.1,0.0
A24,95,2024-10-28,25.203710269888653,1.085947888827242,0.6571422137688859,1.0,0.0,0.0,0.0,0.0,0.0,0.0,0.0,0.7,0,1,0.15,-0.9,40.1,0.0
A24,96,2024-11-04,21.66207165966364,-3.3379283403564237,0.6472850805623527,2.0,0.0,0.0,0.0,0.0,0.0,0.0,0.0,0.7,0,1,0.15,-0.9,40.1,0.0
A24,97,2024-11-11,16.357975891682276,-7.7597864892478015,0.6375758043539174,3.0,12.0,0.0,0.0,0.0,0.0,0.0,0.0,0.7,0,1,0.15,-0.9,40.1,0.0
A24,98,2024-11-18,19.29181643793587,-2.381418813804249,0.6280121672886086,4.0,23.0,3.0,0.0,1.0,0.0,0.0,0.0,0.7,0,1,0.15,-0.9,40.1,0.0
A24,99,2024-11-25,20.4944390458742,2.2967217092759533,0.6185919847792795,5.0,0.0,0.0,0.0,0.0,0.0,0.0,0.0,0.7,0,1,0.15,-0.9,40.1,0.0
A24,100,2024-12-02,13.496014241528522,-0.8680652994400759,0.6093131050075903,6.0,21.0,21.0,0.0,0.0,0.0,0.0,0.0,0.7,0,1,0.15,-0.9,40.1,0.0
A24,101,2024-12-09,6.571307965713502,-4.20597946064395,0.6001734084324765,7.0,25.0,0.0,0.0,0.0,0.0,0.0,0.0,0.7,0,1,0.15,-0.9,40.1,0.0
A24,102,2024-12-16,11.070089327891605,3.2392147575438655,0.5911708073059893,8.0,0.0,0.0,0.0,1.0,0.0,0.0,0.0,0.7,0,1,0.15,-0.9,40.1,0.0
A24,103,2024-12-23,2.1738161181752416,-3.495498352548271,0.5823032451963994,9.0,4.0,0.0,0.0,0.0,0.0,0.0,0.0,0.7,0,1,0.15,-0.9,40.1,0.0
A24,104,2024-12-30,2.152603440313088,-0.363989090791347,0.5735686965184534,10.0,0.0,0.0,0.0,0.0,0.0,0.0,0.0,0.7,0,1,0.15,-0.9,40.1,0.0
A24,105,2025-01-06,1.3307433078422917,-1.2128812099640158,0.5649651660706766,11.0,36.0,0.0,0.0,0.0,0.0,0.0,0.0,0.7,0,1,0.15,-0.9,40.1,0.0
A24,106,2025-01-13,1.7849573308239788,-0.8223416688951368,0.5564906885796165,12.0,20.0,0.0,0.0,0.0,0.0,0.0,0.0,0.7,0,1,0.15,-0.9,40.1,0.0
A24,107,2025-01-20,2.173348263937358,-0.573544147533243,0.5481433282509223,13.0,0.0,0.0,0.0,0.0,0.0,0.0,0.0,0.7,0,1,0.15,-0.9,40.1,0.0
A24,108,2025-01-27,2.923050051118387,-0.1084053735955548,0.5399211783271585,14.0,29.0,22.0,0.0,2.0,0.0,0.0,0.0,0.7,0,1,0.15,-0.9,40.1,0.0
A24,109,2025-02-03,1.8085086237894457,-1.7617111766281264,0.5318223606522511,15.0,41.0,27.0,0.0,1.0,0.0,0.0,0.0,0.7,0,1,0.15,-0.9,40.1,0.0
A24,110,2025-02-10,3.604503979794035,-0.9116614023984577,0.5238450252424673,16.0,16.0,16.0,0.0,1.0,0.0,0.0,0.0,0.7,0,1,0.15,-0.9,40.1,0.0
A24,111,2025-02-17,4.213735903280954,-1.8395189671331575,0.5159873498638303,17.0,6.0,0.0,0.0,1.0,0.0,0.0,0.0,0.7,0,1,0.15,-0.9,40.1,0.0
A24,112,2025-02-24,2.984512975647358,-5.373813909423213,0.5082475396158729,18.0,35.0,16.0,0.0,0.0,0.0,0.0,0.0,0.7,0,1,0.15,-0.9,40.1,0.0
A24,113,2025-03-03,14.583105505002582,3.0472791476365195,0.5006238265216347,19.0,0.0,0.0,0.0,0.0,0.0,0.0,0.0,0.7,0,1,0.15,-0.9,40.1,0.0
A24,114,2025-03-10,6.103918652459952,-9.434027602752394,0.4931144691238102,20.0,0.0,0.0,0.0,1.0,0.0,0.0,0.0,0.7,0,1,0.15,-0.9,40.1,0.0
A24,115,2025-03-17,15.130770104383261,-4.968616480917694,0.485717752086953,21.0,28.0,11.0,0.0,2.0,0.0,0.0,1.0,0.7,0,1,0.15,-0.9,40.1,0.0
A24,116,2025-03-24,18.421152649189466,-6.3033939712620715,0.4784319858056487,22.0,23.0,23.0,0.0,0.0,0.0,0.0,1.0,0.7,0,1,0.15,-0.9,40.1,0.0
A24,117,2025-03-31,20.58388654723117,-8.171313024057255,0.471255506018564,23.0,9.0,0.0,0.0,1.0,0.0,0.0,1.0,0.7,0,1,0.15,-0.9,40.1,0.0
A24,118,2025-04-07,17.22954864684857,-14.286934367611611,0.4641866734282855,24.0,21.0,16.0,0.0,0.0,0.0,0.0,0.0,0.7,0,1,0.15,-0.9,40.1,0.0
A24,119,2025-04-14,28.219002573762083,-4.280997426237974,0.4572238733268612,25.0,17.0,8.0,0.0,0.0,0.0,0.0,0.0,0.7,0,1,0.15,-0.9,40.1,0.0
A24,120,2025-04-21,11.865074244443466,-19.65140877001725,0.4503655152269583,26.0,0.0,0.0,0.0,0.0,0.0,0.0,0.0,0.7,0,1,0.15,-0.9,40.1,0.0
A24,121,2025-04-28,18.265163530368135,-10.490036040925169,0.4436100324985539,27.0,35.0,16.0,0.0,0.0,0.0,0.0,0.0,0.7,0,1,0.15,-0.9,40.1,1.0
A24,122,2025-05-05,13.192618749803337,-11.531927870688833,0.4369558820110756,28.0,24.0,0.0,0.0,0.0,0.0,0.0,0.0,0.7,0,1,0.15,-0.9,40.1,1.0
A24,123,2025-05-12,10.30729709943496,-9.792089486178474,0.43040154378090945,29.0,19.0,0.0,0.0,2.0,0.0,0.0,0.0,0.7,0,1,0.15,-0.9,40.1,1.0
A24,124,2025-05-19,11.734861034396712,-3.8030852230340226,0.42394552062419577,30.0,43.0,21.0,0.0,0.0,0.0,0.0,0.0,0.7,0,1,0.15,-0.9,40.1,1.0
A24,125,2025-05-26,10.933069587205686,-0.6027567846985971,0.41758633781483284,31.0,24.0,20.0,0.0,0.0,0.0,0.0,0.0,0.7,0,1,0.15,-0.9,40.1,0.0
A24,126,2025-06-02,4.817888933357283,-3.5404380396644033,0.4113225427476103,32.0,29.0,0.0,0.0,0.0,0.0,0.0,0.0,0.7,0,1,0.15,-0.9,40.1,0.0
A24,127,2025-06-09,5.170925411930608,-0.882329949649006,0.4051527046063962,33.0,13.0,0.0,0.0,0.0,0.0,0.0,0.0,0.7,0,1,0.15,-0.9,40.1,0.0
A24,128,2025-06-16,2.987061548505844,-1.5291063657280795,0.39907541403730024,34.0,19.0,19.0,0.0,1.0,0.0,0.0,2.0,0.7,0,1,0.15,-0.9,40.1,0.0
A24,129,2025-06-23,1.6978985652425318,-1.872333284707596,0.3930892828267407,35.0,63.0,12.0,0.0,0.0,0.0,0.0,7.0,0.7,0,1,0.15,-0.9,40.1,0.0
A24,130,2025-06-30,1.8003735204513793,-1.2311348372045625,0.3871929435843396,36.0,0.0,0.0,0.0,0.0,1.0,0.0,12.0,0.7,0,1,0.15,-0.9,40.1,0.0
A24,131,2025-07-07,1.6079264083838753,-1.13918065675137,0.3813850494305745,37.0,17.0,0.0,0.0,0.0,3.0,1.0,12.0,0.7,0,1,0.15,-0.9,40.1,1.0
A24,132,2025-07-14,1.3284449861510457,-1.2796575526850067,0.37566427368911587,38.0,35.0,2.0,2.0,1.0,4.0,0.0,11.0,0.7,0,1,0.15,-0.9,40.1,1.0
A24,133,2025-07-21,1.922962935780292,-0.623438302617966,0.3700293095837791,39.0,27.0,8.0,0.0,2.0,0.0,0.0,10.0,0.7,0,1,0.15,-0.9,40.1,1.0
A24,134,2025-07-28,1.7820467223230039,-0.7434033621961702,0.36447886994002243,40.0,19.0,7.0,0.0,1.0,0.0,0.0,5.0,0.7,0,1,0.15,-0.9,40.1,1.0
A24,135,2025-08-04,0.9431724858156425,-1.5888141070705881,0.3590116868909221,41.0,27.0,0.0,0.0,3.0,1.0,0.0,5.0,0.7,0,1,0.15,-0.9,40.1,1.0
A24,136,2025-08-11,0.9381955754347996,-1.6346696852621778,0.35362651158755826,42.0,21.0,13.0,0.0,0.0,0.0,0.0,4.0,0.7,0,1,0.15,-0.9,40.1,1.0
A24,137,2025-08-18,2.0200480687002775,-0.6584726325629102,0.3483221139137449,43.0,7.0,0.0,0.0,0.0,0.0,0.0,3.0,0.7,0,1,0.15,-0.9,40.1,1.0
A24,138,2025-08-25,1.4230510135867227,-1.4892291448431838,0.3430972822050387,44.0,39.0,18.0,0.0,0.0,0.0,0.0,1.0,0.7,0,1,0.15,-0.9,40.1,1.0
A24,139,2025-09-01,2.4428682925337157,-0.9383679350972627,0.7276387009800349,0.0,43.0,0.0,0.0,1.0,0.0,0.0,0.0,0.7,0,1,0.15,-0.9,40.1,0.0
A24,140,2025-09-08,3.6217509071664913,-0.6176181405560004,0.7167241204653344,1.0,0.0,0.0,0.0,0.0,0.0,0.0,0.0,0.7,0,1,0.15,-0.9,40.1,0.0
A24,141,2025-09-15,2.3618667869530703,-3.3074506384039135,0.7059732586583544,2.0,18.0,0.0,0.0,0.0,0.0,0.0,0.0,0.7,0,1,0.15,-0.9,40.1,1.0
A24,142,2025-09-22,3.105744084967971,-4.725131144647608,0.695383659778479,3.0,0.0,0.0,0.0,0.0,0.0,0.0,0.0,0.7,0,1,0.15,-0.9,40.1,1.0
A24,143,2025-09-29,12.587560811352208,1.8102732473793033,0.6849529048818018,4.0,20.0,0.0,0.0,0.0,0.0,0.0,0.0,0.7,0,1,0.15,-0.9,40.1,1.0
A24,144,2025-10-06,10.55919953384665,-3.8048800339951523,0.6746786113085748,5.0,13.0,0.0,0.0,0.0,0.0,0.0,0.0,0.7,0,1,0.15,-0.9,40.1,1.0
A24,145,2025-10-13,10.214201128581994,-7.9835162129254975,0.6645584321389462,6.0,49.0,0.0,0.0,0.0,0.0,0.0,0.0,0.7,0,1,0.15,-0.9,40.1,0.0
A24,146,2025-10-20,10.159569063766071,-11.513666188812689,0.654590055656862,7.0,17.0,0.0,0.0,0.0,0.0,0.0,0.0,0.7,0,1,0.15,-0.9,40.1,0.0
A24,147,2025-10-27,13.111784212778767,-11.005978168282644,0.6447712048220091,8.0,35.0,0.0,0.0,0.0,0.0,0.0,0.0,0.7,0,1,0.15,-0.9,40.1,0.0
A24,148,2025-11-03,10.71229975539075,-14.287700244629312,0.635099636749679,9.0,0.0,0.0,0.0,1.0,0.0,0.0,0.0,0.7,0,1,0.15,-0.9,40.1,0.0
A24,149,2025-11-10,21.35658113628086,-2.7611812446492188,0.6255731421984337,10.0,13.0,0.0,0.0,1.0,0.0,0.0,0.0,0.7,0,1,0.15,-0.9,40.1,0.0
A24,150,2025-11-17,10.73417182199221,-10.939063429747911,0.6161895450654572,11.0,51.0,14.0,0.0,0.0,0.0,0.0,0.0,0.7,0,1,0.15,-0.9,40.1,0.0
A24,151,2025-11-24,17.3440646876358,-0.853652648962445,0.6069467018894753,12.0,17.0,0.0,0.0,0.0,0.0,0.0,0.0,0.7,0,1,0.15,-0.9,40.1,0.0
A24,152,2025-12-01,8.115108537975818,-6.24897100299278,0.5978425013611331,13.0,0.0,0.0,0.0,0.0,0.0,0.0,0.0,0.7,0,1,0.15,-0.9,40.1,0.0
A24,153,2025-12-08,4.862172834317649,-5.915114592039803,0.5888748638407162,14.0,0.0,0.0,0.0,0.0,0.0,0.0,0.0,0.7,0,1,0.15,-0.9,40.1,0.0
A24,154,2025-12-15,4.3845444259034005,-3.446330144444339,0.5800417408831054,15.0,5.0,0.0,0.0,1.0,0.0,0.0,0.0,0.7,0,1,0.15,-0.9,40.1,0.0
A24,155,2025-12-22,1.4708300739504947,-4.198484396773018,0.5713411147698588,16.0,50.0,50.0,0.0,0.0,0.0,0.0,0.0,0.7,0,1,0.15,-0.9,40.1,1.0
A25,0,2023-01-02,3.015544364027734,0.49895183292329914,0.2792181917091988,99.0,0.0,0.0,0.0,1.0,0.0,0.0,0.0,0.7,0,1,0.2,-1.6,40.52,0.0
A25,1,2023-01-09,2.9957417803349604,0.4521172625286529,0.2750299188335608,99.0,13.0,0.0,0.0,0.0,0.0,0.0,0.0,0.7,0,1,0.2,-1.6,40.52,0.0
A25,2,2023-01-16,4.3497498255940235,1.7424508258749078,0.2709044700510574,99.0,0.0,0.0,0.0,0.0,0.0,0.0,0.0,0.7,0,1,0.2,-1.6,40.52,0.0
A25,3,2023-01-23,1.774301930600572,-0.972590480870029,0.2668409030002915,99.0,10.0,3.0,0.0,0.0,0.0,0.0,0.0,0.7,0,1,0.2,-1.6,40.52,0.0
A25,4,2023-01-30,5.690736173522073,2.659280748808132,0.26283828945528714,99.0,19.0,5.0,0.0,0.0,0.0,0.0,0.0,0.7,0,1,0.2,-1.6,40.52,0.0
A25,5,2023-02-06,5.947556525362742,2.3773367249451702,0.2588957151134578,99.0,0.0,0.0,0.0,0.0,0.0,0.0,0.0,0.7,0,1,0.2,-1.6,40.52,0.0
A25,6,2023-02-13,8.749723200272337,4.233557818079844,0.25501227938675597,99.0,61.0,0.0,0.0,1.0,0.0,0.0,0.0,0.7,0,1,0.2,-1.6,40.52,0.0
A25,7,2023-02-20,7.428226919264137,1.3749720488500259,0.2511870951959546,99.0,60.0,2.0,0.0,1.0,0.0,0.0,0.0,0.7,0,1,0.2,-1.6,40.52,0.0
A25,8,2023-02-27,14.898577177556668,6.540250292486096,0.24741928876801528,99.0,0.0,0.0,0.0,0.0,0.0,0.0,0.0,0.7,0,1,0.2,-1.6,40.52,0.0
A25,9,2023-03-06,8.616385380177697,-2.9194409771883656,0.24370799943649504,99.0,56.0,0.0,0.0,0.0,0.0,0.0,0.0,0.7,0,1,0.2,-1.6,40.52,0.0
A25,10,2023-03-13,24.928092409364048,9.390146154151703,0.24005237944494762,99.0,0.0,0.0,0.0,0.0,0.0,0.0,0.0,0.7,0,1,0.2,-1.6,40.52,0.0
A25,11,2023-03-20,19.181108858138245,-0.9182777271627103,0.2364515937532734,99.0,15.0,0.0,0.0,0.0,0.0,0.0,0.0,0.7,0,1,0.2,-1.6,40.52,0.0
A25,12,2023-03-27,17.338846565381402,-7.385700055070135,0.2329048198469743,99.0,0.0,0.0,0.0,1.0,0.0,0.0,0.0,0.7,0,1,0.2,-1.6,40.52,0.0
A25,13,2023-04-03,24.252336796940245,-4.502862774348181,0.2294112475492697,99.0,0.0,0.0,0.0,0.0,0.0,0.0,0.0,0.7,0,1,0.2,-1.6,40.52,0.0
A25,14,2023-04-10,39.47194352828684,7.955460513826662,0.22597007883603065,99.0,0.0,0.0,0.0,1.0,0.0,0.0,0.0,0.7,0,1,0.2,-1.6,40.52,0.0
A25,15,2023-04-17,30.44369517697561,-2.0563048230244476,0.22258052765349018,99.0,0.0,0.0,0.0,0.0,0.0,0.0,0.0,0.7,0,1,0.2,-1.6,40.52,0.0
A25,16,2023-04-24,44.93782944701835,13.421346432557634,0.2192418197386878,99.0,0.0,0.0,0.0,0.0,0.0,0.0,0.0,0.7,0,1,0.2,-1.6,40.52,0.0
A25,17,2023-05-01,19.08836548624618,-9.666834085047125,0.2159531924426075,99.0,23.0,0.0,0.0,0.0,0.0,0.0,0.0,0.7,0,1,0.2,-1.6,40.52,0.0
A25,18,2023-05-08,14.679558554329365,-10.044988066162805,0.21271389455596837,99.0,16.0,0.0,0.0,1.0,0.0,0.0,0.0,0.7,0,1,0.2,-1.6,40.52,0.0
A25,19,2023-05-15,40.61625880963306,20.516872224019625,0.20952318613762885,99.0,11.0,0.0,0.0,0.0,0.0,0.0,0.0,0.7,0,1,0.2,-1.6,40.52,0.0
A25,20,2023-05-22,26.6491904847574,11.111244227326667,0.2063803383455644,99.0,22.0,0.0,0.0,1.0,0.0,0.0,0.0,0.7,0,1,0.2,-1.6,40.52,0.0
A25,21,2023-05-29,9.987628610885682,-1.548197761018601,0.20328463327038093,99.0,0.0,0.0,0.0,1.0,0.0,0.0,0.0,0.7,0,1,0.2,-1.6,40.52,0.0
A25,22,2023-06-05,10.43694547189684,2.0786184988751533,0.20023536377132523,99.0,18.0,0.0,0.0,1.0,0.0,0.0,0.0,0.7,0,1,0.2,-1.6,40.52,0.0
A25,23,2023-06-12,10.811033424418195,4.757778062838581,0.19842917177303468,99.0,6.0,0.0,0.0,0.0,0.0,0.0,0.0,0.7,0,1,0.2,-1.6,40.52,0.0
A25,24,2023-06-19,6.53732193721871,2.0211540229847866,0.19842917177303468,99.0,0.0,0.0,0.0,1.0,0.0,0.0,0.0,0.7,0,1,0.2,-1.6,40.52,0.0
A25,25,2023-06-26,4.700421439265095,1.1301895893149672,0.19842917177303468,99.0,37.0,0.0,0.0,0.0,0.0,0.0,0.0,0.7,0,1,0.2,-1.6,40.52,0.0
A25,26,2023-07-03,5.559497815538174,2.5279894578822324,0.19842917177303468,99.0,0.0,0.0,0.0,1.0,0.0,0.0,0.0,0.7,0,1,0.2,-1.6,40.52,0.0
A25,27,2023-07-10,2.658979936276042,-0.08812712885920337,0.19842917177303468,99.0,24.0,0.0,0.0,0.0,0.0,0.0,0.0,0.7,0,1,0.2,-1.6,40.52,0.0
A25,28,2023-07-17,3.2958990009982494,0.687796462162197,0.19842917177303468,99.0,23.0,0.0,0.0,0.0,0.0,0.0,0.0,0.7,0,1,0.2,-1.6,40.52,0.0
A25,29,2023-07-24,3.1631792425052003,0.6167780041069424,0.19842917177303468,99.0,0.0,0.0,0.0,0.0,0.0,0.0,0.0,0.7,0,1,0.2,-1.6,40.52,0.0
A25,30,2023-07-31,2.869380442478324,0.3439303579591497,0.19842917177303468,99.0,93.0,26.0,0.0,0.0,0.0,0.0,0.0,0.7,0,1,0.2,-1.6,40.52,0.0
A25,31,2023-08-07,2.761339343798836,0.22935275091260543,0.19842917177303468,99.0,24.0,0.0,0.0,1.0,0.0,0.0,0.0,0.7,0,1,0.2,-1.6,40.52,0.0
A25,32,2023-08-14,3.2991590407723126,0.7262937800753351,0.19842917177303468,99.0,18.0,0.0,0.0,0.0,0.0,0.0,0.0,0.7,0,1,0.2,-1.6,40.52,0.0
A25,33,2023-08-21,3.3887151572722547,0.7101944560090669,0.19842917177303468,99.0,7.0,0.0,0.0,0.0,0.0,0.0,0.0,0.7,0,1,0.2,-1.6,40.52,0.0
A25,34,2023-08-28,2.5221966551772033,-0.39008350325270325,0.19842917177303468,99.0,47.0,0.0,0.0,0.0,0.0,0.0,0.0,0.7,0,1,0.2,-1.6,40.52,0.0
A25,35,2023-09-04,5.595784297503734,2.2145480698727553,0.19842917177303468,99.0,6.0,0.0,0.0,0.0,0.0,0.0,0.0,0.7,0,1,0.2,-1.6,40.52,0.0
A25,36,2023-09-11,3.7652835754766754,-0.4740854722458163,0.19842917177303468,99.0,4.0,0.0,0.0,1.0,0.0,0.0,0.0,0.7,0,1,0.2,-1.6,40.52,0.0
A25,37,2023-09-18,6.565512516243683,0.8961950908866996,0.19842917177303468,99.0,8.0,0.0,0.0,0.0,1.0,0.0,0.0,0.7,0,1,0.2,-1.6,40.52,0.0
A25,38,2023-09-25,8.827480754336486,0.9966055247209074,0.19842917177303468,99.0,0.0,0.0,0.0,0.0,0.0,0.0,0.0,0.7,0,1,0.2,-1.6,40.52,1.0
A25,39,2023-10-02,15.270467466016795,4.49317990204389,0.19842917177303468,99.0,0.0,0.0,0.0,0.0,0.0,0.0,0.0,0.7,0,1,0.2,-1.6,40.52,1.0
A25,40,2023-10-09,8.552193399312179,-5.8118861685296235,0.19842917177303468,99.0,47.0,0.0,0.0,0.0,0.0,0.0,0.0,0.7,0,1,0.2,-1.6,40.52,1.0
A25,41,2023-10-16,31.0704793689073,12.872762027399808,0.19842917177303468,99.0,27.0,0.0,0.0,0.0,0.0,0.0,0.0,0.7,0,1,0.2,-1.6,40.52,1.0
A25,42,2023-10-23,21.376133238765476,-0.2971020138132836,0.19842917177303468,99.0,0.0,0.0,0.0,0.0,0.0,0.0,0.0,0.7,0,1,0.2,-1.6,40.52,0.0
A25,43,2023-10-30,46.20459729887289,22.08683491781148,0.5504383000875489,0.0,0.0,0.0,0.0,0.0,0.0,0.0,0.0,0.7,0,1,0.2,-1.6,40.52,0.0
A25,44,2023-11-06,26.4342799974673,1.4342799974472378,0.5421817255862357,1.0,18.0,18.0,0.0,1.0,0.0,0.0,0.0,0.7,0,1,0.2,-1.6,40.52,0.0
A25,45,2023-11-13,29.636209083663562,5.518446702733485,0.5340489997024421,2.0,24.0,0.0,0.0,0.0,0.0,0.0,0.0,0.7,0,1,0.2,-1.6,40.52,0.0
A25,46,2023-11-20,52.93404825260234,31.260813000862218,0.5260382647069055,3.0,0.0,0.0,0.0,1.0,0.0,0.0,0.0,0.7,0,1,0.2,-1.6,40.52,0.0
A25,47,2023-11-27,20.64289811670042,2.4451807801021737,0.518147690736302,4.0,0.0,0.0,0.0,1.0,0.0,0.0,0.0,0.7,0,1,0.2,-1.6,40.52,0.0
A25,48,2023-12-04,27.701086183371917,13.337006642403319,0.5103754753752574,5.0,43.0,0.0,0.0,0.0,0.0,0.0,0.0,0.7,0,1,0.2,-1.6,40.52,0.0
A25,49,2023-12-11,13.656973016173,2.879685589815548,0.5027198432446285,6.0,6.0,0.0,0.0,0.0,0.0,0.0,0.0,0.7,0,1,0.2,-1.6,40.52,0.0
A25,50,2023-12-18,11.320489801133926,3.4896152307861863,0.49517904559595904,7.0,0.0,0.0,0.0,0.0,0.0,0.0,0.0,0.7,0,1,0.2,-1.6,40.52,0.0
A25,51,2023-12-25,7.2623049407731175,1.592990470049605,0.4877513599120197,8.0,23.0,0.0,0.0,0.0,0.0,0.0,0.0,0.7,0,1,0.2,-1.6,40.52,0.0
A25,52,2024-01-01,3.3860155817771607,0.8694230506727259,0.48043508951333935,9.0,11.0,0.0,0.0,0.0,0.0,0.0,0.0,0.7,0,1,0.2,-1.6,40.52,0.0
A25,53,2024-01-08,2.001013845532272,-0.5426106722740354,0.47322856317063927,10.0,18.0,0.0,0.0,0.0,0.0,0.0,1.0,0.7,0,1,0.2,-1.6,40.52,0.0
A25,54,2024-01-15,1.8476190984665175,-0.7596799012525981,0.4661301347230797,11.0,4.0,0.0,0.0,0.0,0.0,0.0,0.0,0.7,0,1,0.2,-1.6,40.52,0.0
A25,55,2024-01-22,2.196727106672483,-0.5501653047981181,0.4591381827022335,12.0,44.0,0.0,0.0,0.0,0.0,0.0,0.0,0.7,0,1,0.2,-1.6,40.52,0.0
A25,56,2024-01-29,3.139116761165285,0.10766133645134346,0.4522511099617,13.0,3.0,0.0,0.0,0.0,0.0,0.0,0.0,0.7,0,1,0.2,-1.6,40.52,0.0
A25,57,2024-02-05,3.30468311326625,-0.26553668715132206,0.4454673433122745,14.0,2.0,0.0,0.0,0.0,0.0,0.0,0.0,0.7,0,1,0.2,-1.6,40.52,0.0
A25,58,2024-02-12,5.790736431685433,1.2745710494929403,0.4387853331625904,15.0,19.0,0.0,0.0,0.0,0.0,0.0,0.0,0.7,0,1,0.2,-1.6,40.52,0.0
A25,59,2024-02-19,9.556793065843255,3.503538195429144,0.4322035531651515,16.0,11.0,0.0,0.0,0.0,0.0,0.0,0.0,0.7,0,1,0.2,-1.6,40.52,0.0
A25,60,2024-02-26,5.940033990533623,-2.4182928945369486,0.42572049986767424,17.0,19.0,0.0,0.0,1.0,0.0,0.0,0.0,0.7,0,1,0.2,-1.6,40.52,0.0
A25,61,2024-03-04,8.922493528895277,-2.613332828470785,0.41933469236965915,18.0,24.0,0.0,0.0,0.0,0.0,0.0,0.0,0.7,0,1,0.2,-1.6,40.52,0.0
A25,62,2024-03-11,9.398981959096194,-6.138964296116152,0.41304467198411426,19.0,37.0,0.0,0.0,0.0,0.0,0.0,0.0,0.7,0,1,0.2,-1.6,40.52,0.0
A25,63,2024-03-18,40.90776274562079,20.80837616031984,0.4068490019043525,20.0,28.0,24.0,0.0,0.0,0.0,0.0,0.0,0.7,0,1,0.2,-1.6,40.52,0.0
A25,64,2024-03-25,27.506734487480497,2.7821878670289593,0.40074626687578724,21.0,29.0,0.0,0.0,1.0,0.0,0.0,0.0,0.7,0,1,0.2,-1.6,40.52,0.0
A25,65,2024-04-01,34.01322493155662,5.258025360268196,0.3947350728726504,22.0,19.0,0.0,0.0,1.0,0.0,0.0,0.0,0.7,0,1,0.2,-1.6,40.52,0.0
A25,66,2024-04-08,19.71614305330375,-11.800339961156432,0.38881404677956066,23.0,19.0,19.0,0.0,1.0,0.0,0.0,0.0,0.7,0,1,0.2,-1.6,40.52,0.0
A25,67,2024-04-15,32.4866940995903,-0.013305900409754656,0.38298183607786723,24.0,27.0,7.0,0.0,1.0,0.0,0.0,0.0,0.7,0,1,0.2,-1.6,40.52,0.0
A25,68,2024-04-22,37.66560989698283,6.149126882522111,0.37723710853669923,25.0,10.0,10.0,0.0,1.0,0.0,0.0,0.0,0.7,0,1,0.2,-1.6,40.52,0.0
A25,69,2024-04-29,26.320639778560572,-2.434559792732731,0.37157855190864875,26.0,47.0,36.0,0.0,0.0,0.0,0.0,0.0,0.7,0,1,0.2,-1.6,40.52,0.0
A25,70,2024-05-06,36.02789534682228,11.303348726330107,0.366004873630019,27.0,0.0,0.0,0.0,1.0,0.0,0.0,0.0,0.7,0,1,0.2,-1.6,40.52,0.0
A25,71,2024-05-13,45.14277254134207,25.043385955728635,0.3605148005255687,28.0,33.0,0.0,0.0,0.0,0.0,0.0,0.0,0.7,0,1,0.2,-1.6,40.52,0.0
A25,72,2024-05-20,11.154167426020795,-4.3837788314099395,0.3551070785176852,29.0,0.0,0.0,0.0,0.0,0.0,0.0,1.0,0.7,0,1,0.2,-1.6,40.52,0.0
A25,73,2024-05-27,8.06655896822011,-3.4692674036841726,0.34978047233991993,30.0,0.0,0.0,0.0,1.0,0.0,0.0,2.0,0.7,0,1,0.2,-1.6,40.52,0.0
A25,74,2024-06-03,6.147488726613282,-2.2108382464084047,0.34453376525482116,31.0,40.0,0.0,0.0,3.0,0.0,0.0,5.0,0.7,0,1,0.2,-1.6,40.52,0.0
A25,75,2024-06-10,10.620285616185026,4.567030254605411,0.33936575877599884,32.0,22.0,22.0,0.0,4.0,0.0,0.0,6.0,0.7,0,1,0.2,-1.6,40.52,0.0
A25,76,2024-06-17,6.504460606059805,1.9882926918258814,0.33427527239435884,33.0,11.0,0.0,0.0,2.0,0.0,1.0,7.0,0.7,0,1,0.2,-1.6,40.52,0.0
A25,77,2024-06-24,3.404832688598113,-0.1653991613520147,0.32926114330844347,34.0,49.0,19.0,0.0,2.0,0.0,0.0,7.0,0.7,0,1,0.2,-1.6,40.52,0.0
A25,78,2024-07-01,3.070548425901539,0.03904006824559714,0.32432222615881684,35.0,0.0,0.0,0.0,1.0,0.0,0.0,6.0,0.7,0,1,0.2,-1.6,40.52,0.0
A25,79,2024-07-08,2.064231727679075,-0.6828753374561702,0.3194573927664346,36.0,23.0,0.0,0.0,0.0,1.0,0.0,8.0,0.7,0,1,0.2,-1.6,40.52,0.0
A25,80,2024-07-15,3.5613242838557495,0.9532217450196971,0.31466553187493806,37.0,8.0,0.0,0.0,1.0,1.0,0.0,7.0,0.7,0,1,0.2,-1.6,40.52,0.0
A25,81,2024-07-22,2.2293619977646326,-0.3170392406336253,0.30994554889681397,38.0,0.0,0.0,0.0,5.0,0.0,0.0,9.0,0.7,0,1,0.2,-1.6,40.52,0.0
A25,82,2024-07-29,2.305718886867264,-0.2197311976519103,0.30529636566336177,39.0,19.0,0.0,0.0,4.0,1.0,0.0,11.0,0.7,0,1,0.2,-1.6,40.52,0.0
A25,83,2024-08-05,3.1332807834709095,0.6012941905846789,0.30071692017841134,40.0,15.0,0.0,0.0,2.0,1.0,0.0,8.0,0.7,0,1,0.2,-1.6,40.52,0.0
A25,84,2024-08-12,2.4090246040871084,-0.16384065660986913,0.29620616637573516,41.0,4.0,0.0,0.0,0.0,0.0,0.0,5.0,0.7,0,1,0.2,-1.6,40.52,0.0
A25,85,2024-08-19,2.4670585419020714,-0.21146215936111634,0.29176307388009914,42.0,22.0,0.0,0.0,2.0,1.0,0.0,5.0,0.7,0,1,0.2,-1.6,40.52,1.0
A25,86,2024-08-26,2.923079418301447,0.01079925987154029,0.28738662777189766,43.0,0.0,0.0,0.0,2.0,1.0,0.0,2.0,0.7,0,1,0.2,-1.6,40.52,1.0
A25,87,2024-09-02,4.466547707446598,1.0853114798156192,0.2830758283553192,44.0,9.0,0.0,0.0,0.0,0.0,0.0,2.0,0.7,0,1,0.2,-1.6,40.52,1.0
A25,88,2024-09-09,7.54350573149744,3.3041366837749484,0.2788296909299894,45.0,0.0,0.0,0.0,0.0,0.0,0.0,0.0,0.7,0,1,0.2,-1.6,40.52,1.0
A25,89,2024-09-16,6.958673786298795,1.2893563609418113,0.27464724556603953,46.0,0.0,0.0,0.0,0.0,0.0,1.0,0.0,0.7,0,1,0.2,-1.6,40.52,0.0
A25,90,2024-09-23,10.373290288115589,2.5424150585000103,0.27052753688254894,47.0,7.0,0.0,0.0,0.0,0.0,0.0,0.0,0.7,0,1,0.2,-1.6,40.52,0.0
A25,91,2024-09-30,10.049189602054252,-0.7280979619186532,0.2664696238293107,48.0,14.0,0.0,0.0,0.0,0.0,0.0,0.0,0.7,0,1,0.2,-1.6,40.52,0.0
A25,92,2024-10-07,11.212187582028589,-3.1518919858132133,0.2624725794718711,49.0,44.0,0.0,0.0,1.0,0.0,0.0,0.0,0.7,0,1,0.2,-1.6,40.52,0.0
A25,93,2024-10-14,22.878356821784145,4.680639480276653,0.258535490779793,50.0,26.0,0.0,0.0,0.0,0.0,0.0,0.0,0.7,0,1,0.2,-1.6,40.52,0.0
A25,94,2024-10-21,23.011921078063693,1.3386858254849336,0.5186814239552526,0.0,18.0,0.0,0.0,0.0,0.0,0.0,0.0,0.7,0,1,0.2,-1.6,40.52,0.0
A25,95,2024-10-28,14.658620174313613,-9.459142206747797,0.5109012025959239,1.0,16.0,0.0,0.0,0.0,0.0,0.0,0.0,0.7,0,1,0.2,-1.6,40.52,0.0
A25,96,2024-11-04,22.28806774743422,-2.711932252585843,0.503237684556985,2.0,22.0,22.0,0.0,0.0,0.0,0.0,0.0,0.7,0,1,0.2,-1.6,40.52,0.0
A25,97,2024-11-11,23.428064446602903,-0.6896979343271745,0.49568911928863024,3.0,24.0,0.0,0.0,0.0,0.0,0.0,0.0,0.7,0,1,0.2,-1.6,40.52,0.0
A25,98,2024-11-18,18.127277486729426,-3.5459577650106944,0.4882537824993008,4.0,14.0,0.0,0.0,0.0,0.0,0.0,0.0,0.7,0,1,0.2,-1.6,40.52,0.0
A25,99,2024-11-25,30.566468981860375,12.36875164526213,0.4809299757618113,5.0,38.0,0.0,0.0,0.0,0.0,0.0,0.0,0.7,0,1,0.2,-1.6,40.52,0.0
A25,100,2024-12-02,16.990838326015307,2.626758785046709,0.4737160261253841,6.0,0.0,0.0,0.0,0.0,0.0,0.0,0.0,0.7,0,1,0.2,-1.6,40.52,0.0
A25,101,2024-12-09,17.42754716743991,6.6502597410824595,0.4666102857335033,7.0,17.0,0.0,0.0,1.0,0.0,0.0,0.0,0.7,0,1,0.2,-1.6,40.52,0.0
A25,102,2024-12-16,8.587202728250736,0.7563281579029963,0.45961113144750076,8.0,30.0,0.0,0.0,0.0,0.0,0.0,0.0,0.7,0,1,0.2,-1.6,40.52,0.0
A25,103,2024-12-23,5.8331312484859765,0.16381677776246395,0.45271696447578824,9.0,20.0,0.0,0.0,0.0,0.0,0.0,0.0,0.7,0,1,0.2,-1.6,40.52,0.0
A25,104,2024-12-30,1.813206056227742,-0.7033864748766929,0.4459262100086514,10.0,0.0,0.0,0.0,0.0,0.0,0.0,0.0,0.7,0,1,0.2,-1.6,40.52,0.0
A25,105,2025-01-06,1.6602736860763847,-0.8833508317299228,0.43923731685852163,11.0,72.0,0.0,0.0,0.0,1.0,0.0,0.0,0.7,0,1,0.2,-1.6,40.52,0.0
A25,106,2025-01-13,1.702505138723904,-0.9047938609952115,0.4326487571056438,12.0,16.0,0.0,0.0,0.0,0.0,0.0,0.0,0.7,0,1,0.2,-1.6,40.52,0.0
A25,107,2025-01-20,1.1064951142653203,-1.6403972972052807,0.4261590257490592,13.0,57.0,0.0,0.0,0.0,0.0,0.0,0.0,0.7,0,1,0.2,-1.6,40.52,0.0
A25,108,2025-01-27,1.6313784167025067,-1.4000770080114349,0.4197666403628233,14.0,0.0,0.0,0.0,0.0,0.0,0.0,0.0,0.7,0,1,0.2,-1.6,40.52,0.0
A25,109,2025-02-03,2.0723750921999966,-1.4978447082175754,0.4134701407573809,15.0,7.0,0.0,0.0,0.0,0.0,0.0,0.0,0.7,0,1,0.2,-1.6,40.52,0.0
A25,110,2025-02-10,3.392605435809174,-1.1235599463833186,0.4072680886460202,16.0,24.0,0.0,0.0,1.0,0.0,0.0,0.0,0.7,0,1,0.2,-1.6,40.52,0.0
A25,111,2025-02-17,4.624118441658622,-1.4291364287554895,0.4011590673163299,17.0,6.0,0.0,0.0,0.0,0.0,0.0,0.0,0.7,0,1,0.2,-1.6,40.52,0.0
A25,112,2025-02-24,4.432722206599483,-3.925604678471088,0.39514168130658495,18.0,23.0,0.0,0.0,0.0,0.0,0.0,0.0,0.7,0,1,0.2,-1.6,40.52,0.0
A25,113,2025-03-03,8.835511271641149,-2.700315085724913,0.3892145560869862,19.0,16.0,0.0,0.0,0.0,0.0,0.0,0.0,0.7,0,1,0.2,-1.6,40.52,0.0
A25,114,2025-03-10,9.476117028712057,-6.061829226500288,0.38337633774568136,20.0,7.0,0.0,0.0,0.0,0.0,0.0,0.0,0.7,0,1,0.2,-1.6,40.52,0.0
A25,115,2025-03-17,4.785255271048325,-15.31413131425263,0.37762569267949614,21.0,27.0,0.0,0.0,0.0,0.0,0.0,0.0,0.7,0,1,0.2,-1.6,40.52,0.0
A25,116,2025-03-24,13.563304034285888,-11.161242586165649,0.3719613072893037,22.0,0.0,0.0,0.0,1.0,0.0,0.0,0.0,0.7,0,1,0.2,-1.6,40.52,0.0
A25,117,2025-03-31,27.267123620603794,-1.4880759506846317,0.36638188767996416,23.0,0.0,0.0,0.0,1.0,0.0,0.0,0.0,0.7,0,1,0.2,-1.6,40.52,0.0
A25,118,2025-04-07,11.37133537802472,-20.14514763643546,0.3608861593647647,24.0,102.0,37.0,0.0,0.0,0.0,0.0,0.0,0.7,0,1,0.2,-1.6,40.52,0.0
A25,119,2025-04-14,21.974860455181265,-10.525139544818792,0.3554728669742932,25.0,20.0,0.0,0.0,0.0,0.0,0.0,0.0,0.7,0,1,0.2,-1.6,40.52,0.0
A25,120,2025-04-21,35.67924646185491,4.162763447394191,0.3501407739696788,26.0,10.0,0.0,0.0,0.0,0.0,0.0,0.0,0.7,0,1,0.2,-1.6,40.52,0.0
A25,121,2025-04-28,14.322348591896443,-14.43285097939686,0.3448886623601336,27.0,0.0,0.0,0.0,0.0,0.0,0.0,0.0,0.7,0,1,0.2,-1.6,40.52,0.0
A25,122,2025-05-05,16.083048072131803,-8.641498548360367,0.3397153324247316,28.0,2.0,0.0,0.0,0.0,0.0,0.0,0.0,0.7,0,1,0.2,-1.6,40.52,0.0
A25,123,2025-05-12,8.277166422719771,-11.822220162893663,0.33461960243836064,29.0,4.0,0.0,0.0,1.0,0.0,0.0,0.0,0.7,0,1,0.2,-1.6,40.52,0.0
A25,124,2025-05-19,17.85052931395958,2.3125830565288457,0.3296003084017852,30.0,62.0,26.0,0.0,0.0,0.0,0.0,0.0,0.7,0,1,0.2,-1.6,40.52,0.0
A25,125,2025-05-26,7.282747493103645,-4.253078878800639,0.32465630377575844,31.0,44.0,0.0,0.0,0.0,0.0,0.0,0.0,0.7,0,1,0.2,-1.6,40.52,0.0
A25,126,2025-06-02,5.5223017833514065,-2.8360251896702797,0.3197864592191221,32.0,5.0,0.0,0.0,0.0,0.0,0.0,0.0,0.7,0,1,0.2,-1.6,40.52,0.0
A25,127,2025-06-09,6.320627242469507,0.2673718808898924,0.31498966233083525,33.0,64.0,13.0,0.0,0.0,0.0,0.0,0.0,0.7,0,1,0.2,-1.6,40.52,0.0
A25,128,2025-06-16,3.7002424691321956,-0.8159254451017279,0.3102648173958727,34.0,35.0,23.0,0.0,0.0,0.0,0.0,0.0,0.7,0,1,0.2,-1.6,40.52,0.0
A25,129,2025-06-23,1.7080930369756469,-1.862138812974481,0.3056108451349346,35.0,16.0,0.0,0.0,0.0,0.0,0.0,0.0,0.7,0,1,0.2,-1.6,40.52,0.0
A25,130,2025-06-30,1.5710278928291868,-1.460480464826755,0.3010266824579106,36.0,0.0,0.0,0.0,0.0,0.0,0.0,0.0,0.7,0,1,0.2,-1.6,40.52,0.0
A25,131,2025-07-07,2.1233423388832677,-0.6237647262519777,0.29651128222104195,37.0,0.0,0.0,0.0,1.0,0.0,0.0,0.0,0.7,0,1,0.2,-1.6,40.52,1.0
A25,132,2025-07-14,1.3626041363256869,-1.2454984025103655,0.2920636129877263,38.0,11.0,0.0,0.0,0.0,0.0,0.0,0.0,0.7,0,1,0.2,-1.6,40.52,1.0
A25,133,2025-07-21,0.7888832099135079,-1.75751802848475,0.28768265879291044,39.0,59.0,35.0,0.0,0.0,0.0,0.0,0.0,0.7,0,1,0.2,-1.6,40.52,1.0
A25,134,2025-07-28,1.611236831710018,-0.914213252809156,0.2833674189110168,40.0,19.0,0.0,0.0,1.0,0.0,0.0,0.0,0.7,0,1,0.2,-1.6,40.52,1.0
A25,135,2025-08-04,0.9803426375342965,-1.5516439553519341,0.27911690762735153,41.0,30.0,6.0,6.0,0.0,0.0,0.0,0.0,0.7,0,1,0.2,-1.6,40.52,0.0
A25,136,2025-08-11,2.9444906941131657,0.37162543341618814,0.27493015401294124,42.0,4.0,0.0,0.0,0.0,0.0,0.0,0.0,0.7,0,1,0.2,-1.6,40.52,0.0
A25,137,2025-08-18,1.8521690691800914,-0.8263516320830964,0.2708062017027471,43.0,18.0,0.0,0.0,0.0,0.0,0.0,0.0,0.7,0,1,0.2,-1.6,40.52,0.0
A25,138,2025-08-25,1.3789773145263378,-1.5333028439035687,0.2667441086772059,44.0,42.0,0.0,0.0,0.0,0.0,0.0,0.0,0.7,0,1,0.2,-1.6,40.52,0.0
A25,139,2025-09-01,1.7210544050974634,-1.660181822533515,0.5442151605546729,0.0,14.0,0.0,0.0,0.0,0.0,0.0,0.0,0.7,0,1,0.2,-1.6,40.52,0.0
A25,140,2025-09-08,1.4223954355902897,-2.8169736121322018,0.5360519331463528,1.0,24.0,0.0,0.0,0.0,0.0,0.0,0.0,0.7,0,1,0.2,-1.6,40.52,0.0
A25,141,2025-09-15,2.5079712276911987,-3.161346197665785,0.5280111541491574,2.0,18.0,0.0,0.0,1.0,0.0,0.0,0.0,0.7,0,1,0.2,-1.6,40.52,0.0
A25,142,2025-09-22,7.264536439035943,-0.5663387905796355,0.5200909868369201,3.0,20.0,20.0,0.0,1.0,0.0,0.0,0.0,0.7,0,1,0.2,-1.6,40.52,0.0
A25,143,2025-09-29,15.298933976119168,4.5216464121462625,0.5122896220343663,4.0,20.0,0.0,0.0,0.0,0.0,0.0,0.0,0.7,0,1,0.2,-1.6,40.52,0.0
A25,144,2025-10-06,12.039422568079257,-2.3246569997625457,0.5046052777038509,5.0,27.0,16.0,16.0,0.0,0.0,0.0,0.0,0.7,0,1,0.2,-1.6,40.52,0.0
A25,145,2025-10-13,11.453534368160188,-6.7441829733473035,0.4970361985382931,6.0,33.0,0.0,0.0,0.0,0.0,0.0,0.0,0.7,0,1,0.2,-1.6,40.52,0.0
A25,146,2025-10-20,12.110942747508895,-9.562292505069864,0.48958065556021874,7.0,25.0,0.0,0.0,2.0,0.0,0.0,0.0,0.7,0,1,0.2,-1.6,40.52,0.0
A25,147,2025-10-27,11.21656996839827,-12.901192412663141,0.48223694572681547,8.0,13.0,9.0,0.0,0.0,0.0,0.0,0.0,0.7,0,1,0.2,-1.6,40.52,0.0
A25,148,2025-11-03,33.415202915957835,8.415202915937773,0.47500339154091326,9.0,44.0,0.0,0.0,0.0,0.0,0.0,0.0,0.7,0,1,0.2,-1.6,40.52,0.0
A25,149,2025-11-10,14.674387622384142,-9.443374758545936,0.46787834066779954,10.0,0.0,0.0,0.0,1.0,0.0,0.0,0.0,0.7,0,1,0.2,-1.6,40.52,0.0
A25,150,2025-11-17,29.54060108820019,7.8673658364600705,0.46086016555778253,11.0,5.0,0.0,0.0,1.0,1.0,0.0,0.0,0.7,0,1,0.2,-1.6,40.52,0.0
A25,151,2025-11-24,19.264135008277528,1.0664176716792824,0.4539472630744158,12.0,22.0,0.0,0.0,1.0,0.0,0.0,0.0,0.7,0,1,0.2,-1.6,40.52,0.0
A25,152,2025-12-01,5.076738088599656,-9.287341452368942,0.44713805412829954,13.0,2.0,0.0,0.0,0.0,0.0,0.0,0.0,0.7,0,1,0.2,-1.6,40.52,0.0
A25,153,2025-12-08,5.548760941226445,-5.228526485131007,0.44043098331637504,14.0,37.0,0.0,0.0,0.0,0.0,0.0,0.0,0.7,0,1,0.2,-1.6,40.52,0.0
A25,154,2025-12-15,4.027418053094518,-3.8034565172532213,0.4338245185666294,15.0,71.0,0.0,0.0,1.0,0.0,0.0,0.0,0.7,0,1,0.2,-1.6,40.52,0.0
A25,155,2025-12-22,3.5834967240177766,-2.085817746705736,0.42731715078812993,16.0,20.0,0.0,0.0,0.0,0.0,0.0,0.0,0.7,0,1,0.2,-1.6,40.52,0.0
A26,0,2023-01-02,3.08003012888769,0.5634375977832553,0.3223236427223916,99.0,15.0,0.0,0.0,1.0,0.0,0.0,0.0,0.6,0,0,0.15,0.74,39.18,0.0
A26,1,2023-01-09,9.074037138546961,6.530412620740654,0.31748878808155573,99.0,0.0,0.0,0.0,0.0,0.0,0.0,0.0,0.6,0,0,0.15,0.74,39.18,0.0
A26,2,2023-01-16,2.2354188484396276,-0.37188015127948804,0.3127264562603324,99.0,4.0,0.0,0.0,0.0,0.0,0.0,0.0,0.6,0,0,0.15,0.74,39.18,0.0
A26,3,2023-01-23,3.720110117460901,0.9732177059903,0.3080355594164274,99.0,11.0,11.0,0.0,0.0,0.0,0.0,0.0,0.6,0,0,0.15,0.74,39.18,0.0
A26,4,2023-01-30,4.70188787483671,1.6704324501227683,0.303415026025181,99.0,17.0,0.0,0.0,0.0,0.0,0.0,0.0,0.6,0,0,0.15,0.74,39.18,0.0
A26,5,2023-02-06,4.46032000023912,0.8901001998215481,0.2988638006348033,99.0,28.0,28.0,0.0,0.0,0.0,0.0,0.0,0.6,0,0,0.15,0.74,39.18,0.0
A26,6,2023-02-13,5.8671560091230885,1.3509906269305958,0.2943808436252812,99.0,10.0,0.0,0.0,0.0,0.0,0.0,0.0,0.6,0,0,0.15,0.74,39.18,0.0
A26,7,2023-02-20,5.24909961920612,-0.804155251207991,0.289965130970902,99.0,19.0,19.0,0.0,0.0,1.0,0.0,0.0,0.6,0,0,0.15,0.74,39.18,0.0
A26,8,2023-02-27,10.844651326370423,2.4863244412998515,0.2856156540063384,99.0,0.0,0.0,0.0,1.0,0.0,0.0,0.0,0.6,0,0,0.15,0.74,39.18,1.0
A26,9,2023-03-06,17.246181008671027,5.710354651304964,0.2813314191962433,99.0,0.0,0.0,0.0,1.0,0.0,0.0,0.0,0.6,0,0,0.15,0.74,39.18,1.0
A26,10,2023-03-13,21.78210875239879,6.244162497186446,0.27711144790829967,99.0,0.0,0.0,0.0,1.0,0.0,0.0,0.0,0.6,0,0,0.15,0.74,39.18,1.0
A26,11,2023-03-20,30.673624979206775,10.57423839390582,0.2729547761896752,99.0,10.0,0.0,0.0,0.0,0.0,0.0,0.0,0.6,0,0,0.15,0.74,39.18,1.0
A26,12,2023-03-27,50.67095450521769,25.946407884766156,0.26886045454683005,99.0,0.0,0.0,0.0,0.0,0.0,0.0,0.0,0.6,0,0,0.15,0.74,39.18,0.0
A26,13,2023-04-03,49.89398460679645,21.138785035508025,0.2648275477286276,99.0,22.0,0.0,0.0,2.0,0.0,0.0,0.0,0.6,0,0,0.15,0.74,39.18,0.0
A26,14,2023-04-10,40.391014437345994,8.874531422885813,0.2608551345126982,99.0,9.0,9.0,0.0,0.0,0.0,0.0,0.0,0.6,0,0,0.15,0.74,39.18,0.0
A26,15,2023-04-17,26.9576796916559,-5.542320308344156,0.25694230749500774,99.0,22.0,0.0,0.0,0.0,0.0,0.0,0.0,0.6,0,0,0.15,0.74,39.18,0.0
A26,16,2023-04-24,31.9333968210265,0.4169138065657805,0.2530881728825826,99.0,18.0,18.0,0.0,0.0,0.0,0.0,0.0,0.6,0,0,0.15,0.74,39.18,0.0
A26,17,2023-05-01,33.2844810454701,4.529281474176798,0.24929185028934386,99.0,21.0,0.0,0.0,0.0,0.0,0.0,0.0,0.6,0,0,0.15,0.74,39.18,0.0
A26,18,2023-05-08,33.75947547531105,9.03492885481888,0.2455524725350037,99.0,0.0,0.0,0.0,0.0,0.0,0.0,0.0,0.6,0,0,0.15,0.74,39.18,0.0
A26,19,2023-05-15,21.251264112753194,1.15187752713976,0.24186918544697864,99.0,0.0,0.0,0.0,1.0,0.0,0.0,0.0,0.6,0,0,0.15,0.74,39.18,0.0
A26,20,2023-05-22,13.99810704411824,-1.5398392133124936,0.23824114766527396,99.0,0.0,0.0,0.0,0.0,0.0,0.0,0.0,0.6,0,0,0.15,0.74,39.18,0.0
A26,21,2023-05-29,9.51368738995833,-2.022138981945954,0.23466753045029484,99.0,22.0,16.0,0.0,0.0,0.0,0.0,0.0,0.6,0,0,0.15,0.74,39.18,0.0
A26,22,2023-06-05,5.861992834185018,-2.4963341388366684,0.23114751749354043,99.0,29.0,0.0,0.0,0.0,0.0,0.0,0.0,0.6,0,0,0.15,0.74,39.18,0.0
A26,23,2023-06-12,6.969245774220117,0.915990412640503,0.22906248721388234,99.0,0.0,0.0,0.0,1.0,0.0,0.0,0.0,0.6,0,0,0.15,0.74,39.18,0.0
A26,24,2023-06-19,3.375098382456353,-1.1410695317775703,0.22906248721388234,99.0,20.0,0.0,0.0,0.0,0.0,0.0,0.0,0.6,0,0,0.15,0.74,39.18,0.0
A26,25,2023-06-26,3.1442962571640303,-0.4259355927860975,0.22906248721388234,99.0,0.0,0.0,0.0,1.0,0.0,0.0,0.0,0.6,0,0,0.15,0.74,39.18,0.0
A26,26,2023-07-03,3.301372196884137,0.26986383922819535,0.22906248721388234,99.0,0.0,0.0,0.0,0.0,0.0,0.0,0.0,0.6,0,0,0.15,0.74,39.18,0.0
A26,27,2023-07-10,2.15140447848802,-0.5957025866472252,0.22906248721388234,99.0,32.0,20.0,0.0,1.0,0.0,0.0,0.0,0.6,0,0,0.15,0.74,39.18,0.0
A26,28,2023-07-17,3.7235584275727267,1.1154558887366743,0.22906248721388234,99.0,13.0,13.0,0.0,1.0,0.0,0.0,0.0,0.6,0,0,0.15,0.74,39.18,0.0
A26,29,2023-07-24,4.124326389327257,1.5779251509289987,0.22906248721388234,99.0,27.0,0.0,0.0,0.0,0.0,0.0,0.0,0.6,0,0,0.15,0.74,39.18,0.0
A26,30,2023-07-31,2.6045590559538896,0.07910897143471551,0.22906248721388234,99.0,11.0,0.0,0.0,0.0,0.0,0.0,0.0,0.6,0,0,0.15,0.74,39.18,0.0
A26,31,2023-08-07,2.7160760304691784,0.18408943758294782,0.22906248721388234,99.0,18.0,0.0,0.0,2.0,0.0,0.0,0.0,0.6,0,0,0.15,0.74,39.18,1.0
A26,32,2023-08-14,3.8816648093171673,1.3087995486201898,0.22906248721388234,99.0,5.0,0.0,0.0,0.0,0.0,0.0,0.0,0.6,0,0,0.15,0.74,39.18,1.0
A26,33,2023-08-21,2.607807766722003,-0.07071293454118477,0.22906248721388234,99.0,4.0,4.0,0.0,0.0,0.0,0.0,0.0,0.6,0,0,0.15,0.74,39.18,1.0
A26,34,2023-08-28,2.76799440437874,-0.1442857540511664,0.22906248721388234,99.0,31.0,31.0,0.0,0.0,0.0,0.0,0.0,0.6,0,0,0.15,0.74,39.18,2.0
A26,35,2023-09-04,6.424760855307324,3.0435246276763452,0.22906248721388234,99.0,16.0,16.0,8.0,0.0,0.0,0.0,0.0,0.6,0,0,0.15,0.74,39.18,1.0
A26,36,2023-09-11,7.221218518462878,2.9818494707403866,0.22906248721388234,99.0,24.0,0.0,0.0,1.0,0.0,0.0,0.0,0.6,0,0,0.15,0.74,39.18,1.0
A26,37,2023-09-18,8.747384829711761,3.078067404354777,0.22906248721388234,99.0,26.0,26.0,0.0,0.0,0.0,0.0,0.0,0.6,0,0,0.15,0.74,39.18,1.0
A26,38,2023-09-25,13.53384319265279,5.702967963037212,0.22906248721388234,99.0,7.0,7.0,0.0,0.0,0.0,0.0,0.0,0.6,0,0,0.15,0.74,39.18,0.0
A26,39,2023-10-02,6.743215671971276,-4.034071892001629,0.22906248721388234,99.0,5.0,5.0,0.0,0.0,0.0,0.0,0.0,0.6,0,0,0.15,0.74,39.18,0.0
A26,40,2023-10-09,28.838653088571913,14.474573520730111,0.22906248721388234,99.0,24.0,0.0,0.0,0.0,0.0,0.0,0.0,0.6,0,0,0.15,0.74,39.18,0.0
A26,41,2023-10-16,26.092853316422204,7.895135974914712,0.22906248721388234,99.0,0.0,0.0,0.0,0.0,0.0,0.0,0.0,0.6,0,0,0.15,0.74,39.18,0.0
A26,42,2023-10-23,38.59007567323027,16.916840420651507,0.22906248721388234,99.0,14.0,14.0,0.0,0.0,0.0,0.0,0.0,0.6,0,0,0.15,0.74,39.18,0.0
A26,43,2023-10-30,34.5220679851015,10.40430560404009,0.622159214553945,0.0,0.0,0.0,0.0,0.0,0.0,0.0,0.0,0.6,0,0,0.15,0.74,39.18,1.0
A26,44,2023-11-06,31.78972310708099,6.789723107060929,0.6128268263356358,1.0,36.0,17.0,0.0,0.0,0.0,0.0,0.0,0.6,0,0,0.15,0.74,39.18,1.0
A26,45,2023-11-13,27.37783992385349,3.260077542923412,0.6036344239406013,2.0,7.0,0.0,0.0,0.0,0.0,0.0,0.0,0.6,0,0,0.15,0.74,39.18,1.0
A26,46,2023-11-20,30.806391478025624,9.133156226285504,0.5945799075814923,3.0,0.0,0.0,0.0,1.0,0.0,0.0,0.0,0.6,0,0,0.15,0.74,39.18,1.0
A26,47,2023-11-27,20.395778605794135,2.1980612691958896,0.5856612089677699,4.0,0.0,0.0,0.0,0.0,0.0,0.0,1.0,0.6,0,0,0.15,0.74,39.18,0.0
A26,48,2023-12-04,24.32806933082678,9.96398978985818,0.5768762908332533,5.0,62.0,14.0,0.0,1.0,0.0,0.0,1.0,0.6,0,0,0.15,0.74,39.18,0.0
A26,49,2023-12-11,7.731668056773852,-3.0456193695835996,0.5682231464707546,6.0,16.0,16.0,16.0,0.0,1.0,0.0,4.0,0.6,0,0,0.15,0.74,39.18,0.0
A26,50,2023-12-18,8.098397464855065,0.2675228945073256,0.5596997992736933,7.0,19.0,13.0,0.0,3.0,0.0,0.0,7.0,0.6,0,0,0.15,0.74,39.18,1.0
A26,51,2023-12-25,14.496393496016706,8.827079025293195,0.5513043022845879,8.0,3.0,0.0,0.0,1.0,0.0,0.0,6.0,0.6,0,0,0.15,0.74,39.18,1.0
A26,52,2024-01-01,2.02137435549141,-0.49521817561302495,0.5430347377503191,9.0,21.0,6.0,6.0,0.0,0.0,0.0,7.0,0.6,0,0,0.15,0.74,39.18,1.0
A26,53,2024-01-08,2.33976555998649,-0.20385895781981755,0.5348892166840643,10.0,23.0,0.0,0.0,2.0,0.0,0.0,7.0,0.6,0,0,0.15,0.74,39.18,1.0
A26,54,2024-01-15,1.9144138511141233,-0.6928851486049923,0.5268658784338033,11.0,9.0,9.0,0.0,0.0,0.0,0.0,5.0,0.6,0,0,0.15,0.74,39.18,0.0
A26,55,2024-01-22,3.0895215045683835,0.34262909309778244,0.5189628902572962,12.0,13.0,13.0,0.0,1.0,0.0,0.0,5.0,0.6,0,0,0.15,0.74,39.18,2.0
A26,56,2024-01-29,2.3428078146613514,-0.6886476100525902,0.5111784469034368,13.0,0.0,0.0,0.0,1.0,0.0,0.0,4.0,0.6,0,0,0.15,0.74,39.18,2.0
A26,57,2024-02-05,3.3456578317585235,-0.22456196865904854,0.5035107701998853,14.0,0.0,0.0,0.0,0.0,0.0,1.0,0.0,0.6,0,0,0.15,0.74,39.18,2.0
A26,58,2024-02-12,6.078552272919992,1.562386890727499,0.49595810864688705,15.0,23.0,0.0,0.0,1.0,1.0,0.0,0.0,0.6,0,0,0.15,0.74,39.18,2.0
A26,59,2024-02-19,4.739961085673922,-1.313293784740189,0.48851873701718374,16.0,0.0,0.0,0.0,0.0,0.0,0.0,0.0,0.6,0,0,0.15,0.74,39.18,0.0
A26,60,2024-02-26,11.015156250987227,2.6568293659166553,0.48119095596192596,17.0,21.0,0.0,0.0,0.0,0.0,0.0,0.0,0.6,0,0,0.15,0.74,39.18,1.0
A26,61,2024-03-04,15.382612123505043,3.8467857661389804,0.47397309162249707,18.0,4.0,0.0,0.0,0.0,0.0,0.0,0.0,0.6,0,0,0.15,0.74,39.18,1.0
A26,62,2024-03-11,22.477612429847834,6.939666174635489,0.4668634952481596,19.0,4.0,4.0,0.0,1.0,0.0,0.0,0.0,0.6,0,0,0.15,0.74,39.18,1.0
A26,63,2024-03-18,21.112782118563576,1.0133955332626208,0.4598605428194372,20.0,0.0,0.0,0.0,0.0,0.0,0.0,0.0,0.6,0,0,0.15,0.74,39.18,1.0
A26,64,2024-03-25,76.87934288890497,52.15479626845344,0.45296263467714565,21.0,40.0,15.0,10.0,1.0,0.0,0.0,0.0,0.6,0,0,0.15,0.74,39.18,0.0
A26,65,2024-04-01,41.5918984429808,12.836698871692374,0.44616819515698847,22.0,0.0,0.0,0.0,1.0,0.0,0.0,0.0,0.6,0,0,0.15,0.74,39.18,0.0
A26,66,2024-04-08,35.311823380473314,3.795340366013132,0.43947567222963363,23.0,0.0,0.0,0.0,0.0,1.0,0.0,0.0,0.6,0,0,0.15,0.74,39.18,0.0
A26,67,2024-04-15,23.918842666564583,-8.581157333435474,0.4328835371461891,24.0,18.0,18.0,0.0,0.0,0.0,0.0,0.0,0.6,0,0,0.15,0.74,39.18,0.0
A26,68,2024-04-22,30.4638271663026,-1.0526558481581176,0.42639028408899626,25.0,35.0,0.0,0.0,1.0,0.0,0.0,0.0,0.6,0,0,0.15,0.74,39.18,0.0
A26,69,2024-04-29,47.37208103463958,18.616881463346274,0.41999442982766133,26.0,18.0,0.0,0.0,0.0,0.0,0.0,0.0,0.6,0,0,0.15,0.74,39.18,0.0
A26,70,2024-05-06,44.9762087682648,20.251662147772628,0.41369451338024643,27.0,0.0,0.0,0.0,0.0,0.0,0.0,0.0,0.6,0,0,0.15,0.74,39.18,0.0
A26,71,2024-05-13,33.72045011412349,13.621063528510053,0.4074890956795427,28.0,0.0,0.0,0.0,0.0,0.0,0.0,0.0,0.6,0,0,0.15,0.74,39.18,0.0
A26,72,2024-05-20,20.452446019562224,4.91449976213149,0.40137675924434957,29.0,0.0,0.0,0.0,0.0,0.0,0.0,0.0,0.6,0,0,0.15,0.74,39.18,0.0
A26,73,2024-05-27,7.433348701384865,-4.102477670519418,0.3953561078556843,30.0,31.0,21.0,0.0,1.0,0.0,0.0,0.0,0.6,0,0,0.15,0.74,39.18,0.0
A26,74,2024-06-03,9.912186110819233,1.5538591377975468,0.389425766237849,31.0,0.0,0.0,0.0,0.0,0.0,0.0,0.0,0.6,0,0,0.15,0.74,39.18,0.0
A26,75,2024-06-10,3.920053772987787,-2.1332015885918274,0.3835843797442813,32.0,35.0,0.0,0.0,0.0,0.0,0.0,0.0,0.6,0,0,0.15,0.74,39.18,0.0
A26,76,2024-06-17,2.683304104537787,-1.8328638096961365,0.3778306140481171,33.0,45.0,0.0,0.0,0.0,1.0,0.0,0.0,0.6,0,0,0.15,0.74,39.18,0.0
A26,77,2024-06-24,3.881944070494176,0.31171222054404835,0.3721631548373953,34.0,0.0,0.0,0.0,0.0,0.0,0.0,0.0,0.6,0,0,0.15,0.74,39.18,0.0
A26,78,2024-07-01,3.6407150694547186,0.6092067117987767,0.3665807075148344,35.0,4.0,0.0,0.0,1.0,0.0,0.0,0.0,0.6,0,0,0.15,0.74,39.18,0.0
A26,79,2024-07-08,3.7687009486190246,1.0215938834837792,0.3610819969021119,36.0,0.0,0.0,0.0,0.0,0.0,0.0,0.0,0.6,0,0,0.15,0.74,39.18,0.0
A26,80,2024-07-15,3.1037797546292505,0.4956772157931981,0.3556657669485802,37.0,0.0,0.0,0.0,0.0,0.0,0.0,0.0,0.6,0,0,0.15,0.74,39.18,0.0
A26,81,2024-07-22,3.0671113132534216,0.5207100748551636,0.3503307804443515,38.0,45.0,0.0,0.0,0.0,0.0,0.0,0.0,0.6,0,0,0.15,0.74,39.18,0.0
A26,82,2024-07-29,1.7892399010600382,-0.7362101834591359,0.3450758187376862,39.0,13.0,13.0,13.0,0.0,0.0,0.0,0.0,0.6,0,0,0.15,0.74,39.18,0.0
A26,83,2024-08-05,2.440645051070573,-0.09134154181565757,0.3398996814566209,40.0,17.0,0.0,0.0,0.0,0.0,0.0,0.0,0.6,0,0,0.15,0.74,39.18,0.0
A26,84,2024-08-12,1.5182058720139282,-1.0546593886830493,0.3348011862347716,41.0,7.0,0.0,0.0,0.0,0.0,0.0,0.0,0.6,0,0,0.15,0.74,39.18,0.0
A26,85,2024-08-19,1.328546476364667,-1.3499742248985207,0.32977916844125005,42.0,19.0,0.0,0.0,0.0,0.0,0.0,0.0,0.6,0,0,0.15,0.74,39.18,0.0
A26,86,2024-08-26,3.774097504276013,0.8618173458461067,0.3248324809146313,43.0,2.0,0.0,0.0,0.0,0.0,0.0,0.0,0.6,0,0,0.15,0.74,39.18,0.0
A26,87,2024-09-02,2.5977556289870805,-0.783480598643898,0.3199599937009118,44.0,37.0,0.0,0.0,0.0,0.0,0.0,0.0,0.6,0,0,0.15,0.74,39.18,1.0
A26,88,2024-09-09,5.75338814809875,1.5140191003762586,0.3151605937953981,45.0,43.0,21.0,9.0,0.0,0.0,0.0,0.0,0.6,0,0,0.15,0.74,39.18,1.0
A26,89,2024-09-16,8.356088035283507,2.6867706099265236,0.31043318488846716,46.0,0.0,0.0,0.0,0.0,0.0,0.0,0.0,0.6,0,0,0.15,0.74,39.18,2.0
A26,90,2024-09-23,6.304812427317172,-1.5260628022984069,0.30577668711514017,47.0,0.0,0.0,0.0,0.0,0.0,0.0,0.0,0.6,0,0,0.15,0.74,39.18,2.0
A26,91,2024-09-30,13.250692291361993,2.473404727389088,0.30119003680841305,48.0,5.0,5.0,5.0,1.0,0.0,0.0,0.0,0.6,0,0,0.15,0.74,39.18,1.0
A26,92,2024-10-07,11.396721892125846,-2.967357675715956,0.29667218625628683,49.0,0.0,0.0,0.0,0.0,0.0,0.0,0.0,0.6,0,0,0.15,0.74,39.18,1.0
A26,93,2024-10-14,9.537568314406718,-8.660149027100774,0.29222210346244254,50.0,22.0,0.0,0.0,0.0,0.0,0.0,0.0,0.6,0,0,0.15,0.74,39.18,0.0
A26,94,2024-10-21,22.629093295057142,0.9558580424783827,0.6875196744690264,0.0,0.0,0.0,0.0,0.0,0.0,0.0,0.0,0.6,0,0,0.15,0.74,39.18,0.0
A26,95,2024-10-28,20.453269334811594,-3.6644930462498166,0.677206879351991,1.0,20.0,0.0,0.0,0.0,0.0,0.0,0.0,0.6,0,0,0.15,0.74,39.18,0.0
A26,96,2024-11-04,21.431132855702064,-3.5688671443179985,0.6670487761617111,2.0,10.0,0.0,0.0,0.0,0.0,0.0,0.0,0.6,0,0,0.15,0.74,39.18,0.0
A26,97,2024-11-11,48.1498820461662,24.03211966523612,0.6570430445192854,3.0,0.0,0.0,0.0,1.0,0.0,0.0,0.0,0.6,0,0,0.15,0.74,39.18,0.0
A26,98,2024-11-18,12.705413427661854,-8.967821824078266,0.6471873988514961,4.0,24.0,17.0,0.0,0.0,0.0,0.0,0.0,0.6,0,0,0.15,0.74,39.18,0.0
A26,99,2024-11-25,20.80724123730722,2.609523900708975,0.6374795878687237,5.0,20.0,20.0,0.0,1.0,0.0,0.0,0.0,0.6,0,0,0.15,0.74,39.18,0.0
A26,100,2024-12-02,10.140609256951544,-4.223470284017054,0.6279173940506928,6.0,24.0,0.0,0.0,0.0,0.0,0.0,0.0,0.6,0,0,0.15,0.74,39.18,0.0
A26,101,2024-12-09,14.810440879120655,4.033153452763203,0.6184986331399324,7.0,22.0,0.0,0.0,0.0,0.0,0.0,0.0,0.6,0,0,0.15,0.74,39.18,0.0
A26,102,2024-12-16,8.693061087123505,0.8621865167757656,0.6092211536428334,8.0,0.0,0.0,0.0,0.0,0.0,0.0,0.0,0.6,0,0,0.15,0.74,39.18,0.0
A26,103,2024-12-23,6.474288568828228,0.8049740981047151,0.6000828363381908,9.0,0.0,0.0,0.0,0.0,0.0,0.0,0.0,0.6,0,0,0.15,0.74,39.18,0.0
A26,104,2024-12-30,1.807951524895314,-0.7086410062091208,0.591081593793118,10.0,0.0,0.0,0.0,0.0,0.0,0.0,0.0,0.6,0,0,0.15,0.74,39.18,0.0
A26,105,2025-01-06,1.2647207586217102,-1.2789037591845973,0.5822153698862212,11.0,41.0,0.0,0.0,0.0,0.0,0.0,0.0,0.6,0,0,0.15,0.74,39.18,0.0
A26,106,2025-01-13,2.34449395451329,-0.2628050452058255,0.5734821393379279,12.0,4.0,4.0,0.0,0.0,0.0,0.0,0.0,0.6,0,0,0.15,0.74,39.18,0.0
A26,107,2025-01-20,3.318346202459957,0.5714537909893558,0.564879907247859,13.0,19.0,19.0,0.0,0.0,0.0,0.0,0.0,0.6,0,0,0.15,0.74,39.18,0.0
A26,108,2025-01-27,2.3311638803463564,-0.7002915443675852,0.5564067086391411,14.0,23.0,0.0,0.0,0.0,0.0,0.0,0.0,0.6,0,0,0.15,0.74,39.18,0.0
A26,109,2025-02-03,1.6951089130896464,-1.8751108873279256,0.548060608009554,15.0,4.0,4.0,0.0,0.0,0.0,0.0,0.0,0.6,0,0,0.15,0.74,39.18,0.0
A26,110,2025-02-10,3.3052391600108635,-1.2109262221816293,0.5398396988894107,16.0,14.0,0.0,0.0,0.0,0.0,0.0,0.0,0.6,0,0,0.15,0.74,39.18,0.0
A26,111,2025-02-17,9.202069661036736,3.148814790622625,0.5317421034060695,17.0,41.0,21.0,0.0,1.0,0.0,0.0,0.0,0.6,0,0,0.15,0.74,39.18,0.0
A26,112,2025-02-24,5.631204381356143,-2.727122503714428,0.5237659718549785,18.0,7.0,0.0,0.0,0.0,0.0,0.0,0.0,0.6,0,0,0.15,0.74,39.18,0.0
A26,113,2025-03-03,12.507380535246455,0.9715541778803924,0.5159094822771538,19.0,0.0,0.0,0.0,1.0,1.0,0.0,0.0,0.6,0,0,0.15,0.74,39.18,0.0
A26,114,2025-03-10,7.794255464570675,-7.74369079064167,0.5081708400429965,20.0,7.0,7.0,0.0,0.0,1.0,0.0,0.0,0.6,0,0,0.15,0.74,39.18,0.0
A26,115,2025-03-17,12.873568582231103,-7.225818003069852,0.5005482774423515,21.0,0.0,0.0,0.0,0.0,0.0,0.0,0.0,0.6,0,0,0.15,0.74,39.18,0.0
A26,116,2025-03-24,19.962618437131308,-4.761928183320229,0.49304005328071626,22.0,17.0,17.0,0.0,0.0,0.0,0.0,0.0,0.6,0,0,0.15,0.74,39.18,0.0
A26,117,2025-03-31,21.47953448411609,-7.275665087172335,0.4856444524815055,23.0,0.0,0.0,0.0,1.0,0.0,0.0,0.0,0.6,0,0,0.15,0.74,39.18,0.0
A26,118,2025-04-07,15.665983804455902,-15.85049921000428,0.4783597856942829,24.0,22.0,17.0,0.0,1.0,0.0,0.0,0.0,0.6,0,0,0.15,0.74,39.18,0.0
A26,119,2025-04-14,15.912835747171737,-16.58716425282832,0.47118438890886866,25.0,4.0,4.0,0.0,1.0,0.0,0.0,0.0,0.6,0,0,0.15,0.74,39.18,0.0
A26,120,2025-04-21,28.95165309938219,-2.5648299150785263,0.4641166230752356,26.0,14.0,4.0,0.0,0.0,0.0,0.0,0.0,0.6,0,0,0.15,0.74,39.18,0.0
A26,121,2025-04-28,28.36280131838907,-0.3923982529042327,0.45715487372910707,27.0,2.0,0.0,0.0,0.0,1.0,0.0,0.0,0.6,0,0,0.15,0.74,39.18,1.0
A26,122,2025-05-05,27.283001967142404,2.558455346650234,0.45029755062317045,28.0,0.0,0.0,0.0,0.0,0.0,0.0,0.0,0.6,0,0,0.15,0.74,39.18,1.0
A26,123,2025-05-12,24.564002285669357,4.464615700055923,0.44354308736382286,29.0,0.0,0.0,0.0,0.0,0.0,0.0,0.0,0.6,0,0,0.15,0.74,39.18,1.0
A26,124,2025-05-19,10.586917749900863,-4.9510285075298714,0.43688994105336554,30.0,38.0,14.0,0.0,0.0,0.0,0.0,0.0,0.6,0,0,0.15,0.74,39.18,1.0
A26,125,2025-05-26,6.724481874774691,-4.811344497129593,0.43033659193756507,31.0,0.0,0.0,0.0,1.0,0.0,0.0,0.0,0.6,0,0,0.15,0.74,39.18,0.0
A26,126,2025-06-02,8.717410185258018,0.35908321223633166,0.42388154305850156,32.0,15.0,15.0,0.0,0.0,0.0,0.0,0.0,0.6,0,0,0.15,0.74,39.18,0.0
A26,127,2025-06-09,5.049996429116431,-1.0032589324631829,0.41752331991262404,33.0,24.0,0.0,0.0,0.0,1.0,0.0,0.0,0.6,0,0,0.15,0.74,39.18,0.0
A26,128,2025-06-16,2.0813600933251593,-2.4348078209087642,0.4112604701139347,34.0,25.0,0.0,0.0,0.0,1.0,0.0,0.0,0.6,0,0,0.15,0.74,39.18,0.0
A26,129,2025-06-23,1.6161958363591946,-1.9540360135909332,0.40509156306222566,35.0,44.0,15.0,0.0,0.0,0.0,0.0,0.0,0.6,0,0,0.15,0.74,39.18,0.0
A26,130,2025-06-30,2.340706853373302,-0.6908015042826396,0.3990151896162923,36.0,0.0,0.0,0.0,1.0,0.0,0.0,0.0,0.6,0,0,0.15,0.74,39.18,0.0
A26,131,2025-07-07,1.6781958776458692,-1.0689111874893762,0.3930299617720479,37.0,0.0,0.0,0.0,1.0,0.0,0.0,0.0,0.6,0,0,0.15,0.74,39.18,1.0
A26,132,2025-07-14,1.6796569230289262,-0.9284456158071261,0.3871345123454672,38.0,34.0,12.0,0.0,0.0,0.0,0.0,0.0,0.6,0,0,0.15,0.74,39.18,1.0
A26,133,2025-07-21,2.409176155512184,-0.13722508288607393,0.3813274946602852,39.0,33.0,0.0,0.0,0.0,0.0,0.0,0.0,0.6,0,0,0.15,0.74,39.18,1.0
A26,134,2025-07-28,2.141056465727107,-0.3843936187920671,0.37560758224038093,40.0,19.0,19.0,0.0,0.0,0.0,0.0,0.0,0.6,0,0,0.15,0.74,39.18,1.0
A26,135,2025-08-04,2.6213171751607915,0.08933058227456092,0.3699734685067752,41.0,24.0,0.0,0.0,0.0,0.0,0.0,0.0,0.6,0,0,0.15,0.74,39.18,2.0
A26,136,2025-08-11,0.8506109797448517,-1.722254280952126,0.3644238664791736,42.0,35.0,0.0,0.0,0.0,0.0,0.0,0.0,0.6,0,0,0.15,0.74,39.18,2.0
A26,137,2025-08-18,1.9025042029466905,-0.7760164983164972,0.358957508481986,43.0,67.0,0.0,0.0,0.0,0.0,0.0,0.0,0.6,0,0,0.15,0.74,39.18,2.0
A26,138,2025-08-25,2.4140223972682713,-0.4982577611616352,0.3535731458547562,44.0,20.0,0.0,0.0,0.0,0.0,0.0,1.0,0.6,0,0,0.15,0.74,39.18,2.0
A26,139,2025-09-01,1.2880808848566805,-2.093155342774298,0.7486851429095106,0.0,0.0,0.0,0.0,0.0,0.0,0.0,2.0,0.6,0,0,0.15,0.74,39.18,0.0
A26,140,2025-09-08,2.191131458481274,-2.0482375892412175,0.7374548657658679,1.0,4.0,4.0,0.0,1.0,0.0,0.0,4.0,0.6,0,0,0.15,0.74,39.18,0.0
A26,141,2025-09-15,2.7459195343300737,-2.92339789102691,0.7263930427793799,2.0,45.0,0.0,0.0,1.0,1.0,0.0,6.0,0.6,0,0,0.15,0.74,39.18,2.0
A26,142,2025-09-22,5.128871869605198,-2.702003360010381,0.7154971471376892,3.0,0.0,0.0,0.0,2.0,2.0,1.0,5.0,0.6,0,0,0.15,0.74,39.18,2.0
A26,143,2025-09-29,12.38401947361694,1.6067319096440347,0.7047646899306238,4.0,7.0,7.0,0.0,1.0,1.0,0.0,4.0,0.6,0,0,0.15,0.74,39.18,2.0
A26,144,2025-10-06,18.950948656070942,4.58686908822914,0.6941932195816645,5.0,15.0,0.0,0.0,2.0,0.0,0.0,2.0,0.6,0,0,0.15,0.74,39.18,2.0
A26,145,2025-10-13,8.89520711923709,-9.302510222270401,0.6837803212879395,6.0,15.0,0.0,0.0,2.0,0.0,0.0,1.0,0.6,0,0,0.15,0.74,39.18,0.0
A26,146,2025-10-20,16.938518376225883,-4.734716876352877,0.6735236164686205,7.0,7.0,0.0,0.0,0.0,0.0,0.0,1.0,0.6,0,0,0.15,0.74,39.18,0.0
A26,147,2025-10-27,19.062916998162795,-5.054845382898616,0.6634207622215912,8.0,14.0,14.0,0.0,0.0,0.0,0.0,2.0,0.6,0,0,0.15,0.74,39.18,0.0
A26,148,2025-11-03,18.611169826985176,-6.388830173034886,0.6534694507882673,9.0,0.0,0.0,0.0,2.0,0.0,0.0,3.0,0.6,0,0,0.15,0.74,39.18,0.0
A26,149,2025-11-10,18.025880906416436,-6.091881474513642,0.6436674090264434,10.0,19.0,0.0,0.0,0.0,0.0,0.0,3.0,0.6,0,0,0.15,0.74,39.18,0.0
A26,150,2025-11-17,15.667759415148025,-6.005475836592096,0.6340123978910467,11.0,0.0,0.0,0.0,1.0,1.0,0.0,4.0,0.6,0,0,0.15,0.74,39.18,0.0
A26,151,2025-11-24,21.35237108472309,3.1546537481248436,0.624502211922681,12.0,60.0,21.0,0.0,1.0,0.0,0.0,4.0,0.6,0,0,0.15,0.74,39.18,0.0
A26,152,2025-12-01,13.733127473853177,-0.6309520671154214,0.6151346787438408,13.0,10.0,10.0,0.0,0.0,0.0,0.0,2.0,0.6,0,0,0.15,0.74,39.18,0.0
A26,153,2025-12-08,4.8336608636557825,-5.943626562701669,0.6059076585626831,14.0,0.0,0.0,0.0,1.0,0.0,0.0,3.0,0.6,0,0,0.15,0.74,39.18,0.0
A26,154,2025-12-15,6.72474267482442,-1.106131895523319,0.5968190436842429,15.0,16.0,0.0,0.0,0.0,1.0,0.0,3.0,0.6,0,0,0.15,0.74,39.18,0.0
A26,155,2025-12-22,5.036019411804314,-0.6332950589191988,0.5878667580289793,16.0,34.0,19.0,0.0,0.0,0.0,1.0,2.0,0.6,0,0,0.15,0.74,39.18,1.0
A27,0,2023-01-02,3.5123590935396964,0.9957665624352616,0.2542428397275181,99.0,20.0,20.0,0.0,0.0,0.0,0.0,0.0,0.7,0,0,0.2,-0.04,39.33,0.0
A27,1,2023-01-09,4.724360086629463,2.180735568823155,0.25042919713160533,99.0,32.0,0.0,0.0,2.0,0.0,0.0,0.0,0.7,0,0,0.2,-0.04,39.33,0.0
A27,2,2023-01-16,3.480877032270712,0.8735780325515963,0.24667275917463125,99.0,61.0,19.0,0.0,0.0,0.0,0.0,0.0,0.7,0,0,0.2,-0.04,39.33,0.0
A27,3,2023-01-23,3.683183626973545,0.9362912155029441,0.24297266778701176,99.0,24.0,2.0,0.0,0.0,0.0,0.0,0.0,0.7,0,0,0.2,-0.04,39.33,0.0
A27,4,2023-01-30,3.95357638950421,0.9221209647902686,0.2393280777702066,99.0,39.0,23.0,0.0,0.0,1.0,0.0,0.0,0.7,0,0,0.2,-0.04,39.33,0.0
A27,5,2023-02-06,2.202042379273012,-1.3681774211445599,0.2357381566036535,99.0,18.0,0.0,0.0,0.0,0.0,0.0,0.0,0.7,0,0,0.2,-0.04,39.33,0.0
A27,6,2023-02-13,5.488567982671044,0.9724026004785511,0.23220208425459868,99.0,31.0,10.0,0.0,0.0,0.0,0.0,0.0,0.7,0,0,0.2,-0.04,39.33,0.0
A27,7,2023-02-20,5.988565929763902,-0.06468894065020958,0.2287190529907797,99.0,24.0,0.0,0.0,1.0,0.0,0.0,0.0,0.7,0,0,0.2,-0.04,39.33,0.0
A27,8,2023-02-27,6.897403473887584,-1.4609234111829874,0.225288267195918,99.0,45.0,17.0,0.0,0.0,0.0,0.0,0.0,0.7,0,0,0.2,-0.04,39.33,1.0
A27,9,2023-03-06,23.81956922481145,12.283742867445387,0.2219089431879792,99.0,26.0,20.0,0.0,0.0,0.0,0.0,0.0,0.7,0,0,0.2,-0.04,39.33,1.0
A27,10,2023-03-13,23.170996840105996,7.633050584893651,0.21858030904015952,99.0,0.0,0.0,0.0,0.0,0.0,0.0,0.0,0.7,0,0,0.2,-0.04,39.33,1.0
A27,11,2023-03-20,24.86327883644146,4.763892251140504,0.21530160440455712,99.0,20.0,0.0,0.0,0.0,0.0,0.0,0.0,0.7,0,0,0.2,-0.04,39.33,1.0
A27,12,2023-03-27,25.362175710284564,0.6376290898330268,0.21207208033848876,99.0,11.0,11.0,0.0,1.0,0.0,0.0,0.0,0.7,0,0,0.2,-0.04,39.33,0.0
A27,13,2023-04-03,39.86989434805461,11.114694776766182,0.20889099913341141,99.0,18.0,12.0,0.0,0.0,0.0,0.0,0.0,0.7,0,0,0.2,-0.04,39.33,0.0
A27,14,2023-04-10,55.73770585543761,24.22122284097743,0.20575763414641024,99.0,50.0,18.0,0.0,0.0,0.0,0.0,0.0,0.7,0,0,0.2,-0.04,39.33,0.0
A27,15,2023-04-17,30.415294650870255,-2.084705349129802,0.20267126963421409,99.0,26.0,8.0,0.0,0.0,0.0,0.0,0.0,0.7,0,0,0.2,-0.04,39.33,0.0
A27,16,2023-04-24,39.32908416628308,7.8126011518223635,0.19963120058970088,99.0,35.0,7.0,0.0,0.0,0.0,0.0,0.0,0.7,0,0,0.2,-0.04,39.33,0.0
A27,17,2023-05-01,48.70518202232255,19.94998245102925,0.19663673258085537,99.0,18.0,0.0,0.0,0.0,0.0,0.0,0.0,0.7,0,0,0.2,-0.04,39.33,0.0
A27,18,2023-05-08,15.69496086135574,-9.02958575913643,0.19368718159214254,99.0,25.0,8.0,0.0,1.0,0.0,0.0,0.0,0.7,0,0,0.2,-0.04,39.33,0.0
A27,19,2023-05-15,24.62306070703037,4.523674121416935,0.1907818738682604,99.0,27.0,27.0,0.0,0.0,0.0,0.0,0.0,0.7,0,0,0.2,-0.04,39.33,0.0
A27,20,2023-05-22,16.71283102665978,1.1748847692290472,0.1879201457602365,99.0,46.0,46.0,0.0,0.0,0.0,0.0,0.0,0.7,0,0,0.2,-0.04,39.33,0.0
A27,21,2023-05-29,13.759928421284073,2.2241020493797894,0.18510134357383295,99.0,0.0,0.0,0.0,0.0,0.0,0.0,0.0,0.7,0,0,0.2,-0.04,39.33,0.0
A27,22,2023-06-05,8.765572569851393,0.40724559682970707,0.18232482342022546,99.0,27.0,0.0,0.0,0.0,0.0,0.0,0.0,0.7,0,0,0.2,-0.04,39.33,0.0
A27,23,2023-06-12,7.9399610266332745,1.8867056650536602,0.1806801906693022,99.0,26.0,0.0,0.0,0.0,0.0,0.0,0.0,0.7,0,0,0.2,-0.04,39.33,0.0
A27,24,2023-06-19,11.068208569625504,6.552040655391581,0.1806801906693022,99.0,0.0,0.0,0.0,1.0,0.0,0.0,0.0,0.7,0,0,0.2,-0.04,39.33,0.0
A27,25,2023-06-26,3.9844577216110477,0.41422587166091995,0.1806801906693022,99.0,16.0,0.0,0.0,0.0,0.0,0.0,0.0,0.7,0,0,0.2,-0.04,39.33,0.0
A27,26,2023-07-03,4.196717650484857,1.1652092928289148,0.1806801906693022,99.0,41.0,0.0,0.0,1.0,0.0,0.0,0.0,0.7,0,0,0.2,-0.04,39.33,0.0
A27,27,2023-07-10,6.902289577622123,4.155182512486878,0.1806801906693022,99.0,17.0,4.0,0.0,0.0,0.0,0.0,0.0,0.7,0,0,0.2,-0.04,39.33,0.0
A27,28,2023-07-17,2.6892465440032467,0.08114400516719433,0.1806801906693022,99.0,0.0,0.0,0.0,1.0,0.0,0.0,1.0,0.7,0,0,0.2,-0.04,39.33,0.0
A27,29,2023-07-24,6.007213557991789,3.460812319593531,0.1806801906693022,99.0,33.0,22.0,0.0,1.0,0.0,0.0,2.0,0.7,0,0,0.2,-0.04,39.33,0.0
A27,30,2023-07-31,3.162699394691363,0.637249310172189,0.1806801906693022,99.0,36.0,0.0,0.0,1.0,0.0,0.0,2.0,0.7,0,0,0.2,-0.04,39.33,0.0
A27,31,2023-08-07,5.905070800883681,3.373084207997451,0.1806801906693022,99.0,24.0,0.0,0.0,1.0,0.0,0.0,3.0,0.7,0,0,0.2,-0.04,39.33,1.0
A27,32,2023-08-14,4.181767944546012,1.6089026838490343,0.1806801906693022,99.0,13.0,13.0,0.0,3.0,0.0,0.0,4.0,0.7,0,0,0.2,-0.04,39.33,1.0
A27,33,2023-08-21,3.728090391605737,1.0495696903425493,0.1806801906693022,99.0,29.0,0.0,0.0,2.0,0.0,0.0,5.0,0.7,0,0,0.2,-0.04,39.33,1.0
A27,34,2023-08-28,3.557681777350492,0.6454016189205856,0.1806801906693022,99.0,4.0,4.0,4.0,0.0,0.0,1.0,5.0,0.7,0,0,0.2,-0.04,39.33,1.0
A27,35,2023-09-04,3.3972641223409723,0.016027894709993884,0.1806801906693022,99.0,18.0,0.0,0.0,1.0,0.0,0.0,10.0,0.7,0,0,0.2,-0.04,39.33,0.0
A27,36,2023-09-11,5.44166479461704,1.2022957468945483,0.1806801906693022,99.0,13.0,0.0,0.0,2.0,0.0,0.0,12.0,0.7,0,0,0.2,-0.04,39.33,0.0
A27,37,2023-09-18,9.701580291887389,4.032262866530405,0.1806801906693022,99.0,12.0,0.0,0.0,3.0,0.0,0.0,12.0,0.7,0,0,0.2,-0.04,39.33,0.0
A27,38,2023-09-25,9.743777081847085,1.9129018522315064,0.1806801906693022,99.0,17.0,0.0,0.0,0.0,1.0,0.0,8.0,0.7,0,0,0.2,-0.04,39.33,1.0
A27,39,2023-10-02,12.058459971468427,1.2811724074955215,0.1806801906693022,99.0,0.0,0.0,0.0,1.0,1.0,0.0,8.0,0.7,0,0,0.2,-0.04,39.33,1.0
A27,40,2023-10-09,16.44629592450066,2.082216356658858,0.1806801906693022,99.0,63.0,0.0,0.0,2.0,1.0,0.0,6.0,0.7,0,0,0.2,-0.04,39.33,1.0
A27,41,2023-10-16,32.19485095355206,13.997133612044571,0.1806801906693022,99.0,24.0,0.0,0.0,1.0,0.0,0.0,4.0,0.7,0,0,0.2,-0.04,39.33,1.0
A27,42,2023-10-23,41.59700466313974,19.923769410560983,0.1806801906693022,99.0,61.0,0.0,0.0,0.0,0.0,0.0,1.0,0.7,0,0,0.2,-0.04,39.33,0.0
A27,43,2023-10-30,23.869212981575217,-0.24854939948619403,0.43620010072931986,0.0,2.0,0.0,0.0,1.0,0.0,0.0,0.0,0.7,0,0,0.2,-0.04,39.33,1.0
A27,44,2023-11-06,24.729914546702627,-0.27008545331743505,0.4296570992183801,1.0,5.0,0.0,0.0,0.0,0.0,0.0,0.0,0.7,0,0,0.2,-0.04,39.33,1.0
A27,45,2023-11-13,34.42791681136249,10.310154430432416,0.4232122427301044,2.0,0.0,0.0,0.0,1.0,0.0,0.0,0.0,0.7,0,0,0.2,-0.04,39.33,1.0
A27,46,2023-11-20,46.24058495644896,24.567349704708842,0.4168640590891528,3.0,42.0,0.0,0.0,0.0,0.0,0.0,0.0,0.7,0,0,0.2,-0.04,39.33,1.0
A27,47,2023-11-27,33.971988736812285,15.77427140021404,0.4106110982028155,4.0,16.0,0.0,0.0,0.0,0.0,0.0,0.0,0.7,0,0,0.2,-0.04,39.33,0.0
A27,48,2023-12-04,11.585170683497772,-2.7789088574708263,0.4044519317297733,5.0,6.0,0.0,0.0,0.0,0.0,0.0,0.0,0.7,0,0,0.2,-0.04,39.33,0.0
A27,49,2023-12-11,12.282283588739928,1.5049961623824757,0.3983851527538267,6.0,36.0,0.0,0.0,0.0,0.0,0.0,0.0,0.7,0,0,0.2,-0.04,39.33,0.0
A27,50,2023-12-18,7.067497845548743,-0.763376724798996,0.3924093754625193,7.0,53.0,22.0,0.0,0.0,0.0,0.0,0.0,0.7,0,0,0.2,-0.04,39.33,1.0
A27,51,2023-12-25,6.453240285064513,0.7839258143410008,0.3865232348305815,8.0,0.0,0.0,0.0,0.0,0.0,0.0,0.0,0.7,0,0,0.2,-0.04,39.33,1.0
A27,52,2024-01-01,4.41253482655526,1.895942295450825,0.38072538630812275,9.0,17.0,3.0,0.0,0.0,0.0,0.0,0.0,0.7,0,0,0.2,-0.04,39.33,1.0
A27,53,2024-01-08,1.5460137009344412,-0.9976108168718663,0.3750145055135009,10.0,20.0,0.0,0.0,0.0,0.0,0.0,0.0,0.7,0,0,0.2,-0.04,39.33,1.0
A27,54,2024-01-15,1.4795115016434757,-1.12778749807564,0.3693892879307984,11.0,79.0,0.0,0.0,0.0,0.0,0.0,0.0,0.7,0,0,0.2,-0.04,39.33,0.0
A27,55,2024-01-22,2.055411943157522,-0.6914804683130789,0.3638484486118364,12.0,13.0,0.0,0.0,0.0,0.0,0.0,0.0,0.7,0,0,0.2,-0.04,39.33,2.0
A27,56,2024-01-29,3.352148733775464,0.3206933090615225,0.35839072188265886,13.0,0.0,0.0,0.0,2.0,0.0,0.0,0.0,0.7,0,0,0.2,-0.04,39.33,2.0
A27,57,2024-02-05,4.436613454164989,0.8663936537474166,0.353014861054419,14.0,34.0,0.0,0.0,0.0,0.0,0.0,0.0,0.7,0,0,0.2,-0.04,39.33,3.0
A27,58,2024-02-12,5.2633632270878765,0.7471978448953838,0.3477196381386027,15.0,39.0,0.0,0.0,0.0,0.0,0.0,0.0,0.7,0,0,0.2,-0.04,39.33,3.0
A27,59,2024-02-19,9.134751748657676,3.0814968782435646,0.34250384356652364,16.0,18.0,0.0,0.0,1.0,0.0,0.0,0.0,0.7,0,0,0.2,-0.04,39.33,1.0
A27,60,2024-02-26,4.509464073393993,-3.848862811676579,0.33736628591302575,17.0,12.0,0.0,0.0,0.0,0.0,0.0,0.0,0.7,0,0,0.2,-0.04,39.33,2.0
A27,61,2024-03-04,17.485558586483876,5.949732229117814,0.3323057916243304,18.0,0.0,0.0,0.0,0.0,0.0,0.0,0.0,0.7,0,0,0.2,-0.04,39.33,1.0
A27,62,2024-03-11,13.93009789743951,-1.607848357772836,0.3273212047499654,19.0,16.0,0.0,0.0,0.0,0.0,0.0,0.0,0.7,0,0,0.2,-0.04,39.33,1.0
A27,63,2024-03-18,25.964034836327013,5.864648251026058,0.32241138667871594,20.0,68.0,0.0,0.0,0.0,0.0,0.0,0.0,0.7,0,0,0.2,-0.04,39.33,1.0
A27,64,2024-03-25,15.558352630753012,-9.166193989698526,0.3175752158785352,21.0,4.0,4.0,0.0,0.0,0.0,0.0,0.0,0.7,0,0,0.2,-0.04,39.33,0.0
A27,65,2024-04-01,28.805128652446708,0.04992908115828243,0.31281158764035716,22.0,27.0,19.0,0.0,0.0,0.0,0.0,0.0,0.7,0,0,0.2,-0.04,39.33,0.0
A27,66,2024-04-08,34.23352574963288,2.7170427351727007,0.3081194138257518,23.0,24.0,0.0,0.0,0.0,0.0,0.0,0.0,0.7,0,0,0.2,-0.04,39.33,0.0
A27,67,2024-04-15,48.70360015256098,16.203600152560924,0.30349762261836555,24.0,11.0,0.0,0.0,1.0,0.0,0.0,0.0,0.7,0,0,0.2,-0.04,39.33,0.0
A27,68,2024-04-22,18.095649700792414,-13.420833313668304,0.2989451582790901,25.0,4.0,4.0,0.0,0.0,0.0,0.0,0.0,0.7,0,0,0.2,-0.04,39.33,0.0
A27,69,2024-04-29,29.06637470175618,0.31117513046287826,0.2944609809049037,26.0,0.0,0.0,0.0,1.0,0.0,0.0,0.0,0.7,0,0,0.2,-0.04,39.33,0.0
A27,70,2024-05-06,16.910998153104057,-7.813548467388113,0.2900440661913301,27.0,43.0,23.0,0.0,0.0,0.0,0.0,0.0,0.7,0,0,0.2,-0.04,39.33,0.0
A27,71,2024-05-13,23.989420290860235,3.8900337052468004,0.28569340519846015,28.0,0.0,0.0,0.0,0.0,0.0,0.0,0.0,0.7,0,0,0.2,-0.04,39.33,0.0
A27,72,2024-05-20,20.395432230296848,4.8574859728661135,0.2814080041204832,29.0,25.0,0.0,0.0,0.0,0.0,0.0,0.0,0.7,0,0,0.2,-0.04,39.33,0.0
A27,73,2024-05-27,18.100998714169624,6.56517234226534,0.277186884058676,30.0,0.0,0.0,0.0,0.0,0.0,0.0,0.0,0.7,0,0,0.2,-0.04,39.33,0.0
A27,74,2024-06-03,6.930957528911728,-1.4273694441099583,0.2730290807977958,31.0,0.0,0.0,0.0,0.0,0.0,0.0,0.0,0.7,0,0,0.2,-0.04,39.33,0.0
A27,75,2024-06-10,8.373948131771154,2.32069277019154,0.26893364458582886,32.0,0.0,0.0,0.0,0.0,0.0,0.0,0.0,0.7,0,0,0.2,-0.04,39.33,0.0
A27,76,2024-06-17,7.2716220578696955,2.755454143635772,0.2648996399170414,33.0,0.0,0.0,0.0,0.0,0.0,0.0,0.0,0.7,0,0,0.2,-0.04,39.33,0.0
A27,77,2024-06-24,2.008712758376148,-1.5615190915739796,0.2609261453182858,34.0,15.0,0.0,0.0,0.0,0.0,0.0,0.0,0.7,0,0,0.2,-0.04,39.33,0.0
A27,78,2024-07-01,3.756099400669281,0.7245910430133393,0.2570122531385115,35.0,39.0,0.0,0.0,0.0,0.0,0.0,0.0,0.7,0,0,0.2,-0.04,39.33,0.0
A27,79,2024-07-08,3.8421316142874895,1.0950245491522441,0.25315706934143384,36.0,35.0,13.0,0.0,0.0,0.0,0.0,0.0,0.7,0,0,0.2,-0.04,39.33,0.0
A27,80,2024-07-15,2.3823055210036443,-0.22579701783240802,0.24935971330131232,37.0,33.0,0.0,0.0,0.0,1.0,0.0,0.0,0.7,0,0,0.2,-0.04,39.33,0.0
A27,81,2024-07-22,1.6668078516776454,-0.8795933867206125,0.24561931760179262,38.0,4.0,0.0,0.0,0.0,0.0,0.0,0.0,0.7,0,0,0.2,-0.04,39.33,0.0
A27,82,2024-07-29,3.512941823416634,0.98749173889746,0.24193502783776571,39.0,50.0,42.0,0.0,1.0,0.0,0.0,0.0,0.7,0,0,0.2,-0.04,39.33,0.0
A27,83,2024-08-05,1.6639197591207404,-0.8680668337654902,0.23830600242019923,40.0,22.0,9.0,0.0,0.0,0.0,0.0,0.0,0.7,0,0,0.2,-0.04,39.33,0.0
A27,84,2024-08-12,2.4171693446072964,-0.15569591608968114,0.23473141238389622,41.0,9.0,0.0,0.0,1.0,0.0,0.0,0.0,0.7,0,0,0.2,-0.04,39.33,0.0
A27,85,2024-08-19,2.6411680031578704,-0.03735269810531738,0.23121044119813777,42.0,9.0,0.0,0.0,0.0,0.0,0.0,0.0,0.7,0,0,0.2,-0.04,39.33,1.0
A27,86,2024-08-26,3.741081168194616,0.8288010097647094,0.2277422845801657,43.0,0.0,0.0,0.0,0.0,0.0,0.0,0.0,0.7,0,0,0.2,-0.04,39.33,1.0
A27,87,2024-09-02,2.7153486045679345,-0.6658876230630439,0.22432615031146322,44.0,16.0,0.0,0.0,2.0,0.0,0.0,2.0,0.7,0,0,0.2,-0.04,39.33,2.0
A27,88,2024-09-09,3.3361256797788257,-0.903243367943666,0.22096125805679126,45.0,37.0,10.0,10.0,0.0,0.0,0.0,4.0,0.7,0,0,0.2,-0.04,39.33,2.0
A27,89,2024-09-16,5.869028658097351,0.19971123274036717,0.21764683918593938,46.0,32.0,0.0,0.0,0.0,1.0,1.0,6.0,0.7,0,0,0.2,-0.04,39.33,1.0
A27,90,2024-09-23,11.137423787815173,3.3065485581995944,0.21438213659815028,47.0,24.0,19.0,0.0,1.0,1.0,0.0,10.0,0.7,0,0,0.2,-0.04,39.33,1.0
A27,91,2024-09-30,23.999870070551154,13.222582506578249,0.211166404549178,48.0,10.0,0.0,0.0,3.0,3.0,0.0,16.0,0.7,0,0,0.2,-0.04,39.33,0.0
A27,92,2024-10-07,8.47492832343521,-5.889151244406593,0.20799890848094033,49.0,30.0,0.0,0.0,7.0,1.0,0.0,18.0,0.7,0,0,0.2,-0.04,39.33,0.0
A27,93,2024-10-14,20.321224295252943,2.1235069537454514,0.20487892485372622,50.0,7.0,0.0,0.0,3.0,1.0,0.0,15.0,0.7,0,0,0.2,-0.04,39.33,0.0
A27,94,2024-10-21,14.817232204615264,-6.856003047963496,0.512246150046139,0.0,33.0,6.0,0.0,1.0,0.0,0.0,10.0,0.7,0,0,0.2,-0.04,39.33,0.0
A27,95,2024-10-28,34.450810788470676,10.333048407409265,0.504562457795447,1.0,0.0,0.0,0.0,1.0,0.0,0.0,6.0,0.7,0,0,0.2,-0.04,39.33,0.0
A27,96,2024-11-04,18.000242559097217,-6.999757440922846,0.49699402092851525,2.0,23.0,11.0,0.0,0.0,0.0,0.0,2.0,0.7,0,0,0.2,-0.04,39.33,0.0
A27,97,2024-11-11,19.045326071943894,-5.072436308986184,0.4895391106145875,3.0,17.0,0.0,0.0,0.0,0.0,0.0,2.0,0.7,0,0,0.2,-0.04,39.33,0.0
A27,98,2024-11-18,17.634078355263526,-4.0391568964765945,0.48219602395536865,4.0,10.0,0.0,0.0,0.0,1.0,0.0,1.0,0.7,0,0,0.2,-0.04,39.33,0.0
A27,99,2024-11-25,17.71880556025556,-0.47891177634268445,0.4749630835960381,5.0,50.0,0.0,0.0,0.0,0.0,0.0,0.0,0.7,0,0,0.2,-0.04,39.33,0.0
A27,100,2024-12-02,16.084398626552826,1.7203190855842276,0.4678386373420975,6.0,44.0,21.0,0.0,0.0,0.0,0.0,0.0,0.7,0,0,0.2,-0.04,39.33,0.0
A27,101,2024-12-09,12.765374539251335,1.9880871128938828,0.460821057781966,7.0,15.0,0.0,0.0,0.0,0.0,0.0,0.0,0.7,0,0,0.2,-0.04,39.33,0.0
A27,102,2024-12-16,7.815082788922646,-0.01579178142509363,0.4539087419152365,8.0,0.0,0.0,0.0,0.0,0.0,0.0,0.0,0.7,0,0,0.2,-0.04,39.33,0.0
A27,103,2024-12-23,3.5594511012768133,-2.1098633694466993,0.44710011078650796,9.0,21.0,15.0,0.0,0.0,0.0,0.0,0.0,0.7,0,0,0.2,-0.04,39.33,0.0
A27,104,2024-12-30,3.246673614352031,0.7300810832475961,0.4403936091247103,10.0,28.0,0.0,0.0,1.0,0.0,0.0,0.0,0.7,0,0,0.2,-0.04,39.33,0.0
A27,105,2025-01-06,1.6229923759360345,-0.920632141870273,0.43378770498783964,11.0,0.0,0.0,0.0,0.0,0.0,0.0,0.0,0.7,0,0,0.2,-0.04,39.33,0.0
A27,106,2025-01-13,2.5450214541687783,-0.062277545550337265,0.42728088941302206,12.0,8.0,8.0,0.0,0.0,0.0,0.0,0.0,0.7,0,0,0.2,-0.04,39.33,0.0
A27,107,2025-01-20,1.3937232338199201,-1.353169177650681,0.42087167607182674,13.0,27.0,0.0,0.0,0.0,0.0,0.0,0.0,0.7,0,0,0.2,-0.04,39.33,0.0
A27,108,2025-01-27,1.124640885400717,-1.9068145393132245,0.4145586009307493,14.0,5.0,0.0,0.0,0.0,0.0,0.0,0.0,0.7,0,0,0.2,-0.04,39.33,0.0
A27,109,2025-02-03,2.2931700132971264,-1.2770497871204456,0.40834022191678804,15.0,63.0,15.0,0.0,0.0,0.0,0.0,0.0,0.7,0,0,0.2,-0.04,39.33,0.0
A27,110,2025-02-10,4.62031919166857,0.10415380947607744,0.4022151185880362,16.0,2.0,2.0,0.0,0.0,0.0,0.0,0.0,0.7,0,0,0.2,-0.04,39.33,0.0
A27,111,2025-02-17,4.162612800706446,-1.8906420697076651,0.39618189180921565,17.0,19.0,0.0,0.0,0.0,0.0,0.0,0.0,0.7,0,0,0.2,-0.04,39.33,0.0
A27,112,2025-02-24,5.066199484364851,-3.292127400705721,0.39023916343207743,18.0,34.0,0.0,0.0,0.0,0.0,0.0,0.0,0.7,0,0,0.2,-0.04,39.33,0.0
A27,113,2025-03-03,5.529255382454564,-6.006570974911498,0.38438557598059625,19.0,45.0,0.0,0.0,0.0,0.0,0.0,0.0,0.7,0,0,0.2,-0.04,39.33,0.0
A27,114,2025-03-10,18.68498994569623,3.147043690483885,0.37861979234088733,20.0,24.0,19.0,0.0,0.0,0.0,0.0,0.0,0.7,0,0,0.2,-0.04,39.33,0.0
A27,115,2025-03-17,9.111573987584803,-10.987812597716152,0.372940495455774,21.0,0.0,0.0,0.0,1.0,0.0,0.0,0.0,0.7,0,0,0.2,-0.04,39.33,0.0
A27,116,2025-03-24,12.467504684694811,-12.257041935756726,0.3673463880239374,22.0,46.0,0.0,0.0,0.0,0.0,0.0,0.0,0.7,0,0,0.2,-0.04,39.33,0.0
A27,117,2025-03-31,22.817953449214873,-5.937246122073553,0.3618361922035783,23.0,24.0,24.0,24.0,0.0,0.0,0.0,0.0,0.7,0,0,0.2,-0.04,39.33,0.0
A27,118,2025-04-07,10.698681629933983,-20.8178013845262,0.35640864932052463,24.0,62.0,0.0,0.0,0.0,0.0,0.0,0.0,0.7,0,0,0.2,-0.04,39.33,0.0
A27,119,2025-04-14,33.0018594261714,0.5018594261713432,0.35106251958071677,25.0,12.0,12.0,0.0,0.0,0.0,0.0,0.0,0.7,0,0,0.2,-0.04,39.33,0.0
A27,120,2025-04-21,25.48768395049678,-6.0287990639639375,0.345796581787006,26.0,4.0,0.0,0.0,0.0,0.0,0.0,0.0,0.7,0,0,0.2,-0.04,39.33,0.0
A27,121,2025-04-28,25.60446024388375,-3.1507393274095534,0.3406096330602009,27.0,64.0,9.0,0.0,0.0,0.0,0.0,0.0,0.7,0,0,0.2,-0.04,39.33,1.0
A27,122,2025-05-05,19.537868926128045,-5.186677694364125,0.3355004885642979,28.0,3.0,3.0,0.0,0.0,0.0,0.0,0.0,0.7,0,0,0.2,-0.04,39.33,1.0
A27,123,2025-05-12,12.348235140616312,-7.751151444997122,0.33046798123583343,29.0,24.0,0.0,0.0,0.0,0.0,0.0,0.0,0.7,0,0,0.2,-0.04,39.33,1.0
A27,124,2025-05-19,6.961536511250613,-8.576409746180122,0.3255109615172959,30.0,63.0,0.0,0.0,1.0,0.0,0.0,0.0,0.7,0,0,0.2,-0.04,39.33,1.0
A27,125,2025-05-26,7.139539003485987,-4.396287368418297,0.3206282970945365,31.0,50.0,15.0,0.0,0.0,0.0,0.0,0.0,0.7,0,0,0.2,-0.04,39.33,0.0
A27,126,2025-06-02,3.8618357719916134,-4.496491201030073,0.3158188726381184,32.0,38.0,0.0,0.0,0.0,0.0,0.0,0.0,0.7,0,0,0.2,-0.04,39.33,0.0
A27,127,2025-06-09,4.6644393555559285,-1.3888160060236858,0.31108158954854664,33.0,0.0,0.0,0.0,0.0,0.0,0.0,0.0,0.7,0,0,0.2,-0.04,39.33,0.0
A27,128,2025-06-16,3.8932872503018423,-0.6228806639320812,0.30641536570531847,34.0,21.0,21.0,0.0,1.0,0.0,0.0,0.0,0.7,0,0,0.2,-0.04,39.33,0.0
A27,129,2025-06-23,3.8912507770812965,0.32101892713116875,0.3018191352197387,35.0,0.0,0.0,0.0,1.0,0.0,0.0,0.0,0.7,0,0,0.2,-0.04,39.33,0.0
A27,130,2025-06-30,2.244305370616403,-0.7872029870395387,0.2972918481914426,36.0,6.0,0.0,0.0,0.0,0.0,0.0,0.0,0.7,0,0,0.2,-0.04,39.33,0.0
A27,131,2025-07-07,2.4678981584062534,-0.279208906728992,0.29283247046857097,37.0,9.0,0.0,0.0,1.0,0.0,0.0,0.0,0.7,0,0,0.2,-0.04,39.33,2.0
A27,132,2025-07-14,1.5278161857238333,-1.080286353112219,0.2884399834115424,38.0,70.0,35.0,16.0,0.0,0.0,0.0,1.0,0.7,0,0,0.2,-0.04,39.33,2.0
A27,133,2025-07-21,1.4000405058088385,-1.1463607325894194,0.28411338366036926,39.0,37.0,2.0,0.0,2.0,0.0,0.0,3.0,0.7,0,0,0.2,-0.04,39.33,2.0
A27,134,2025-07-28,1.9375446823366085,-0.5879054021825656,0.2798516829054637,40.0,31.0,12.0,0.0,2.0,0.0,0.0,6.0,0.7,0,0,0.2,-0.04,39.33,2.0
A27,135,2025-08-04,1.4375722993949989,-1.0944142934912318,0.27565390766188175,41.0,16.0,0.0,0.0,3.0,1.0,1.0,9.0,0.7,0,0,0.2,-0.04,39.33,1.0
A27,136,2025-08-11,1.8375851208603002,-0.7352801398366773,0.27151909904695354,42.0,4.0,0.0,0.0,2.0,1.0,0.0,14.0,0.7,0,0,0.2,-0.04,39.33,1.0
A27,137,2025-08-18,1.2008918422447736,-1.4776288590184141,0.26744631256124923,43.0,0.0,0.0,0.0,8.0,7.0,0.0,20.0,0.7,0,0,0.2,-0.04,39.33,1.0
A27,138,2025-08-25,1.390389229267241,-1.5218909291626654,0.2634346178728305,44.0,39.0,0.0,0.0,2.0,0.0,0.0,22.0,0.7,0,0,0.2,-0.04,39.33,1.0
A27,139,2025-09-01,2.7451939541344306,-0.6360422734965478,0.6273855234710299,0.0,41.0,20.0,0.0,4.0,1.0,0.0,12.0,0.7,0,0,0.2,-0.04,39.33,0.0
A27,140,2025-09-08,3.75832379563603,-0.48104525208646187,0.6179747406189645,1.0,31.0,31.0,0.0,2.0,1.0,0.0,9.0,0.7,0,0,0.2,-0.04,39.33,0.0
A27,141,2025-09-15,2.6098849808592943,-3.0594324444976895,0.6087051195096801,2.0,31.0,23.0,0.0,0.0,0.0,0.0,3.0,0.7,0,0,0.2,-0.04,39.33,2.0
A27,142,2025-09-22,6.436638136682527,-1.3942370929330519,0.5995745427170349,3.0,47.0,0.0,0.0,0.0,0.0,0.0,1.0,0.7,0,0,0.2,-0.04,39.33,3.0
A27,143,2025-09-29,5.813602990531524,-4.963684573441381,0.5905809245762794,4.0,34.0,0.0,0.0,0.0,0.0,0.0,0.0,0.7,0,0,0.2,-0.04,39.33,3.0
A27,144,2025-10-06,9.390743887414164,-4.973335680427638,0.5817222107076352,5.0,0.0,0.0,0.0,0.0,0.0,0.0,0.0,0.7,0,0,0.2,-0.04,39.33,3.0
A27,145,2025-10-13,19.422725438507555,1.2250080970000639,0.5729963775470207,6.0,15.0,0.0,0.0,0.0,1.0,0.0,0.0,0.7,0,0,0.2,-0.04,39.33,1.0
A27,146,2025-10-20,18.68863745772105,-2.9845977948577094,0.5644014318838154,7.0,11.0,0.0,0.0,0.0,0.0,0.0,0.0,0.7,0,0,0.2,-0.04,39.33,0.0
A27,147,2025-10-27,20.71215812741456,-3.4056042536468496,0.5559354104055582,8.0,50.0,0.0,0.0,0.0,0.0,0.0,0.0,0.7,0,0,0.2,-0.04,39.33,0.0
A27,148,2025-11-03,31.69533579446762,6.695335794447558,0.5475963792494748,9.0,52.0,19.0,0.0,0.0,0.0,0.0,0.0,0.7,0,0,0.2,-0.04,39.33,0.0
A27,149,2025-11-10,12.253454678691302,-11.864307702238776,0.5393824335607327,10.0,28.0,0.0,0.0,1.0,0.0,0.0,0.0,0.7,0,0,0.2,-0.04,39.33,0.0
A27,150,2025-11-17,9.976566004710405,-11.696669247029716,0.5312916970573217,11.0,0.0,0.0,0.0,0.0,0.0,0.0,0.0,0.7,0,0,0.2,-0.04,39.33,0.0
A27,151,2025-11-24,9.186825569823737,-9.010891766774508,0.5233223216014619,12.0,31.0,0.0,0.0,0.0,0.0,0.0,0.0,0.7,0,0,0.2,-0.04,39.33,0.0
A27,152,2025-12-01,8.540950736695264,-5.823128804273335,0.51547248677744,13.0,42.0,22.0,0.0,2.0,0.0,0.0,0.0,0.7,0,0,0.2,-0.04,39.33,0.0
A27,153,2025-12-08,3.0727264824938536,-7.704560943863598,0.5077403994757783,14.0,10.0,0.0,0.0,1.0,0.0,0.0,1.0,0.7,0,0,0.2,-0.04,39.33,0.0
A27,154,2025-12-15,4.733625501187321,-3.0972490691604184,0.5001242934836416,15.0,44.0,23.0,0.0,0.0,0.0,0.0,0.0,0.7,0,0,0.2,-0.04,39.33,0.0
A27,155,2025-12-22,3.045562257495708,-2.6237522132278044,0.492622429081387,16.0,0.0,0.0,0.0,0.0,0.0,0.0,0.0,0.7,0,0,0.2,-0.04,39.33,2.0
