tree
version=v4
num_class=1
num_tree_per_iteration=1
label_index=0
max_feature_idx=19
objective=binary sigmoid:1
feature_names=farmer_reports farmer_reports_2w vet_reports vet_reports_2w report_anomaly_z inbound_animals inbound_change_pct inbound_external inbound_from_outbreak_areas_2w neighbour_outbreaks_4w own_outbreak_8w vacc_coverage weeks_since_campaign rain_8w_anomaly_pct et0_anomaly density_index market_hub border woy_sin woy_cos
feature_infos=[0:16] [0:29] [0:8] [0:12] [-2.5226442680188486:6.6226997538420038] [0:155] [-93.7007874015748:545.61403508771923] [0:115] [0:54] [0:11] [0:1] [0.15544751799129061:0.84999999999999998] [0:99] [-91.628491035509157:354.60375629867161] [-17.972999999999999:14.619999999999999] [0.59999999999999998:1.3] [0:1] [0:1] [-1:1] [-1:1]
tree_sizes=1659 1693 1693 1696 1713 1703 1703 1701 1708 1705 1710 1721 1707 1704 1706 1703 1706 1718 1708 1713 1706 1712 1703 1715 1716 1718 1727 1713 1714 1716 1725 1735 1718 1712 1725 1723 1719 1705 1704 1703 1721 1725 1722 1721 1722 1728 1721 1722 1734 1726 1723 1717 1722 1724 1712 1725 1723 1726 1731 1715 1707 1722 1714 1726 1724 1721 1716 1723 1720 1728 1737 1723 1728 1726 1723 1713 1726 1727 1712 1712 1734 1715 1724 1733 1729 1723 1738 1718 1733 1739 1709 1725 1731 1733 1730 1715 1729 1723 1726 1734 1727 1736 1732 1723 1724 1731 1728 1737 1729 1719 1724 1722 1720 1726 1724 1732 1738 1729 1730 1727 1731 1732 1729 1730 1734 1733 1735 1735 1731 1720 1730 1725 1721 1731 1729 1738 1725 1730 1732 1722 1727 1740 1731 1729 1729 1719 1733 1727 1732 1709 1743 1734 1733 1727 1734 1730 1743 1740 1730 1723 1736 1729 1741 1729 1719 1728 1726 1734 1737 1740 1727 1727 1747 1732 1724 1731 1725 1732 1723 1734 1724 1728 1736 1744 1736 1731 1740 1735 1742 1731 1734 1715 1727 1716 1725 1731 1732 1742 1746 1734 1729 1731 1743 1730 1732 1733 1748 1728 1746 1736 1739 1739 1733 1733 1746 1749 1724 1741 1740 1731 1748 1740 1746 1735 1740 1737 1724 1734 1735 1744 1729 1749 1755 1746 1730 1738 1742 1743 1761 1741 1748 1750 1747 1746 1742 1741 1733 1737 1743 1745 1733 1752 1756 1747 1744 1727 1735 1736 1734 1752 1753 1744 1747 1736 1742 1739 1747 1752 1732 1749 1744 1754 1741 1769 1755 1749 1744 1752 1749 1764 1732 1732 1754 1726 1749 1750 1741 1758 1749 1743 1745 1730 1755 1755 1742 1747 1750 1750 1743 1745

Tree=0
num_leaves=15
num_cat=0
split_feature=4 4 1 15 13 5 5 19 6 5 3 14 7 5
split_gain=190.88 54.4938 38.2892 21.6372 19.9307 21.6858 16.0256 13.9136 14.7661 10.7319 6.33531 8.16516 4.49505 11.0231
threshold=1.2194741298138605 2.4302359521596544 1.5000000000000002 0.95000000000000007 25.146426037671365 13.500000000000002 6.5000000000000009 -0.98182534576205283 30.116279069767444 59.500000000000007 1.0000000180025095e-35 -0.55350000000000132 15.500000000000002 8.5000000000000018
decision_type=2 2 2 2 2 2 2 2 2 2 2 2 2 2
left_child=2 3 10 -2 5 -5 -3 8 -4 12 -1 -12 13 -9
right_child=1 6 7 4 -6 -7 -8 9 -10 -11 11 -13 -14 -15
leaf_value=-2.7568998288716453 -2.7206030977461597 -2.6042973031585954 -2.7072346156096581 -2.7406558209509124 -2.5124367330492055 -2.5916153106453192 -2.4666019371526282 -2.7444157065518033 -2.5869182763811431 -2.6448483656393171 -2.6804976513366547 -2.7468668414125612 -2.7537569334446839 -2.6917669503277555
leaf_weight=70.890045821666718 2.9921123236417753 1.1508124321699145 2.2440842427313359 1.4960561618208887 1.2083530537784097 2.1290029995143414 2.2440842427313328 7.3651995658874565 1.553596783429384 1.5535967834293831 2.2440842427313328 6.5020902417600137 4.3155466206371775 6.9624152146279812
leaf_count=1232 52 20 39 26 21 37 39 128 27 27 39 113 75 121
internal_value=-2.73119 -2.61366 -2.74392 -2.6572 -2.61795 -2.65312 -2.51328 -2.7107 -2.65801 -2.7206 -2.75393 -2.72984 -2.72692 -2.71883
internal_weight=114.851 11.2204 103.631 7.82552 4.83341 3.62506 3.3949 23.9944 3.79768 20.1968 79.6362 8.74617 18.6432 14.3276
internal_count=1996 195 1801 136 84 63 59 417 66 351 1384 152 324 249
is_linear=0
shrinkage=1


Tree=1
num_leaves=15
num_cat=0
split_feature=4 10 3 10 6 4 0 5 9 9 4 5 14 0
split_gain=161.6 59.0858 36.3235 95.1613 46.7707 48.6958 35.2536 29.5064 16.8427 16.0057 40.4483 13.6423 10.7128 7.04141
threshold=1.6209443681942652 1.0000000180025095e-35 1.0000000180025095e-35 1.0000000180025095e-35 43.492985002418969 -0.10463663439296328 2.5000000000000004 12.500000000000002 1.0000000180025095e-35 2.5000000000000004 -0.16674665116584189 17.500000000000004 1.4979999999999996 5.5000000000000009
decision_type=2 2 2 2 2 2 2 2 2 2 2 2 2 2
left_child=2 6 9 4 8 -6 12 -8 -4 -1 -11 -10 -2 -3
right_child=1 13 3 -5 5 -7 7 -9 11 10 -12 -13 -14 -15
leaf_value=-0.026577605597301563 0.13639936491894553 0.059198301757387661 0.0013555086805383421 -0.03199445135144776 0.081590614421643795 0.333031989670038 0.11250722372368913 0.28159948658476863 0.13951879328931716 -0.024646767793190558 0.15177786700536483 0.030790643566418068 0.015961889261585972 -0.032238944689058635
leaf_weight=73.069318179041147 1.4239538945257648 1.3132496774196627 3.5995187610387802 14.171341940760612 1.5845024734735491 1.2323378100991247 1.4512865915894506 2.5796964317560196 2.2739118859171867 4.124906875193119 1.6324140541255463 1.9117842167615888 1.2466087117791174 1.7926525287330148
leaf_count=1296 23 21 62 243 27 20 23 38 39 73 28 33 20 28
internal_value=-0.00180616 0.114586 -0.0128246 0.0188622 0.0868403 0.191594 0.164715 0.220721 0.0489386 -0.022783 0.0253762 0.0898581 0.0801796 0.00642291
internal_weight=113.407 9.80745 103.6 24.7734 10.6021 2.81684 6.70155 4.03098 7.78521 78.8266 5.75732 4.1857 2.67056 3.1059
internal_count=1974 153 1821 424 181 47 104 61 134 1397 101 72 43 49
is_linear=0
shrinkage=0.03


Tree=2
num_leaves=15
num_cat=0
split_feature=0 4 5 5 18 4 1 4 1 13 13 15 6 19
split_gain=169.335 52.6729 27.3637 20.8809 17.8184 12.6106 11.2993 11.1022 9.59335 16.023 9.21243 10.4189 8.18443 7.19239
threshold=1.5000000000000002 2.3161438887905801 5.5000000000000009 41.500000000000007 0.98182534576205316 1.5167528431129995 1.5000000000000002 3.1130218146409074 1.0000000180025095e-35 -5.2128151602544737 -29.391707973983596 0.95000000000000007 116.13730518840009 -0.61559370248597534
decision_type=2 2 2 2 2 2 2 2 2 2 2 2 2 2
left_child=4 3 -3 5 6 13 -1 -4 -6 -10 -7 -12 -5 -2
right_child=1 2 7 12 8 10 -8 -9 9 -11 11 -13 -14 -15
leaf_value=-0.026991416632442318 0.029488291941595326 0.03310493569578133 0.14682578635585194 0.15426598589572071 -0.0025304698133000064 0.13697633294523898 0.0037547445834721174 0.24580961458246553 -0.0057015553165916102 0.14724317656556946 -0.012427662028049976 0.092633831891781593 0.057641841528612375 -0.022762291421982696
leaf_weight=73.675603892654181 8.7683888450264984 1.376135654747485 2.5042388960719109 1.9288597591221326 3.0649237371981135 1.4180277548730371 12.596833389252422 1.720437094569206 1.142577435821295 1.3388627357780931 1.5244544185698026 1.9188403189182279 1.3350468315184114 3.2497563958168056
leaf_count=1331 146 21 32 29 55 22 219 20 20 23 25 28 21 56
internal_value=-8.6369e-05 0.0679101 0.14929 0.0452826 -0.0191512 0.0318513 -0.0225021 0.187135 0.0329708 0.0768199 0.0726223 0.0461198 0.114743 0.0153595
internal_weight=117.563 25.7442 5.60081 20.1434 91.8188 16.8795 86.2724 4.22468 5.54636 2.48144 4.86132 3.44329 3.26391 12.0181
internal_count=2048 400 73 327 1648 277 1550 52 98 43 75 53 50 202
is_linear=0
shrinkage=0.03


Tree=3
num_leaves=15
num_cat=0
split_feature=0 10 1 5 18 1 7 1 10 11 4 18 13 13
split_gain=180.124 211.104 52.9912 22.314 14.9783 12.128 11.9715 10.9803 14.3653 15.9029 8.3024 19.1931 5.28901 10.741
threshold=1.5000000000000002 1.0000000180025095e-35 2.5000000000000004 5.5000000000000009 0.98182534576205316 1.0000000180025095e-35 18.500000000000004 1.5000000000000002 1.0000000180025095e-35 0.28187653061640555 2.3161438887905801 0.35460488704253579 -23.958883988410026 -0.61933147734716132
decision_type=2 2 2 2 2 2 2 2 2 2 2 2 2 2
left_child=4 2 -2 -4 7 -6 10 -1 9 -9 11 -5 -11 -14
right_child=1 -3 3 6 5 -7 -8 8 -10 12 -12 -13 13 -15
leaf_value=-0.026761090725352803 0.019275137441204297 -0.022018922633801608 0.10082113828755691 0.24619947041521384 -0.011446224215871766 0.0792262424828514 0.141955717887008 0.12565631512441466 -0.031927723773675303 -0.032066124053518517 0.26621000165680297 0.11463872548440683 0.096590408367892247 -0.0075731815711381299
leaf_weight=71.079148713499308 2.3193469345569619 11.865671578794718 2.7012779414653769 2.5806719176471216 2.9361062347888938 2.4234821498394012 2.3978704214096069 1.3311650864779929 5.6634934395551682 1.7993160113692281 2.2995216026902199 1.6273386515676973 1.3984955362975595 2.4549530521035199
leaf_count=1316 34 195 39 34 53 39 29 22 100 30 23 21 23 42
internal_value=0.00114665 0.0709626 0.150187 0.176347 -0.019066 0.0295538 0.199257 -0.0221783 0.00357695 0.0323688 0.220371 0.195322 0.0104006 0.0302299
internal_weight=114.878 25.7917 13.926 11.6067 89.0862 5.35959 8.9054 83.7266 12.6474 6.98393 6.50753 4.20801 5.65276 3.85345
internal_count=2000 375 180 146 1625 92 107 1533 217 117 78 55 95 65
is_linear=0
shrinkage=0.03


Tree=4
num_leaves=15
num_cat=0
split_feature=1 10 14 6 14 3 18 3 1 10 1 1 18 15
split_gain=140.655 199.776 15.3864 16.7072 16.8263 13.1949 17.3729 12.7998 7.15165 6.2062 7.16127 4.68637 7.73272 2.79989
threshold=2.5000000000000004 1.0000000180025095e-35 -2.022500000000004 -71.586353825021703 0.77449999999999808 1.0000000180025095e-35 0.95297903005573359 1.5000000000000002 9.5000000000000018 1.0000000180025095e-35 1.5000000000000002 1.5000000000000002 0.78574730703237894 0.95000000000000007
decision_type=2 2 2 2 2 2 2 2 2 2 2 2 2 2
left_child=5 2 -2 -4 -5 11 9 -6 -9 10 13 -1 -13 -7
right_child=1 -3 3 4 7 6 -8 8 -10 -11 -12 12 -14 -15
leaf_value=-0.027603994666069033 0.055752882784476078 -0.023730752491953798 0.067270816617713336 0.22297920172959315 0.082597179304085444 -0.02108043266106796 0.11785238840194599 0.20013148737024242 0.13139932928329862 -0.031823780195349934 0.076175206100668955 -0.018667518204338665 0.051520211169837633 0.024768364173754467
leaf_weight=64.732487708330154 2.0219901204109201 14.413846649229527 2.0998506844043723 2.8057646565139285 2.5809253230690938 2.7660996578633767 1.1977299228310574 2.5667760670185089 2.9039011746644974 4.0450443848967552 1.3806082569062708 6.7289167791604978 1.7881139032542703 2.1155703961849213
leaf_count=1229 25 244 28 31 29 49 18 28 30 75 20 114 27 37
internal_value=-0.000549054 0.0559999 0.132721 0.144732 0.159713 -0.0201603 0.00970734 0.137667 0.163648 -0.00285931 0.0158499 -0.0248515 -0.00393191 -0.00121093
internal_weight=114.148 29.3931 14.9792 12.9572 10.8574 84.7546 11.5051 8.0516 5.47068 10.3073 6.26228 73.2495 8.51703 4.88167
internal_count=1984 415 171 146 118 1569 199 87 58 181 106 1370 141 86
is_linear=0
shrinkage=0.03


Tree=5
num_leaves=15
num_cat=0
split_feature=0 10 1 18 5 1 10 9 12 9 12 18 14 14
split_gain=151.298 140.595 33.8391 12.5275 10.5509 9.6746 11.7626 17.3732 8.87507 8.73982 16.9129 8.20885 8.2206 7.67162
threshold=1.5000000000000002 1.0000000180025095e-35 2.5000000000000004 0.98182534576205316 41.500000000000007 1.5000000000000002 1.0000000180025095e-35 1.5000000000000002 44.500000000000007 1.0000000180025095e-35 24.500000000000004 -0.060268340127661565 0.77449999999999808 2.6665000000000032
decision_type=2 2 2 2 2 2 2 2 2 2 2 2 2 2
left_child=3 2 -2 5 11 -1 7 8 -7 -5 -11 -4 -13 -14
right_child=1 -3 4 9 -6 6 -8 -9 -10 10 -12 12 13 -15
leaf_value=-0.026326802688536561 0.013227025533476705 -0.019596198296546345 0.068374393488950108 -0.012310227110236839 0.17015582891661557 -0.023577253228967473 -0.031822031247995805 0.12603788456643925 0.054592955490533342 -0.011552281781489185 0.13298746243071172 0.15876511830210799 0.060979974452360017 0.14149303533291058
leaf_weight=66.574809622019529 2.6187754720449474 12.037821013480427 2.6424126699566832 3.0400940291583529 4.2414863333106032 3.5446560643613321 5.0665540434420109 1.3244689889252184 2.0708333440124989 1.4636892564594748 1.450746454298496 4.1955477669835073 2.2188974618911743 2.0483807176351547
leaf_count=1291 37 204 28 52 36 60 94 19 32 25 22 41 24 20
internal_value=0.00186362 0.0597393 0.112898 -0.0186775 0.129906 -0.0218566 0.00293048 0.0283017 0.0052497 0.023276 0.0603966 0.114533 0.128946 0.0996279
internal_weight=114.539 30.0033 17.9655 84.5359 15.3467 78.5813 12.0065 6.93996 5.61549 5.95453 2.91444 11.1052 8.46283 4.26728
internal_count=1985 390 186 1595 149 1496 205 111 92 99 47 113 85 44
is_linear=0
shrinkage=0.03


Tree=6
num_leaves=15
num_cat=0
split_feature=0 4 3 4 13 13 11 6 7 14 16 1 1 0
split_gain=116.341 30.5944 11.2138 13.0173 11.4129 16.4654 9.31503 8.56116 8.00343 12.0603 9.07039 7.77613 7.10959 6.87783
threshold=1.5000000000000002 1.8377198506341514 1.0000000180025095e-35 -0.3358975876374406 -5.2128151602544737 59.531005842429956 0.55210156309931369 -60.330470133106019 4.5000000000000009 0.40099999999999986 1.0000000180025095e-35 1.5000000000000002 9.5000000000000018 3.5000000000000004
decision_type=2 2 2 2 2 2 2 2 2 2 2 2 2 2
left_child=2 7 11 -4 -5 -6 12 -2 10 -10 -9 -1 13 -3
right_child=1 6 3 4 5 -7 -8 8 9 -11 -12 -13 -14 -15
leaf_value=-0.026885310610433085 -0.007597818885758968 0.084692339423144067 -0.023277586710946051 -0.011619395411531699 0.1092934000782681 -0.012790474772171252 0.047033059526625703 0.04103244884976532 0.079190770341077729 -0.0050108818434846302 0.12322479810428302 0.0039938796805673625 0.069105160107393884 0.15564203813321281
leaf_weight=62.477568440139294 4.8404019959270981 2.0216227173805219 6.9803595691919327 2.9212511628866196 2.7523376196622831 1.5565358772873876 3.3210888653993598 4.0399282462894934 2.1309552900493145 5.4371962212026119 1.7240765690803526 8.3166368603706342 2.894119530916214 3.139068216085434
leaf_count=1242 76 22 129 49 43 27 35 53 27 82 21 140 31 27
internal_value=-0.000550878 0.050728 -0.0183759 0.00594451 0.0341571 0.0651919 0.0893104 0.0265756 0.0389827 0.0186977 0.0656171 -0.0232577 0.106742 0.127849
internal_weight=114.553 29.5485 85.0047 14.2105 7.23012 4.30887 11.3759 18.1726 13.3322 7.56815 5.764 70.7942 8.05481 5.16069
internal_count=2004 374 1630 248 119 70 115 259 183 109 74 1382 80 49
is_linear=0
shrinkage=0.03


Tree=7
num_leaves=15
num_cat=0
split_feature=0 10 1 3 10 4 9 10 12 0 1 0 13 13
split_gain=123.955 118.864 23.6332 13.5145 20.6642 14.2048 13.4961 14.967 7.58067 7.12315 12.4065 5.28936 4.73852 4.50345
threshold=1.5000000000000002 1.0000000180025095e-35 2.5000000000000004 1.0000000180025095e-35 1.0000000180025095e-35 0.42967062344919854 3.5000000000000004 1.0000000180025095e-35 71.500000000000014 9.5000000000000018 9.5000000000000018 3.5000000000000004 4.1260140918382779 -24.516779381219354
decision_type=2 2 2 2 2 2 2 2 2 2 2 2 2 2
left_child=3 2 -2 6 5 8 -1 -8 12 10 11 13 -5 -4
right_child=1 -3 9 4 -6 -7 7 -9 -10 -11 -12 -13 -14 -15
leaf_value=-0.026625263906742469 0.011684935540340887 -0.024496658288732445 0.073148699902585115 -0.021345938557925163 -0.031774184261583752 0.12301610566662791 0.10304103525110972 -0.031707781915536019 0.087030666092320866 0.15560611592707077 0.05609941914777046 0.14382549325280411 0.038010169110498662 0.12088411283171219
leaf_weight=65.285237312316895 2.6977162361145046 11.928901836276053 3.0609663203358677 2.7906264662742597 6.2959265932440758 1.5388346426188944 1.5543187744915477 1.419284276664257 1.2533741928637026 2.3504961654543868 4.2827519923448554 3.9930259063839912 2.137744627892971 4.2461238652467719
leaf_count=1309 36 204 28 47 121 21 27 28 18 18 38 29 35 39
internal_value=0.00133889 0.0508848 0.0944705 -0.0182686 0.00856298 0.0414569 -0.0237783 0.0387262 0.0211541 0.106924 0.0995807 0.11606 0.00440054 0.100888
internal_weight=114.835 32.56 20.6311 82.2753 14.0165 7.72058 68.2588 2.9736 6.18175 17.9334 15.5829 11.3001 4.92837 7.30709
internal_count=1998 392 188 1606 242 121 1364 55 100 152 134 96 82 67
is_linear=0
shrinkage=0.03


Tree=8
num_leaves=15
num_cat=0
split_feature=1 10 18 9 12 6 14 14 4 1 10 3 9 5
split_gain=114.937 141.538 13.243 13.9057 21.7304 9.8391 7.19752 7.50613 7.32051 6.79169 5.69976 11.228 4.72484 4.65857
threshold=2.5000000000000004 1.0000000180025095e-35 0.98182534576205316 1.0000000180025095e-35 24.500000000000004 -71.586353825021703 -2.022500000000004 0.77449999999999808 0.42967062344919854 1.5000000000000002 1.0000000180025095e-35 1.0000000180025095e-35 1.0000000180025095e-35 41.500000000000007
decision_type=2 2 2 2 2 2 2 2 2 2 2 2 2 2
left_child=2 5 9 -4 -5 -2 -7 -8 -9 -1 11 12 -11 -10
right_child=1 -3 3 4 -6 6 7 8 13 10 -12 -13 -14 -15
leaf_value=-0.026391561427567562 0.051558324139719308 -0.02573018998147043 -0.021743045340155216 -0.01137754462290372 0.15287768022438405 0.053533553706941163 0.14483069952895106 0.13893040783934849 0.062816172126001102 -0.02388914968435096 -0.031743492120671041 0.089089140655689694 0.036109211856478224 0.11262068192397026
leaf_weight=63.022752285003662 3.5159933306276825 14.401501201093195 2.9391655996441832 1.4479456059634688 1.4516216591000555 2.0139735415577951 4.797726415097709 2.9433121383190137 4.2528786063194275 3.6347448080778104 3.4165800027549267 1.47269020229578 1.7500240355730055 2.8051724955439568
leaf_count=1299 37 254 53 25 19 17 36 28 33 60 66 18 26 19
internal_value=0.000726844 0.046224 -0.0192407 0.0242416 0.0708542 0.0971977 0.106742 0.113983 0.099185 -0.0227044 -8.68646e-05 0.0156854 -0.00438997 0.0826106
internal_weight=113.866 34.7306 79.1355 5.83873 2.89957 20.3291 16.8131 14.7991 10.0014 73.2968 10.274 6.85746 5.38477 7.05805
internal_count=1990 424 1566 97 44 170 133 116 80 1469 170 104 86 52
is_linear=0
shrinkage=0.03


Tree=9
num_leaves=15
num_cat=0
split_feature=1 10 18 6 1 7 8 18 6 19 5 7 6 2
split_gain=91.4048 98.5951 15.8296 11.166 9.17315 8.15192 5.4004 7.0149 4.59769 13.6562 3.76149 2.68318 2.38642 2.23337
threshold=2.5000000000000004 1.0000000180025095e-35 0.98182534576205316 -71.586353825021703 1.0000000180025095e-35 23.500000000000004 5.5000000000000009 -0.35460488704253573 3.252247488101534 -0.95297903005573326 27.500000000000004 1.0000000180025095e-35 -64.466490051293604 1.0000000180025095e-35
decision_type=2 2 2 2 2 2 2 2 2 2 2 2 2 2
left_child=2 3 6 -2 12 8 -1 -8 11 -10 -6 -5 -4 -3
right_child=1 13 4 5 10 -7 7 -9 9 -11 -12 -13 -14 -15
leaf_value=-0.02448412961838271 0.029997195102507274 -0.0028898141070975926 0.02486728587829674 0.13062642026841623 0.094521370078553879 0.04483673892787747 -0.031608724842645188 0.076485786127084565 0.13810096907550079 0.052213559869450948 0.028455620947476553 0.093051562829719006 -0.031844847613379655 -0.029018297980014752
leaf_weight=70.844173476099968 3.2927590012550381 4.1329696029424658 1.0565547868609431 4.5006575733423251 1.644967880100012 2.9605739042162886 1.0570826753973963 1.1053014695644368 2.5789909139275551 4.7072242274880409 1.4676197282969949 2.7588520497083664 1.8148465007543553 10.236710902303455
leaf_count=1448 35 75 20 35 21 23 22 20 19 34 21 19 34 183
internal_value=-0.00130188 0.038929 -0.0192137 0.0806805 0.027695 0.0902135 -0.0230586 0.0236437 0.0994493 0.0826138 0.0633706 0.116347 -0.0109772 -0.0215033
internal_weight=114.159 35.1687 78.9905 20.7991 5.98399 17.5063 73.0066 2.16238 14.5457 7.28622 3.11259 7.25951 2.8714 14.3697
internal_count=2009 423 1586 165 96 130 1490 42 107 53 42 54 54 258
is_linear=0
shrinkage=0.03


Tree=10
num_leaves=15
num_cat=0
split_feature=0 10 9 10 1 18 19 4 19 12 11 9 12 14
split_gain=101.18 81.5149 10.0925 11.4723 14.1132 16.097 10.3014 4.58612 6.06326 4.89611 4.20014 4.12309 3.9513 3.8747
threshold=1.5000000000000002 1.0000000180025095e-35 1.0000000180025095e-35 1.0000000180025095e-35 1.5000000000000002 0.98182534576205316 -0.51639395938746235 2.4302359521596544 -0.35460488704253562 37.500000000000007 0.51292603594313324 3.5000000000000004 58.500000000000007 1.0295000000000007
decision_type=2 2 2 2 2 2 2 2 2 2 2 2 2 2
left_child=2 7 -1 4 5 11 -6 9 -9 10 -2 -4 -11 -12
right_child=1 -3 3 -5 6 -7 -8 8 -10 12 13 -13 -14 -15
leaf_value=-0.025328341038947731 0.11414422007951881 -0.023669545508770144 -0.023141378745365478 -0.031635923408125273 0.12203464384538056 0.06893397773989772 0.021123355719360963 0.12599397075306407 0.067522236897901877 0.020414366790556658 0.095727269249291064 0.031133332081656633 0.066364423394097941 0.050841093455430655
leaf_weight=52.481574349105358 2.5981263183057361 10.874055825173853 10.666884057223799 8.4096645824611205 1.5422577112913134 2.3591723293066016 2.222470346838235 3.2748464867472649 3.1135751381516448 2.7306519262492648 2.971153300255537 1.4283968023955811 4.3952550180256367 4.1461744643747807
leaf_count=1104 21 195 227 175 17 35 30 20 20 26 25 26 35 33
internal_value=0.000925332 0.0441203 -0.0176957 -0.0026528 0.0107253 -0.00274992 0.0624627 0.0758534 0.0974961 0.0676436 0.0814967 -0.0167318 0.0487563 0.069579
internal_weight=113.214 34.1038 79.1104 26.6288 18.2192 14.4545 3.76473 23.2298 6.38842 16.8414 9.71545 12.0953 7.12591 7.11733
internal_count=1989 375 1614 510 335 288 47 180 40 140 79 253 61 58
is_linear=0
shrinkage=0.03


Tree=11
num_leaves=15
num_cat=0
split_feature=1 10 6 3 10 14 9 14 15 7 12 12 1 19
split_gain=85.6577 85.1733 10.1245 9.95 9.80932 7.90745 7.5774 5.29528 5.25341 4.26423 4.8059 5.84399 3.76739 3.57549
threshold=2.5000000000000004 1.0000000180025095e-35 -83.805402570154726 1.0000000180025095e-35 1.0000000180025095e-35 0.77449999999999808 5.5000000000000009 -2.022500000000004 0.95000000000000007 19.500000000000004 53.500000000000007 37.500000000000007 1.0000000180025095e-35 -0.060268340127661524
decision_type=2 2 2 2 2 2 2 2 2 2 2 2 2 2
left_child=3 2 -2 6 5 8 12 -4 -5 10 11 -9 -1 -7
right_child=1 -3 7 4 -6 13 -8 9 -10 -11 -12 -13 -14 -15
leaf_value=-0.030641505915562986 0.00092608015788043271 -0.02295786935541707 0.038259045961193547 0.020165545998750235 -0.031596539034095379 0.021253192285976014 0.059941383228010792 0.092149085935869166 0.092739300886037393 0.05333544604843854 0.11962259920088135 0.043616448742154652 -0.016003754672489025 -0.032029048482210831
leaf_weight=35.395531103014946 1.7032958157360578 13.498971942812203 2.7963987290859249 1.6924899071454986 4.0760183669626704 2.7872859872877589 0.98040588200092216 9.0265092626214045 1.9115734100341795 3.6693444475531569 3.6104702726006499 2.9669371843338004 28.62024974450469 1.9103324972093112
leaf_count=789 16 253 21 24 87 43 19 62 27 27 23 22 584 34
internal_value=-0.000137077 0.037225 0.0713986 -0.0181349 0.00651757 0.0252311 -0.0228296 0.0768376 0.0586582 0.082435 0.0892779 0.0801431 -0.0240972 -0.000414552
internal_weight=114.646 37.2719 23.773 77.3739 12.3777 8.30168 64.9962 22.0697 3.60406 19.2733 15.6039 11.9934 64.0158 4.69762
internal_count=2031 424 171 1607 215 128 1392 155 51 134 107 84 1373 77
is_linear=0
shrinkage=0.03


Tree=12
num_leaves=15
num_cat=0
split_feature=0 10 18 1 5 1 10 11 9 11 5 5 9 19
split_gain=79.9478 56.4277 16.5698 13.1576 11.0423 10.534 12.467 18.2617 9.07646 7.68756 6.10038 9.0599 5.89057 4.02537
threshold=1.5000000000000002 1.0000000180025095e-35 0.98182534576205316 2.5000000000000004 41.500000000000007 1.5000000000000002 1.0000000180025095e-35 0.28428404538672641 1.0000000180025095e-35 0.54715744895015461 18.500000000000004 5.5000000000000009 4.5000000000000009 -0.61559370248597534
decision_type=2 2 2 2 2 2 2 2 2 2 2 2 2 2
left_child=2 3 5 -2 10 12 7 -7 -4 -10 11 13 -1 -5
right_child=1 -3 8 4 -6 6 -8 -9 9 -11 -12 -13 -14 -15
leaf_value=-0.026256616665244314 -0.00021099923852697583 -0.018445413782263213 -0.0091688687339283575 0.068568530552094734 0.10158575490258435 0.11070312859370383 -0.03155117660494345 0.0030929630565697131 0.10334753062508166 0.011098068339640272 0.034001792767273498 0.099688554014195796 0.039088716154057963 0.0147439328984441
leaf_weight=57.470406882464886 2.7357857376337078 11.185690898448227 2.6374683901667586 2.5857154503464761 6.7820366397500029 1.8716585077345351 5.0320413745939732 5.8725838772952557 1.9670678451657297 1.3857988230884073 6.6849235743284217 4.9784595891833305 1.2689825631678093 2.4216876700520507
leaf_count=1296 34 209 49 20 38 22 108 89 22 23 44 30 24 21
internal_value=0.0019182 0.037958 -0.0154606 0.0620491 0.0693118 -0.0194752 0.00521242 0.0291006 0.0324671 0.0652192 0.056182 0.0710304 -0.0248449 0.0425378
internal_weight=114.88 37.3743 77.506 26.1886 23.4528 71.5157 12.7763 7.74424 5.99034 3.35287 16.6708 9.98586 58.7394 5.0074
internal_count=2029 396 1633 187 153 1539 219 111 94 45 115 71 1320 41
is_linear=0
shrinkage=0.03


Tree=13
num_leaves=15
num_cat=0
split_feature=1 10 18 6 4 6 4 14 6 4 2 14 4 1
split_gain=74.6945 64.9198 11.4775 8.27543 7.75867 7.37218 10.2777 8.66886 5.12172 6.65548 6.46655 4.81331 4.20547 10.5704
threshold=2.5000000000000004 1.0000000180025095e-35 0.8542199457734333 -83.805402570154726 2.3161438887905801 -61.179539197217785 0.67179517527487809 -2.022500000000004 30.116279069767444 0.65629980460199155 1.0000000180025095e-35 0.80200000000000149 1.2194741298138605 7.5000000000000009
decision_type=2 2 2 2 2 2 2 2 2 2 2 2 2 2
left_child=2 3 -1 -2 8 7 -7 -4 10 -10 -5 -9 -3 -14
right_child=1 12 5 4 -6 6 -8 11 9 -11 -12 -13 13 -15
leaf_value=-0.021444805591243985 0.00058087438373516365 -0.031629851600210646 -0.01286794967166676 0.080132612375498735 0.095339147542507469 -0.021047031060997454 0.04684196385017815 0.11336513617037232 0.11093596030095003 0.049615085956798345 0.028087027093506654 0.027665039283028318 0.069381419370959929 -0.032012827334893426
leaf_weight=59.16331584379077 1.7166427187621618 8.4608602076768857 1.5337838232517245 3.1134362891316467 6.9726092070341101 8.3321820646524412 2.6437622085213652 1.4362641423940652 3.0178148448467246 3.3738648742437363 6.9329044073820114 1.0008352212607858 1.4767033196985715 2.4784037172794342
leaf_count=1302 16 175 28 27 35 165 42 22 20 20 49 18 24 43
internal_value=0.00195381 0.0364287 -0.0155107 0.0641594 0.0688215 0.00797795 -0.00469469 0.0430065 0.0575733 0.0785676 0.0442163 0.078171 -0.0196924 0.00584436
internal_weight=111.653 37.5432 74.1101 25.1273 23.4106 14.9468 10.9759 3.97088 16.438 6.39168 10.0463 2.4371 12.416 3.95511
internal_count=1986 409 1577 167 151 275 207 68 116 40 76 40 242 67
is_linear=0
shrinkage=0.03


Tree=14
num_leaves=15
num_cat=0
split_feature=1 10 18 14 18 2 12 9 1 1 14 9 19 6
split_gain=63.4011 52.5053 13.7936 10.5583 8.49705 7.28463 12.2295 7.04231 6.41373 5.77005 3.22147 3.21864 2.63383 2.6172
threshold=1.5000000000000002 1.0000000180025095e-35 -0.78574730703237861 -2.022500000000004 0.98182534576205316 1.5000000000000002 30.500000000000004 2.5000000000000004 13.500000000000002 1.0000000180025095e-35 2.9625000000000008 5.5000000000000009 0.12053668025532312 -1.0000000180025095e-35
decision_type=2 2 2 2 2 2 2 2 2 2 2 2 2 2
left_child=4 2 12 -4 11 6 10 13 -7 -6 -5 -1 -2 -8
right_child=1 -3 3 5 9 8 7 -9 -10 -11 -12 -13 -14 -15
leaf_value=-0.025960438439995032 -0.033270850349767719 -0.023571471491838306 0.0094241836225341623 0.031316874960721428 -0.011152887485168151 0.1053663493579859 0.064732311398135567 0.035773890504534896 0.054715356597134376 0.05472676285712548 -0.012005374796506499 0.02855677733670671 0.013831871042180683 0.10280722974107041
leaf_weight=54.974620718508959 1.8437474109232415 14.766300220042465 4.687132976949214 3.9458257630467513 2.8954271860420695 4.5244849026203138 2.9319638572633293 4.1100871115922928 4.4756718128919601 2.0392118841409683 2.5387383326888084 0.99223998561501403 2.5406800843775272 3.6444409415125802
leaf_count=1289 27 300 46 33 55 26 26 30 28 26 24 18 36 31
internal_value=-0.00111265 0.023918 0.0438156 0.05089 -0.0216665 0.0583164 0.0468576 0.0665795 0.0801782 0.0160715 0.014356 -0.0249939 -0.00597585 0.0858323
internal_weight=110.911 50.0091 35.2428 30.8583 60.9015 26.1712 17.1711 10.6865 9.00016 4.93464 6.48456 55.9669 4.38443 6.5764
internal_count=1995 607 307 244 1388 198 144 87 54 81 57 1307 63 57
is_linear=0
shrinkage=0.03


Tree=15
num_leaves=15
num_cat=0
split_feature=1 10 18 18 9 5 6 4 11 6 15 4 1 9
split_gain=67.264 53.4471 13.3276 8.83606 7.90871 7.38623 7.18364 6.25898 8.85492 8.39301 5.5487 4.69945 9.14213 4.22786
threshold=1.5000000000000002 1.0000000180025095e-35 -0.78574730703237861 0.98182534576205316 5.5000000000000009 8.5000000000000018 -39.26218708827404 2.3161438887905801 0.59448369339233886 -4.5273691825415954 0.8500000000000002 1.2194741298138605 7.5000000000000009 1.5000000000000002
decision_type=2 2 2 2 2 2 2 2 2 2 2 2 2 2
left_child=3 2 -2 4 -1 13 -7 8 9 -8 -5 -3 -13 -4
right_child=1 11 5 10 -6 6 7 -9 -10 -11 -12 12 -14 -15
leaf_value=-0.025719137647498114 -0.0078929971572935815 -0.031525206491507154 -0.0022854688379480115 0.048364352018828265 0.06067113713778137 0.10146138350611289 0.012156529327889952 0.082906075680571109 -0.0039378380610899464 0.068757318946133059 -0.017667372318361876 0.062096692543040337 -0.031902868287576519 0.043924261875222581
leaf_weight=52.999408192932606 3.6454478651285163 10.909365087747572 2.8098157234489944 2.5744097866117945 0.97119055315852065 3.3643185794353512 3.0994307994842591 5.1557250618934622 2.7635054253041735 9.8545208834111637 2.0632334239780903 1.5909156389534467 2.2455449216067791 4.8712397664785385
leaf_count=1273 56 239 33 39 17 19 27 25 23 76 35 26 41 37
internal_value=0.00109293 0.0265387 0.0464494 -0.02075 -0.0241646 0.0526559 0.06078 0.054223 0.0448143 0.0552147 0.0189876 -0.0214819 0.00707717 0.0270202
internal_weight=108.918 50.3098 35.564 58.6082 53.9706 31.9186 24.2375 20.8732 15.7175 12.954 4.63764 14.7458 3.83646 7.68106
internal_count=1966 602 296 1364 1290 240 170 151 126 103 74 306 67 70
is_linear=0
shrinkage=0.03


Tree=16
num_leaves=15
num_cat=0
split_feature=0 4 18 14 19 1 14 11 13 13 5 5 4 12
split_gain=67.2761 9.04953 8.48028 7.37399 8.48708 6.33561 6.0254 5.07985 4.51607 6.80478 4.41621 7.62528 10.306 4.38041
threshold=1.5000000000000002 1.6209443681942652 0.99635443704902704 3.7799999999999998 -0.70581670320594803 1.5000000000000002 0.098000000000000767 0.57922175004386089 -42.707485846296954 39.409212561029285 6.5000000000000009 47.500000000000007 -0.17361002620241139 71.500000000000014
decision_type=2 2 2 2 2 2 2 2 2 2 2 2 2 2
left_child=2 3 5 4 -2 -1 -7 -6 -3 -10 -8 12 13 -12
right_child=1 8 -4 -5 7 6 10 -9 9 -11 11 -13 -14 -15
leaf_value=-0.023611561121746526 0.043806122875395245 0.019037743213766185 0.044679364547395024 -0.012347571075784221 -0.024736498908835974 -0.026499596236100317 -0.019629183717619961 0.041073478495144609 0.064867980999029101 0.010509598151753466 -0.031819680968687536 -0.032139293179728398 0.097583447620657904 0.050247430367238284
leaf_weight=57.556872121989727 10.385396767407656 4.0570993572473553 1.913348153233527 5.3946394957602015 3.3640050664544114 4.9681621342897406 2.309844892472027 1.5383659005165098 11.41602913290262 2.5324096269905558 1.2775475718080989 1.380221791565418 2.0640875250101098 1.0803620927035809
leaf_count=1378 105 30 27 80 49 83 41 16 86 23 26 24 29 17
internal_value=-0.000603446 0.0313455 -0.0176404 0.0178077 0.0284486 -0.0193285 -0.000481565 -0.0040853 0.046896 0.0549989 0.0154529 0.029419 0.048633 0.00578235
internal_weight=111.238 38.6879 72.5504 20.6824 15.2878 70.6371 13.0802 4.90237 18.0055 13.9484 8.11206 5.80222 4.422 2.35791
internal_count=2014 389 1625 250 170 1598 220 65 139 109 137 96 72 43
is_linear=0
shrinkage=0.03


Tree=17
num_leaves=15
num_cat=0
split_feature=0 10 18 4 12 9 18 1 9 12 4 4 9 18
split_gain=52.6839 38.5246 6.93724 5.46295 8.8861 4.52858 4.36398 9.02664 5.75245 3.5342 2.64458 7.68053 6.08089 4.03074
threshold=1.5000000000000002 1.0000000180025095e-35 0.99635443704902704 -1.0824190488705205 37.500000000000007 5.5000000000000009 0.61559370248597556 4.5000000000000009 1.0000000180025095e-35 41.500000000000007 0.086149862174515743 0.26072241581078753 2.5000000000000004 0.98182534576205316
decision_type=2 2 2 2 2 2 2 2 2 2 2 2 2 2
left_child=2 6 3 4 -1 10 7 8 -2 -8 13 -12 -13 -5
right_child=1 -3 -4 5 -6 -7 9 -9 -10 -11 11 12 -14 -15
leaf_value=-0.031327508018200882 -0.034508542280831604 -0.020928219596644669 0.034279479017372938 -0.027615722206198137 0.097854944721395831 0.03204949344872151 0.046850928646372081 0.050423751172765943 0.034332180191116723 0.081211801145724891 0.058414825630249509 -0.024192162675163085 0.050164903360227026 0.0086974839642329146
leaf_weight=1.0076430141925801 2.2473431192338493 11.040307104587553 2.2072092853486529 48.023481786251068 0.91386482119560231 1.4070478975772847 7.1766111552715284 10.26668421924114 2.1258586421608925 4.3131817281246185 1.3068794049322594 11.748197261244057 1.0809126347303379 2.9182222671806803
leaf_count=25 25 217 31 1191 15 26 43 59 17 23 23 243 15 49
internal_value=-0.00285089 0.026058 -0.0180682 -0.0197572 0.0301114 -0.0211985 0.0459106 0.0350493 -0.00104435 0.0597497 -0.0223498 -0.0108694 -0.0179272 -0.0255355
internal_weight=107.783 37.17 70.6135 68.4062 1.92151 66.4847 26.1297 14.6399 4.3732 11.4898 65.0777 14.136 12.8291 50.9417
internal_count=2002 384 1618 1587 40 1547 167 101 42 66 1521 281 258 1240
is_linear=0
shrinkage=0.03


Tree=18
num_leaves=15
num_cat=0
split_feature=1 10 1 12 5 13 13 4 1 5 18 19 14 14
split_gain=57.0574 44.5785 8.51925 9.45007 4.93924 4.44513 5.20405 3.60933 6.64975 3.05414 2.90641 3.65912 3.14939 2.86004
threshold=1.5000000000000002 1.0000000180025095e-35 2.5000000000000004 49.500000000000007 45.500000000000007 -15.625792557051154 42.474579174778398 1.6209443681942652 7.5000000000000009 5.5000000000000009 0.98182534576205316 1.0000000180025095e-35 -2.223999999999998 1.0965000000000009
decision_type=2 2 2 2 2 2 2 2 2 2 2 2 2 2
left_child=10 2 3 -2 5 13 9 -3 -9 -7 -1 12 -12 -4
right_child=1 7 4 -5 -6 6 -8 8 -10 -11 11 -13 -14 -15
leaf_value=-0.024800678954951524 -0.0082700915564066797 -0.031488393494352493 0.048494421742567927 0.056769368536327448 0.070865457230829695 0.037763547956885253 0.020879707749146 0.054425995363309332 -0.031907886235118373 0.075375411069304746 -0.010134166513090152 -0.032114455437241847 0.053982956248058142 0.014808692153502469
leaf_weight=50.769206065684557 6.2046412602066976 11.411415610462425 3.3085355460643786 2.9744501374661922 5.7501820474863043 2.8094266653060931 3.5321079008281222 1.3781826309859746 1.9237280935049055 6.3007011562585831 1.3746184222400186 1.8958476223051546 1.3833233229815953 7.2156136445701122
leaf_count=1296 98 258 19 32 28 20 25 19 35 33 25 33 20 45
internal_value=-0.00145849 0.0208562 0.0379858 0.0128057 0.0459788 0.0398017 0.0517916 -0.0234957 0.00412696 0.0637765 -0.0227207 -2.98345e-05 0.0220256 0.0253987
internal_weight=108.232 52.809 38.0957 9.17909 28.9166 23.1664 12.6422 14.7133 3.30191 9.11013 55.423 4.65379 2.75794 10.5241
internal_count=1986 612 300 130 170 142 78 312 54 53 1374 78 45 64
is_linear=0
shrinkage=0.03


Tree=19
num_leaves=15
num_cat=0
split_feature=0 18 6 4 9 12 4 9 5 14 1 6 3 3
split_gain=54.1186 10.5552 7.69915 8.87187 5.61675 8.1524 5.26323 6.36834 5.40163 10.6057 4.83477 6.08701 5.73807 3.67542
threshold=1.5000000000000002 0.98182534576205316 -86.576576576576556 2.3161438887905801 1.0000000180025095e-35 17.500000000000004 -1.0824190488705205 2.5000000000000004 15.500000000000002 2.8385000000000038 7.5000000000000009 72.618122138723336 2.5000000000000004 1.0000000180025095e-35
decision_type=2 2 2 2 2 2 2 2 2 2 2 2 2 2
left_child=1 6 -2 10 -3 -6 -1 13 -9 -10 -4 12 -12 -8
right_child=2 4 3 -5 5 -7 7 8 9 -11 11 -13 -14 -15
leaf_value=0.02775393671728028 -0.033845616480051362 -0.012240640570698093 0.031633022032877718 0.053929684856466188 -0.012459079075792469 0.075895735286497762 -0.028647667894583943 -0.02201123564155421 0.080185841294491703 -0.031679028526191005 0.034081617602167401 0.04698638296215156 -0.02398372928394776 -0.007069800484902411
leaf_weight=1.9801207408308972 1.7322556748986233 3.0362730398774138 16.164654366672043 10.67006430774927 1.5260775424540045 2.4467645287513733 45.29516713321209 2.9696391448378554 1.8622076101601126 1.2919604443013666 2.1177506335079652 2.3836093060672283 5.5349818542599678 8.4261176288127881
leaf_count=39 23 55 167 68 26 25 1177 61 33 28 25 21 75 176
internal_value=-0.000466337 -0.0164114 0.0279656 0.0308696 0.0184787 0.0419562 -0.0203669 -0.0219591 0.00702654 0.0343655 0.0214786 0.00512378 -0.00791523 -0.0252632
internal_weight=107.438 68.8343 38.6033 36.8711 7.00912 3.97284 61.8252 59.8451 6.12381 3.15417 26.201 10.0363 7.65273 53.7213
internal_count=1999 1620 379 356 106 51 1514 1475 122 61 288 121 100 1353
is_linear=0
shrinkage=0.03


Tree=20
num_leaves=15
num_cat=0
split_feature=1 10 18 18 4 4 6 4 11 11 1 15 15 9
split_gain=40.7853 39.0427 10.7879 9.37497 6.79649 5.87123 6.37979 6.50617 8.59897 5.624 5.15294 3.51674 3.21733 2.59863
threshold=1.5000000000000002 1.0000000180025095e-35 -0.78574730703237861 0.98182534576205316 0.42967062344919854 2.4302359521596544 -13.731084098238648 -0.22289952759811063 0.54847727581342087 0.2791678629944509 4.5000000000000009 0.8500000000000002 1.0500000000000003 5.5000000000000009
decision_type=2 2 2 2 2 2 2 2 2 2 2 2 2 2
left_child=3 2 -2 13 11 6 7 -4 -9 -8 12 -5 -11 -1
right_child=1 -3 5 4 -6 -7 9 8 -10 10 -12 -13 -14 -15
leaf_value=-0.023733365644221942 -0.012323363795678832 -0.023626568233995063 0.058160509498059475 0.026468355289903246 0.07926681552152276 0.05994295777547267 0.071112717003628062 -0.019806670392813284 0.03774155809547295 -0.01246198809609801 0.050311669473734423 -0.032001577119335323 0.037689588484127318 0.023155472099136733
leaf_weight=48.04953508451581 4.2236761748790732 14.938923764973877 2.5250881537795076 2.0211330056190486 1.3033911287784574 8.6299005746841413 4.848160661756995 5.6352513208985293 3.9923676513135433 2.7310789935290796 6.1751798540353775 1.7083072848618028 1.9901856929063795 1.0878548547625531
leaf_count=1291 60 321 21 31 13 41 32 50 31 31 32 31 16 19
internal_value=-0.000167492 0.0178604 0.0330692 -0.0187011 0.0202954 0.038318 0.0316284 0.0152989 0.00405735 0.0442326 0.0322727 -0.00031438 0.00867874 -0.0226953
internal_weight=109.86 55.6898 40.7509 54.1702 5.03283 36.5272 27.8973 12.1527 9.62762 15.7446 10.8964 3.72944 4.72126 49.1374
internal_count=2020 635 314 1385 75 254 213 102 81 111 79 62 47 1310
is_linear=0
shrinkage=0.03


Tree=21
num_leaves=15
num_cat=0
split_feature=1 10 18 18 9 4 14 4 11 15 5 4 9 14
split_gain=47.5139 44.2004 10.5991 7.75535 6.60746 6.578 5.7552 5.33664 6.92793 4.5258 3.83323 3.25058 7.01519 2.82265
threshold=1.5000000000000002 1.0000000180025095e-35 0.98182534576205316 -0.78574730703237861 1.0000000180025095e-35 2.4302359521596544 -2.022500000000004 0.57475304596082821 0.2791678629944509 1.0500000000000003 14.500000000000002 -1.0000000180025095e-35 2.5000000000000004 2.212499999999999
decision_type=2 2 2 2 2 2 2 2 2 2 2 2 2 2
left_child=2 3 11 -2 -4 6 -5 8 -8 10 -9 -1 -13 -10
right_child=1 -3 4 5 -6 -7 7 9 13 -11 -12 12 -14 -15
leaf_value=-0.027361639590761166 -0.0036651355122721829 -0.025280295352846521 -0.017393454191014991 -0.0025467992031259642 0.053619493532119707 0.062316605652971889 0.083002108992339965 -0.015537194363011219 0.0574633501827592 0.047190662123960364 0.026733460569173185 -0.015887224876134406 0.075472747210193203 0.015281792769359826
leaf_weight=39.124509710818529 4.0146113187074652 14.238267138600348 2.0711005777120581 3.5691921561956397 2.7384526692330837 9.1551845222711545 4.4370823875069672 2.863425996154545 2.4892346188426018 5.7527361884713164 5.9277599491178989 7.8025079891085607 0.83763948082923878 3.3481870628893375
leaf_count=1077 59 314 39 33 33 42 30 24 18 35 43 206 15 26
internal_value=0.0010545 0.020337 -0.0194095 0.0359663 0.0230397 0.0402042 0.0330728 0.0381954 0.0547465 0.0265028 0.0129653 -0.0236839 -0.00703012 0.0332692
internal_weight=108.37 55.7957 52.5742 41.5574 4.80955 37.5428 28.3876 24.8184 10.2745 14.5439 8.79119 47.7647 8.64015 5.83742
internal_count=1994 624 1370 310 72 251 209 176 74 102 67 1298 221 44
is_linear=0
shrinkage=0.03


Tree=22
num_leaves=15
num_cat=0
split_feature=1 10 18 1 9 1 14 1 9 7 0 5 15 18
split_gain=44.5656 33.6417 9.39207 8.63934 8.60662 6.59706 4.10172 3.56984 3.02758 3.00872 2.99009 2.69 2.46122 2.49441
threshold=1.5000000000000002 1.0000000180025095e-35 0.98182534576205316 3.5000000000000004 1.0000000180025095e-35 1.0000000180025095e-35 4.119500000000003 9.5000000000000018 5.5000000000000009 14.500000000000002 3.5000000000000004 16.500000000000004 1.0500000000000003 -0.91023613416931226
decision_type=2 2 2 2 2 2 2 2 2 2 2 2 2 2
left_child=2 3 8 4 12 -4 7 10 -1 11 -5 -6 13 -2
right_child=1 -3 5 6 9 -7 -8 -9 -10 -11 -12 -13 -14 -15
leaf_value=-0.027182065387882117 0.015301578555841319 -0.023020835498756047 -0.01324931459965536 0.032691245759130162 0.026704078993266728 0.052658734258386609 0.067180355468668629 0.017211885884073352 0.023910088759494824 0.00438296851229961 0.060407536011822409 0.066325702144328091 0.015488956979758769 -0.033072173974776714
leaf_weight=45.205957405269146 1.2686143554747111 14.04148096218705 3.1629935316741458 8.4631206244230324 3.3280343599617463 2.4069656394422054 4.6111329123377791 6.3757640793919554 1.0685016848146904 2.2225592955946922 5.9773225188255301 2.8738828040659428 2.3911023586988449 3.9358027838170546
leaf_count=1274 23 316 58 47 31 27 24 34 17 20 27 21 27 55
internal_value=-0.00157342 0.017112 -0.0215723 0.0307081 0.0134524 0.0152318 0.0415797 0.0359088 -0.0260023 0.0343316 0.0441638 0.0450642 -0.00970547 -0.0212807
internal_weight=107.333 55.4888 51.8444 41.4473 16.02 5.56996 25.4273 20.8162 46.2745 8.42448 14.4404 6.20192 7.59552 5.20442
internal_count=2001 625 1376 309 177 85 132 108 1291 72 74 52 105 78
is_linear=0
shrinkage=0.03


Tree=23
num_leaves=15
num_cat=0
split_feature=1 10 18 3 18 7 5 14 13 13 6 6 1 9
split_gain=36.3336 28.4317 9.72196 10.808 8.8148 6.82429 6.33857 4.98184 4.22072 6.32122 7.2878 4.48486 3.44384 3.02409
threshold=1.5000000000000002 1.0000000180025095e-35 0.98182534576205316 1.0000000180025095e-35 -0.78574730703237861 27.500000000000004 30.500000000000004 3.5024999999999999 56.573814390093681 22.928313525600359 -71.586353825021703 -45.174168297455957 1.0000000180025095e-35 5.5000000000000009
decision_type=2 2 2 2 2 2 2 2 2 2 2 2 2 2
left_child=2 4 13 12 -2 6 8 -8 9 10 -6 -12 -4 -1
right_child=1 -3 3 -5 5 -7 7 -9 -10 -11 11 -13 -14 -15
leaf_value=-0.025905298741930267 -0.012641552459146473 -0.02275801223701571 -0.031786309503820998 0.089486166021271907 -0.01643696792590317 -0.0017806313416567307 0.071465893826240912 0.028572998693333091 -0.0055326118495435074 0.065458746392696457 0.061658968912416484 0.020403503512284499 0.027272246593729052 0.026048191662538731
leaf_weight=45.896341059356928 4.4087402597069731 13.633109301328657 2.2177092395722857 1.4100075811147688 3.1874355897307423 4.6024250648915759 6.8336901478469354 3.7878583408892155 2.9578746668994418 4.1702494323253623 3.7435531355440643 6.4706773683428791 1.4827693514525893 1.0309915132820595
leaf_count=1325 66 311 44 10 29 30 40 22 26 28 23 43 18 17
internal_value=-0.00261255 0.0146757 -0.0204847 0.0188087 0.0273825 0.0323178 0.0373556 0.0561694 0.0276219 0.0332027 0.0231655 0.0355238 -0.00812174 -0.0247639
internal_weight=105.833 53.7956 52.0378 5.11049 40.1625 35.7538 31.1513 10.6215 20.5298 17.5719 13.4017 10.2142 3.70048 46.9273
internal_count=2032 618 1414 72 307 241 211 62 149 123 95 66 62 1342
is_linear=0
shrinkage=0.03


Tree=24
num_leaves=15
num_cat=0
split_feature=1 18 6 4 19 11 4 1 7 6 7 14 1 7
split_gain=40.4536 8.77526 7.69371 10.059 4.96093 11.6091 6.44584 4.84173 4.83209 4.41199 6.7294 4.54217 4.47174 3.97337
threshold=2.5000000000000004 0.98182534576205316 -86.576576576576556 1.8204928717607067 -0.98182534576205283 0.24020481232291888 0.086149862174515743 1.0000000180025095e-35 10.500000000000002 -60.330470133106019 18.500000000000004 -2.022500000000004 7.5000000000000009 17.500000000000004
decision_type=2 2 2 2 2 2 2 2 2 2 2 2 2 2
left_child=1 4 -2 9 5 -1 -6 -3 -9 -4 11 -11 -13 -8
right_child=2 7 3 -5 6 -7 13 8 -10 10 -12 12 -14 -15
leaf_value=0.089916924591077904 -0.034604917189456554 -0.01259849351084092 -0.008875352738517894 0.044303248421670618 -0.027400552567002651 -0.031413049665745749 0.0057466860688470166 0.064907830119861176 -0.00081681093390885266 -0.034962546457416394 -0.0079788633736254597 0.052412941127045455 0.01523999318776605 -0.032152401131968884
leaf_weight=1.2122212089598172 1.9951531514525402 3.0492208898067465 5.9546056948602191 15.861731987446545 39.397846214473248 1.7122961543500421 10.285732608288525 2.3917154669761658 1.7385678850114343 0.83952293172478754 5.1799010746181002 7.1206566020846402 4.9282388761639595 3.2847643047571173
leaf_count=21 24 56 97 100 1135 45 218 22 20 11 63 69 52 70
internal_value=2.91888e-05 -0.0151479 0.0228863 0.0257622 -0.0191584 0.0188786 -0.0212585 0.0160743 0.0372422 0.01352 0.0209006 0.0325074 0.0372085 -0.00342686
internal_weight=104.952 63.0724 41.8798 39.8847 55.8929 2.92452 52.9683 7.1795 4.13028 24.0229 18.0683 12.8884 12.0489 13.5705
internal_count=2003 1587 416 392 1489 66 1423 98 42 292 195 132 121 288
is_linear=0
shrinkage=0.03


Tree=25
num_leaves=15
num_cat=0
split_feature=1 10 18 18 7 5 13 5 4 18 1 14 16 19
split_gain=39.3694 28.836 9.74713 8.28024 5.70416 5.63344 6.71226 4.62845 4.20171 7.55926 3.64754 3.38329 3.66811 3.08919
threshold=1.5000000000000002 1.0000000180025095e-35 0.98182534576205316 -0.66312265824079508 18.500000000000004 4.5000000000000009 16.310906965843873 41.500000000000007 1.2194741298138605 0.46472317204376884 1.0000000180025095e-35 -1.7525000000000028 1.0000000180025095e-35 0.12053668025532312
decision_type=2 2 2 2 2 2 2 2 2 2 2 2 2 2
left_child=2 3 -1 13 5 6 -5 -6 -3 -10 -4 -7 -13 -2
right_child=1 8 10 4 7 11 -8 -9 9 -11 -12 12 -14 -15
leaf_value=-0.023625046976180036 -0.033983458932287387 -0.031299853732650249 -0.0086732549993652746 -0.0064603642889122749 -0.012841329117001076 0.017830045993547136 0.050851986534950371 0.033370189481942557 0.068897544256069004 -0.021356187031572021 0.039366045579610896 0.043951512075819779 0.07182495240208242 0.013621365098134068
leaf_weight=44.064864289015532 2.0040795132517806 9.2933961972594243 2.5725260861217967 4.0068897865712669 3.4352622032165518 2.5110877752304104 3.3994873724877834 4.5135927572846413 1.1886737085878842 2.8086665719747543 3.1819790489971638 10.685508545488121 7.0544040650129309 3.1633161194622517
leaf_count=1313 28 238 49 35 23 19 25 28 21 51 30 59 35 44
internal_value=0.000409312 0.0181377 -0.0188297 0.0306466 0.0357968 0.0422341 0.0198457 0.0133989 -0.0202372 0.00548222 0.0178903 0.0504222 0.0550356 -0.00484129
internal_weight=103.884 54.0644 49.8194 40.7736 35.6062 27.6574 7.40638 7.94885 13.2907 3.99734 5.75451 20.251 17.7399 5.1674
internal_count=1998 606 1392 296 224 173 60 51 310 72 79 113 94 72
is_linear=0
shrinkage=0.03


Tree=26
num_leaves=15
num_cat=0
split_feature=1 10 18 3 8 8 12 6 2 4 3 12 13 4
split_gain=34.1129 30.0923 13.2978 7.91196 6.7844 9.86076 6.40145 5.66178 3.05135 9.80735 2.68635 4.58217 9.34277 2.53072
threshold=2.5000000000000004 1.0000000180025095e-35 0.98182534576205316 1.0000000180025095e-35 5.5000000000000009 14.500000000000002 71.500000000000014 -85.637296614321443 1.0000000180025095e-35 1.2194741298138605 1.0000000180025095e-35 21.500000000000004 -1.0000000180025095e-35 2.3161438887905801
decision_type=2 2 2 2 2 2 2 2 2 2 2 2 2 2
left_child=2 7 4 6 10 -6 -4 -2 9 -3 -1 12 -12 -9
right_child=1 8 3 -5 5 -7 -8 13 -10 -11 11 -13 -14 -15
leaf_value=-0.024883061770363365 -0.017233811855677919 -0.031373739308139657 -0.016560006020656343 0.078545436931455423 0.090490616817072725 -0.031269190337166325 0.053332281175779567 0.033846927311365523 -0.031521006175942362 0.07657836719990907 -0.031701726567501184 -0.02139413463155896 0.083214905738935432 0.053038764080109088
leaf_weight=42.357649248093367 1.6409470960497881 2.4348846077918993 3.6807300746440879 1.7927169799804685 1.2013177871704095 1.1931550372391937 1.7355058081448076 19.005922187119726 7.6172061134129763 1.0993984490633009 1.2406467515975239 5.4934743959456682 1.3080377615988235 9.1660176664590818
leaf_count=1232 13 60 57 13 16 33 26 108 178 16 31 116 31 39
internal_value=0.000105767 0.0212102 -0.0143023 0.0239168 -0.019521 0.0298183 0.00583534 0.0369359 -0.0208316 0.00220659 -0.0218651 -0.00596986 0.0272759 0.0400912
internal_weight=100.968 40.9644 60.0032 7.20895 52.7943 2.39447 5.41624 29.8129 11.1515 3.53428 50.3998 8.04216 2.54868 28.1719
internal_count=1969 414 1555 96 1459 49 83 160 254 76 1410 178 62 147
is_linear=0
shrinkage=0.03


Tree=27
num_leaves=15
num_cat=0
split_feature=1 10 18 2 3 9 4 7 7 4 15 14 5 6
split_gain=34.0245 22.3613 13.7669 7.384 6.46334 4.83954 5.59105 6.23372 15.8567 4.73449 4.36549 4.30899 3.56238 3.25798
threshold=3.5000000000000004 1.0000000180025095e-35 0.98182534576205316 1.5000000000000002 1.0000000180025095e-35 5.5000000000000009 0.49919077320989064 4.5000000000000009 15.500000000000002 -1.0824190488705205 1.0500000000000003 -0.64449999999999885 8.5000000000000018 25.180453860933689
decision_type=2 2 2 2 2 2 2 2 2 2 2 2 2 2
left_child=2 12 3 5 10 6 9 11 -9 -1 13 -8 -2 -4
right_child=1 -3 4 -5 -6 -7 7 8 -10 -11 -12 -13 -14 -15
leaf_value=0.028492831984073853 0.020374030986964223 -0.017158487333392185 -0.024053590384754357 0.055120383549773576 0.0630490569103314 0.028636173212836801 0.012929856935720499 0.084415699692309831 -0.022399809993446623 -0.026850034871254279 0.04731734810648211 -0.033668329707553797 0.04601375903000661 0.030232064952857858
leaf_weight=1.4401152674108662 6.5479813441634205 8.307328272610901 3.3289800398051721 1.2695229612290848 2.6085984259843826 1.9336072206497181 2.6184283792972556 2.1871010027825823 2.9217345975339413 40.966153867542751 1.7749414406716821 5.6178613658994427 19.111829839646816 1.4191709496080873
leaf_count=30 40 190 50 15 18 30 47 32 61 1219 20 102 87 20
internal_value=0.00109638 0.0256211 -0.0111386 -0.0164478 0.0231376 -0.0180228 -0.0196411 -0.00270576 0.0233281 -0.0249706 0.00717697 -0.0188541 0.0394709 -0.0078282
internal_weight=102.053 33.9671 68.0862 58.9545 9.13169 57.685 55.7514 13.3451 5.10884 42.4063 6.52309 8.23629 25.6598 4.74815
internal_count=1961 317 1644 1536 108 1521 1491 242 93 1249 90 149 127 70
is_linear=0
shrinkage=0.03


Tree=28
num_leaves=15
num_cat=0
split_feature=0 4 5 3 7 13 13 0 13 5 7 6 6 9
split_gain=30.2521 9.96578 10.2926 7.79035 6.09666 4.99199 9.53956 7.07931 6.7074 5.24741 6.39522 4.8327 4.65674 4.48563
threshold=1.0000000180025095e-35 1.8204928717607067 9.5000000000000018 1.0000000180025095e-35 18.500000000000004 -0.61933147734716132 -23.958883988410026 1.5000000000000002 -12.305611045972713 20.500000000000004 3.5000000000000004 -80.906812485759829 -60.330470133106019 5.5000000000000009
decision_type=2 2 2 2 2 2 2 2 2 2 2 2 2 2
left_child=3 2 -2 13 5 6 9 8 -8 -4 -11 -3 -5 -1
right_child=1 11 4 12 -6 -7 7 -9 -10 10 -12 -13 -14 -15
leaf_value=-0.026688350081434321 -0.018252227411560771 -0.0044319953921490426 -0.022500332979767588 0.054263735060985516 -0.004428837857370237 0.0045568464398992349 0.14629899477339059 0.029955761200333341 0.055394769422913666 -0.0038876370290780418 0.060687992145939972 0.037484288671381948 -0.0045016184242642971 0.047188065582565643
leaf_weight=33.368207298219204 11.756066825240849 2.8981496989727047 2.524876613169905 1.6867398805916307 10.316136000677941 7.9050891976803568 1.3296264205127957 2.8320839554071426 1.6212512180209167 2.6539929062128067 2.8759552631527185 16.975848656147718 4.3266869448125354 0.75646768510341544
leaf_count=1033 225 30 48 31 159 114 21 24 20 37 30 116 96 13
internal_value=0.000895957 0.0137515 0.00575912 -0.0195025 0.0145641 0.0235755 0.0344402 0.0638374 0.096355 0.0133346 0.0296962 0.0313718 0.0119818 -0.0250507
internal_weight=103.827 63.6891 43.8151 40.1381 32.059 21.7429 13.8378 5.78296 2.95088 8.05482 5.52995 19.874 6.01343 34.1247
internal_count=1997 824 678 1173 453 294 180 65 41 115 67 146 127 1046
is_linear=0
shrinkage=0.03


Tree=29
num_leaves=15
num_cat=0
split_feature=1 10 3 18 14 18 6 6 7 4 13 13 19 6
split_gain=30.434 30.4806 8.37488 7.57176 5.77852 5.37462 5.37673 4.95823 3.37019 3.25235 3.45473 6.21056 4.48373 2.85114
threshold=1.5000000000000002 1.0000000180025095e-35 1.0000000180025095e-35 0.98182534576205316 -3.2605 -0.78574730703237861 -84.119784597872226 -83.333043976457915 25.500000000000004 -1.0000000180025095e-35 14.068973313314421 -23.525387774289474 0.12053668025532312 95.039967206394763
decision_type=2 2 2 2 2 2 2 2 2 2 2 2 2 2
left_child=2 4 9 13 -2 -6 -7 -8 -9 -1 11 -11 -13 -4
right_child=1 -3 3 -5 5 6 7 8 -10 10 -12 12 -14 -15
leaf_value=-0.028216819232534503 -0.010279195547660614 -0.02482622780482319 -0.013677848257284528 0.066604423615938713 -0.0064777325245813644 -0.017602258951480123 0.12600107373180403 0.039145877060232148 0.014501227187540242 -0.019181628734932656 -0.03139878027843955 0.10197244205702116 0.0051145198742248901 0.049232412374737126
leaf_weight=31.61986068636179 3.4682580120861521 13.535603135824202 5.0964832156896582 1.6796094104647634 3.3070246949791899 1.7628287412226189 0.54365353286266227 27.512314096093178 6.1015984229743472 2.414414644241333 2.7747494801878929 0.89414208568632492 0.82889662496745586 0.74286774173378933
leaf_count=1030 34 332 132 11 50 17 3 160 40 64 80 20 25 18
internal_value=-0.000407329 0.0144019 -0.0184903 0.0104713 0.0268381 0.0301198 0.0334892 0.036126 0.0346724 -0.0241417 -0.00550026 0.0118684 0.0553773 -0.00567456
internal_weight=102.282 56.2313 46.051 7.51896 42.6957 39.2274 35.9204 34.1576 33.6139 38.5321 6.9122 4.13745 1.72304 5.83935
internal_count=2016 636 1380 161 304 270 220 203 200 1219 189 109 45 150
is_linear=0
shrinkage=0.03


Tree=30
num_leaves=15
num_cat=0
split_feature=1 10 18 4 11 11 19 14 18 15 1 5 15 5
split_gain=29.2228 28.7675 7.07767 5.78159 6.87802 4.63188 5.17588 4.51607 4.1156 4.82792 6.89025 3.19145 6.25708 2.97605
threshold=2.5000000000000004 1.0000000180025095e-35 0.78574730703237894 0.67179517527487809 0.53914104646511074 0.23315522068863967 -0.98182534576205283 0.25399999999999961 -0.95297903005573326 0.95000000000000007 1.0000000180025095e-35 2.5000000000000004 0.75000000000000011 41.500000000000007
decision_type=2 2 2 2 2 2 2 2 2 2 2 2 2 2
left_child=2 13 5 11 -5 6 -1 -8 9 10 -7 12 -4 -2
right_child=1 -3 3 4 -6 8 7 -9 -10 -11 -12 -13 -14 -15
leaf_value=0.056806135812118158 0.026907291874802914 -0.025586922738170214 -0.032045409011935262 -0.0064403802750839902 0.068348949361092384 -0.015466557691083715 0.03504827159266375 -0.0317640648222485 -0.029206089876911836 -0.031147442346416709 0.070623386090180942 -0.017606822193858875 0.057561692510895476 0.04755898240827057
leaf_weight=1.3158825226128099 24.208342783153057 10.134264720603822 1.2306442279368632 2.1521956603974095 2.2781515568494797 1.9416598007082897 1.314482845366 2.9628150817006826 29.859016276896003 2.8735388424247503 1.4702843260020015 8.5034615956246835 1.630637791007757 8.480074040591715
leaf_count=23 131 246 29 32 24 68 28 79 919 88 38 213 29 37
internal_value=-0.000190505 0.0185738 -0.0141571 0.00294744 0.0320174 -0.0206301 0.00477537 -0.0112316 -0.0245615 -0.00249746 0.0216316 -0.00838498 0.0190215 0.0322648
internal_weight=100.355 42.8227 57.5328 15.7951 4.43035 41.7377 5.59318 4.2773 36.1445 6.28548 3.41194 11.3647 2.86128 32.6884
internal_count=1984 414 1570 327 56 1243 130 107 1113 194 106 271 58 168
is_linear=0
shrinkage=0.03


Tree=31
num_leaves=15
num_cat=0
split_feature=1 10 9 10 11 13 18 3 13 5 13 1 11 2
split_gain=33.7225 14.7937 6.62874 9.93793 14.0142 8.82739 6.13341 5.21745 5.26086 7.10452 6.77588 5.01526 5.13952 4.14761
threshold=3.5000000000000004 1.0000000180025095e-35 1.0000000180025095e-35 1.0000000180025095e-35 0.24020481232291888 -33.887968622088451 0.61559370248597556 1.0000000180025095e-35 -23.958883988410026 13.500000000000002 57.753590159087587 1.0000000180025095e-35 0.55013540859356247 1.0000000180025095e-35
decision_type=2 2 2 2 2 2 2 2 2 2 2 2 2 2
left_child=2 -2 7 4 5 -4 -6 -1 -9 -10 -11 -8 -13 -3
right_child=1 13 3 -5 6 -7 11 8 9 10 -12 12 -14 -15
leaf_value=-0.024991461667069847 0.034046878791140232 0.022268678413014633 0.11739956907242274 -0.031467758806595247 -0.023798930485625799 0.023137454050298607 -0.019719707560249697 -0.033344564155741496 -0.0314932030310279 0.089318420313439034 -0.0066624519299337045 0.055981176533029274 -0.001834412956692958 -0.026110774700172121
leaf_weight=32.954195860773325 27.938029617071152 2.2199847158044568 1.5671930462121966 6.7965241596102706 6.5098860394209614 2.0819329582154813 2.5473608784377557 2.144823394715786 1.3672997262328852 1.7027141060680153 1.0830208770930765 3.202457208186388 2.4367429576814175 5.6635896563529968
leaf_count=1022 134 49 21 193 161 31 65 45 34 29 16 39 27 142
internal_value=0.000473047 0.0238057 -0.0125066 -0.000479959 0.0110002 0.0636203 -0.00206541 -0.02021 0.00480946 0.024514 0.0520036 0.0152169 0.0309986 -0.0124873
internal_weight=100.216 35.8216 64.3942 25.1421 18.3456 3.64913 14.6964 39.2521 6.29786 4.15303 2.78573 8.18656 5.6392 7.88357
internal_count=2008 325 1683 537 344 52 292 1146 124 79 45 131 66 191
is_linear=0
shrinkage=0.03


Tree=32
num_leaves=15
num_cat=0
split_feature=4 3 6 9 4 14 13 5 11 6 14 14 5 11
split_gain=28.9806 9.23283 8.29633 6.90853 12.9691 6.48687 5.7741 4.18173 3.55404 3.33561 4.30815 8.59929 3.92458 3.79157
threshold=0.93711985162432421 1.0000000180025095e-35 -84.119784597872226 2.5000000000000004 -0.16674665116584189 3.4499999999999962 56.573814390093681 1.0000000180025095e-35 0.22788520157574632 -73.770347944363991 0.87100000000000055 3.7329999999999992 26.500000000000004 0.51292603594313324
decision_type=2 2 2 2 2 2 2 2 2 2 2 2 2 2
left_child=1 3 -2 -1 -5 7 8 -3 -4 -10 -11 12 -12 -13
right_child=2 5 6 4 -6 -7 -8 -9 9 10 11 13 -14 -15
leaf_value=-0.023641220597805723 -0.033657368053407841 -0.015832289361959739 0.077452067243058462 -0.031217394190889036 0.076543155761409673 -0.019326121901317297 -0.010412482933857777 0.022213782077875832 0.064890035238142685 0.04260999250940483 -0.038907229022591104 0.064665652167924706 0.010197946690663946 0.014474941736409824
leaf_weight=39.055587088689208 2.0638143327087191 3.2691314909607199 1.5581359434872926 2.2240489460527897 1.8340612947940815 7.5452952291816464 3.0136555526405564 12.703483901917933 2.2940381579101183 8.7355815973132795 2.484699282795189 2.9925385266542435 3.5686239190399647 2.4749115630984306
leaf_count=1243 29 59 12 64 18 144 37 174 23 70 25 25 28 22
internal_value=-0.000602939 -0.0115223 0.0243261 -0.0197702 0.0174849 0.00359782 0.0287382 0.0144269 0.0336322 0.0306044 0.0267216 0.0146742 -0.00995819 0.0419462
internal_weight=95.8176 66.6316 29.186 43.1137 4.05811 23.5179 27.1222 15.9726 24.1085 22.5504 20.2564 11.5208 6.05332 5.46745
internal_count=1973 1702 271 1325 82 377 242 233 205 193 170 100 53 47
is_linear=0
shrinkage=0.03


Tree=33
num_leaves=15
num_cat=0
split_feature=1 10 9 10 14 12 11 12 12 1 5 13 7 13
split_gain=27.6629 23.183 10.127 11.0633 5.97599 4.99893 4.63102 10.17 6.52995 4.29741 3.77807 4.04337 3.78538 3.28692
threshold=3.5000000000000004 1.0000000180025095e-35 1.0000000180025095e-35 1.0000000180025095e-35 0.60650000000000415 71.500000000000014 0.45189742975495067 13.500000000000002 54.500000000000007 2.5000000000000004 8.5000000000000018 16.310906965843873 18.500000000000004 -33.887968622088451
decision_type=2 2 2 2 2 2 2 2 2 2 2 2 2 2
left_child=2 10 -1 4 6 9 8 -8 -4 -6 11 -2 -12 -7
right_child=1 -3 3 -5 5 13 7 -9 -10 -11 12 -13 -14 -15
leaf_value=-0.019980320432423267 -0.006640057431042937 -0.023712503781867154 -0.023566479303534827 -0.031436638957403437 -0.026845788602197818 0.060182824480445464 0.015155587448854473 0.10145273819932379 0.044696216062725454 0.036979118973979236 0.048975172791725197 0.037972765219284985 0.02129047163604705 -0.00011398941364306358
leaf_weight=38.358895413577557 3.5878791436553028 7.7341336477547875 2.4980766251683288 6.0253908708691588 5.6518149320036155 1.5773130767047407 2.9137994814664125 2.1256864126771688 2.5472170952707529 1.1411427184939382 15.473126262426378 3.7283306419849396 6.2366188615560523 1.6806006971746681
leaf_count=1151 22 194 58 178 143 24 50 22 32 6 67 20 29 26
internal_value=0.00166961 0.0224411 -0.0101649 0.00422711 0.0148991 -0.00147185 0.0312151 0.0515563 0.0108973 -0.0161239 0.0347389 0.0160946 0.0410221 0.0290786
internal_weight=101.28 36.7601 64.5199 26.161 20.1357 10.0509 10.0848 5.03949 5.04529 6.79296 29.026 7.31621 21.7097 3.25791
internal_count=2022 332 1690 539 361 199 162 72 90 149 138 42 96 50
is_linear=0
shrinkage=0.03


Tree=34
num_leaves=15
num_cat=0
split_feature=1 10 18 9 3 0 14 5 7 7 13 1 5 14
split_gain=25.6985 21.9357 10.4604 5.3851 5.16263 4.47608 4.14041 3.92098 5.39742 7.76254 8.67441 3.14789 2.97059 2.9087
threshold=2.5000000000000004 1.0000000180025095e-35 0.98182534576205316 5.5000000000000009 1.0000000180025095e-35 1.0000000180025095e-35 -2.9575000000000009 13.500000000000002 17.500000000000004 4.5000000000000009 -12.305611045972713 1.0000000180025095e-35 41.500000000000007 -1.5404999999999995
decision_type=2 2 2 2 2 2 2 2 2 2 2 2 2 2
left_child=2 6 3 5 11 -1 -2 -7 9 -9 -11 -4 13 -8
right_child=1 -3 4 -5 -6 7 12 8 -10 10 -12 -13 -14 -15
leaf_value=-0.02602678253314419 -0.010915357933265396 -0.019581933080331675 -0.019297171719246047 0.034305951246337965 0.062766338624153289 -0.026535651882509715 0.059188386737669699 -0.0041879611898046403 -0.024262774821170258 0.10984550198640719 -0.0033018013521557963 0.02691241465982764 0.049809962148622079 0.024584081165679325
leaf_weight=29.673477068543434 1.9833758771419514 10.082082612439988 2.4173945076763621 1.7647984065115441 1.9789228513836858 5.6813505534082678 2.4513307660818127 4.2647997159510833 3.7961492147296667 1.4529793094843628 1.0508439168334005 2.9408404342830181 7.7828510254621497 20.209170289337639
leaf_count=1063 13 253 53 27 11 144 13 90 94 24 24 33 33 107
internal_value=0.00154675 0.0190667 -0.0119889 -0.0171199 0.0213579 -0.0190963 0.0310833 -0.00643789 0.00436996 0.0204285 0.0623581 0.00606473 0.0338195 0.0283274
internal_weight=97.5304 42.5088 55.0216 47.6844 7.33716 45.9196 32.4267 16.2461 10.5648 6.76862 2.50382 5.35823 30.4434 22.6605
internal_count=1982 419 1563 1466 97 1439 166 376 232 138 48 86 153 120
is_linear=0
shrinkage=0.03


Tree=35
num_leaves=15
num_cat=0
split_feature=1 10 4 15 7 3 11 19 4 13 1 13 6 4
split_gain=22.3616 22.3184 5.36123 4.634 4.44467 3.82337 7.36059 3.31457 4.86944 4.71296 8.26814 7.68594 5.23251 3.3384
threshold=1.5000000000000002 1.0000000180025095e-35 0.14917215527520222 1.1500000000000001 31.500000000000004 1.0000000180025095e-35 0.61828812284292722 -0.95297903005573326 2.4302359521596544 56.573814390093681 9.5000000000000018 22.928313525600359 -70.074626865671632 0.086149862174515743
decision_type=2 2 2 2 2 2 2 2 2 2 2 2 2 2
left_child=2 4 5 -4 7 -1 -7 -2 9 10 11 12 -9 -14
right_child=1 -3 3 -5 -6 6 -8 8 -10 -11 -12 -13 13 -15
leaf_value=-0.027807370355798302 0.039012538029929149 -0.026177625023937681 -0.0046139584676249869 0.067344509894899166 -0.011455074558415098 -0.015207495495075839 0.087874419727137332 -0.023520802451467104 0.039186567438624295 -0.019602892044469841 -0.025136266712790008 0.062616321690797921 -0.0053600267984469738 0.034965733654220475
leaf_weight=28.484369922429323 9.3910624310374242 11.620483696460722 7.3939160071313363 0.90390769392251957 3.5858305171132079 3.7356959320604792 0.74831649288535107 2.5527115948498311 7.8043819814920417 3.6295749060809603 3.3749825581908217 3.9933200851082793 2.4765274561941677 7.2758302427828312
leaf_count=1043 50 317 180 23 24 106 17 27 37 37 18 29 25 57
internal_value=-0.00159115 0.0108083 -0.018329 0.0032247 0.0205577 -0.0237539 0.00199538 0.0233922 0.0186766 0.0118076 0.0176025 0.0264527 0.0147166 0.0247254
internal_weight=96.9709 55.7047 41.2662 8.29782 44.0842 32.9684 4.48401 40.4984 31.1073 23.3029 19.6734 16.2984 12.3051 9.75236
internal_count=1990 621 1369 203 304 1166 123 280 230 193 156 138 109 82
is_linear=0
shrinkage=0.03


Tree=36
num_leaves=15
num_cat=0
split_feature=3 10 0 9 14 4 6 6 19 14 8 15 6 4
split_gain=21.9052 23.8969 11.1952 7.40005 12.1247 3.81296 3.52825 7.28666 4.13189 5.14906 3.15467 3.22981 2.79413 2.60087
threshold=1.0000000180025095e-35 1.0000000180025095e-35 2.5000000000000004 2.5000000000000004 1.8240000000000018 -1.0493853942954918 43.492985002418969 -1.0000000180025095e-35 -0.1799261722714405 0.21000000000000088 12.500000000000002 1.2500000000000002 118.51470973726133 2.4302359521596544
decision_type=2 2 2 2 2 2 2 2 2 2 2 2 2 2
left_child=2 6 3 5 -5 -1 7 8 13 -10 11 -7 -3 -2
right_child=1 12 -4 4 -6 10 -8 -9 9 -11 -12 -13 -14 -15
leaf_value=0.04729685532720547 0.013478219064107002 -0.028358100895831545 0.048129037564134371 0.060550492268155946 -0.033683187905620901 -0.025158084446333034 0.042768110312141894 -0.0085863648861483916 0.076618467749259497 0.022041212987930704 0.032843500673196274 0.016060748917787086 0.021269454375963188 0.043710424431402752
leaf_weight=0.72631332837045093 10.463138474151494 9.8792074192315322 2.5264494419097892 2.7166789025068274 2.2438306491822004 38.199002409353852 9.7077563256025297 5.640532452613118 3.2253999300301066 3.0054675247520208 0.92109031975269218 1.7911360301077355 1.1387321576476086 3.3911129236221305
leaf_count=19 74 278 16 34 49 1232 54 52 27 25 25 48 30 16
internal_value=0.000589124 0.0153588 -0.0133768 -0.0167116 0.0179249 -0.020838 0.0273576 0.0215423 0.0300033 0.0502931 -0.0220476 -0.0233119 -0.023229 0.0208782
internal_weight=95.5758 46.4513 49.1245 46.5981 4.96051 41.6375 35.4334 25.7257 20.0851 6.23087 40.9112 39.9901 11.0179 13.8543
internal_count=1979 556 1423 1407 83 1324 248 194 142 52 1305 1280 308 90
is_linear=0
shrinkage=0.03


Tree=37
num_leaves=15
num_cat=0
split_feature=1 14 18 5 14 7 19 6 14 5 5 19 0 5
split_gain=22.7874 5.07648 4.6391 4.15422 6.85528 5.8701 5.54786 5.8474 4.39133 4.33883 6.30438 4.00542 3.75399 3.53712
threshold=1.5000000000000002 -3.1549999999999989 0.98182534576205316 8.5000000000000018 -1.8980000000000012 23.500000000000004 -0.95297903005573326 50.419020423365829 3.4274999999999971 23.500000000000004 14.500000000000002 -1.0000000180025095e-35 2.5000000000000004 37.500000000000007
decision_type=2 2 2 2 2 2 2 2 2 2 2 2 2 2
left_child=2 -2 -1 4 -3 6 8 9 -5 10 -8 -4 -7 -9
right_child=1 3 11 5 -6 12 7 13 -10 -11 -12 -13 -14 -15
leaf_value=-0.022398449497161323 -0.021581007943707341 0.059834708236709715 0.023240473912090713 0.067618195852120921 -0.0068296938531425891 -0.026741958032946957 0.039444642874973616 -0.036866227475590867 0.021047805635944904 0.045629468301586061 -0.0092935637813682161 -0.032442175003613682 0.01528831822375524 0.012712648123776286
leaf_weight=35.118069794028997 3.9323496259748927 1.5537489540874965 3.9763653874397278 4.2682334315031758 13.036604939028617 3.541611621156334 4.541856177151212 2.3840544149279586 3.1799622811377048 6.4576475527137509 5.038326982408762 1.6430737748742092 4.1578893437981606 2.8353036735206842
leaf_count=1304 55 18 52 27 195 48 39 37 30 48 57 30 33 27
internal_value=-0.00134715 0.0112622 -0.0183488 0.0137948 0.0002695 0.0192155 0.0254545 0.0176477 0.0477352 0.0266237 0.0138127 0.00695937 -0.00404474 -0.00993357
internal_weight=95.6651 54.9276 40.7375 50.9952 14.5904 36.4049 28.7054 21.2572 7.4482 16.0378 9.58018 5.61944 7.6995 5.21936
internal_count=2000 614 1386 559 213 346 265 208 57 144 96 82 81 64
is_linear=0
shrinkage=0.03


Tree=38
num_leaves=15
num_cat=0
split_feature=1 18 9 7 5 13 13 18 14 3 6 14 15 13
split_gain=23.4041 5.8347 6.09753 3.96317 4.78358 6.64679 4.4413 3.96077 3.90548 3.6875 5.83126 3.66354 3.7961 3.47489
threshold=1.5000000000000002 0.98182534576205316 5.5000000000000009 34.500000000000007 8.5000000000000018 22.928313525600359 36.362283651653691 0.8542199457734333 7.1760000000000028 1.0000000180025095e-35 14.449447400736801 5.4364999999999979 1.2500000000000002 53.145169683587113
decision_type=2 2 2 2 2 2 2 2 2 2 2 2 2 2
left_child=1 2 -1 4 5 11 -7 -8 13 10 -3 12 -2 -6
right_child=3 9 -4 -5 8 6 7 -9 -10 -11 -12 -13 -14 -15
leaf_value=-0.023715703513370972 -0.030207883393551207 -0.032281901574940805 0.047196813804215261 -0.014167101812953978 0.028159608950132121 0.054063678983232791 -0.021745911971557112 0.04134703578888238 -0.015964976990508785 0.050406850032750979 0.04086965107451284 0.033620745785002924 0.024938879841683657 -0.00092955522020809296
leaf_weight=33.519109528511763 6.917724812403323 2.4988866671919814 1.128043059259652 4.3763010352849951 28.650360848754644 2.7799036260694256 2.2018055282533173 1.5093543250113723 2.3078270852565756 1.575220540165901 1.6143314912915228 1.262410283088683 1.3412259817123411 4.2432872913777819
leaf_count=1290 118 48 18 46 271 28 30 17 22 9 25 23 14 44
internal_value=0.000612522 -0.0167837 -0.0214069 0.013235 0.0155765 0.00198227 0.0253917 0.00391443 0.0217603 0.0113758 -0.00357181 -0.0139768 -0.0212522 0.0244071
internal_weight=95.9258 40.3356 34.6472 55.5902 51.2139 16.0124 6.49106 3.71116 35.2015 5.68844 4.11322 9.52136 8.25895 32.8936
internal_count=2003 1390 1308 613 567 230 75 47 337 82 73 155 132 315
is_linear=0
shrinkage=0.03


Tree=39
num_leaves=15
num_cat=0
split_feature=1 10 9 5 7 5 15 11 1 4 4 11 0 12
split_gain=19.883 13.346 8.31983 14.3416 3.58131 3.41205 3.02937 4.00666 3.12178 2.99411 4.81852 2.85221 2.38443 2.68534
threshold=1.5000000000000002 1.0000000180025095e-35 2.5000000000000004 35.500000000000007 35.500000000000007 26.500000000000004 0.75000000000000011 0.26574323386302462 10.500000000000002 1.2194741298138605 2.061663673573515 0.51292603594313324 7.5000000000000009 58.500000000000007
decision_type=2 2 2 2 2 2 2 2 2 2 2 2 2 2
left_child=2 4 -1 -4 5 6 7 -2 11 -3 -11 -8 13 -7
right_child=1 9 3 -5 -6 12 8 -9 -10 10 -12 -13 -14 -15
leaf_value=-0.022942768966011464 0.0218966326865217 -0.031060877726157416 -0.019541765244722713 0.10412601056324003 -0.014791226760116401 0.013971279181980198 0.034863552386425835 -0.034860362102704712 -0.0023549572788618038 0.038692326771006362 -0.032153270557349407 0.0092179838539681036 0.05352667849442444 0.042761072648482529
leaf_weight=35.455242186784744 1.9915366694331194 7.4524811096489412 2.3736494872719045 1.3096197880804537 3.0421533770859233 8.2356104999780637 8.9892783388495463 2.5561837516725063 5.5800431966781607 1.7016233243048193 1.7553468812257049 6.8980131596326819 3.0929655581712714 4.5140612050890914
leaf_count=1306 15 235 60 24 20 64 59 32 29 35 31 52 13 23
internal_value=-0.00209119 0.00940538 -0.0184846 0.0244294 0.0166368 0.0189209 0.0122368 -0.0100054 0.0169487 -0.0203568 0.00271903 0.0237286 0.0298968 0.0241644
internal_weight=94.9478 55.8093 39.1385 3.68327 44.8998 41.8577 26.0151 4.54772 21.4673 10.9095 3.45697 15.8873 15.8426 12.7497
internal_count=1998 608 1390 84 307 287 187 47 140 301 66 111 100 87
is_linear=0
shrinkage=0.03


Tree=40
num_leaves=15
num_cat=0
split_feature=1 10 3 9 4 18 4 18 8 2 11 4 18 18
split_gain=18.8956 11.9452 6.01303 6.00798 7.63432 5.65653 4.57 9.02923 4.47359 3.6939 5.57009 4.27445 4.45513 3.56126
threshold=1.5000000000000002 1.0000000180025095e-35 1.0000000180025095e-35 2.5000000000000004 -0.16278902982763097 0.78574730703237894 1.2194741298138605 0.61559370248597556 12.500000000000002 1.5000000000000002 0.35950808808237616 -0.6353908730194211 0.61559370248597556 -0.12053668025532321
decision_type=2 2 2 2 2 2 2 2 2 2 2 2 2 2
left_child=2 9 3 8 -5 -4 -3 -8 -1 10 11 -2 -13 -12
right_child=1 6 5 4 -6 -7 7 -9 -10 -11 13 12 -14 -15
leaf_value=-0.027786722482782994 0.063845842328833294 -0.031022476593436307 -0.0154645956114484 -0.015690082216358141 0.086903676234189847 0.039365589973379432 0.064800159408776467 -0.031825594725189227 0.045568541301034313 0.029752979101196453 -0.019638115490969769 0.00099205886842099471 0.036075863742739481 0.0097316923293575483
leaf_weight=28.73434861749411 2.1418469324707994 7.3813850451260787 3.7771016582846633 1.9107324276119473 0.9915357381105413 3.0695270970463753 1.5474574118852618 1.9892348572611807 0.76823705062270065 14.650797694921492 5.7684447243809709 6.6739522255957127 6.3635807931423187 10.441726557910442
leaf_count=1146 10 240 111 56 13 41 28 41 21 70 80 51 37 70
internal_value=-0.000412194 0.0106246 -0.0164278 -0.021825 0.0193602 0.00911725 -0.0175875 0.0104524 -0.0258766 0.0173148 0.0115094 0.0245689 0.0181164 -0.000719654
internal_weight=96.2099 56.9584 39.2515 32.4049 2.90227 6.84663 10.9181 3.53669 29.5026 46.0403 31.3896 15.1794 13.0375 16.2102
internal_count=2015 627 1388 1236 69 152 309 69 1167 318 248 98 88 150
is_linear=0
shrinkage=0.03


Tree=41
num_leaves=15
num_cat=0
split_feature=0 9 4 3 11 5 7 7 1 19 12 14 15 12
split_gain=16.5875 7.42226 7.22743 5.76147 4.53006 3.74596 5.49697 4.5573 4.54246 4.39508 4.92885 5.62703 5.19452 3.64648
threshold=1.0000000180025095e-35 5.5000000000000009 2.3161438887905801 1.0000000180025095e-35 0.61828812284292722 13.500000000000002 17.500000000000004 12.500000000000002 2.5000000000000004 -0.95297903005573326 44.500000000000007 -2.223999999999998 0.75000000000000011 8.5000000000000018
decision_type=2 2 2 2 2 2 2 2 2 2 2 2 2 2
left_child=1 3 5 -1 -5 8 7 9 -2 -7 11 -11 -12 -13
right_child=2 -3 -4 4 -6 6 -8 -9 -10 10 12 13 -14 -15
leaf_value=-0.027465098477232931 -0.031618094322448533 0.048180059989580991 0.028167691947702928 -0.0057951653639088836 0.06720537160442612 0.035714169254252186 -0.007803876065842371 0.048745238779649668 0.0025967983445685252 0.054042568380427473 0.069356234834065528 0.0094333900675038686 0.0039687761407104028 -0.036937664230123075
leaf_weight=25.917534247040749 5.4306226074695578 1.4474670290946949 12.663542840629814 5.2570361625403157 0.89535887353122223 4.8439224492758504 12.086227450519798 3.5147041846066704 9.7838764488697034 1.0038317069411258 1.6427642349153755 2.2567560952156853 3.2700527030974627 4.7149403411895037
leaf_count=1058 155 20 78 121 16 31 179 47 145 17 19 29 43 74
internal_value=-0.00130564 -0.0182705 0.00798382 -0.0212698 0.00482861 0.00271891 0.00834891 0.0175373 -0.00961577 0.0113516 0.00219529 -0.0123654 0.0258333 -0.0219272
internal_weight=94.7286 33.5174 61.2112 32.0699 6.1524 48.5477 33.3332 21.247 15.2145 17.7323 12.8883 7.97553 4.91282 6.9717
internal_count=2032 1215 817 1195 137 739 439 260 300 213 182 120 62 103
is_linear=0
shrinkage=0.03


Tree=42
num_leaves=15
num_cat=0
split_feature=1 3 19 14 0 14 18 3 14 14 5 19 18 5
split_gain=15.4767 8.07939 7.89127 6.0789 6.35037 5.3937 6.81554 6.31162 5.38256 4.95231 4.28908 5.75387 4.28209 4.25296
threshold=1.0000000180025095e-35 1.0000000180025095e-35 0.70581670320594814 3.4499999999999962 9.5000000000000018 2.8170000000000006 0.46472317204376884 2.5000000000000004 0.77449999999999808 0.52250000000000096 19.500000000000004 0.12053668025532312 0.78574730703237894 6.5000000000000009
decision_type=2 2 2 2 2 2 2 2 2 2 2 2 2 2
left_child=1 -1 3 5 10 8 7 -7 9 -2 11 13 -3 -5
right_child=2 12 -4 4 -6 6 -8 -9 -10 -11 -12 -13 -14 -15
leaf_value=-0.029260001538137272 0.01504045739738469 -0.0036627567471043962 -0.031522947193768421 -0.032372348451585875 0.053305600136464841 0.099389560580127795 -0.00063914636161000794 0.01726351760980278 -0.0036697010920494371 0.059286899087942352 -0.025262343332760607 0.059279393412812791 0.067716330791981347 0.015688865810242057
leaf_weight=19.29784877225757 24.946806652471427 2.1534539163112636 4.5430536065250626 3.1038107890635782 1.5252237394452084 2.1892680861055847 2.0727530922740698 1.3687850348651407 14.205728910863398 2.5052660405635825 8.6951921265572292 1.4475833196192978 1.1659530885517595 3.5551167391240597
leaf_count=836 327 61 145 82 8 39 24 13 203 24 152 24 17 61
internal_value=-0.000242965 -0.0218235 0.00671404 0.00936147 -0.00530629 0.015046 0.0426041 0.0677956 0.0113211 0.0190784 -0.010627 0.00507123 0.0214094 -0.00671308
internal_weight=92.7758 22.6173 70.1586 65.6155 18.3269 47.2886 5.63081 3.55805 41.6578 27.4521 16.8017 8.10651 3.31941 6.65893
internal_count=2016 914 1102 957 327 630 76 52 554 351 319 167 78 143
is_linear=0
shrinkage=0.03


Tree=43
num_leaves=15
num_cat=0
split_feature=10 9 3 11 0 11 13 0 15 13 5 14 15 19
split_gain=13.9496 17.2393 8.52694 8.4656 4.72796 4.49199 6.38574 6.33727 4.44077 4.35603 4.35495 4.17958 3.8504 3.20484
threshold=1.0000000180025095e-35 1.0000000180025095e-35 1.0000000180025095e-35 0.24020481232291888 2.5000000000000004 0.45189742975495067 -4.6659431562760991 2.5000000000000004 1.2500000000000002 -35.69675126451201 18.500000000000004 1.2665000000000008 0.8500000000000002 1.0000000180025095e-35
decision_type=2 2 2 2 2 2 2 2 2 2 2 2 2 2
left_child=1 2 4 9 8 7 13 -5 -1 -3 -8 12 -4 -7
right_child=-2 3 11 5 -6 6 10 -9 -10 -11 -12 -13 -14 -15
leaf_value=-0.023810234291299741 -0.025467164530030836 0.083357309048231784 0.0048522379040669738 -0.021619869980427649 0.048637814210945041 0.014471186060076779 0.055896548315638568 0.018994083515051774 0.033893790548236921 0.032848537096764323 0.012580920434908646 -0.010706048799599884 0.056897821265469058 -0.024386417239160612
leaf_weight=23.918306736275561 15.529300859197972 2.1735251527279615 2.3604381233453733 6.7843730486929399 0.91145442426204581 9.6015419140458089 5.7456310428679007 7.0518171191215515 1.2637138366699208 5.245288558304309 3.28240080550313 3.1727908737957478 2.7931998372077942 2.3847334627062073
leaf_count=914 497 23 27 155 4 77 42 33 30 50 29 49 26 52
internal_value=0.000461727 0.00571224 -0.0100501 0.0185475 -0.018485 0.0123531 0.0210926 -0.000920373 -0.0209145 0.0476463 0.0401479 0.0163831 0.0330602 0.00674026
internal_weight=92.2185 76.6892 34.4199 42.2693 26.0935 34.8505 21.0143 13.8362 25.182 7.41881 9.02803 8.32643 5.15364 11.9863
internal_count=2008 1511 1050 461 948 388 200 188 944 73 71 102 53 129
is_linear=0
shrinkage=0.03


Tree=44
num_leaves=15
num_cat=0
split_feature=1 10 3 10 7 0 14 11 18 18 7 9 3 5
split_gain=14.9477 12.2701 9.54934 5.02342 3.20009 4.16165 2.90192 4.92924 2.57838 4.38477 4.01657 2.89374 4.11827 3.70396
threshold=1.5000000000000002 1.0000000180025095e-35 1.0000000180025095e-35 1.0000000180025095e-35 18.500000000000004 3.5000000000000004 3.3270000000000004 0.45189742975495067 0.61559370248597556 0.29696027566504674 5.5000000000000009 1.0000000180025095e-35 3.5000000000000004 23.500000000000004
decision_type=2 2 2 2 2 2 2 2 2 2 2 2 2 2
left_child=2 4 -1 6 8 -6 7 -4 9 11 -10 13 -13 -2
right_child=1 -3 3 -5 5 -7 -8 -9 10 -11 -12 12 -14 -15
leaf_value=-0.023119566570145827 -0.023115030240547119 -0.020046665070589761 0.00085709665049827689 -0.031001207665923312 -0.015041472687389338 0.025605885625266899 -0.0094819403429280517 0.068213881336814761 0.020924592618195494 -0.019310014653218199 0.058334884032095545 0.039094938676995539 0.00087701563577051163 0.027968562994823941
leaf_weight=30.305175522342324 2.7723862677812638 10.666031640022991 1.6043395679444064 1.5977572221308944 5.9249566122889501 3.6718555837869644 1.3023395482450721 2.5039325281977654 10.712358668446539 3.1458188220858565 3.4036292806267729 8.2569073364138585 3.6635036766529074 2.3690780494362116
leaf_count=1254 44 314 29 57 48 16 29 36 63 19 17 50 18 26
internal_value=-0.00118732 0.00881593 -0.0158212 0.0157379 0.0158252 0.000510695 0.02954 0.0419101 0.0201071 0.0132349 0.0299449 0.0192354 0.0273494 0.000423209
internal_weight=91.9001 54.5865 37.3135 7.00837 43.9205 9.59681 5.41061 4.10827 34.3237 20.2077 14.116 17.0619 11.9204 5.14146
internal_count=2020 615 1405 151 301 64 94 65 237 157 80 138 68 70
is_linear=0
shrinkage=0.03


Tree=45
num_leaves=15
num_cat=0
split_feature=4 10 9 4 6 2 12 6 18 12 18 4 11 14
split_gain=14.6226 6.82311 9.28029 7.89497 6.2987 5.58482 5.53224 5.41456 5.12243 3.81629 5.64591 4.07509 4.07452 5.79216
threshold=0.74300955607969099 1.0000000180025095e-35 1.0000000180025095e-35 -0.82434923229112766 -85.637296614321443 1.0000000180025095e-35 13.500000000000002 34.616452299435558 -0.35460488704253573 59.500000000000007 0.61559370248597556 2.3161438887905801 0.45752350399101005 -2.4815000000000018
decision_type=2 2 2 2 2 2 2 2 2 2 2 2 2 2
left_child=1 2 3 -1 -2 -5 -4 -7 -8 12 -11 -12 -6 -14
right_child=4 -3 6 5 9 7 8 -9 -10 10 11 -13 13 -15
leaf_value=0.081257949127727117 -0.03476940598383902 -0.030951745150667818 -0.017825703315369597 -0.025328005927515603 -0.0051356557439460292 -0.01957604871645937 -0.013334662750490119 0.052955208096882624 0.026820229354497935 0.079196884397001802 -0.0014910085427672949 0.047084740027176518 0.067425863247817075 0.014638759151984185
leaf_weight=0.72436289303004642 2.0456919316202393 10.187859449535607 4.8910510949790504 20.682752229273326 7.3671260830015006 1.9652582276612514 3.6245218794792953 1.7521822135895488 13.540600406005973 2.1228875629603845 3.1427704598754644 3.0752449706196785 2.1680935267359045 13.643302721902723
leaf_count=12 26 382 104 858 92 30 86 15 141 21 45 17 22 143
internal_value=0.000514833 -0.00868708 -0.00387942 -0.0163457 0.0162425 -0.0192432 0.0103211 0.0146109 0.0183413 0.0195533 0.0369549 0.0225331 0.0132913 0.021877
internal_weight=90.9337 57.3686 47.1807 25.1246 33.5651 24.4002 22.0562 3.71744 17.1651 31.5194 8.3409 6.21802 23.1785 15.8114
internal_count=1994 1628 1246 915 366 903 331 45 227 340 83 62 257 165
is_linear=0
shrinkage=0.03


Tree=46
num_leaves=15
num_cat=0
split_feature=1 10 18 6 11 11 4 6 11 4 4 1 3 17
split_gain=15.4177 9.34672 7.62762 5.12426 4.52192 4.17402 4.20108 4.4545 4.73915 3.9507 3.81802 7.70397 3.0452 2.32037
threshold=2.5000000000000004 1.0000000180025095e-35 0.78574730703237894 -86.576576576576556 0.22788520157574632 0.64654520246492664 0.67179517527487809 -79.262665930029399 0.23792149175795432 -1.0824190488705205 1.2194741298138605 7.5000000000000009 1.0000000180025095e-35 1.0000000180025095e-35
decision_type=2 2 2 2 2 2 2 2 2 2 2 2 2 2
left_child=2 3 9 -2 -5 6 7 -4 -9 -1 -3 -12 -8 -6
right_child=1 10 5 4 13 -7 12 8 -10 -11 11 -13 -14 -15
leaf_value=0.030943703340486659 -0.036198829103156561 -0.030954043002393447 0.033962584231737356 0.051369523406964532 0.02162284028696166 0.057272438114265307 0.0051770611885928854 0.027696969845145598 -0.03190097540639359 -0.021870701294212539 0.055902344756269616 -0.031565773977439308 0.05450275407216576 -0.0028265862085631566
leaf_weight=1.3284741025418032 1.3979831412434567 5.2054919954389316 1.6578836292028407 4.2409837245941153 25.032300088554624 1.3013509977608908 2.9522612765431395 1.4916991740465162 6.158290533348918 31.498528970405459 1.6932530738413336 1.9499044734984634 1.8214227501302955 4.0601515918970099
leaf_count=33 10 181 31 19 121 26 41 38 180 1224 25 44 14 24
internal_value=0.000125153 0.0130569 -0.0115647 0.0200696 0.0224294 0.00586718 0.00111654 -0.0106183 -0.0202798 -0.0197334 -0.0144682 0.00908733 0.0239975 0.0182107
internal_weight=91.79 43.5801 48.2099 34.7314 33.3334 15.3829 14.0816 9.30787 7.64999 32.827 8.84865 3.64316 4.77368 29.0925
internal_count=2011 424 1587 174 164 330 304 249 218 1257 250 69 55 145
is_linear=0
shrinkage=0.03


Tree=47
num_leaves=15
num_cat=0
split_feature=4 10 19 6 18 19 7 7 6 15 9 1 19 2
split_gain=16.2308 8.78156 8.36451 7.08659 5.41285 6.12235 4.92586 4.57993 4.13485 4.01076 7.72189 3.16534 2.75767 2.65656
threshold=0.086149862174515743 1.0000000180025095e-35 0.70581670320594814 -85.637296614321443 0.98182534576205316 -0.95297903005573326 12.500000000000002 35.500000000000007 30.116279069767444 0.8500000000000002 1.0000000180025095e-35 1.0000000180025095e-35 -0.78574730703237872 1.0000000180025095e-35
decision_type=2 2 2 2 2 2 2 2 2 2 2 2 2 2
left_child=4 2 3 -2 5 8 11 9 -1 10 -5 -6 -12 -3
right_child=1 13 -4 7 6 -7 -8 -9 -10 -11 12 -13 -14 -15
leaf_value=-0.01244259145646703 -0.035479470077446708 0.0084544086774829483 -0.03178664858365339 -0.017666823828864052 0.014184837898949181 -0.021865110652821262 -0.032072525238434298 -0.012469017929978302 0.029419522725643122 0.035986927725249966 0.012128282853304414 0.075204357549358503 0.050416119007355896 -0.03161915670159126
leaf_weight=4.5876290500164014 1.799624716863035 2.2388173639774314 2.7285429239273062 4.2908307928591949 1.8429233487695449 29.895910384133458 1.1922781039029358 2.6440520901232949 3.9535951372236013 22.011123845353723 3.0160093121230602 1.3082495126873253 3.8595846630632877 4.4444144908338785
leaf_count=97 16 58 79 84 35 1202 26 24 45 149 19 13 35 120
internal_value=0.00149379 0.0136568 0.0189325 0.022611 -0.0118782 -0.0154654 0.0198663 0.0255294 0.00693471 0.0285576 0.013913 0.0395179 0.033621 -0.0181949
internal_weight=89.8136 47.033 40.3498 37.6212 42.7806 38.4371 4.34345 35.8216 8.54122 33.1775 11.1664 3.15117 6.87559 6.68323
internal_count=2002 584 406 327 1418 1344 74 311 142 287 138 48 54 178
is_linear=0
shrinkage=0.03


Tree=48
num_leaves=15
num_cat=0
split_feature=1 10 3 10 4 18 1 11 7 7 4 11 18 18
split_gain=14.5669 7.69959 4.8374 4.36304 4.13652 7.3262 4.1336 3.91335 4.70898 10.5482 6.5041 4.26105 5.75356 4.43963
threshold=2.5000000000000004 1.0000000180025095e-35 1.0000000180025095e-35 1.0000000180025095e-35 1.2194741298138605 0.61559370248597556 1.0000000180025095e-35 0.55487959311138824 15.500000000000002 4.5000000000000009 0.49919077320989064 0.3286189599420723 0.98182534576205316 -0.91023613416931226
decision_type=2 2 2 2 2 2 2 2 2 2 2 2 2 2
left_child=2 -2 6 -4 -3 -6 -1 8 9 11 -11 -8 13 -13
right_child=1 4 3 -5 5 -7 7 -9 -10 10 -12 12 -14 -15
leaf_value=-0.028913041267078832 0.018575681815930643 -0.030923500648994899 0.016678348483688158 -0.031383871916805514 0.056190224154797352 -0.031746959729010475 -0.031880373606720872 -0.031888033474896361 -0.03166374670451777 0.015001655857029995 0.1125638040566992 0.036812939814974403 0.090376201970085571 -0.022364335485192215
leaf_weight=16.389144135639071 32.189662877470255 5.0265639871358854 7.6442621462047082 2.1860223785042763 1.6921628993004563 1.7186845559626815 3.6653498914092797 4.9379053283482781 3.5172990541905156 1.2459708470851176 1.2143876384943721 1.7552829105406988 0.69626618176698674 3.2602146770805129
leaf_count=795 162 181 113 82 29 37 105 159 107 39 20 50 5 110
internal_value=-0.00123494 0.0118893 -0.0126986 0.00599045 -0.0136202 0.0118797 -0.017707 -0.00865659 -0.00118565 0.00787039 0.0631565 -0.00663554 0.00956456 -0.00165396
internal_weight=87.1392 40.6271 46.5121 9.83028 8.43741 3.41085 36.6818 20.2927 15.3548 11.8375 2.46036 9.37711 5.71176 5.0155
internal_count=1994 409 1585 195 247 66 1390 595 436 329 59 270 165 160
is_linear=0
shrinkage=0.03


Tree=49
num_leaves=15
num_cat=0
split_feature=0 10 19 9 13 18 18 13 19 2 13 6 19 19
split_gain=14.4074 10.6072 6.32259 4.89597 4.59226 7.8103 5.7134 3.94217 4.37922 4.78515 4.25329 6.16363 3.30631 5.39175
threshold=1.0000000180025095e-35 1.0000000180025095e-35 0.70581670320594814 5.5000000000000009 25.146426037671365 -0.95297903005573326 0.98182534576205316 -22.574861601200205 -0.78574730703237872 1.5000000000000002 54.683046068199083 -79.848738642708483 1.0000000180025095e-35 -0.61559370248597534
decision_type=2 2 2 2 2 2 2 2 2 2 2 2 2 2
left_child=3 2 7 4 -1 -6 -7 -2 9 -9 11 -10 13 -13
right_child=1 -3 -4 -5 5 6 -8 8 10 -11 -12 12 -14 -15
leaf_value=-0.028276518759072694 0.0063898413513889495 -0.019515356603346877 -0.031542353592666862 0.044100462228395337 0.091497618861829111 -0.022468916335651495 0.041062254917121087 -0.0097712404783468557 -0.018695388773445013 0.037999459351279567 0.0068643613240305075 0.071532687364751255 0.071381334380485717 0.022076740979380494
leaf_weight=18.775935305282481 19.3581532780081 10.109835170209406 2.5749937463551751 1.1225027795881022 0.73441885970532794 6.7872113417834026 1.5683721322566269 5.6482893563806993 1.4385804422199715 2.834107518196106 4.5422409512102595 2.8719525113701794 3.5571167338639489 6.4166320059448596
leaf_count=824 165 320 78 16 30 309 26 48 14 13 43 19 38 54
internal_value=7.42793e-06 0.00847444 0.014221 -0.0173282 -0.0198027 -0.00229954 -0.0105439 0.0167461 0.0240873 0.00618973 0.0321511 0.040192 0.0467867 0.0373681
internal_weight=88.3403 59.3519 49.2421 28.9884 27.8659 9.09 8.35558 46.6671 27.3089 8.4824 18.8265 14.2843 12.8457 9.28858
internal_count=1997 792 472 1205 1189 365 335 394 229 61 168 125 111 73
is_linear=0
shrinkage=0.03


Tree=50
num_leaves=15
num_cat=0
split_feature=0 11 8 11 4 6 6 4 19 19 13 13 15 4
split_gain=10.9357 7.58428 8.68827 7.3756 7.78931 3.4668 2.97505 3.42073 2.84884 4.74076 4.51078 4.06592 3.23811 2.75898
threshold=1.5000000000000002 0.24020481232291888 8.0000000000000018 0.22248582702749359 -0.17361002620241139 169.19482386772111 -86.576576576576556 3.2831893705272082 0.23931566428755774 -0.35460488704253562 43.21160543892082 62.045381707664177 1.2500000000000002 -0.044725757494907467
decision_type=2 2 2 2 2 2 2 2 2 2 2 2 2 2
left_child=1 2 3 -1 -5 6 -2 -8 9 13 -11 -12 -10 -3
right_child=5 8 -4 4 -6 -7 7 -9 12 10 11 -13 -14 -15
leaf_value=-0.013743179912654628 -0.034312341464258454 -0.031428439991983109 0.10621381734547025 -0.0088855298740773917 0.098321766191308335 0.041446535770016314 0.0075841747581856566 0.040040639711205833 -0.028935784489078086 -0.0046490202021182815 0.07924751283012238 -0.0024159300599812584 0.027895895811804596 0.0054930917862582801
leaf_weight=5.5476939417421782 1.3886149376630772 8.261683780699963 0.85143941454589445 1.1350810043513777 1.3184114024043081 3.1696266811341038 33.398244116455317 3.2027906775474539 14.815619040280577 9.3413569983094948 1.2331478819251054 0.98862083256244648 0.96082131937146265 2.3367008399218347
leaf_count=145 21 354 16 37 15 28 329 19 668 261 22 27 28 57
internal_value=2.49044e-05 -0.00989671 0.0151068 0.00541167 0.0487235 0.011304 0.00878906 0.0104243 -0.0157311 -0.00879492 0.00448904 0.0429097 -0.0254746 -0.0232881
internal_weight=87.9499 46.7906 8.85263 8.00119 2.45349 41.1593 37.9896 36.601 37.938 22.1615 11.5631 2.22177 15.7764 10.5984
internal_count=2027 1630 213 197 52 397 369 348 1417 721 310 49 696 411
is_linear=0
shrinkage=0.03


Tree=51
num_leaves=15
num_cat=0
split_feature=0 3 9 5 4 4 5 7 6 18 4 13 4 19
split_gain=12.1799 4.93261 7.57598 6.00509 4.5199 3.40446 3.35027 4.46928 3.77831 2.73813 15.023 2.67013 2.29726 2.9889
threshold=1.5000000000000002 1.0000000180025095e-35 2.5000000000000004 35.500000000000007 -1.0824190488705205 0.78759422170034965 41.500000000000007 21.500000000000004 -86.576576576576556 -0.98182534576205283 0.086149862174515743 -44.352316666746397 1.5167528431129995 -0.61559370248597534
decision_type=2 2 2 2 2 2 2 2 2 2 2 2 2 2
left_child=1 2 4 -4 -1 -3 7 8 -2 10 -6 -10 13 -13
right_child=6 5 3 -5 9 -7 -8 -9 11 -11 -12 12 -14 -15
leaf_value=0.059378481395823197 -0.034661543490066386 0.00075132561704419401 -0.0033129576922843926 0.073192065140111492 -0.030725209041862694 0.053299088213506818 0.027984120818256627 -0.029255082555226696 -0.0089505885784134515 -0.025840596265790144 0.15929632651932371 0.014564231134424789 0.024845572856792376 -0.023717563289697752
leaf_weight=0.60922029428183933 1.5705165192484845 10.595928391441701 2.8557981401681891 1.3646118752658365 1.8239554408937722 1.2394387442618597 9.0538211297243816 2.745222531259059 4.235352490097287 27.118548996746544 0.47118188068270672 8.8552872668951768 14.087863199412821 2.315535536035898
leaf_count=16 21 225 66 22 92 13 64 27 49 1167 12 94 97 43
internal_value=0.000265897 -0.0104415 -0.016212 0.0214239 -0.0215025 0.0062543 0.0117764 0.00743618 0.0106786 -0.0231778 0.0082854 0.0130929 0.0167892 0.00662902
internal_weight=88.9423 46.0787 34.2433 4.22041 30.0229 11.8354 42.8636 33.8098 31.0646 29.4137 2.29514 29.494 25.2587 11.1708
internal_count=2008 1613 1375 88 1287 238 395 331 304 1271 104 283 234 137
is_linear=0
shrinkage=0.03


Tree=52
num_leaves=15
num_cat=0
split_feature=1 19 5 12 7 13 11 6 13 19 3 15 13 6
split_gain=10.6908 5.58887 5.5109 7.11617 5.04106 4.99902 4.58464 4.91833 7.67164 6.47833 4.80099 4.76621 4.60022 5.54439
threshold=1.0000000180025095e-35 0.70581670320594814 73.500000000000014 71.500000000000014 35.500000000000007 97.10612509482128 0.58895894255036974 42.245131729667818 22.928313525600359 -1.7225464241988328e-16 1.0000000180025095e-35 0.75000000000000011 1.178133195387804 84.760522496371564
decision_type=2 2 2 2 2 2 2 2 2 2 2 2 2 2
left_child=2 4 -1 -4 5 6 7 8 -2 11 12 -10 13 -9
right_child=1 -3 3 -5 -6 -7 -8 10 9 -11 -12 -13 -14 -15
leaf_value=-0.02558577276208189 9.6932933509540068e-05 -0.031300465369311359 -0.030556812303414643 0.11340418422717767 -0.022738592347493435 -0.033193158151387313 -0.0073920409962324254 0.077096571195594876 -0.020826701643685004 0.083666828401457699 0.045320441397976176 0.031929644217056408 -0.03312041170798774 -0.012122705017215678
leaf_weight=16.820210376754407 24.621415227651596 3.6394239682704201 0.63023574464023002 0.60634087771177292 4.7789953071624032 2.3938995767384759 10.009576197713612 1.2179566640406831 1.9786833319812993 1.7310389652848233 7.8625768702477217 6.9711783267557621 1.6665183119475839 1.2916986066848037
leaf_count=819 389 147 36 11 70 54 149 20 41 26 66 66 42 32
internal_value=-0.000567318 0.00486981 -0.021092 0.0400328 0.00690998 0.00928158 0.0110545 0.0149548 0.00930803 0.0305413 0.0315133 0.020266 0.00551836 0.0311762
internal_weight=86.2197 68.163 18.0568 1.23658 64.5235 59.7445 57.3506 47.3411 35.3023 10.6809 12.0388 8.94986 4.17617 2.50966
internal_count=1968 1102 866 47 955 885 831 682 522 133 160 107 94 52
is_linear=0
shrinkage=0.03


Tree=53
num_leaves=15
num_cat=0
split_feature=1 3 9 14 5 6 4 14 5 11 6 1 4 4
split_gain=11.8086 5.92935 4.21366 4.09563 3.95563 3.75886 4.56726 4.66228 3.43479 3.02279 2.92778 2.3956 3.03566 4.22228
threshold=2.5000000000000004 1.0000000180025095e-35 2.5000000000000004 1.2089999999999981 35.500000000000007 -86.576576576576556 2.3161438887905801 -2.9575000000000009 51.500000000000007 0.45189742975495067 -59.573260696856195 1.0000000180025095e-35 0.57475304596082821 0.49919077320989041
decision_type=2 2 2 2 2 2 2 2 2 2 2 2 2 2
left_child=1 2 11 9 10 -2 7 -7 -5 -3 -4 -1 13 -13
right_child=5 3 4 8 -6 6 -8 -9 -10 -11 -12 12 -14 -15
leaf_value=-0.030604035340640861 -0.034235146055846592 0.0050710203762021041 0.036689239450945807 -0.025469599630826078 0.054697553714027507 -0.036921989620411967 0.030624202855717202 0.010118302666799139 0.044522567861375553 0.049600635548709596 -0.032603896019556051 -0.0070109439358497089 -0.027895007421776006 0.079823673546986579
leaf_weight=13.424010291695597 1.598290568217634 2.8844235744327289 0.81759183295071158 3.5092009734362364 1.3035337273031471 2.0299460291862479 9.6996279880404455 28.796288086101416 0.76936829090118397 2.6165969334542751 1.6691342350095504 8.4741719905287027 7.2801368925720444 0.53583515062928277
leaf_count=754 24 53 16 86 19 28 57 317 15 38 42 320 200 14
internal_value=-0.000417262 -0.0114218 -0.0174207 0.00913005 0.0123677 0.0108903 0.01267 0.00702064 -0.0128837 0.0262518 -0.00982153 -0.0212205 -0.0134879 -0.00184679
internal_weight=85.4082 43.284 33.5044 9.77959 3.79026 42.1242 40.5259 30.8262 4.27857 5.50102 2.48673 29.7142 16.2901 9.01001
internal_count=1983 1557 1365 192 77 426 402 345 101 91 58 1288 534 334
is_linear=0
shrinkage=0.03


Tree=54
num_leaves=15
num_cat=0
split_feature=1 3 11 4 9 7 5 6 4 14 7 5 0 6
split_gain=10.9742 3.57882 4.64245 4.37704 4.52305 3.97163 11.9057 2.82304 2.88981 6.55058 4.89534 3.47458 3.22129 3.10919
threshold=1.5000000000000002 1.0000000180025095e-35 0.64654520246492664 0.14917215527520222 2.5000000000000004 4.5000000000000009 31.500000000000004 -88.488994153402771 0.93711985162432421 -2.022500000000004 18.500000000000004 4.5000000000000009 2.5000000000000004 -73.770347944363991
decision_type=2 2 2 2 2 2 2 2 2 2 2 2 2 2
left_child=1 3 -3 -1 5 -5 -7 -2 9 -9 11 -11 -12 -10
right_child=7 2 -4 4 -6 6 -8 8 13 10 12 -13 -14 -15
leaf_value=-0.024724594895140808 -0.034217459055806018 -0.0030094547278762232 0.073278718308643326 -0.031256887219074277 0.068709167681026501 0.11502444899793242 -0.031072490816302589 -0.035858218922894827 0.040266154457408054 -0.0073096352367612583 -0.034761485295929699 0.023954492586094746 0.01386679158362498 0.01254824043357888
leaf_weight=19.851621108129628 1.3246949985623349 5.0705156307667485 0.83633235283195961 2.5750875491648904 0.85832455754280079 0.80637975223362479 1.3300244826823471 3.395549667999151 4.3397402595728662 4.213598143309361 3.2863430287688962 13.290156172588466 1.9555546417832372 22.661621998995543
leaf_count=1056 19 129 15 97 9 23 47 53 42 95 55 158 26 172
internal_value=0.00090418 -0.0132432 0.00779195 -0.0181308 0.00537033 -0.00616854 0.0240714 0.0090414 0.0101197 0.0030098 0.00881215 0.0164284 -0.0166201 0.0170031
internal_weight=85.7955 31.3283 5.90685 25.4214 5.56982 4.71149 2.1364 54.4673 53.1426 26.1412 22.7457 17.5038 5.2419 27.0014
internal_count=1996 1376 144 1232 176 167 70 620 601 387 334 253 81 214
is_linear=0
shrinkage=0.03


Tree=55
num_leaves=15
num_cat=0
split_feature=4 10 1 14 3 11 4 12 4 6 14 12 11 12
split_gain=9.17092 7.12875 7.13435 8.32351 7.67991 5.67006 3.61061 5.02785 3.26938 3.14521 3.00063 3.64431 5.84275 2.88515
threshold=0.93711985162432576 1.0000000180025095e-35 1.5000000000000002 -2.022500000000004 1.0000000180025095e-35 0.22788520157574632 -0.18742397032486655 20.500000000000004 -0.70896673585899905 -84.119784597872226 -0.22050000000000122 51.500000000000007 0.5073334160588604 34.500000000000007
decision_type=2 2 2 2 2 2 2 2 2 2 2 2 2 2
left_child=1 2 4 -4 -1 -2 7 -6 -5 -7 -10 12 13 -12
right_child=5 -3 3 8 6 9 -8 -9 10 -11 11 -13 -14 -15
leaf_value=-0.021737685877470714 0.056664394756391012 -0.03086177398456014 -0.036807813533516032 0.046814461185890111 0.088484855845289659 -0.033447777318234402 -0.0099030621930759361 0.006216121588009077 0.03884124752252574 0.011778156947199752 0.065661805861589095 -0.020686104206861285 -0.012160487390952707 0.017619588290108835
leaf_weight=19.656795525923375 2.4850105084478882 9.7360372850671393 2.8786239512264755 2.9873407483100936 1.2264286056160929 1.4658996798098147 1.9560420475900162 1.4698870349675415 3.0524626839906022 24.752419546246525 2.0158497709780843 3.4026651047170153 3.6282671354711056 2.5458513591438532
leaf_count=1025 24 411 31 14 22 23 38 30 22 225 16 23 31 31
internal_value=-0.000372228 -0.00759418 -0.00253989 0.0104903 -0.0135343 0.0133545 0.0211262 0.0436363 0.0182121 0.00924952 0.0123777 0.00540963 0.0162516 0.0388498
internal_weight=83.2596 54.5563 44.8202 20.5111 24.3092 28.7033 4.65236 2.69632 17.6324 26.2183 14.6451 11.5926 8.18997 4.5617
internal_count=1966 1694 1283 168 1115 272 90 52 137 248 123 101 78 47
is_linear=0
shrinkage=0.03


Tree=56
num_leaves=15
num_cat=0
split_feature=10 9 1 15 3 13 6 7 5 9 6 0 19 19
split_gain=9.90872 12.6477 8.13035 4.14267 4.26259 3.90761 3.40411 3.60128 5.54449 3.99976 3.04365 4.56841 3.83065 3.21824
threshold=1.0000000180025095e-35 1.0000000180025095e-35 3.5000000000000004 1.2500000000000002 1.0000000180025095e-35 29.002751488238285 -85.637296614321443 18.500000000000004 41.500000000000007 5.5000000000000009 -79.262665930029399 1.0000000180025095e-35 -0.78574730703237872 -0.61559370248597534
decision_type=2 2 2 2 2 2 2 2 2 2 2 2 2 2
left_child=1 2 3 4 -1 -6 -3 9 -9 10 -8 -12 -13 -14
right_child=-2 6 -4 -5 5 -7 7 8 -10 -11 11 12 13 -15
leaf_value=-0.026503224606688112 -0.022610015825596227 -0.022609307917405619 0.025256020306585657 0.028086417687050835 -0.021534732001875223 0.034851049997306982 0.047835380754636302 -0.027128122210836013 0.020409338183725489 0.055725982541669987 -0.012650997910818373 0.0075152706588944096 0.056592455690568859 0.022440651482358624
leaf_weight=18.833792718127381 13.904181620106099 2.0304737668484441 4.9128179699182501 1.7112297061830748 2.2475792411714783 2.1781141720712185 2.8863808047026387 3.8055325206369144 5.2607084093615413 2.85904587060213 4.3686514636501732 10.349423535168173 3.508549151942133 8.4985109064728004
leaf_count=900 501 20 23 32 45 37 32 35 69 16 155 55 21 70
internal_value=0.000612636 0.00500867 -0.0100225 -0.0169633 -0.0202776 0.00621565 0.0153188 0.0171729 0.000455605 0.0218405 0.0185688 0.015408 0.020891 0.0324201
internal_weight=87.355 73.4508 29.8835 24.9707 23.2595 4.42569 43.5673 41.5368 9.06624 32.4706 29.6115 26.7251 22.3565 12.0071
internal_count=2011 1510 1037 1014 982 82 473 453 104 349 333 301 146 91
is_linear=0
shrinkage=0.03


Tree=57
num_leaves=15
num_cat=0
split_feature=1 10 18 18 1 4 5 4 1 6 2 11 13 4
split_gain=10.2991 8.19623 3.98573 4.15487 5.37687 10.4952 10.0648 3.14107 5.50394 3.0513 2.99048 3.05382 2.67906 2.81752
threshold=2.5000000000000004 1.0000000180025095e-35 0.78574730703237894 -0.95297903005573326 1.0000000180025095e-35 0.26072241581078753 24.500000000000004 1.6209443681942652 7.5000000000000009 -86.576576576576556 1.0000000180025095e-35 0.37795045544769562 63.082491740035231 -0.3358975876374406
decision_type=2 2 2 2 2 2 2 2 2 2 2 2 2 2
left_child=2 9 3 4 -1 6 -6 -3 -9 -2 -5 -12 13 -4
right_child=1 7 12 10 5 -7 -8 8 -10 -11 11 -13 -14 -15
leaf_value=-0.030564545370927221 -0.034746990162007232 -0.030969654298610132 -0.031700796284609437 -0.027126636491788075 0.1640745932163252 -0.031518164703454858 0.0090349830696582652 0.049715989802224823 -0.031581962735007671 0.018306560545194275 0.031826885661062031 -0.031226640504416082 -0.031982919333614475 0.011588621196706403
leaf_weight=1.8909239144995797 1.006791304796933 5.2065433356910926 1.5386388404294837 20.263810152187951 0.76710902620106958 1.1808773931115863 0.74073581025004387 1.4454167447984221 1.5566016510128973 31.552065216004848 1.6683558374643319 1.1804205384105442 1.8807514272630204 11.22433629631996
leaf_count=113 9 191 56 967 28 30 24 18 36 154 24 41 52 236
internal_value=-0.000850523 0.00991188 -0.0112142 -0.0179079 0.00819743 0.0354579 0.0879107 -0.0168781 0.00756151 0.016666 -0.0230805 0.00569999 0.00144407 0.00636987
internal_weight=83.1034 40.7674 42.336 27.6922 4.57965 2.68872 1.50784 8.20856 3.00202 32.5589 23.1126 2.84878 14.6437 12.763
internal_count=1979 408 1571 1227 195 82 52 245 54 163 1032 65 344 292
is_linear=0
shrinkage=0.03


Tree=58
num_leaves=15
num_cat=0
split_feature=19 10 1 3 4 18 5 7 4 13 13 19 13 0
split_gain=7.8757 8.1391 5.61852 7.00513 4.93805 6.18543 4.46741 4.16657 6.4199 5.07833 4.41694 4.42602 5.32951 4.13651
threshold=0.70581670320594814 1.0000000180025095e-35 1.0000000180025095e-35 1.0000000180025095e-35 1.2194741298138605 0.46472317204376884 74.500000000000014 34.500000000000007 -0.93738626322645369 76.551294869349988 22.928313525600359 -0.12053668025532321 41.007223786824802 1.0000000180025095e-35
decision_type=2 2 2 2 2 2 2 2 2 2 2 2 2 2
left_child=1 2 3 6 -3 -6 -1 8 -4 10 13 12 -12 -10
right_child=-2 4 7 -5 5 -7 -8 -9 9 -11 11 -13 -14 -15
leaf_value=-0.030624280942767295 -0.030872789403815291 -0.030885550032327777 0.077383486444465424 0.036284195873819092 0.065354182788000537 -0.018604896897299987 0.045392588416511441 -0.019894167045995871 -0.023784677355113294 -0.025920184339260653 0.045236424640818146 0.064017700609183131 -0.0098633727174666768 0.012650458164029793
leaf_weight=8.2114377943798864 7.2129292124882332 9.4164956826716644 1.3765526358038105 2.1345828901976338 1.2206373773515218 2.2370514087378979 0.76020521763712245 3.6122696660459033 3.1152301924303272 3.0241200989112249 3.2933402890339494 2.8150994135066849 3.0366672687232494 28.103605128824711
leaf_count=482 387 416 10 41 18 46 27 43 108 56 26 36 30 244
internal_value=-0.000979357 0.00200057 0.00668149 -0.0125614 -0.0196269 0.0110344 -0.0241831 0.0110992 0.0136002 0.0115766 0.0143859 0.0327217 0.0188036 0.00901471
internal_weight=79.5702 72.3573 59.4831 11.1062 12.8742 3.45769 8.97164 48.3769 44.7646 43.3881 40.3639 9.14511 6.33001 31.2188
internal_count=1970 1583 1103 550 480 64 509 553 510 500 444 92 56 352
is_linear=0
shrinkage=0.03


Tree=59
num_leaves=15
num_cat=0
split_feature=10 9 3 7 13 6 7 12 1 12 13 6 12 6
split_gain=7.96226 11.6575 5.87451 3.81173 3.55147 5.6914 3.17834 3.97829 3.12404 2.89689 4.14139 5.57269 5.0261 2.52029
threshold=1.0000000180025095e-35 1.0000000180025095e-35 2.5000000000000004 18.500000000000004 -1.016097095138923 130.55480460184438 4.5000000000000009 71.500000000000014 1.0000000180025095e-35 44.500000000000007 -32.132216316505108 -18.235198702351983 50.500000000000007 2.4071765477001379
decision_type=2 2 2 2 2 2 2 2 2 2 2 2 2 2
left_child=1 2 9 6 5 -5 8 -8 -3 -1 -11 -12 -13 -14
right_child=-2 3 -4 4 -6 -7 7 -9 -10 10 11 12 13 -15
leaf_value=-0.019872195203436752 -0.019991500807829778 -0.018017241740760737 0.040436077133912472 -0.033674573430938791 0.029920147813099658 0.030105686997182111 0.024830172516026601 0.076259101513440758 0.018672279348642625 -0.03238887359408138 -0.022560878926871791 0.088794151095056881 0.053185956653425584 -0.0032420273663174362
leaf_weight=17.817384139634676 13.284866566769777 2.2949741855263737 2.006636604666709 4.1994895460084081 2.2123864004388434 1.7984262639656661 5.2444649832323185 1.8246993608772752 23.238114750012755 2.5067070135846734 2.5628709280863404 1.0950267221778611 1.0418901005759837 2.2523800721392035
leaf_count=761 513 106 9 58 25 15 65 16 170 98 87 22 12 58
internal_value=0.00130332 0.00533923 -0.00910417 0.0157023 -0.00256729 -0.0145506 0.0203032 0.0381051 0.0153745 -0.0127487 0.000669591 0.0125893 0.0331132 0.0146046
internal_weight=83.3803 70.0955 29.2829 40.8126 8.2103 5.99792 32.6023 7.06916 25.5331 27.2763 9.45887 6.95217 4.3893 3.29427
internal_count=2015 1502 1047 455 98 73 357 81 276 1038 277 179 92 70
is_linear=0
shrinkage=0.03


Tree=60
num_leaves=15
num_cat=0
split_feature=1 10 3 18 4 18 6 19 12 18 19 6 4 14
split_gain=9.45316 6.7606 4.80141 4.43439 3.5512 5.64645 2.57978 4.8813 2.21223 2.18315 3.78542 2.68692 2.59937 5.30206
threshold=1.5000000000000002 1.0000000180025095e-35 1.0000000180025095e-35 0.99635443704902704 1.2194741298138605 0.61559370248597556 -1.3958319807829642 -0.1799261722714405 6.5000000000000009 -0.66312265824079508 0.12053668025532312 -86.576576576576556 2.3161438887905801 -3.2605
decision_type=2 2 2 2 2 2 2 2 2 2 2 2 2 2
left_child=2 8 -1 6 -3 -6 7 -4 -2 10 -10 -11 13 -13
right_child=1 4 3 -5 5 -7 -8 -9 9 11 -12 12 -14 -15
leaf_value=-0.019356357006252805 -0.0067380237331970292 -0.030779132868412218 -0.031125183066174754 0.069413880437506847 0.0414716399667788 -0.031694841358768433 -0.021963849664264165 0.04336193927920462 -0.035171420679952742 -0.034552384746031381 0.022689151386063255 -0.038183434125854156 0.034561378232439627 0.01795855451439083
leaf_weight=22.905970486812297 4.5404531098902217 5.3896932899951917 1.2284187516197564 0.94263084232807148 2.0183272771537308 1.7922068350017069 2.7720049144700161 2.2277161367237568 1.9831117521971453 0.86528370529413123 2.0902361329644918 1.6063041519373644 7.5582684166729441 26.332394959405068
leaf_count=1225 32 233 45 4 32 41 66 41 28 8 32 16 37 152
internal_value=0.000836905 0.00832425 -0.0126498 0.00877327 -0.0151073 0.00705928 -0.000404706 0.0168869 0.0131174 0.0153469 -0.0054803 0.01768 0.0189532 0.0147307
internal_weight=84.253 54.1763 30.0767 7.17077 9.20023 3.81053 6.22814 3.45613 44.9761 40.4356 4.07335 36.3623 35.497 27.9387
internal_count=1992 611 1381 156 306 73 152 86 305 273 60 213 205 168
is_linear=0
shrinkage=0.03


Tree=61
num_leaves=15
num_cat=0
split_feature=10 9 1 4 18 15 13 18 13 6 6 5 11 7
split_gain=7.71786 6.94101 7.02092 3.43269 7.57005 3.35802 4.45358 2.56151 7.47721 2.49945 4.02703 4.42184 4.67655 3.05978
threshold=1.0000000180025095e-35 1.0000000180025095e-35 1.5000000000000002 1.2194741298138605 0.46472317204376884 0.8500000000000002 -6.245254045190797 -0.95297903005573326 29.002751488238285 -85.637296614321443 -36.098159509202446 45.500000000000007 0.24020481232291888 15.500000000000002
decision_type=2 2 2 2 2 2 2 2 2 2 2 2 2 2
left_child=1 2 7 -2 -5 6 -4 8 -1 -3 -11 13 -13 -12
right_child=3 9 5 4 -6 -7 -8 -9 -10 10 11 12 -14 -15
leaf_value=-0.014073471183471542 -0.030847487171866694 -0.021080511241343618 0.022518549368081085 0.063217680132783782 -0.031678600811774683 0.022024678638990984 -0.034567148537971423 -0.024327858367897581 0.13591381597793159 0.026988006265308888 0.006278214738878061 0.086778789405176956 0.01678270130449102 -0.022886245235652299
leaf_weight=1.8090434744954138 8.8847228549420816 1.8553863624110807 2.2051866594702005 1.2437702715396874 1.9313712827861307 8.0266376435756666 2.7812772598117581 13.94724469818175 0.35840390063822258 14.507159929722546 11.898164520971482 1.0054085459560145 5.901436610147357 4.4479517303407183
leaf_count=103 425 21 21 17 44 69 41 795 13 156 143 8 78 43
internal_value=0.000856649 0.00474004 -0.00637718 -0.0212794 0.00549428 0.0100131 -0.00932188 -0.0196128 0.0107281 0.0129141 0.0145845 0.00684612 0.0269718 -0.00165774
internal_weight=80.8032 68.7433 29.1278 12.0599 3.17514 13.0131 4.98646 16.1147 2.16745 39.6155 37.7601 23.253 6.90685 16.3461
internal_count=1977 1491 1042 486 61 131 62 911 116 449 428 272 86 186
is_linear=0
shrinkage=0.03


Tree=62
num_leaves=15
num_cat=0
split_feature=10 19 7 4 5 11 18 6 6 4 19 5 13 14
split_gain=9.84765 8.82203 5.60687 5.05968 6.38023 4.9281 4.6872 4.67544 2.8793 3.34041 2.94895 2.51469 2.47365 3.83172
threshold=1.0000000180025095e-35 0.70581670320594814 36.500000000000007 -0.10463663439296328 61.500000000000007 0.67534821531199596 0.99635443704902704 -85.637296614321443 -86.576576576576556 -0.74277745315683441 -0.95297903005573326 20.500000000000004 -44.352316666746397 4.1635
decision_type=2 2 2 2 2 2 2 2 2 2 2 2 2 2
left_child=1 2 3 4 5 6 8 -5 -1 -10 11 -11 13 -9
right_child=-2 -3 -4 7 -6 -7 -8 12 9 10 -12 -13 -14 -15
leaf_value=0.045234552014199271 -0.02647384890760841 -0.030884912136460978 -0.031520516032479358 -0.034573116510116367 0.05531128590878464 0.062907085730025583 0.040886564402795797 -0.016418190146257911 0.016104970659759708 -0.035721824669403539 -0.029773436516168247 0.01706542313844266 0.021200114073034702 0.030212083578266675
leaf_weight=0.69198177941144123 12.669496831484137 6.5173968495801082 3.4216803498566142 1.6413742555305351 1.5569993145763863 0.85409123543649812 1.4688638374209393 4.2476656250655642 2.3577567934990009 1.1772560626268469 11.570188742130986 2.6193343084305525 27.856337711215019 2.5310190860182047
leaf_count=16 512 377 72 18 42 18 21 40 37 35 528 28 258 29
internal_value=-0.00217629 0.00231691 0.00580737 0.00798797 -0.00325881 -0.00765592 -0.0106866 0.0149006 -0.0148 -0.0171438 -0.0222453 0.000697024 0.0172451 0.000992579
internal_weight=81.1814 68.5119 61.9945 58.5729 22.2965 20.7395 19.8854 36.2764 18.4165 17.7245 15.3668 3.79659 34.635 6.77868
internal_count=2031 1519 1142 1070 725 683 665 345 644 628 591 63 327 69
is_linear=0
shrinkage=0.03


Tree=63
num_leaves=15
num_cat=0
split_feature=10 1 3 14 9 11 7 8 4 4 4 11 4 11
split_gain=10.0491 6.0847 6.30114 4.60078 4.19043 3.58468 3.83271 3.50665 3.24561 2.72498 2.68423 2.39006 3.05046 1.94477
threshold=1.0000000180025095e-35 1.0000000180025095e-35 1.0000000180025095e-35 7.1760000000000028 2.5000000000000004 0.59065214288440349 35.500000000000007 1.0000000180025095e-35 1.4293019155049642 -0.93738626322645369 3.2831893705272082 0.59792786045722823 -0.26253140723345036 0.42611176779411258
decision_type=2 2 2 2 2 2 2 2 2 2 2 2 2 2
left_child=1 2 4 5 -1 6 7 9 -7 -3 13 12 -4 -11
right_child=-2 3 11 -5 -6 8 -8 -9 -10 10 -12 -13 -14 -15
leaf_value=-0.030486731901146456 -0.026056621033698952 0.047521591253167253 0.039639999359648521 -0.029010578403912361 0.041082817505875086 -0.02410769180739648 -0.016993290163735582 0.047419548557014107 0.011865784800208256 0.003317339028420871 0.039533454836884696 0.065478292755304937 -0.031509131412980992 0.018251506005207467
leaf_weight=9.7398343561217153 11.774823339655994 2.0512355938553801 1.1807343512773518 2.8201811257749787 0.79649449326098043 4.7119395192712528 3.3438938409090033 3.0386128164827815 4.3328346889466047 19.040766946971416 2.9138624519109717 0.88179066032171238 1.0030637066811314 13.350282059982417
leaf_count=676 495 14 23 52 19 107 39 23 24 289 14 12 28 166
internal_value=-0.000436143 0.003923 -0.0140625 0.00832266 -0.0250764 0.0103173 0.0138725 0.0164276 -0.00687485 0.0139067 0.0119536 0.0237921 0.00695973 0.0094726
internal_weight=80.9803 69.2055 13.6019 55.6036 10.5363 52.7834 43.7387 40.3948 9.04477 37.3561 35.3049 3.06559 2.1838 32.391
internal_count=1981 1486 758 728 695 676 545 506 131 483 469 63 51 455
is_linear=0
shrinkage=0.03


Tree=64
num_leaves=15
num_cat=0
split_feature=10 19 1 9 13 13 3 4 4 4 14 14 14 17
split_gain=6.92773 8.24403 4.00039 6.54939 3.72022 4.229 3.15829 2.82922 2.47577 3.34234 4.95275 6.87457 2.96942 2.86954
threshold=1.0000000180025095e-35 0.70581670320594814 1.0000000180025095e-35 5.5000000000000009 -50.463436768593795 97.10612509482128 1.0000000180025095e-35 -0.74277745315683441 1.8204928717607067 1.0869562215935775 3.7329999999999992 2.6049999999999991 1.1390000000000013 1.0000000180025095e-35
decision_type=2 2 2 2 2 2 2 2 2 2 2 2 2 2
left_child=1 2 3 6 -4 7 -1 -6 9 10 11 12 13 -9
right_child=-2 -3 4 -5 5 -7 -8 8 -10 -11 -12 -13 -14 -15
leaf_value=-0.026951341979692286 -0.023303072533298691 -0.03090604007458583 -0.0087484993168014478 0.067207372184191427 0.04454547664470402 -0.03259159490224782 0.018162760154472518 0.0079440439943620888 0.023174723580852215 -0.014128649675011908 -0.022056632421728464 0.060674061571943411 -0.018707096814856945 0.043604780930768361
leaf_weight=7.8071953142061794 11.446257208473979 6.2399913212284437 8.9854783955961448 0.86794386804103929 2.6428851801901976 1.7893615961074818 1.7008509226143358 7.9006060669198792 12.717938816174863 5.3401178978383532 3.0985422227531663 2.9596536858007303 2.5906344698742023 2.7334655337035656
leaf_count=501 491 365 104 8 20 40 36 113 68 36 64 29 43 40
internal_value=-0.00172501 0.00194088 0.00529355 -0.0116799 0.00876322 0.01253 -0.0188811 0.0145493 0.0124263 0.00687462 0.0126912 0.0193437 0.0100941 0.0171106
internal_weight=78.8209 67.3747 61.1347 10.376 50.7587 41.7732 9.50805 39.9838 37.341 24.623 19.2829 16.1844 13.2247 10.6341
internal_count=1958 1467 1102 545 557 453 537 413 393 325 289 225 196 153
is_linear=0
shrinkage=0.03


Tree=65
num_leaves=15
num_cat=0
split_feature=19 10 1 9 4 1 7 5 7 3 19 3 17 19
split_gain=8.41511 7.54343 5.43467 5.45238 4.67841 5.18268 4.59742 9.14476 4.17753 3.71928 3.27122 3.12106 2.66208 2.78525
threshold=0.70581670320594814 1.0000000180025095e-35 1.0000000180025095e-35 2.5000000000000004 1.2194741298138605 7.5000000000000009 18.500000000000004 41.500000000000007 4.5000000000000009 1.0000000180025095e-35 -0.85421994577343285 1.0000000180025095e-35 1.0000000180025095e-35 -0.51639395938746235
decision_type=2 2 2 2 2 2 2 2 2 2 2 2 2 2
left_child=1 2 3 9 -3 -6 8 -8 -4 -1 -10 -9 13 -12
right_child=-2 4 6 -5 5 -7 7 11 10 -11 12 -13 -14 -15
leaf_value=-0.030494236418570114 -0.030864037167600673 -0.030779909395253293 0.011352718157058352 0.039370508122459437 0.042806093920327651 -0.03150395226938283 -0.040244846415430184 -0.013185124995156275 0.0096380340661793747 0.019061126956068635 0.066062811445766839 0.031272790334652543 0.075169488282263025 0.018370207468103136
leaf_weight=7.0047690020874125 6.6012725019827476 7.9079335341230017 32.367916511371732 1.6023743767291296 1.9783270340412857 1.474106330424547 4.1312715560197812 2.102903850376606 3.5431314539164305 1.6924071442335842 1.6210705339908598 4.3838195316493511 1.9143691360950468 3.44212608784437
leaf_count=490 402 411 342 27 29 37 51 57 24 37 11 25 20 50
internal_value=0.00161166 0.00446374 0.00847387 -0.011482 -0.0180594 0.0110775 0.0123152 -0.00535837 0.0166907 -0.0208511 0.0331134 0.0168602 0.0450339 0.0336398
internal_weight=81.7678 75.1665 63.8062 10.2996 11.3604 3.45243 53.5066 10.618 42.8886 8.69718 10.5207 6.48672 6.97757 5.0632
internal_count=2013 1611 1134 554 477 66 580 133 447 527 105 82 81 61
is_linear=0
shrinkage=0.03


Tree=66
num_leaves=15
num_cat=0
split_feature=1 3 11 7 18 18 4 15 11 14 4 11 14 5
split_gain=8.19698 5.56049 4.07091 2.99272 2.8747 4.7915 2.29967 5.54432 3.22602 2.064 2.29445 1.91723 1.63275 1.85158
threshold=1.5000000000000002 1.0000000180025095e-35 0.64039781531555062 35.500000000000007 0.98182534576205316 -0.91023613416931226 -1.0000000180025095e-35 1.1500000000000001 0.23566649753663838 -3.2605 2.0797009001548803 0.74626599424823514 -2.4815000000000018 9.5000000000000018
decision_type=2 2 2 2 2 2 2 2 2 2 2 2 2 2
left_child=1 6 4 9 5 -3 -1 8 -8 10 -2 12 -11 -14
right_child=3 2 -4 -5 -6 -7 7 -9 -10 11 -12 -13 13 -15
leaf_value=-0.0286639328566545 -0.03487338867169594 0.067080721787076095 0.07155801075945907 -0.020256658902003798 0.039947470331333612 -0.023681708800871958 0.030656207305710479 0.060292602495983109 -0.03127630115924894 0.035324370841851499 0.01358255995638747 -0.022982486236001264 -0.0010096876996893609 0.012876670714319761
leaf_weight=15.033269365318123 2.0976586611941452 0.60691360943019335 0.82507071271538723 3.8282782007008782 1.2741608582437036 3.8080343604087825 0.93801649007946331 0.93941932730376709 3.9216221226379275 2.2072074692696324 1.5144389905035494 1.6273056864738453 12.168053272180257 29.821140100248158
leaf_count=1024 39 16 12 44 7 124 19 23 168 18 11 27 186 294
internal_value=-0.00155749 -0.0149086 0.00928304 0.00529717 0.000251524 -0.0112048 -0.0224733 -0.0064248 -0.019322 0.00727605 -0.0145573 0.00899708 0.0101746 0.00885254
internal_weight=80.6106 27.3465 6.51418 53.2641 5.68911 4.41495 20.8323 5.79906 4.85964 49.4358 3.6121 45.8237 44.1964 41.9892
internal_count=2012 1393 159 619 147 140 1234 210 187 575 50 525 498 480
is_linear=0
shrinkage=0.03


Tree=67
num_leaves=15
num_cat=0
split_feature=19 10 1 11 7 14 8 19 4 3 4 4 11 12
split_gain=8.16891 8.57161 4.505 8.03961 5.691 3.70217 3.86117 3.62572 2.86058 4.46159 2.23364 3.42187 3.29235 4.61175
threshold=0.61559370248597578 1.0000000180025095e-35 1.0000000180025095e-35 0.64654520246492664 31.500000000000004 7.1760000000000028 1.0000000180025095e-35 -0.98182534576205283 1.2194741298138605 2.5000000000000004 1.8377198506341514 0.57903597219764369 0.54465512030492358 17.500000000000004
decision_type=2 2 2 2 2 2 2 2 2 2 2 2 2 2
left_child=1 2 3 7 5 6 10 -1 -3 -10 11 12 13 -4
right_child=-2 8 4 -5 -6 -7 -8 -9 9 -11 -12 -13 -14 -15
leaf_value=0.04551747127951309 -0.028085366275178599 -0.030770003189450279 0.075653097479263867 0.086093848538077569 -0.020172351067824158 -0.020485157030361852 0.051051618219815999 -0.024026139915154055 0.036305144349646809 -0.031603875506860508 0.025858099658039771 -0.0014629649588400863 -0.0071214918713469258 0.01978542821632814
leaf_weight=0.73669560812413593 7.7592509323731056 7.3844855418428761 1.4978475999087155 0.72026740014553148 4.4404923701658836 2.4542154390364876 2.8645992055535308 8.0199436424300039 1.7343621756881478 1.7485652156174181 12.105274034664033 12.339729607105253 3.3724443530663839 11.852984244935213
leaf_count=27 460 393 28 18 53 38 21 470 28 43 65 130 44 161
internal_value=0.00114629 0.0043287 0.00874157 -0.0102507 0.0122758 0.0153752 0.017374 -0.0181754 -0.0201995 0.00221217 0.0150306 0.0105207 0.0193632 0.0260533
internal_weight=79.0312 71.2719 60.4045 9.47691 50.9276 46.4871 44.0329 8.75664 10.8674 3.48293 41.1683 29.063 16.7233 13.3508
internal_count=1979 1519 1055 515 540 487 449 497 464 71 428 363 233 189
is_linear=0
shrinkage=0.03


Tree=68
num_leaves=15
num_cat=0
split_feature=19 10 4 1 13 13 1 12 11 8 4 4 12 12
split_gain=7.46383 7.72545 4.13013 5.81837 3.16273 3.60974 3.30222 3.10805 4.81558 4.17727 2.92783 3.99423 2.77266 2.28836
threshold=0.70581670320594814 1.0000000180025095e-35 1.6209443681942652 7.5000000000000009 -56.45104692546672 110.50951039338547 4.5000000000000009 44.500000000000007 0.42611176779411258 8.0000000000000018 0.38528992792848588 -1.0824190488705205 71.500000000000014 1.5000000000000002
decision_type=2 2 2 2 2 2 2 2 2 2 2 2 2 2
left_child=1 4 -3 -4 6 7 -1 8 -6 10 11 -9 -12 -10
right_child=-2 2 3 -5 5 -7 -8 9 13 -11 12 -13 -14 -15
leaf_value=-0.025363963676657848 -0.030842029907386825 -0.030807799438726354 0.056972994654401719 -0.031497775657684336 -0.019417321002288816 -0.033255662246712635 0.010204041680078612 0.06165938085943104 -0.022337667432359883 0.069894423623849497 0.054268609734303946 -0.00043386472072769568 0.018380815615491854 0.013774756956496152
leaf_weight=4.8657934246584755 6.0177024509757748 7.8748538950458151 1.3258514404296877 1.3504870869219301 5.4668806847184888 1.6336742192506779 4.5423329919576645 1.0429282188415552 1.6858647838234926 1.4729513218626369 2.8538752701133472 8.7949656620621699 6.0341505762189627 24.975055068731308
leaf_count=157 392 414 17 34 148 46 20 6 39 16 21 187 45 422
internal_value=0.00128658 0.00390212 -0.0198657 0.0123304 0.00785959 0.0106581 -0.00819139 0.0120291 0.00623183 0.0212502 0.0174239 0.00614872 0.0299041 0.0114912
internal_weight=79.9374 73.9197 10.5512 2.67634 63.3685 53.9603 9.40813 52.3267 32.1278 20.1989 18.7259 9.83789 8.88803 26.6609
internal_count=1964 1572 465 51 1107 930 177 884 609 275 259 193 66 461
is_linear=0
shrinkage=0.03


Tree=69
num_leaves=15
num_cat=0
split_feature=19 10 4 1 4 9 5 4 5 19 4 2 18 17
split_gain=6.05951 4.97426 4.55197 4.71879 3.51095 4.13541 4.86438 4.46839 4.62623 6.48044 4.3668 4.29583 3.05246 4.2437
threshold=0.70581670320594814 1.0000000180025095e-35 1.2194741298138605 7.5000000000000009 -1.0824190488705205 1.0000000180025095e-35 13.500000000000002 -0.28951798609882212 28.500000000000004 -0.1799261722714405 0.93711985162432576 1.0000000180025095e-35 -0.98182534576205283 1.0000000180025095e-35
decision_type=2 2 2 2 2 2 2 2 2 2 2 2 2 2
left_child=1 4 -3 -4 -1 6 -6 -8 9 -9 12 -10 -11 -14
right_child=-2 2 3 -5 5 -7 7 8 11 10 -12 -13 13 -15
leaf_value=0.059204097267160187 -0.03076649823638242 -0.030724646257290426 0.04023960726595472 -0.03143104387667426 -0.031963002589341184 0.0099416653227835765 -0.032094045115209323 -0.01228724148889431 -0.023352146181291035 0.12603097379060138 0.0096443476185557372 0.029609877229198375 0.0047120260463832534 0.099715748728198911
leaf_weight=1.0534270368516434 5.6551990257576099 7.2774675237014872 2.0401484034955506 1.3901419974863527 5.1754595069214728 37.196706753224134 2.8961089067161057 2.2645931029692292 4.7708744583651423 0.75505706667900141 1.4135321155190466 1.9383687339723108 0.8239558394998312 0.8699383158236742
leaf_count=6 385 414 29 37 227 415 147 55 168 18 11 16 35 15
internal_value=-0.000897929 0.00151975 -0.0172955 0.0111947 0.00492536 0.0039413 -0.00673381 0.00156578 0.00916005 0.0280063 0.0516306 -0.00805088 0.075865 0.0535034
internal_weight=75.521 69.8658 10.7078 3.43029 59.158 58.1046 20.9079 15.7324 12.8363 6.12708 3.86248 6.70924 2.44895 1.69389
internal_count=1978 1593 480 66 1113 1107 692 465 318 134 79 184 68 50
is_linear=0
shrinkage=0.03


Tree=70
num_leaves=15
num_cat=0
split_feature=19 10 4 9 18 12 4 12 5 19 11 12 11 18
split_gain=5.44862 6.38807 3.28079 2.83964 2.58587 3.8234 2.42936 2.61378 2.94689 7.84361 4.61264 4.59443 5.03761 4.43759
threshold=0.70581670320594814 1.0000000180025095e-35 2.3161438887905801 5.5000000000000009 0.98182534576205316 24.500000000000004 -0.93738626322645369 22.500000000000004 41.500000000000007 -0.2393156642875576 0.51113388410968474 10.500000000000002 0.66941875888842972 -0.91023613416931226
decision_type=2 2 2 2 2 2 2 2 2 2 2 2 2 2
left_child=1 2 3 4 6 -6 -1 8 10 -10 13 -12 -13 -8
right_child=-2 -3 -4 -5 5 -7 7 -9 9 -11 11 12 -14 -15
leaf_value=0.025848705096426467 -0.030787260492172997 -0.022403410706826648 0.019663771740393431 0.026337126665998568 -0.0034564987915771282 0.038277364302483165 0.075015503339460665 -0.012715475748541047 0.048380887596352548 -0.033454185924357997 -0.037487916469364821 -0.017767898580284738 0.047751594482506099 -0.0028695158984382405
leaf_weight=2.247459183447055 5.7295669997110954 10.224777820520101 9.2502416223287565 3.5279664173722258 4.7253209976479393 3.3952288758009672 1.1133284168317916 23.205620841123164 3.3308638613671064 1.5421166690066446 4.4098669160157424 2.9998111072927713 1.630044558085501 1.6112035373225904
leaf_count=19 404 469 48 23 50 40 44 553 40 68 112 64 16 57
internal_value=-0.00261367 -0.000408863 0.00316143 0.000320826 -0.00150716 0.0139926 -0.00449754 -0.00620932 0.00286547 0.0224831 -0.00526054 -0.0155735 0.00529971 0.0289567
internal_weight=78.9434 73.2139 62.9891 53.7388 50.2109 8.12055 42.0903 39.8429 16.6372 4.87298 11.7643 9.03972 4.62986 2.72453
internal_count=2007 1603 1134 1086 1063 90 973 954 401 108 293 192 80 101
is_linear=0
shrinkage=0.03


Tree=71
num_leaves=15
num_cat=0
split_feature=1 10 3 14 6 11 13 14 9 14 14 11 15 11
split_gain=7.91333 5.5651 4.9263 4.81529 3.30911 4.86879 5.57251 4.80825 6.19266 6.05304 3.23192 4.14321 2.76843 2.41448
threshold=2.5000000000000004 1.0000000180025095e-35 1.0000000180025095e-35 1.2089999999999981 1.0788101666511498 0.38445233002554774 -12.305611045972713 2.8385000000000038 2.5000000000000004 4.7925000000000013 4.086000000000003 0.22552127931425633 0.95000000000000007 0.45189742975495067
decision_type=2 2 2 2 2 2 2 2 2 2 2 2 2 2
left_child=2 10 4 13 -1 6 7 8 -6 -9 11 -2 -13 -4
right_child=1 -3 3 -5 5 -7 -8 9 -10 -11 -12 12 -14 -15
leaf_value=-0.027318235520590761 0.039616121037556108 -0.017217838420197154 0.0026866646190562872 -0.019341816413371002 -0.031409681588690647 -0.023706426003196748 -0.020315140476203055 0.12546702494090506 0.078715653875074246 0.0095593005671617687 0.033714865524615535 -0.011757921313352853 0.011062270246877386 0.040001371092416436
leaf_weight=14.200655032880606 3.4970648735761669 6.3254493279382578 2.8218682315200549 3.8218443458899856 1.3634466063231236 7.0913493866100907 2.7110265651717764 0.92231046408414818 0.69321980793029059 0.72366587538272142 5.8552119918167582 6.6625939048826721 16.973311726003885 3.4918234897777438
leaf_count=748 17 243 57 105 63 396 128 19 5 36 28 41 83 41
internal_value=-0.000867646 0.00855841 -0.0106605 0.0072357 -0.0172074 -0.0065758 0.0123649 0.0362928 0.00570915 0.0745073 0.013501 0.00913889 0.00462961 0.0233238
internal_weight=77.1548 39.3136 37.8412 10.1355 27.7057 13.505 6.41367 3.70264 2.05667 1.64598 32.9882 27.133 23.6359 6.31369
internal_count=2010 412 1598 203 1395 647 251 123 68 55 169 141 124 98
is_linear=0
shrinkage=0.03


Tree=72
num_leaves=15
num_cat=0
split_feature=19 10 14 4 18 12 13 1 11 11 4 4 14 19
split_gain=5.94634 4.55428 5.15629 4.38181 5.18487 4.21171 3.47877 2.67064 8.12088 3.21575 2.25267 4.22156 2.53663 3.75734
threshold=0.70581670320594814 1.0000000180025095e-35 7.1760000000000028 1.2194741298138605 0.46472317204376884 3.5000000000000004 110.50951039338547 1.0000000180025095e-35 0.66941875888842972 0.23756273573293576 -0.74277745315683441 -0.5981918519761068 0.77449999999999808 0.23931566428755774
decision_type=2 2 2 2 2 2 2 2 2 2 2 2 2 2
left_child=1 2 5 -3 -5 -1 7 8 9 -7 -9 -12 13 -13
right_child=-2 3 -4 4 -6 6 -8 10 -10 -11 11 12 -14 -15
leaf_value=-0.028493434957323302 -0.030726355224418671 -0.030681054772291314 -0.035921494577131431 0.057374864690393705 -0.018068319242639623 0.027753827875890258 -0.033046856849118518 0.037739243554324127 0.13485074178477621 -0.022064836122637977 -0.039163342376865182 0.02607261292450036 0.0060078241382792771 -0.015275850157139536
leaf_weight=2.9295167606323949 5.5151735320687285 6.8771409261971694 2.6882999436929813 1.3234372511506083 2.1546632535755634 1.4356576688587654 1.7639672476798285 2.9874822739511648 0.35106729064136732 6.2110253581777215 1.4700245726853527 15.96734676789494 23.289908348582685 2.2575455503538242
leaf_count=88 404 414 87 20 49 50 52 26 6 377 20 135 237 37
internal_value=-0.000708729 0.0016 0.00470611 -0.0168028 0.0106382 0.0065679 0.00841081 0.00976582 -0.00623408 -0.0127114 0.0125493 0.0107986 0.0125677 0.0209507
internal_weight=77.2223 71.7071 61.3518 10.3552 3.4781 58.6635 55.734 53.9701 7.99775 7.64668 45.9723 42.9848 41.5148 18.2249
internal_count=2002 1598 1115 483 69 1028 940 888 433 427 455 429 409 172
is_linear=0
shrinkage=0.03


Tree=73
num_leaves=15
num_cat=0
split_feature=19 10 5 5 0 1 5 0 1 9 13 3 12 5
split_gain=5.69084 5.54252 3.27249 3.51315 2.57877 7.4406 2.57521 3.63965 3.0718 5.13481 4.20971 6.83539 3.0782 3.02664
threshold=0.70581670320594814 1.0000000180025095e-35 6.5000000000000009 17.500000000000004 3.5000000000000004 6.5000000000000009 26.500000000000004 7.5000000000000009 9.5000000000000018 2.5000000000000004 -23.958883988410026 1.0000000180025095e-35 32.500000000000007 30.500000000000004
decision_type=2 2 2 2 2 2 2 2 2 2 2 2 2 2
left_child=1 2 -1 -4 -3 -6 -5 8 9 10 -8 13 -11 -12
right_child=-2 4 3 6 5 -7 7 -9 -10 12 11 -13 -14 -15
leaf_value=-0.0077527336382923161 -0.030699084030807029 -0.030729453403529634 0.023262795101743301 -0.0092600554956117735 0.084457607136165319 -0.021076006777947385 -0.015308434170558587 0.040580706027159831 -0.032972052160487209 0.052750287434203062 0.039550571526301759 0.044605546330739501 0.009366926613318477 -0.027696361421994001
leaf_weight=13.594176157377658 5.194858086295425 6.2347879260778409 11.633833616971968 9.3356937458738667 0.76118486560881171 2.8619877519086003 8.3474834123626334 2.9332632645964614 1.7611111104488362 3.089831229299306 0.76409373991192397 3.6886112466454506 2.8111260076984763 2.8458752017468214
leaf_count=260 405 365 184 180 12 100 223 14 8 22 19 26 23 141
internal_value=-0.000393801 0.00183412 0.00521712 0.00895173 -0.0190326 0.00109533 0.00427196 0.00908614 0.00512264 0.00823625 -0.000757662 0.0158843 0.0320831 -0.0134627
internal_weight=75.8579 70.6631 60.8051 47.2109 9.85796 3.62317 35.5771 26.2414 23.3081 21.547 15.6461 7.29858 5.90096 3.60997
internal_count=1982 1577 1100 840 477 112 656 476 462 454 409 186 45 160
is_linear=0
shrinkage=0.03


Tree=74
num_leaves=15
num_cat=0
split_feature=1 9 11 10 19 4 1 14 5 13 1 11 4 13
split_gain=5.90301 5.57438 6.54413 4.45319 4.05921 3.94798 5.83362 3.52715 4.16587 6.53389 3.63724 4.90354 3.17501 2.60812
threshold=1.0000000180025095e-35 2.5000000000000004 0.27110848017865019 1.0000000180025095e-35 0.70581670320594814 1.6209443681942652 7.5000000000000009 6.0554999999999959 9.5000000000000018 17.591754777829447 3.5000000000000004 0.50037791236649853 -1.0000000180025095e-35 65.91566071373029
decision_type=2 2 2 2 2 2 2 2 2 2 2 2 2 2
left_child=1 -1 -3 4 7 -5 -7 8 9 -2 11 12 -11 -10
right_child=3 2 -4 5 -6 6 -8 -9 13 10 -12 -13 -14 -15
leaf_value=-0.027887932879315316 -0.027315690736359571 0.081008467332599768 -0.031552926833583531 -0.030659446154452437 -0.031003690743180417 0.058849873811441404 -0.031332545447179998 -0.020847050762025674 0.017015557881931199 0.04733901177630942 -0.005036926042427262 0.09060072838080703 -0.031502049766112587 -0.015436948552203792
leaf_weight=10.729198822751639 6.0982768693938834 0.99236172251403221 0.87449239660054445 5.9691002042964083 2.5453562978655091 1.2905743904411795 1.2916694357991216 3.6097559826448551 34.585759128443897 0.98809028137475252 3.3842941224575043 1.1026382669806478 0.8596677025780084 2.3823389364406458
leaf_count=810 74 11 32 349 147 15 37 57 337 18 17 12 24 36
internal_value=-0.000787816 -0.0195631 0.0282812 0.00290122 0.0060033 -0.0172523 0.0137395 0.00778022 0.00987203 -0.00515012 0.0161882 0.0405348 0.0106583 0.0149242
internal_weight=76.7036 12.5961 1.86685 64.1075 55.5562 8.55134 2.58224 53.0108 49.4011 12.433 6.33469 2.9504 1.84776 36.9681
internal_count=1976 853 43 1123 722 401 52 575 518 145 71 54 42 373
is_linear=0
shrinkage=0.03


Tree=75
num_leaves=15
num_cat=0
split_feature=19 18 12 11 18 5 4 13 6 5 6 5 6 4
split_gain=5.0874 3.63425 3.4165 4.94311 3.09358 3.52075 2.80727 4.39239 4.12152 3.82232 2.99231 2.38613 2.95235 2.1833
threshold=0.70581670320594814 -0.78574730703237861 9.5000000000000018 0.67534821531199596 0.95297903005573359 44.500000000000007 0.35663686847124249 54.683046068199083 -84.119784597872226 73.500000000000014 -76.30127369371175 12.500000000000002 -33.267064280980769 2.0797009001548803
decision_type=2 2 2 2 2 2 2 2 2 2 2 2 2 2
left_child=1 -1 4 6 5 -3 9 8 -8 -4 -10 -12 -13 -9
right_child=-2 2 3 -5 -6 -7 7 13 10 -11 11 12 -14 -15
leaf_value=-0.01640259634611967 -0.030648363411823636 -0.039088226207473924 -0.0067232833640839297 0.05436059864625533 0.012243620287570292 0.021741678656583763 -0.033705935842952991 -0.036404432571975287 0.054267057756035457 0.041742535903456543 -0.0062268267239793231 0.052348825881577583 0.015312876471344983 0.0080652233518255685
leaf_weight=9.6641472261399013 4.9890405097976318 4.4654520079493505 21.300936589017514 1.8487250050529827 2.6032818472012877 1.0595155637711284 1.4362323759123743 2.4008004721254101 1.946157824248085 1.572657324373721 3.7715873932465867 2.2271109502762689 14.878733796998846 1.6952691860496996
leaf_count=451 396 113 644 18 28 25 27 39 20 18 49 22 135 12
internal_value=-0.00136719 0.0006941 0.00339357 0.00616723 -0.0147187 -0.027423 0.00442807 0.0107355 0.0155871 -0.00339105 0.018689 0.0153725 0.0201348 -0.0179995
internal_weight=75.8596 70.8706 61.2065 53.0782 8.12825 5.52497 51.2295 28.3559 24.2598 22.8736 22.8236 20.8774 17.1058 4.09607
internal_count=1997 1601 1150 984 166 138 966 304 253 662 226 206 157 51
is_linear=0
shrinkage=0.03


Tree=76
num_leaves=15
num_cat=0
split_feature=19 10 4 14 14 4 18 0 4 14 13 13 13 18
split_gain=5.75131 6.35757 5.20579 5.00821 2.82309 2.62539 3.30387 2.05345 1.90901 2.10315 2.47122 2.33993 4.45591 4.01138
threshold=0.70581670320594814 1.0000000180025095e-35 2.4302359521596544 -2.223999999999998 5.9325000000000019 1.2194741298138605 0.61559370248597556 2.5000000000000004 -1.0824190488705205 -1.8384999999999978 63.082491740035231 -24.516779381219354 -19.557586978322917 -0.35460488704253573
decision_type=2 2 2 2 2 2 2 2 2 2 2 2 2 2
left_child=1 2 3 -1 8 -3 -7 -6 -5 -10 11 13 -13 -11
right_child=-2 5 -4 4 7 6 -8 -9 9 10 -12 12 -14 -15
leaf_value=-0.020236754918779111 -0.030668741583202531 -0.030625568836762318 0.030898029754220672 0.047534242422551089 -0.032205817712554929 0.027063692712909392 -0.031823665405263928 0.015626224771913291 0.045970942963069091 -0.031161273851234725 -0.023682871581595363 0.055921820551931192 0.010797424837714856 0.0075673575103205265
leaf_weight=6.9038418373093 4.8484275517985216 6.3696554414927942 7.127269595861434 1.1531481742858805 2.6351945661008354 1.9926689732819798 1.5051710000261662 1.1648262590169904 1.2965457234531559 2.9746154071763167 2.2093497226014724 2.1991826631128708 18.857595852576228 12.613393407315005
leaf_count=161 398 420 40 7 128 33 38 5 24 146 70 37 323 175
internal_value=0.000914635 0.00313383 0.0068536 0.00355849 0.00720071 -0.0191584 0.00172361 -0.0175438 0.00947725 0.00838423 0.00712998 0.00898772 0.0155102 0.000176883
internal_weight=73.8509 69.0025 59.135 52.0077 45.1039 9.8675 3.49784 3.80002 41.3038 40.1507 38.8541 36.6448 21.0568 15.588
internal_count=2005 1607 1116 1076 915 491 71 133 782 775 751 681 360 321
is_linear=0
shrinkage=0.03


Tree=77
num_leaves=15
num_cat=0
split_feature=19 14 19 4 17 9 13 13 13 14 14 14 18 12
split_gain=4.67636 2.88666 2.57945 5.385 3.34258 3.48259 2.82527 4.99698 4.53995 3.31335 6.07907 3.59848 3.04317 3.70344
threshold=0.70581670320594814 6.0554999999999959 0.4647231720437684 -0.22289952759811194 1.0000000180025095e-35 1.5000000000000002 -53.475126652841972 -38.856902147885641 -44.352316666746397 3.4499999999999962 2.6049999999999991 2.212499999999999 0.98182534576205316 24.500000000000004
decision_type=2 2 2 2 2 2 2 2 2 2 2 2 2 2
left_child=1 2 6 -4 5 -5 -1 8 -8 10 11 12 -9 -14
right_child=-2 -3 3 4 -6 -7 7 9 -10 -11 -12 -13 13 -15
leaf_value=-0.017611298737439721 -0.030642754002419368 -0.021217511185268829 -0.031076326175821258 -0.012771136571915673 0.06546261519825744 0.066526937513720505 0.0037722474929811167 -0.0043583010158391592 0.05281169266485003 -0.017858486277484792 0.036077047633925961 -0.044628797741403138 -0.0068587933104568817 0.033004412437291915
leaf_weight=6.452482506632804 4.3779153795912853 4.7624108521267763 1.31048799585551 1.5335666071623557 2.1067028315737844 0.7384671177715062 3.5249400530010462 23.122850600630048 3.2800171431154004 7.8683607419952741 4.5466301068663588 1.6118241511285294 3.5789752267301065 5.0672169420868158
leaf_count=174 376 183 78 66 27 5 82 492 48 210 84 39 42 55
internal_value=-0.000569708 0.00132451 0.00298268 0.022275 0.0382423 0.0130027 0.00112404 0.00342229 0.0274095 -0.000142045 0.00353337 -0.000899229 0.00131942 0.0165036
internal_weight=73.8828 69.5049 64.7425 5.68922 4.37874 2.27203 59.0533 52.6008 6.80496 45.7959 37.9275 33.3809 31.769 8.64619
internal_count=1961 1585 1402 176 98 71 1226 1052 130 922 712 628 589 97
is_linear=0
shrinkage=0.03


Tree=78
num_leaves=15
num_cat=0
split_feature=19 1 5 13 14 14 14 3 5 5 14 11 19 11
split_gain=5.51316 3.44985 4.20998 3.3392 2.26152 5.14349 5.1199 4.4162 4.0854 4.35751 4.68073 2.6962 2.21705 2.20112
threshold=0.70581670320594814 1.0000000180025095e-35 73.500000000000014 -50.463436768593795 3.4499999999999962 2.6049999999999991 2.212499999999999 2.5000000000000004 19.500000000000004 6.5000000000000009 5.8185000000000011 0.54715744895015461 0.4647231720437684 0.68462255647115766
decision_type=2 2 2 2 2 2 2 2 2 2 2 2 2 2
left_child=1 2 13 12 5 6 -5 -7 9 10 -6 -10 -3 -1
right_child=-2 3 -4 4 8 7 -8 -9 11 -11 -12 -13 -14 -15
leaf_value=-0.021350842506107685 -0.030561050343803537 -0.015279157496203618 0.04425623067348787 0.011302828993059752 -0.033986392827680116 0.057913308784259696 -0.042596799506802216 0.0048936251771420167 -0.035159025928315567 0.037693406245139914 0.046709780103396589 0.012941113599175205 0.024260307027638484 0.057973245225850983
leaf_weight=8.8486654311418498 4.3585294606164089 8.3221483612433058 1.0736815184354771 32.939356745220721 2.2892214441671954 3.8772640582174054 1.6663452722132195 2.2254276052117348 3.732200913131237 3.3813995001837611 0.90174649190157641 1.4587624389678238 1.507508074864744 0.32644414529204446
leaf_count=596 389 165 30 466 59 55 28 22 72 53 17 23 22 11
internal_value=0.00220945 0.00417818 -0.0119511 0.0068315 0.00983757 0.0131855 0.00870744 0.038579 -0.00174849 0.0139637 -0.0111822 -0.0216419 -0.00921526 -0.0185285
internal_weight=76.9087 72.5502 10.2488 62.3014 52.4717 40.7084 34.6057 6.10269 11.7633 6.57237 3.19097 5.19096 9.82966 9.17511
internal_count=2008 1619 637 982 795 571 494 77 224 129 76 95 187 607
is_linear=0
shrinkage=0.03


Tree=79
num_leaves=15
num_cat=0
split_feature=4 8 11 6 13 4 15 7 6 13 2 4 9 13
split_gain=5.02938 3.41581 4.26657 3.04379 2.75861 3.40957 3.13665 2.99065 2.69176 3.03232 2.5005 2.67128 2.26297 2.23954
threshold=0.14917215527520222 8.0000000000000018 0.22809836782580092 -86.576576576576556 40.103715226056416 2.3161438887905801 1.0500000000000003 35.500000000000007 -81.524150878989573 4.1260140918382779 3.5000000000000004 -0.93738626322645369 2.5000000000000004 -44.352316666746397
decision_type=2 2 2 2 2 2 2 2 2 2 2 2 2 2
left_child=1 8 -3 -2 7 6 -6 13 9 -1 11 12 -10 -5
right_child=3 2 -4 4 5 -7 -8 -9 10 -11 -12 -13 -14 -15
leaf_value=-0.030516455704556605 -0.033829993846328045 0.07467760532674575 -0.011568973102435593 -0.00045904542796792352 -0.035741403386008952 0.029007289828058475 0.01972374849730962 -0.023320928339206091 0.03480826504486683 0.047423008772228707 0.049566135483841346 -0.018644854406555968 -0.019768996601714578 0.018293720549098932
leaf_weight=0.6697062873281604 1.581400112248956 0.96067366376519148 1.115809893235564 7.3893555374816016 3.6556479008868328 1.5699683874845503 1.2251708544790743 2.0428021661937228 1.6546113593503933 1.3648785836994646 0.54530863463878532 23.518483052030202 1.1652982933446763 25.546934287995104
leaf_count=53 29 10 40 88 89 11 9 30 38 41 5 1210 30 320
internal_value=0.000379351 -0.00883345 0.0283325 0.00701828 0.00857748 -0.00944885 -0.0218187 0.0119019 -0.0115022 0.0217684 -0.0140201 -0.0153366 0.0122548 0.0140865
internal_weight=74.006 30.9948 2.07648 43.0113 41.4299 6.45079 4.88082 34.9791 28.9183 2.03458 26.8837 26.3384 2.81991 32.9363
internal_count=2003 1427 50 576 547 109 98 438 1377 94 1283 1278 68 408
is_linear=0
shrinkage=0.03


Tree=80
num_leaves=15
num_cat=0
split_feature=1 10 19 14 2 1 14 14 14 17 12 11 11 7
split_gain=4.63874 3.27719 3.09858 2.91863 4.72972 2.82904 2.60637 4.88663 2.59512 3.7768 5.05571 3.20919 2.80546 2.71607
threshold=1.0000000180025095e-35 1.0000000180025095e-35 0.70581670320594814 0.77449999999999808 1.5000000000000002 13.500000000000002 2.9625000000000008 3.1735000000000011 -0.69800000000000206 1.0000000180025095e-35 10.500000000000002 0.52290284836904888 0.22788520157574632 11.500000000000002
decision_type=2 2 2 2 2 2 2 2 2 2 2 2 2 2
left_child=-1 2 3 8 -5 -6 -3 -8 9 10 -2 12 -12 -14
right_child=1 6 -4 4 5 -7 7 -9 -10 -11 11 -13 13 -15
leaf_value=-0.017382185097603024 -0.04393498067794914 -0.030983543626777323 -0.030879970247229521 -0.0073385250100187821 0.033966732142092552 0.0013429573229364509 0.093634861436308683 -0.0089526175035874178 0.028329458263652716 0.037236175660068836 0.02467213816832339 0.042686865394875873 -0.03850129206665083 0.010401700196012127
leaf_weight=12.090532691683618 2.0170942172408131 4.2456043967977148 2.0068843187764278 19.998279335908595 4.979618199169634 4.6042248234152794 0.46781877428293217 3.915641057305038 8.5405635265633446 2.9373107003048053 2.3891213694587332 1.9494068864732979 2.2403221651911736 1.8798029404133556
leaf_count=884 25 220 143 296 24 23 10 177 80 36 18 17 31 20
internal_value=-0.000379752 0.00292671 0.00569179 0.00711596 0.000965677 0.0182938 -0.0142304 0.00199589 0.0154034 0.00717285 -0.00125665 0.00892065 -0.00119175 -0.0161894
internal_weight=74.2622 62.1717 53.5426 51.5357 29.5821 9.58384 8.62906 4.38346 21.9536 13.4131 10.4757 8.45865 6.50925 4.12013
internal_count=2004 1120 713 570 343 47 407 187 227 147 111 86 69 51
is_linear=0
shrinkage=0.03


Tree=81
num_leaves=15
num_cat=0
split_feature=4 6 9 4 11 11 14 4 14 5 9 5 5 6
split_gain=2.96884 2.74087 2.29309 2.31554 2.3096 4.86879 2.41831 3.43982 3.5627 3.12874 4.2877 3.63137 3.10296 8.089
threshold=2.3161438887905801 -64.466490051293604 5.5000000000000009 -0.3358975876374406 0.19124336059904815 0.2056738302354604 3.4499999999999962 2.0030478741915041 2.6049999999999991 22.500000000000004 2.5000000000000004 28.500000000000004 15.500000000000002 -18.742945823927759
decision_type=2 2 2 2 2 2 2 2 2 2 2 2 2 2
left_child=2 -2 3 -1 -5 -6 7 8 -7 10 -10 -11 13 -8
right_child=1 -3 -4 4 5 6 12 -9 9 11 -12 -13 -14 -15
leaf_value=-0.015834162858845962 -0.0093813779700260055 0.025370536787430304 0.018930455198289071 -0.035556988758745071 0.053439288901660803 0.0012327903984089333 -0.025132114743894839 -0.029259446486632812 -0.035207401898951801 0.098203133915315419 0.040826391554393188 0.019353620795889506 -0.025227638157777951 0.059193627615738667
leaf_weight=11.425820136442779 2.8613257370889187 7.1380128469318134 4.3228567978367201 1.6605307077988971 1.5097523601725686 25.371546642854813 2.6982883275486529 2.7600141186267129 1.1719857593998306 1.0006189132109287 1.5507119763642547 1.1074901921674607 7.2058726497925818 1.6497735884040574
leaf_count=583 21 50 67 44 27 732 114 18 35 9 12 38 219 28
internal_value=0.000233212 0.0154262 -0.00216167 -0.00370413 -0.000797741 0.000456305 -0.00134059 0.00279915 0.00572879 0.0293419 0.00809763 0.0567797 -0.0131509 0.00686338
internal_weight=73.4346 9.99934 63.4353 59.1124 47.6866 46.0261 44.5163 32.9624 30.2024 4.83081 2.7227 2.10811 11.5539 4.34806
internal_count=1997 71 1926 1859 1276 1232 1205 844 826 94 47 47 361 142
is_linear=0
shrinkage=0.03


Tree=82
num_leaves=15
num_cat=0
split_feature=1 14 14 5 0 7 3 12 9 7 6 14 15 10
split_gain=3.72233 3.27235 2.75637 3.51678 3.93334 3.76397 2.27509 2.91207 3.67004 3.90486 2.88025 2.18997 2.29502 2.04822
threshold=2.5000000000000004 4.086000000000003 3.4499999999999962 40.500000000000007 6.5000000000000009 19.500000000000004 1.0000000180025095e-35 61.500000000000007 1.0000000180025095e-35 4.5000000000000009 -86.576576576576556 4.5125000000000002 1.0500000000000003 1.0000000180025095e-35
decision_type=2 2 2 2 2 2 2 2 2 2 2 2 2 2
left_child=6 2 3 4 5 -2 7 -1 10 -10 -9 -3 -13 -8
right_child=1 11 -4 -5 -6 -7 13 8 9 -11 -12 12 -14 -15
leaf_value=-0.019133214665239116 0.009579979024344756 0.045738659262695436 -0.02378768903117039 0.026925931154350699 -0.029531556335036308 -0.030305504047404792 0.010857924723508361 0.070548837223733729 -0.0063213698929522454 0.053854353350026897 -0.031398447935579762 0.023370055092376583 -0.02314331871424637 -0.031015954437278906
leaf_weight=18.90531841758639 16.513445607386544 2.4949720557779065 3.6549729648977509 4.9201129153370848 3.6603714162483802 2.4446473009884349 7.2841798271983844 0.27554046735167537 2.0026948228478436 1.8830708246678112 2.6304242103360584 3.6748797344043851 1.2897962667047975 1.2286398708820341
leaf_count=1164 172 26 37 39 33 25 108 4 66 35 139 52 27 81
internal_value=-0.0014196 0.00495948 0.00069088 0.00393972 -0.00106038 0.00443674 -0.00862723 -0.0130801 0.00376923 0.0228402 -0.0217319 0.0228092 0.0112861 0.00481434
internal_weight=72.8631 38.6532 31.1936 27.5386 22.6185 18.9581 34.2099 25.697 6.79173 3.88577 2.90596 7.45965 4.96468 8.51282
internal_count=2008 411 306 269 230 197 1597 1408 244 101 143 105 79 189
is_linear=0
shrinkage=0.03


Tree=83
num_leaves=15
num_cat=0
split_feature=13 10 11 2 5 5 9 13 5 11 14 14 0 15
split_gain=3.71573 3.62191 3.43567 4.45882 4.45843 3.86039 3.81714 3.68825 4.82394 5.44871 4.00742 3.94292 3.87483 4.31108
threshold=63.082491740035231 1.0000000180025095e-35 0.24020481232291888 1.5000000000000002 15.500000000000002 28.500000000000004 3.5000000000000004 51.527848773199118 11.500000000000002 0.50855718130674632 -2.6499999999999981 6.0554999999999959 1.0000000180025095e-35 0.75000000000000011
decision_type=2 2 2 2 2 2 2 2 2 2 2 2 2 2
left_child=1 2 4 5 -1 7 -7 8 -4 11 -11 12 13 -10
right_child=-2 -3 3 -5 -6 6 -8 -9 9 10 -12 -13 -14 -15
leaf_value=-0.0058201300010877139 -0.021991164030590368 -0.017031180738406249 -0.017637780443211324 0.01690869079892619 0.037175480262770531 -0.023725535443979911 0.012597449342950125 0.044492065363758521 0.065780489410109097 0.04594702984560313 -0.024492154565388228 -0.036293921680188204 0.052529914033479772 -0.030963808374237369
leaf_weight=3.4890583576634508 6.6675766236148766 8.3098211637698096 8.1332384180277639 11.961613330990074 5.7439545951783657 11.877489399164913 3.334971170872449 1.845738612115382 0.61897401744499614 0.8862530686892568 4.0429362123832107 0.73659690003842104 4.3814577059820294 1.2552172867581246
leaf_count=45 248 448 284 60 66 482 23 27 35 14 112 31 44 86
internal_value=-0.000638824 0.00149828 0.00413905 0.00098035 0.0209279 -0.00415341 -0.0157626 0.00391055 0.000175616 0.0123286 -0.0118274 0.0293573 0.0370877 0.000987149
internal_weight=73.2849 66.6173 58.3075 49.0745 9.23301 37.1129 15.2125 21.9004 20.0547 11.9214 4.92919 6.99225 6.25565 1.87419
internal_count=2005 1757 1309 1198 111 1138 505 633 606 322 126 196 165 121
is_linear=0
shrinkage=0.03


Tree=84
num_leaves=15
num_cat=0
split_feature=19 5 13 1 5 11 18 15 6 0 11 19 14 14
split_gain=4.835 3.31539 2.63914 2.39436 3.39798 3.7896 3.11174 12.8936 2.22129 1.99779 4.89135 2.61512 2.28792 4.11636
threshold=0.70581670320594814 6.5000000000000009 84.969225877436017 1.0000000180025095e-35 73.500000000000014 0.64654520246492664 -0.95297903005573326 0.95000000000000007 -66.630036630036599 1.0000000180025095e-35 0.19471204230691871 0.4647231720437684 0.77449999999999808 -2.022500000000004
decision_type=2 2 2 2 2 2 2 2 2 2 2 2 2 2
left_child=1 8 3 4 5 -3 7 -5 -1 10 -8 12 13 -11
right_child=-2 2 -4 6 -6 -7 9 -9 -10 11 -12 -13 -14 -15
leaf_value=-0.003328056014735042 -0.030566074240293555 -0.025235563905531843 -0.031633008417269674 0.1087377118683374 0.040485391505572302 0.051309722017143927 0.056618482454440185 -0.035293088919660251 -0.031992095298470406 -0.0059373177162837763 -0.026455236868526508 0.040018867669519315 0.0026537433607521066 0.029870658587956792
leaf_weight=12.745568268001078 4.0313800163567057 5.3523283898830405 1.5507134380750347 1.2634019330143922 1.0980556495487688 0.65313415322452772 0.7858958300203075 1.0038263006135819 3.0072699021548024 4.2231083419173947 3.3870455687865615 2.6131928833201519 20.786396328359842 9.1483834469690901
leaf_count=339 387 398 71 28 30 19 12 33 111 46 128 34 278 74
internal_value=0.0013506 0.00325346 0.00691443 0.00810247 -0.00803851 -0.0169108 0.0107559 0.0449674 -0.00880012 0.00886147 -0.0108098 0.0110939 0.008881 0.0185615
internal_weight=71.6497 67.6183 51.8655 50.3148 7.10352 6.00546 43.2113 2.26723 15.7528 40.944 4.17294 36.7711 34.1579 13.3715
internal_count=1988 1601 1151 1080 447 417 633 61 450 572 140 432 398 120
is_linear=0
shrinkage=0.03


Tree=85
num_leaves=15
num_cat=0
split_feature=19 10 4 1 7 6 4 13 6 13 15 18 12 11
split_gain=5.17917 3.85167 3.99478 3.99089 3.70999 2.63212 3.151 2.84588 1.87953 2.67446 3.84434 4.42329 5.26321 5.64079
threshold=0.70581670320594814 1.0000000180025095e-35 1.2194741298138605 7.5000000000000009 35.500000000000007 -88.488994153402771 2.4302359521596544 76.551294869349988 199.72682359779137 -50.463436768593795 1.0500000000000003 -0.95297903005573326 10.500000000000002 0.35338491204703071
decision_type=2 2 2 2 2 2 2 2 2 2 2 2 2 2
left_child=1 4 -3 -4 5 -1 7 8 9 -7 11 12 -11 -14
right_child=-2 2 3 -5 -6 6 -8 -9 -10 10 -12 -13 13 -15
leaf_value=-0.033706791288087269 -0.030585022854612631 -0.030606403089614185 0.036183902013946077 -0.031274404783767674 -0.019325795501606315 -0.0090164065096917448 0.029701925188695476 -0.023467344611203832 0.039544919921818293 0.10106059154098535 0.025394852818408548 0.0005532342223251379 0.094971588784033237 -0.031567334875237288
leaf_weight=1.2577411588281382 4.0248624631203702 5.2751906230114383 2.1277782265096907 1.2547463318333028 4.4278118684887877 6.971495580393813 6.5547668784856787 2.525734204798936 1.7712067645043124 0.8943386655300779 11.765557465609161 22.725844872649777 0.46486430522054412 0.99714457150548697
leaf_count=20 396 387 29 40 88 159 36 102 29 34 150 447 15 44
internal_value=0.00249513 0.00442434 -0.0142884 0.0111603 0.00710855 0.00920133 0.0101885 0.00753018 0.00924746 0.00802281 0.0112466 0.00460992 0.0437347 0.00866732
internal_weight=73.0391 69.0142 8.65772 3.38252 60.3565 55.9287 54.671 48.1162 45.5905 43.8192 36.8477 25.0822 2.35635 1.46201
internal_count=1976 1580 456 69 1124 1036 1016 980 878 849 690 540 93 59
is_linear=0
shrinkage=0.03


Tree=86
num_leaves=15
num_cat=0
split_feature=19 7 5 13 2 6 11 13 11 19 4 11 9 0
split_gain=4.09254 3.37839 3.25747 2.77661 3.57769 2.52831 2.54526 3.4724 3.16707 4.17779 3.31282 2.73671 2.62497 2.39738
threshold=0.70581670320594814 21.500000000000004 41.500000000000007 -20.436165977809271 1.0000000180025095e-35 -87.163437882619476 0.24020481232291888 76.551294869349988 0.23315522068863967 -0.78574730703237872 -0.76922121354711048 0.25906011347951624 1.0000000180025095e-35 1.0000000180025095e-35
decision_type=2 2 2 2 2 2 2 2 2 2 2 2 2 2
left_child=1 5 -3 -4 -5 -1 8 11 9 10 -7 -8 -12 -13
right_child=-2 2 3 4 -6 6 7 -9 -10 -11 12 13 -14 -15
leaf_value=-0.033104498915934873 -0.030511711871582831 -0.032397095957809048 -0.016489464624154179 -0.0048831435737476097 0.062465308321494724 0.0368556726440675 -0.035933201789580663 -0.033532764293931858 0.05373290345128643 0.031377469643693784 0.0082445180691361891 -0.0070260754902298286 -0.044054074726560144 0.010079627355612472
leaf_weight=1.5658814450725902 3.8224034835584453 4.7514167488552612 4.0017425357364118 1.7912521613761785 1.1759116873145101 1.0926316389814017 1.4682088503614057 2.3099177111871532 1.8886268762871612 4.6107273879460982 1.4541415674611919 9.8460210952907783 2.1274181958287954 29.369176813866943
leaf_count=42 400 106 117 62 9 12 52 89 27 98 38 535 39 384
internal_value=-0.000313577 0.00139768 -0.013243 -0.000183651 0.0218076 0.00447654 0.00556295 0.0022477 0.0183193 0.0111159 -0.00887064 0.00427924 -0.0228204 0.00578478
internal_weight=71.2755 67.4531 11.7203 6.96891 2.96716 55.7328 54.1669 42.9933 11.1735 9.28492 4.67419 40.6834 3.58156 39.2152
internal_count=2010 1610 294 188 71 1316 1274 1060 214 187 89 971 77 919
is_linear=0
shrinkage=0.03


Tree=87
num_leaves=15
num_cat=0
split_feature=19 4 5 13 7 7 12 4 2 11 11 11 11 14
split_gain=4.38016 3.53709 3.38054 2.43571 3.53413 7.23891 6.75864 3.10123 2.46097 2.43996 4.84078 3.6397 2.82147 5.21256
threshold=0.70581670320594814 -0.3358975876374406 57.500000000000007 -76.460513758289025 4.5000000000000009 19.500000000000004 6.5000000000000009 0.93711985162432421 1.5000000000000002 0.63726261727220712 0.69904330053668895 0.55696822308116467 0.45189742975495067 4.432000000000003
decision_type=2 2 2 2 2 2 2 2 2 2 2 2 2 2
left_child=1 2 -1 -3 9 6 -6 8 -7 11 -11 12 13 -5
right_child=-2 3 -4 4 5 7 -8 -9 -10 10 -12 -13 -14 -15
leaf_value=-0.017726185841305687 -0.03051106757913357 -0.024668739121561117 0.025661040319349723 -0.01227879041042919 -0.041729142233919013 -0.032987033800146767 0.04167506144577595 0.014264535283479939 0.027414200242760901 0.048636576833565814 -0.0080429023191499003 -0.03085915425672088 0.018775797603272037 0.031014560199113451
leaf_weight=11.517283312976359 3.9092037309892467 2.2922750837169579 1.8800658755935717 14.270664516370752 0.96335194539279001 3.3622884689830226 9.473526784218846 4.3559278910979629 0.7408651066944002 2.6212654532864681 2.8098675701767206 3.5889187511056653 6.2900698394514611 3.0353133846074334
leaf_count=495 413 56 47 294 31 138 158 41 11 28 35 82 127 61
internal_value=0.000359458 0.00215523 -0.0116376 0.00558967 0.00693616 0.01726 0.0339766 -0.00336519 -0.022081 0.000955123 0.0193127 -0.00271244 0.00156863 -0.00468552
internal_weight=71.1109 67.2017 13.3973 53.8043 51.5121 18.896 10.4369 8.45908 4.10315 32.6161 5.43113 27.185 23.596 17.306
internal_count=2017 1604 542 1062 1006 379 189 190 149 627 63 564 482 355
is_linear=0
shrinkage=0.03


Tree=88
num_leaves=15
num_cat=0
split_feature=19 10 9 5 3 14 14 0 14 12 19 6 7 3
split_gain=3.87372 2.55278 2.65244 3.50694 3.11968 2.62066 3.64668 4.37995 2.55724 2.55089 2.88021 2.83716 2.53849 2.36384
threshold=0.61559370248597578 1.0000000180025095e-35 1.0000000180025095e-35 12.500000000000002 2.5000000000000004 2.9625000000000008 4.1419999999999986 3.5000000000000004 -4.9974999999999996 53.500000000000007 -0.91023613416931226 -55.269597956165114 19.500000000000004 1.0000000180025095e-35
decision_type=2 2 2 2 2 2 2 2 2 2 2 2 2 2
left_child=1 2 3 -1 8 -3 7 -7 -4 10 -10 -12 -11 -5
right_child=-2 5 4 13 -6 6 -8 -9 9 12 11 -13 -14 -15
leaf_value=-0.031913659630747687 -0.026426725273816964 -0.030814674559060066 0.049572994092798146 -0.0097175666240032869 -0.0049203002061035395 -0.030656452324835701 -0.019934195438444317 0.070896281948500839 0.030570048776668128 0.036519753075671506 0.016241606623084284 -0.012168835060483919 -0.0017558749646820384 0.015058463882712203
leaf_weight=3.6676135999150601 4.8519395412877193 4.1887516709975881 1.7016249438747788 8.0020520263351482 11.202563501894472 0.57752051064744581 2.5852245460264385 1.130375489592552 3.1734349532052937 5.5506597720086566 5.1457828925922557 8.2121888529509235 2.1687692934647202 6.1135779442265621
leaf_count=189 443 257 29 367 58 38 152 21 30 70 60 148 21 58
internal_value=-0.00059104 0.00138551 0.00375046 -0.00577771 0.00831086 -0.0139326 0.00253902 0.0365565 0.0140222 0.0115277 0.0048789 -0.00122451 0.0257662 0.00101311
internal_weight=68.2721 63.4201 54.9383 17.7832 37.155 8.48187 4.29312 1.7079 25.9525 24.2508 16.5314 13.358 7.71943 14.1156
internal_count=1941 1498 1030 614 416 468 211 59 358 329 238 208 91 425
is_linear=0
shrinkage=0.03


Tree=89
num_leaves=15
num_cat=0
split_feature=11 0 18 6 11 18 11 18 14 15 1 10 0 0
split_gain=3.22991 3.5214 3.55816 3.57423 3.0969 4.02125 2.79379 2.51526 7.03731 4.73682 2.50143 3.61934 2.40507 2.28637
threshold=0.24020481232291888 3.5000000000000004 0.61559370248597556 -77.961265254082932 0.64654520246492664 0.70581670320594825 0.58146187550544004 -0.95297903005573326 -4.7824999999999998 0.75000000000000011 6.5000000000000009 1.0000000180025095e-35 1.0000000180025095e-35 1.0000000180025095e-35
decision_type=2 2 2 2 2 2 2 2 2 2 2 2 2 2
left_child=-1 2 7 -4 5 -5 13 8 -2 12 -3 -12 -10 -7
right_child=1 10 3 4 -6 6 -8 -9 9 -11 11 -13 -14 -15
leaf_value=0.01483410853308522 0.24387556943535746 0.041350829025585539 0.030977566750558894 0.052354191090931715 0.027306096822370986 -0.030856054301856308 -0.038380827023820938 -0.019165018847374631 0.07749706054595154 -0.022519131491937804 0.012125226614711975 -0.031270349101551215 0.0036215794204578129 0.0038623250116937746
leaf_weight=13.582632170524446 0.10891230311244715 2.0568857202306416 3.4868160304613438 0.90493691153824229 2.5902006719261399 2.2844552188180369 2.986075520515441 17.981142684817318 0.81803765054792055 2.9672454665414989 12.149637587368487 2.0168840410187832 0.76988323032855988 6.7552309846505523
leaf_count=267 4 18 64 27 43 137 65 948 30 149 62 83 12 87
internal_value=0.00166833 -0.00142147 -0.00603971 0.00353079 -0.00263522 -0.00863288 -0.0132221 -0.0140729 0.00555843 -0.00013964 0.0104357 0.00594701 0.0416795 -0.0049115
internal_weight=71.459 57.8763 41.6529 19.0077 15.5209 12.9307 12.0258 22.6452 4.66408 4.55517 16.2234 14.1665 1.58792 9.03969
internal_count=1996 1729 1566 423 359 316 289 1143 195 191 163 145 42 224
is_linear=0
shrinkage=0.03


Tree=90
num_leaves=15
num_cat=0
split_feature=10 19 14 14 14 14 4 14 2 13 15 13 4 12
split_gain=6.21494 4.75295 2.4841 4.19674 5.78539 4.73291 3.92898 3.61655 3.18254 3.17983 2.90175 3.90933 3.12195 3.11645
threshold=1.0000000180025095e-35 0.61559370248597578 3.4499999999999962 2.6049999999999991 1.8774999999999993 1.7854999999999992 2.193764929764523 4.1635 1.5000000000000002 -56.45104692546672 0.75000000000000011 29.564516812810236 0.78759422170034965 6.5000000000000009
decision_type=2 2 2 2 2 2 2 2 2 2 2 2 2 2
left_child=1 2 3 4 5 9 7 -4 -9 -1 11 12 -11 -12
right_child=-2 -3 6 -5 -6 -7 -8 8 -10 10 13 -13 -14 -15
leaf_value=-0.028435772424347576 -0.024328966705354969 -0.026553514046545684 -0.035852069893384367 0.0338760070458669 -0.030819998778602507 0.062645394572856825 0.033228544716857086 -0.0094298314263329824 0.035808550861503557 -0.011220438141962993 -0.011953622967334361 -0.033936777908246438 0.057281297815960544 0.018297862191873345
leaf_weight=2.1405285377986685 8.604392708744852 4.574529953300952 3.8059451710432759 5.3214138858020297 3.5874902768991879 1.4312523398548354 2.0746485143899909 7.6792060551233572 1.7115335166454313 1.4353576605208318 3.5958598330616978 2.9264600886963308 1.0273497495800255 20.754439974203706
leaf_count=46 506 432 68 83 84 14 12 260 8 52 65 95 10 264
internal_value=-0.000435026 0.00287746 0.00521925 0.00896969 0.00537779 0.00927615 -0.00514949 -0.0111829 -0.00118479 0.00688014 0.00942203 -0.0104974 0.0173559 0.0138306
internal_weight=70.6704 62.066 57.4915 42.2202 36.8987 33.3112 15.2713 13.1967 9.39074 31.88 29.7395 5.38917 2.46271 24.3503
internal_count=1999 1493 1061 713 630 546 348 336 268 532 486 157 62 329
is_linear=0
shrinkage=0.03


Tree=91
num_leaves=15
num_cat=0
split_feature=19 10 4 14 14 5 0 11 5 9 3 12 6 1
split_gain=3.75988 3.38548 3.53178 3.98425 2.97415 2.87819 2.23713 4.4754 3.66981 3.05795 2.87664 4.34313 2.02096 2.23203
threshold=0.70581670320594814 1.0000000180025095e-35 1.2194741298138605 2.9625000000000008 7.1760000000000028 4.5000000000000009 1.0000000180025095e-35 0.23756273573293576 7.5000000000000009 2.5000000000000004 1.0000000180025095e-35 18.500000000000004 -76.30127369371175 5.5000000000000009
decision_type=2 2 2 2 2 2 2 2 2 2 2 2 2 2
left_child=1 4 -3 -4 5 12 7 9 -9 -7 -10 -12 -1 -14
right_child=-2 2 3 -5 -6 6 -8 8 10 -11 11 -13 13 -15
leaf_value=0.0030063530851952769 -0.030413208865301921 -0.03056161012693747 -0.031707035853731004 0.033028565359936694 -0.028493586799834533 0.0029648253875571733 0.013450957587842172 0.058752004319884303 -0.030751211193148133 0.067083570489741742 0.041184187416723902 -0.033865115252667138 -0.038264683261362627 0.0068795350787587894
leaf_weight=6.9153333879075944 3.2454353272914878 5.2045088536106032 1.3931878497824075 2.2177523300051689 2.2753099598921827 1.485246793366968 35.542654280550778 0.60770425479859014 5.2683083079755288 1.2187305167317388 1.5188850071281197 1.2778410818427799 2.9140990404412133 1.4895070195198057
leaf_count=128 386 410 39 34 82 51 293 23 395 6 21 26 88 7
internal_value=0.00114684 0.00262423 -0.0147449 0.00805201 0.00515451 0.00646911 0.0097448 -0.00183383 -0.0123402 0.0318643 -0.017697 0.00689371 -0.00710933 -0.0229948
internal_weight=72.5745 69.3291 8.81545 3.61094 60.5136 58.2383 46.9194 11.3767 8.67274 2.70398 8.06503 2.79673 11.3189 4.40361
internal_count=1989 1603 483 73 1120 1038 815 522 465 57 442 47 223 95
is_linear=0
shrinkage=0.03


Tree=92
num_leaves=15
num_cat=0
split_feature=10 1 4 7 7 4 4 17 13 3 13 13 4 1
split_gain=4.08045 2.7215 4.16616 2.85669 3.9151 4.78052 5.15652 3.70067 3.18983 3.11819 6.55903 3.0794 2.46617 4.78556
threshold=1.0000000180025095e-35 2.5000000000000004 -1.0824190488705205 18.500000000000004 3.5000000000000004 -0.22289952759811194 0.57903597219764369 1.0000000180025095e-35 -22.574861601200205 1.0000000180025095e-35 -18.809792764901101 -21.007439634732638 1.2194741298138605 6.5000000000000009
decision_type=2 2 2 2 2 2 2 2 2 2 2 2 2 2
left_child=1 2 -1 4 8 -6 7 11 -4 10 -10 -7 -2 -14
right_child=12 -3 3 -5 5 6 -8 -9 9 -11 -12 -13 13 -15
leaf_value=0.070285297871651983 -0.030534220389823213 0.010747666461236243 -0.031476509270021151 -0.023622044747543699 -0.011213592986860369 0.063298158565244844 -0.0064776971660045939 0.10644414613524546 0.06953675112078303 0.023867748145483765 -0.018525935034157986 -0.010559643482846895 0.039728736028354118 -0.031758009246213713
leaf_weight=0.7003661990165736 5.2586313015781325 30.059468735009432 3.9066872317343995 5.3282097852788857 3.1185672064311802 1.4217786397784951 1.6666033994406459 1.0001413333229723 0.84369656024500983 3.4390437519177803 7.7847272767685309 0.79056281875818868 1.6103130131959917 1.7682681269943712
leaf_count=5 440 163 212 310 148 26 37 19 23 45 446 44 22 50
internal_value=0.00159519 0.00436788 -0.00202447 -0.00375291 0.000663401 0.0177978 0.0363411 0.0585551 -0.00791517 -0.000287484 -0.00991507 0.0369057 -0.017685 0.00231429
internal_weight=68.6971 60.0599 30.0004 29.3 23.9718 7.99765 4.87909 3.21248 15.9742 12.0675 8.62842 2.21234 8.63721 3.37858
internal_count=1990 1478 1315 1310 1000 274 126 89 726 514 469 70 512 72
is_linear=0
shrinkage=0.03


Tree=93
num_leaves=15
num_cat=0
split_feature=13 6 14 1 3 6 5 14 11 0 6 13 14 14
split_gain=2.19736 2.14868 2.24308 2.02108 5.24642 2.68975 2.58423 1.95147 1.77601 4.01107 2.89397 4.78146 4.65269 4.15001
threshold=110.50951039338547 -87.163437882619476 7.1760000000000028 1.0000000180025095e-35 1.0000000180025095e-35 -1.3958319807829642 74.500000000000014 9.8604999999999965 0.56354735732951211 1.5000000000000002 42.245131729667818 23.693783690339092 -0.69800000000000206 -2.4815000000000018
decision_type=2 2 2 2 2 2 2 2 2 2 2 2 2 2
left_child=1 -1 3 4 6 -6 -3 -4 10 -10 11 12 -5 -13
right_child=-2 2 7 8 5 -7 -8 -9 9 -11 -12 13 -14 -15
leaf_value=-0.033201729601486638 -0.032118031442707293 -0.030411622205968662 -0.036685699960126363 -0.03238335276842786 0.050158795422111956 -0.0094974907996178467 0.024206632978079075 0.01906347816316897 -0.032504786247540988 0.0056396259776755331 0.022507874329340948 0.054830748554487795 0.0032821473860919896 0.0096817677839915895
leaf_weight=1.565895655658095 1.791640861891209 5.951978918630628 2.2799512688070531 4.0604987628757909 1.6430138107389214 1.1607641363516448 0.89716737112030376 0.75132439238950599 3.2814935492351642 10.171800211071966 10.466975638642905 2.5686632157303393 17.391718682367365 6.3915801057592017
leaf_count=48 97 638 94 79 36 32 39 30 144 98 177 42 314 104
internal_value=0.000679871 0.00153668 0.00234836 0.00354296 -0.00910653 0.0254611 -0.0232572 -0.0228678 0.00579031 -0.00366446 0.00890185 0.0042191 -0.00346866 0.0226248
internal_weight=70.3745 68.5828 67.0169 63.9857 9.65292 2.80378 6.84915 3.03128 54.3327 13.4533 40.8794 30.4125 21.4522 8.96024
internal_count=1972 1875 1827 1703 745 68 677 124 958 242 716 539 393 146
is_linear=0
shrinkage=0.03


Tree=94
num_leaves=15
num_cat=0
split_feature=1 3 14 13 13 11 18 7 6 11 7 11 0 10
split_gain=4.58492 3.60278 4.89814 2.76128 4.42664 5.10905 4.74043 3.22085 2.47143 2.52414 2.41689 2.14616 2.11168 1.91841
threshold=2.5000000000000004 1.0000000180025095e-35 1.2089999999999981 -19.557586978322917 -23.525387774289474 0.27110848017865019 -0.98182534576205283 4.5000000000000009 -86.576576576576556 0.22248582702749359 35.500000000000007 0.23315522068863967 2.5000000000000004 1.0000000180025095e-35
decision_type=2 2 2 2 2 2 2 2 2 2 2 2 2 2
left_child=1 3 -3 4 5 7 -6 -1 -2 12 13 -9 -10 -11
right_child=8 2 -4 -5 6 -7 -8 11 9 10 -12 -13 -14 -15
leaf_value=-0.031294935085044891 -0.03434360542864949 0.023270389657628499 -0.021064465549878134 -0.027095580007882054 0.10452241829630439 -0.03095364170791386 -0.0048823623370475222 0.0080024590376813181 0.0068311295638065006 0.0090204897898314377 -0.025028636321929389 0.069612754406232089 0.044716594439366153 -0.012285751833927439
leaf_weight=0.83048267802223419 1.3864986039698113 5.4563495870679599 3.8079778403043747 11.792232196312398 0.63235709443688393 5.4693956938572228 0.81690958794206803 1.0176650872454049 2.6709323516115537 24.261177919805057 2.507608658168464 1.0177747546695171 2.6259178491309285 4.5104768173769108
leaf_count=46 22 91 107 833 9 393 38 31 33 128 27 15 23 183
internal_value=-0.00200897 -0.010601 0.00504714 -0.0173197 -0.00553796 -0.0139519 0.0428541 0.0184946 0.00497124 0.00646156 0.00321846 0.0388093 0.0256129 0.00568035
internal_weight=68.8038 30.8411 9.26433 21.5768 9.78458 8.33532 1.44927 2.86592 37.9626 36.5761 31.2793 2.03544 5.29685 28.7717
internal_count=1979 1563 198 1365 532 485 47 92 416 394 338 46 56 311
is_linear=0
shrinkage=0.03


Tree=95
num_leaves=15
num_cat=0
split_feature=10 1 12 7 3 14 7 4 4 3 18 11 4 12
split_gain=3.89068 4.07861 3.63779 5.32731 3.77397 3.77251 3.33966 3.13292 3.11204 3.06457 2.24669 2.18914 2.17391 3.83655
threshold=1.0000000180025095e-35 3.5000000000000004 44.500000000000007 19.500000000000004 1.0000000180025095e-35 3.4499999999999962 4.5000000000000009 2.3161438887905801 -0.97341335380206606 3.5000000000000004 -0.060268340127661565 0.24020481232291888 1.8204928717607067 45.500000000000007
decision_type=2 2 2 2 2 2 2 2 2 2 2 2 2 2
left_child=1 2 4 6 -1 -6 8 9 -4 10 -3 -8 -2 -14
right_child=12 7 3 -5 5 -7 11 -9 -10 -11 -12 -13 13 -15
leaf_value=-0.022431329814869869 -0.030613271086305148 0.031001329898154795 0.081563673327287048 -0.03354077706421553 0.017081451834419774 -0.034743170295676085 0.05983554658808922 0.028804473117757419 -0.001683847940855385 -0.011416765211845974 0.0038495277622245905 0.013395707345623451 -0.032402307568559559 0.042795024005661902
leaf_weight=13.989578082226219 5.919593742117284 4.2413745224475896 0.43133091181516547 2.4023558050394049 5.2663838807493439 1.663454560562968 2.0325079318135981 6.1593022868037215 6.4141429099254301 7.1039966568350783 7.762532129883768 1.6594089614227412 1.2976193008944392 1.1533880224451423
leaf_count=869 466 19 4 85 68 34 20 37 234 36 36 42 24 19
internal_value=-0.0016329 0.00107717 -0.00572939 0.00677361 -0.0134631 0.00464135 0.0159646 0.0101982 0.00356155 0.00420065 0.0134432 0.0389622 -0.0207757 0.00298384
internal_weight=67.497 59.1264 33.8592 12.9397 20.9194 6.92984 10.5374 25.2672 6.84547 19.1079 12.0039 3.69192 8.3706 2.45101
internal_count=1993 1484 1356 385 971 102 300 128 238 91 55 62 509 43
is_linear=0
shrinkage=0.03


Tree=96
num_leaves=15
num_cat=0
split_feature=10 19 14 6 14 13 13 19 6 19 4 5 11 3
split_gain=5.47273 4.07162 2.8978 2.39928 2.5594 2.07731 2.03929 3.17685 3.09488 2.94166 3.48635 3.41305 2.6474 5.03145
threshold=1.0000000180025095e-35 0.70581670320594814 7.1760000000000028 284.23228147998799 8.5710000000000033 97.10612509482128 -23.958883988410026 -0.70581670320594803 72.618122138723336 -0.060268340127661524 -0.26253140723345036 54.500000000000007 0.51292603594313324 1.0000000180025095e-35
decision_type=2 2 2 2 2 2 2 2 2 2 2 2 2 2
left_child=1 2 5 4 -2 6 7 8 -1 11 -11 -8 -12 -14
right_child=3 -3 -4 -5 -6 -7 9 -9 -10 10 12 -13 13 -15
leaf_value=0.00029218486645194591 -0.031009129449490861 -0.030515774720777877 -0.027251926389322612 0.056670129983179773 0.053428244359765148 -0.031354889498731164 0.00285022422257118 -0.011655144800711389 0.035152502895508621 -0.0091597947134900316 0.050669604406571936 0.047706510910368247 -0.021696731540198251 0.051548598902740973
leaf_weight=6.9992738841101545 7.0765428324230006 3.0733740418218067 2.4121459084562948 0.32060285471379746 0.33853714819997538 1.2845705081708718 21.233066995628178 10.546365939080713 3.408086481038481 2.0311658191494644 4.2944462057203072 1.6449165153317142 1.6771347504109144 1.6992718540132046
leaf_count=78 467 381 85 13 20 64 322 296 28 91 73 22 54 13
internal_value=7.55336e-05 0.00312286 0.00492932 -0.0236801 -0.0271541 0.00634537 0.00725001 -5.11398e-05 0.0117079 0.0119457 0.0257884 0.00607537 0.0350423 0.015166
internal_weight=68.0395 60.3038 57.2304 7.73568 7.41508 54.8183 53.5337 20.9537 10.4074 32.58 9.70202 22.878 7.67085 3.37641
internal_count=2007 1507 1126 500 487 1041 977 402 106 575 231 344 140 67
is_linear=0
shrinkage=0.03


Tree=97
num_leaves=15
num_cat=0
split_feature=19 6 4 14 11 11 18 6 7 6 9 12 4 6
split_gain=3.58653 4.02881 3.65618 4.60294 3.56416 3.41275 4.61516 2.49389 2.47537 2.69378 3.08497 2.30321 2.23947 2.19057
threshold=-0.95297903005573326 126.4027149321267 0.0489773532501959 2.1130000000000004 0.69504828068137836 0.67534821531199596 0.98182534576205316 -86.576576576576556 5.5000000000000009 -18.742945823927759 3.5000000000000004 71.500000000000014 0.18750411088680488 58.295373263562105
decision_type=2 2 2 2 2 2 2 2 2 2 2 2 2 2
left_child=1 8 3 5 7 6 -2 -4 9 10 -1 -8 -9 -14
right_child=2 -3 4 -5 -6 -7 11 12 -10 -11 -12 -13 13 -15
leaf_value=-0.019909575302012043 -0.020823711913547767 0.050021789810013276 -0.033960161781890853 -0.031388405297044453 -0.03159438288793931 0.038768910626825637 -0.0034404796345267512 0.046954457254666571 -0.013124911270505865 0.036399010078385877 0.040867685834389537 0.047915558618956008 0.0095257249769539129 -0.013564510690730619
leaf_weight=2.4124806667678054 7.3039492308162171 2.4166041929274789 1.3433902286924411 7.4581528455018988 2.4359229402616611 1.6431755647063244 1.547310815192759 1.2606891952455068 3.5967855602502823 3.4394945772364727 1.0918115181848405 1.5972727164626122 25.089860909618441 4.3369949790649107
leaf_count=66 556 24 26 568 36 71 38 23 51 38 18 23 354 82
internal_value=0.000910199 0.0150849 -0.00248994 -0.0128533 0.00338823 -0.00142085 -0.00774124 0.00604863 0.00707505 0.0175383 -0.000973565 0.0226455 0.00780007 0.00612264
internal_weight=66.9739 12.9572 54.0167 19.5499 34.4669 12.0917 10.4485 32.0309 10.5406 6.94379 3.50429 3.14458 30.6875 29.4269
internal_count=1974 197 1777 1256 521 688 617 485 173 122 84 61 459 436
is_linear=0
shrinkage=0.03


Tree=98
num_leaves=15
num_cat=0
split_feature=19 10 4 18 4 4 9 14 14 18 12 12 14 19
split_gain=3.41585 2.3385 3.51483 3.43148 2.42563 2.23979 1.91779 1.90691 3.89951 3.04033 4.22588 4.72304 3.65549 2.99909
threshold=0.70581670320594814 1.0000000180025095e-35 1.2194741298138605 0.46472317204376884 2.4302359521596544 -1.0824190488705205 5.5000000000000009 3.4499999999999962 2.6049999999999991 0.98182534576205316 25.500000000000004 6.5000000000000009 -5.2425000000000024 0.40966402954315184
decision_type=2 2 2 2 2 2 2 2 2 2 2 2 2 2
left_child=1 4 -3 -4 5 -1 7 8 9 10 11 -7 -13 -9
right_child=-2 2 3 -5 -6 6 -8 13 -10 -11 -12 12 -14 -15
leaf_value=0.0444091117989927 -0.030493403850856599 -0.030504607634110972 0.043732393501189633 -0.016726108101286882 0.021721888869453834 -0.033767098480462401 0.021395745546451597 -0.019056360049614047 0.025564668242336903 0.015733462320231657 -0.017933064955634733 0.079164935425852234 0.010879145248766788 0.021946725649907951
leaf_weight=1.1008779853582371 3.0213470957241944 4.5275403633713713 1.5030838027596476 1.9295237576588986 6.3301322087645522 2.0414589243009749 3.8979490362107745 8.817163829226045 5.7018906427547327 7.1667270986363283 13.193860949017106 0.77352163335308333 8.0290745841339213 1.9628659952431906
leaf_count=7 385 408 18 49 39 93 23 289 93 78 319 22 137 54
internal_value=0.000709081 0.00211666 -0.0131468 0.0097477 0.00417544 0.00206724 0.00116361 -0.000490189 0.00275206 -0.00141639 -0.00652949 0.00734514 0.0168797 -0.0115904
internal_weight=69.997 66.9757 7.96015 3.43261 59.0155 52.6854 51.5845 47.6866 36.9065 31.2046 24.0379 10.8441 8.8026 10.78
internal_count=2014 1629 475 67 1154 1115 1108 1085 742 649 571 252 159 343
is_linear=0
shrinkage=0.03


Tree=99
num_leaves=15
num_cat=0
split_feature=19 10 1 3 13 12 0 6 19 6 3 12 7 5
split_gain=3.32168 3.46576 2.50827 4.54754 2.56274 2.36151 2.32173 1.92538 1.77434 1.26391 2.92826 1.01322 1.31351 3.77327
threshold=0.70581670320594814 1.0000000180025095e-35 1.0000000180025095e-35 1.0000000180025095e-35 -50.463436768593795 18.500000000000004 1.5000000000000002 284.23228147998799 -0.99635443704902682 -77.464609915571614 1.0000000180025095e-35 2.5000000000000004 18.500000000000004 41.500000000000007
decision_type=2 2 2 2 2 2 2 2 2 2 2 2 2 2
left_child=1 2 3 8 6 -5 -4 9 -1 10 -3 -6 -13 -14
right_child=-2 7 4 5 11 -7 -8 -9 -10 -11 -12 12 13 -15
leaf_value=0.042480789936153646 -0.030449655909457037 0.050156295966560918 -0.033058103121194081 0.050528725505057916 -0.012576187774001235 -0.0089178074712059699 0.0018251508981502289 0.055638057658829301 -0.030454256809311499 -0.026111706631615692 -0.031048421878613973 0.013549527025040822 -0.023971578596095527 0.017847585841196844
leaf_weight=0.31865888647735108 2.9519916633144012 0.69860592158511259 2.4037842974066717 1.3043315690010788 1.7211126750335086 1.1160118039697406 6.0119923576712608 0.318408838007599 5.1815369692631057 5.9244668171741059 0.93396064033731818 33.073695593047887 3.3937185285612932 4.5389043786562979
leaf_count=9 404 25 85 18 29 26 32 10 513 388 60 356 41 51
internal_value=0.000694147 0.00206758 0.0045602 -0.0111494 0.00699314 0.0231181 -0.00813849 -0.0166265 -0.0262287 -0.0196713 0.0037006 0.00997354 0.01092 -4.34037e-05
internal_weight=69.8912 66.9392 59.0637 7.92054 51.1432 2.42034 8.41578 7.87544 5.5002 7.55703 1.63257 42.7274 41.0063 7.93262
internal_count=2047 1643 1160 566 594 44 117 483 522 473 85 477 448 92
is_linear=0
shrinkage=0.03


Tree=100
num_leaves=15
num_cat=0
split_feature=19 10 7 4 7 4 5 4 14 19 19 4 4 2
split_gain=2.88931 2.80907 3.00992 3.75433 3.59941 3.55847 3.53623 3.42386 3.30623 2.97387 2.54503 2.03533 2.93551 1.91836
threshold=0.70581670320594814 1.0000000180025095e-35 18.500000000000004 -1.0493853942954918 3.5000000000000004 -0.22289952759811194 41.500000000000007 2.4302359521596544 2.0745000000000009 -0.1799261722714405 -0.2393156642875576 1.2194741298138605 2.061663673573515 1.0000000180025095e-35
decision_type=2 2 2 2 2 2 2 2 2 2 2 2 2 2
left_child=1 2 3 -1 7 -6 -4 -5 -7 -8 -10 -3 13 -13
right_child=-2 11 6 4 5 8 9 -9 10 -11 -12 12 -14 -15
leaf_value=0.060165293991993669 -0.030424867765279525 -0.030480106643043001 -0.028937140594207184 -0.0044245317032156643 -0.0075626594159573677 0.041752974237453604 0.018631556306314016 0.026373100872759635 -0.017380152659263952 -0.023308843565099019 0.029135089175526086 0.05305630163015488 -0.032055363558480376 -0.0049890478784509907
leaf_weight=1.1291630081832398 2.8561192154884329 4.2609579591080537 5.3329771896824223 27.71284952713177 3.6865867096930733 5.7467162921093387 4.3141981023363769 3.6802431195974341 2.0335847968235612 2.3506666705943644 2.2081172885373235 1.0075302105396993 1.4664067095145581 1.0428150249645112
leaf_count=7 396 403 106 619 122 63 69 21 22 96 23 13 34 29
internal_value=-0.00088372 0.000395186 0.00265828 0.00613524 0.00478154 0.0176272 -0.0107296 -0.000814095 0.0269244 0.00383937 0.00683445 -0.016538 0.000354581 0.0235342
internal_weight=68.8289 65.9728 58.1951 46.1973 45.0681 13.675 11.9978 31.3931 9.98842 6.66486 4.2417 7.77771 3.51675 2.05035
internal_count=2023 1627 1148 877 870 230 271 640 108 165 45 479 76 42
is_linear=0
shrinkage=0.03


Tree=101
num_leaves=15
num_cat=0
split_feature=10 19 14 14 13 19 6 1 3 9 14 14 13 19
split_gain=5.16448 3.53394 3.20711 2.09729 2.07553 1.89179 1.7046 1.65033 3.40908 3.35911 2.06732 3.7912 2.30725 4.3895
threshold=1.0000000180025095e-35 0.70581670320594814 7.1760000000000028 8.5710000000000033 110.50951039338547 -0.99635443704902682 -88.488994153402771 1.0000000180025095e-35 1.0000000180025095e-35 2.5000000000000004 4.119500000000003 3.4499999999999962 -24.516779381219354 -0.1799261722714405
decision_type=2 2 2 2 2 2 2 2 2 2 2 2 2 2
left_child=1 2 4 5 6 -2 -1 8 9 -8 11 12 13 -9
right_child=3 -3 -4 -5 -6 -7 7 10 -10 -11 -12 -13 -14 -15
leaf_value=-0.033466841329057376 0.033508600388834353 -0.030457755824347385 -0.02977643518769434 0.047781108187534213 -0.033110267866296512 -0.030961250306558545 -0.030403676533210668 0.012988178344692158 0.024414451518275659 0.040824985746110286 0.025732463408769984 -0.021699287584174942 0.015837550930352141 -0.026563976262277633
leaf_weight=0.91008510580286284 0.43680359469726671 2.6692573074251404 2.3055984983220688 0.35504875751212228 1.173181471414863 6.5873664552345863 4.0741373943164936 7.2711943462491035 2.3095915848389268 0.69796156510710705 6.4927542693912974 3.6400231001898637 23.410891002975411 3.869075203780076
leaf_count=17 15 372 84 19 46 469 427 63 36 14 87 32 241 74
internal_value=0.00030102 0.00326875 0.00487191 -0.0233564 0.00635542 -0.0269521 0.00723439 0.00794995 -0.00550533 -0.0199859 0.0100824 0.00742179 0.0104897 -0.000748497
internal_weight=66.203 58.8238 56.1545 7.37922 53.8489 7.02417 52.6757 51.7656 7.08169 4.7721 44.6839 38.1912 34.5512 11.1403
internal_count=1996 1493 1121 503 1037 484 991 974 477 441 497 410 378 137
is_linear=0
shrinkage=0.03


Tree=102
num_leaves=15
num_cat=0
split_feature=19 4 13 14 4 19 13 18 0 14 4 4 7 7
split_gain=2.91486 2.43775 2.43904 2.13274 5.18233 3.20745 2.83867 2.72907 2.35489 2.12293 2.79454 2.27388 2.14231 1.72107
threshold=0.70581670320594814 2.3161438887905801 84.969225877436017 3.4499999999999962 0.0489773532501959 0.40966402954315184 -87.692308055652958 0.61559370248597556 2.5000000000000004 2.6049999999999991 1.3551880142646329 -0.28951798609882212 23.500000000000004 3.5000000000000004
decision_type=2 2 2 2 2 2 2 2 2 2 2 2 2 2
left_child=1 2 3 9 6 7 -5 8 -6 12 11 -11 13 -1
right_child=-2 -3 -4 4 5 -7 -8 -9 -10 10 -12 -13 -14 -15
leaf_value=-0.0016532628926578695 -0.030445674471255797 0.015607759494979711 -0.031881938289430783 0.034319236917995315 -0.01970987722538714 0.041193415955528313 -0.036090493769124418 -0.037911265315613007 0.022091314319541689 -0.0062827768201984911 -0.015906736910467789 0.041840608563667746 -0.017989102325629409 0.014688663241636936
leaf_weight=18.113324435427792 2.8426311779767266 8.4536841036751849 2.3074303031899026 0.56395776197314162 1.9248096328228692 1.7858313387259839 5.9775778241455555 1.6243292004801331 3.2795699331909418 1.160975915379822 1.5506342910230158 3.6998909590765825 4.9079360570758572 8.5322062042541784
leaf_count=446 405 66 119 10 45 18 363 44 40 58 13 66 111 211
internal_value=-0.000721076 0.000601611 -0.00168705 -0.000375473 -0.00988929 0.00539743 -0.0300203 -0.00396387 0.00663139 0.00342256 0.0191603 0.0303468 0.000224738 0.00357961
internal_weight=66.7248 63.8822 55.4285 53.121 15.1561 8.61454 6.54154 6.82871 5.20438 37.965 6.4115 4.86087 31.5535 26.6455
internal_count=2015 1610 1544 1425 520 147 373 129 85 905 137 124 768 657
is_linear=0
shrinkage=0.03


Tree=103
num_leaves=15
num_cat=0
split_feature=4 11 18 11 19 6 6 4 7 4 4 12 15 0
split_gain=3.41786 2.64196 3.96021 3.65978 3.12919 2.71476 2.56397 2.2269 2.07302 2.1836 4.2052 2.01491 3.49216 3.04587
threshold=0.35663686847124249 0.51113388410968474 0.95297903005573359 0.5073334160588604 -0.95297903005573326 -36.775483011325775 -86.576576576576556 0.0489773532501959 35.500000000000007 0.57903597219764369 0.74300955607969099 59.500000000000007 0.95000000000000007 5.5000000000000009
decision_type=2 2 2 2 2 2 2 2 2 2 2 2 2 2
left_child=1 2 3 4 5 -1 -2 -6 9 -8 -11 12 13 -12
right_child=6 -3 -4 -5 7 -7 8 -9 -10 10 11 -13 -14 -15
leaf_value=-0.036995546971683863 -0.033645363669450708 -0.023404255935737615 0.031223948116533107 0.082921190315900964 -0.025444004722820438 0.015073131450853261 0.030031284855144842 0.011400057921741069 -0.017259963740479431 -0.033190820452672368 -0.021990787869216596 0.023726463510285005 0.013846037158487678 0.028648443743937355
leaf_weight=1.0748628117144106 1.4171716067939986 7.2655562404543153 2.739161640405654 0.39392545539885659 9.099865593947472 5.5778005258180299 4.1073529589921227 1.7623463608324517 2.8171015661209813 2.2028707698918906 5.5745000364258948 7.0494843842461696 13.853252960368989 1.322643458843231
leaf_count=47 25 480 66 10 760 70 63 44 40 71 106 76 135 9
internal_value=0.000140611 -0.00784527 -0.00237041 -0.00750869 -0.00954254 0.00666046 0.00595409 -0.0194662 0.00747381 0.00951654 0.00670808 0.00986968 0.00516215 -0.0122799
internal_weight=66.2579 27.9135 20.648 17.9088 17.5149 6.65266 38.3444 10.8622 36.9272 34.1101 30.0028 27.7999 20.7504 6.89714
internal_count=2002 1477 997 931 921 117 525 804 500 460 397 326 250 115
is_linear=0
shrinkage=0.03


Tree=104
num_leaves=15
num_cat=0
split_feature=19 10 7 0 1 8 13 13 6 13 9 5 7 11
split_gain=2.8582 2.87526 2.54294 2.41677 5.21802 2.33183 2.89543 2.01045 1.9626 3.84097 2.5573 2.34717 2.61524 2.95024
threshold=0.61559370248597578 1.0000000180025095e-35 36.500000000000007 3.5000000000000004 7.5000000000000009 1.0000000180025095e-35 -76.460513758289025 110.50951039338547 9.6516634050880636 -69.650375506909072 4.5000000000000009 27.500000000000004 5.5000000000000009 0.52051144388637682
decision_type=2 2 2 2 2 2 2 2 2 2 2 2 2 2
left_child=1 2 5 -3 -5 6 -1 8 10 -10 11 12 -8 -14
right_child=-2 3 -4 4 -6 -7 7 -9 9 -11 -12 -13 13 -15
leaf_value=-0.030244640883529812 -0.025559103015767585 -0.030686615579430674 -0.020714436417298501 0.045788333399976025 -0.030936440493238754 0.028749919491825166 0.012849663916855695 -0.032915060542076657 0.058206685901929803 -0.004973832870653957 -0.01882528731636815 -0.011501774923414273 0.058344334975652092 0.0031873827300565615
leaf_weight=2.1220553060993543 3.6612008581869295 4.2263086601160458 3.4786771810613564 1.4582062521949413 1.7614220762625334 3.6944952900521448 18.463086975738417 1.1871731132268895 0.91653765644878404 15.705252415966241 2.2841709051281205 2.8131924979388705 2.6019593449309464 1.3132787817157803
leaf_count=58 448 377 75 22 90 38 353 45 13 314 15 75 44 27
internal_value=0.000198303 0.00171869 0.00410439 -0.0157689 0.00381308 0.00579392 0.00400491 0.00560986 0.00664701 -0.00149001 0.0115696 0.0143256 0.0175724 0.0398432
internal_weight=65.687 62.0258 54.5799 7.44594 3.21963 51.1012 47.4067 45.2847 44.0975 16.6218 27.4757 25.1915 22.3783 3.91524
internal_count=1994 1546 1057 489 112 982 944 886 841 327 514 499 424 71
is_linear=0
shrinkage=0.03


Tree=105
num_leaves=15
num_cat=0
split_feature=1 9 10 7 8 13 11 2 0 1 14 13 5 11
split_gain=2.89754 3.53214 2.38758 2.35586 2.48371 2.32308 2.18665 2.67969 2.08807 4.62915 2.07262 1.94089 1.79699 1.58267
threshold=1.0000000180025095e-35 2.5000000000000004 1.0000000180025095e-35 34.500000000000007 1.0000000180025095e-35 -79.69916035805683 0.64654520246492664 1.0000000180025095e-35 3.5000000000000004 6.5000000000000009 -0.22050000000000122 -69.650375506909072 59.500000000000007 0.23108647656918668
decision_type=2 2 2 2 2 2 2 2 2 2 2 2 2 2
left_child=1 6 3 4 5 -2 -1 -8 -4 -10 -5 -7 -3 -11
right_child=2 12 8 10 -6 11 7 -9 9 13 -12 -13 -14 -15
leaf_value=-0.030558784783202387 -0.038276020445607642 -0.0041939558248386332 -0.030690916013959575 0.012672971215192789 0.033460259289827043 0.035146868631430621 -0.030301149245435803 0.066065763770506034 0.059771268914070856 0.032834039268029774 -0.038891081925405864 0.0049727555396762426 0.056320432649757349 -0.031274803300345801
leaf_weight=6.396136562805621 1.0745915947481979 0.98295555543154456 3.2867120043374589 1.1011188719421627 3.0093589359894386 2.012330028694115 0.53648234531283356 0.50336976908147335 0.92980600800365243 0.42457462102174792 1.933437731117009 41.170367769198499 0.80196947604417801 1.8864981005899606
leaf_count=732 20 38 288 14 25 24 84 4 11 9 33 593 6 91
internal_value=0.000696616 -0.0149024 0.00322768 0.00544283 0.00708788 0.00529463 -0.0239993 0.016348 -0.0138421 0.0032449 -0.0201806 0.00637888 0.0229952 -0.0194972
internal_weight=66.0497 9.22091 56.8288 50.3012 47.2666 44.2573 7.43599 1.03985 6.52759 3.24088 3.03456 43.1827 1.78493 2.31107
internal_count=1972 864 1108 709 662 637 820 88 399 111 47 617 44 100
is_linear=0
shrinkage=0.03


Tree=106
num_leaves=15
num_cat=0
split_feature=19 5 7 3 9 0 0 7 11 15 0 0 6 0
split_gain=2.37878 2.42616 4.5076 4.20827 4.47237 3.00981 2.86276 2.72723 2.77431 2.51898 2.48312 2.39753 2.45292 2.22076
threshold=0.70581670320594814 45.500000000000007 19.500000000000004 1.0000000180025095e-35 2.5000000000000004 12.500000000000002 9.5000000000000018 4.5000000000000009 0.38445233002554774 1.1500000000000001 1.5000000000000002 1.0000000180025095e-35 -62.703760052162558 6.5000000000000009
decision_type=2 2 2 2 2 2 2 2 2 2 2 2 2 2
left_child=1 2 5 4 -3 6 7 -1 10 -10 11 12 -9 -4
right_child=-2 3 13 -5 -6 -7 -8 8 9 -11 -12 -13 -14 -15
leaf_value=-0.004907910970049445 -0.030341897561004628 -0.03110943551301484 -0.036127950177262752 0.030679570950625595 0.032397868534375041 -0.058090756727741603 0.038967175435914353 0.071919152741214951 -0.014021480781770058 0.03638356959187504 0.0069117361440973607 0.070195797151806252 -0.011107575448416382 0.021863739215772525
leaf_weight=32.820153095759451 2.490418608300387 2.8349106879904848 4.7549026776105157 5.4954763809219003 1.5402307771146295 0.78966839611530204 1.7187127694487561 0.48295094817876816 4.3073977907188237 1.1254679942503569 3.0898817451670766 1.6112447874620557 0.95061724772676648 0.67920063622295845
leaf_count=879 411 192 158 58 22 5 14 3 145 28 32 17 53 6
internal_value=-0.00159193 -0.00044083 -0.00301406 0.0132015 -0.00875224 -1.68791e-05 0.000977757 -0.000493211 0.0120324 -0.00357961 0.0258584 0.0450855 0.0168631 -0.0288797
internal_weight=64.6912 62.2008 52.3302 9.87062 4.37514 46.8961 46.1064 44.3877 11.5676 5.43287 6.13469 3.04481 1.43357 5.4341
internal_count=2023 1612 1340 272 214 1176 1171 1157 278 173 105 73 56 164
is_linear=0
shrinkage=0.03


Tree=107
num_leaves=15
num_cat=0
split_feature=10 14 17 18 15 1 4 9 12 17 11 4 1 6
split_gain=2.76636 2.47268 3.62881 5.82086 4.00812 3.49148 3.16812 2.94216 3.18659 3.02417 2.19632 1.9847 3.41005 1.95443
threshold=1.0000000180025095e-35 0.77449999999999808 1.0000000180025095e-35 -0.95297903005573326 0.75000000000000011 2.5000000000000004 0.14917215527520222 1.0000000180025095e-35 48.500000000000007 1.0000000180025095e-35 0.53095718956182014 1.6209443681942652 6.5000000000000009 2.4071765477001379
decision_type=2 2 2 2 2 2 2 2 2 2 2 2 2 2
left_child=1 7 3 4 -3 -5 -6 8 -1 -9 -7 -2 -13 -4
right_child=11 2 13 5 6 10 -8 9 -10 -11 -12 12 -14 -15
leaf_value=-0.022561399836723017 -0.030527520285983271 0.095950366339019738 -0.006412714958854317 -0.01929406867344614 -0.030842531867932656 0.013350816188086628 0.064295574602296304 0.010570337158993135 0.012277260036249725 0.046528088372216211 -0.010857898810233375 0.039776607727783443 -0.031703651824251389 -0.040126291624196106
leaf_weight=4.7281642637681234 4.4141844173427662 0.90899102063850223 2.8698426354676476 8.1193040551152098 0.67764523671939947 9.9209696464240533 0.58867843728512526 14.886525344569238 4.7234620044473559 2.4517547846771768 5.110122922807931 1.1787524744868281 1.2247822992503641 3.358868014998734
leaf_count=319 442 22 106 482 58 54 10 173 105 33 26 13 36 107
internal_value=-0.000501074 0.00161192 -0.00407873 0.000966629 0.047886 -0.00344213 0.0133845 0.00831463 -0.00515074 0.015655 0.00512058 -0.0185835 0.00335202 -0.024593
internal_weight=65.162 58.3443 31.5544 25.3257 2.17531 23.1504 1.26632 26.7899 9.45163 17.3383 15.0311 6.81772 2.40353 6.22871
internal_count=1986 1495 865 652 90 562 68 630 424 206 80 491 49 213
is_linear=0
shrinkage=0.03


Tree=108
num_leaves=15
num_cat=0
split_feature=4 19 10 7 7 14 14 14 14 18 14 14 19 13
split_gain=2.91209 3.98822 2.98915 2.19797 2.33345 2.16606 1.85517 2.71902 1.99553 2.72605 2.38824 1.79515 2.22951 3.75376
threshold=1.8204928717607067 0.23931566428755774 1.0000000180025095e-35 4.5000000000000009 21.500000000000004 3.4274999999999971 2.6049999999999991 2.1130000000000004 1.7854999999999992 -0.78574730703237861 1.2665000000000008 -2.022500000000004 -0.46472317204376873 25.803608852959858
decision_type=2 2 2 2 2 2 2 2 2 2 2 2 2 2
left_child=1 2 5 -2 -5 6 7 8 9 -1 11 12 -11 -14
right_child=3 -3 -4 4 -6 -7 -8 -9 -10 10 -12 -13 13 -15
leaf_value=-0.031453654710359637 0.0015644022131170447 -0.024844786657180918 -0.024357473123050647 0.042269563183491871 0.0034198441680197383 -0.011403406381240785 0.026282338069053505 -0.03707917174165562 0.035094962909988772 -0.039192729359557435 -0.027724751085267629 0.015273639600900779 0.046250912922937266 -0.022926188855184871
leaf_weight=1.9178547542542279 10.978008793666961 7.7959597092121831 4.536948360502719 3.0666041625663629 2.5472098775207996 8.8472424182109517 3.4388189506717017 1.4515615287236858 1.8542427853681136 1.3474421645514665 1.7023090124130238 12.51638284744695 1.2636719336733322 1.5996082383207975
leaf_count=96 93 697 423 26 22 226 60 48 28 27 22 169 12 36
internal_value=-0.00146971 -0.00519638 -0.00141197 0.00937264 0.0246419 0.00148467 0.00569345 0.00270012 0.00530094 0.00258581 0.00612812 0.00957331 -0.00737091 0.00760424
internal_weight=64.8639 48.272 40.4761 16.5918 5.61381 35.9391 27.0919 23.6531 22.2015 20.3473 18.4294 16.7271 4.21072 2.86328
internal_count=1985 1844 1147 141 48 724 498 438 390 362 266 244 75 48
is_linear=0
shrinkage=0.03


Tree=109
num_leaves=15
num_cat=0
split_feature=13 0 13 0 6 19 0 15 11 11 11 13 12 13
split_gain=2.76089 2.97976 2.12763 3.07919 2.64131 1.9617 1.88647 1.7827 1.73373 2.61598 2.47531 2.14008 5.28381 6.28403
threshold=63.082491740035231 3.5000000000000004 -53.475126652841972 9.5000000000000018 179.27123126652955 0.70581670320594814 5.5000000000000009 0.8500000000000002 0.66941875888842972 0.69504828068137836 0.58289455686171932 22.928313525600359 10.500000000000002 26.280679494640612
decision_type=2 2 2 2 2 2 2 2 2 2 2 2 2 2
left_child=2 -2 4 5 7 6 8 -1 10 -10 11 -4 -13 -14
right_child=1 -3 3 -5 -6 -7 -8 -9 9 -11 -12 12 13 -15
leaf_value=0.012318659592893392 -0.032697498510211816 0.033162031842308932 0.00074833265088000548 0.039941576359355968 0.02372520776567846 -0.030324974496490478 -0.015325513171828556 -0.024786586262872397 0.05244443558155161 0.00059817464239390297 -0.020281678484145992 0.06934057239377503 0.062186025550063875 -0.0045659905513112612
leaf_weight=1.3976859631948153 4.1320968791842452 0.72707421518862236 23.789330419618636 1.9759957408532489 1.5740521051920939 1.6593393788207311 4.6005204422399393 7.0100093109067529 1.6596509800292545 1.8546714712865648 3.690212012268602 1.4944570180959988 1.5650978554040174 6.7150206929072738
leaf_count=49 244 7 657 14 23 306 53 231 14 43 128 27 16 160
internal_value=-0.0011072 -0.022843 0.000683353 0.00325482 -0.011941 0.00171335 0.00288513 -0.0186183 0.00494011 0.0250828 0.00303998 0.0056041 0.017422 0.00805139
internal_weight=63.8452 4.85917 58.986 49.0043 9.98175 47.0283 45.369 8.4077 40.7684 3.51432 37.2541 33.5639 9.77458 8.28012
internal_count=1972 251 1721 1418 303 1404 1098 280 1045 57 988 860 203 176
is_linear=0
shrinkage=0.03


Tree=110
num_leaves=15
num_cat=0
split_feature=19 10 1 1 14 13 14 2 14 8 4 6 13 19
split_gain=3.32162 2.93562 2.48697 1.88741 2.35817 2.60771 2.0527 2.94642 2.10491 1.82305 2.50543 2.92405 1.57799 1.45296
threshold=0.61559370248597578 1.0000000180025095e-35 22.500000000000004 18.500000000000004 3.4499999999999962 -58.035678984928623 4.119500000000003 1.5000000000000002 7.1760000000000028 8.0000000000000018 0.0489773532501959 1.8362533692722374 97.10612509482128 -0.99635443704902682
decision_type=2 2 2 2 2 2 2 2 2 2 2 2 2 2
left_child=1 2 3 4 5 -1 -6 8 9 10 -8 -12 -7 -3
right_child=-2 13 -4 -5 6 12 7 -9 -10 -11 11 -13 -14 -15
leaf_value=-0.022047935084338548 -0.030732565337076682 0.037490302419578861 -0.041221673380068651 0.034006065925046049 -0.025900749081497983 0.010427802501057211 -0.032930464464171028 0.036570613578848096 -0.035896851945060843 0.043030513955426092 -0.025682277807329061 0.037759432788765188 -0.021385893877841691 -0.021420850262196044
leaf_weight=2.5718794367276052 3.0095468657091251 0.40208816435188044 1.0849029421806324 1.9022724330425251 3.8669766783714286 35.874810664914556 1.8398142317309956 1.6417650729417799 1.8157740291208027 0.80703470576554526 1.0897502773441377 1.634613314643502 1.4603119520470489 5.9891246221959582
leaf_count=69 448 12 5 9 71 598 135 8 85 9 20 24 50 465
internal_value=4.61199e-05 0.00154061 0.00375439 0.00464962 0.00358801 0.00717069 -0.00767359 0.00030987 -0.00797338 0.00146633 -0.00588302 0.0123826 0.00918345 -0.0177146
internal_weight=64.9907 61.9811 55.5899 54.505 52.6027 39.907 12.6957 8.82875 7.18699 5.37121 4.56418 2.72436 37.3351 6.39121
internal_count=2008 1560 1083 1078 1069 717 352 281 273 188 179 44 648 477
is_linear=0
shrinkage=0.03


Tree=111
num_leaves=15
num_cat=0
split_feature=19 6 10 14 13 7 19 5 13 19 8 13 0 0
split_gain=2.38583 1.95415 1.89981 2.05436 1.90452 1.8052 3.50286 3.27328 3.42731 2.81286 2.07308 2.28878 2.28312 2.63555
threshold=0.70581670320594814 -87.163437882619476 1.0000000180025095e-35 7.1760000000000028 88.968962726757226 18.500000000000004 0.4647231720437684 41.500000000000007 -18.543769236643573 -0.70581670320594803 1.0000000180025095e-35 -53.475126652841972 9.5000000000000018 6.5000000000000009
decision_type=2 2 2 2 2 2 2 2 2 2 2 2 2 2
left_child=1 -1 3 4 5 6 10 -7 9 -9 11 -3 13 -13
right_child=-2 2 -4 -5 -6 7 -8 8 -10 -11 -12 12 -14 -15
leaf_value=-0.033361678802833201 -0.030365780130744771 -0.021514536294154611 -0.013509491449357114 -0.02758311075546499 -0.024156980880070018 -0.023417836707604365 0.036352796362367643 0.027812320866128365 0.039711423074837125 -0.029699800840400033 0.032008014309906477 0.0067908393114045834 0.041298534426387798 -0.032366782432096675
leaf_weight=1.4418393559753884 2.2413660632446399 2.8774392665363768 6.3629682543687514 1.8094725632108737 1.947915655793621 4.7356642191298288 3.80759173631668 1.2059607617557051 2.1906868177466094 2.0949307749979198 2.5725924344733349 26.76256357505919 1.605602592229842 1.641874074935912
leaf_count=38 405 78 464 86 78 91 99 12 44 83 24 493 9 9
internal_value=3.29903e-05 0.00114891 0.00198357 0.0038348 0.0049399 0.00608504 0.00900895 -0.00514138 0.0106193 -0.00868809 0.00607286 0.0040441 0.00649473 0.00452739
internal_weight=63.2985 61.0571 59.6153 53.2523 51.4428 49.4949 39.2677 10.2272 5.49158 3.30089 35.4601 32.8875 30.01 28.4044
internal_count=2013 1608 1570 1106 1020 942 712 230 139 95 613 589 511 502
is_linear=0
shrinkage=0.03


Tree=112
num_leaves=15
num_cat=0
split_feature=19 19 7 6 10 19 6 12 14 7 15 8 14 9
split_gain=2.69047 2.4851 2.66777 2.18662 1.70421 1.99461 2.23583 2.5565 1.8931 1.371 2.46649 2.00644 1.88424 2.40563
threshold=0.61559370248597578 0.4647231720437684 16.500000000000004 -33.63250357193165 1.0000000180025095e-35 0.29696027566504685 118.51470973726133 71.500000000000014 6.7559999999999993 36.500000000000007 0.95000000000000007 8.0000000000000018 -2.022500000000004 5.5000000000000009
decision_type=2 2 2 2 2 2 2 2 2 2 2 2 2 2
left_child=1 4 3 -3 8 6 -6 -8 9 11 -11 12 -1 -14
right_child=-2 2 -4 -5 5 -7 7 -9 -10 10 -12 -13 13 -15
leaf_value=-0.0090723487424606685 -0.025352903703188628 -0.0011689997460202686 -0.019217954301042606 0.054608264592668598 -0.025313003937439647 0.062607865622918299 -0.030637276391924043 0.064284443250735471 -0.027223799170719019 0.017348977403026159 -0.038136127627345008 0.032197236351898396 0.0052925981704230601 0.042655951915510727
leaf_weight=8.0514525719918222 3.1927276852075002 0.88135907263495061 0.9219077406451105 2.2408249201253048 5.0362023597117505 0.29675384424626816 0.45175423077307619 0.58740165224298835 1.7852572854608286 1.2187239625491195 1.7657722323201595 2.4019795050844541 33.987846087664373 1.6250331252813328
leaf_count=142 460 40 46 38 402 11 43 18 83 24 26 28 644 10
internal_value=0.00149567 0.00289513 0.0256226 0.0388629 0.00128851 -0.0133366 -0.0170461 0.0230189 0.00312171 0.00422616 -0.0154787 0.00550278 0.00403432 0.00699751
internal_weight=64.445 61.2523 4.04409 3.12218 57.2082 6.37211 6.07536 1.03916 50.8361 49.0508 2.9845 46.0663 43.6643 35.6129
internal_count=2015 1555 124 78 1431 474 463 61 957 874 50 824 796 654
is_linear=0
shrinkage=0.03


Tree=113
num_leaves=15
num_cat=0
split_feature=4 18 6 4 6 4 10 12 6 4 12 18 7 9
split_gain=3.56634 2.85888 2.75467 2.3999 2.90762 2.84973 1.86748 1.68032 1.54445 2.41362 1.52242 4.31966 5.97813 1.81029
threshold=0.35663686847124249 -0.95297903005573326 -86.576576576576556 -0.74277745315683441 -81.524150878989573 -0.20161555290965738 1.0000000180025095e-35 6.5000000000000009 -38.046342571558377 1.9781178825541685 9.5000000000000018 -0.95297903005573326 6.5000000000000009 5.5000000000000009
decision_type=2 2 2 2 2 2 2 2 2 2 2 2 2 2
left_child=3 -2 -3 6 5 -5 -1 8 -4 -10 11 12 -6 -12
right_child=1 2 7 4 10 -7 -8 -9 9 -11 13 -13 -14 -15
leaf_value=0.019823565217920471 -0.035408657118444056 -0.034204531225364113 -0.031734598094738005 0.039603373311807459 -0.030758956414948246 -0.03396959118732519 -0.030232870578792256 0.012041548165075468 -0.022533670260653081 0.030361419751598964 -0.022920804902107416 -0.018373248331528577 0.11609794595139415 0.013857133325915299
leaf_weight=3.9696086114272502 1.4224316566251207 1.345692173577844 1.5506196827627716 1.7169431054499003 0.43251309497281931 0.65440876130015269 0.80717346351593722 31.037241163663566 1.4960241205990308 1.6140123009681699 14.658052830491213 2.725950908381491 0.58947576535865664 1.3123661540448655
leaf_count=58 28 25 22 60 34 36 121 409 38 9 883 248 21 12
internal_value=0.000470533 0.00632833 0.00793099 -0.00791635 -0.0120859 0.0192999 0.0113651 0.00951935 -0.00727698 0.00491724 -0.0158603 0.00134706 0.053947 -0.0198986
internal_weight=65.3325 38.466 37.0436 26.8665 22.0897 2.37135 4.77678 35.6979 4.66066 3.11004 19.7184 3.74794 1.02199 15.9704
internal_count=2004 531 503 1473 1294 96 179 478 69 47 1198 303 55 895
is_linear=0
shrinkage=0.03


Tree=114
num_leaves=15
num_cat=0
split_feature=18 19 4 18 15 13 11 1 1 1 13 14 15 14
split_gain=2.53051 1.96521 2.47173 2.98379 3.52607 3.39883 3.88737 2.42588 2.06682 2.57423 2.52748 2.44056 1.88361 1.7442
threshold=0.98182534576205316 -0.88545602565320969 2.061663673573515 -0.95297903005573326 0.95000000000000007 -18.809792764901101 0.47146767745305873 8.5000000000000018 2.5000000000000004 9.5000000000000018 -56.122203444242253 3.8630000000000018 1.2500000000000002 0.64750000000000096
decision_type=2 2 2 2 2 2 2 2 2 2 2 2 2 2
left_child=1 8 3 4 5 -3 -7 -4 -1 10 -10 -12 -5 -2
right_child=13 2 7 12 -6 6 -8 -9 9 -11 11 -13 -14 -15
leaf_value=-0.012280110943182598 0.021899822200599061 0.073480532138694224 0.020188494301644034 -0.017561296631837389 -0.030977276283499729 -0.031279747343204871 0.064191841259705423 -0.015821421948397578 -0.015143620388943247 -0.007724286902145619 0.039410396906684603 -0.00088288038960163942 0.019568668441871728 -0.0068479413479854137
leaf_weight=4.0676294139120754 7.3114901003427786 1.0735990570392464 5.1825961954891673 20.172577727353207 1.1350171028170732 1.0167187238112081 0.61663707252591859 2.4939369386993349 1.3994720666669298 3.9204170634038737 5.2314506750553837 1.8248192695900796 1.3094788084272284 2.5661124726757407
leaf_count=180 96 38 44 1211 82 49 26 28 21 38 53 35 40 35
internal_value=0.000568632 -0.00220077 -0.00642266 -0.0109431 0.013407 0.0320172 0.00476342 0.00848966 0.00627203 0.0123695 0.0216858 0.0289902 -0.015298 0.0144314
internal_weight=59.322 49.4444 33.0006 25.324 3.84197 2.70695 1.63336 7.67653 16.4438 12.3762 8.45574 7.05627 21.4821 9.8776
internal_count=1976 1845 1518 1446 195 113 75 72 327 147 109 88 1251 131
is_linear=0
shrinkage=0.03


Tree=115
num_leaves=15
num_cat=0
split_feature=10 19 14 14 14 12 13 4 4 13 14 14 12 14
split_gain=2.22349 2.02714 2.04848 1.74345 1.4716 1.90253 1.76348 1.71053 1.68448 1.81633 2.68801 1.73175 1.96746 2.08092
threshold=1.0000000180025095e-35 0.70581670320594814 6.7559999999999993 8.5710000000000033 5.3625000000000016 31.500000000000004 -56.45104692546672 2.4302359521596544 -0.74277745315683441 76.551294869349988 -5.2425000000000024 3.4499999999999962 45.500000000000007 4.086000000000003
decision_type=2 2 2 2 2 2 2 2 2 2 2 2 2 2
left_child=1 2 4 -2 6 -6 -1 8 -8 10 -10 -12 13 -13
right_child=3 -3 -4 -5 5 -7 7 -9 9 -11 11 12 -14 -15
leaf_value=-0.017264825988279057 -0.021700543156524168 -0.030320406758857985 -0.029201892891355451 0.046568731506595032 -0.010376274352534822 0.041806844780773442 0.024923305157089702 0.020773437887999291 0.036117631292461247 -0.024898224261403153 0.0026557632479861128 -0.031474378651993817 -0.046063532545820164 0.012802987888452147
leaf_weight=4.0271308743394902 6.0457470186520359 1.8233719747513522 1.8456556741148222 0.35652222298085678 0.95186279900371973 1.8526859446428714 2.5769932088442067 4.607264779508113 1.9201923273503698 2.4917714507319024 27.452728172764196 1.6007180036976927 1.4325542571023104 2.3691848791204393
leaf_count=116 501 360 80 22 40 45 32 31 30 98 516 29 24 59
internal_value=-0.00116709 0.000782262 0.0018497 -0.0178988 0.00296723 0.0240959 0.00174491 0.00346712 0.00146596 -0.0001561 0.00161676 -0.000399618 -0.0159256 -0.00505024
internal_weight=61.3544 54.9521 53.1287 6.40227 51.2831 2.80455 48.4785 44.4514 39.8441 37.2671 34.7754 32.8552 5.40246 3.9699
internal_count=1983 1460 1100 523 1020 85 935 819 788 756 658 628 112 88
is_linear=0
shrinkage=0.03


Tree=116
num_leaves=15
num_cat=0
split_feature=19 7 19 5 5 4 19 4 12 11 13 14 13 19
split_gain=1.92991 1.68899 1.41969 4.97611 3.28712 3.25594 3.17518 2.82991 1.81567 2.0978 2.43615 2.22071 2.22633 2.48236
threshold=0.70581670320594814 34.500000000000007 -0.2393156642875576 37.500000000000007 47.500000000000007 0.35663686847124249 -0.61559370248597534 -0.74277745315683441 9.5000000000000018 0.54231095452828193 42.474579174778398 -2.022500000000004 -4.6659431562760991 -0.95297903005573326
decision_type=2 2 2 2 2 2 2 2 2 2 2 2 2 2
left_child=1 2 3 6 -4 7 8 -5 -1 10 11 -10 13 -13
right_child=-2 -3 4 5 -6 -7 -8 -9 9 -11 -12 12 -14 -15
leaf_value=-0.030693417855477634 -0.030327784969952223 -0.019997333827501785 0.010891407113792925 0.029219883194215698 -0.02341584689129712 0.0408544704816148 -0.029501742274330566 -0.02620841186678859 -0.041229226812897528 0.021177053522287648 -0.031504107694904637 0.0037905738038755306 0.02138257111671597 -0.035801926101354652
leaf_weight=2.0073795462958541 1.9740815560799081 3.6380324887577435 20.678047054912899 1.5258355559781196 2.8613569091539821 3.3840911444276571 5.3207972112577435 1.8152155641000707 1.0756717519834662 3.2685606903396538 2.6435940752271554 5.9477927275002012 4.1995002492330942 1.8743517273105679
leaf_count=68 404 117 532 31 101 33 232 84 17 38 83 93 96 97
internal_value=-0.00113972 -0.000183225 0.0010903 -0.00291864 0.00672115 0.0201135 -0.00879974 -0.000894683 -0.00355866 -0.000693257 -0.00523457 6.77347e-05 0.0037629 -0.00569663
internal_weight=62.2143 60.2402 56.6022 33.0628 23.5394 6.72514 26.3376 3.34105 21.0169 19.0095 15.7409 13.0973 12.0216 7.82214
internal_count=2026 1622 1505 872 633 148 724 115 492 424 386 303 286 190
is_linear=0
shrinkage=0.03


Tree=117
num_leaves=15
num_cat=0
split_feature=1 9 18 4 4 10 9 4 2 6 5 12 3 13
split_gain=2.45225 2.60059 2.07088 1.64253 1.55197 1.96476 1.82686 1.53771 3.31361 3.59195 2.67543 3.32138 2.4601 2.22285
threshold=1.0000000180025095e-35 2.5000000000000004 0.99635443704902704 4.2618596303024141 -0.74277745315683441 1.0000000180025095e-35 4.5000000000000009 0.0489773532501959 2.5000000000000004 -84.819679686599827 45.500000000000007 15.500000000000002 3.5000000000000004 -0.61933147734716132
decision_type=2 2 2 2 2 2 2 2 2 2 2 2 2 2
left_child=1 -1 3 4 5 -2 7 8 9 -6 -11 -12 13 -9
right_child=2 -3 -4 -5 6 -7 -8 12 -10 10 11 -13 -14 -15
leaf_value=-0.02580232268422631 0.029447337847830535 0.019237392195587094 0.027921169310253697 0.033515452690634835 0.061798481281888397 -0.030232068790815875 -0.020699945019398536 0.014117515458933732 0.049029525900623455 -0.029822112926985892 0.04603238294897808 -0.032803224551938695 -0.015072565858436705 -0.0030986226091352562
leaf_weight=6.239189180545508 2.6961234109476204 1.4155539593193678 2.3973689200356594 1.2404094524681557 0.50122579792514343 0.60854356549680222 4.6337457946501663 14.455669783288608 0.75740307755768377 6.6786972377449239 1.0581867522560058 0.8817365365102886 6.0537502497900268 12.661610289942479
leaf_count=839 29 39 24 9 8 90 74 226 7 307 25 38 74 232
internal_value=-0.00157103 -0.0174733 0.000657424 -0.000594058 -0.00142388 0.0184576 -0.00280179 -0.000875219 -0.0112659 -0.0162734 -0.0208137 0.0101999 0.00221877 0.00607895
internal_weight=62.2792 7.65474 54.6245 52.2271 50.9867 3.30467 47.682 43.0483 9.87725 9.11985 8.61862 1.93992 33.171 27.1173
internal_count=2021 878 1143 1119 1110 119 991 917 385 378 370 63 532 458
is_linear=0
shrinkage=0.03


Tree=118
num_leaves=15
num_cat=0
split_feature=6 4 11 14 14 14 4 19 1 7 7 12 19 14
split_gain=2.14224 2.31779 2.91868 2.42453 3.21183 2.61289 2.30883 2.29402 3.81464 2.2907 3.15684 2.05911 1.97594 2.81327
threshold=-86.576576576576556 0.0489773532501959 0.67534821531199596 2.6049999999999991 3.1260000000000017 1.8774999999999993 3.2831893705272082 0.12053668025532312 15.500000000000002 18.500000000000004 3.5000000000000004 7.5000000000000009 -0.95297903005573326 0.32249999999999807
decision_type=2 2 2 2 2 2 2 2 2 2 2 2 2 2
left_child=-1 2 12 5 -5 6 9 8 -6 10 -3 -4 13 -2
right_child=1 3 11 4 7 -7 -8 -9 -10 -11 -12 -13 -14 -15
leaf_value=-0.03325604919210691 -0.041977887500411655 -0.0031749255158594323 -0.031308028233732403 0.045716690881607527 -0.012172339846814843 -0.033959434742686985 0.036861301873877074 0.027715814764413059 0.037996711083227587 -0.021678429155034235 0.028162729892336168 0.046611257575910073 -0.016818523518743571 0.012300476432143279
leaf_weight=1.8095432964619238 1.0295375455170894 12.998490588273865 0.39234213856980105 2.4249797826632848 6.2377449795603734 2.0277511645108452 1.5555718597024668 3.574399315752089 1.7457912117242811 3.9206259390339246 3.7213619188405564 1.3747945209033785 14.748455311870204 5.2007980090565979
leaf_count=59 34 186 62 29 115 33 13 57 15 60 58 39 1147 105
internal_value=-0.00108851 -0.000133529 -0.00771546 0.00438029 0.0143272 -0.00136145 0.00161659 0.00774133 -0.00120168 -0.00103963 0.00379994 0.0293115 -0.0108344 0.0033312
internal_weight=62.7622 60.9526 22.7459 38.2067 13.9829 24.2238 22.1961 11.5579 7.98354 20.6405 16.7199 1.76714 20.9788 6.23034
internal_count=2012 1953 1387 566 216 350 317 187 130 304 244 101 1286 139
is_linear=0
shrinkage=0.03


Tree=119
num_leaves=15
num_cat=0
split_feature=19 14 14 7 5 7 14 19 1 18 14 11 15 11
split_gain=2.147 2.1551 1.22 1.11362 3.43575 2.24544 3.18257 4.19274 2.11807 2.56418 3.2194 2.3039 2.28899 2.20893
threshold=0.70581670320594814 6.7559999999999993 10.489500000000001 18.500000000000004 39.500000000000007 3.5000000000000004 2.0745000000000009 0.29696027566504685 1.0000000180025095e-35 0.98182534576205316 2.6049999999999991 0.23315522068863967 1.1500000000000001 0.67534821531199596
decision_type=2 2 2 2 2 2 2 2 2 2 2 2 2 2
left_child=1 3 -3 5 -5 8 -7 -8 13 10 -10 -12 -13 -1
right_child=-2 2 -4 4 -6 6 7 -9 9 -11 11 12 -14 -15
leaf_value=-0.030511905304367853 -0.030340202024838319 -0.035290145734583452 0.022684377914095513 -0.029152969045085238 0.0064960740744974092 0.027389513991310274 -0.016901117669351762 0.044432327923721794 -0.008528379737812045 0.024988693341900955 -0.034820101791832203 0.026635354645985012 -0.023324188593097973 0.05400877615602008
leaf_weight=2.882595323957506 1.9142080226447422 2.0106539081316437 0.39005918591283251 3.6527888455893827 7.2871666145510972 8.0988041551318002 4.1798931639641514 1.3198451711796222 15.247508049011236 4.2191320955753318 0.75853170314803531 6.3293797776568681 0.9491424299776553 0.30802755523473013
leaf_count=333 395 112 18 127 196 158 116 19 290 40 28 125 23 5
internal_value=0.000916845 0.001955 -0.0258707 0.00316445 -0.00540694 0.00528151 0.0154297 -0.00218212 0.00078555 0.00346969 -0.000429529 0.0149352 0.0201205 -0.0223522
internal_weight=59.5477 57.6335 2.40071 55.2328 10.94 44.2929 13.5985 5.49974 30.6943 27.5037 23.2846 8.03705 7.27852 3.19062
internal_count=1985 1590 130 1460 323 1137 293 135 844 506 466 176 148 338
is_linear=0
shrinkage=0.03


Tree=120
num_leaves=15
num_cat=0
split_feature=14 10 0 1 3 4 4 1 4 14 4 9 7 4
split_gain=2.29452 1.59714 2.28052 4.28225 1.80059 2.83311 2.7834 2.51398 2.25594 2.06826 2.03603 1.68967 2.34301 2.52062
threshold=7.1760000000000028 1.0000000180025095e-35 3.5000000000000004 7.5000000000000009 1.0000000180025095e-35 -0.20161555290965738 0.35663686847124249 3.5000000000000004 -0.3358975876374406 0.73000000000000054 1.1622867597285274 1.0000000180025095e-35 4.5000000000000009 -0.18742397032486521
decision_type=2 2 2 2 2 2 2 2 2 2 2 2 2 2
left_child=1 4 -3 -4 7 8 -7 11 -6 -8 -11 -1 -13 -14
right_child=-2 2 3 -5 5 6 9 -9 -10 10 -12 12 13 -15
leaf_value=-0.01463160690302241 -0.028472143222867063 -0.030556983585860325 0.041933221621156772 -0.030729089374334845 0.012176560302816462 -0.024109379614003657 0.019743571520085181 0.025718925075275217 0.045236824273382097 0.017294244121838363 -0.0086918688095708792 -0.010706949579710292 -0.010679054036785261 0.037246530405007111
leaf_weight=10.209494355134671 2.2613349177408955 3.0453992306720457 1.498738744761795 1.4230451963376252 5.2588026798330247 2.922450537793341 7.4480863558128503 2.5054811984300605 2.8722025300376135 4.0163839282467952 8.3657290209084731 5.0771343552041781 1.5679611412342636 2.6687724764924496
leaf_count=832 137 370 19 93 45 34 47 14 31 27 47 171 72 46
internal_value=0.00118305 0.00232198 -0.0123911 0.00654328 0.00398125 0.00865517 0.00322335 -0.00257142 0.0238548 0.00725148 -0.000262758 -0.00620199 0.00303822 0.0195099
internal_weight=61.141 58.8797 5.96718 2.92178 52.9125 30.8837 22.7526 22.0288 8.13101 19.8302 12.3821 19.5234 9.31387 4.23673
internal_count=1985 1848 482 112 1366 231 155 1135 76 121 74 1121 289 118
is_linear=0
shrinkage=0.03


Tree=121
num_leaves=15
num_cat=0
split_feature=9 19 4 3 6 14 14 4 4 1 4 14 4 14
split_gain=1.84934 1.73235 1.24081 2.49385 3.59398 1.86585 1.63567 1.64089 1.61013 1.92087 1.85237 2.91872 2.52281 3.26525
threshold=7.5000000000000009 0.70581670320594814 2.3161438887905801 3.5000000000000004 57.184145334434355 -0.69800000000000206 -8.0574999999999957 2.2522985242282574 -0.3358975876374406 4.5000000000000009 -0.22289952759811174 3.5024999999999999 0.0489773532501959 -6.216000000000002
decision_type=2 2 2 2 2 2 2 2 2 2 2 2 2 2
left_child=1 2 3 6 5 -5 -1 8 9 -8 11 -10 13 -12
right_child=-2 -3 -4 4 -6 -7 7 -9 10 -11 12 -13 -14 -15
leaf_value=-0.033667765764995805 -0.043987409082194694 -0.030284685123544618 0.011847750477494562 0.007705056341520999 0.013185462116832964 -0.040504484535053092 -0.016429819555816856 -0.040814941909609131 0.030937176627018347 0.016066290884732392 0.095597466058423231 -0.03078149845118287 0.007634106591717791 -0.019856865047454052
leaf_weight=1.1456886576488603 0.87666637124493618 1.6652247733436514 7.8561437693424514 0.88036675285547961 2.3602571999654174 4.0298810543026766 6.4234536869916976 0.76792953535914321 4.8168784799054185 2.1970611247234046 0.23011302505619813 0.8048305611591785 22.868838883936405 5.2578032971359958
leaf_count=42 23 380 65 13 23 72 483 6 164 28 8 83 369 266
internal_value=-0.000723179 -0.000104492 0.000738189 -0.000947271 -0.0172373 -0.0318609 0.00171348 0.0026482 0.0034317 -0.00814772 0.00636946 0.0221012 0.00325065 -0.0150158
internal_weight=62.1811 61.3045 59.6392 51.7831 7.27051 4.91025 44.5126 43.3669 42.599 8.62051 33.9785 5.62171 28.3568 5.48792
internal_count=2025 2002 1622 1557 108 85 1449 1407 1401 511 890 247 643 274
is_linear=0
shrinkage=0.03


Tree=122
num_leaves=15
num_cat=0
split_feature=12 13 13 12 6 6 0 12 13 19 19 1 5 1
split_gain=2.22781 2.29523 2.68802 2.30304 2.16754 3.45625 2.07296 2.66946 2.99597 2.91959 2.9143 1.92481 1.86134 2.21962
threshold=1.5000000000000002 56.573814390093681 -44.352316666746397 53.500000000000007 -84.119784597872226 -83.333043976457915 1.0000000180025095e-35 45.500000000000007 43.21160543892082 -0.2393156642875576 0.23931566428755774 3.5000000000000004 9.5000000000000018 17.500000000000004
decision_type=2 2 2 2 2 2 2 2 2 2 2 2 2 2
left_child=-1 2 12 -3 -4 -6 7 8 -7 -9 -11 -5 -2 -14
right_child=1 3 4 11 5 6 -8 9 -10 10 -12 -13 13 -15
leaf_value=-0.0350712442723446 -0.038572740395489184 -0.029186726981588629 -0.023476679156721976 -0.019000948401375371 0.058454550625983828 -0.030832542694860871 0.010881302086333811 -0.031309042423695782 0.03192595430218502 0.059685293578104585 -0.030322947632502126 0.029419037005136851 -0.0088836106041249759 0.037776529770844537
leaf_weight=1.5271092390175898 1.6397235852200527 4.0497732744552186 1.9426984731107939 1.4519431923981758 1.2312525345478196 3.9857180903200051 29.923658576328307 0.76497467490844462 0.82657174789346743 1.3832603762857614 0.42268088599666942 1.5045565115287898 8.8883088522125018 1.0231722276657809
leaf_count=93 82 182 63 87 13 471 457 59 39 29 79 16 304 7
internal_value=0.000703779 0.00162915 0.00379973 -0.0144906 0.00744216 0.00900077 0.00736863 -0.00686802 -0.020053 0.0178118 0.0386188 0.00563988 -0.00896504 -0.00406684
internal_weight=60.5654 59.0383 52.032 7.00627 40.4808 38.5381 37.3069 7.38321 4.81229 2.57092 1.80594 2.9565 11.5512 9.91148
internal_count=1981 1888 1603 285 1210 1147 1134 677 510 167 108 103 393 311
is_linear=0
shrinkage=0.03


Tree=123
num_leaves=15
num_cat=0
split_feature=10 13 13 19 7 6 3 7 4 19 6 6 6 6
split_gain=2.80066 2.29398 3.62624 2.19922 1.65745 2.79161 2.69178 1.6809 2.75259 1.57966 2.35798 1.5282 1.7121 3.62946
threshold=1.0000000180025095e-35 -33.485553055755894 -41.460889681950228 0.70581670320594814 18.500000000000004 47.320574162679428 1.0000000180025095e-35 10.500000000000002 -1.0000000180025095e-35 -0.91023613416931226 -53.314413741598194 130.55480460184438 -53.314413741598194 -66.630036630036599
decision_type=2 2 2 2 2 2 2 2 2 2 2 2 2 2
left_child=3 2 -2 4 7 -6 -7 11 9 -9 -11 12 13 -1
right_child=1 -3 -4 -5 5 6 -8 8 -10 10 -12 -13 -14 -15
leaf_value=0.005322510178083481 -0.030500047635100447 -0.031053855804315043 0.048600404229055892 -0.030329646992343536 -0.020401048994206583 -0.020681790866138361 0.0260349917076148 0.030518516246389404 0.036094329933809816 0.034346411307305078 -0.034864825601741686 -0.022220353973686432 0.011903634683305721 -0.036952470877733214
leaf_weight=10.574886996764688 1.0710749111603948 3.8375368134584269 1.016756970901042 1.5925094508565951 5.3543469680007529 1.6517612142488358 3.3845528336241841 1.0071068773977461 4.4330130061134687 0.6217761775478724 1.5410440617706624 1.7284946222789574 21.299044779734693 2.2096698970999489
leaf_count=205 131 334 38 361 128 100 22 15 38 10 69 36 433 79
internal_value=0.00231767 -0.0172856 0.00802122 0.00441442 0.00544275 -0.00532005 0.0107133 0.00801865 0.02083 -0.00051643 -0.0149677 0.00529878 0.00669437 -0.00198425
internal_weight=61.3236 5.92537 2.08783 55.3982 53.8057 10.3907 5.03631 43.415 7.60294 3.16993 2.16282 35.8121 34.0836 12.7846
internal_count=1999 503 169 1496 1135 250 122 885 132 94 79 753 717 284
is_linear=0
shrinkage=0.03


Tree=124
num_leaves=15
num_cat=0
split_feature=19 19 4 11 11 1 11 5 19 6 11 5 18 4
split_gain=1.93778 2.02041 2.92998 1.84993 1.99915 2.3547 2.14123 2.59027 4.52226 2.91213 2.10285 1.86611 1.72899 2.92668
threshold=0.70581670320594814 0.4647231720437684 -0.22289952759811194 0.24020481232291888 0.3286189599420723 1.0000000180025095e-35 0.35338491204703071 44.500000000000007 -0.1799261722714405 33.46911065852003 0.28682611549821063 73.500000000000014 -0.61559370248597534 0.78759422170034965
decision_type=2 2 2 2 2 2 2 2 2 2 2 2 2 2
left_child=1 3 -3 11 10 -6 -7 9 -9 -8 -5 12 13 -1
right_child=-2 2 -4 4 5 6 7 8 -10 -11 -12 -13 -14 -15
leaf_value=0.00091947192949227031 -0.030283744889810955 -0.030742125764445946 0.032361965538474528 -0.0060001339320515752 -0.023904165013671604 0.036280211283919318 0.0015635263424697836 0.036929477510341743 -0.025791959904730734 -0.028265445329696881 -0.038073687181040969 0.046893717354776702 0.0021031255850705432 0.082803519020831245
leaf_weight=0.92659253254532703 1.7246663235127915 0.80462738987989713 3.7411592705175272 6.4193830741569382 3.1488906873855731 1.6795109850354517 19.287239601835616 3.8981486682314426 1.4083712184801687 3.4765698723494998 2.5788099798373878 1.1481675445102144 9.9085537123028171 0.68198006227612495
leaf_count=46 407 84 89 148 366 25 347 54 34 79 95 10 215 5
internal_value=0.00106176 0.00197637 0.0211922 0.000375421 -0.00266175 0.00076546 0.00337663 0.00140794 0.020283 -0.00299206 -0.0151922 0.0104224 0.00678652 0.0356355
internal_weight=60.8327 59.108 4.54579 54.5622 41.8969 32.8987 29.7498 28.0703 5.30652 22.7638 8.99819 12.6653 11.5171 1.60857
internal_count=2004 1597 173 1424 1148 905 539 514 88 426 243 276 266 51
is_linear=0
shrinkage=0.03


Tree=125
num_leaves=15
num_cat=0
split_feature=19 7 8 13 18 13 15 6 19 15 13 14 14 14
split_gain=1.94486 1.86136 1.90427 1.86876 1.45434 1.23863 1.03629 1.01801 1.00234 2.7704 1.09729 2.04952 3.02517 2.37049
threshold=0.61559370248597578 36.500000000000007 1.0000000180025095e-35 -79.69916035805683 -0.99635443704902682 110.50951039338547 0.8500000000000002 -28.340954188594598 0.4647231720437684 0.8500000000000002 69.771931667120583 -2.022500000000004 -5.3904999999999967 -1.8384999999999978
decision_type=2 2 2 2 2 2 2 2 2 2 2 2 2 2
left_child=1 2 3 -1 -5 8 -3 -4 10 -10 11 12 -6 -13
right_child=-2 6 7 4 5 -7 -8 -9 9 -11 -12 13 -14 -15
leaf_value=-0.035841960066548099 -0.024550493854745357 0.011200856431566252 -0.00020217576769326038 -0.036445098848110064 0.024508898355707485 -0.032485742626487513 -0.030013378129059708 0.032404270362129138 -0.031565444061042516 0.039266807013753423 0.02121824437949069 0.057886371867207097 -0.027383088810013254 0.0033939772228362241
leaf_weight=1.1481520312372584 2.527339103864505 0.71609824337065164 1.210460551548749 0.83254412794485588 1.3267578966915605 0.84396423120051522 2.3540125747676939 2.9914516275748602 0.65762535040266756 2.0341573394834995 2.8263971535488954 0.73304825788363004 4.2497106783557603 36.131025412585601
leaf_count=46 436 20 34 42 30 49 78 39 38 46 81 9 98 900
internal_value=0.00121153 0.00233304 0.00360235 0.00199643 0.0028717 0.00354242 -0.0204002 0.0230112 0.00417643 0.0219619 0.00311883 0.00191347 -0.0150369 0.00447757
internal_weight=60.5827 58.0554 54.9853 50.7834 49.6352 48.8027 3.07011 4.20191 47.9587 2.69178 45.2669 42.4405 5.57647 36.8641
internal_count=1946 1510 1412 1339 1293 1251 98 73 1202 84 1118 1037 128 909
is_linear=0
shrinkage=0.03


Tree=126
num_leaves=15
num_cat=0
split_feature=7 19 13 11 11 12 12 13 4 14 14 4 4 1
split_gain=1.82691 1.81625 1.4962 1.33364 2.65922 3.41544 3.15783 3.07364 2.58161 2.43699 3.8285 2.41883 2.31765 2.31682
threshold=35.500000000000007 0.70581670320594814 110.50951039338547 0.32601148847143696 0.51113388410968474 10.500000000000002 17.500000000000004 29.002751488238285 -1.0000000180025095e-35 -0.92899999999999838 0.14149999999999704 2.3161438887905801 -0.3358975876374406 1.0000000180025095e-35
decision_type=2 2 2 2 2 2 2 2 2 2 2 2 2 2
left_child=1 2 3 11 5 7 9 8 -5 -6 -11 -1 -8 -7
right_child=-2 -3 -4 4 6 13 12 -9 -10 10 -12 -13 -14 -15
leaf_value=-0.0064364601242148873 -0.02004718519229191 -0.03028888250077743 -0.032364518127269211 -0.030849933760944043 -0.031642061246519637 -0.030284960420655579 -0.031962680719175955 0.094031704006843519 0.053995477128252464 0.037027205314394199 -0.0090745016951830522 0.020594662779677982 0.029092068960805326 0.015181847600724503
leaf_weight=16.633122001308951 3.2873084719758472 1.441350913606583 1.0094626396894444 0.50812391797080647 2.8605090894270715 1.0999219736549992 0.6443314196076243 0.90599201479926694 0.88473530672490519 1.9937385139055539 8.6763823735527676 3.6294419690966597 4.2535024692770085 12.157094398746265
leaf_count=463 140 361 62 53 61 172 54 18 14 35 237 31 72 222
internal_value=0.0016959 0.00295656 0.00382376 0.00449718 0.00812931 0.0172632 0.000419185 0.0510203 0.0230433 -0.00705242 -0.000460284 -0.00159463 0.0210601 0.0114095
internal_weight=59.985 56.6977 55.2564 54.2469 33.9843 15.5559 18.4285 2.29885 1.39286 13.5306 10.6701 20.2626 4.89783 13.257
internal_count=1995 1855 1494 1432 938 479 459 85 67 333 272 494 126 394
is_linear=0
shrinkage=0.03


Tree=127
num_leaves=15
num_cat=0
split_feature=10 4 11 4 19 6 0 13 12 19 13 6 12 15
split_gain=1.80526 2.15574 4.22807 2.01708 1.58517 1.48732 2.4095 4.87677 3.76773 2.87481 2.5944 2.22967 2.1671 2.19475
threshold=1.0000000180025095e-35 1.8204928717607067 0.31071483787139875 -1.0824190488705205 0.70581670320594814 -64.466490051293604 1.0000000180025095e-35 25.146426037671365 7.5000000000000009 0.4647231720437684 25.803608852959858 -27.342927342927336 7.5000000000000009 1.1500000000000001
decision_type=2 2 2 2 2 2 2 2 2 2 2 2 2 2
left_child=3 -2 -3 -1 5 12 7 -7 -9 11 -10 -8 -5 -14
right_child=1 2 -4 4 -6 6 9 8 10 -11 -12 -13 13 -15
leaf_value=0.042063372863461318 -0.030453864616596788 0.054198149082015583 -0.031887215328801406 -0.039270206952554565 -0.030292098830763614 -0.027496891482498273 0.017856641056177677 0.078434210425288253 0.095659889535278583 0.035526978990488879 -0.01513051794906718 -0.00057725814268881767 0.0021511477471504287 -0.043990307784938988
leaf_weight=1.0489455573260773 3.7093607499264172 0.9522922066971663 1.1143497633747754 1.7674320396035899 1.5053870833944518 5.359741538995876 8.0742026683874446 0.7698975850362334 0.21740794624201942 2.9254615246318272 1.5216270650271324 21.985106538049877 8.258221752708776 1.0452037267386902
leaf_count=7 472 13 31 38 373 427 69 22 3 39 116 209 182 14
internal_value=-0.000826194 -0.0167738 0.00778024 0.000864622 5.57972e-05 0.000935642 0.00357875 -0.0113381 0.0231814 0.00713723 -0.0012799 0.00437425 -0.00881789 -0.00303267
internal_weight=60.2546 5.776 2.06664 54.4786 53.4297 51.9243 40.8534 7.86867 2.50893 32.9848 1.73904 30.0593 11.0709 9.30343
internal_count=2015 516 44 1499 1492 1119 885 568 141 317 119 278 234 196
is_linear=0
shrinkage=0.03


Tree=128
num_leaves=15
num_cat=0
split_feature=10 13 13 14 14 9 0 9 14 3 12 18 6 14
split_gain=1.84703 2.07871 3.64196 1.85498 1.7867 1.65313 1.68749 1.23644 2.0008 1.69434 2.31816 3.70588 2.46291 1.96284
threshold=1.0000000180025095e-35 -33.485553055755894 -41.460889681950228 6.1240000000000032 5.3625000000000016 1.5000000000000002 3.5000000000000004 1.0000000180025095e-35 2.8385000000000038 1.5000000000000002 13.500000000000002 -0.98182534576205283 -87.87867657186932 -4.7824999999999998
decision_type=2 2 2 2 2 2 2 2 2 2 2 2 2 2
left_child=3 2 -2 4 7 6 -6 8 9 10 11 -1 -12 -13
right_child=1 -3 -4 -5 5 -7 -8 -9 -10 -11 12 13 -14 -15
leaf_value=0.075225518400875116 -0.030524148265461969 -0.031068514742520415 0.047965759043145609 -0.022768861101418403 -0.030918343719322956 0.060887473748741837 0.042503714623233171 0.0048314993666928449 0.012391758303272053 0.011564656728920977 0.054434263891821259 0.03577475093953477 -0.032016324478826262 -0.030797498129569383
leaf_weight=0.54782205889932845 1.1291232523508372 3.5148280239664009 1.0061463268939403 2.7474504115525624 0.55833349190652304 0.88651695335283864 0.5686783641576767 30.596691878745332 4.0488400489557526 2.1629845560528329 0.31192538049071394 0.54675737814977821 6.032534259837127 1.4710456919856347
leaf_count=23 139 324 38 146 47 9 3 404 197 13 9 25 397 192
internal_value=-0.000619206 -0.0168856 0.00646056 0.00120147 0.00258119 0.0302384 0.00612966 0.00136312 -0.00565457 -0.0122532 -0.0180351 0.00602807 -0.027766 -0.0127586
internal_weight=56.1297 5.6501 2.13527 50.4796 47.7321 2.01353 1.12701 45.7186 15.1219 11.0731 8.91008 2.56563 6.34446 2.0178
internal_count=1966 501 177 1465 1319 59 50 1260 856 659 646 240 406 217
is_linear=0
shrinkage=0.03


Tree=129
num_leaves=15
num_cat=0
split_feature=10 19 4 1 14 4 14 14 13 6 4 14 13 19
split_gain=1.89417 1.94106 1.87858 2.97328 1.52941 2.74054 2.75876 2.37188 2.31973 2.06025 1.46614 3.40524 2.12759 5.40304
threshold=1.0000000180025095e-35 0.61559370248597578 1.6209443681942652 6.5000000000000009 3.4499999999999962 0.0489773532501959 4.086000000000003 5.9325000000000019 -87.692308055652958 -4.5273691825415954 -0.22289952759811063 -2.022500000000004 -34.771016453482524 1.0000000180025095e-35
decision_type=2 2 2 2 2 2 2 2 2 2 2 2 2 2
left_child=1 4 -2 -4 10 8 -7 9 -6 -8 11 -1 13 -12
right_child=2 -3 3 -5 5 6 7 -9 -10 -11 12 -13 -14 -15
leaf_value=-0.020123844044782343 -0.030398156075846082 -0.023693859983761348 0.038487091036424816 -0.031457110127909874 0.038850734573196197 -0.028148656902601096 0.0038246337463238426 -0.013570414264536987 -0.03121167737116479 0.047637100842633257 0.036492256751968967 0.024383548021925685 -0.00063133570366367031 -0.028200680772545301
leaf_weight=1.88714299048297 3.2332047580275676 2.3943113496061406 1.161929843015969 1.033515455201268 0.47506824764423061 1.6642548907548187 1.7049556327983735 1.7219732566736636 4.0610277827363443 2.2286932067945604 4.3899344773963085 8.5867916049901343 24.144866744987674 1.5801045889966188
leaf_count=83 458 414 13 37 9 12 22 29 250 24 44 252 297 44
internal_value=0.00104814 0.0027215 -0.0158558 0.00556055 0.00392746 -0.00555162 0.00580268 0.0157934 -0.023874 0.0286475 0.0066963 0.0163644 0.00333373 0.0193698
internal_weight=60.2678 54.8391 5.42865 2.19545 52.4448 11.856 7.31988 5.65562 4.5361 3.93365 40.5888 10.4739 30.1149 5.97004
internal_count=1988 1480 508 50 1066 346 87 75 259 46 720 335 385 88
is_linear=0
shrinkage=0.03


Tree=130
num_leaves=15
num_cat=0
split_feature=13 11 11 1 4 12 1 14 4 1 14 9 7 19
split_gain=1.98978 1.76143 2.40053 2.36144 2.60609 2.32923 2.05342 1.95831 2.39987 1.82135 1.81197 1.74549 2.07791 1.82366
threshold=97.10612509482128 0.27110848017865019 0.32601148847143696 9.5000000000000018 1.8204928717607067 48.500000000000007 5.5000000000000009 -2.8905000000000007 -0.22289952759811194 2.5000000000000004 -1.5759999999999985 5.5000000000000009 20.500000000000004 -0.78574730703237872
decision_type=2 2 2 2 2 2 2 2 2 2 2 2 2 2
left_child=1 3 6 4 11 7 -3 8 -4 -10 -9 12 13 -1
right_child=-2 2 5 -5 -6 -7 -8 10 9 -11 -12 -13 -14 -15
leaf_value=-0.0014655827277262683 -0.031720616947137084 -0.03222365908169332 -0.03297561346320161 -0.032508770419544475 0.041024126076782443 0.029450328955138314 0.0016214524719099816 -0.031058674100160992 0.050967136416175937 0.00098926964664987826 2.8320130464406985e-05 0.040661859320215835 -0.026135380717849602 0.026758423761440799
leaf_weight=4.925680131418626 1.5313016464933742 3.5786908828886217 0.59279942442663047 1.0164998515974719 2.7552470341324797 2.7319591504055998 2.9377391580492258 1.7954129839781625 1.8587253591977018 1.0144372656941412 28.067526605445902 1.3443986973725248 1.6853564083576191 3.5419926990289268
leaf_count=114 134 167 50 22 22 94 38 83 55 10 1000 24 60 105
internal_value=0.00203297 0.00292649 -0.000208486 0.0116682 0.0148189 0.00281963 -0.0169656 0.000636723 0.0219822 0.0333213 -0.00184069 0.00853908 0.00428559 0.0103404
internal_weight=59.3778 57.8465 42.5773 15.2692 14.2527 36.0609 6.51643 33.3289 3.46596 2.87316 29.8629 11.4974 10.153 8.46767
internal_count=1978 1844 1497 347 325 1292 205 1198 115 65 1083 303 279 219
is_linear=0
shrinkage=0.03


Tree=131
num_leaves=15
num_cat=0
split_feature=10 13 19 14 14 14 14 18 13 12 12 13 13 12
split_gain=1.95093 1.81235 1.61404 1.64347 1.75294 1.60547 1.52163 1.56068 4.50427 1.72195 5.96183 2.50212 2.39275 2.72027
threshold=1.0000000180025095e-35 97.10612509482128 0.70581670320594814 6.1240000000000032 9.8604999999999965 8.5710000000000033 5.3625000000000016 -0.61559370248597534 -32.132216316505108 12.500000000000002 44.500000000000007 18.582911708840957 29.002751488238285 8.5000000000000018
decision_type=2 2 2 2 2 2 2 2 2 2 2 2 2 2
left_child=1 2 3 6 -5 -2 7 8 -1 12 -11 -12 13 -10
right_child=5 -3 -4 4 -6 -7 -8 -9 9 10 11 -13 -14 -15
leaf_value=-0.031047633115366503 -0.020415757300602091 -0.031793991825936896 -0.030270589465808056 -0.029831342656093003 0.02874125048592965 0.047941208445511509 0.029543525308267572 0.0018454720968949126 -0.03058939679476386 -0.034555512438208522 0.065244714911381146 0.0064105110235077077 0.074371975636877793 0.049632197617301192
leaf_weight=1.5066248129587618 5.0681879281764841 1.3384225759655226 1.2391589859034855 2.2484712442383166 0.57808270514942695 0.32932181400246907 2.2913919668644658 37.355490268208086 0.6082514559384421 1.4822093097027389 1.5455822921358051 1.1234418880194423 1.2852323176339266 1.0156755696516482
leaf_count=104 468 106 339 99 23 19 49 539 57 76 37 22 24 15
internal_value=0.000946602 0.00267722 0.00355972 0.00438105 -0.0178522 -0.016245 0.00568448 0.00449399 0.0160425 0.0260912 0.0136886 0.0404803 0.0437891 0.0195847
internal_weight=59.0155 53.618 52.2796 51.0405 2.82655 5.39751 48.2139 45.9225 8.56702 7.06039 4.15123 2.66902 2.90916 1.62393
internal_count=1977 1490 1384 1045 122 487 923 874 335 231 135 59 96 72
is_linear=0
shrinkage=0.03


Tree=132
num_leaves=15
num_cat=0
split_feature=1 4 13 14 4 13 12 5 13 19 4 13 14 14
split_gain=2.20576 2.47864 3.06331 2.88747 2.92913 2.56149 2.25361 2.1972 1.96941 1.94834 2.11985 2.23568 2.03006 4.00554
threshold=22.500000000000004 2.3161438887905801 63.082491740035231 3.4499999999999962 0.0489773532501959 -87.692308055652958 1.5000000000000002 15.500000000000002 -56.45104692546672 0.61559370248597578 -0.22289952759811063 25.146426037671365 2.6049999999999991 3.1260000000000017
decision_type=2 2 2 2 2 2 2 2 2 2 2 2 2 2
left_child=1 2 3 6 5 -5 -1 -6 -8 10 11 -10 -12 -14
right_child=-2 -3 -4 4 7 -7 8 -9 9 -11 12 -13 13 -15
leaf_value=-0.036460718417468986 -0.050928423727762809 0.017649424022122353 -0.028136607596736484 0.036690212651724792 0.02364979199693433 -0.035631654334415841 -0.020505805682323006 -0.012460555828945428 0.013150914147522928 -0.030307155258963023 0.00078486543298683501 0.045941893713012716 0.047545779401036561 -0.012009802832126779
leaf_weight=1.0953110696282227 0.71571464277803798 7.9155458151362827 3.3488145160954437 0.48807198321446765 2.5371834447141737 4.546237937640397 2.1503712511621336 3.7698244149796665 6.3824567310512048 1.0861474762205023 17.019386005820724 2.6475398510228842 2.5669206609018138 1.6826326749287543
leaf_count=60 5 76 236 9 54 432 97 79 256 264 311 69 33 22
internal_value=0.00141139 0.00206587 -0.000435146 0.00158275 -0.0115553 -0.0286201 0.00588538 0.00206592 0.00726846 0.00917143 0.0105866 0.022765 0.00541616 0.0239644
internal_weight=57.9522 57.2364 49.3209 45.9721 11.3413 5.03431 34.6308 6.30701 33.5355 31.3851 30.2989 9.03 21.2689 4.24955
internal_count=2003 1998 1922 1686 574 441 1112 133 1052 955 691 325 366 55
is_linear=0
shrinkage=0.03


Tree=133
num_leaves=15
num_cat=0
split_feature=0 1 13 13 14 18 6 5 4 11 13 13 13 18
split_gain=2.28126 3.02074 2.46027 2.25722 2.34429 2.72413 2.64045 2.09963 1.88329 2.34221 3.04317 2.56789 2.49122 1.8331
threshold=12.500000000000002 18.500000000000004 22.928313525600359 88.968962726757226 1.2089999999999981 -0.88545602565320969 -82.869300465866971 54.500000000000007 2.193764929764523 0.27110848017865019 -33.017786432542287 -33.017786432542287 -74.867410883839298 0.91023613416931248
decision_type=2 2 2 2 2 2 2 2 2 2 2 2 2 2
left_child=1 2 8 4 5 -4 -6 -8 9 11 -11 12 -1 -10
right_child=-2 -3 3 -5 6 -7 7 -9 13 10 -12 -13 -14 -15
leaf_value=-0.03433442333389846 -0.051280516539471944 0.034197548626447159 0.074842659436810927 -0.023300713386900197 0.064896469838834431 0.017103439121845452 -0.01430773120033901 0.044456978743824489 0.027796300514634442 -0.029590361918838511 -0.0052627960458931254 -0.012058097134496749 0.02548410340781488 -0.0046734407516874172
leaf_weight=0.71988976188004006 0.75988643523305555 2.3703719880431882 0.80451112776063283 1.7487885305890802 0.48938723420724262 8.5617111698957178 4.9366467784857369 0.61542414687573899 2.8893290134146801 7.0810796514851981 13.357244602055289 4.903135674074294 4.8347373125143349 3.4136684495024383
leaf_count=36 5 17 19 141 6 222 176 13 27 430 667 120 99 30
internal_value=0.000354514 0.0010462 -0.000399481 0.00899868 0.0126647 0.0220629 -0.00190563 -0.00779391 -0.00473398 -0.00778282 -0.0136913 0.00376462 0.0177315 0.0102109
internal_weight=57.4858 56.7259 54.3556 17.1565 15.4077 9.36622 6.04146 5.55207 37.1991 30.8961 20.4383 10.4578 5.55463 6.303
internal_count=2008 2003 1986 577 436 241 195 189 1409 1352 1097 255 135 57
is_linear=0
shrinkage=0.03


Tree=134
num_leaves=15
num_cat=0
split_feature=4 0 19 2 15 19 3 2 16 7 5 14 0 15
split_gain=1.54028 1.33322 3.04193 1.6888 1.69462 1.9296 1.50622 3.13997 1.58687 1.51053 1.63377 1.50961 1.8719 1.89462
threshold=2.4302359521596544 5.5000000000000009 -0.95297903005573326 2.5000000000000004 1.2500000000000002 0.61559370248597578 2.5000000000000004 1.5000000000000002 1.0000000180025095e-35 36.500000000000007 73.500000000000014 3.4499999999999962 2.5000000000000004 0.65000000000000002
decision_type=2 2 2 2 2 2 2 2 2 2 2 2 2 2
left_child=1 3 -3 4 5 6 7 9 -8 10 11 -1 13 -13
right_child=-2 2 -4 -5 -6 -7 8 -9 -10 -11 -12 12 -14 -15
leaf_value=0.0023180124589380824 0.014423903569402929 0.012945035914420261 -0.034590244585700411 0.026358394789696933 0.026753231135419244 -0.030790403481365518 -0.034275848150631692 0.034756538686299486 -0.00036031004606984599 -0.026903913536639148 0.031625542196288499 0.047476000790326468 0.013222972654675766 -0.02760031717667118
leaf_weight=23.537902101175867 5.8521423246711484 1.9665721305646 3.156006629113107 2.0568069024011484 1.8402344021014858 2.0859710341319433 2.394567508948966 2.3103515696711829 2.5787208953406662 1.967374003259464 1.4209426809102286 0.32296473393216629 1.735070235095918 4.7796077157836407
leaf_count=745 56 19 45 28 67 457 42 22 41 82 27 7 20 340
internal_value=-0.000169973 -0.00180756 -0.0163413 -0.000224542 -0.00144027 -0.00264311 -0.00121271 0.00092105 -0.0166902 -0.0013942 0.000184184 -0.00128662 -0.0136952 -0.0228484
internal_weight=58.0052 52.1531 5.12258 47.0305 44.9737 43.1335 41.0475 36.0742 4.97329 33.7639 31.7965 30.3755 6.83764 5.10257
internal_count=1998 1942 64 1878 1850 1783 1326 1243 83 1221 1139 1112 367 347
is_linear=0
shrinkage=0.03


Tree=135
num_leaves=15
num_cat=0
split_feature=9 4 4 9 4 10 14 11 13 13 4 1 11 12
split_gain=1.40442 1.40122 2.98511 2.23406 1.79318 2.34592 1.62656 1.39028 1.59551 2.59506 2.09388 1.38251 2.00661 1.82856
threshold=5.5000000000000009 1.8204928717607067 1.6794879381871952 4.5000000000000009 1.6209443681942652 1.0000000180025095e-35 5.9325000000000019 0.24582358085716696 34.148470039636884 -25.744896953170549 2.3864550697958307 1.0000000180025095e-35 0.67534821531199596 6.5000000000000009
decision_type=2 2 2 2 2 2 2 2 2 2 2 2 2 2
left_child=1 2 3 4 5 6 11 -3 9 -9 -11 12 -1 -13
right_child=-2 7 -4 -5 -6 -7 -8 8 -10 10 -12 13 -14 -15
leaf_value=-0.019870643910250684 0.016434650847427054 0.028812644234377485 -0.046116589816293095 -0.038599649611596051 0.035984610854791731 -0.030394638430913532 -0.032582522193849335 -0.0067499939653344592 -0.020007259773793945 0.04554428144831283 0.0043991450781852483 -0.024792342459322013 0.03307813359649265 0.0061657101045027429
leaf_weight=4.6720564137212923 4.4058838358614585 2.2207047920674077 1.460476561449467 1.4778101174160827 1.1442697681486595 2.4675504444167009 1.3315359420375887 4.8983376245014352 2.2134109418839207 2.2179180239327252 2.2347785700112581 1.8436952641932318 0.74717669188976277 25.015482998453081
leaf_count=611 74 17 12 27 7 385 150 44 26 23 20 88 57 454
internal_value=0.000148979 -0.00118113 -0.00401386 -0.00242496 -0.000988719 -0.0021614 -8.85948e-05 0.00707145 0.00289651 0.00831789 0.0248938 0.00125183 -0.0125703 0.00404066
internal_weight=58.3511 53.9452 40.1601 38.6996 37.2218 36.0775 33.6099 13.7851 11.5644 9.35103 4.4527 32.2784 5.41923 26.8592
internal_count=1995 1921 1791 1779 1752 1745 1360 130 113 87 43 1210 668 542
is_linear=0
shrinkage=0.03


Tree=136
num_leaves=15
num_cat=0
split_feature=19 9 15 14 14 11 11 1 4 3 11 9 19 5
split_gain=1.58568 2.89472 1.8443 1.50216 2.10479 1.95341 3.26487 2.85387 2.22158 1.93947 1.88912 1.7345 1.92095 3.95623
threshold=0.5163939593874618 1.5000000000000002 1.2500000000000002 3.1260000000000017 2.9625000000000008 0.50855718130674632 0.45752350399101005 15.500000000000002 0.086149862174515743 1.5000000000000002 0.19832886995803986 6.5000000000000009 -0.78574730703237872 37.500000000000007
decision_type=2 2 2 2 2 2 2 2 2 2 2 2 2 2
left_child=3 2 -2 4 11 6 8 -7 10 -8 -5 12 13 -1
right_child=1 -3 -4 5 -6 7 9 -9 -10 -11 -12 -13 -14 -15
leaf_value=-0.01405738350337692 -0.031588794329259894 0.084701379688973261 0.028286093599884047 0.013418459423684175 0.039904814436330621 -0.032644082885521342 -0.0017534004323562463 0.033537468500844159 0.0052682720248869485 0.055082331977054103 -0.037937303755681238 -0.029553955274316795 0.010731370738875994 0.029255669266489336
leaf_weight=8.4908855985850007 3.2048945666756481 0.23921248968690623 0.54118883027695108 0.85722438688389813 1.6096896384842683 3.6084457270335397 0.86554288282059078 0.70020222943276156 5.7118501693475991 1.4382725490722803 2.5996084823273122 1.2726574186235655 24.65470078331419 2.4443389903753987
leaf_count=193 530 3 20 23 27 179 64 8 98 15 188 28 602 43
internal_value=0.00178661 -0.0164778 -0.0229388 0.00312826 0.00632539 -0.00466592 0.00180238 -0.0218889 -0.00621986 0.0337292 -0.0252021 0.00485907 0.00608964 -0.00437566
internal_weight=58.2387 3.9853 3.74608 54.2534 38.4723 15.7811 11.4725 4.30865 9.16868 2.30382 3.45683 36.8626 35.5899 10.9352
internal_count=2021 553 550 1468 893 575 388 187 309 79 211 866 838 236
is_linear=0
shrinkage=0.03


Tree=137
num_leaves=15
num_cat=0
split_feature=14 6 19 7 8 6 13 14 12 13 19 14 6 3
split_gain=1.95328 1.44721 1.43036 1.36434 1.85153 1.41031 2.53799 1.37893 1.32454 1.21032 2.24199 2.5434 2.03475 3.10609
threshold=6.7559999999999993 -88.488994153402771 0.70581670320594814 36.500000000000007 1.0000000180025095e-35 -83.333043976457915 4.1260140918382779 0.70533333333333392 4.5000000000000009 -0.61933147734716132 -0.78574730703237872 2.6049999999999991 13.3638167543784 1.5000000000000002
decision_type=2 2 2 2 2 2 2 2 2 2 2 2 2 2
left_child=1 -1 3 4 5 6 -3 -5 -2 -7 11 -11 -12 -14
right_child=8 2 -4 7 -6 9 -8 -9 -10 10 12 -13 13 -15
leaf_value=-0.032774506997355846 0.031398205094241481 -0.008911060827667289 -0.030198658707385868 0.0099487629406811249 0.025853350499142381 0.0063918693645868638 0.044053649466742298 -0.034662011276633077 -0.034992927520910815 -0.039614908962100598 0.0092250034789228223 0.0011371731975368582 -0.032822355841084401 0.03279157745618172
leaf_weight=1.0201944689033542 0.31403420376591329 1.3841325615067028 1.1258249535458151 1.0252734168898308 3.5747664282098404 25.898479435360052 1.977677311748266 1.5917254248633979 1.9486166918650267 2.8215351419057724 10.859732484444981 2.6947527511510998 2.6858082746621217 0.85636634007096279
leaf_count=35 12 39 379 24 76 691 33 60 131 78 276 59 125 9
internal_value=0.00156263 0.00263821 0.00327768 0.00395835 0.00500721 0.00349192 0.0222469 -0.0171846 -0.0257785 0.00211577 -0.0034442 -0.0197072 0.00278492 -0.0169593
internal_weight=59.7789 57.5163 56.4961 55.3702 52.7533 49.1785 3.36181 2.617 2.26265 45.8167 19.9182 5.51629 14.4019 3.54217
internal_count=2027 1884 1849 1470 1386 1310 72 84 143 1238 547 137 410 134
is_linear=0
shrinkage=0.03


Tree=138
num_leaves=15
num_cat=0
split_feature=13 0 19 14 14 14 14 4 10 14 8 15 14 13
split_gain=1.89622 1.32092 1.27288 1.36249 1.34311 3.92556 3.26715 3.04309 2.34298 1.76719 1.76622 1.88669 1.48411 1.43661
threshold=76.551294869349988 12.500000000000002 0.70581670320594814 -8.0574999999999957 3.4499999999999962 2.6049999999999991 2.3685000000000014 0.49919077320988575 1.0000000180025095e-35 4.086000000000003 8.0000000000000018 0.65000000000000002 6.2075000000000022 -58.035678984928623
decision_type=2 2 2 2 2 2 2 2 2 2 2 2 2 2
left_child=1 2 3 -1 5 6 8 10 13 -9 11 -6 -11 -5
right_child=-2 -3 -4 4 7 -7 -8 9 -10 12 -12 -13 -14 -15
leaf_value=-0.035246413030352697 -0.024650850060112854 -0.034482087977157898 -0.03020966149153571 -0.016847406734577717 0.040922207690605172 0.027445936674286561 -0.038342636236272681 -0.019721366768694331 -0.030697016066423475 0.024745949949252995 0.028374794258266344 -0.031523211287761047 -0.0094170050172566067 0.0082437962788318407
leaf_weight=0.82246728520840306 2.5462452331557861 0.88721160497516294 1.0550281923497085 2.2224948175717136 0.34688759758136978 6.6572993777226648 1.6985739960800845 1.6214784085750578 1.6226115345489223 4.3049467168748379 0.58465968002565194 4.806062777293846 1.5588735053315756 27.043083962053068
leaf_count=19 199 5 355 47 9 143 37 24 183 64 21 355 30 480
internal_value=0.000661269 0.00182819 0.00242098 0.003067 0.0036676 0.00645379 0.00216521 -0.0046015 0.00439278 0.00799865 -0.0210397 -0.0266463 0.0156639 0.00633831
internal_weight=57.7779 55.2317 54.3445 53.2894 52.467 39.2441 32.5868 13.2229 30.8882 7.4853 5.73761 5.15295 5.86382 29.2656
internal_count=1971 1772 1767 1412 1393 890 747 503 710 118 385 364 94 527
is_linear=0
shrinkage=0.03


Tree=139
num_leaves=15
num_cat=0
split_feature=12 19 14 14 18 10 14 6 19 1 5 14 7 7
split_gain=1.47285 1.41124 1.43377 2.78496 3.22651 2.83279 2.61332 2.55259 2.20367 2.11063 1.85481 2.13434 1.77637 4.62822
threshold=2.5000000000000004 0.61559370248597578 3.4499999999999962 2.8170000000000006 0.70581670320594825 1.0000000180025095e-35 4.119500000000003 118.51470973726133 0.4647231720437684 2.5000000000000004 15.500000000000002 5.8679999999999994 18.500000000000004 3.5000000000000004
decision_type=2 2 2 2 2 2 2 2 2 2 2 2 2 2
left_child=-1 2 3 5 -5 12 -4 8 9 -8 11 -11 13 -2
right_child=1 -3 6 4 -6 -7 7 -9 -10 10 -12 -13 -14 -15
leaf_value=-0.023707245884656974 0.00090052891772563588 -0.022794012044347108 -0.025648168930300017 0.039348440578163023 -0.018270894903566058 -0.03070869913145299 -0.031034442151275932 0.037299073902693332 0.048462199178334685 -0.010996795270795071 -0.022053764847670555 0.047040409111301709 -0.010115741224667801 0.027986441354534996
leaf_weight=1.9519274759804819 19.9530042198021 1.8711259234696616 3.8725051381625226 4.0730206542648366 1.1138552064076064 2.0594619952607891 2.4734147177077812 1.6723986661527304 0.65167068783193816 1.024225723231212 1.4405961248558012 1.2867407323792575 5.4517988916486493 7.9358143571298561
leaf_count=142 361 421 99 76 24 234 253 44 19 34 28 15 116 116
internal_value=0.00190094 0.00281176 0.0037156 0.0064451 0.026975 0.00343703 -0.00520292 0.00405827 -0.00402589 -0.00952068 0.0046634 0.0213182 0.00554622 0.00860787
internal_weight=56.8316 54.8796 53.0085 40.587 5.18688 35.4001 12.4216 8.54905 6.87665 6.22498 3.75156 2.31097 33.3406 27.8888
internal_count=1982 1840 1419 927 100 827 492 393 349 330 77 49 593 477
is_linear=0
shrinkage=0.03


Tree=140
num_leaves=15
num_cat=0
split_feature=7 7 4 14 4 9 13 18 18 9 18 6 6 6
split_gain=1.78633 1.71754 2.67519 2.48503 2.17304 2.21756 2.52085 2.02351 1.90611 1.85829 2.59057 1.63558 2.30521 1.53508
threshold=36.500000000000007 3.5000000000000004 -1.1407220785607606 5.642999999999998 0.35663686847124249 5.5000000000000009 43.21160543892082 0.99635443704902704 -0.85421994577343319 1.0000000180025095e-35 0.98182534576205316 36.709401709401718 58.295373263562105 -86.576576576576556
decision_type=2 2 2 2 2 2 2 2 2 2 2 2 2 2
left_child=1 2 -1 4 5 6 7 11 -8 10 -4 -3 -13 -11
right_child=-2 3 9 -5 -6 -7 8 -9 -10 13 -12 12 -14 -15
leaf_value=0.057154933119223289 -0.023381369794826381 -0.034280004851307326 -0.022794090092751636 -0.034352621662839533 0.020439523597724489 0.042479220560726338 0.074403161437408952 0.037470164810806082 0.0077566772021798128 -0.033328588225787548 0.018786722021235637 0.029699761117386363 -0.03022683052063968 0.0022434173702954125
leaf_weight=0.65029104659333725 2.793531443225219 3.2130330331856438 7.7224154847208428 1.173195884679443 9.8811023591551912 1.001541148405521 0.49415613780729506 0.60241368878632773 1.7682197717949746 1.1514296319801385 1.6338006793521342 1.1205454963492232 1.1925602384144438 21.093982797930948
leaf_count=21 143 248 614 98 163 13 7 7 73 30 32 35 103 441
internal_value=-3.2766e-06 0.00123598 -0.00307632 0.00803804 0.0106184 0.00028633 -0.00474981 -0.0147405 0.0223138 -0.00431575 -0.0155332 -0.020432 -0.00119639 0.000402199
internal_weight=55.4922 52.6987 32.2519 20.4468 19.2736 9.39247 8.39093 6.12855 2.26238 31.6016 9.35622 5.52614 2.31311 22.2454
internal_count=2028 1885 1138 747 649 486 473 393 80 1117 646 386 138 471
is_linear=0
shrinkage=0.03


Tree=141
num_leaves=15
num_cat=0
split_feature=4 4 11 11 3 11 18 6 3 1 19 6 5 7
split_gain=1.41587 1.41667 1.49275 3.44849 2.64847 2.05514 2.26915 1.52273 1.78945 1.6582 1.58066 1.38362 1.45812 2.7761
threshold=4.2618596303024141 -1.0824190488705205 0.67534821531199596 0.69504828068137836 6.5000000000000009 0.58895894255036974 0.99635443704902704 110.23769417930005 1.0000000180025095e-35 22.500000000000004 -0.98182534576205283 58.295373263562105 40.500000000000007 18.500000000000004
decision_type=2 2 2 2 2 2 2 2 2 2 2 2 2 2
left_child=1 -1 5 -4 -5 7 -7 9 10 11 -9 12 13 -3
right_child=-2 2 3 4 -6 6 -8 8 -10 -11 -12 -13 -14 -15
leaf_value=0.038279588702001627 0.036574164902765424 5.8089335312265285e-07 0.045474520927073603 -0.034150843155152794 0.0233219167367761 -0.030692900333652327 0.018930878995088576 0.028629221503082575 0.02489343750532454 -0.049457826063697689 -0.030794187535630284 -0.019229377293066906 0.01481803336962618 -0.035103641273950409
leaf_weight=0.83320435788482328 0.94053006917238136 27.259930486907255 1.9597010900033627 1.4777298608096319 1.410350951598957 4.0978851595427832 1.0397544205188749 0.60380785330198694 4.0051916381344199 0.67242161184549232 1.2106201446149487 3.7549612949369466 5.0631640217034137 2.1904035354964426
leaf_count=42 8 932 34 126 12 200 10 7 50 4 122 173 142 107
internal_value=7.32907e-05 -0.00054439 -0.00113527 0.0147578 -0.00608488 -0.00267934 -0.0206501 -0.000616655 0.0136967 -0.00275575 -0.0110192 -0.00193514 -5.35782e-05 -0.00261034
internal_weight=56.5197 55.5791 54.7459 4.84778 2.88808 49.8981 5.13764 44.7605 5.81962 38.9409 1.81443 38.2685 34.5135 29.4503
internal_count=1969 1961 1919 172 138 1747 210 1537 179 1358 129 1354 1181 1039
is_linear=0
shrinkage=0.03


Tree=142
num_leaves=15
num_cat=0
split_feature=1 9 18 12 13 11 11 1 11 12 5 12 11 5
split_gain=1.38437 2.19643 1.60545 1.79104 1.18479 1.53317 2.03639 1.71321 2.22063 1.26152 1.55234 1.41751 2.35355 1.26063
threshold=1.0000000180025095e-35 1.0000000180025095e-35 -0.12053668025532321 13.500000000000002 -50.463436768593795 0.32390109587471633 0.48886908212209768 6.5000000000000009 0.34034402588613338 6.5000000000000009 14.500000000000002 9.5000000000000018 0.58289455686171932 18.500000000000004
decision_type=2 2 2 2 2 2 2 2 2 2 2 2 2 2
left_child=1 -1 -3 -4 5 -2 7 8 -7 10 -6 12 -11 -12
right_child=4 2 3 -5 9 6 -8 -9 -10 11 13 -13 -14 -15
leaf_value=-0.03039247609571594 -0.029169276082286453 -0.030658769985322475 -0.030919276003999605 0.027860573576704791 -0.035605553335226768 0.044320648602195457 -0.019608692705839922 0.036854466776278495 -0.033699745691782024 0.06302242051454264 0.031514153711306191 0.0048202464432655929 0.0038728944507553675 -0.010164568328395273
leaf_weight=3.1217821965692556 2.2313499834854147 0.91330676327925209 0.59435904631391201 2.1694403232540935 1.4745318451896299 0.49510468263179086 2.5874846663791686 1.6925978008657692 0.97465654043480754 1.0284045753069215 0.90800737333484027 35.022751749958843 1.4720084889559073 2.3268342294031754
leaf_count=644 63 127 36 74 58 4 69 10 45 19 10 742 29 66
internal_value=0.000817935 -0.0118865 0.0038247 0.0152199 0.0025381 -0.00806228 0.000128748 0.0162782 -0.00741775 0.00454138 -0.0100943 0.00637824 0.0282007 0.00153449
internal_weight=57.0126 6.79889 3.67711 2.7638 50.2137 7.98119 5.74984 3.16236 1.46976 42.2325 4.70937 37.5232 2.50041 3.23484
internal_count=1996 881 237 110 1115 191 128 59 49 924 134 790 48 76
is_linear=0
shrinkage=0.03


Tree=143
num_leaves=15
num_cat=0
split_feature=0 0 11 11 3 11 4 0 2 7 5 8 13 4
split_gain=2.00163 1.43326 1.40228 2.54391 1.83605 1.55861 1.54593 1.39589 1.70752 1.388 1.35502 1.32295 1.81008 1.56224
threshold=12.500000000000002 9.5000000000000018 0.58895894255036974 0.64654520246492664 6.5000000000000009 0.69504828068137836 -0.22289952759811194 5.5000000000000009 3.5000000000000004 36.500000000000007 69.500000000000014 8.0000000000000018 -77.432845871688713 -1.0824190488705205
decision_type=2 2 2 2 2 2 2 2 2 2 2 2 2 2
left_child=1 2 4 -4 9 6 -5 8 10 11 -7 12 -1 -14
right_child=-2 -3 3 5 -6 7 -8 -9 -10 -11 -12 -13 13 -15
leaf_value=-0.035116782548520888 -0.048504692209946174 0.026613362248274569 -0.032270355356777837 -0.016682704222153684 -0.038445369571964892 -0.032479203905373878 0.032290437728478311 -0.044128793724619565 0.050686194084894325 -0.018100858681125376 0.046537444395363822 0.026096422457109528 0.046605064927574068 0.0036892174376988566
leaf_weight=1.0633775452151812 0.73118988238274951 1.9662353629246343 3.1063405245076847 0.82948022242635522 0.95833473606035013 0.99089048313908301 1.9297178565757347 0.93526645423844446 0.46243813633918751 2.5187217690981916 0.24327616975642741 2.4767968619707963 0.77930482337250495 37.417928531882367
leaf_count=59 5 19 159 52 20 103 38 12 2 105 4 52 26 1336
internal_value=0.000808713 0.00145632 0.000535392 -0.0106461 0.00263679 0.00181386 0.017568 -0.0147024 0.00151912 0.00352639 -0.0169036 0.00483153 0.00349001 0.00456479
internal_weight=56.4093 55.6781 53.7119 8.49741 45.2145 5.39107 2.7592 2.63187 1.6966 44.2561 1.23417 41.7374 39.2606 38.1972
internal_count=1992 1987 1968 370 1598 211 90 121 109 1578 107 1473 1421 1362
is_linear=0
shrinkage=0.03


Tree=144
num_leaves=15
num_cat=0
split_feature=6 18 15 14 4 4 11 11 19 14 18 6 5 14
split_gain=2.22935 1.70321 2.67926 2.47936 2.14162 2.10619 2.03356 2.19177 1.50863 3.42311 1.65183 1.55571 1.80513 1.68796
threshold=-85.637296614321443 -0.78574730703237861 0.75000000000000011 1.162000000000001 2.3161438887905801 2.193764929764523 0.70986991704443636 0.67534821531199596 0.23931566428755774 4.2534999999999998 0.91023613416931248 -81.524150878989573 45.500000000000007 3.4499999999999962
decision_type=2 2 2 2 2 2 2 2 2 2 2 2 2 2
left_child=-1 2 3 -2 5 6 7 8 11 -10 -11 -3 13 -13
right_child=1 4 -4 -5 -6 -7 -8 -9 9 10 -12 12 -14 -15
leaf_value=-0.032842897132018128 -0.032224797634313435 0.040080082465876195 -0.025912670631797578 0.03029695111376857 0.022351038841943827 -0.025855000343982946 -0.037012208225451482 0.03607111955641517 -0.027322899204412526 0.040365487392019839 -0.033329402549959308 0.0061877519906221217 0.021227147099531503 -0.013187983447369054
leaf_weight=1.5411482041236002 0.80074316007085089 1.2183670441154344 4.0241220353636891 1.9883109228685496 6.1178665282204738 2.1128262449055901 1.0135660717496637 2.0679244726197785 3.5333288611145681 1.3091662569204343 0.3461047566961496 18.211187475593775 5.3295642875600597 5.2026089683640739
leaf_count=71 38 35 337 65 58 14 90 47 402 79 25 410 105 197
internal_value=0.00272805 0.00375704 -0.0102507 0.0123468 0.00581111 0.00330299 0.00491436 0.00605615 0.00429034 -0.0106447 0.0249564 0.00687671 0.00546929 0.00188241
internal_weight=54.8168 53.2757 6.81318 2.78905 46.4625 40.3446 38.2318 37.2183 35.1503 5.1886 1.65527 29.9617 28.7434 23.4138
internal_count=1973 1902 440 103 1462 1404 1390 1300 1253 506 104 747 712 607
is_linear=0
shrinkage=0.03


Tree=145
num_leaves=15
num_cat=0
split_feature=1 9 11 2 6 6 1 4 4 6 6 11 19 19
split_gain=1.3662 2.30338 1.76467 2.0666 1.73484 1.56124 1.69245 1.61365 1.58195 1.53001 2.21736 1.51026 1.49758 1.49375
threshold=3.5000000000000004 1.5000000000000002 0.32390109587471633 1.0000000180025095e-35 56.144018583042985 -68.812747536151775 6.5000000000000009 1.560170337540236 0.78759422170035209 48.252372451376495 42.245131729667818 0.2791678629944509 -0.98182534576205283 0.5163939593874618
decision_type=2 2 2 2 2 2 2 2 2 2 2 2 2 2
left_child=9 4 11 -4 -2 -5 -7 8 -8 10 13 -3 -11 -1
right_child=1 2 3 5 -6 6 7 -9 -10 12 -12 -13 -14 -15
leaf_value=0.0003004011717456444 0.010121915915555255 -0.0056866770162950662 0.027155914125328327 -0.021820052831267991 0.040696710734704079 -0.016430944489243871 0.022810380513170036 0.033151342109655452 -0.020530949201900812 0.016774983641634184 0.038725557042699726 -0.044228184441528803 -0.023230607577108885 -0.0248310518879446
leaf_weight=21.470155623275797 5.5514289629645672 3.470099475001919 3.0569185020867726 2.4534054575487998 2.3889928548596799 2.2118347031064287 1.4525895803235473 2.3888087719678879 1.584900223650038 1.0043934646528212 1.2547614878276352 1.2427256377413867 5.2134971388149998 2.3628116647014386
leaf_count=842 68 53 28 32 27 25 24 25 17 21 32 31 397 413
internal_value=0.000766076 0.00587724 -9.92401e-05 0.00554622 0.0193208 -0.000999762 0.00568782 0.0147037 0.000195759 -0.00344648 -0.000144696 -0.0158497 -0.0167684 -0.00219114
internal_weight=57.1073 25.8017 17.8613 13.1485 7.94042 10.0915 7.63813 5.4263 3.03749 31.3056 25.0877 4.71283 6.21789 23.833
internal_count=2035 330 235 151 95 123 91 66 41 1705 1287 84 418 1255
is_linear=0
shrinkage=0.03


Tree=146
num_leaves=15
num_cat=0
split_feature=0 6 3 9 6 6 6 7 10 6 18 18 9 6
split_gain=1.8637 1.8207 1.45306 2.32313 2.07403 3.05646 2.00388 2.28178 2.28864 2.55701 2.99285 2.16886 1.96476 1.62508
threshold=12.500000000000002 -86.576576576576556 1.0000000180025095e-35 5.5000000000000009 52.837615401130755 -40.530493318597401 92.296296296296319 23.500000000000004 1.0000000180025095e-35 -1.0000000180025095e-35 0.95297903005573359 -0.12053668025532321 2.5000000000000004 32.274006881451363
decision_type=2 2 2 2 2 2 2 2 2 2 2 2 2 2
left_child=1 -1 3 4 5 -3 7 8 9 10 11 -4 -13 -11
right_child=-2 2 6 -5 -6 -7 -8 -9 -10 13 -12 12 -14 -15
leaf_value=-0.032949293824305427 -0.047955926622013978 -0.019908693936275729 0.0319503562049505 0.040564843175871383 -0.024334781307330994 0.0074832651443941028 0.022714095122850317 -0.022269551502584507 -0.021014172492857863 -0.023273072249287145 0.041925348044751204 0.016201335019829042 -0.011817142492834495 0.0065074355117301901
leaf_weight=1.4276922895805899 0.72383727319538493 5.5015170677797913 2.7454742875415823 0.98163503687828679 4.6527005694806567 10.989632507553328 5.0858528949320307 3.0461879707872859 2.6512288516387335 3.0017070246394786 3.0543693527579299 4.2935023996979016 4.738391587510705 3.659775554202497
leaf_count=59 5 439 28 19 357 602 70 57 225 35 19 42 28 30
internal_value=-0.000126936 0.000493172 0.00137082 -0.00455096 -0.00664553 -0.00165481 0.00543019 0.00219733 0.0052842 0.00852815 0.0154628 0.00859998 0.00150204 -0.00691185
internal_weight=56.5535 55.8297 54.402 22.1255 21.1439 16.4911 32.2765 27.1906 24.1444 21.4932 14.8317 11.7774 9.03189 6.66148
internal_count=2015 2010 1951 1417 1398 1041 534 464 407 182 117 98 70 65
is_linear=0
shrinkage=0.03


Tree=147
num_leaves=15
num_cat=0
split_feature=19 6 0 0 1 6 15 0 5 10 19 14 11 11
split_gain=1.16273 1.14673 1.06047 2.07032 2.01667 1.3731 2.86046 1.15124 2.46043 1.3102 2.14905 1.30288 1.16236 2.35145
threshold=0.70581670320594814 -88.488994153402771 12.500000000000002 9.5000000000000018 9.5000000000000018 34.616452299435558 1.0500000000000003 3.5000000000000004 4.5000000000000009 1.0000000180025095e-35 0.29696027566504685 7.1760000000000028 0.64654520246492664 0.58289455686171932
decision_type=2 2 2 2 2 2 2 2 2 2 2 2 2 2
left_child=1 -1 3 4 7 6 -6 9 -9 11 -11 12 13 -3
right_child=-2 2 -4 -5 5 -7 -8 8 -10 10 -12 -13 -14 -15
leaf_value=-0.032485364684567107 -0.030176951779809953 0.0039985777469944894 -0.030925863538494223 0.028710802750222697 -0.02400797397011372 -0.035761566748202432 0.027626055366812598 -0.008194785608599162 0.03115027273996801 -0.030514643252357324 0.057801289877215709 -0.033404240777010243 0.021665260190589224 -0.028703576059562277
leaf_weight=0.89699261938221653 1.0859622521093104 31.505102442344651 0.8818965507671227 2.53482687100768 2.6845988896675399 1.9775834484025834 1.5080458228476343 2.3841555733233681 3.5759772472083569 2.1226104231318454 0.28077880630735297 0.88066315255127747 2.9238469554111353 2.1115360470721489
leaf_count=30 413 811 6 22 37 24 25 26 47 327 13 77 52 81
internal_value=0.000569965 0.00116337 0.00170846 0.00223664 0.000944988 -0.0151553 -0.00543581 0.00311477 0.0154116 0.00127443 -0.020197 0.00265345 0.00352247 0.00194448
internal_weight=57.3546 56.2686 55.3716 54.4897 51.9549 6.17023 4.19264 45.7847 5.96013 39.8245 2.40339 37.4211 36.5405 33.6166
internal_count=1991 1578 1548 1542 1520 86 62 1434 73 1361 340 1021 944 892
is_linear=0
shrinkage=0.03


Tree=148
num_leaves=15
num_cat=0
split_feature=11 11 7 1 4 4 7 14 1 13 13 14 15 6
split_gain=1.37238 1.58376 1.50303 1.97399 1.63129 1.68019 1.71774 1.82203 2.07308 1.60384 4.25106 3.39343 2.63223 2.67073
threshold=0.69504828068137836 0.67534821531199596 19.500000000000004 24.500000000000004 -1.0493853942954918 -0.53725601140739898 5.5000000000000009 4.432000000000003 1.5000000000000002 22.928313525600359 29.564516812810236 0.73000000000000054 0.8500000000000002 -81.524150878989573
decision_type=2 2 2 2 2 2 2 2 2 2 2 2 2 2
left_child=1 2 3 4 -1 -6 7 9 -9 -7 -11 12 13 -12
right_child=-2 -3 -4 -5 5 6 -8 8 -10 10 11 -13 -14 -15
leaf_value=0.041603605173407304 -0.018817983433190435 0.035147780447500047 -0.0099648322720835292 -0.047135121435232026 -0.018968629367328682 -0.0080711277575969149 0.015983256379564399 -0.030355737370628862 0.028203178369127984 0.052354847522603887 0.042338613268927877 -0.038465688965703841 0.02700659920772374 -0.032506641749253155
leaf_weight=1.0185767131624732 3.1235410074004895 1.240245088469236 9.4582842611707729 0.68781662546098132 2.8681737728184009 14.95565051562154 9.3654313668375817 0.64149276830721547 3.5834455208387226 1.596685198484918 0.56432512181345362 1.7247773546259848 3.2784278750186786 1.7904896731488409
leaf_count=38 129 31 398 4 184 444 286 123 50 32 12 92 46 116
internal_value=0.00050387 0.00164748 0.000841236 0.00327038 0.00410806 0.00316199 0.00485461 0.0011502 0.0193119 -0.00205896 0.00798224 -0.00164659 0.00962663 -0.0145702
internal_weight=55.8974 52.7738 51.5336 42.0753 41.3875 40.3689 37.5007 28.1353 4.22494 23.9104 8.95471 7.35802 5.63324 2.35481
internal_count=1985 1856 1825 1427 1423 1385 1201 915 173 742 298 266 174 128
is_linear=0
shrinkage=0.03


Tree=149
num_leaves=15
num_cat=0
split_feature=0 6 19 14 6 6 1 7 6 4 2 4 14 19
split_gain=1.78227 1.50172 1.231 1.05204 1.81328 1.53812 1.78747 1.82659 1.24975 1.2985 1.76708 2.17103 1.36009 2.60645
threshold=12.500000000000002 -87.163437882619476 0.70581670320594814 -3.2605 -13.731084098238648 -9.9000099000098984 1.5000000000000002 1.0000000180025095e-35 -83.333043976457915 1.6209443681942652 1.5000000000000002 2.193764929764523 3.4499999999999962 0.4647231720437684
decision_type=2 2 2 2 2 2 2 2 2 2 2 2 2 2
left_child=1 -1 3 4 -3 -6 7 -7 -5 12 11 -11 -10 -14
right_child=-2 2 -4 8 5 6 -8 -9 9 10 -12 -13 13 -15
leaf_value=-0.032464613337139521 -0.045932065398876121 -0.029552013667770306 -0.03018789909856557 0.027230790787402977 0.047183443825157372 0.055893242642170361 -0.037318858520318368 -0.013728867805405888 0.0042904341814375231 0.019051031267338373 0.028057244671202786 -0.011993329800449974 -0.016404024204848412 0.035273078044601121
leaf_weight=1.0955978049896646 0.69803439173847337 2.2396163130179048 0.98673967574722965 2.1768943748902521 0.64533229311928186 0.59883704956155204 0.93123363307677198 0.7820684458129108 25.334785093087703 4.2113198232837004 4.2091166791506103 3.9095486747100949 6.9850641703233114 1.0047584222629664
leaf_count=50 5 87 392 48 5 21 17 34 766 32 48 31 433 36
internal_value=0.001704 0.00230736 0.00301264 0.00363043 -0.00918875 0.00623183 -0.00519802 0.0164631 0.00502329 0.00396439 0.0122821 0.00410565 0.000886882 -0.00990538
internal_weight=55.8089 55.1109 54.0153 53.0286 5.19709 2.95747 2.31214 1.38091 47.8315 45.6546 12.33 8.12087 33.3246 7.98982
internal_count=2005 2000 1950 1558 164 77 72 55 1394 1346 111 63 1235 469
is_linear=0
shrinkage=0.03


Tree=150
num_leaves=15
num_cat=0
split_feature=10 13 4 18 0 6 12 3 13 13 12 3 18 18
split_gain=2.41543 1.98831 1.63568 1.44758 1.90632 2.45119 1.70098 4.13657 1.68965 1.56981 1.15906 1.56733 1.53797 1.55626
threshold=1.0000000180025095e-35 88.968962726757226 -1.0824190488705205 0.99635443704902704 1.0000000180025095e-35 -83.333043976457915 4.5000000000000009 1.0000000180025095e-35 -38.856902147885641 -53.475126652841972 25.500000000000004 4.5000000000000009 -0.85421994577343319 -0.61559370248597534
decision_type=2 2 2 2 2 2 2 2 2 2 2 2 2 2
left_child=1 2 -1 4 5 -4 7 -7 9 -8 -6 12 -12 -14
right_child=-2 -3 3 -5 10 6 8 -9 -10 -11 11 -13 13 -15
leaf_value=0.053040242995573139 -0.019006741390555061 -0.031828923061404807 0.03470056569075286 0.026673115851287857 0.012316182792157796 -0.030331172326149354 -0.0306585524191385 0.092797913844743507 -0.030908479740590591 0.02105016219565543 -0.020972025113954563 -0.027009618326454765 0.033130607644277547 0.0036707335770519876
leaf_weight=0.63198631629347701 4.4548062448156989 1.3496084228390817 1.0083125921664704 2.4967556302435687 15.880429172655566 0.58515421999618744 0.86322491848841343 0.42313023284077644 4.5469246676657411 1.3622840509051393 1.9811305841431046 1.6046137511730183 1.8240899431984896 14.002268870593978
leaf_count=5 484 114 47 29 186 105 109 3 590 68 46 10 24 159
internal_value=0.00213521 0.00407474 0.00510112 0.00445067 0.003192 -0.00930947 -0.0150128 0.0213404 -0.0204251 0.000993514 0.00630529 0.00138797 0.00394685 0.00706617
internal_weight=53.0147 48.5599 47.2103 46.5783 44.0816 8.78903 7.78072 1.00828 6.77243 2.22551 35.2925 19.4121 17.8075 15.8264
internal_count=1979 1495 1381 1376 1347 922 875 108 767 177 425 239 229 183
is_linear=0
shrinkage=0.03


Tree=151
num_leaves=15
num_cat=0
split_feature=12 8 7 9 18 18 3 11 11 7 6 3 10 4
split_gain=1.42014 1.28919 1.09962 2.0077 2.4041 1.81629 1.56557 2.07008 1.94853 1.49234 3.43366 3.65772 1.70465 1.45898
threshold=1.5000000000000002 18.500000000000004 3.5000000000000004 1.0000000180025095e-35 0.46472317204376884 0.95297903005573359 3.5000000000000004 0.45189742975495067 0.2638396921790368 18.500000000000004 47.320574162679428 1.0000000180025095e-35 1.0000000180025095e-35 0.38528992792848588
decision_type=2 2 2 2 2 2 2 2 2 2 2 2 2 2
left_child=-1 2 3 5 6 -2 7 8 13 12 -11 -12 -4 -5
right_child=1 -3 9 4 -6 -7 -8 -9 -10 10 11 -13 -14 -15
leaf_value=-0.034170027937831464 -0.021272326756815868 -0.035294679598320063 0.01568728222029506 -0.0046930487931288343 -0.0083739645789931271 0.013938439906446581 -0.0053003293085111796 0.038176323026022307 -0.021979551628092203 -0.021005383754212896 -0.031926810453879503 0.027096804232527669 -0.030623753695065054 0.03825474559063205
leaf_weight=1.0790157825686026 7.0909826131537574 0.88573738606646557 12.034084028564394 1.2161798274610212 9.6866208858555165 1.6196489033754913 3.2188185544218868 3.1657348724547774 1.4589196098968384 4.7749138950603065 1.2179668260505421 4.2152394538279623 0.76053982495796013 1.7168203049805013
leaf_count=90 568 32 274 41 187 49 30 82 90 215 148 56 98 13
internal_value=-9.76962e-05 0.000595162 0.00120442 -0.0026628 0.00247189 -0.0147253 0.0122209 0.0196832 0.00635315 0.00610911 -0.00244562 0.0138654 0.0129345 0.0204463
internal_weight=54.1412 53.0622 52.1765 29.1737 20.4631 8.71063 10.7765 7.55765 4.39192 23.0027 10.2081 5.43321 12.7946 2.933
internal_count=1973 1883 1851 1060 443 617 256 226 144 791 419 204 372 54
is_linear=0
shrinkage=0.03


Tree=152
num_leaves=15
num_cat=0
split_feature=15 7 7 7 1 18 5 14 14 15 14 18 4 2
split_gain=1.4264 1.40848 1.13803 1.69797 0.993356 2.39569 1.98695 2.05659 1.90887 1.30185 2.61708 2.03735 1.45329 2.20071
threshold=0.65000000000000002 35.500000000000007 45.500000000000007 57.500000000000007 1.5000000000000002 -0.95297903005573326 24.500000000000004 5.8679999999999994 3.3270000000000004 1.0500000000000003 -0.32599999999999868 0.78574730703237894 1.8204928717607067 1.0000000180025095e-35
decision_type=2 2 2 2 2 2 2 2 2 2 2 2 2 2
left_child=-1 4 -3 -4 8 -6 7 9 -2 12 -11 -12 13 -7
right_child=1 2 3 -5 5 6 -8 -9 -10 10 11 -13 -14 -15
leaf_value=-0.032429937235437273 -0.00013110147206083151 -0.035353985105850513 0.025714996767264048 -0.035523493931163184 -0.034737784912425712 0.0013963338192056782 0.015318893515782361 0.029685289176892154 -0.030541185039067088 0.02979699178956504 0.0065054203433228125 -0.036524257052637711 0.0053048435426144413 -0.030021102177993118
leaf_weight=1.2103700293228019 11.090297281625679 1.717891288455575 0.9503680123016236 0.71337334020063281 1.3583531759213645 3.6452995210420394 12.735636729281394 1.9746557609178115 2.2315334086306384 2.9065658780746162 3.3043076479807487 1.4141288704704491 4.5374508621171108 4.4637627173215151
leaf_count=79 826 64 44 36 32 90 147 30 382 28 65 23 48 92
internal_value=-0.000227869 0.000506931 -0.018227 -0.000542634 0.00178258 0.0043515 0.00586935 0.000459607 -0.00522508 -0.00238728 0.00740365 -0.0063907 -0.00829055 -0.0158979
internal_weight=54.254 53.0436 3.38163 1.66374 49.662 36.3402 34.9818 22.2462 13.3218 20.2715 7.625 4.71844 12.6465 8.10906
internal_count=1986 1907 144 80 1763 555 523 376 1208 346 116 88 230 182
is_linear=0
shrinkage=0.03


Tree=153
num_leaves=15
num_cat=0
split_feature=10 19 19 4 4 0 2 19 5 5 11 11 4 12
split_gain=1.60927 1.52426 1.2082 1.10297 1.02693 1.00733 1.57141 1.43212 3.67218 1.86173 2.40352 2.37241 1.83743 1.213
threshold=1.0000000180025095e-35 -0.99635443704902682 0.61559370248597578 2.0030478741915041 4.2618596303024141 5.5000000000000009 1.5000000000000002 -0.29696027566504651 37.500000000000007 27.500000000000004 0.53095718956182014 0.26574323386302462 2.3864550697958307 15.500000000000002
decision_type=2 2 2 2 2 2 2 2 2 2 2 2 2 2
left_child=2 -2 4 -3 5 6 7 9 -9 13 11 -11 -10 -1
right_child=1 3 -4 -5 -6 -7 -8 8 12 10 -12 -13 -14 -15
leaf_value=-0.037689560863066907 0.046374425908968051 -0.03049197657556452 -0.02145032692991531 0.00067721891808591691 0.036028628046124118 -0.0074315807757852816 0.019953011736564216 0.01627509743657941 -0.021189666142788707 0.017181484327333161 0.038315265368804793 -0.023081767313257274 0.035163810157627748 -0.0078493292439714736
leaf_weight=1.458399584749708 0.33899090602062631 2.9228647634154177 1.7321589528582979 1.5709362351335583 0.8872334249317636 6.5854790545999995 5.6124266162514678 13.951032379642138 4.1890111247776067 2.7363395916763684 1.7567587858065961 2.5393570942105725 0.5946500003337859 7.6947710119420663
leaf_count=46 13 460 429 35 8 40 34 378 178 41 30 97 5 215
internal_value=0.00155877 -0.0149685 0.00316466 -0.0195959 0.00405283 0.00345073 0.00521881 0.00285071 0.00849765 -0.00368556 0.00792216 -0.00219847 -0.0141844 -0.0126039
internal_weight=54.5704 4.83279 49.7376 4.4938 48.0055 47.1182 40.5327 34.9203 18.7347 16.1856 7.03246 5.2757 4.78366 9.15317
internal_count=2009 508 1501 495 1072 1064 1024 990 561 429 168 138 183 261
is_linear=0
shrinkage=0.03


Tree=154
num_leaves=15
num_cat=0
split_feature=0 1 11 11 13 4 7 1 9 19 6 19 14 11
split_gain=1.56742 2.14243 1.73544 1.79899 2.67804 3.20306 3.00313 2.38388 2.24244 1.89227 2.21376 1.94215 1.72517 1.6483
threshold=12.500000000000002 18.500000000000004 0.56354735732951211 0.45189742975495067 22.928313525600359 1.3551880142646329 18.500000000000004 1.5000000000000002 1.0000000180025095e-35 -1.7225464241988328e-16 113.00238223315148 0.17992617227144031 2.3980000000000019 0.27599529639036585
decision_type=2 2 2 2 2 2 2 2 2 2 2 2 2 2
left_child=1 2 3 7 6 -6 8 13 -5 10 -9 -11 -13 -1
right_child=-2 -3 -4 4 5 -7 -8 9 -10 11 -12 12 -14 -15
leaf_value=-0.003128921009735124 -0.045166602906669739 0.030900740060930229 -0.011162212941113884 -0.023439934726297389 0.051993623094716425 -0.0034788702270715536 -0.038410589849771637 -0.0070547452909674119 0.018055487844104608 0.041844660376410811 0.025581589957175924 -0.014933747371956201 0.030431524896584454 -0.031099714379264481
leaf_weight=4.016242346144284 0.68286767415702243 2.0171291090082368 11.023680243757552 1.4618950334843228 2.567639014683663 1.4749509710818527 1.3785653285449369 12.305150007945487 5.9125782486516982 2.0375131662003687 2.2058808044530442 1.7952674443367871 1.3013092400506137 3.5919644735986367
leaf_count=228 5 16 490 138 93 14 86 226 100 23 36 36 16 490
internal_value=-4.8405e-06 0.000576053 -0.000621629 0.00227972 0.0115591 0.0317543 0.00223194 -0.00207701 0.00982955 0.00344462 -0.00209356 0.0190978 0.00413061 -0.0163344
internal_weight=53.7726 53.0898 51.0726 40.049 12.7956 4.04259 8.75304 27.2533 7.37447 19.6451 14.511 5.13409 3.09658 7.60821
internal_count=1997 1992 1976 1486 431 107 324 1055 238 337 262 75 52 718
is_linear=0
shrinkage=0.03


Tree=155
num_leaves=15
num_cat=0
split_feature=4 15 13 5 2 13 6 6 18 8 5 6 4 5
split_gain=1.36702 1.20087 1.25075 1.56563 2.22539 1.16935 1.10883 1.94934 1.61249 1.06768 0.978384 1.81488 3.08821 1.76888
threshold=-1.0824190488705205 0.65000000000000002 -44.352316666746397 9.5000000000000018 2.5000000000000004 110.50951039338547 -59.153880530314311 27.048725069426919 0.91023613416931248 13.500000000000002 56.500000000000007 27.048725069426919 2.3161438887905801 25.500000000000004
decision_type=2 2 2 2 2 2 2 2 2 2 2 2 2 2
left_child=-1 -2 3 -3 6 9 -5 -8 -9 10 11 -4 13 -13
right_child=1 2 5 4 -6 -7 7 8 -10 -11 -12 12 -14 -15
leaf_value=0.036090094484442281 -0.03238265514848597 -0.036317417536297678 0.0071777014162501158 0.040587458644150184 0.031182138614754724 -0.032004235250452685 -0.034617118560293834 0.0093454610833873623 -0.037958932806306273 -0.034725254678328189 0.020493973513404446 -0.039445610460245327 0.053918885559213772 -0.0057361254747760743
leaf_weight=0.99983413424342771 0.97054349665995587 1.5192446191795159 27.167071363306604 0.3644010768039142 1.4062969353981314 0.80945166433229943 2.3928775403182945 3.1634413823485379 0.8157832029974087 0.61680961400270362 3.3706307376269242 1.9543251846916962 0.6337142065167426 4.9482617663452402
leaf_count=43 75 76 953 5 13 82 147 123 26 25 129 71 5 213
internal_value=0.00135589 0.000663167 0.00131554 -0.00835957 -0.00314333 0.00368215 -0.010309 -0.0132197 -0.000352441 0.00442874 0.00506305 0.00356429 -0.00946144 -0.0152803
internal_weight=51.1327 50.1329 49.1623 9.66204 8.1428 39.5003 6.7365 6.3721 3.97922 38.6908 38.074 34.7034 7.5363 6.90259
internal_count=1986 1943 1868 390 314 1478 301 296 149 1396 1371 1242 289 284
is_linear=0
shrinkage=0.03


Tree=156
num_leaves=15
num_cat=0
split_feature=14 12 19 6 12 4 18 6 14 18 19 14 19 19
split_gain=1.69533 1.20264 1.15119 1.05108 2.05697 1.77984 2.38878 1.5547 1.85862 2.75026 2.30576 2.26583 1.89464 2.70547
threshold=6.0554999999999959 1.0000000180025095e-35 0.70581670320594814 -38.046342571558377 7.5000000000000009 1.8377198506341514 0.98182534576205316 -36.775483011325775 2.6665000000000032 0.95297903005573359 -1.0000000180025095e-35 1.8774999999999993 -0.95297903005573326 -0.88545602565320969
decision_type=2 2 2 2 2 2 2 2 2 2 2 2 2 2
left_child=2 -2 3 4 -1 6 -6 -5 11 10 12 -9 -10 -14
right_child=1 -3 -4 7 5 -7 -8 8 9 -11 -12 -13 13 -15
leaf_value=-0.028212235029846947 0.04367188220238382 -0.028448491830553611 -0.030210419851619708 0.046381302686337153 -0.01065601321517598 0.019098872117859655 0.022207199098230657 0.0039780551993075812 0.026367464536423649 -0.036621814103463012 0.042800976102349425 -0.027513199112965923 -0.044830866402344335 0.010108890215856977
leaf_weight=2.3231423916295197 0.22894506808370296 2.2849258080823347 0.90483817923813958 0.88290246017277141 9.5594462663866597 4.0836556623689821 2.5142356886062762 17.328902122448202 4.1858090525493008 0.86832217103801745 2.7456831886665869 2.3331757083069524 1.0107041303999702 3.9966640135971847
leaf_count=87 3 203 366 11 397 42 42 455 59 26 76 90 30 139
internal_value=0.00218912 -0.0218803 0.00333645 0.00392208 -0.00181701 0.00197816 -0.00381254 0.00710212 0.00603404 0.0149275 0.0186767 0.000241185 0.0114716 -0.000980336
internal_weight=55.2514 2.51387 52.7375 51.8326 18.4805 16.1573 12.0737 33.3522 32.4693 12.8072 11.9389 19.6621 9.19318 5.00737
internal_count=2026 206 1820 1454 568 481 439 886 875 330 304 545 228 169
is_linear=0
shrinkage=0.03


Tree=157
num_leaves=15
num_cat=0
split_feature=0 0 0 4 13 11 19 4 4 18 15 6 18 6
split_gain=1.45216 1.51852 1.86526 1.33619 1.23818 1.11762 1.01869 0.973124 0.979434 1.54616 2.92369 1.93005 1.88621 2.46709
threshold=12.500000000000002 9.5000000000000018 5.5000000000000009 2.7442986925621988 97.10612509482128 0.16619763098453919 0.70581670320594814 3.5377297665271943 0.38528992792848588 -0.95297903005573326 0.95000000000000007 -37.331415213091162 0.95297903005573359 -60.330470133106019
decision_type=2 2 2 2 2 2 2 2 2 2 2 2 2 2
left_child=1 2 4 -4 5 -1 7 8 9 10 11 -7 -11 -14
right_child=-2 -3 3 -5 -6 6 -8 -9 -10 12 -12 -13 13 -15
leaf_value=-0.035992581061399312 -0.044253520622383039 0.027409650108883129 -0.029409338384561994 0.0039591521186788433 -0.031382793461729681 -0.030416869416165462 -0.030178153067923395 -0.03286199721234534 0.0079693096227219547 -0.0094427371477791983 -0.030814784404994414 0.053470959854735725 0.036128373235979935 -0.01022258709653244
leaf_weight=0.68800508789718051 0.66566873621195455 1.801087412983178 3.2432645864319047 1.6192692369222639 1.0251133829588059 0.29252950730733585 0.84079725074116041 0.66497453302144904 22.950005128281191 13.902725112624475 0.71853860444389273 1.5803320489358113 2.1292990790680051 2.0082459563855073
leaf_count=20 5 15 50 19 119 38 372 6 322 796 81 62 37 80
internal_value=-0.000216987 0.000331301 -0.000612709 -0.0182973 0.00122471 0.00195493 0.00253398 0.0031556 0.00370516 -0.00103815 0.0206307 0.0403682 -0.00415078 0.0136309
internal_weight=54.1299 53.4642 51.6631 4.86253 46.8006 45.7755 45.0874 44.2466 43.5817 20.6317 2.5914 1.87286 18.0403 4.13755
internal_count=2022 2017 2002 69 1933 1814 1794 1422 1416 1094 181 100 913 117
is_linear=0
shrinkage=0.03


Tree=158
num_leaves=15
num_cat=0
split_feature=12 11 18 11 7 6 0 6 11 11 12 14 6 13
split_gain=1.34974 1.81252 1.78484 2.90046 1.61173 1.78851 1.57601 1.57033 1.38052 1.74159 1.25422 1.79024 1.50405 2.15515
threshold=44.500000000000007 0.42611176779411258 -0.91023613416931226 0.51113388410968474 21.500000000000004 20.103626943005185 3.5000000000000004 -1.0000000180025095e-35 0.30846202291860919 0.2638396921790368 11.500000000000002 -0.32599999999999868 -81.524150878989573 56.573814390093681
decision_type=2 2 2 2 2 2 2 2 2 2 2 2 2 2
left_child=1 -1 3 7 5 -2 -6 -3 9 -7 11 -4 -12 -14
right_child=4 2 10 -5 6 8 -8 -9 -10 -11 12 -13 13 -15
leaf_value=-0.021371617058921148 0.0037470312912879448 0.055738492893154294 -0.034050370845706383 -0.031189853703488556 -0.027846326385832482 0.025232083277946449 0.015872771236960865 0.000943428049182833 0.045792473387768574 -0.020645168142661804 0.031415776970755691 -0.003133703706015927 0.0028197302485783596 -0.037451705403506515
leaf_weight=4.1536563531262827 11.861523635569034 1.53398309473414 2.41559500945732 0.69863018568139512 2.112569219898432 3.1344690249534315 1.1439302314538506 0.67908944434021323 1.8071035444736478 0.97679858235642303 1.4316153860418221 5.5783102442510417 13.281870151869944 1.3143346977885801
leaf_count=312 391 42 124 86 96 83 19 39 48 29 37 268 356 51
internal_value=0.00104564 -0.00292559 -8.08567e-05 0.0221013 0.00691422 0.010468 -0.0124889 0.0389244 0.0239381 0.0143321 -0.00276958 -0.0124761 0.00207156 -0.000806565
internal_weight=52.1235 31.0871 26.9334 2.9117 21.0364 17.7799 3.2565 2.21307 5.91837 4.11127 24.0217 7.99391 16.0278 14.5962
internal_count=1981 1315 1003 167 666 551 115 81 160 112 836 392 444 407
is_linear=0
shrinkage=0.03


Tree=159
num_leaves=15
num_cat=0
split_feature=12 6 6 12 18 12 1 14 1 5 11 16 13 14
split_gain=1.65366 2.30058 1.94102 1.96226 1.89989 1.87635 1.9573 1.70178 1.67429 1.74232 1.65479 1.55308 1.52241 1.74221
threshold=44.500000000000007 36.709401709401718 25.180453860933689 3.5000000000000004 0.99635443704902704 33.500000000000007 22.500000000000004 2.7175000000000034 2.5000000000000004 44.500000000000007 0.30846202291860919 1.0000000180025095e-35 76.551294869349988 -2.6499999999999981
decision_type=2 2 2 2 2 2 2 2 2 2 2 2 2 2
left_child=2 4 3 -1 -2 6 12 -3 -4 -10 -9 -7 13 -5
right_child=1 7 8 5 -6 11 -8 10 9 -11 -12 -13 -14 -15
leaf_value=-0.027490213888712381 -0.0018875927318343611 0.0060371625925008795 -0.031601253446920025 0.035653072020644494 0.038455711520027309 -0.034394799951474632 -0.04370723379546005 0.022181800758345093 -0.017779731469346527 0.017140433164286574 0.066410548964656466 0.0047628387553573905 -0.03290352384956656 0.0078846764333789024
leaf_weight=1.9318377604358854 13.540124012040906 2.8760895704617715 3.3919470068067294 2.3820145820500445 1.1389471041038639 1.8879277867963529 0.63174225576221843 2.2039486846188088 3.4619714939035475 2.0458444734103978 1.1631242600269613 1.7627608858747408 0.71086523088160802 13.898050857475027
leaf_count=138 462 101 386 74 13 101 4 55 42 22 22 57 55 500
internal_value=0.0011677 0.00773032 -0.00310904 0.00145917 0.00124264 0.00408807 0.00814326 0.0229843 -0.0150202 -0.00480885 0.0374602 -0.0154873 0.0100711 0.0119476
internal_weight=53.0272 20.9222 32.105 23.2052 14.6791 21.2734 17.6227 6.24316 8.89976 5.50782 3.36707 3.65069 16.9909 16.2801
internal_count=2032 653 1379 929 475 791 633 178 450 64 77 158 629 574
is_linear=0
shrinkage=0.03


Tree=160
num_leaves=15
num_cat=0
split_feature=1 13 18 6 5 5 13 6 13 5 2 15 11 11
split_gain=1.94092 1.95066 1.55567 1.05207 0.971367 1.33687 1.43402 3.48466 2.07157 1.84103 1.72568 1.66664 1.95092 1.72089
threshold=1.0000000180025095e-35 -38.856902147885641 0.95297903005573359 -88.488994153402771 63.500000000000007 37.500000000000007 -31.80177234035007 35.874097980200894 -44.352316666746397 9.5000000000000018 2.5000000000000004 1.0500000000000003 0.50855718130674632 0.4823164464700464
decision_type=2 2 2 2 2 2 2 2 2 2 2 2 2 2
left_child=1 2 -1 -2 5 6 8 11 9 -5 -11 12 13 -8
right_child=3 -3 -4 4 -6 -7 7 -9 -10 10 -12 -13 -14 -15
leaf_value=-0.016279721094428545 -0.032455683181273544 -0.030511138663912495 0.037995239541488646 -0.037076922472466828 -0.012738663361643542 0.014906869361972948 0.00021813602368256837 -0.030658610829613676 0.026998283355612076 -0.0043332917239494772 0.041704176447621304 0.014956314635788493 -0.019289814365195897 0.041623732835848422
leaf_weight=1.0894728100392965 0.75656423694454034 3.3206289681838816 0.84310244140215207 1.0337913787225259 3.2066747650969765 8.6889886701246706 10.704850430367529 3.2889598183101034 4.3492782996036023 2.6893382071284582 1.0072459573857484 6.6965152653865507 4.6337544078123747 0.98665892658755261
leaf_count=181 22 660 16 46 67 197 273 101 86 83 8 124 107 17
internal_value=0.000748443 -0.0165649 0.00739819 0.00264156 0.00320311 0.00436284 0.00177408 -0.00177344 0.012054 -0.00168636 0.00821101 0.00235318 -0.00281654 0.0037124
internal_weight=53.2958 5.2532 1.93258 48.0426 47.2861 44.0794 35.3904 26.3107 9.07965 4.73038 3.69658 23.0218 16.3253 11.6915
internal_count=1988 857 197 1131 1109 1042 845 622 223 137 91 521 397 290
is_linear=0
shrinkage=0.03


Tree=161
num_leaves=15
num_cat=0
split_feature=5 13 15 11 12 14 12 0 9 5 11 2 11 4
split_gain=1.42239 2.01008 2.05552 1.61026 2.87833 2.40418 3.5495 1.9745 1.63428 1.59223 2.27531 2.05455 1.9628 1.66447
threshold=9.5000000000000018 16.310906965843873 0.75000000000000011 0.50037791236649853 19.500000000000004 -0.29499999999999987 11.500000000000002 9.5000000000000018 2.5000000000000004 17.500000000000004 0.20791791141979218 1.5000000000000002 0.38445233002554774 -0.17361002620241139
decision_type=2 2 2 2 2 2 2 2 2 2 2 2 2 2
left_child=1 -1 -3 4 -2 6 -5 8 -7 -6 -11 12 13 -12
right_child=3 2 -4 5 9 7 -8 -9 -10 10 11 -13 -14 -15
leaf_value=-0.018360363462991872 0.03620119235744635 -0.024226265490144977 0.011256985841888828 -0.021429141847952839 0.019627341913617067 -0.037128286336846374 0.028459458341414053 0.030259815854323316 -0.0064528899560323226 0.019589303010799159 -0.020219241752566088 -0.037125131308188203 -0.0263970841809722 0.012983568400787385
leaf_weight=7.3004824198433189 2.9692225406761308 1.9020371104124913 6.4585400395444594 2.0327872732887045 4.8526993873529163 3.1443229053402302 3.4823303910670802 0.73002029210329045 3.1083080070093274 3.9753412633435792 1.750103097059762 1.7041255959775288 2.220301297144033 6.0779880185145885
leaf_count=347 122 129 137 91 154 285 67 6 67 86 168 26 160 134
internal_value=0.000690033 -0.00685874 0.00318452 0.00396964 0.0085887 -0.00473415 0.0100713 -0.0164279 -0.0218789 0.00460496 -3.00732e-05 -0.00666641 -0.00150086 0.00556051
internal_weight=51.7086 15.6611 8.36058 36.0476 23.5498 12.4978 5.51512 6.98265 6.25263 20.5806 15.7279 11.7525 10.0484 7.82809
internal_count=1979 613 266 1366 850 516 158 358 352 728 574 488 462 302
is_linear=0
shrinkage=0.03


Tree=162
num_leaves=15
num_cat=0
split_feature=19 13 13 4 13 11 15 6 14 6 13 19 19 19
split_gain=1.38347 1.68763 2.02956 2.04223 1.77203 2.38898 1.83691 1.816 1.63484 1.63021 1.7854 1.48919 2.23414 1.84265
threshold=-0.95297903005573326 -24.516779381219354 -32.569798671445973 1.44758993049411 -17.454173544781728 0.22788520157574632 0.75000000000000011 52.837615401130755 -2.022500000000004 45.633676668159431 -9.4740869782500035 -1.7225464241988328e-16 -0.61559370248597534 0.61559370248597578
decision_type=2 2 2 2 2 2 2 2 2 2 2 2 2 2
left_child=8 2 3 -2 -3 -6 -7 9 -1 10 -8 12 -12 -13
right_child=1 4 -4 -5 5 6 7 -9 -10 -11 11 13 -14 -15
leaf_value=-0.037737624014724185 -0.017239265386953719 0.019829341880606813 -0.035585439943144281 0.010031607399379226 0.02185551647968579 -0.023381853491865254 -0.030703234692692375 -0.034025431116447923 0.012687647312444062 0.0500320573997085 0.010844051313943582 0.023911305626447537 -0.018775673245816166 -0.030858287736311368
leaf_weight=0.6132150462362923 5.671439264318904 4.1960226468509054 2.4949231850914648 4.3801793679594994 3.4721570744877743 3.9728868808015276 1.5258933359291482 1.3650716053089116 10.268113653641191 0.61204208282288242 4.6764355257619172 4.2654665074078251 4.4946701527806052 0.63517323619453225
leaf_count=18 449 112 128 43 97 283 70 131 200 13 89 98 116 167
internal_value=0.000318324 -0.00216413 -0.0113668 -0.00535548 0.0017879 -0.0012378 -0.00495902 -0.000794419 0.00984594 0.00200408 0.000119486 0.0034618 -0.00367229 0.0168126
internal_weight=52.6437 41.7624 12.5465 10.0516 29.2158 25.0198 21.5476 17.5748 10.8813 16.2097 15.5976 14.0717 9.17111 4.90064
internal_count=2014 1796 620 492 1176 1064 967 684 218 553 540 470 205 265
is_linear=0
shrinkage=0.03


Tree=163
num_leaves=15
num_cat=0
split_feature=13 13 14 5 11 14 5 0 15 1 11 18 15 12
split_gain=1.23849 1.3279 2.30176 2.16904 2.81949 2.42446 2.37261 2.28425 2.44279 2.15733 1.96003 3.18122 2.35879 1.6631
threshold=76.551294869349988 22.928313525600359 -1.7525000000000028 9.5000000000000018 0.50037791236649853 -0.29499999999999987 33.500000000000007 1.0000000180025095e-35 0.65000000000000002 3.5000000000000004 0.45752350399101005 0.40966402954315223 0.75000000000000011 32.500000000000007
decision_type=2 2 2 2 2 2 2 2 2 2 2 2 2 2
left_child=1 2 -1 -4 6 -6 7 8 -5 -8 12 -12 -3 -9
right_child=-2 10 3 4 5 -7 9 13 -10 -11 11 -13 -14 -15
leaf_value=-0.021056859911137225 -0.019697571418347489 -0.034096684015107563 -0.01165488810851849 0.06956536369844761 0.029345460285892033 -0.014962030424201673 -0.0097903619657949345 0.050545062586348548 -0.030930244688821482 0.022577948598908468 0.051610969178113517 0.0080656381392539452 0.010993547106687292 0.020726081020640854
leaf_weight=4.2592939123860551 2.3725443150033234 1.554863529629072 7.6064970599254584 0.27081111120060608 1.3254572221194392 6.8851576673914661 5.1728575890301709 2.536610855255276 1.109737711434718 2.8877187590114772 2.1492224420653656 5.0760757107636891 3.1789872416993603 5.0043956969166175
leaf_count=186 193 73 354 6 40 289 248 29 162 36 75 110 116 65
internal_value=0.00147126 0.00249587 -0.000309136 0.00238515 0.00662429 -0.00780938 0.0136028 0.0242614 -0.0112168 0.00180565 0.0111879 0.0210185 -0.00381663 0.0307565
internal_weight=51.3902 49.0177 37.0585 32.7992 25.1927 8.21061 16.9821 8.92156 1.38055 8.06058 11.9591 7.2253 4.73385 7.54101
internal_count=1982 1789 1415 1229 875 329 546 262 168 284 374 185 189 94
is_linear=0
shrinkage=0.03


Tree=164
num_leaves=15
num_cat=0
split_feature=10 4 18 19 14 14 4 11 11 11 4 4 4 4
split_gain=1.22043 1.78337 1.34244 1.2455 1.08462 1.36781 1.06656 1.10117 1.92593 1.5598 1.53954 1.97731 1.89209 1.33723
threshold=1.0000000180025095e-35 1.6209443681942652 0.35460488704253579 0.61559370248597578 6.7559999999999993 9.8604999999999965 3.2831893705272082 0.64654520246492664 0.58895894255036974 0.69504828068137836 2.9058385756129415 2.5308890199460801 1.1518542686646751 0.93711985162432421
decision_type=2 2 2 2 2 2 2 2 2 2 2 2 2 2
left_child=3 -2 -3 4 6 -6 7 8 10 -9 11 12 13 -1
right_child=1 2 -4 -5 5 -7 -8 9 -10 -11 -12 -13 -14 -15
leaf_value=0.0066152077963889605 -0.030331247306073297 0.029734422145362364 -0.013746161831094176 -0.022266194549835718 -0.034356394114823212 0.026526011567283243 0.028308072774153537 0.0316188076381336 -0.023259419013085911 -0.00089969164604035044 -0.027422857977047535 0.041487814331305883 -0.0073573848362109961 0.032966647438843366
leaf_weight=23.486025786027316 2.4084330229670732 1.1481679975986483 1.4412854989059267 1.5973736472078588 1.2864847399760027 0.44768425915390242 1.7784920372068871 3.0234896212350568 2.3827916209120295 2.3667395759839565 1.3066545277833927 1.3397197201848019 9.1453184643760306 1.8712564622983325
leaf_count=730 459 12 43 432 71 21 17 35 73 24 10 8 77 21
internal_value=0.00238593 -0.0117495 0.0055332 0.00379797 0.00465757 -0.0186393 0.00552267 0.00462058 0.00288618 0.0173406 0.0045632 0.00572927 0.00434078 0.00855983
internal_weight=55.0299 4.99789 2.58945 50.032 48.4347 1.73417 46.7005 44.922 39.5318 5.39023 37.149 35.8423 34.5026 25.3573
internal_count=2033 514 55 1519 1087 92 995 978 919 59 846 836 828 751
is_linear=0
shrinkage=0.03


Tree=165
num_leaves=15
num_cat=0
split_feature=6 5 18 5 6 19 13 4 19 1 5 5 12 4
split_gain=1.17217 1.39548 1.31666 2.85383 1.22665 1.48139 3.11939 2.22007 2.99274 1.23244 1.22563 1.98584 2.56572 1.59764
threshold=216.16310488823387 6.5000000000000009 -0.98182534576205283 24.500000000000004 -68.462494819726473 -0.99635443704902682 0.68809758576763824 1.2194741298138605 -1.7225464241988328e-16 18.500000000000004 17.500000000000004 26.500000000000004 71.500000000000014 0.4804370716151613
decision_type=2 2 2 2 2 2 2 2 2 2 2 2 2 2
left_child=1 4 3 -3 5 -1 -7 8 -8 -6 -4 12 -12 -13
right_child=-2 2 10 -5 9 6 7 -9 -10 -11 11 13 -14 -15
leaf_value=0.039307056652483845 -0.029835502116975721 0.054196674856677299 0.010834281480744428 -0.030750203332560979 -0.038139811653047272 -0.033207432705149156 -0.034589216791490844 0.024181500626137935 0.02121612151564382 0.011226242231437285 -0.025376073248697603 -0.00741700944344719 0.013529923709926454 0.010653573141846524
leaf_weight=0.66955784754827519 1.2066138859372575 1.1900975065072987 9.748296333360484 0.5078190171625464 2.0074006489594463 2.8209731468814407 2.0674506403738615 2.8839894437696785 1.4869182453257983 0.58860646188259114 5.4823197372024906 7.1837064326391582 2.1136822469998151 11.376645237789488
leaf_count=8 59 42 334 48 148 167 107 25 83 3 240 501 49 175
internal_value=-0.000616364 8.69674e-05 0.00297581 0.0287905 -0.00858599 -0.00378538 -0.00690146 0.00462452 -0.0112439 -0.0269468 0.00175505 -0.00162872 -0.01455 0.00365943
internal_weight=51.3341 50.1275 37.6026 1.69792 12.5249 9.92889 9.25933 6.43836 3.55437 2.59601 35.9046 26.1564 7.596 18.5604
internal_count=1989 1930 1389 90 541 390 382 215 190 151 1299 965 289 676
is_linear=0
shrinkage=0.03


Tree=166
num_leaves=15
num_cat=0
split_feature=6 4 4 5 2 6 13 13 12 11 11 14 7 19
split_gain=1.30361 1.23409 1.20948 1.43534 1.75341 1.67133 1.25852 1.23101 0.885346 1.92049 1.9805 2.01561 1.93873 1.96988
threshold=-87.163437882619476 -1.0824190488705205 -0.3358975876374406 57.500000000000007 3.5000000000000004 -83.333043976457915 -87.692308055652958 97.10612509482128 58.500000000000007 0.45752350399101005 0.39113601791515912 4.3870000000000013 4.5000000000000009 -0.78574730703237872
decision_type=2 2 2 2 2 2 2 2 2 2 2 2 2 2
left_child=-1 -2 3 4 5 -3 -7 8 9 10 11 12 -4 -14
right_child=1 2 7 -5 -6 6 -8 -9 -10 -11 -12 -13 13 -15
leaf_value=-0.032156088529192238 0.036680593095359364 0.03337088536332436 -0.023972295306203883 0.019627553878314993 0.043584743538903174 0.045065455043623789 -0.027886199894732552 -0.031217567134128273 0.012227033404501854 0.0073635586462274284 -0.032972238373086389 0.027116833479687047 -0.039669840662878646 0.029011710577579109
leaf_weight=0.97032696043606748 0.95762611972167988 0.48878356162458647 3.3994613537797722 1.2985218111425636 0.42505684122443188 0.22254404425621022 4.8759260498336507 0.86390985833713685 11.09321664914023 21.23153784457827 2.3176233472768217 1.7320243369904345 0.49211336253210936 1.5906848258455282
leaf_count=47 44 18 120 57 3 1 496 90 229 608 140 62 12 63
internal_value=0.0022902 0.00294572 0.00230001 -0.00897546 -0.0151531 -0.0196216 -0.0247019 0.0042296 0.00496122 0.00234119 -0.00884573 -0.00109497 -0.010008 0.012784
internal_weight=51.9594 50.989 50.0314 7.31083 6.01231 5.58725 5.09847 42.7206 41.8567 30.7634 9.53191 7.21428 5.48226 2.0828
internal_count=1990 1943 1899 575 518 515 497 1324 1234 1005 397 257 195 75
is_linear=0
shrinkage=0.03


Tree=167
num_leaves=15
num_cat=0
split_feature=4 10 4 19 4 11 11 11 13 13 15 18 1 4
split_gain=1.51253 2.58873 1.67315 1.37938 1.43392 1.35437 2.39583 2.38411 1.65948 1.37425 2.13271 1.88312 1.94624 1.68203
threshold=0.57903597219764369 1.0000000180025095e-35 0.78759422170034965 0.61559370248597578 0.49919077320989064 0.51113388410968474 0.43389603812141153 0.67534821531199596 -56.45104692546672 -19.557586978322917 1.0500000000000003 0.99635443704902704 2.5000000000000004 -0.10463663439296328
decision_type=2 2 2 2 2 2 2 2 2 2 2 2 2 2
left_child=1 3 -2 4 5 6 8 -7 -1 10 13 12 -11 -10
right_child=2 -3 -4 -5 -6 7 -8 -9 9 11 -12 -13 -14 -15
leaf_value=-0.032239944739086028 -0.027272603410440424 -0.030189636072260214 -0.0016985263227214293 -0.030209969441995117 0.042223345446231082 -0.01814312272871204 0.032646742662708617 0.025985477170623914 0.014685859353480274 -0.026103542876487498 -0.020129409739876779 0.042247268930336264 0.012021962519802525 0.052975708614896443
leaf_weight=0.94504303135910106 2.5320954422932145 1.6470173947163846 25.379176101414487 0.7907620903570195 1.1849091676995147 3.6746454023523247 4.0335922492668024 1.5737722241319714 2.7993522562319413 2.5619769418844909 0.97819851664826263 0.773318177089095 2.2752480246126652 1.635981561383242
leaf_count=81 94 388 346 356 14 215 147 18 80 206 28 7 13 13
internal_value=0.000775422 0.00615486 -0.00401859 0.00873205 0.0101046 0.00831371 0.012651 -0.00491087 0.00591241 0.00918303 0.0199662 -0.00122148 -0.00817074 0.0288091
internal_weight=52.7851 24.8738 27.9113 23.2268 22.436 21.2511 16.0027 5.24842 11.9691 11.0241 5.41353 5.61054 4.83722 4.43533
internal_count=2006 1566 440 1178 822 808 575 233 428 347 121 226 219 93
is_linear=0
shrinkage=0.03


Tree=168
num_leaves=15
num_cat=0
split_feature=5 5 9 18 18 15 13 13 4 13 13 19 4 19
split_gain=1.59877 1.91534 1.44455 1.555 1.38418 1.33078 1.21526 1.90485 2.05611 1.85718 2.19842 1.80644 1.77011 2.02708
threshold=6.5000000000000009 17.500000000000004 1.0000000180025095e-35 -0.91023613416931226 -0.51639395938746191 0.75000000000000011 31.190031854706 29.002751488238285 0.0489773532501959 -23.525387774289474 -34.771016453482524 -0.88545602565320969 -0.93738626322645369 1.0000000180025095e-35
decision_type=2 2 2 2 2 2 2 2 2 2 2 2 2 2
left_child=2 4 -1 -4 -2 -6 7 8 11 10 -10 -3 -8 -14
right_child=1 6 3 -5 5 -7 12 -9 9 -11 -12 -13 13 -15
leaf_value=-0.031558785458774961 0.03145336473854899 0.0010995381612444589 0.036985127563484446 -0.0089076847514401869 -0.032905202380813285 0.010597343914112241 0.033858457039823528 0.057439548753000412 0.0044329831760071712 0.015938508814646 -0.03036764992680226 -0.03103551585231221 -0.035215878266697448 0.0095491433407648742
leaf_weight=2.3681328529492012 2.7422537920065224 3.1535425522597551 0.72238972410559554 8.2895219665369932 0.69807205576216613 6.7763898682896979 0.57887326856143761 0.52483495592605223 6.5274321590550253 7.713460147380828 2.1791293321875864 3.1439678683527799 3.0764614524086928 1.2930614027427507
leaf_count=276 126 90 17 238 59 174 8 13 97 104 39 528 114 94
internal_value=-0.000831842 0.00209446 -0.0107081 -0.00522894 0.0132229 0.00653445 -0.00193864 0.000935407 -0.000369988 0.00521936 -0.00427712 -0.0149436 -0.0154379 -0.0219687
internal_weight=49.7875 38.4075 11.38 9.01191 10.2167 7.47446 28.1908 23.2424 22.7175 16.42 8.70656 6.29751 4.9484 4.36952
internal_count=1977 1446 531 255 359 233 1087 871 858 240 136 618 216 208
is_linear=0
shrinkage=0.03


Tree=169
num_leaves=15
num_cat=0
split_feature=7 13 5 9 11 3 7 11 11 11 13 13 1 16
split_gain=1.27407 1.2263 1.16078 1.11972 1.06254 2.54897 2.81247 2.05784 2.52026 1.82306 1.7778 1.94745 2.24985 1.83913
threshold=36.500000000000007 -76.460513758289025 73.500000000000014 7.5000000000000009 0.32601148847143696 2.5000000000000004 4.5000000000000009 0.35950808808237616 0.42611176779411258 0.27110848017865019 63.082491740035231 22.928313525600359 6.5000000000000009 1.0000000180025095e-35
decision_type=2 2 2 2 2 2 2 2 2 2 2 2 2 2
left_child=1 -1 3 4 5 6 9 -6 -9 -3 11 13 -13 -10
right_child=-2 2 -4 -5 7 -7 -8 8 10 -11 -12 12 -14 -15
leaf_value=-0.022730662133590956 -0.02030925151278699 -0.0015848251067927094 0.030609666920487253 -0.037712057187579626 0.03010476445248177 -0.027535572721589525 0.01850305450314484 -0.022840807471192916 -0.005238890097757928 -0.035473497349566445 -0.031975558279610114 0.031559290468307334 -0.012790749676001226 0.015408150650428084
leaf_weight=1.8853904176503409 2.6593344290740779 5.8190481867641228 1.2377657007891674 0.65702785924076934 2.6963652095873867 3.3977514095604411 5.2862289984477684 3.0977622850332436 10.537881943280818 1.8935932925669474 1.0645732415141527 4.8382203571964046 1.3077061986550687 6.1480082647176451
leaf_count=81 137 183 30 20 103 62 146 220 411 109 107 145 14 237
internal_value=-7.67824e-05 0.00100218 0.00193473 0.00117543 0.00172982 -0.00439982 0.00164759 0.00511492 0.00261876 -0.00990511 0.00591916 0.00768607 0.0221227 0.00236863
internal_weight=52.5267 49.8673 47.9819 46.7442 46.0871 16.3966 12.9989 29.6905 26.9942 7.71264 23.8964 22.8318 6.14593 16.6859
internal_count=2005 1868 1787 1757 1737 500 438 1237 1134 292 914 807 159 648
is_linear=0
shrinkage=0.03


Tree=170
num_leaves=15
num_cat=0
split_feature=10 7 6 13 14 9 1 7 3 0 12 6 9 5
split_gain=1.83305 1.44031 2.20215 1.49367 1.43581 1.68088 1.4088 1.3818 1.3291 1.16162 1.14928 1.13958 1.01602 1.84157
threshold=1.0000000180025095e-35 18.500000000000004 47.320574162679428 -9.4740869782500035 3.7329999999999992 2.5000000000000004 2.5000000000000004 57.500000000000007 1.0000000180025095e-35 2.5000000000000004 30.500000000000004 -88.488994153402771 1.0000000180025095e-35 12.500000000000002
decision_type=2 2 2 2 2 2 2 2 2 2 2 2 2 2
left_child=1 11 3 -3 -2 10 -5 8 9 -4 -6 -1 13 -13
right_child=4 2 7 6 5 -7 -8 -9 -10 -11 -12 12 -14 -15
leaf_value=-0.032097135231659135 -0.030712573471056562 -0.032919486072427208 -0.030573536257287925 -0.032012038840296082 -0.031737752325348353 -0.031145291910841599 0.016643232147329684 -0.035924964521446313 0.032832895209905018 0.047304954307672856 0.037743465537519741 -0.01887885284697316 0.01220197475691525 0.0081409162755962765
leaf_weight=0.62961918010841955 2.37901574501302 2.805506722710561 0.67072329792426977 0.82666440791217466 0.26809152623172883 0.80259542923886318 1.5210952311754224 0.4576980891288257 2.1445908900350332 0.23199492692947388 1.0669696492841465 2.9892054990632451 24.104319595266134 9.4385224292636831
leaf_count=21 331 104 115 81 53 83 10 23 15 1 54 299 335 465
internal_value=0.0035551 0.00535252 -0.00566679 -0.0181444 -0.014679 0.00316489 -0.000488667 0.0126786 0.0199787 -0.0105591 0.0237911 0.0079199 0.00860958 0.00164193
internal_weight=50.3366 45.8199 8.65827 5.15327 4.51667 2.13766 2.34776 3.50501 3.04731 0.902718 1.33506 37.1617 36.532 12.4277
internal_count=1990 1469 349 195 521 190 91 154 131 116 107 1120 1099 764
is_linear=0
shrinkage=0.03


Tree=171
num_leaves=15
num_cat=0
split_feature=7 6 6 3 9 11 13 13 6 19 14 5 19 6
split_gain=1.68018 2.53307 1.31471 1.09984 1.26852 1.07516 2.39904 1.84478 2.22588 1.85571 2.71745 1.6593 2.37574 1.73164
threshold=18.500000000000004 80.090090090090101 216.16310488823387 1.0000000180025095e-35 4.5000000000000009 0.2056738302354604 63.082491740035231 22.928313525600359 2.4071765477001379 -0.1799261722714405 2.0745000000000009 9.5000000000000018 -0.95297903005573326 58.295373263562105
decision_type=2 2 2 2 2 2 2 2 2 2 2 2 2 2
left_child=2 -2 5 4 -3 -1 7 11 9 10 -9 -7 -13 -14
right_child=1 3 -4 -5 -6 6 -8 8 -10 -11 -12 12 13 -15
leaf_value=0.018627088453130491 -0.024202133130989109 -0.032279620334149682 -0.041318527996523746 0.018180237588280655 0.046505404348041228 -0.013667916967699261 -0.027435520765276999 -0.015002970812014163 -0.015549740749725451 0.039903307375772808 0.035515906862045366 0.023879355195889535 0.0025727911166812663 -0.027762826592191338
leaf_weight=3.8166709743672973 5.5610001530731079 0.93537683464819588 0.59812948002945532 2.6566437790170312 0.22894997894763947 6.2132296013878685 2.3478605664568013 2.0135921128094201 1.6526348959887398 3.2249746330198814 1.828483306802809 4.2665578909218302 12.073701476678254 1.9698334307176981
leaf_count=90 309 109 34 40 1 362 197 52 69 96 36 71 430 111
internal_value=0.000145466 -0.0112808 0.0028251 0.00752485 -0.0167876 0.00349512 0.0018724 0.00394234 0.0157941 0.0231239 0.00903948 -0.000271753 0.00427402 -0.00168227
internal_weight=49.3876 9.38197 40.0057 3.82097 1.16433 39.4075 35.5909 33.243 8.71968 7.06705 3.84208 24.5233 18.3101 14.0435
internal_count=2007 459 1548 150 110 1514 1424 1227 253 184 88 974 612 541
is_linear=0
shrinkage=0.03


Tree=172
num_leaves=15
num_cat=0
split_feature=13 0 1 0 13 14 14 13 16 14 13 14 11 12
split_gain=1.40365 1.08346 1.47139 1.36423 1.21592 1.0358 1.36211 1.46126 2.36115 0.992278 1.65155 2.45862 1.59844 2.72027
threshold=88.968962726757226 9.5000000000000018 9.5000000000000018 4.5000000000000009 -30.183142780597734 -8.0574999999999957 -5.3904999999999967 54.683046068199083 1.0000000180025095e-35 -0.29499999999999987 10.451579156712144 -0.64449999999999885 0.50855718130674632 16.500000000000004
decision_type=2 2 2 2 2 2 2 2 2 2 2 2 2 2
left_child=1 2 3 5 -4 -1 -7 9 -9 10 11 -8 13 -11
right_child=-2 -3 4 -5 -6 6 7 8 -10 12 -12 -13 -14 -15
leaf_value=-0.034254401295215009 -0.031787917089039226 0.020434715092392655 0.0015591456116818146 0.024904216796787278 -0.026528122362273518 0.029685060154502365 -0.013269435910396012 -0.035722802929624729 0.018630516252385442 0.032079432332533547 0.023494442217947418 0.032419369763759254 -0.013964922627361655 -0.0014000148960527732
leaf_weight=0.74976063158828665 1.2023981222300779 2.4578819959424427 2.4473471121164039 2.2076751431450239 3.2021694296272463 1.4685907951788966 3.9748435269575566 2.2957738396362393 1.0475124476943167 2.5589086565887689 4.5052287278231233 1.4455153407761736 6.4574543074122621 14.917347563488873
leaf_count=25 144 24 40 26 55 48 182 111 21 111 148 39 383 652
internal_value=0.000240731 0.00101504 5.4582e-06 0.00195514 -0.0143608 0.000669933 0.00134705 0.000228393 -0.0186929 0.00209669 0.0100716 -0.00108503 -0.00121059 0.00350211
internal_weight=50.9384 49.736 47.2781 41.6286 5.64952 39.4209 38.6712 37.2026 3.34329 33.8593 9.92559 5.42036 23.9337 17.4763
internal_count=2009 1865 1841 1746 95 1720 1695 1647 132 1515 369 221 1146 763
is_linear=0
shrinkage=0.03


Tree=173
num_leaves=15
num_cat=0
split_feature=4 12 13 11 0 13 14 13 13 4 14 14 14 14
split_gain=1.26026 1.87384 1.77626 1.02991 0.972436 1.43419 1.21293 1.41338 1.20007 1.06939 1.34955 1.79647 2.19058 2.26405
threshold=2.3161438887905801 45.500000000000007 76.551294869349988 0.51875147097531926 5.5000000000000009 -56.45104692546672 5.3625000000000016 -69.650375506909072 -29.391707973983596 1.6209443681942652 3.3270000000000004 2.6049999999999991 1.8774999999999993 1.7854999999999992
decision_type=2 2 2 2 2 2 2 2 2 2 2 2 2 2
left_child=2 3 4 -2 5 6 -1 -8 -6 10 11 12 13 -7
right_child=1 -3 -4 -5 8 9 7 -9 -10 -11 -12 -13 -14 -15
leaf_value=-0.029591760143458795 -0.016080481153199898 0.032577039401738388 -0.031690084754307901 0.014753816954138145 0.0016640899724631442 0.0022221032127685975 0.030303025331914299 -0.033987562939802089 -0.029331856072247701 0.016049913218329683 -0.010926089709516591 0.026083162048580629 -0.035038388929203322 0.050339593583219849
leaf_weight=2.1570484631811264 1.8159927316009992 2.8081514909863472 1.5426224321126927 2.1050156662240624 2.5468748130369931 17.501502732222448 0.84364242467563599 0.48449954099487491 2.0125183954369268 5.9588786945678285 5.7410519389086394 3.2281740031321524 1.3434325773268927 0.92668159294407715
leaf_count=147 18 26 190 26 29 771 37 41 28 48 417 93 115 13
internal_value=0.00177405 0.0138704 -6.39236e-05 0.000473087 0.00107745 0.00264103 -0.0157044 0.00685014 -0.0120175 0.00448362 0.00208557 0.00533345 0.00194558 0.00464174
internal_weight=51.0161 6.72916 44.2869 3.92101 42.7443 38.1849 3.48519 1.32814 4.55939 34.6997 28.7408 22.9998 19.7716 18.4282
internal_count=1999 70 1929 44 1739 1682 225 78 57 1457 1409 992 899 784
is_linear=0
shrinkage=0.03


Tree=174
num_leaves=15
num_cat=0
split_feature=14 11 11 14 14 9 2 7 19 19 17 6 15 11
split_gain=1.34463 1.37939 3.27356 1.01115 1.27642 1.23487 1.22608 2.24365 3.26262 2.53763 1.54909 2.6902 2.01586 1.81256
threshold=-3.2605 0.50855718130674632 0.54465512030492358 -2.4815000000000018 -2.223999999999998 5.5000000000000009 1.5000000000000002 4.5000000000000009 -0.98182534576205283 -0.1799261722714405 1.0000000180025095e-35 -82.869300465866971 0.8500000000000002 0.64654520246492664
decision_type=2 2 2 2 2 2 2 2 2 2 2 2 2 2
left_child=1 -1 -3 -2 -5 6 7 8 -6 -10 12 -12 -11 -14
right_child=3 2 -4 4 5 -7 -8 -9 9 10 11 -13 13 -15
leaf_value=-0.033178013777975975 0.02439517624851566 0.051782515142139218 -0.027349570233066001 -0.029797641195842599 0.027651158334640012 0.019479878434624676 0.010185333465462659 0.0070338436205302501 -0.027912314452978093 0.025074236230874809 0.039783863262507449 -0.037730830612289129 -0.024349905514544783 0.037093106071743757
leaf_weight=2.0215678993263273 1.8060615269350808 0.7460030195070434 1.2739937853766603 1.1429164628498245 1.8743706858949707 3.4700369832571587 9.492359711439347 13.13505862985039 6.7259939088253269 2.6283555317204552 0.50407144200289655 2.0088203245541081 2.134850504691713 0.54176129039842624
leaf_count=163 49 12 58 24 50 75 127 624 362 152 11 123 133 13
internal_value=0.000924185 -0.0156585 0.00187462 0.0023983 0.00148833 0.00232937 0.000805184 -0.00220767 -0.00960115 -0.0144021 -0.00277881 -0.0221818 0.00641214 -0.0119135
internal_weight=49.5062 4.04156 2.02 45.4647 43.6586 42.5157 39.0456 29.5533 16.4182 14.5439 7.81786 2.51289 5.30497 2.67661
internal_count=1976 233 70 1743 1694 1670 1595 1468 844 794 432 134 298 146
is_linear=0
shrinkage=0.03


Tree=175
num_leaves=15
num_cat=0
split_feature=7 8 13 13 13 13 7 5 5 15 12 11 11 13
split_gain=1.46417 1.16532 1.35504 0.978091 1.11584 2.00208 1.98896 1.98647 1.93843 1.7991 3.00643 1.60334 1.92102 2.65644
threshold=36.500000000000007 1.0000000180025095e-35 -78.74903290209231 97.10612509482128 22.928313525600359 -0.61933147734716132 4.5000000000000009 19.500000000000004 9.5000000000000018 0.75000000000000011 4.5000000000000009 0.56354735732951211 0.45752350399101005 39.409212561029285
decision_type=2 2 2 2 2 2 2 2 2 2 2 2 2 2
left_child=1 2 -1 4 5 8 -7 -8 -4 10 -6 12 13 -11
right_child=-2 -3 3 -5 9 6 7 -9 -10 11 -12 -13 -14 -15
leaf_value=-0.034199857065683605 -0.023623109818973947 0.018835495604437879 -0.014210194882304721 -0.03110082536550228 0.049212641372955328 -0.02867397957548232 0.046279978461293232 -0.031250115633309837 0.0065017039348437208 -0.021538851156213939 -0.026432759401277116 -0.0010877012904201566 0.046323313203965162 0.0296247232097132
leaf_weight=0.9948799095582207 2.1476154678384765 3.3227816940052426 5.1257986882701507 0.82718012313125555 0.59160858707036768 3.9476084941998186 0.73595094343181677 0.49916372302686796 19.684160866076127 1.394538824679328 2.3557111583650112 3.4102054934483021 2.2979427728569135 2.6466999043477699
leaf_count=55 122 78 269 121 17 177 24 74 659 60 144 88 48 68
internal_value=0.000609583 0.00169756 0.000418211 0.00120965 0.00183572 -0.00132001 -0.0182786 0.0149467 0.00222257 0.00929034 -0.0112486 0.0154994 0.0244226 0.0119693
internal_weight=49.9818 47.8342 44.5114 43.5166 42.6894 29.9927 5.18272 1.23511 24.81 12.6967 2.94732 9.74939 6.33918 4.04124
internal_count=2004 1882 1804 1749 1628 1203 275 98 928 425 161 264 176 128
is_linear=0
shrinkage=0.03


Tree=176
num_leaves=15
num_cat=0
split_feature=7 5 5 4 4 4 8 11 7 14 14 5 7 4
split_gain=1.115 1.29148 1.42771 1.42894 1.15402 0.982991 1.5789 1.28055 1.26354 1.77085 1.94868 1.41047 1.32289 1.19436
threshold=23.500000000000004 41.500000000000007 42.500000000000007 2.9058385756129415 -1.0493853942954918 -0.4014463195013081 8.0000000000000018 0.68462255647115766 4.5000000000000009 -2.223999999999998 4.432000000000003 17.500000000000004 1.0000000180025095e-35 -0.22289952759811174
decision_type=2 2 2 2 2 2 2 2 2 2 2 2 2 2
left_child=4 -2 -3 -4 -1 6 7 -6 12 11 -11 -10 13 -7
right_child=1 2 3 -5 5 8 -8 -9 9 10 -12 -13 -14 -15
leaf_value=0.03276888225383659 -0.028941043581414055 0.048047348722496303 -0.015227346285479596 0.035461450100122603 -0.027072662344221354 0.018343351698830512 0.024323218022474346 0.029900935281791888 0.021223881528222566 0.021513298381237115 -0.025469671050230763 -0.035520847709381437 -0.024785046278652679 -0.00090470219137330085
leaf_weight=1.1017459215363476 2.2967533086193717 0.47432169981766481 3.1576220922870566 0.59482140094041813 3.1449965839274223 3.3242408014484672 0.87666690349578846 0.40023606305476267 0.60238030878826876 8.3652465160121174 0.87789615435758683 1.1409291095915248 1.8383406292996358 22.807898701867096
leaf_count=49 96 10 219 5 349 278 17 22 17 219 76 55 69 543
internal_value=0.000749415 -0.010833 -0.000993449 -0.00719237 0.0024481 0.001678 -0.0117263 -0.0206407 0.00319949 0.0118202 0.0170509 -0.0159134 -0.000186625 0.00154382
internal_weight=51.0041 6.52352 4.22677 3.75244 44.4806 43.3788 4.4219 3.54523 38.9569 10.9865 9.24314 1.74331 27.9705 26.1321
internal_count=2024 330 234 224 1694 1645 388 371 1257 367 295 72 890 821
is_linear=0
shrinkage=0.03


Tree=177
num_leaves=15
num_cat=0
split_feature=10 14 4 4 14 9 0 14 14 14 1 19 1 14
split_gain=0.932455 1.60217 1.26127 1.68951 1.02757 1.39664 1.02945 0.94899 1.73302 2.79999 1.70765 1.39456 2.21924 1.34439
threshold=1.0000000180025095e-35 6.7559999999999993 1.6209443681942652 2.061663673573515 5.3625000000000016 1.5000000000000002 3.5000000000000004 3.4499999999999962 2.6049999999999991 2.1130000000000004 4.5000000000000009 0.12053668025532312 1.5000000000000002 -0.39550000000000013
decision_type=2 2 2 2 2 2 2 2 2 2 2 2 2 2
left_child=1 4 -2 -4 7 6 -6 8 9 10 -1 -9 -13 -12
right_child=2 -3 3 -5 5 -7 -8 11 -10 -11 13 12 -14 -15
leaf_value=-0.0032574771713231939 -0.030329336416565433 -0.034410503791052337 0.024886989572040025 -0.031532753221320008 -0.030766062571007311 0.044449250322211871 0.038324906836800274 -0.019634477915457891 0.017853928017856364 -0.031683072577584633 -0.004511599862212899 -0.030510026334033876 0.047951729464095497 0.021092910720429257
leaf_weight=19.581206223228953 2.2420750899473196 1.1962378823664028 1.2019097548909483 0.79275339492596675 0.55707964912289654 1.0973866600543258 0.29787303507328033 4.421734436415135 5.0683547329972489 2.4740848660585462 2.7189270704984665 0.5551603215280918 0.78064970462583005 5.7458320762962085
leaf_count=819 460 104 23 28 82 14 2 124 119 83 20 107 9 40
internal_value=-0.00144199 -0.000161447 -0.0148903 0.00246368 0.00078478 0.0220529 -0.00669416 -0.000219494 0.00160861 -0.0010892 0.00160965 -0.0115193 0.0153432 0.0128686
internal_weight=48.7313 44.4945 4.23674 1.99466 43.2983 1.95234 0.854953 41.3459 35.5884 30.5201 28.046 5.75754 1.33581 8.46476
internal_count=2034 1523 511 51 1419 98 84 1321 1081 962 879 240 116 60
is_linear=0
shrinkage=0.03


Tree=178
num_leaves=15
num_cat=0
split_feature=10 6 9 3 12 13 14 6 7 18 0 5 6 13
split_gain=1.3685 1.41626 1.34949 1.38474 1.71674 2.09362 1.79835 1.66767 1.54698 1.37486 1.30418 1.1291 1.13654 0.969204
threshold=1.0000000180025095e-35 118.51470973726133 1.0000000180025095e-35 2.5000000000000004 13.500000000000002 51.527848773199118 -0.42599999999999832 1.0788101666511498 6.5000000000000009 -0.35460488704253573 4.5000000000000009 13.500000000000002 -87.87867657186932 -14.902024405309669
decision_type=2 2 2 2 2 2 2 2 2 2 2 2 2 2
left_child=2 -2 11 4 5 7 -6 -4 -5 -8 -3 12 -1 -11
right_child=1 10 3 8 6 -7 9 -9 -10 13 -12 -13 -14 -15
leaf_value=0.027236094543558902 -0.023907982067142605 -0.030307809493209509 -0.02666921559386359 0.004765898211316193 0.031708604341627263 0.033103727823451105 -0.016716523564758473 0.014387311790186715 -0.02072789571736449 0.0028703394651350246 0.044156865531247834 -0.00023952292809298993 -0.026894895856259763 0.022195140770575311
leaf_weight=0.39783239341340992 3.3693945233826517 0.32666221074759949 2.8353186744498151 7.4939525686204416 4.5477389328880262 1.0817686540540306 1.5693376221461246 1.2980409326264633 2.9996625445783138 4.2056204931577676 0.60138208605349064 11.554024554789065 2.8491046627750611 5.253482712665563
leaf_count=15 445 61 63 50 71 20 71 43 20 63 6 724 330 58
internal_value=0.0013217 -0.0148695 0.0028315 0.00636252 0.0108465 -0.00405164 0.0158346 -0.0137758 -0.00252166 0.00928866 0.0179461 -0.00463203 -0.0202625 0.0136031
internal_weight=50.3833 4.29744 46.0859 31.2849 20.7913 5.21513 15.5762 4.13336 10.4936 11.0284 0.928044 14.801 3.24694 9.4591
internal_count=2040 512 1528 459 389 126 263 106 70 192 67 1069 345 121
is_linear=0
shrinkage=0.03


Tree=179
num_leaves=15
num_cat=0
split_feature=11 1 0 6 7 19 1 15 1 6 11 6 17 15
split_gain=1.35994 1.173 1.11177 0.907127 0.832401 0.748746 1.75829 1.35717 1.55904 1.20175 1.64703 1.16758 1.12022 1.08588
threshold=0.74626599424823514 24.500000000000004 11.500000000000002 -87.163437882619476 57.500000000000007 -0.2393156642875576 1.5000000000000002 1.0500000000000003 10.500000000000002 -71.586353825021703 0.2507498077438523 130.55480460184438 1.0000000180025095e-35 1.1500000000000001
decision_type=2 2 2 2 2 2 2 2 2 2 2 2 2 2
left_child=1 2 3 -1 5 6 13 9 12 10 -8 -7 -9 -5
right_child=-2 -3 -4 4 -6 11 7 8 -10 -11 -12 -13 -14 -15
leaf_value=-0.032026235490637961 -0.03495709113793407 -0.041438116258774207 0.031688997396480512 -0.026802479588950483 -0.034426755849255981 0.0071959978630769042 0.014599791968727198 -0.035335595686762984 0.0079516750040431305 0.010297700210382862 -0.031054455814519898 -0.025538053616049942 0.0011514796185957056 0.021990443067672293
leaf_weight=0.77976415684679423 1.0111027958337206 0.6008370378985991 1.0222282474860538 3.4137504470418167 0.60186415049247344 18.520803772204101 1.2539138863794517 2.3918575951829544 2.3146127290092409 11.647754912264645 1.6430997690185902 1.0355187426321197 1.1081668417900803 0.46660687692929048
leaf_count=46 70 4 8 439 36 917 22 57 27 202 34 81 31 36
internal_value=-0.00053456 0.000209118 0.000750747 5.07125e-05 0.000614082 0.00109563 -0.00242768 0.00109973 -0.0111506 0.0059971 -0.0112939 0.00546271 -0.0237832 -0.0209352
internal_weight=47.8119 46.8008 46.1999 45.1777 44.3979 43.7961 24.2398 20.3594 5.81464 14.5448 2.89701 19.5563 3.50002 3.88036
internal_count=2010 1940 1936 1928 1882 1846 848 373 115 258 56 998 88 475
is_linear=0
shrinkage=0.03


Tree=180
num_leaves=15
num_cat=0
split_feature=7 5 1 7 4 14 18 18 4 7 12 3 14 4
split_gain=1.31732 2.80507 1.34788 1.32276 1.61863 1.98758 1.56721 1.33024 1.22533 1.18559 1.17466 1.18069 1.14056 2.45674
threshold=18.500000000000004 39.500000000000007 2.5000000000000004 3.5000000000000004 -0.22289952759811194 2.9934999999999978 0.51639395938746258 0.98182534576205316 -0.74277745315683441 5.5000000000000009 21.500000000000004 1.0000000180025095e-35 -2.6499999999999981 0.78759422170034965
decision_type=2 2 2 2 2 2 2 2 2 2 2 2 2 2
left_child=3 -2 10 7 8 -6 -7 12 -5 -10 11 -3 13 -1
right_child=1 2 -4 4 5 6 -8 -9 9 -11 -12 -13 -14 -15
leaf_value=-0.031541671743090062 -0.033188273484571498 -0.03028305863220242 0.013409049958220393 0.018353983747350564 0.029593682812704664 -0.02731645421750048 0.021352247627458742 0.016008097424568938 0.017284134791488465 -0.032917936435469454 -0.032104156721819453 0.043138650789995008 -0.0049202830493340344 0.027296493049472383
leaf_weight=0.8351044665905677 2.9010179339093138 0.33448127948213402 3.8558806201908737 1.268625225115102 5.6005488078808394 1.1978950655320662 1.1841202019713817 4.1899764557601875 0.58646632038289714 1.5225534645724108 1.4380215322598813 0.47999719122890383 21.115506530331917 2.7153583568288013
leaf_count=120 167 100 49 45 121 40 23 67 27 145 143 8 917 33
internal_value=0.00147072 -0.00889796 0.0026381 0.00379356 0.0124649 0.019831 -0.00312283 0.000379764 -0.00494381 -0.018958 -0.0157998 0.0129866 -0.002275 0.0134572
internal_weight=49.2256 9.0094 6.10838 40.2162 11.3602 7.98256 2.38202 28.8559 3.37765 2.10902 2.2525 0.814478 24.666 3.55046
internal_count=2005 467 300 1538 401 184 63 1137 217 172 251 108 1070 153
is_linear=0
shrinkage=0.03


Tree=181
num_leaves=15
num_cat=0
split_feature=4 4 19 12 12 14 8 14 4 11 14 0 14 15
split_gain=0.912335 1.78043 1.20676 1.1745 1.3139 1.85776 1.64024 1.57553 1.4803 1.62456 1.6055 1.62038 1.42595 2.10694
threshold=1.8204928717607067 1.6794879381871952 0.61559370248597578 2.5000000000000004 32.500000000000007 4.432000000000003 16.500000000000004 -2.223999999999998 -0.5981918519761068 0.51113388410968474 0.14149999999999704 3.5000000000000004 -1.2679999999999969 0.8500000000000002
decision_type=2 2 2 2 2 2 2 2 2 2 2 2 2 2
left_child=1 2 3 -1 5 8 -7 -6 -5 -10 -11 -12 -9 -14
right_child=-2 -3 -4 4 7 6 -8 12 9 10 11 -13 13 -15
leaf_value=-0.032070097389493298 0.0085144036840136671 -0.032645481340814735 -0.030553872391124892 -0.034359142889710065 -0.034130263779173588 -0.032385892533295449 0.038282347562436321 0.018972952488466602 0.03112878854470293 0.018436111348195502 -0.023958902056102144 0.012658617513648055 0.0061779514474104309 -0.017960528539764167
leaf_weight=0.91590813710354169 12.346601922065018 1.5247875424101938 1.0943101475131687 0.58917691465467292 1.3819294077111379 1.572427074657752 0.36403116665314872 2.7352648195810589 3.7211260724579924 5.668989028898066 2.1922406527446583 2.1585311964154243 7.1303393576527068 5.9870089788455516
leaf_count=94 131 14 446 56 90 177 5 54 136 110 86 27 280 278
internal_value=0.00145204 -0.000902313 0.000460679 0.00144681 0.00236315 0.00847855 -0.0191011 -0.00340877 0.0122055 0.014202 0.0079158 -0.005792 -0.000730662 -0.00483931
internal_weight=49.3827 37.0361 35.5113 34.417 33.5011 16.2665 1.93646 17.2345 14.3301 13.7409 10.0198 4.35077 15.8526 13.1173
internal_count=1984 1853 1839 1393 1299 597 182 702 415 359 223 113 612 558
is_linear=0
shrinkage=0.03


Tree=182
num_leaves=15
num_cat=0
split_feature=11 13 10 2 4 6 14 9 6 9 5 4 13 11
split_gain=1.25684 2.13942 1.23027 1.68034 2.02819 1.4135 1.16221 1.09146 1.04598 2.08655 2.26522 2.33844 2.03112 1.62152
threshold=0.21026791808330184 65.91566071373029 1.0000000180025095e-35 1.5000000000000002 1.6209443681942652 205.98465473145782 7.1760000000000028 6.5000000000000009 -10.498992532890837 1.0000000180025095e-35 27.500000000000004 0.57475304596082821 47.858392377038236 0.22788520157574632
decision_type=2 2 2 2 2 2 2 2 2 2 2 2 2 2
left_child=-1 2 3 5 -5 6 8 -4 12 10 11 -10 13 -2
right_child=1 -3 7 4 -6 -7 -8 -9 9 -11 -12 -13 -14 -15
leaf_value=0.015922976787615457 0.04468135513273986 -0.029260563710059636 -0.022235909300364468 0.0036411501200157952 0.033723307672340365 -0.039020853521202256 -0.033402280354734012 0.030445193480911469 0.035168984640781047 0.019674819091269825 -0.020702399730011901 -0.035632525369710531 0.023166170560449888 -0.0096422148134527857
leaf_weight=5.5001228665933004 0.5150927309878196 2.0440283084171815 2.8164989837096068 5.1206797026097757 3.3281538672745228 0.7998100042459545 0.83776234375545655 0.40482238633558143 1.7397815551958102 7.0612033493234776 3.3133448180742562 0.5533797307871281 2.2934651114046565 12.384571583301293
leaf_count=152 5 212 376 33 24 30 80 29 94 122 281 17 33 494
internal_value=0.00241597 0.000696788 0.00218418 0.00369518 0.0154911 0.000316642 0.00141295 -0.0156155 0.00245983 0.00882573 -0.00483834 0.0180833 -0.00284792 -0.00747304
internal_weight=48.7127 43.2126 41.1686 37.9472 8.44883 29.4984 28.6986 3.22132 27.8608 12.6677 5.60651 2.29316 15.1931 12.8997
internal_count=1982 1830 1618 1213 57 1156 1126 405 1046 514 392 111 532 499
is_linear=0
shrinkage=0.03


Tree=183
num_leaves=15
num_cat=0
split_feature=0 0 1 0 5 13 19 13 14 15 18 18 14 17
split_gain=1.10716 1.1737 1.70122 1.41195 2.25915 1.43211 1.21413 1.20343 1.05791 1.02385 2.09678 1.28911 1.7677 1.65531
threshold=12.500000000000002 9.5000000000000018 9.5000000000000018 3.5000000000000004 4.5000000000000009 -56.45104692546672 0.61559370248597578 -73.633877149646551 4.3870000000000013 1.0500000000000003 -0.85421994577343319 0.46472317204376884 -2.7660000000000013 1.0000000180025095e-35
decision_type=2 2 2 2 2 2 2 2 2 2 2 2 2 2
left_child=1 2 3 5 -5 7 9 8 -1 11 -11 12 -7 -14
right_child=-2 -3 -4 4 -6 6 -8 -9 -10 10 -12 -13 13 -15
leaf_value=-0.025791638184429609 -0.040941488816354482 0.023390186609809939 -0.016933569870140545 -0.0092639325698244887 0.028966046980347847 -0.035236598892533715 -0.030542864048668447 -0.035878927365945994 0.022876695909827556 -0.033375928100004774 0.016892149556519982 -0.0090196025436226467 0.014476841301759769 -0.017841202189037338
leaf_weight=0.77451713953632884 0.60768983699381252 1.8263936773873855 5.4039365417556828 2.2357090048026285 3.6827808537054807 0.87763828074093808 1.0772689901641559 1.878041700809258 0.83570243313442916 0.83935816632583726 6.7731875962344921 10.448420188040471 8.5976914673810931 1.710070836707019
leaf_count=55 5 19 98 24 49 55 446 133 42 86 161 344 388 99
internal_value=-0.000707514 -0.000186871 -0.00114093 0.0010071 0.0145247 -0.00135903 0.000735023 -0.0195628 -0.000532819 0.00188712 0.0113496 -0.00144255 0.00563527 0.00911524
internal_weight=47.5684 46.9607 45.1343 39.7304 5.91849 33.8119 30.3236 3.48826 1.61022 29.2464 7.61255 21.6338 11.1854 10.3078
internal_count=2004 1999 1980 1882 73 1809 1579 230 97 1133 247 886 542 487
is_linear=0
shrinkage=0.03


Tree=184
num_leaves=15
num_cat=0
split_feature=1 15 18 11 11 12 12 6 6 3 6 1 11 9
split_gain=1.4966 1.23763 1.00637 1.13795 1.91113 2.1311 1.31587 1.03014 1.59754 1.78228 1.82193 1.40108 2.45635 1.9958
threshold=9.5000000000000018 0.65000000000000002 0.99635443704902704 0.67534821531199596 0.58895894255036974 10.500000000000002 13.500000000000002 42.245131729667818 52.837615401130755 1.0000000180025095e-35 72.618122138723336 2.5000000000000004 0.53227872682533917 2.5000000000000004
decision_type=2 2 2 2 2 2 2 2 2 2 2 2 2 2
left_child=1 -1 3 4 5 -3 -7 11 -9 -10 -11 12 -8 -13
right_child=-2 2 -4 -5 -6 6 7 8 9 10 -12 13 -14 -15
leaf_value=-0.032384322255104583 -0.013201546870165679 0.022921793626979218 0.020807211368308317 0.021105472382517955 -0.022736542360272595 -0.033319521630666017 -0.018192718978912011 0.037162405127934166 -0.016343129767906958 -0.017109511512966889 0.029647537853977515 0.016069451425577908 0.027011754113718322 -0.0096240678500372611
leaf_weight=0.96926352183800091 7.8007594156078985 3.7319236616604021 2.3890438321977845 2.3189123435877255 3.1917549595818846 1.1017955494462537 7.9841945230145992 1.5036771306185972 2.5864813066436909 1.0530940257012846 2.6062384012620896 5.7032895808806625 1.251425548631232 5.2032332536764443
leaf_count=78 127 225 38 143 193 71 644 37 207 17 45 89 45 75
internal_value=-0.00114338 0.00111806 0.00191738 0.000737119 -0.000577921 0.00158324 -0.00116337 0.000106883 0.00940187 0.00271853 0.0161916 -0.00346927 -0.0120675 0.00381171
internal_weight=49.3951 41.5943 40.6251 38.236 35.9171 32.7254 28.9934 27.8916 7.74949 6.24581 3.65933 20.1421 9.23562 10.9065
internal_count=2034 1907 1829 1791 1648 1455 1230 1159 306 269 62 853 689 164
is_linear=0
shrinkage=0.03


Tree=185
num_leaves=15
num_cat=0
split_feature=6 19 19 7 6 13 0 9 4 9 19 14 19 3
split_gain=1.37932 0.925321 0.721075 1.94781 0.973627 0.880325 1.52172 0.936061 1.01073 1.69402 1.50062 1.24828 1.4312 1.01126
threshold=216.16310488823387 0.61559370248597578 0.4647231720437684 16.500000000000004 -33.63250357193165 -56.45104692546672 3.5000000000000004 5.5000000000000009 1.8377198506341514 4.5000000000000009 0.23931566428755774 0.87100000000000055 -0.61559370248597534 7.5000000000000009
decision_type=2 2 2 2 2 2 2 2 2 2 2 2 2 2
left_child=1 2 5 4 -4 6 -1 8 9 10 13 -10 -13 -7
right_child=-2 -3 3 -5 -6 7 -8 -9 11 -11 -12 12 -14 -15
leaf_value=-0.02801178510515432 -0.037255577837606496 -0.021284923152725128 -0.00072049839738508401 -0.023590968676498694 0.041708842770878753 0.0044120400290841065 0.0066333835223189169 0.021703536792782772 0.025569303350912356 -0.036799891532288263 -0.031405766375724599 0.017331014041117792 -0.015146599095757177 -0.025859009992655436
leaf_weight=2.1687433492043047 0.78000992763554577 1.3751615799264971 0.66481515835039395 0.79584462428465474 1.8172489055432368 23.941421440220449 2.4077981017762795 2.5485077358316621 3.5278501813299936 1.0769778890535224 1.1842199548264023 2.6163162067532539 2.2900411710143089 1.0362184410914768
leaf_count=160 61 457 38 55 34 874 31 55 33 26 120 30 24 11
internal_value=0.00231422 0.00296467 0.00368841 0.0172493 0.0303442 0.00264979 -0.00978436 0.00413862 0.00288376 7.38255e-05 0.00159177 0.0119587 0.0021721 0.00315622
internal_weight=48.2312 47.4512 46.076 3.27791 2.48206 42.7981 4.57654 38.2216 35.673 27.2388 26.1619 8.43421 4.90636 24.9776
internal_count=2009 1948 1491 127 72 1364 191 1173 1118 1031 1005 87 54 885
is_linear=0
shrinkage=0.03


Tree=186
num_leaves=15
num_cat=0
split_feature=13 13 13 3 11 14 13 5 1 14 14 3 1 4
split_gain=0.973105 0.95581 1.96264 1.6314 1.90424 1.77286 2.21377 1.55995 1.65973 2.26119 1.92031 1.55622 2.06064 2.32415
threshold=97.10612509482128 -44.352316666746397 -38.856902147885641 2.5000000000000004 0.69504828068137836 3.1735000000000011 -25.744896953170549 63.500000000000007 2.5000000000000004 3.4274999999999971 2.6665000000000032 1.0000000180025095e-35 1.0000000180025095e-35 0.57475304596082821
decision_type=2 2 2 2 2 2 2 2 2 2 2 2 2 2
left_child=1 -1 -3 4 7 6 -5 8 9 11 -10 12 -4 -14
right_child=-2 2 3 5 -6 -7 -8 -9 10 -11 -12 -13 13 -15
leaf_value=-0.0075896197259987036 -0.031143374609784651 0.028861396394578239 -0.030510192867766014 0.023371457335814444 -0.037391120225272273 -0.033709818498703491 -0.015828656100122906 -0.025363965654261227 0.0075825538478338428 -0.030914929116137111 0.034033197218826694 0.020538525809769836 0.022582328448522298 -0.010671602100421736
leaf_weight=8.0423779149423336 0.82034602132625778 2.6173331383615723 1.7286594917532143 2.0488992910832167 0.91036224918207054 2.1113496129401028 3.5311948454473159 1.2993968076189037 6.5904596538748574 1.6695374549017277 3.9512824274133891 4.4973058053292325 3.7465483054984361 3.8204098986461759
leaf_count=399 123 66 348 17 88 50 60 59 92 260 53 95 172 95
internal_value=0.00124658 0.0018172 0.00378106 0.00195283 0.00529165 -0.0102948 -0.00143516 0.00671479 0.00831773 0.00205973 0.0174969 0.00605109 -0.000958069 0.00579307
internal_weight=47.3855 46.5651 38.5227 35.9054 28.214 7.69144 5.58009 27.3036 26.0042 15.4625 10.5417 13.7929 9.29562 7.56696
internal_count=1977 1854 1455 1389 1262 127 77 1174 1115 970 145 710 615 267
is_linear=0
shrinkage=0.03


Tree=187
num_leaves=15
num_cat=0
split_feature=7 19 0 0 3 9 11 11 3 1 11 11 14 4
split_gain=1.32455 1.19407 1.16389 1.34788 1.20936 1.13552 1.51389 1.92866 1.82762 1.41272 2.11584 2.17141 1.68948 1.4012
threshold=36.500000000000007 0.61559370248597578 12.500000000000002 9.5000000000000018 7.5000000000000009 5.5000000000000009 0.32390109587471633 0.35552087296389695 1.5000000000000002 5.5000000000000009 0.64654520246492664 0.55013540859356247 -2.6499999999999981 0.57903597219764369
decision_type=2 2 2 2 2 2 2 2 2 2 2 2 2 2
left_child=1 2 3 4 5 6 -1 -8 9 10 11 12 -9 -14
right_child=-2 -3 -4 -5 -6 -7 7 8 -10 -11 -12 -13 13 -15
leaf_value=-0.0072294475560157273 -0.023826978782219808 -0.030641134218535902 -0.040491282436981961 0.026964713351409146 -0.02747643828322141 0.019590888474380341 0.03116653281401565 0.032024314595146666 0.016233648390550064 -0.042950750620872495 0.026509471267295161 -0.028856348441147418 0.0053599488116855666 -0.022649326083239565
leaf_weight=14.761423498333896 2.1120056974468744 1.0824617199832562 0.5929043497890224 1.8382203418295819 1.3259920869022597 2.9399048036430022 2.3012310800841105 1.3469414190039897 5.8654354420723385 0.77944013709202487 2.0658021261915573 2.9057070322451173 4.490059892938012 2.5038281478919089
leaf_count=471 130 426 5 17 19 68 58 56 109 9 52 175 347 52
internal_value=-0.000610049 0.000484482 0.00125517 0.00182914 0.000709996 0.00164531 0.000220177 0.00516064 0.00216195 -0.00369513 -0.00139671 -0.00652261 0.00125783 -0.00466744
internal_weight=46.9114 44.7994 43.7169 43.124 41.2858 39.9598 37.0199 22.2584 19.9572 14.0918 13.3123 11.2465 8.34083 6.99389
internal_count=1994 1864 1438 1433 1416 1397 1329 858 800 691 682 630 455 399
is_linear=0
shrinkage=0.03


Tree=188
num_leaves=15
num_cat=0
split_feature=15 10 4 2 14 14 14 14 14 14 15 13 11 11
split_gain=1.08784 0.801679 1.38783 1.21342 0.776126 1.29881 0.938034 1.11611 2.02003 2.27032 1.31072 1.34595 1.19393 1.54117
threshold=0.65000000000000002 1.0000000180025095e-35 1.6209443681942652 1.0000000180025095e-35 6.7559999999999993 9.8604999999999965 5.3625000000000016 3.4499999999999962 2.6049999999999991 2.3685000000000014 1.1500000000000001 -61.153994751711544 0.25906011347951624 0.2791678629944509
decision_type=2 2 2 2 2 2 2 2 2 2 2 2 2 2
left_child=-1 4 -3 -4 6 -6 7 8 9 10 11 -2 -9 -14
right_child=1 2 3 -5 5 -7 -8 12 -10 -11 -12 -13 13 -15
leaf_value=-0.032459837764434563 -0.030223562879631252 -0.030250737089605503 0.02472589409671937 -0.016550925718126094 -0.034241534040904395 0.026769491373130141 0.022562503489768487 -0.041598282645929241 0.022137470937771211 -0.03702733570034307 0.017813996752076282 0.0015457015189140107 0.040682710475425106 -0.011026245650982144
leaf_weight=0.91446179442573239 1.2688958069775278 1.983395588438724 1.2265176344662907 1.342628401238471 1.2117685651755881 0.42387927311938245 2.0229379714000961 0.93855525692924757 4.611233926319982 1.3634729714831326 4.3171658277278757 22.171524709498051 0.59280271781608451 4.1528482197900303
leaf_count=80 40 456 12 46 81 24 97 25 104 35 105 713 9 189
internal_value=-4.8931e-05 0.000573366 -0.0113989 0.00315475 0.0018387 -0.0184305 0.00263874 0.00161621 0.00368849 0.00076715 0.00262364 -0.000174058 -0.0106815 -0.00456702
internal_weight=48.5421 47.6276 4.55254 2.56915 43.0751 1.63565 41.4394 39.4165 33.7323 29.1211 27.7576 23.4404 5.68421 4.74565
internal_count=2016 1936 514 58 1422 105 1317 1220 997 893 858 753 223 198
is_linear=0
shrinkage=0.03


Tree=189
num_leaves=15
num_cat=0
split_feature=10 6 1 1 14 11 11 11 13 6 5 2 13 13
split_gain=1.3009 1.64802 1.35607 2.10333 0.870923 0.798303 2.2329 1.25148 1.20289 1.18634 1.34202 1.1269 1.11217 1.77787
threshold=1.0000000180025095e-35 -77.464609915571614 22.500000000000004 18.500000000000004 3.0270000000000032 0.67534821531199596 0.69504828068137836 0.58895894255036974 17.176463346288234 -11.795236121800562 11.500000000000002 3.5000000000000004 22.928313525600359 25.803608852959858
decision_type=2 2 2 2 2 2 2 2 2 2 2 2 2 2
left_child=2 4 3 5 -2 7 -7 12 11 10 -9 -8 -1 -14
right_child=1 -3 -4 -5 -6 6 8 9 -10 -11 -12 -13 13 -15
leaf_value=-0.0024792981256331068 -0.030348419348564075 -0.030805819819557857 -0.039695335498405045 0.037822501994410049 0.031409690311318669 0.039500214685756936 -0.012748440138459939 -0.033884680623377995 -0.038913672746222594 -0.037741785618240792 0.014141157159036945 0.044256526465000716 0.045128850916077594 0.0050137321322945771
leaf_weight=24.145766527624801 0.2841674250084909 2.5090137947991016 0.71834753453731437 1.4166174307465542 0.74245768156833947 1.6828865785500959 0.79236729029798902 0.82304837374249551 0.70495652628596861 1.4987481730640855 1.4396062902524134 0.5149361714720726 1.1014921041787591 10.219741703243924
leaf_count=847 48 387 4 10 35 29 48 40 44 82 41 3 15 342
internal_value=-0.000181381 -0.0177043 0.0011936 0.00185603 0.0143152 0.000669024 0.0139994 -0.000586639 -0.00732739 -0.0170406 -0.00332841 0.00970535 0.00115836 0.00891671
internal_weight=48.5942 3.53564 45.0585 44.3402 1.02663 42.9235 3.69515 39.2284 2.01226 3.7614 2.26265 1.3073 35.467 11.3212
internal_count=1975 470 1505 1501 83 1491 124 1367 95 163 81 51 1204 357
is_linear=0
shrinkage=0.03


Tree=190
num_leaves=15
num_cat=0
split_feature=10 4 4 4 15 2 7 13 8 18 15 5 6 1
split_gain=0.957403 1.0731 1.62985 1.80831 1.38121 2.06594 1.57742 1.40925 1.25607 1.40917 2.06575 1.15132 1.12328 1.05314
threshold=1.0000000180025095e-35 2.4302359521596544 0.57903597219764369 0.38528992792848588 0.95000000000000007 1.0000000180025095e-35 10.500000000000002 -7.3226418340267401 8.0000000000000018 -0.95297903005573326 0.95000000000000007 19.500000000000004 -86.576576576576556 2.5000000000000004
decision_type=2 2 2 2 2 2 2 2 2 2 2 2 2 2
left_child=1 2 3 8 6 11 -4 -8 9 10 -1 -6 -11 -14
right_child=-2 -3 4 -5 5 -7 7 -9 -10 12 -12 -13 13 -15
leaf_value=0.033191535552381343 -0.013180358948942733 0.016087666916163229 -0.025462232174034115 0.026724562307672107 0.034305583487025088 -0.010709738714994111 -0.022777602205241845 0.022315774866090734 0.029516850618578807 0.037963764987279325 -0.030742655225522143 0.003678739840230102 -0.012970295260588297 0.0037503666551855319
leaf_weight=2.1982611864805288 3.8299855416989876 4.6500836247578254 4.9804549858672571 3.3262091450742437 1.8861235231161098 5.7251882813870907 1.0705681657418611 1.4944524833117609 1.4471104078693304 0.56659187446348802 0.57349620934110124 2.6662460655206814 7.2454619573545607 6.3713126750662923
leaf_count=90 499 43 123 51 24 38 26 31 31 18 69 42 874 45
internal_value=0.00120848 0.00245524 0.000852472 0.00636803 -0.00587167 0.00128413 -0.0156184 0.00349506 0.00268858 0.000398806 0.0199631 0.016368 -0.00342451 -0.00514667
internal_weight=48.0315 44.2016 39.5515 21.7284 17.823 10.2776 7.54548 2.56502 18.4022 16.9551 2.77176 4.55237 14.1834 13.6168
internal_count=2004 1505 1462 1178 284 104 180 57 1127 1096 159 66 937 919
is_linear=0
shrinkage=0.03


Tree=191
num_leaves=15
num_cat=0
split_feature=12 3 4 4 7 1 6 6 5 18 2 6 1 4
split_gain=1.29727 1.60232 1.53605 1.71302 1.4007 1.21111 1.27019 1.47993 1.87088 1.10669 1.85903 1.75359 1.10368 1.08969
threshold=61.500000000000007 1.0000000180025095e-35 1.8204928717607067 -1.1407220785607606 30.500000000000004 9.5000000000000018 -27.342927342927336 43.492985002418969 14.500000000000002 0.70581670320594825 1.5000000000000002 -68.812747536151775 16.500000000000004 2.3161438887905801
decision_type=2 2 2 2 2 2 2 2 2 2 2 2 2 2
left_child=1 2 3 -1 13 6 9 8 -8 10 11 -3 -7 -2
right_child=4 5 -4 -5 -6 12 7 -9 -10 -11 -12 -13 -14 -15
leaf_value=0.039796884675720734 0.0079338054276953743 -0.037607452959232096 0.013002603807799086 -0.018181837805991617 -0.020943983815213202 -0.017192473619747167 0.02171535873740511 0.014185905349815949 -0.024670900444322803 0.029160903891942806 0.041443040064254429 0.012394530829254355 0.0088313455386178213 0.030466589299366926
leaf_weight=0.48208089836406998 11.324902463471515 1.0491228966275234 2.0785947551485142 9.4302768750640116 1.288543100177775 3.9998240966815493 1.0548789798049263 3.3580247750505805 3.0311865704134107 3.5047478794585913 0.94937708985526104 1.5847939609084287 2.3159480579197407 2.328785744495689
leaf_count=19 369 43 32 1142 39 66 13 68 86 43 16 42 23 25
internal_value=0.00162716 -0.00170728 -0.0104452 -0.0153621 0.00895532 0.00331843 0.00808527 -0.000569365 -0.0126956 0.0171746 0.00545113 -0.0075219 -0.00764973 0.011777
internal_weight=47.7811 32.8389 11.991 9.91236 14.9422 20.8479 14.5321 7.44409 4.08607 7.08804 3.58329 2.63392 6.31577 13.6537
internal_count=2026 1593 1193 1161 433 400 311 167 99 144 101 85 89 394
is_linear=0
shrinkage=0.03


Tree=192
num_leaves=15
num_cat=0
split_feature=13 6 12 11 4 5 13 6 11 11 13 6 11 6
split_gain=1.26627 1.50661 1.17758 3.17231 1.17221 1.25797 1.8669 1.27719 1.25315 2.20317 2.06515 1.75057 2.14782 1.25025
threshold=-53.475126652841972 179.27123126652955 44.500000000000007 0.43389603812141153 -0.38528992792848465 21.500000000000004 -34.771016453482524 -10.498992532890837 0.51113388410968474 0.54847727581342087 35.577065373036824 -29.073091057574519 0.56065110759219738 -83.805402570154726
decision_type=2 2 2 2 2 2 2 2 2 2 2 2 2 2
left_child=1 -1 3 -2 -5 8 -7 -8 10 -10 -6 12 -11 -14
right_child=2 -3 -4 4 5 6 7 -9 9 11 -12 -13 13 -15
leaf_value=-0.019295636149708015 -0.02877207460989117 0.018723013662366627 0.0084807241655408712 -0.023943692699670067 0.039809571556160647 0.023011089267637702 -0.040231134848806291 -0.0057015163503416882 -0.032258013257627755 0.054911442285092787 -0.011779045467351118 -0.01893216238563869 -0.033286957928251773 0.015560287255788674
leaf_weight=4.9948916520224875 3.383251481922346 1.1550320863025261 16.93979948508786 1.3885101393680113 2.5670258591999322 1.6614208655664695 1.227723720076028 4.4895642467308781 1.2507346076308747 1.1764201860060026 0.95937612681882445 1.3603264162084041 0.54964639426908002 3.3204866298765365
leaf_count=268 293 25 543 201 59 61 45 219 54 13 42 52 25 106
internal_value=0.000523903 -0.0121553 0.00246002 -0.00191074 0.0026443 0.00463311 -0.00498176 -0.0131164 0.0109766 0.00416193 0.0257746 0.0112717 0.0194134 0.00862287
internal_weight=46.4242 6.14992 40.2743 23.3345 19.9512 18.5627 7.37871 5.71729 11.184 7.65761 3.5264 6.40688 5.04655 3.87013
internal_count=2006 293 1713 1170 877 676 325 264 351 250 101 196 144 131
is_linear=0
shrinkage=0.03


Tree=193
num_leaves=15
num_cat=0
split_feature=11 1 11 11 0 0 14 14 14 13 1 13 19 14
split_gain=1.34743 1.97693 1.5553 1.61128 1.39001 1.27749 1.01533 2.29232 1.9016 1.79999 1.68131 1.20025 1.0344 1.0256
threshold=0.69504828068137836 15.500000000000002 0.67534821531199596 0.56354735732951211 1.5000000000000002 12.500000000000002 2.6049999999999991 3.3270000000000004 1.8774999999999993 -56.45104692546672 1.5000000000000002 -60.584030297366972 -0.98182534576205283 1.7854999999999992
decision_type=2 2 2 2 2 2 2 2 2 2 2 2 2 2
left_child=2 -2 3 5 -5 6 8 -8 9 -1 12 -10 -9 -11
right_child=1 -3 -4 4 -6 -7 7 10 11 13 -12 -13 -14 -15
leaf_value=-0.026957586498393971 -0.035640113308305792 0.02117148780037887 0.03621860360756135 -0.032348929946326044 -0.0017034591526538863 -0.039576497729667086 0.03247029110290138 0.031068466037707892 0.030578939966352144 0.0056343167513689448 0.010563614779623315 -0.032494065698757763 -0.030591547683008924 0.036092930258608352
leaf_weight=1.4862438479904074 1.8165484177297906 0.7914398694410919 1.2920773386722419 1.9486393910192408 4.20994763658382 0.56583712669089337 3.6937907042447469 0.29033023456577023 0.3143754806951623 17.8955888132332 8.5977193808648718 1.9926124399644312 1.5636108143953613 1.0535178021527816
leaf_count=65 134 7 31 254 54 5 110 13 13 684 167 104 354 14
internal_value=0.00256379 -0.0183996 0.00378132 0.00282031 -0.0114 0.00515859 0.0058448 0.0121557 0.00191949 0.00483419 0.00497623 -0.023899 -0.0209355 0.00732773
internal_weight=47.5123 2.60799 44.9043 43.6122 6.15859 37.4536 36.8878 14.1455 22.7423 20.4354 10.4517 2.30699 1.85394 18.9491
internal_count=2009 141 1868 1837 308 1529 1524 644 880 763 534 117 367 698
is_linear=0
shrinkage=0.03


Tree=194
num_leaves=15
num_cat=0
split_feature=5 14 13 13 4 15 14 14 4 14 19 14 12 5
split_gain=1.39385 1.75391 1.84772 2.87728 1.38568 1.36561 1.179 1.20808 1.85996 2.00395 1.55669 2.33822 1.32189 1.63127
threshold=9.5000000000000018 5.8679999999999994 22.928313525600359 36.362283651653691 2.5308890199460801 1.2500000000000002 6.0554999999999959 2.6049999999999991 0.14917215527520222 3.4499999999999962 0.12053668025532312 2.1130000000000004 4.5000000000000009 40.500000000000007
decision_type=2 2 2 2 2 2 2 2 2 2 2 2 2 2
left_child=1 2 5 -4 -5 -1 7 10 9 -9 11 12 -2 -14
right_child=6 -3 3 4 -6 -7 -8 8 -10 -11 -12 -13 13 -15
leaf_value=-0.031343045644795273 0.034602240709301055 0.031276214083300002 0.02732180622903722 -0.029022788526615436 0.024052396607131692 0.014928450954401784 -0.025572090564756178 0.018034760384534897 0.020168085175524316 -0.022282519408353418 -0.01932328173216263 -0.037632741727647911 -0.003294352669300552 0.020713177660538963
leaf_weight=4.9091335516422951 1.2850163114490083 0.82849948346847746 1.9766706404043359 2.4346449704025876 0.54110970720648754 0.65005137608386565 1.3897279534139659 1.9775582239963094 6.9393697603372857 2.5278646862716414 3.7155456282489459 1.2231589743169013 10.100201749126425 3.4063461107434696
leaf_count=311 28 46 46 168 4 20 161 91 111 211 399 49 230 92
internal_value=-0.0016904 -0.0107485 -0.0140608 -0.000734789 -0.0193716 -0.0259324 0.00146394 0.00266916 0.0104232 -0.00458612 -0.00182868 0.00223021 0.0055266 0.00276034
internal_weight=43.9049 11.3401 10.5116 4.95243 2.97575 5.55918 32.5648 31.1751 11.4448 4.50542 19.7303 16.0147 14.7916 13.5065
internal_count=1967 595 549 218 172 331 1372 1211 413 302 798 399 350 322
is_linear=0
shrinkage=0.03


Tree=195
num_leaves=15
num_cat=0
split_feature=1 11 3 6 7 6 11 14 4 1 5 14 11 9
split_gain=1.01143 2.00909 1.01194 0.910378 1.5249 1.47454 1.47195 1.87336 1.32798 0.84002 2.35775 1.10005 0.836693 1.19954
threshold=1.0000000180025095e-35 0.64654520246492664 1.0000000180025095e-35 42.245131729667818 17.500000000000004 48.252372451376495 0.55013540859356247 0.32249999999999807 1.2878583717506678 4.5000000000000009 32.500000000000007 0.80200000000000149 0.42611176779411258 2.5000000000000004
decision_type=2 2 2 2 2 2 2 2 2 2 2 2 2 2
left_child=1 -1 -3 4 12 -5 7 -7 -6 10 -9 -12 13 -2
right_child=3 2 -4 5 8 6 -8 9 -10 -11 11 -13 -14 -15
leaf_value=-0.021937949988092204 0.0031719166659988167 -0.030296364910728228 0.045325262143465113 0.041419909144877351 -0.034340719504567789 -0.015448919567803867 -0.017645487088259894 0.034733361640318587 -0.0025398346449251531 0.031826890794573424 0.039962776872677033 -0.033356373531461793 0.0076813926756244917 -0.016421123048460017
leaf_weight=3.7677634916908564 9.2792414320865664 0.20675843470962707 0.69322659156750888 1.1977549920557056 1.9974033137550566 1.7043065680190901 1.8801542705041354 1.4646426237886774 2.8944094027392566 2.8667447259649634 0.22222687245812256 1.0754496341687625 14.317781399702652 4.0351867800345635
leaf_count=795 279 85 6 20 107 57 78 31 30 38 4 71 344 88
internal_value=0.000943877 -0.0123186 0.0279523 0.00238572 -8.58567e-05 0.0101068 0.00603605 0.0121076 -0.0155246 0.0204509 0.00864479 -0.0208005 0.00264732 -0.00276612
internal_weight=47.6031 4.66775 0.899985 42.9353 32.524 10.4113 9.21352 7.33337 4.89181 5.62906 2.76232 1.29768 27.6322 13.3144
internal_count=2033 886 91 1147 848 299 279 201 137 144 106 75 711 367
is_linear=0
shrinkage=0.03


Tree=196
num_leaves=15
num_cat=0
split_feature=12 7 5 1 7 5 18 14 5 1 6 7 14 14
split_gain=1.43671 1.09623 1.24962 1.85138 0.985686 0.975813 1.31497 0.904552 0.769722 0.938078 1.78919 1.2045 0.838058 2.07716
threshold=6.5000000000000009 23.500000000000004 41.500000000000007 2.5000000000000004 30.500000000000004 18.500000000000004 0.95297903005573359 7.1760000000000028 74.500000000000014 1.0000000180025095e-35 -63.584563584563575 4.5000000000000009 2.6049999999999991 3.1260000000000017
decision_type=2 2 2 2 2 2 2 2 2 2 2 2 2 2
left_child=4 7 -3 -4 5 6 -1 8 9 10 11 -2 -11 -14
right_child=1 2 3 -5 -6 -7 -8 -9 -10 12 -12 -13 13 -15
leaf_value=-0.020937750542879958 -0.0098073221870571704 -0.028089194997765663 -0.031209638014233296 0.019981768225438148 0.023338965737358247 -0.037552750267440281 0.030513360662593747 -0.023065023654557763 0.033253634137400484 0.0032276877006722697 -0.03060415392717079 0.042551469141926104 0.035537671218542455 0.0060551239176577674
leaf_weight=1.6593967352528123 0.90167166187893621 2.0036571947275652 0.95645351734128814 1.8967816380318252 0.54429990571225051 1.6198781583516391 0.61192059330642212 0.99039975693449278 0.90890217799460415 20.448517460608855 1.7653055028058577 0.70431024034041911 2.8553522226284249 8.71510499488795
leaf_count=133 151 79 153 29 39 144 7 89 19 503 390 11 50 233
internal_value=0.0017667 0.00347588 -0.00993035 0.00282153 -0.0144741 -0.0197634 -0.00707619 0.00522201 0.0059938 0.00529371 -0.00975865 0.0131548 0.00687858 0.0133308
internal_weight=46.582 42.1465 4.85689 2.85324 4.4355 3.8912 2.27132 37.2896 36.2992 35.3903 3.37129 1.60598 32.019 11.5705
internal_count=2030 1707 261 182 323 284 140 1446 1357 1338 552 162 786 283
is_linear=0
shrinkage=0.03


Tree=197
num_leaves=15
num_cat=0
split_feature=9 13 18 14 7 18 13 6 1 19 4 11 11 1
split_gain=0.903042 0.971892 0.840987 1.67975 1.47656 1.60081 1.87067 1.53724 1.43528 1.27722 1.17837 1.17154 1.36716 2.0635
threshold=5.5000000000000009 -79.69916035805683 0.98182534576205316 2.6049999999999991 17.500000000000004 -0.61559370248597534 -23.958883988410026 -74.562733798402576 1.0000000180025095e-35 -1.0000000180025095e-35 2.3864550697958307 0.25906011347951624 0.35338491204703071 2.5000000000000004
decision_type=2 2 2 2 2 2 2 2 2 2 2 2 2 2
left_child=1 -1 3 4 5 6 -3 -8 -5 -9 -7 -10 -13 -14
right_child=-2 2 -4 8 -6 10 7 9 11 -11 -12 12 13 -15
leaf_value=-0.029172292810676008 0.017835330112172306 -0.030906213159896539 0.011399472360675558 -0.030236149996010046 -0.026027250237853673 -0.011743050628652321 -0.032739461258396781 0.041325954453984133 -0.0054373617930992347 0.0061297015140948973 0.015948404549268529 0.032669309683764615 -0.020165587605407483 0.018439988587648382
leaf_weight=0.93009168567368661 3.1407223478890947 0.77432095163385373 6.8752536003012201 0.82115661885472846 2.7480316812579977 10.719451059063433 0.4478040087269618 2.1375358693767339 3.0472393804229787 1.6397753084893349 1.5879118940792984 3.000722683966158 1.7019793302461037 4.6519724755780771
leaf_count=54 77 71 122 302 227 511 41 59 78 103 19 72 159 92
internal_value=0.00233061 0.00114531 0.00184757 -0.00012586 -0.00559881 -0.00235512 0.0119603 0.0198163 0.00817472 0.0260468 -0.00817026 0.010718 0.0159805 0.00809904
internal_weight=44.224 41.0832 40.1532 33.2779 20.0548 17.3068 4.99944 4.22512 13.2231 3.77731 12.3074 12.4019 9.35467 6.35395
internal_count=1987 1910 1856 1734 1031 804 274 203 703 162 530 401 323 251
is_linear=0
shrinkage=0.03


Tree=198
num_leaves=15
num_cat=0
split_feature=6 11 19 14 6 11 11 3 19 14 6 12 11 13
split_gain=1.36421 0.910526 0.888955 2.10347 1.15595 1.22198 1.22147 1.47275 1.33435 2.06718 1.22685 2.70226 2.12245 1.17374
threshold=-84.119784597872226 0.17994068886176628 -0.95297903005573326 -2.022500000000004 130.55480460184438 0.64654520246492664 0.57415113850879362 1.5000000000000002 -0.85421994577343285 5.8679999999999994 19.257007767646069 44.500000000000007 0.53914104646511074 -22.574861601200205
decision_type=2 2 2 2 2 2 2 2 2 2 2 2 2 2
left_child=1 -1 3 -2 5 6 8 -8 9 -4 13 12 -12 -10
right_child=2 -3 4 -5 -6 -7 7 -9 10 -11 11 -13 -14 -15
leaf_value=0.025534804593820775 -0.039129178622904048 -0.032307674097091107 -0.027485522631163651 0.014502061912967773 -0.02144807220178515 0.017042787935904601 -0.034847257618552278 0.014144745834061436 -0.013832273073787624 0.033534707556407334 -0.029637843821203869 0.031409292752054369 0.025386600460361324 0.0044298371564168229
leaf_weight=0.28780313150491466 0.71346468036062916 1.6441664554877204 2.7644691523164542 8.4935931051149947 2.1507295972260172 3.8849266877223263 1.860760479292366 0.78528921620454628 4.4098103495780441 0.60989103105384845 1.6210270014125847 3.717209700262174 1.032937441661488 11.243180125777146
leaf_count=3 21 100 102 177 165 176 167 16 232 21 172 119 29 495
internal_value=0.000974027 -0.023691 0.00207486 0.0103461 -0.000159693 0.00127426 -0.000910099 -0.0203075 0.00111075 -0.0164566 0.00380226 0.0149005 -0.00822203 -0.000715023
internal_weight=45.2193 1.93197 43.2873 9.20706 34.0802 31.9295 28.0446 2.64605 25.3985 3.37436 22.0242 6.37117 2.65396 15.653
internal_count=1995 103 1892 198 1694 1529 1353 183 1170 123 1047 320 201 727
is_linear=0
shrinkage=0.03


Tree=199
num_leaves=15
num_cat=0
split_feature=11 11 6 14 5 4 14 2 3 14 14 14 18 3
split_gain=2.01829 2.10493 0.953891 0.904609 1.29696 1.24638 1.07555 1.17245 1.59052 1.87071 1.33601 1.4261 1.33197 1.24648
threshold=0.69504828068137836 0.67534821531199596 -87.163437882619476 -0.69800000000000206 74.500000000000014 0.78759422170034965 -0.55350000000000132 1.5000000000000002 6.5000000000000009 3.2514999999999969 2.6049999999999991 3.0880000000000014 0.95297903005573359 3.5000000000000004
decision_type=2 2 2 2 2 2 2 2 2 2 2 2 2 2
left_child=1 2 -1 4 5 -4 -5 10 9 -9 -8 -12 13 -13
right_child=-2 -3 3 6 -6 -7 7 8 -10 -11 11 12 -14 -15
leaf_value=-0.031866278299407767 -0.027222361170665045 0.036516194735011671 -0.017677872348946872 0.033522968732061703 0.02969612801871039 0.0035888533737327669 -0.0077193240251846873 0.036020469639064412 -0.0085682398131276868 0.0010621867850124176 0.027448332106410993 0.0080706678171713186 -0.035357952147960267 -0.036607476806651162
leaf_weight=0.73334294813685019 2.0340810230991329 1.6567188202170644 5.4028754059690911 1.1641639057197597 0.89945432258537117 4.5849843015894294 9.7219474344747265 3.4881660436512893 2.0472606341354549 2.2770104390801862 2.4831524004694066 8.8442750684043805 0.78836477699223984 0.60013533837627697
leaf_count=44 127 38 375 17 17 79 515 44 32 38 83 531 30 12
internal_value=0.00200327 0.00333343 0.002056 0.00264407 -0.004808 -0.00791526 0.00522673 0.00413777 0.014147 0.0222134 0.00065275 0.00705361 0.00210449 0.00523164
internal_weight=46.7259 44.6919 43.0351 42.3018 10.8873 9.98786 31.4145 30.2503 7.81244 5.76518 22.4379 12.7159 10.2328 9.44441
internal_count=1982 1855 1817 1773 471 454 1302 1285 114 82 1171 656 573 543
is_linear=0
shrinkage=0.03


Tree=200
num_leaves=15
num_cat=0
split_feature=11 13 7 5 6 13 14 15 12 14 0 12 4 9
split_gain=1.13095 0.926018 0.888808 1.1035 0.865163 1.31034 1.39542 1.20841 1.84604 2.07186 1.7141 1.39077 1.26772 1.50074
threshold=0.16619763098453919 97.10612509482128 57.500000000000007 73.500000000000014 1.8362533692722374 10.451579156712144 -2.022500000000004 0.75000000000000011 26.500000000000004 1.8240000000000018 1.5000000000000002 8.5000000000000018 1.6209443681942652 5.5000000000000009
decision_type=2 2 2 2 2 2 2 2 2 2 2 2 2 2
left_child=-1 2 3 4 5 6 -2 10 9 11 -8 -9 13 -10
right_child=1 -3 -4 -5 -6 -7 7 8 12 -11 -12 -13 -14 -15
leaf_value=-0.035298495952648903 -0.021529725324276151 -0.031209520322165705 -0.034059479602274401 0.029558221673897479 -0.0022657671073073901 0.014380870042774507 -0.0015750703017491604 -0.0066574014891839627 -0.030793743047571282 -0.007638792956254057 0.055374677741891698 0.03852840800833833 0.0078559611938064482 0.021062706622448701
leaf_weight=0.70800156309269269 2.161466634483074 0.70510727562941511 0.56196339015150343 1.4600461451918807 16.895523237355519 10.940995049662886 0.96174707854516295 0.80352169164689113 3.0168680716305976 2.6374204375897534 0.94111354649066925 2.5861315908259712 1.9478485458530483 0.60260089440271247
leaf_count=31 84 113 37 55 715 339 81 47 219 170 4 51 29 24
internal_value=0.00233067 0.00290705 0.00343555 0.00390425 0.0030431 0.00641517 0.000849411 0.00443323 0.000796715 0.0123017 0.026591 0.0278171 -0.0116584 -0.0221602
internal_weight=46.9304 46.2224 45.5172 44.9553 43.4952 26.5997 15.6587 13.4973 11.5944 6.02707 1.90286 3.38965 5.56732 3.61947
internal_count=1999 1968 1855 1818 1763 1048 709 625 540 268 85 98 272 243
is_linear=0
shrinkage=0.03


Tree=201
num_leaves=15
num_cat=0
split_feature=9 0 4 19 5 15 11 6 19 18 3 6 12 4
split_gain=0.959834 1.67416 1.83634 1.50422 1.20225 2.10208 2.32839 1.73283 1.39227 1.28602 0.876755 2.23165 2.10822 1.07927
threshold=1.0000000180025095e-35 3.5000000000000004 -1.0682980449869561 -0.29696027566504651 34.500000000000007 1.0500000000000003 0.35338491204703071 1.8362533692722374 -0.1799261722714405 -0.85421994577343319 2.5000000000000004 -76.30127369371175 46.500000000000007 1.000005021586394
decision_type=2 2 2 2 2 2 2 2 2 2 2 2 2 2
left_child=1 2 -1 -4 5 6 7 -5 -6 -7 11 -2 13 -12
right_child=10 -3 3 4 8 9 -8 -9 -10 -11 12 -13 -14 -15
leaf_value=0.05035055766342178 0.028686807127651492 0.019656456483857668 -0.031523471046599638 -0.03109311928932704 0.027838455393605296 -0.030784563996074942 -0.031861294416662238 0.035695632310362442 -0.032478803680753267 0.03400948476813636 -0.0082073477330744538 0.0031209034376217491 -0.023604534704886784 0.015218690600753882
leaf_weight=0.44157839659601172 3.7288075761753197 2.0544896386563769 2.7087315285461928 0.50478055718122261 0.40859812602866474 0.32245675555896047 2.2401752625883091 1.1373836951097471 2.1926266178488731 1.9008491464774122 2.9630223442800325 17.468616537895286 3.1310075393412262 4.3960354125592858
leaf_count=8 95 23 278 93 12 43 322 38 273 83 59 552 73 53
internal_value=0.00122376 -0.00534518 -0.0096772 -0.0119992 -0.00592514 0.00135117 -0.0119697 0.0151656 -0.0230042 0.0246121 0.0041077 0.00761816 -0.00298593 0.00578652
internal_weight=45.5992 13.9117 11.8572 11.4156 8.70687 6.10565 3.88234 1.64216 2.60122 2.22331 31.6875 21.1974 10.4901 7.35906
internal_count=2005 1173 1150 1142 864 579 453 131 285 126 832 647 185 112
is_linear=0
shrinkage=0.03


Tree=202
num_leaves=15
num_cat=0
split_feature=6 7 7 7 6 7 11 11 19 13 3 11 11 0
split_gain=0.755617 0.705333 0.727305 1.1761 0.794839 1.88019 1.84773 1.64393 1.79315 1.57567 1.25549 1.18811 0.913052 0.86856
threshold=-87.163437882619476 57.500000000000007 41.500000000000007 36.500000000000007 42.245131729667818 18.500000000000004 0.42611176779411258 0.27599529639036585 -0.2393156642875576 3.6750301963959258 1.0000000180025095e-35 0.54465512030492358 0.24020481232291888 8.5000000000000018
decision_type=2 2 2 2 2 2 2 2 2 2 2 2 2 2
left_child=-1 2 3 4 5 6 7 8 12 11 -11 -6 -2 -9
right_child=1 -3 -4 -5 9 -7 -8 13 -10 10 -12 -13 -14 -15
leaf_value=-0.031747685989742647 -0.00229937059006283 -0.034219752801200612 0.024451290007983351 -0.034035286894010051 0.022772701211605326 -0.020549163576728844 0.0083383347957858601 -0.024483128801346361 0.021208364922549044 -0.032753777195459993 0.006376918677634639 -0.0096597007376725726 -0.033992137097336353 0.014687983551433793
leaf_weight=0.64749772858340193 3.9031909856712446 0.50925236503826354 1.1876144901325449 0.86210646518156764 5.5784707086859253 3.8623891432944211 16.545700949471211 4.5188347554940265 2.7716841361252609 1.212445891229436 1.8855596868088467 1.2431139806867575 1.0350761710433287 0.5741963181644677
leaf_count=44 114 33 63 41 180 203 612 339 55 140 34 59 59 8
internal_value=0.000433154 0.000889209 0.00128494 0.00065955 0.00135304 -0.000872695 0.0017168 -0.00684043 0.00189671 0.00880486 -0.0089374 0.0168625 -0.00894227 -0.0200669
internal_weight=46.3371 45.6896 45.1804 43.9928 43.1307 33.2111 29.3487 12.803 7.70995 9.91959 3.09801 6.82158 4.93827 5.09303
internal_count=1984 1940 1907 1844 1803 1390 1187 575 228 413 174 239 173 347
is_linear=0
shrinkage=0.03


Tree=203
num_leaves=15
num_cat=0
split_feature=19 5 5 18 18 19 13 13 19 3 14 7 1 4
split_gain=0.722808 1.38986 1.15784 1.18008 1.15347 1.14828 1.54252 1.56041 2.67692 1.61074 1.52419 1.47949 1.48926 1.33123
threshold=-0.1799261722714405 49.500000000000007 37.500000000000007 0.51639395938746258 0.17992617227144039 -0.61559370248597534 -50.463436768593795 41.007223786824802 -0.78574730703237872 1.5000000000000002 -2.022500000000004 6.5000000000000009 9.5000000000000018 3.2831893705272082
decision_type=2 2 2 2 2 2 2 2 2 2 2 2 2 2
left_child=2 -2 5 4 -4 6 -1 8 10 -9 -8 12 -12 -7
right_child=1 -3 3 -5 -6 13 7 9 -10 -11 11 -13 -14 -15
leaf_value=-0.028006847505599723 0.0093966371549006819 -0.016921407215594857 0.0076091988135910914 0.024638957057750554 -0.030721480139009043 -0.024269077961015142 -0.038585642796182117 -0.038049873860259209 0.034413262163542117 0.0049615135308547489 0.019954156886952432 -0.017853432532264749 -0.012505988340053655 0.02462855043497374
leaf_weight=1.7374311824678503 15.407377323252151 2.0457428947847793 3.2021353826276018 2.7153903632424772 0.90662631450686593 4.0254889332572921 0.86047600535676316 1.5979389431304292 2.5000388827174875 1.5376611227402461 4.488191372714935 2.1979803935391828 1.7752131118904797 0.57233853358775366
leaf_count=101 828 184 132 52 23 245 20 77 75 16 117 58 25 6
internal_value=0.00151623 0.0063118 -0.00146054 0.00929305 -0.000848727 -0.00490697 -0.00125092 0.001857 0.00684731 -0.0169576 -0.000545624 0.00332283 0.0107541 -0.0181823
internal_weight=45.57 17.4531 28.1169 6.82415 4.10876 21.2928 16.6949 14.9575 11.8219 3.1356 9.32186 8.46138 6.2634 4.59783
internal_count=1959 1012 947 207 155 740 489 388 295 93 220 200 142 251
is_linear=0
shrinkage=0.03


Tree=204
num_leaves=15
num_cat=0
split_feature=11 11 11 14 11 14 5 2 5 4 14 18 14 5
split_gain=0.851138 0.79553 0.997289 1.8517 1.73461 1.37063 1.43292 2.11106 1.77585 1.97907 1.26058 1.07892 1.01117 1.05571
threshold=0.16619763098453919 0.20133368915798888 0.43389603812141153 -2.7660000000000013 0.39113601791515912 -1.9624999999999999 9.5000000000000018 1.5000000000000002 16.500000000000004 0.4804370716151613 4.2969999999999997 0.35460488704253579 4.086000000000003 62.500000000000007
decision_type=2 2 2 2 2 2 2 2 2 2 2 2 2 2
left_child=-1 -2 3 -3 5 -5 7 -7 11 -10 12 -8 13 -4
right_child=1 2 10 4 -6 6 8 -9 9 -11 -12 -13 -14 -15
leaf_value=-0.035002361039971369 0.016173951247882665 -0.03381543990806158 0.0068901047886175413 0.034264358655654178 -0.032313986680218371 -0.038023143904934775 0.040326961004815878 0.0085664559503136964 -0.0208694789912055 0.0093078925437740032 -0.019314956292215926 0.0012787569066782288 0.036182221619275722 -0.023791719553394201
leaf_weight=0.57529594528023054 3.1863072820124207 1.7605125344998693 19.710543104913096 1.0685248738736888 1.4992348284868047 1.9868472319212718 1.6794703167397522 1.5646200374467296 3.2141241760109533 4.9961592948529869 1.8103810050815798 1.025820151902735 1.0014532569912251 1.0637827129685309
leaf_count=33 99 140 687 28 135 166 44 29 244 84 232 29 25 60
internal_value=0.00125959 0.0017174 0.000630531 -0.00452469 -0.00149755 0.00147634 -0.000945363 -0.0174978 0.00444011 -0.00250581 0.00473862 0.0255203 0.00673837 0.00531899
internal_weight=46.1431 45.5678 42.3815 18.7953 17.0348 15.5356 14.467 3.55147 10.9156 8.21028 23.5862 2.70529 21.7758 20.7743
internal_count=2035 2002 1903 899 759 624 596 195 401 328 1004 73 772 747
is_linear=0
shrinkage=0.03


Tree=205
num_leaves=15
num_cat=0
split_feature=6 6 4 0 4 4 14 12 13 11 14 4 13 6
split_gain=0.683681 0.776449 0.661108 0.983481 0.64516 1.09471 1.00712 1.58581 1.36282 1.19328 1.6778 2.15274 1.18996 1.84206
threshold=246.46464646464651 216.16310488823387 4.2618596303024141 12.500000000000002 -0.74277745315683441 -0.33589758763743899 -1.4749999999999994 6.5000000000000009 29.564516812810236 0.50037791236649853 -2.223999999999998 2.3161438887905801 25.803608852959858 -79.848738642708483
decision_type=2 2 2 2 2 2 2 2 2 2 2 2 2 2
left_child=1 2 3 4 -1 -6 7 -7 12 10 11 -9 13 -8
right_child=-2 -3 -4 -5 5 6 8 9 -10 -11 -12 -13 -14 -15
leaf_value=0.015427643052688523 0.030002977038153321 -0.038872695674854713 0.0304792208543672 -0.03901921801223257 -0.012879701943061678 -0.033713641708458822 -0.032500684478325589 -0.029142568152102491 -0.017313129169333582 0.029767084838566753 0.028767983302232188 0.027449077491804051 0.034171319876858536 0.0032401541128488525
leaf_weight=2.910744412103667 0.76322375229210493 0.42742760252440248 0.7096128985285749 0.53807934373617072 4.6515973494970231 0.63400168658698941 1.3836618097848283 1.7298740600235762 3.6197892604977815 3.1496711434156168 1.7053366446052676 0.93030363507568825 1.0191922548110586 20.920428595389254
leaf_count=166 34 24 9 4 495 36 85 141 205 63 43 7 26 695
internal_value=0.00185058 0.00136589 0.00175764 0.00128578 0.00179422 0.000795737 0.00260846 0.0118495 -0.000186589 0.0156934 0.00553935 -0.00935163 0.00247146 0.00102293
internal_weight=45.0929 44.3297 43.9023 43.1927 42.6546 39.7439 35.0923 8.14919 26.9431 7.51519 4.36551 2.66018 23.3233 22.3041
internal_count=2033 1999 1975 1966 1962 1796 1301 290 1011 254 191 148 806 780
is_linear=0
shrinkage=0.03


Tree=206
num_leaves=15
num_cat=0
split_feature=19 15 5 14 14 18 13 1 0 5 18 14 0 13
split_gain=0.75118 1.1707 0.69653 0.99649 1.07552 0.960241 1.08021 0.937838 1.20751 0.885367 1.0898 0.976041 0.905837 1.35034
threshold=0.56806474673115548 1.2500000000000002 6.5000000000000009 5.8679999999999994 3.0880000000000014 -0.46472317204376817 -36.546915282464262 5.5000000000000009 1.0000000180025095e-35 17.500000000000004 1.0000000180025095e-35 7.1760000000000028 2.5000000000000004 -32.132216316505108
decision_type=2 2 2 2 2 2 2 2 2 2 2 2 2 2
left_child=2 -2 3 4 5 -1 -7 8 -8 10 12 -11 13 -4
right_child=1 -3 9 -5 -6 6 7 -9 -10 11 -12 -13 -14 -15
leaf_value=-0.032127944865587392 -0.031329673023408701 0.028152685860031085 -0.033289465018993582 0.028471938073744298 -0.032417790190587756 -0.035564382837920135 0.017323347561178884 0.017344825594812905 -0.016594501895901056 6.6115087628628534e-06 0.0010729899990085229 -0.033208986542679654 0.041414020988996041 0.021345294378074468
leaf_weight=1.0338520436198431 1.5028684800490726 0.37137751461705182 0.49710647470783476 0.67706716782413501 1.5161196868284612 0.74634105316362997 1.3815252675558429 2.4416719286236912 2.9873657684074715 22.222124731750231 5.6755457883700728 0.82579522684682061 1.3574526254087684 2.2497391627402958
leaf_count=92 469 19 49 42 112 31 71 35 67 727 124 75 11 90
internal_value=-0.000946381 -0.0195434 -0.000147161 -0.00676203 -0.00912238 -0.00501115 -0.00130133 0.00245342 -0.00586904 0.00202583 0.00958914 -0.00118349 0.0213655 0.0114578
internal_weight=45.486 1.87425 43.6117 10.7839 10.1069 8.59076 7.5569 6.81056 4.36889 32.8278 9.77984 23.0479 4.1043 2.74685
internal_count=2014 488 1526 450 408 296 204 173 138 1076 274 802 150 139
is_linear=0
shrinkage=0.03


Tree=207
num_leaves=15
num_cat=0
split_feature=9 1 0 11 1 9 12 11 6 5 9 6 6 4
split_gain=1.29005 0.980657 1.20974 1.1502 1.52907 1.37885 1.26921 1.43856 0.882948 1.81008 1.51391 1.4269 1.14789 1.09219
threshold=5.5000000000000009 9.5000000000000018 7.5000000000000009 0.64654520246492664 1.0000000180025095e-35 4.5000000000000009 4.5000000000000009 0.47998603551968938 -68.462494819726473 9.5000000000000018 1.0000000180025095e-35 -87.87867657186932 -46.439942370288669 1.8956764226060001
decision_type=2 2 2 2 2 2 2 2 2 2 2 2 2 2
left_child=1 3 -3 4 6 8 7 -1 10 -10 11 -6 -11 -12
right_child=-2 2 -4 -5 5 -7 -8 -9 9 12 13 -13 -14 -15
leaf_value=0.073626720223471262 0.019304905268450495 -0.026106232460335554 0.00011355633900718449 0.018784904559495934 0.043269869490975818 -0.036168741421304308 -0.030464602626708984 -0.030355248489252126 -0.032893960855699102 0.02410953467109752 0.0092881781526725962 -0.03181942720548446 -0.00052196205377566583 0.039915427200454531
leaf_weight=0.24558139243163468 2.8952268954599267 2.9941728686681008 3.3619459879118949 2.8674083362566298 0.29182923166081298 0.86557621252722938 2.4452608017600141 0.23368887449032627 1.4494337514624955 1.884348151274035 2.6969585719634779 1.0374486441433024 17.673249167390161 1.7138127461075781
leaf_count=7 67 59 44 192 7 24 674 60 90 31 75 84 533 12
internal_value=-2.90604e-05 -0.00143689 -0.0122378 0.000618272 -0.00108755 0.00109715 -0.021715 0.0229258 0.00230314 -0.000546085 0.0127305 -0.0153343 0.00185125 0.0211884
internal_weight=42.6559 39.7607 6.35612 33.4046 30.5372 27.6127 2.92453 0.47927 26.7471 21.007 5.74005 1.32928 19.5576 4.41077
internal_count=1959 1892 103 1789 1597 856 741 67 832 654 178 91 564 87
is_linear=0
shrinkage=0.03


Tree=208
num_leaves=15
num_cat=0
split_feature=10 6 19 0 3 4 11 11 12 11 7 4 4 14
split_gain=1.24656 1.13365 1.15273 0.973725 1.22269 0.807798 0.817474 2.14071 1.65692 1.22452 0.831341 0.817973 0.802468 0.799066
threshold=1.0000000180025095e-35 118.51470973726133 -0.99635443704902682 8.5000000000000018 7.5000000000000009 -1.0682980449869561 0.24020481232291888 0.32390109587471633 71.500000000000014 0.28682611549821063 23.500000000000004 -0.59503882063056668 1.8204928717607067 3.4499999999999962
decision_type=2 2 2 2 2 2 2 2 2 2 2 2 2 2
left_child=3 2 -2 4 5 -1 -7 9 11 10 -8 -9 -3 -13
right_child=1 12 -4 -5 -6 6 7 8 -10 -11 -12 13 -14 -15
leaf_value=-0.037495736078050006 0.025649129668219153 -0.030237922877634951 -0.030759507548614218 0.0226396405782869 -0.036079396890713558 0.010981256373145247 -0.013507462299513062 -0.032416453103193514 0.036533597695101179 -0.038298517701579042 0.023317841910077068 0.0059836055354495982 0.03318340654828264 -0.0086272158696332965
leaf_weight=0.45448346994817157 0.37162851961329657 0.25220120538142499 2.6582893638696978 2.0684348288923493 0.7631797194480886 8.4390778745291737 3.3019685507752032 0.59308840235462668 1.3519160381983955 1.6217403963673858 0.66241769737098355 18.203601955930942 0.62335922941565514 4.1338182188046622
leaf_count=5 13 64 435 18 6 157 104 44 24 109 16 734 4 277
internal_value=0.00105291 -0.0151522 -0.0238408 0.0025745 0.00152445 0.00226483 0.00273655 0.000407085 0.00425923 -0.0163379 -0.00735424 0.00235642 0.0149152 0.00327969
internal_weight=45.4992 3.90548 3.02992 41.5937 39.5253 38.7621 38.3076 29.8686 24.2824 5.58613 3.96439 22.9305 0.87556 22.3374
internal_count=2010 516 448 1494 1476 1470 1465 1308 1079 229 120 1055 68 1011
is_linear=0
shrinkage=0.03


Tree=209
num_leaves=15
num_cat=0
split_feature=1 5 14 1 14 14 4 13 13 11 18 13 14 0
split_gain=0.677097 1.19949 1.07448 0.999412 1.34846 1.66473 1.01708 0.962114 0.935042 1.38572 1.26508 1.24727 1.11467 1.07073
threshold=9.5000000000000018 41.500000000000007 0.70533333333333392 5.5000000000000009 -0.92899999999999838 3.3270000000000004 2.9058385756129415 -21.007439634732638 53.145169683587113 0.21851386557067901 -0.95297903005573326 -43.762999120678288 -5.7364999999999986 2.5000000000000004
decision_type=2 2 2 2 2 2 2 2 2 2 2 2 2 2
left_child=3 2 -2 6 -5 -6 8 -7 11 -10 -11 13 -13 -1
right_child=1 -3 -4 4 5 7 -8 -9 9 10 -12 12 -14 -15
leaf_value=-0.019600418602674485 0.010961680866202342 0.017645948172822758 -0.020405190570675507 -0.013595045649319092 0.034653118807951841 -0.018957332379922451 -0.044061056439985077 0.020750109045820073 0.019704668491008638 0.02448005538740931 -0.033127073401051088 -0.032913035637814662 0.0063405590071399535 0.033633635545295949
leaf_weight=3.2293637830589499 1.2411088030785311 1.3281321160029618 4.7238274705596268 1.3949679617071522 2.8931713299825779 1.1483585737878454 0.47435960918664832 1.0525827093515547 0.83141597191570271 0.40297365910373706 2.3087634122057348 0.67251089421916432 20.425465836538933 0.38007309613749374
leaf_count=338 25 20 83 28 38 32 5 18 43 14 230 45 1068 6
internal_value=0.000182074 -0.00813784 -0.0138788 0.00190519 0.0125386 0.019695 -0.000496952 3.24365e-05 0.000234539 -0.014178 -0.0245665 0.00230137 0.00508933 -0.0139949
internal_weight=42.5071 7.29307 5.96494 35.214 6.48908 5.09411 28.7249 2.20094 28.2506 3.54315 2.71174 24.7074 21.098 3.60944
internal_count=1993 128 108 1865 116 88 1749 50 1744 287 244 1457 1113 344
is_linear=0
shrinkage=0.03


Tree=210
num_leaves=15
num_cat=0
split_feature=10 9 14 14 15 2 5 14 19 14 19 13 13 19
split_gain=2.37574 1.0414 0.827453 1.76877 1.36171 1.46674 2.28639 1.76576 1.35021 1.22961 1.00509 1.55112 1.34689 2.4568
threshold=1.0000000180025095e-35 6.5000000000000009 0.77449999999999808 0.52250000000000096 1.0500000000000003 1.5000000000000002 9.5000000000000018 1.7854999999999992 -0.61559370248597534 7.1760000000000028 -0.78574730703237872 -30.705941931516914 0.68809758576763824 -0.40966402954315212
decision_type=2 2 2 2 2 2 2 2 2 2 2 2 2 2
left_child=2 -2 3 10 5 6 -4 -8 -6 -9 11 -1 13 -12
right_child=1 -3 4 -5 8 -7 7 9 -10 -11 12 -13 -14 -15
leaf_value=0.018692324652396036 -0.030852448395188352 0.018127681654605477 -0.033883364404849216 0.035418527216811498 -0.003379113516467335 0.017301838903196688 -0.025281291862209156 0.012931114662498621 -0.032793706654042132 -0.032370368207100875 0.046244265101227748 -0.02464112539552954 0.015472838887275372 -0.010995039769679704
leaf_weight=1.088710966287181 2.9119674425164699 0.45121492899488647 1.8223785371228611 1.7333774103899475 3.8478004980715923 4.3997876942157736 1.6258308468677549 6.7108466648205649 2.2118188535096115 0.58636208935058665 0.77645173296332348 2.3441451451508373 7.7710079726530239 5.1587265563721303
leaf_count=14 476 34 158 33 38 35 96 322 119 71 6 46 312 211
internal_value=-6.25993e-05 -0.0242811 0.00196976 0.00653904 -0.00209692 0.00271181 -0.00326218 0.00299168 -0.0141157 0.00929095 0.00361827 -0.0108982 0.00725407 -0.00350688
internal_weight=43.4404 3.36318 40.0772 18.8724 21.2048 15.1452 10.7454 8.92304 6.05962 7.29721 17.139 3.43286 13.7062 5.93518
internal_count=1971 510 1461 622 839 682 647 489 157 393 589 60 529 217
is_linear=0
shrinkage=0.03


Tree=211
num_leaves=15
num_cat=0
split_feature=19 10 6 14 14 17 19 6 14 14 6 19 13 5
split_gain=0.795434 0.901903 0.944551 0.881106 1.26536 1.48675 2.06606 1.34734 1.19606 1.18109 1.17146 1.15109 1.55384 1.39804
threshold=-0.99635443704902682 1.0000000180025095e-35 118.51470973726133 0.77449999999999808 1.4636666666666651 1.0000000180025095e-35 0.4647231720437684 -6.7201191589155265 1.8774999999999993 0.52250000000000096 -0.83092403305484097 -0.78574730703237872 3.206348452701357 17.500000000000004
decision_type=2 2 2 2 2 2 2 2 2 2 2 2 2 2
left_child=-1 3 -3 9 7 8 -7 -5 -6 11 -9 12 -2 -13
right_child=1 2 -4 4 5 6 -8 10 -10 -11 -12 13 -14 -15
leaf_value=0.018867901047541477 0.011096574198888567 -0.022073282363060748 0.013966907535910495 -0.036266644647071689 0.028439280042597215 -0.027574826792194494 0.024235651597954447 0.048497462600719687 0.0031683032150649671 0.031112121538223882 -0.012656178701394143 0.018502876489101063 -0.037623843050915672 -0.00023035036371059098
leaf_weight=2.6822206004289901 1.1517688410822349 2.5334924983326341 0.88243561389390368 1.7223420910013376 1.9432028595474573 2.7939240737468931 0.92107181454775844 0.3753942589974032 12.714373259455895 1.8103070996003214 1.1321941811474994 6.9163882481807377 1.2060896493494508 7.4446157096535899
leaf_count=41 24 418 64 66 45 133 45 7 500 37 63 236 27 305
internal_value=0.00301178 0.00203515 -0.012763 0.00329474 -0.00082213 0.00222218 -0.0147293 -0.0181388 0.00651856 0.00809446 0.00257127 0.00560213 -0.0138248 0.00879174
internal_weight=46.2298 43.5476 3.41593 40.1317 21.6025 18.3726 3.715 3.22993 14.6576 18.5292 1.50759 16.7189 2.35786 14.361
internal_count=2011 1970 482 1488 859 723 178 136 545 629 70 592 51 541
is_linear=0
shrinkage=0.03


Tree=212
num_leaves=15
num_cat=0
split_feature=11 7 14 4 6 14 3 10 13 4 13 7 7 7
split_gain=0.88823 0.702729 0.634821 1.60787 1.73395 1.53697 1.24088 1.22097 0.963744 0.84676 1.24616 1.50367 1.2551 0.958869
threshold=0.7834713116567702 57.500000000000007 2.6049999999999991 -0.10463663439296328 65.464011359085461 3.1260000000000017 3.5000000000000004 1.0000000180025095e-35 -87.692308055652958 2.4302359521596544 56.573814390093681 4.5000000000000009 23.500000000000004 40.500000000000007
decision_type=2 2 2 2 2 2 2 2 2 2 2 2 2 2
left_child=1 2 7 4 8 -5 -7 9 -4 10 12 -12 -1 -14
right_child=-2 -3 3 5 -6 6 -8 -9 -10 -11 11 -13 13 -15
leaf_value=0.0040245676834010933 -0.034455586866572747 -0.034303292430782943 0.037587366115799624 0.03392866828965993 0.014690554977364689 0.012507410426537734 -0.019352685884310345 -0.030497743367909693 -0.032048733993213875 0.016365478762333151 -0.034943268311554747 0.0080805905390642745 -0.030065743345953262 0.020145156873433448
leaf_weight=19.356858252605903 0.62029635373619285 0.48242571367882092 0.1958148429403076 2.523161541204896 1.612347333168145 6.2505863379337825 1.3352406801423056 1.1675165405322321 2.0669156594958644 2.8308257702738038 1.9371192626131226 1.1743032249796668 1.7272631228843232 0.42689980924478721
leaf_count=616 38 34 4 37 126 169 32 238 406 28 133 51 80 24
internal_value=0.00118792 0.00170105 0.00210874 0.00734765 -0.00908255 0.0136458 0.00689947 -0.000450984 -0.0260225 0.000826827 -0.000959641 -0.0187053 0.00160715 -0.0201152
internal_weight=43.7076 43.0873 42.6049 13.9841 3.87508 10.109 7.58583 28.6208 2.26273 27.4533 24.6224 3.11142 21.511 2.15416
internal_count=2016 1978 1944 774 536 238 201 1170 410 932 904 184 720 104
is_linear=0
shrinkage=0.03


Tree=213
num_leaves=15
num_cat=0
split_feature=7 8 13 14 7 19 12 12 4 2 12 13 13 14
split_gain=1.56288 0.716725 0.837741 0.840841 1.38003 1.33187 1.31771 1.57674 2.31774 1.04569 1.478 1.32555 0.870059 1.53241
threshold=36.500000000000007 1.0000000180025095e-35 -79.69916035805683 -2.022500000000004 7.5000000000000009 -0.78574730703237872 6.5000000000000009 14.500000000000002 2.3161438887905801 1.5000000000000002 29.500000000000004 -29.391707973983596 -25.744896953170549 1.7854999999999992
decision_type=2 2 2 2 2 2 2 2 2 2 2 2 2 2
left_child=1 2 -1 4 5 -4 -7 -8 -9 12 -11 -12 13 -5
right_child=-2 -3 3 9 -6 6 7 8 -10 10 11 -13 -14 -15
leaf_value=-0.032486435030443246 -0.023804438199296292 0.018560117115139493 -0.03642506527621605 -0.026100491457063519 -0.030968419567454684 -0.03424386290586006 0.035267045620564333 -0.023276293118570095 0.038283751582404831 0.029387159761886092 -0.016490395132834498 0.019812077075335829 0.0066434763652312174 0.0033554764092768065
leaf_weight=0.58592309470986847 1.8752690425317258 2.9070427580736569 0.7303510871133766 2.3007603198930182 1.5241519789851734 0.60598890381515502 1.7047469138633458 1.6156282529409511 0.83487990754656483 3.6027200628304845 1.753159325802699 1.871684960206039 16.181451272714192 5.1420183845912106
leaf_count=47 133 84 19 141 85 32 56 112 7 55 19 44 826 321
internal_value=0.00298255 0.00419707 0.00311123 0.00366203 -0.00571246 0.00129715 0.00708354 0.0131106 -0.00230299 0.00579381 0.0157792 0.00225435 0.00273888 -0.00575014
internal_weight=43.2358 41.3605 38.4535 37.8675 7.01575 5.4916 4.76124 4.15526 2.45051 30.8518 7.22756 3.62484 23.6242 7.44278
internal_count=1981 1848 1764 1717 311 226 207 175 119 1406 118 63 1288 462
is_linear=0
shrinkage=0.03


Tree=214
num_leaves=15
num_cat=0
split_feature=10 9 18 4 3 15 19 2 4 19 5 3 4 1
split_gain=1.46045 0.868918 0.847607 0.791087 1.3043 0.830557 0.988381 0.761879 1.56258 1.01032 1.68986 1.47459 1.6511 3.13829
threshold=1.0000000180025095e-35 5.5000000000000009 -0.91023613416931226 2.4302359521596544 3.5000000000000004 1.2500000000000002 0.61559370248597578 1.5000000000000002 2.0797009001548803 -0.1799261722714405 23.500000000000004 1.0000000180025095e-35 0.29022560280301296 1.0000000180025095e-35
decision_type=2 2 2 2 2 2 2 2 2 2 2 2 2 2
left_child=1 3 -2 4 5 6 7 8 9 -1 11 12 13 -11
right_child=2 -3 -4 -5 -6 -7 -8 -9 -10 10 -12 -13 -14 -15
leaf_value=-0.0043192558020460018 0.022469716129014401 0.019342759056601433 -0.024780017275567629 0.013482704930719555 -0.016337324598190001 0.02609251837484847 -0.03062901245285328 0.017822373138934821 -0.026939303822993439 -0.030405505812049219 -0.0058182938739270449 0.03513334081095161 -0.018462503987203518 0.038090385266356726
leaf_weight=12.15431334468304 0.38708152255276251 2.3182425182312718 2.9141616799461181 3.7702001612633458 4.3562734685838214 1.1617089059436683 0.90536082733888079 2.2850502729415885 1.8343963101506222 0.82379831775325163 4.8134793851641007 2.6126023614779115 1.5368322755675761 2.2361282911151648
leaf_count=439 49 24 446 41 32 40 429 16 11 138 250 24 35 37
internal_value=-4.72327e-05 0.00150538 -0.0192398 0.000431039 -0.000986227 0.00121619 0.000226566 0.0012138 -0.000245219 0.00178014 0.00794624 0.0171364 0.00690774 0.0196498
internal_weight=44.1096 40.8084 3.30124 38.4901 34.7199 30.3637 29.202 28.2966 26.0116 24.1772 12.0228 7.20936 4.59676 3.05993
internal_count=2011 1516 495 1492 1451 1419 1379 950 934 923 484 234 210 175
is_linear=0
shrinkage=0.03


Tree=215
num_leaves=15
num_cat=0
split_feature=14 4 0 0 0 3 11 5 5 19 19 14 14 6
split_gain=0.999785 0.785632 0.901226 0.829385 1.1698 1.06747 0.914953 0.901052 1.27342 1.37538 1.3457 1.44631 1.10061 1.10569
threshold=-6.9184999999999972 4.2618596303024141 12.500000000000002 9.5000000000000018 5.5000000000000009 3.5000000000000004 0.67534821531199596 42.500000000000007 40.500000000000007 -0.2393156642875576 -0.61559370248597534 -2.022500000000004 -0.55350000000000132 169.19482386772111
decision_type=2 2 2 2 2 2 2 2 2 2 2 2 2 2
left_child=-1 2 3 4 6 -6 7 8 9 10 11 -2 -9 -14
right_child=1 -3 -4 -5 5 -7 -8 12 -10 -11 -12 -13 13 -15
leaf_value=-0.032248398188609868 -0.035374827539691525 0.033560118910411108 -0.038805128257282509 0.020961379435147517 0.0013742269462449024 -0.029179715154251398 0.019172174111006142 0.011089336434604549 0.03522573464465116 0.0083595323399714618 -0.024727365022064223 0.0022848079275155594 -0.027821520385156482 0.0083298331684292723
leaf_weight=0.86156033267616194 1.0048534706584131 0.63324139639735122 0.53470445144921441 1.6922418908216048 1.8603660475928325 2.3032068074680865 2.3987710469518779 1.4938979665457734 1.0134531308431167 12.178427801642108 2.6349187750020073 10.595040759246329 3.1099678494210812 1.0082813929184338
leaf_count=80 35 9 5 20 27 41 142 89 34 639 203 404 218 50
internal_value=-0.000254307 0.000394868 -0.000107225 0.00039387 -0.000485023 -0.0155276 0.00128233 -1.65494e-05 0.00222455 0.000958325 -0.00537369 -0.000977499 -0.0109689 -0.0189705
internal_weight=43.3229 42.4614 41.8281 41.2934 39.6012 4.16357 35.4376 33.0388 27.4267 26.4132 14.2348 11.5999 5.61215 4.11825
internal_count=1996 1916 1907 1902 1882 68 1814 1672 1315 1281 642 439 357 268
is_linear=0
shrinkage=0.03


Tree=216
num_leaves=15
num_cat=0
split_feature=11 12 11 11 11 5 6 11 11 11 6 11 1 11
split_gain=0.979233 1.9836 1.26326 2.244 1.27354 1.65699 1.52027 1.30444 1.24551 1.30863 1.1617 1.109 1.41889 1.8783
threshold=0.51113388410968474 19.500000000000004 0.63726261727220712 0.69504828068137836 0.58895894255036974 41.500000000000007 -33.267064280980769 0.53914104646511074 0.54847727581342087 0.55861929208732952 36.709401709401718 0.27599529639036585 6.5000000000000009 0.22552127931425633
decision_type=2 2 2 2 2 2 2 2 2 2 2 2 2 2
left_child=1 -1 4 -4 5 6 8 -7 -2 -10 11 12 13 -3
right_child=2 10 3 -5 -6 7 -8 -9 9 -11 -12 -13 -14 -15
leaf_value=0.024020862413998877 -0.024531278485381825 -0.0033244913681237586 0.023773328151197023 -0.01628714391859087 -0.032405134726126772 -0.022792196908811662 -0.031168676557738188 0.02897316101708973 0.035331862449875004 -0.0094638714325949273 0.01213030488086282 -0.0099703171360504671 -0.019021869509709393 0.026745941110237103
leaf_weight=4.1529484963975873 1.3131126692751407 4.0369078803341889 3.1160400391672729 2.1109873316599987 1.9393262070661865 0.58386447065277058 2.584820484102238 1.7550455028540453 1.1240057518007236 1.2283445635112 6.8800394622667218 8.8231587308691797 1.8044492259505203 3.4820752562372945
leaf_count=210 59 137 120 139 145 23 115 55 21 40 314 519 37 110
internal_value=0.00156528 0.00481951 -0.00446162 0.00759451 -0.010447 -0.0054892 -0.0135497 0.0160509 -0.0011251 0.0119405 0.00163322 -0.00234661 0.00486803 0.0106013
internal_weight=44.9351 29.1796 15.7555 5.22703 10.5285 8.58919 6.25028 2.33891 3.66546 2.35235 25.0266 18.1466 9.32343 7.51898
internal_count=2044 1327 717 259 458 313 235 78 120 61 1117 803 284 247
is_linear=0
shrinkage=0.03


Tree=217
num_leaves=15
num_cat=0
split_feature=18 11 13 7 13 6 6 8 6 19 6 11 3 6
split_gain=0.727352 1.15511 1.72948 1.35151 1.02229 0.873318 1.00732 0.81871 0.833319 0.876047 1.85419 1.28818 1.254 1.32996
threshold=0.91023613416931248 0.27599529639036585 35.577065373036824 4.5000000000000009 -9.4740869782500035 -84.119784597872226 -83.333043976457915 18.500000000000004 -80.906812485759829 -0.78574730703237872 113.00238223315148 0.25906011347951624 8.5000000000000018 -71.586353825021703
decision_type=2 2 2 2 2 2 2 2 2 2 2 2 2 2
left_child=5 4 3 -3 -2 -1 -7 8 -8 10 11 -10 13 -13
right_child=1 2 -4 -5 -6 6 7 -9 9 -11 -12 12 -14 -15
leaf_value=-0.031307680609697214 -0.0094322302860878407 -0.032763761783461569 0.014302355873439872 -0.003168298505490164 0.025090324013401742 0.037292843189186874 -0.032764166602335186 -0.034096593295173491 -0.021861582504073666 0.0098607273916411376 0.021198306943273841 -0.034403466658552886 -0.033746180712943073 0.0092659643644454562
leaf_weight=0.62662158475723373 1.3776238332502546 3.1902596901054494 1.7430821754969654 2.4591913725016639 1.7560343942022862 0.81901094864588486 0.538272259727825 0.51046522037358855 3.2820122062112294 15.264630885911165 2.8071813465212463 0.69866572431055729 0.85253937612287689 6.1762593293678956
leaf_count=79 41 93 40 75 43 17 48 30 108 1132 59 35 11 188
internal_value=0.00147888 -0.00535054 -0.0118209 -0.0198809 0.00991346 0.00375556 0.00446549 0.00357315 0.00422236 0.00490695 -0.000565981 -0.00611541 0.000572313 0.00482805
internal_weight=42.1019 10.5262 7.39253 5.64945 3.13366 31.5757 30.949 30.13 29.6196 29.0813 13.8167 11.0095 7.72746 6.87493
internal_count=1999 292 208 168 84 1707 1628 1611 1581 1533 401 342 234 223
is_linear=0
shrinkage=0.03


Tree=218
num_leaves=15
num_cat=0
split_feature=7 6 5 18 0 18 18 11 15 11 11 3 2 6
split_gain=1.12535 1.11481 1.05404 0.839561 0.745451 1.17051 1.5269 1.61177 1.32846 0.895172 1.51229 1.06959 1.5474 1.2373
threshold=36.500000000000007 -86.576576576576556 73.500000000000014 0.98182534576205316 1.0000000180025095e-35 0.99635443704902704 -0.95297903005573326 0.67534821531199596 0.75000000000000011 0.55696822308116467 0.64654520246492664 2.5000000000000004 2.5000000000000004 -70.074626865671632
decision_type=2 2 2 2 2 2 2 2 2 2 2 2 2 2
left_child=1 -1 4 -2 5 6 8 -8 -3 11 -11 -6 13 -13
right_child=3 2 -4 -5 9 -7 7 -9 -10 10 -12 12 -14 -15
leaf_value=-0.032017762765424361 -0.033562714892517054 0.031636799028927839 0.028629847953333155 0.015132646407433954 0.009242591836963604 0.018763819772393379 -0.029277980827717327 0.023745296721388327 -0.030408246194916867 -0.019891048045658208 0.0068737658473998564 0.0098604690328910061 0.011054068291825505 -0.032069075931789828
leaf_weight=0.92559196311049063 1.4894986067083653 1.0261229388415767 1.2295003177714523 0.40537799336016167 16.945793384860742 1.2003959692083297 3.9322256593441161 0.59387943940237153 0.44539110217010591 3.7835617984819683 3.816524160472909 0.88636650040280107 2.6663405224680901 2.2193480361020184
leaf_count=58 121 35 37 12 433 25 846 75 91 91 96 15 46 47
internal_value=-0.000558988 0.000519833 0.00129713 -0.0231451 0.000401357 -0.00827757 -0.0136898 -0.0223207 0.0128573 0.00246189 -0.0064506 0.0054435 -0.00571002 -0.0201024
internal_weight=41.5659 39.671 38.7454 1.89488 37.5159 7.19802 5.99762 4.52611 1.47151 30.3179 7.60009 22.7178 5.77206 3.10571
internal_count=2028 1895 1837 133 1800 1072 1047 921 126 728 187 541 108 62
is_linear=0
shrinkage=0.03


Tree=219
num_leaves=15
num_cat=0
split_feature=13 13 15 5 4 6 9 19 12 4 6 13 12 13
split_gain=1.22479 1.37062 1.22671 2.29129 1.81136 1.13861 0.920882 2.11162 1.30438 0.899271 1.7183 1.38685 1.81761 1.62067
threshold=22.928313525600359 18.102355900468762 0.75000000000000011 20.500000000000004 0.31603610261346787 -9.9000099000098984 1.5000000000000002 -0.78574730703237872 22.500000000000004 0.14917215527520222 -79.848738642708483 -44.352316666746397 47.500000000000007 -34.771016453482524
decision_type=2 2 2 2 2 2 2 2 2 2 2 2 2 2
left_child=1 9 3 -2 -5 6 -4 -8 -9 -1 -11 -12 13 -13
right_child=2 -3 5 4 -6 -7 7 8 -10 10 11 12 -14 -15
leaf_value=-0.0096013409751752824 -0.032039070189335113 -0.034964613230178666 0.030654118032739947 0.037900885671204886 -0.032133333158299984 -0.0027641541442771744 0.039794321759682984 0.012167362326003562 -0.035790357789197896 -0.027761830175144286 -0.012034277235526704 0.024365835627758414 0.024947484051678587 -0.0059503083181448677
leaf_weight=8.7360333626566042 1.6941224596230307 1.1626863608253177 3.5602580794075029 1.1592752781871238 0.46597179165109981 2.7512429711059658 1.2248249717522415 1.1055148885352539 0.9482186852255835 1.5812348820036302 3.4228550945990763 2.0936076248763156 4.4677911897888416 6.5592113833408723
leaf_count=954 175 68 129 58 20 150 14 14 32 56 90 25 74 134
internal_value=0.000446985 -0.00307517 0.00809278 -0.00762608 0.0178215 0.0135335 0.02009 0.00861818 -0.00997495 -0.00169481 0.0021161 0.00497186 0.00940835 0.00138489
internal_weight=40.9328 28.0234 12.9094 3.31937 1.62525 9.59006 6.83882 3.27856 2.05373 26.8607 18.1247 16.5435 13.1206 8.65282
internal_count=1993 1401 592 253 78 339 189 60 46 1333 379 323 233 159
is_linear=0
shrinkage=0.03


Tree=220
num_leaves=15
num_cat=0
split_feature=10 14 19 19 11 11 11 19 6 19 13 7 11 11
split_gain=1.42783 1.13302 1.04434 0.930328 0.783487 0.927236 0.736822 0.59157 1.46431 1.12446 1.12322 1.08796 0.820059 1.46423
threshold=1.0000000180025095e-35 8.5710000000000033 -0.99635443704902682 0.61559370248597578 0.67534821531199596 0.58895894255036974 0.63726261727220712 -0.78574730703237872 110.23769417930005 -0.70581670320594803 17.591754777829447 35.500000000000007 0.23756273573293576 0.17292964208336822
decision_type=2 2 2 2 2 2 2 2 2 2 2 2 2 2
left_child=3 2 -2 4 5 7 -7 8 12 10 -9 -11 13 -1
right_child=1 -3 -4 -5 -6 6 -8 9 -10 11 -12 -13 -14 -15
leaf_value=0.0029162700089033666 0.020873632291119357 0.038125090040380977 -0.030817818735427868 -0.030349863774377959 0.016630912153760335 -0.031006145275514572 -9.9520821904777835e-05 0.051943283339699345 0.019475120927452273 0.0051908676958372932 0.0060942879275375375 -0.026689753479309818 -0.0020539382715804907 -0.040924402548732038
leaf_weight=1.2116834914777412 0.40563947753980834 0.28972515946952615 2.6482070881174868 0.78901593960472283 3.2532003275118759 1.3740295671159395 1.4031860933173446 0.90120574738830228 2.0880864064674816 17.308624854427773 1.0311001974041571 1.0201736986637104 5.7175663252710365 1.5793145393254233
leaf_count=19 17 22 461 426 36 67 30 19 35 603 25 50 136 32
internal_value=0.000215804 -0.0185727 -0.0239517 0.00188314 0.00257259 0.00121285 -0.0153906 0.00270717 -0.0030365 0.00571114 0.0274777 0.0034164 -0.00856107 -0.0218914
internal_weight=41.0208 3.34357 3.05385 37.6772 36.8882 33.635 2.77722 30.8578 10.5967 20.2611 1.93231 18.3288 8.50856 2.791
internal_count=1978 500 478 1478 1052 1016 97 919 222 697 44 653 187 51
is_linear=0
shrinkage=0.03


Tree=221
num_leaves=15
num_cat=0
split_feature=7 5 13 6 14 15 15 5 14 9 6 19 0 13
split_gain=0.684088 0.684672 1.56649 1.35264 1.31326 1.14057 1.03918 0.997061 1.49035 0.962841 0.931672 0.878273 0.875191 0.954157
threshold=57.500000000000007 9.5000000000000018 0.68809758576763824 -77.961265254082932 5.8679999999999994 1.2500000000000002 0.95000000000000007 4.5000000000000009 -2.5869999999999993 1.0000000180025095e-35 -55.269597956165114 -0.85421994577343285 9.5000000000000018 -24.516779381219354
decision_type=2 2 2 2 2 2 2 2 2 2 2 2 2 2
left_child=1 2 4 6 5 -1 9 8 -5 -4 -3 -9 13 -12
right_child=-2 10 3 7 -6 -7 -8 11 -10 -11 12 -13 -14 -15
leaf_value=-0.028783311388739147 -0.033475812595956556 0.02334405550092461 -0.031639063664235363 0.016210957185790419 0.032524722817946043 0.018240810285205595 0.036865896377096842 0.046101483530187025 -0.032457325652747386 0.016765848164642359 -0.0046134520672488025 -0.0023297374033217359 0.030413312639834728 0.0067218838351043838
leaf_weight=3.6307583854068053 0.48832664539804582 2.2175170156115191 0.50845232760184478 0.80933421759982604 0.42612173949601118 0.53227320674341161 1.5403966990998013 0.47752751829102624 1.8857505517080426 1.3566831924254072 11.182718267373277 1.1450829037639776 1.0231534903869022 16.610737953509677
leaf_count=231 39 55 56 30 38 22 35 5 105 33 523 59 11 755
internal_value=0.00183351 0.0022313 -0.00375467 0.00449394 -0.0176365 -0.0227709 0.0186306 -0.00665618 -0.0178422 0.00357024 0.00460615 0.0119234 0.00316422 0.0021611
internal_weight=43.8348 43.3465 12.3124 7.72323 4.58915 4.16303 3.40553 4.3177 2.69508 1.86514 31.0341 1.62261 28.8166 27.7935
internal_count=1997 1958 614 323 291 253 124 199 135 89 1344 64 1289 1278
is_linear=0
shrinkage=0.03


Tree=222
num_leaves=15
num_cat=0
split_feature=1 18 7 19 7 9 1 13 19 14 13 12 11 11
split_gain=1.11843 0.690323 0.668459 0.61367 1.0286 1.59973 0.834224 0.716274 1.05885 0.821754 0.793604 0.986732 0.773229 1.1102
threshold=22.500000000000004 -0.99635443704902682 57.500000000000007 -0.98182534576205283 1.0000000180025095e-35 1.5000000000000002 3.5000000000000004 -43.762999120678288 0.40966402954315184 2.3980000000000019 -40.682914171902461 1.5000000000000002 0.67534821531199596 0.56065110759219738
decision_type=2 2 2 2 2 2 2 2 2 2 2 2 2 2
left_child=1 -1 3 4 6 -6 -3 8 -5 -10 -9 -12 13 -13
right_child=-2 2 -4 7 5 -7 -8 10 9 -11 11 12 -14 -15
leaf_value=-0.033197624030089433 -0.037827638740465845 0.0021303459583343646 -0.033385669015065199 -0.019805542097386754 0.023541920430076222 -0.019725456538348226 0.037957148104476666 0.026929535736449978 -0.031572462660854499 0.020755285213637658 -0.033748227334226916 0.0037735583235238537 0.019642669132571646 -0.013667610299474249
leaf_weight=0.50589760520961036 0.65683744102716346 0.89368948678020332 0.47315746679669146 3.190651146927844 1.4110788914840671 1.6903564165113492 1.6931081117363644 1.1705789031693701 0.34109913441352535 1.2975738014793021 0.68864728376503137 21.709745322150418 2.2068468877987462 3.8702613494533571
leaf_count=38 6 41 40 263 23 27 26 35 28 53 77 1009 105 225
internal_value=0.0010104 0.00163044 0.00206403 0.00248165 0.011611 -3.98348e-05 0.0255797 0.000975369 -0.00973851 0.00986297 0.00272065 0.00172547 0.00260462 0.00113471
internal_weight=41.7995 41.1427 40.6368 40.1636 5.68823 3.10144 2.5868 34.4754 4.82932 1.63867 29.6461 28.4755 27.7869 25.58
internal_count=1996 1990 1952 1912 117 50 67 1795 344 81 1451 1416 1339 1234
is_linear=0
shrinkage=0.03


Tree=223
num_leaves=15
num_cat=0
split_feature=10 13 13 11 11 13 11 4 13 4 15 19 13 5
split_gain=1.01621 1.38752 1.76139 0.69733 1.5413 1.47596 0.799698 1.16619 0.822755 1.09706 1.66532 1.16907 1.09147 0.921309
threshold=1.0000000180025095e-35 -33.485553055755894 -41.460889681950228 0.69504828068137836 0.67534821531199596 -38.856902147885641 0.58895894255036974 1.4293019155049642 22.928313525600359 -0.22289952759811194 0.75000000000000011 0.12053668025532312 16.310906965843873 5.5000000000000009
decision_type=2 2 2 2 2 2 2 2 2 2 2 2 2 2
left_child=3 2 -2 4 6 -5 8 -8 12 -10 -11 13 -1 -12
right_child=1 -3 -4 5 -6 -7 7 -9 9 10 11 -13 -14 -15
leaf_value=0.0020734257861146845 -0.030773831295733776 -0.030817468178118149 0.035067480802527966 0.029050765711604181 0.032993816407120631 -0.029865692714192264 -0.031820674549268409 0.0064735243208391257 0.025648093903177131 -0.018695682682094407 -0.011077360029847983 0.040797192951890646 -0.02344192869201905 0.018579602586112517
leaf_weight=21.542997654963987 0.63156444163178094 2.0004125927225678 0.86861649929778673 0.51408420107327435 1.5123423885088403 1.4972609338001337 1.4663242541719221 1.3981896807672454 3.0313227491278667 2.0493374046636728 1.669469816843048 1.0964762046351095 1.6225031653593749 2.1657245551468804
leaf_count=811 143 337 35 7 27 82 170 12 160 102 18 39 55 35
internal_value=0.00103165 -0.0144613 0.0073488 0.00240238 0.00332408 -0.0148071 0.00207914 -0.013129 0.00339218 0.0105782 0.00403443 0.0134798 0.00028634 0.00566985
internal_weight=43.0666 3.50059 1.50018 39.566 37.5547 2.01135 36.0423 2.86451 33.1778 10.0123 6.98101 4.93167 23.1655 3.83519
internal_count=2033 515 178 1518 1429 89 1402 182 1220 354 194 92 866 53
is_linear=0
shrinkage=0.03


Tree=224
num_leaves=15
num_cat=0
split_feature=1 11 14 3 13 13 15 9 18 13 4 13 4 4
split_gain=0.900142 1.77412 1.40852 1.32734 2.34717 1.40473 1.11525 1.11078 1.98102 1.92656 1.09263 1.0224 1.65888 2.11422
threshold=3.5000000000000004 0.2056738302354604 -1.1495000000000031 1.0000000180025095e-35 -14.902024405309669 56.573814390093681 1.2500000000000002 1.0000000180025095e-35 1.0000000180025095e-35 25.803608852959858 1.8377198506341514 -19.557586978322917 -0.17361002620241139 0.57903597219764369
decision_type=2 2 2 2 2 2 2 2 2 2 2 2 2 2
left_child=3 -2 10 6 -5 -6 11 -4 -9 -10 -3 12 -1 -14
right_child=1 2 7 4 5 -7 -8 8 9 -11 -12 -13 13 -15
leaf_value=-0.030539020994019735 0.035971112040174086 -0.034893444785168259 0.025418926013097847 -0.016076671656219125 0.026462725100192985 -0.021995412197916467 0.021044421435806072 0.015676167069021352 -0.016676598962964619 0.021528550207592853 0.0042954887647753204 -0.019537078983413395 0.026565257737429321 -0.018763015571537745
leaf_weight=1.3861445066868325 1.4297330937988615 1.5702650910243439 2.0350284615997198 2.7753302106866613 3.6579045415855935 0.63131628866540257 0.94062040816061276 5.1609717323444766 5.6817166983964853 1.5019200611859558 1.0811836854554711 7.9486451490665786 2.234591256739805 1.5815408482449127
leaf_count=375 18 32 26 102 93 50 51 87 115 23 19 845 86 72
internal_value=-0.000968064 0.00387287 0.00117827 -0.00519226 0.00542058 0.0193303 -0.0105128 0.00488294 0.00149755 -0.00868885 -0.0189133 -0.01277 -0.00243037 0.00777961
internal_weight=39.6169 18.4608 17.0311 21.1561 7.06455 4.28922 14.0915 14.3796 12.3446 7.18364 2.65145 13.1509 5.20228 3.81613
internal_count=1994 320 302 1674 245 143 1429 251 225 138 51 1378 533 158
is_linear=0
shrinkage=0.03


Tree=225
num_leaves=15
num_cat=0
split_feature=15 10 2 4 18 12 18 12 2 4 4 7 5 1
split_gain=0.973639 0.956478 0.971824 1.11413 0.681017 1.97816 1.54402 0.950298 1.22567 0.746966 1.16361 1.1433 0.932039 1.00984
threshold=0.65000000000000002 1.0000000180025095e-35 1.0000000180025095e-35 1.2194741298138605 -0.66312265824079508 10.500000000000002 -0.61559370248597534 6.5000000000000009 1.0000000180025095e-35 2.4302359521596544 1.6794879381871952 36.500000000000007 73.500000000000014 18.500000000000004
decision_type=2 2 2 2 2 2 2 2 2 2 2 2 2 2
left_child=-1 4 3 -3 5 7 -6 8 -2 10 11 12 13 -8
right_child=1 2 -4 -5 6 -7 9 -9 -10 -11 -12 -13 -14 -15
leaf_value=-0.031968294268234207 -0.030875514781274815 -0.030164129091365451 -0.030820696978851422 0.018282266011442533 0.044046795943784842 -0.02195868240174987 0.0038270059361155281 0.030164450066199468 0.032492021477576148 0.016436174333250453 -0.0093733473620597734 -0.023626700295415051 0.032059962197742681 0.037570203896163522
leaf_weight=0.78757977369241317 0.71816096210386537 0.66068270147661623 1.5754492623964322 1.209022377617657 0.87272151425713573 3.255226736102486 19.41083062475083 1.3819248527870511 0.44490328058600426 3.63292840309441 6.3233744016615665 1.1755129199591454 1.2349702712963324 0.83245269954204459
leaf_count=81 90 261 217 18 17 296 779 56 3 39 58 74 24 6
internal_value=0.00108441 0.00169364 -0.0134629 0.00116315 0.00302288 -0.00646756 0.00466691 0.0133467 -0.00663573 0.00361301 0.00200535 0.0051815 0.00675818 0.00521461
internal_weight=43.5157 42.7282 3.44515 1.86971 39.283 5.80022 33.4828 2.54499 1.16306 32.6101 28.9771 22.6538 21.4783 20.2433
internal_count=2019 1938 496 279 1442 445 997 149 93 980 941 883 809 785
is_linear=0
shrinkage=0.03


Tree=226
num_leaves=15
num_cat=0
split_feature=14 12 11 18 5 5 11 0 4 5 4 4 7 11
split_gain=1.20973 1.09929 1.01665 1.55808 0.999783 2.50225 0.863625 0.829856 0.800727 0.941632 0.760231 1.2009 1.08135 1.30837
threshold=-3.2605 15.500000000000002 0.47378000064703701 -0.98182534576205283 42.500000000000007 73.500000000000014 0.53914104646511074 4.5000000000000009 1.2878583717506678 46.500000000000007 -1.0824190488705205 -0.52144483162157285 10.500000000000002 0.32601148847143696
decision_type=2 2 2 2 2 2 2 2 2 2 2 2 2 2
left_child=-1 2 3 -2 10 7 -4 -6 9 -8 -3 -12 13 -13
right_child=1 4 6 -5 5 -7 8 -9 -10 -11 11 12 -14 -15
leaf_value=-0.019042010847428067 0.037834331050621874 0.036321841911421529 -0.029873773212884213 -0.031078734703555027 -0.029359309410672305 0.023773571123173989 -0.024031605319975599 0.014617665882442961 0.0053127331849781075 0.015492130734484003 -0.017796215208926627 -0.006336897991081801 0.020224594937380425 0.012197283871253715
leaf_weight=2.6928295144462018 0.96444475103635341 0.80137672799173998 1.7238120937836336 0.425569463870487 2.6810328361752904 1.5308560829435007 2.6732241258723666 0.45117269735783327 3.0051007352303714 0.68064057367155317 1.6777176664036293 5.9703280536341508 5.2883297045191275 8.0495925611467083
leaf_count=237 20 34 127 63 183 49 279 9 47 57 164 247 171 291
internal_value=0.000351865 0.00180564 -0.00696371 0.0167358 0.00494625 -0.00766112 -0.0110394 -0.0230247 -0.00593367 -0.0160106 0.00764456 0.00654948 0.0086649 0.00430458
internal_weight=38.616 35.9232 9.47279 1.39001 26.4504 4.66306 8.08278 3.13221 6.35897 3.35386 21.7873 20.986 19.3083 14.0199
internal_count=1978 1741 593 83 1148 241 510 192 383 336 907 873 709 538
is_linear=0
shrinkage=0.03


Tree=227
num_leaves=15
num_cat=0
split_feature=0 4 13 13 15 14 11 4 4 12 13 13 4 17
split_gain=0.806235 1.01251 0.732265 2.09652 1.51401 1.93885 1.38574 1.05791 1.02082 1.74772 0.748172 1.19293 0.674084 0.856429
threshold=1.5000000000000002 0.93711985162432765 -32.569798671445973 -43.762999120678288 1.0500000000000003 1.9594999999999969 0.49111014711346307 2.4302359521596544 0.42967062344919854 54.500000000000007 36.362283651653691 -9.4740869782500035 -0.28951798609882212 1.0000000180025095e-35
decision_type=2 2 2 2 2 2 2 2 2 2 2 2 2 2
left_child=1 12 3 6 7 -6 -2 8 9 -4 11 -10 -1 -14
right_child=2 -3 4 -5 5 -7 -8 -9 10 -11 -12 -13 13 -15
leaf_value=-0.012598349816150855 0.012965617165702503 -0.033548888731711045 0.024253884583385558 0.031408401240244195 0.028201025084762674 -0.0078102409434673168 -0.0214731555282466 0.012853763056286662 -0.03686028935756596 -0.026010732713774201 -0.035817119138432212 -0.0020888128871352951 -0.0042668291761673877 0.01318414757307745
leaf_weight=4.3352273507043764 2.5537302223383449 1.0039323802920979 1.6314549794187789 2.9965938944369581 3.2823784141801289 2.2804254387738183 1.7876376660424282 2.1851786018814883 1.2071196358883778 1.0067524280166251 1.4814134733751414 3.3589213127270314 8.0071455576398858 3.7008235072426041
leaf_count=674 40 48 28 38 46 38 42 32 27 25 30 47 650 230
internal_value=0.000657238 -0.00432157 0.00422765 0.0121073 0.000709239 0.0134385 -0.00121518 -0.00580455 -0.0104987 0.00507267 -0.0172917 -0.0112813 -0.00249262 0.00124933
internal_weight=40.8187 17.0471 23.7716 7.33796 16.4336 5.5628 4.34137 10.8708 8.68566 2.63821 6.04745 4.56604 16.0432 11.708
internal_count=1995 1602 393 120 273 84 82 189 157 53 104 74 1554 880
is_linear=0
shrinkage=0.03


Tree=228
num_leaves=15
num_cat=0
split_feature=11 1 11 9 4 11 5 11 11 6 15 7 5 11
split_gain=0.591821 1.31506 1.22309 1.71085 1.92187 1.09006 0.997811 0.978346 1.51368 1.04261 1.00624 0.954619 1.22664 1.02081
threshold=0.32601148847143696 1.0000000180025095e-35 0.24020481232291888 2.5000000000000004 1.6794879381871952 0.64654520246492664 73.500000000000014 0.56065110759219738 0.55605549108036356 -74.562733798402576 0.95000000000000007 19.500000000000004 15.500000000000002 0.23304525667834594
decision_type=2 2 2 2 2 2 2 2 2 2 2 2 2 2
left_child=2 5 6 4 -4 -2 11 8 -3 -9 -11 12 13 -1
right_child=1 7 3 -5 -6 -7 -8 9 -10 10 -12 -13 -14 -15
leaf_value=-0.019217000511023853 -0.030301037731708443 0.0089780314722868182 -0.02004317608641161 -0.035534875791425245 0.020228505508192211 0.018143903025612768 0.036833080460692905 -0.028031105333061405 0.052018562973351945 -0.033196300901888041 0.0063111008826829606 -0.023142002990788349 0.017032484064643288 0.01767177989640694
leaf_weight=2.2557997083349588 1.613134650629948 14.043958984548226 2.4185924754128783 2.0539189307019114 1.9077826521825043 0.56423309532692645 0.77025484503246922 1.1622529812157152 0.77603410312440324 0.63909455161774342 6.297588652727427 1.2391983552370218 3.7734540259698406 0.96353099995758373
leaf_count=101 547 437 229 67 22 88 11 44 9 53 172 51 85 19
internal_value=0.0016931 0.00453306 -0.00294023 -0.0129885 -0.00228475 -0.0177472 0.00418143 0.00664975 0.0112318 -0.00173481 0.00267118 0.00112626 0.00542687 -0.00817636
internal_weight=40.4788 25.0963 15.3825 6.38029 4.32638 2.17737 9.00224 22.9189 14.82 8.09894 6.93668 8.23198 6.99278 3.21933
internal_count=1935 1350 585 318 251 635 267 715 446 269 225 256 205 120
is_linear=0
shrinkage=0.03


Tree=229
num_leaves=15
num_cat=0
split_feature=11 1 8 11 5 11 13 13 14 14 14 6 13 11
split_gain=0.972675 1.06642 2.36903 0.83209 1.3478 1.18165 1.12686 1.10636 1.02667 0.923302 1.99045 1.0832 0.902778 0.920815
threshold=0.2056738302354604 3.5000000000000004 8.0000000000000018 0.3286189599420723 62.500000000000007 0.2791678629944509 63.082491740035231 59.531005842429956 4.9380000000000015 3.3620000000000023 2.8170000000000006 -54.360224830550493 56.573814390093681 0.74626599424823514
decision_type=2 2 2 2 2 2 2 2 2 2 2 2 2 2
left_child=1 2 -1 5 6 9 7 12 -7 10 -2 -11 13 -5
right_child=3 -3 -4 4 -6 8 -8 -9 -10 11 -12 -13 -14 -15
leaf_value=-0.024745928382805506 -0.0054863973831042849 0.03190264910002235 0.036474503875057934 0.0046231980660361872 -0.027141109138055355 -0.031872894347752929 -0.03124471573854436 0.040593397028629845 0.024740332529621101 0.0072368738984312023 0.038628970403524365 -0.034408933091697881 -0.039615953503918937 -0.028605521854860719
leaf_weight=1.3795876823132851 4.5176356154843216 1.6622871087747624 0.96806811494752754 21.695381127181481 1.4575188937596966 2.5531532539462201 0.85674819294945237 0.71254342840984364 0.32499246567022044 0.90199321642285246 1.1560227791778741 1.4916209132643414 0.44629173979046655 0.77746099093928833
leaf_count=95 164 22 13 1033 120 155 142 16 32 38 13 63 12 55
internal_value=-0.000515433 0.0135169 0.000498636 -0.00204069 0.000885654 -0.00897755 0.00255377 0.00377911 -0.0254803 -0.0030899 0.00350222 -0.0187154 0.00263457 0.00347363
internal_weight=40.9013 4.00994 2.34766 36.8914 25.9459 10.9454 24.4884 23.6317 2.87815 8.06727 5.67366 2.39361 22.9191 22.4728
internal_count=1973 130 108 1843 1378 465 1258 1116 187 278 177 101 1100 1088
is_linear=0
shrinkage=0.03


Tree=230
num_leaves=15
num_cat=0
split_feature=1 0 1 1 11 7 19 11 11 7 4 13 9 19
split_gain=0.844358 1.16878 1.6217 0.914155 1.25896 1.0503 1.27561 1.42839 1.52172 1.49609 1.31542 1.29157 1.11112 0.910403
threshold=24.500000000000004 9.5000000000000018 13.500000000000002 2.5000000000000004 0.54465512030492358 18.500000000000004 -0.1799261722714405 0.53914104646511074 0.23566649753663838 4.5000000000000009 0.57475304596083576 -32.132216316505108 1.0000000180025095e-35 -0.98182534576205283
decision_type=2 2 2 2 2 2 2 2 2 2 2 2 2 2
left_child=1 2 3 4 5 6 7 8 9 -1 11 -8 -12 -7
right_child=-2 -3 -4 -5 -6 13 10 -9 -10 -11 12 -13 -14 -15
leaf_value=-0.020947285201331604 -0.038053958684189447 0.029857025486660489 -0.021283149837400598 0.0069862152491654752 -0.017980346567682211 0.038873106436353014 -0.014710283983770759 0.043862036664705346 -0.030977580762345112 0.028192946004823145 -0.031584983909436232 0.026449536319312905 0.012008105283384501 -0.025212657511125437
leaf_weight=1.0709096944774477 0.4917545048519959 1.2668138027656812 2.8333859252743414 18.40978763269959 3.7516895728476802 0.2237477537710223 0.80561989062698192 0.44523248774930824 2.0891036142711528 1.163328773633111 0.95152537123067338 4.6264342468057373 1.1773058103863148 1.841305186797398
leaf_count=91 4 19 43 339 433 4 92 4 316 23 57 295 20 263
internal_value=0.0010211 0.00149373 0.000581531 0.00227622 -0.00250219 0.00153193 0.00484838 -0.0073023 -0.0125714 0.00463917 0.0125117 0.0203452 -0.00747673 -0.018269
internal_weight=41.1479 40.6562 39.3894 36.556 18.1462 14.3945 12.3295 4.76857 4.32334 2.23424 7.56089 5.43205 2.12883 2.06505
internal_count=2003 1999 1980 1937 1598 1165 898 434 430 114 464 387 77 267
is_linear=0
shrinkage=0.03


Tree=231
num_leaves=15
num_cat=0
split_feature=14 19 10 2 19 11 11 11 11 9 9 1 5 19
split_gain=1.43746 0.991023 0.892457 0.977966 1.40162 0.759709 0.71217 1.63823 1.39236 1.19889 1.0541 1.50148 1.02124 1.01825
threshold=6.7559999999999993 0.61559370248597578 1.0000000180025095e-35 1.0000000180025095e-35 -0.78574730703237872 0.30846202291860919 0.32601148847143696 0.28682611549821063 0.35950808808237616 5.5000000000000009 2.5000000000000004 2.5000000000000004 38.500000000000007 -1.7225464241988328e-16
decision_type=2 2 2 2 2 2 2 2 2 2 2 2 2 2
left_child=1 2 6 4 5 -4 7 9 -8 10 11 12 13 -1
right_child=-2 -3 3 -5 -6 -7 8 -9 -10 -11 -12 -13 -14 -15
leaf_value=-0.010834002736763269 -0.032812751998686863 -0.030557440436563457 -0.030413281295552139 -0.030783370457956618 -0.030781807877800618 0.035205818958181201 0.030969852262908826 -0.026490962459012404 0.0061113348953034437 0.037312704303651877 -0.01492820422059477 0.020281266746202131 -0.03231778003106172 0.025116166185040579
leaf_weight=1.8841083744191545 1.0161075007636089 0.76176332467002694 0.19192179426318012 1.3365967257705049 0.68070231875753906 0.9198919793125242 2.2579070864012492 1.8309350436320517 19.906234395923093 0.89978546090424139 2.7005136641673744 3.8167650513350964 0.99717498768586654 1.1369837082456782
leaf_count=113 141 449 44 201 156 45 46 59 604 7 29 33 60 33
internal_value=0.00241699 0.00332737 0.00399678 -0.0113609 0.0031215 0.0238786 0.00535313 -0.000144505 0.00864372 0.00407388 0.00123513 0.00680617 -0.00599319 0.00269579
internal_weight=40.3374 39.3213 38.5595 3.12911 1.79252 1.11181 35.4304 13.2663 22.1641 11.4353 10.5355 7.83503 4.01827 3.02109
internal_count=2020 1879 1430 446 245 89 984 334 650 275 268 239 206 146
is_linear=0
shrinkage=0.03


Tree=232
num_leaves=15
num_cat=0
split_feature=13 13 13 4 18 7 3 12 15 6 6 6 4 14
split_gain=0.743233 1.13256 0.877893 0.607438 0.521647 0.516156 1.42274 1.29334 1.29139 0.935568 1.5012 1.39872 1.09774 1.33458
threshold=-77.432845871688713 -69.650375506909072 -58.035678984928623 4.2618596303024141 -0.99635443704902682 8.5000000000000018 2.5000000000000004 41.500000000000007 0.75000000000000011 -53.314413741598194 27.048725069426919 -66.630036630036599 0.57475304596082821 1.5630000000000008
decision_type=2 2 2 2 2 2 2 2 2 2 2 2 2 2
left_child=-1 -2 -3 4 -4 9 7 -7 -9 11 -11 -6 13 -12
right_child=1 2 3 -5 5 6 -8 8 -10 10 12 -13 -14 -15
leaf_value=-0.025276568370140189 0.024989911908954346 -0.026754944633797469 -0.033295455624183505 0.029533673122570773 -0.00074515608590347668 -0.013080239683481902 -0.029614261517101843 -0.032620073628410365 0.017167926387760792 0.013581992478388257 -0.031045661776663631 -0.030751425101571247 -0.017295032767464975 0.019290114831934713
leaf_weight=1.1260592770995561 1.5023550624318875 1.2058192676049646 0.45100933237699692 0.58688172418624063 8.7755415197752864 4.0860519187117443 1.947442348115145 0.53887516941176716 3.6091001344611868 9.430003761313861 0.60618392832111512 1.6631086456763977 3.2840656163170934 2.1749739931547083
leaf_count=83 57 93 39 9 401 381 48 32 132 349 85 124 54 107
internal_value=-0.00124102 -0.000562034 -0.00156279 -0.000745172 -0.00123114 -0.000830721 -0.00655465 -0.00110079 0.0106998 0.00141646 0.00609325 -0.00552582 -0.00554999 0.00831888
internal_weight=40.9875 39.8614 38.3591 37.1532 36.5664 36.1153 10.1815 8.23403 4.14798 25.9339 15.4952 10.4387 6.06522 2.78116
internal_count=1994 1911 1854 1761 1752 1713 593 545 164 1120 595 525 246 192
is_linear=0
shrinkage=0.03


Tree=233
num_leaves=15
num_cat=0
split_feature=6 13 19 0 3 13 13 4 13 13 1 13 19 12
split_gain=0.694613 0.663784 0.585795 0.536766 0.84385 0.565074 0.65788 0.60353 0.615618 0.57811 1.38121 0.870775 0.954211 0.766536
threshold=-87.163437882619476 110.50951039338547 0.70581670320594814 9.5000000000000018 7.5000000000000009 -76.460513758289025 -87.692308055652958 -1.0824190488705205 -69.650375506909072 -44.352316666746397 6.5000000000000009 -35.69675126451201 -0.060268340127661524 71.500000000000014
decision_type=2 2 2 2 2 2 2 2 2 2 2 2 2 2
left_child=-1 2 3 4 5 6 -2 -7 -9 10 13 12 -11 -10
right_child=1 -3 -4 -5 -6 7 -8 8 9 11 -12 -13 -14 -15
leaf_value=-0.031424903020252859 0.021260033668015359 -0.031209904749964285 -0.03017949663368303 0.02144876144610345 -0.024062778473108611 0.030556961818957635 -0.023824323227069705 0.03009625380123002 -0.0340760554072881 0.029651327418994969 0.022592852621288146 0.0040567863405662902 -0.011607995857296407 -0.0019336148346329196
leaf_weight=0.50116634118603443 0.38664315606001753 0.47295232076430593 0.4323685725685199 1.6936897339764971 0.92837910930393164 0.85783493379130149 1.1812659684510354 0.86210833810036192 1.3480666965478956 2.4091267772600991 1.0402524375822393 25.883149207395071 0.63809849217067949 1.3231873948825523
leaf_count=45 13 88 356 23 17 40 73 40 154 54 25 962 47 60
internal_value=0.00367138 0.00411715 0.00454574 0.00493519 0.00417637 0.00490603 -0.0127066 0.00570968 0.0050735 0.00441262 -0.00673394 0.00584262 0.0210115 -0.0181545
internal_weight=39.9583 39.4571 38.9842 38.5518 36.8581 35.9297 1.56791 34.3618 33.504 32.6419 3.71151 28.9304 3.04723 2.67125
internal_count=1997 1952 1864 1508 1485 1468 86 1382 1342 1302 239 1063 101 214
is_linear=0
shrinkage=0.03


Tree=234
num_leaves=15
num_cat=0
split_feature=14 14 14 4 12 14 12 6 12 0 4 5 3 0
split_gain=0.715525 1.43845 1.31226 1.06851 1.13168 1.65828 2.41936 1.37175 1.12291 1.40539 1.21897 0.920547 0.918706 1.07661
threshold=2.6665000000000032 2.3685000000000014 3.1260000000000017 2.3161438887905801 25.500000000000004 -2.022500000000004 46.500000000000007 -81.524150878989573 63.500000000000007 1.0000000180025095e-35 0.38528992792848588 29.500000000000004 1.5000000000000002 1.5000000000000002
decision_type=2 2 2 2 2 2 2 2 2 2 2 2 2 2
left_child=1 3 -2 4 12 -6 7 -7 10 -10 -8 -11 13 -1
right_child=2 -3 -4 -5 5 6 8 -9 9 11 -12 -13 -14 -15
leaf_value=0.0059446445690675125 0.024599024855940722 -0.033632933527622713 0.0018602709583347889 0.01607576591832582 -0.033480400118562952 0.033869818138258942 -0.0060779189387063087 -0.029215347375526751 0.020862560872109408 -0.026459889702320261 0.045063409957837058 0.01342549600806138 0.018170001078957439 -0.020102166507043481
leaf_weight=5.0784875403769636 2.8603378536354276 1.22708162976778 11.33950886671664 3.1147098469082257 2.063418073521464 0.34270576859125901 0.64313475732342329 3.2720854700892179 1.6330820335424503 1.7896396121359432 1.2060722566675393 0.73454044829122711 3.1178234600229189 1.9870228588115422
leaf_count=469 103 57 683 42 151 19 71 172 72 61 16 12 41 22
internal_value=0.00101712 -0.00192121 0.00644064 -0.000363622 -0.00270512 -0.00907623 -0.0038424 -0.0232345 0.00782806 -0.000823095 0.027277 -0.0148532 0.00460529 -0.00138046
internal_weight=40.4097 26.2098 14.1998 24.9827 21.868 11.6847 9.62126 3.61479 6.00647 4.15726 1.84921 2.52418 10.1833 7.06551
internal_count=1991 1205 786 1148 1106 574 423 191 232 145 87 73 532 491
is_linear=0
shrinkage=0.03


Tree=235
num_leaves=15
num_cat=0
split_feature=1 13 13 13 13 19 15 0 0 14 18 14 14 4
split_gain=1.03072 0.643084 1.11157 1.27975 1.14931 0.893519 1.16619 1.45162 1.04658 0.968221 0.949354 1.27297 2.62424 1.08827
threshold=22.500000000000004 -44.352316666746397 -40.03303966491422 -37.117765117989343 -35.69675126451201 -0.78574730703237872 0.8500000000000002 5.5000000000000009 4.5000000000000009 4.086000000000003 0.91023613416931248 -1.0000000180025095e-35 -0.64449999999999885 0.78759422170034965
decision_type=2 2 2 2 2 2 2 2 2 2 2 2 2 2
left_child=1 -1 -3 -4 -5 6 9 8 -8 -6 13 12 -12 -7
right_child=-2 2 3 4 5 10 7 -9 -10 -11 11 -13 -14 -15
leaf_value=-0.0084292712833539118 -0.037562825525540029 0.024848376325574139 -0.031409234543320709 0.034805968608441658 -0.029139134767006282 0.0020048217501824036 0.0017255670043200228 -0.027775854296272409 0.038155829421877049 0.011891418988371455 -0.0078201105496114812 -0.020307730938993625 0.037519551909232 0.019339294239834597
leaf_weight=5.2755278025579164 0.62398500042036076 1.9454282289661886 1.0298690303170577 0.96526098996401088 2.5891323971445703 7.3384074417408645 2.5438920262386095 1.0859671826474366 0.98434980399906624 0.64694389567011956 4.1350322783691809 2.6693978569237498 1.5909698556642977 5.8643896128342021
leaf_count=397 5 60 47 28 125 839 90 18 9 41 127 63 20 134
internal_value=0.000686902 0.00130419 0.0028421 0.00148056 0.00259427 0.00153844 -0.00712934 0.002554 0.0118893 -0.0209365 0.00468891 -0.00319858 0.00477752 0.00970441
internal_weight=39.2886 38.6646 33.389 31.4436 30.4137 29.4485 7.85029 4.61421 3.52824 3.23608 21.5982 8.3954 5.726 13.2028
internal_count=2003 1998 1601 1541 1494 1466 283 117 99 166 1183 210 147 973
is_linear=0
shrinkage=0.03


Tree=236
num_leaves=15
num_cat=0
split_feature=4 14 5 19 14 13 13 6 4 13 1 13 4 14
split_gain=0.600584 1.42693 1.45336 1.3429 1.13634 0.901183 0.868884 1.00588 0.802831 0.965046 1.34327 1.01391 0.854761 0.895906
threshold=0.086149862174515743 3.7799999999999998 73.500000000000014 1.0000000180025095e-35 -0.64449999999999885 -37.536360525158351 25.146426037671365 1.8362533692722374 0.57903597219764369 -12.713020792826237 4.5000000000000009 -36.546915282464262 0.78759422170034965 -2.6499999999999981
decision_type=2 2 2 2 2 2 2 2 2 2 2 2 2 2
left_child=1 3 -3 4 5 -1 -7 -8 9 11 -11 -2 -10 -14
right_child=8 2 -4 -5 -6 6 7 -9 12 10 -12 -13 13 -15
leaf_value=0.031842187665743343 -0.0015836686890318065 -0.034643782700031968 0.030135272588277428 -0.022343437458530992 0.014250204376601712 -0.035359949220990575 -0.032395734100643073 0.023201563069779701 -0.019368355588998847 -0.026023215028904385 0.031237135062401444 0.034570991573898854 0.018291167781817098 0.0011658727151035735
leaf_weight=0.41002136480528895 0.97027455538045648 1.9613685028452885 0.3706035837822127 1.7395482766878547 5.6999125414004101 1.1271694378228825 0.48543688489007741 0.73831856215838343 1.5251977533043852 0.95895712939091271 0.59906141896499321 2.4885768314125016 3.2749395126593397 17.130865919432829
leaf_count=17 36 389 24 482 339 58 49 25 89 57 19 37 54 297
internal_value=0.00224841 -0.00317738 -0.0243489 0.00166276 0.00659842 -0.00919852 -0.0163564 0.00114734 0.00477173 0.0155981 -0.00400649 0.0244289 0.00229512 0.00391432
internal_weight=39.4803 12.5324 2.33197 10.2004 8.46086 2.76095 2.35092 1.22376 26.9479 5.01687 1.55802 3.45885 21.931 20.4058
internal_count=1972 1383 413 970 488 149 132 74 589 149 76 73 440 351
is_linear=0
shrinkage=0.03


Tree=237
num_leaves=15
num_cat=0
split_feature=10 19 1 1 6 13 13 11 13 13 11 11 5 6
split_gain=2.10131 0.922301 0.881275 0.706005 1.18863 1.10259 1.30351 0.94186 1.46463 1.45135 1.22903 1.20482 1.07095 1.05166
threshold=1.0000000180025095e-35 -0.99635443704902682 24.500000000000004 3.5000000000000004 -74.562733798402576 22.928313525600359 84.969225877436017 0.27599529639036585 -32.132216316505108 -17.454173544781728 0.63726261727220712 0.23304525667834594 32.500000000000007 -29.566347630863756
decision_type=2 2 2 2 2 2 2 2 2 2 2 2 2 2
left_child=2 -2 3 5 -5 7 -7 11 -9 13 -11 -1 -13 -10
right_child=1 -3 -4 4 -6 6 -8 8 9 10 -12 12 -14 -15
leaf_value=-0.011214451910292607 0.020752462938527453 -0.030794796450219188 -0.037886588813034409 -0.012923508799149126 0.011950013197648039 0.014281591723853048 -0.030648108597545558 -0.031581171666115578 -0.024090705655007885 -0.022200156647518319 0.018910780414531297 0.035864482399121066 -0.0070727168211523724 0.023131336940179978
leaf_weight=1.9044700871454576 0.35771109815686974 2.4659510319470419 0.47588024288415809 2.0194120295345774 12.026395694352685 5.8069954276725175 0.64577809028560285 2.2713219127617741 0.53099693928379599 3.5185891211440374 0.80402350347139862 1.511504884780152 0.79926173386047583 2.1153569585585466
leaf_count=69 10 479 3 20 97 308 118 286 56 321 55 32 29 89
internal_value=0.000615044 -0.0242646 0.00265547 0.00322368 0.00837387 -0.000409905 0.00978514 -0.00529907 -0.0106599 -0.00384125 -0.0145534 0.0064525 0.0210131 0.0136561
internal_weight=37.2536 2.82366 34.43 33.9541 14.0458 19.9083 6.45277 13.4555 9.24029 6.96897 4.32261 4.21524 2.31077 2.64635
internal_count=1972 489 1483 1480 117 1363 426 937 807 521 376 130 61 145
is_linear=0
shrinkage=0.03


Tree=238
num_leaves=15
num_cat=0
split_feature=10 18 4 4 4 7 7 14 7 4 6 6 4 6
split_gain=0.464666 0.863113 1.28332 0.630231 0.670042 0.601744 0.830675 0.747595 0.727661 0.749645 0.693855 0.587565 1.72511 0.83137
threshold=1.0000000180025095e-35 0.46472317204376884 1.2194741298138605 -0.74277745315683441 2.4302359521596544 36.500000000000007 30.500000000000004 -7.5295000000000014 24.500000000000004 -0.4014463195013081 130.55480460184438 -71.586353825021703 -0.22232703510555554 -68.462494819726473
decision_type=2 2 2 2 2 2 2 2 2 2 2 2 2 2
left_child=3 2 -2 -1 5 6 8 -7 9 -5 11 12 -11 -13
right_child=1 -3 -4 4 -6 7 -8 -9 -10 10 -12 13 -14 -15
leaf_value=0.015431427201142033 -0.030123851787352891 -0.030808525945507342 0.023839199249793226 -0.018939270625099185 0.011684435346819753 0.033608030171518963 0.028353716095862298 -0.033467430781181445 -0.036396660744899847 0.023587206298254036 -0.020741283571615386 0.031324614916738124 -0.019206844467211107 0.0018378225868176542
leaf_weight=2.2824029374751253 0.66480595614120763 1.2740458462212698 0.98323539830744267 2.0797861618921223 3.4490319336764506 0.17605496675241739 0.81960966516635281 0.99329032227978931 0.55171880617854085 1.1223663996788671 1.4032803704903916 0.90107424926829338 3.4655714640102948 19.140046280313967
leaf_count=52 294 185 14 190 41 4 40 95 56 69 70 33 121 736
internal_value=-0.000754798 -0.0122647 0.00207096 0.000169582 -0.000851879 -0.00226246 -0.00142536 -0.0233686 -0.00227686 -0.00160724 -0.00022254 0.000946549 -0.00873796 0.00316359
internal_weight=39.3063 2.92209 1.64804 36.3842 34.1018 30.6528 29.4835 1.16935 28.6638 28.1121 26.0323 24.6291 4.58794 20.0411
internal_count=2000 493 308 1507 1455 1414 1315 99 1275 1219 1029 959 190 769
is_linear=0
shrinkage=0.03


Tree=239
num_leaves=15
num_cat=0
split_feature=19 13 13 4 9 13 17 19 0 9 12 4 6 4
split_gain=0.70264 1.1323 1.38189 1.15498 1.12301 0.925573 0.889468 0.699903 0.662396 0.655029 1.34155 1.08827 0.900487 2.17628
threshold=-0.91023613416931226 -24.516779381219354 -33.485553055755894 -0.16278902982763097 1.0000000180025095e-35 -42.707485846296954 1.0000000180025095e-35 0.40966402954315184 11.500000000000002 2.5000000000000004 22.500000000000004 1.6209443681942652 -41.05803395183576 -0.22289952759811063
decision_type=2 2 2 2 2 2 2 2 2 2 2 2 2 2
left_child=6 2 3 -2 -5 7 -1 -6 -8 11 -11 12 13 -3
right_child=1 9 -4 4 5 -7 8 -9 -10 10 -12 -13 -14 -15
leaf_value=0.013021248180275544 -0.031003462522853645 0.016695516380386261 -0.031174812181375244 -0.01849283485519676 -0.02240155016806963 0.029251858700911116 -0.033273254084334195 0.014837585870674715 0.015218962345644635 0.0078068342127178602 -0.01881237282217595 0.022188774256730635 0.0084307776881682624 -0.030336515994427028
leaf_weight=8.345415829768168 1.0370033673534633 1.5851493788795781 1.9736629347025907 1.4383343251247422 0.81502898089820552 1.6583653849083928 0.69990614743437685 1.0261128763668237 0.3975098729133606 3.8865192849189034 3.0342637145658955 3.4129489997867486 8.22066030059068 2.0060183462628638
leaf_count=213 284 164 131 87 32 27 63 16 3 49 100 46 602 160
internal_value=0.00254277 0.000302517 -0.00941067 -0.00222134 0.00382323 0.0129954 0.0096824 -0.00164728 -0.0157082 0.00378878 -0.00386377 0.00726743 0.00295601 -0.00957647
internal_weight=39.5369 30.0941 7.94851 5.97484 4.93784 3.49951 9.44283 1.84114 1.09742 22.1456 6.92078 15.2248 11.8118 3.59117
internal_count=1977 1698 577 446 162 75 279 48 66 1121 149 972 926 324
is_linear=0
shrinkage=0.03


Tree=240
num_leaves=15
num_cat=0
split_feature=4 19 4 12 19 13 13 13 14 4 13 13 17 12
split_gain=1.43709 1.09368 1.13857 0.754101 0.704978 1.62791 1.27095 1.15966 1.15918 1.24379 1.02455 0.970681 1.10719 0.995652
threshold=2.3161438887905801 -0.99635443704902682 -0.74277745315683441 33.500000000000007 -0.78574730703237872 -38.147874263802187 -43.762999120678288 -23.958883988410026 -3.9819999999999949 1.8204928717607067 -35.69675126451201 -21.007439634732638 1.0000000180025095e-35 13.500000000000002
decision_type=2 2 2 2 2 2 2 2 2 2 2 2 2 2
left_child=1 -1 -3 -2 5 6 -4 10 -9 11 -6 -10 -13 -14
right_child=3 2 4 -5 7 -7 -8 8 9 -11 -12 12 13 -15
leaf_value=0.017253400504275113 0.0020299960862555362 0.017716980166038048 -0.0048461782257566335 0.028527501476130451 -0.0052790718601689627 -0.019779156537439588 0.038931672004074644 -0.022395331426064029 0.027282099801407066 0.027792250474413572 -0.035081267750587557 -0.0078627837410600188 -0.030854807160000209 0.021067849999860076
leaf_weight=2.4767123557976438 1.6905524549074464 2.1320569898525745 2.3256177823059265 2.2573597559239715 3.4569470334972721 6.7686035585356894 0.80290041165426362 1.4981874252844161 1.1851927443058237 1.916008062311447 1.4838139378407564 7.0384727268246827 0.38315488968510214 2.5082490860659163
leaf_count=37 32 186 84 31 307 248 8 149 27 23 132 555 66 116
internal_value=4.88513e-05 -0.00194185 -0.00345113 0.0171809 -0.00498793 -0.0115073 0.00638893 -0.00167396 0.00259556 0.00546877 -0.0142293 0.00162066 -0.00144219 0.0141873
internal_weight=37.9238 33.9759 31.4992 3.94791 29.3671 9.89712 3.12852 19.47 14.5293 13.0311 4.94076 11.1151 9.92988 2.8914
internal_count=2001 1938 1901 63 1715 340 92 1375 936 787 439 764 737 182
is_linear=0
shrinkage=0.03


Tree=241
num_leaves=15
num_cat=0
split_feature=1 15 18 9 15 7 9 19 9 14 10 19 1 15
split_gain=0.951396 0.949768 0.91966 0.772391 1.06339 1.01466 1.67022 0.995599 1.15479 0.882044 0.841609 1.03922 0.764676 1.15889
threshold=9.5000000000000018 0.65000000000000002 0.35460488704253579 1.0000000180025095e-35 1.0500000000000003 1.0000000180025095e-35 4.5000000000000009 -0.91023613416931226 1.5000000000000002 4.432000000000003 1.0000000180025095e-35 -0.99635443704902682 3.5000000000000004 0.8500000000000002
decision_type=2 2 2 2 2 2 2 2 2 2 2 2 2 2
left_child=1 -1 -2 9 10 7 -7 -6 -9 12 -5 -12 13 -3
right_child=2 3 -4 4 5 6 -8 8 -10 -11 11 -13 -14 -15
leaf_value=-0.031856579963253313 -0.0021500766247158744 -0.017996670825836638 -0.027321814276967681 0.012221049963305754 0.033399794213569672 -0.036792158134535548 0.017827501183669988 0.021922091521276731 -0.01933356102327816 -0.027464156078430713 0.037688271535893408 -0.030686719841665384 0.017726549790680786 0.0056204205083640853
leaf_weight=0.71037544988212076 3.8580785766826002 3.2460641072539129 1.9750205751333849 15.087268413277346 0.87476563849486444 1.6200660321919715 0.7313217899063601 0.98634862282779012 1.6030562595115041 1.2180263111949887 0.2608853499405086 0.85803993552690438 1.7233925680629907 4.4109871920809383
leaf_count=79 51 386 66 298 28 78 14 33 49 249 5 190 21 453
internal_value=0.000504233 0.00246032 -0.0106729 0.00320764 0.00641017 -0.00459475 -0.0198045 0.00572923 -0.00361858 -0.00344663 0.0103593 -0.0147446 -0.000328016 -0.0043916
internal_weight=39.1637 33.3306 5.8331 32.6202 22.0218 5.81556 2.35139 3.46417 2.5894 10.5985 16.2062 1.11893 9.38044 7.65705
internal_count=2000 1883 117 1804 695 202 92 110 82 1109 493 195 860 839
is_linear=0
shrinkage=0.03


Tree=242
num_leaves=15
num_cat=0
split_feature=10 6 19 13 6 6 6 15 13 5 5 19 12 6
split_gain=0.895296 0.701951 0.732991 0.546283 0.495907 0.77937 0.409331 0.402344 1.904 0.693127 0.941923 1.51111 0.558151 1.16086
threshold=1.0000000180025095e-35 -83.805402570154726 -0.99635443704902682 88.968962726757226 -88.488994153402771 -83.333043976457915 -80.906812485759829 0.75000000000000011 43.835811831408556 35.500000000000007 12.500000000000002 -0.99635443704902682 25.500000000000004 -18.235198702351983
decision_type=2 2 2 2 2 2 2 2 2 2 2 2 2 2
left_child=3 -2 -3 4 -1 -6 -7 8 9 10 11 -8 -9 -14
right_child=1 2 -4 -5 5 6 7 12 -10 -11 -12 -13 13 -15
leaf_value=-0.031294861801069593 0.02225873471536053 0.015386339227952189 -0.030616755713106677 -0.020757506584986742 0.024838948919454203 -0.032259971736291533 0.044097239359523706 0.0053815795162550171 -0.032068468166281595 -0.010165250715859891 0.031666681010225642 -0.018972687676018632 -0.014064034090690132 0.0037274359550218141
leaf_weight=0.37790962861617927 0.36689745966577936 0.37740659661358278 1.7910587874794133 0.90120984167151519 1.4443047208187625 0.30497253051726048 0.51670122274663288 14.007745569571854 0.839439666684484 0.73727491969475512 2.7926657574134879 1.0105912644066837 5.3532439400150844 8.6081981070165092
leaf_count=24 40 15 430 110 47 35 7 489 77 43 86 75 191 301
internal_value=0.00112743 -0.0161172 -0.0226102 0.00231247 0.00289011 0.00325284 0.00234046 0.00265205 0.00977361 0.0167189 0.0213071 0.00236462 0.00115063 -0.00309436
internal_weight=39.4296 2.53536 2.16847 36.8943 35.993 35.6151 34.1708 33.8659 5.89667 5.05723 4.31996 1.52729 27.9692 13.9614
internal_count=1970 485 445 1485 1375 1351 1304 1269 288 211 168 82 981 492
is_linear=0
shrinkage=0.03


Tree=243
num_leaves=15
num_cat=0
split_feature=13 19 11 12 19 6 11 11 3 9 13 13 19 18
split_gain=0.70895 0.497561 0.470275 1.62432 0.910121 0.882069 0.989313 1.59183 1.25683 0.953576 1.42829 0.974763 1.07182 0.814773
threshold=97.10612509482128 0.70581670320594814 0.51113388410968474 10.500000000000002 -0.98182534576205283 45.633676668159431 0.45189742975495067 0.39113601791515912 1.5000000000000002 2.5000000000000004 -35.69675126451201 -29.391707973983596 0.29696027566504685 -0.78574730703237861
decision_type=2 2 2 2 2 2 2 2 2 2 2 2 2 2
left_child=1 2 3 -1 -4 6 7 9 -8 11 -11 12 -5 -6
right_child=-2 -3 4 5 13 -7 8 -9 -10 10 -12 -13 -14 -15
leaf_value=0.029589242802222988 -0.030996579148689044 -0.03017878396557511 -0.035349387759683444 -0.027352241477882969 -0.030993523161185782 0.011534134477986744 -0.012947857625492451 -0.032725058224212795 0.037258373754454024 0.016105666388277252 -0.023834849903489629 0.01180062292614022 0.010828858078821087 0.0014499072504545237
leaf_weight=2.1389569939929087 0.60207557254761823 0.43252047270652738 0.715588326274882 1.4617479307053147 0.74203018104890262 6.527310218254569 0.71325593031360668 1.5748051521077275 1.2100799935287794 1.1146944643696768 2.9079796654405063 5.857632614730397 1.2090153075987471 11.395886274694929
leaf_count=85 120 375 35 90 136 237 73 119 16 31 84 208 65 327
internal_value=0.00130251 0.00181424 0.00218256 0.00460308 -0.00247176 0.00223583 -0.00154584 -0.00429425 0.0186397 -0.000726988 -0.0127672 0.00495215 -0.0100682 -0.000533465
internal_weight=38.6036 38.0015 37.569 24.7155 12.8535 22.5765 16.0492 14.1259 1.92334 12.5511 4.02267 8.5284 2.67076 12.1379
internal_count=2001 1881 1506 1008 498 923 686 597 89 478 115 363 155 463
is_linear=0
shrinkage=0.03


Tree=244
num_leaves=15
num_cat=0
split_feature=14 1 14 18 14 10 6 3 1 13 4 9 6 18
split_gain=0.758538 1.20885 1.20518 0.952014 0.945678 0.884151 0.765322 1.00719 1.18146 0.998397 1.02999 0.641744 1.05801 1.27675
threshold=2.6049999999999991 1.0000000180025095e-35 3.1260000000000017 0.95297903005573359 1.8774999999999993 1.0000000180025095e-35 110.23769417930005 3.5000000000000004 1.5000000000000002 -32.569798671445973 0.49919077320989064 6.5000000000000009 -61.821946169772254 0.95297903005573359
decision_type=2 2 2 2 2 2 2 2 2 2 2 2 2 2
left_child=4 -2 -3 6 5 11 7 8 -4 -10 -11 12 13 -1
right_child=1 2 3 -5 -6 -7 -8 -9 9 10 -12 -13 -14 -15
leaf_value=0.0021452694117789109 -0.030242513529980638 0.025554077329108714 -0.030471971386878721 -0.034037428142189456 -0.018565500366983664 -0.030422735565006312 0.024621752946182643 -0.023057258603691958 0.024626608913124716 0.014581208310397029 -0.016592538208999696 -0.026638008428225543 -0.0014642671250585707 0.030729601844909062
leaf_weight=3.537751122697963 0.73541053084772912 3.1478536493377751 0.68862328806425832 0.54883108823560256 2.5739462878991608 0.79672826285241072 1.7438456504314679 1.1689518078928811 2.7539789145230271 2.1907907254062642 1.6895224637119097 0.69402648042887349 15.354259702697167 2.3342704859096557
leaf_count=152 343 66 134 20 155 216 49 51 65 50 43 9 638 31
internal_value=0.00181628 0.00724383 0.00922252 0.00445557 -0.0013315 0.000621197 0.00651953 0.00280216 0.00693008 0.0108123 0.00100789 0.00174954 0.00267771 0.0135082
internal_weight=39.9588 14.6678 13.9324 10.7845 25.291 22.717 10.2357 8.49187 7.32292 6.63429 3.88031 21.9203 21.2263 5.87202
internal_count=2022 821 478 412 1201 1046 392 343 292 158 93 830 821 183
is_linear=0
shrinkage=0.03


Tree=245
num_leaves=15
num_cat=0
split_feature=11 12 11 12 11 5 5 18 12 5 9 5 9 1
split_gain=0.792438 1.30797 1.26505 1.08463 1.49237 1.16742 0.991838 0.86794 0.84954 0.831634 1.43551 1.40099 1.1411 0.981446
threshold=0.51113388410968474 16.500000000000004 0.42611176779411258 16.500000000000004 0.64654520246492664 14.500000000000002 26.500000000000004 0.98182534576205316 4.5000000000000009 73.500000000000014 2.5000000000000004 44.500000000000007 5.5000000000000009 1.0000000180025095e-35
decision_type=2 2 2 2 2 2 2 2 2 2 2 2 2 2
left_child=1 2 -1 4 -2 -5 -7 8 -6 10 11 13 -12 -3
right_child=3 9 -4 5 7 6 -8 -9 -10 -11 12 -13 -14 -15
leaf_value=-0.031184898612200085 -0.024223389012096946 -0.019154612481457816 0.026791425723083424 0.022663477336922342 -0.033050518876806968 -0.026346999802130198 0.0094620980108285242 0.034087964203906675 0.0024356901557397951 0.027640775246916886 -0.020902369324479895 -0.022752812946531142 0.012154441041759856 0.0099266657611302381
leaf_weight=0.38036373353679964 4.4169659628823847 1.1443789996265028 3.0942438202764606 2.0887373214936806 0.76320568064693395 1.2860662997700276 1.5176153361971954 0.59879108704626549 2.9696967195195612 0.97537288625608098 4.3358785850286941 1.5524814009258978 1.1999061428941784 11.959163807798175
leaf_count=40 305 337 154 75 93 46 58 5 129 45 131 147 39 418
internal_value=0.000174056 0.00338542 0.0204448 -0.00562709 -0.0119531 0.0056851 -0.00696376 0.000558785 -0.0048196 0.000585117 -0.000721816 0.00419426 -0.0137372 0.00738689
internal_weight=38.2829 24.6418 3.47461 13.6411 8.74866 4.89242 2.80368 4.33169 3.7329 21.1672 20.1918 14.656 5.53578 13.1035
internal_count=2022 1311 194 711 532 179 104 227 222 1117 1072 902 170 755
is_linear=0
shrinkage=0.03


Tree=246
num_leaves=15
num_cat=0
split_feature=0 0 13 13 1 15 7 7 13 2 13 15 7 7
split_gain=0.789054 0.66649 0.781515 2.09073 1.12576 1.07113 0.972748 1.48852 0.926125 0.803734 0.780952 0.777168 0.60522 0.985643
threshold=12.500000000000002 9.5000000000000018 -24.516779381219354 -30.705941931516914 3.5000000000000004 0.65000000000000002 8.5000000000000018 18.500000000000004 -37.117765117989343 1.5000000000000002 -20.132774860176131 1.0500000000000003 41.500000000000007 31.500000000000004
decision_type=2 2 2 2 2 2 2 2 2 2 2 2 2 2
left_child=1 2 3 4 5 -1 9 -8 11 -7 -4 -6 13 -12
right_child=-2 -3 10 -5 8 6 7 -9 -10 -11 12 -13 -14 -15
leaf_value=0.050054890523608807 -0.037477787090845885 0.023559225034971879 0.02379435586152856 -0.03336709830472076 0.015013006518768622 -0.031945320003593895 0.017859124438667318 -0.031434979302365322 0.03352722735816354 0.035521416418848754 0.0025925865915881431 -0.015092456623455137 0.032713882850816139 -0.034416280518087802
leaf_weight=0.25668530850088966 0.47476970264688034 1.187501296866684 1.6224647816561617 2.0341723456513092 1.8935577265801842 2.117999050096842 1.5582654862664642 0.85318549763178442 1.2135012936778364 0.17181029700441275 22.486124514907729 1.3026278986362738 0.57389812011388031 0.66687297420867153
leaf_count=8 5 18 61 97 49 270 79 155 16 3 1099 36 43 49
internal_value=0.000957705 0.00143869 0.000723935 -0.00579912 0.000187241 -0.00962081 -0.0128791 0.000418581 0.0112147 -0.0268831 0.00365792 0.00274331 0.00228097 0.00152662
internal_weight=38.4134 37.9387 36.7512 11.4018 9.36763 4.95795 4.70126 2.41145 4.40969 2.28981 25.3494 3.19619 23.7269 23.153
internal_count=1988 1983 1965 713 616 515 507 234 101 273 1252 85 1191 1148
is_linear=0
shrinkage=0.03


Tree=247
num_leaves=15
num_cat=0
split_feature=18 7 7 7 8 4 6 1 5 5 18 9 9 19
split_gain=0.589324 0.517799 0.521252 1.01687 0.625381 0.519486 1.00484 1.0348 0.562145 1.06483 1.8691 1.1861 1.0623 1.00499
threshold=-0.99635443704902682 57.500000000000007 41.500000000000007 36.500000000000007 5.5000000000000009 -0.38528992792848465 8.9613104417257823 4.5000000000000009 26.500000000000004 19.500000000000004 -0.98182534576205283 1.0000000180025095e-35 2.5000000000000004 -0.95297903005573326
decision_type=2 2 2 2 2 2 2 2 2 2 2 2 2 2
left_child=-1 2 3 4 5 6 7 -2 9 11 -11 -7 -13 -12
right_child=1 -3 -4 -5 -6 8 -8 -9 -10 10 13 12 -14 -15
leaf_value=-0.032987570688580221 -0.01672284762394086 -0.032863034886633551 0.023083820827352556 -0.033444743260650951 0.017739122917540727 -0.011609139710414978 -0.029814350695951196 0.022702506579980578 0.0083952241751457535 0.037177596226559938 0.0059643327291632317 0.01598370104142835 -0.0026115278328728364 -0.029877232884400039
leaf_weight=0.44569602663977903 1.2356686583807421 0.38571452369796944 1.033315909327938 0.73526903500896779 2.1865251985145724 3.6085174083127738 1.3694337475462814 1.1631786626530809 9.7619081890297803 0.57026507344562549 0.93350033211754668 6.5540623385459167 4.7825855114497244 2.8650798648595801
leaf_count=42 247 35 64 38 69 387 171 19 440 6 16 174 106 145
internal_value=0.00130434 0.00171536 0.0020778 0.00147091 0.00220377 0.00116954 -0.00931077 0.00239414 0.0025278 -0.000437782 -0.0134662 0.00337076 0.00813894 -0.0210692
internal_weight=37.6307 37.185 36.7993 35.766 35.0307 32.8442 3.76828 2.39885 29.0759 19.314 4.36885 14.9452 11.3366 3.79858
internal_count=1959 1917 1882 1818 1780 1711 437 266 1274 834 167 667 280 161
is_linear=0
shrinkage=0.03


Tree=248
num_leaves=15
num_cat=0
split_feature=11 11 11 6 19 12 9 12 4 6 4 6 9 9
split_gain=0.686818 1.1519 1.00486 0.706427 1.18289 1.13058 0.862645 0.85876 0.843595 0.637592 0.649359 0.958747 0.593815 0.769415
threshold=0.22788520157574632 0.32601148847143696 0.33555875301565696 -1.3958319807829642 -0.98182534576205283 1.5000000000000002 7.5000000000000009 4.5000000000000009 -0.5981918519761068 -77.961265254082932 0.78759422170034965 -41.05803395183576 3.5000000000000004 1.5000000000000002
decision_type=2 2 2 2 2 2 2 2 2 2 2 2 2 2
left_child=9 12 -3 5 -5 -4 8 -6 -7 -1 11 -11 13 -2
right_child=1 2 3 4 7 6 -8 -9 -10 10 -12 -13 -14 -15
leaf_value=-0.015627569084713636 -0.016099670768355993 0.033507955702099863 -0.033519728444215531 0.017867187589297645 0.017222801887698386 -0.032659147630817745 -0.035193913734812371 -0.013806623451065822 0.010796593393161823 -0.036004023205818407 0.033299333130985216 0.014273644165558349 -0.033200727694680292 0.0040791666099149384
leaf_weight=0.67341541513451364 3.7425276368157965 0.9587910099944591 0.61357045186742354 1.7215516563155686 0.92093850734817717 0.41510751715395855 0.40175780723802823 6.2535948273871327 12.783411045267705 0.38423489531851363 1.3366189226508138 3.05815426754998 0.87293335399590422 3.1170450384379365
leaf_count=37 257 32 59 30 79 74 7 491 595 41 17 114 48 84
internal_value=0.00186403 0.000177354 0.00341358 0.00216502 -0.00446495 0.00631455 0.00811166 -0.00982362 0.00942986 0.0117015 0.0155525 0.00866172 -0.00989596 -0.00693024
internal_weight=37.2537 31.8012 24.0687 23.1099 8.89608 14.2138 13.6003 7.17453 13.1985 5.45242 4.77901 3.44239 7.73251 6.85957
internal_count=1965 1756 1367 1335 600 735 676 570 669 209 172 155 389 341
is_linear=0
shrinkage=0.03


Tree=249
num_leaves=15
num_cat=0
split_feature=6 0 13 11 6 9 6 6 19 11 12 19 12 17
split_gain=0.668917 0.738793 1.0724 0.933221 0.712955 1.34163 1.2103 1.29386 0.87881 0.752141 1.79631 0.694385 1.60901 0.936414
threshold=-87.163437882619476 2.5000000000000004 -48.015210488575867 0.21552428747433425 -38.046342571558377 1.0000000180025095e-35 -27.342927342927336 -24.543129332394258 -0.2393156642875576 0.26148651706405562 55.500000000000007 -0.61559370248597534 11.500000000000002 1.0000000180025095e-35
decision_type=2 2 2 2 2 2 2 2 2 2 2 2 2 2
left_child=-1 2 -2 -3 5 -4 -6 -8 9 10 -7 13 -13 -5
right_child=1 3 4 11 6 8 7 -9 -10 -11 -12 12 -14 -15
leaf_value=-0.031273433241684329 -0.020673887956465034 0.035152262652888518 -0.031342083116391639 0.005604697463604558 0.024914170472108629 0.042368045805868948 -0.03661882192164196 0.0034544285632555345 0.012520886511353047 -0.033590910453078777 -0.035659560946483572 0.031472208271818125 -0.016582046382579992 0.031343891262116244
leaf_weight=0.54499432057491404 2.2736764338915227 1.0254432628862549 1.5839438114053361 8.0691115230438264 2.2403921190125411 0.52929824258899338 0.77337610931135792 11.626083036913768 2.522280743898591 0.94283923698822025 0.53286729566752911 0.8087204447947437 2.7923554489389062 1.5101774246431894
leaf_count=51 285 14 321 143 84 9 26 799 70 74 36 14 64 13
internal_value=0.00172214 0.00220514 -0.00111433 0.00758532 0.0010288 -0.00757789 0.00462155 0.000954989 0.000736397 -0.0140884 0.00322315 0.00544059 -0.00579014 0.00966249
internal_weight=37.7756 37.2306 23.0248 14.2058 20.7511 6.11123 14.6399 12.3995 4.52729 2.005 1.06217 13.1804 3.60108 9.57929
internal_count=2003 1952 1704 248 1419 510 909 825 189 119 45 234 78 156
is_linear=0
shrinkage=0.03


Tree=250
num_leaves=15
num_cat=0
split_feature=11 5 11 11 6 11 5 6 6 12 3 11 1 11
split_gain=0.677567 0.607216 1.1228 1.29076 1.15829 0.93129 1.11601 2.74201 1.34837 1.01542 1.01294 0.920371 0.894746 0.769265
threshold=0.7834713116567702 6.5000000000000009 0.53227872682533917 0.56065110759219738 -77.464609915571614 0.51113388410968474 26.500000000000004 -27.342927342927336 130.55480460184438 10.500000000000002 1.0000000180025095e-35 0.67534821531199596 8.5000000000000018 0.53914104646511074
decision_type=2 2 2 2 2 2 2 2 2 2 2 2 2 2
left_child=1 2 4 -4 -1 9 7 10 13 -3 -7 -5 -6 -8
right_child=-2 5 3 11 12 6 8 -9 -10 -11 -12 -13 -14 -15
leaf_value=0.00080214585184120661 -0.033812757384114156 0.029472152158028522 0.034728826026052803 -0.02066580657330663 -0.036282079861460606 -0.01974542817436303 -0.01671498112189623 -0.033961760576516939 -0.03122211965386177 0.0053935014906662145 0.021198830209530593 0.018497153457913813 0.0050419098394055466 0.018409593024126893
leaf_weight=2.5214599771716166 0.48918448944459569 1.7230052132799816 1.1104121077514721 1.3350221841537862 2.1688695197226466 0.77498405495134681 0.66405305275111448 2.7588463551946898 0.72683161820168596 18.505986433767248 1.8229655611212363 0.90699424076592539 0.60257423692382861 3.62214565485192
leaf_count=188 36 87 25 69 196 65 38 125 50 847 31 34 15 181
internal_value=0.00127623 0.00171362 -0.00530686 0.00827782 -0.0139112 0.00369717 -0.00361275 -0.0131334 0.00656078 0.0074444 0.00898491 -0.00482267 -0.0272973 0.0129678
internal_weight=39.7333 39.2442 8.64533 3.35243 5.2929 30.5988 10.3698 5.3568 5.01303 20.229 2.59795 2.24202 2.77144 4.2862
internal_count=1987 1951 527 128 399 1424 490 221 269 934 96 103 211 219
is_linear=0
shrinkage=0.03


Tree=251
num_leaves=15
num_cat=0
split_feature=19 19 4 5 6 0 6 19 10 11 13 3 6 6
split_gain=0.616582 0.798875 1.17456 0.864828 1.36551 1.07611 0.813178 0.98089 0.755656 0.734541 0.679312 0.914473 0.590185 0.708776
threshold=-0.95297903005573326 -0.78574730703237872 2.3161438887905801 46.500000000000007 -45.900596558185903 2.5000000000000004 74.307036247334779 0.61559370248597578 1.0000000180025095e-35 0.20133368915798888 -23.958883988410026 1.0000000180025095e-35 45.633676668159431 22.921747967479678
decision_type=2 2 2 2 2 2 2 2 2 2 2 2 2 2
left_child=-1 2 3 4 5 -2 7 8 12 -10 -8 -12 13 -3
right_child=1 6 -4 -5 -6 -7 10 -9 9 -11 11 -13 -14 -15
leaf_value=0.010837845523440703 -0.034002637032920668 0.0080003759198074512 0.02674968868708804 0.015871564644189418 -0.032444209446968124 0.013217355703606472 -0.034001841123336533 -0.030631680318057897 0.021708998261701067 -0.03066917634471204 -0.021470867464762448 0.022408469020475451 0.024254423903363829 -0.015576781911885456
leaf_weight=7.3086890127742654 0.60608715255511958 16.764845858211647 0.75480369478464115 0.79322890847106453 2.6281476533622508 1.5329946445999665 0.86377765037468668 0.65555545763345335 0.33161063320585416 0.88155517147970386 0.93459793805959523 0.78775396314449608 1.8332086655718729 1.2318625971965946
leaf_count=197 62 530 10 32 138 20 107 373 26 202 133 20 73 53
internal_value=0.00300917 0.00113932 -0.00836609 -0.0131329 -0.017959 -0.000161951 0.00361121 0.00550641 0.00663222 -0.016352 -0.0122903 -0.00140173 0.00803836 0.00638654
internal_weight=37.9087 30.6 6.31526 5.56046 4.76723 2.13908 24.2848 21.6986 21.0431 1.21317 2.58613 1.72235 19.8299 17.9967
internal_count=1976 1779 262 252 220 82 1517 1257 884 228 260 153 656 583
is_linear=0
shrinkage=0.03


Tree=252
num_leaves=15
num_cat=0
split_feature=0 11 11 11 11 5 5 11 5 11 11 13 18 19
split_gain=0.872295 0.840076 1.93812 0.983784 1.48306 0.871442 1.25222 1.28332 0.876888 0.870527 0.863575 0.814874 0.739292 1.52324
threshold=12.500000000000002 0.56354735732951211 0.53227872682533917 0.51113388410968474 0.47805783326714585 6.5000000000000009 28.500000000000004 0.38445233002554774 2.5000000000000004 0.57030249199738658 0.42611176779411258 54.683046068199083 0.95297903005573359 -0.78574730703237872
decision_type=2 2 2 2 2 2 2 2 2 2 2 2 2 2
left_child=1 2 3 4 5 8 10 -8 12 -3 -7 -11 13 -1
right_child=-2 9 -4 -5 -6 6 7 -9 -10 11 -12 -13 -14 -15
leaf_value=0.0072892283252804372 -0.037505790151027729 -0.036218206360043269 0.027478890702224805 -0.027152180415594245 0.025529899530923786 0.0079550303775988967 0.0021944002251559594 -0.028367953194281016 -0.038287593175616239 0.0010723885425007256 0.030979435069848491 -0.033259427242503949 0.022544214326848781 -0.033501811563189904
leaf_weight=1.9494058658310676 0.47464606165885825 0.72759051260072549 3.3078026908915481 0.93382299187942308 2.6250197479384942 6.358864244102735 7.2275291034457023 1.4917491303349377 0.79452211255556893 7.153767519936082 1.9054231125919612 0.68148729356471438 0.77468582027358923 1.4270531166694262
leaf_count=88 5 30 123 85 127 326 292 144 57 388 70 73 24 178
internal_value=0.00290772 0.00342118 0.00587435 0.00307055 0.00421995 0.00166906 0.00489627 -0.0030344 -0.00941326 -0.00482857 0.0132636 -0.00191369 -0.00388676 -0.00995102
internal_weight=37.8334 37.3587 28.7959 25.4881 24.5543 21.9292 16.9836 8.71928 4.94567 8.56285 8.26429 7.83525 4.15114 3.37646
internal_count=2010 2005 1514 1391 1306 1179 832 436 347 491 396 461 290 266
is_linear=0
shrinkage=0.03


Tree=253
num_leaves=15
num_cat=0
split_feature=6 14 13 19 13 4 3 6 6 11 14 5 0 18
split_gain=1.40876 1.02543 0.934317 0.891503 0.734066 1.21868 1.44591 2.03866 0.992991 1.25713 1.27651 1.24235 1.14412 0.909991
threshold=-37.331415213091162 6.0554999999999959 62.045381707664177 -0.060268340127661524 -0.61933147734716132 0.93711985162432765 1.0000000180025095e-35 -36.775483011325775 42.245131729667818 0.38890672055579995 4.7454999999999989 40.500000000000007 1.0000000180025095e-35 0.99635443704902704
decision_type=2 2 2 2 2 2 2 2 2 2 2 2 2 2
left_child=2 4 -1 -4 8 6 7 -6 9 10 11 -2 -11 -9
right_child=1 -3 3 -5 5 -7 -8 13 -10 12 -12 -13 -14 -15
leaf_value=-0.011175079565240373 -0.030110277649724473 -0.021796093371393457 0.024452561813413064 -0.031040932329095033 0.044018976125307682 -0.015993412174121202 0.018915511885326256 -0.028291147308002144 0.019119350109141769 -0.030443699335024627 0.032985307914834699 0.0082375393759808735 0.019424533824020946 0.023139201174969322
leaf_weight=11.039805191714548 2.1241472845140406 1.2977105126919912 1.2900688690715467 0.32648039482592039 0.53448284458136219 3.1828536464599892 3.7557891112519428 2.0844922461692499 6.0793077782145692 0.46309827629011113 0.54968203220050771 1.1842233497591221 3.9103540056676138 0.36364346463233221
leaf_count=637 108 162 62 54 5 61 79 348 252 130 15 40 70 6
internal_value=0.000127828 0.00418494 -0.00805599 0.013245 0.00557632 -0.000694759 0.00653148 -0.0090628 0.00992387 0.00313263 -0.00934983 -0.0163838 0.0141441 -0.0206517
internal_weight=38.1861 25.5298 12.6564 1.61655 24.2321 9.92126 6.73841 2.98262 14.3108 8.2315 3.85805 3.30837 4.37345 2.44814
internal_count=2029 1276 753 116 1114 499 438 359 615 363 163 148 200 354
is_linear=0
shrinkage=0.03


Tree=254
num_leaves=15
num_cat=0
split_feature=6 9 11 11 11 6 18 5 7 7 7 6 4 4
split_gain=0.651353 0.620024 0.685212 1.62005 0.892255 0.775702 0.735304 0.727098 0.718947 1.59253 1.15557 1.1066 0.97666 0.930193
threshold=-87.163437882619476 5.5000000000000009 0.69504828068137836 0.66941875888842972 0.55487959311138824 74.307036247334779 0.99635443704902704 54.500000000000007 21.500000000000004 4.5000000000000009 1.0000000180025095e-35 126.4027149321267 -0.18742397032486521 -1.1407220785607606
decision_type=2 2 2 2 2 2 2 2 2 2 2 2 2 2
left_child=-1 2 3 4 8 6 -6 -4 9 10 13 -10 -11 -2
right_child=1 -3 7 -5 5 -7 -8 -9 11 12 -12 -13 -14 -15
leaf_value=-0.031208074981790488 0.041007079106417141 0.016323852391361814 -0.025022913986473182 0.032968427363491808 -0.010292679618110324 -0.034850708710798782 0.027076279112703362 0.025220229466830658 -0.017802346706821928 -0.0022612651795112116 -0.030179551383498485 0.017856448924532579 0.023174176215275059 0.00053862059389281195
leaf_weight=0.51663225336233054 0.53175858856411906 2.7846613174770019 1.500263955691479 1.5080985596723611 3.1691402063734126 0.96769995783688489 0.55722583737224329 0.31337579124374304 2.9621123018441713 1.8052941792557247 1.0759781822271168 1.064802181557752 5.491526122466893 13.215549251792259
leaf_count=44 13 72 110 36 235 62 8 16 213 162 60 55 141 735
internal_value=0.00224404 0.00271179 0.00160226 0.00260826 0.00112368 -0.0109194 -0.00470468 -0.0163415 0.00328572 0.00540824 -0.000239387 -0.0083734 0.0168812 0.00210398
internal_weight=37.4641 36.9475 34.1628 32.3492 30.8411 4.69407 3.72637 1.81364 26.147 22.1201 14.8233 4.02691 7.29682 13.7473
internal_count=1962 1918 1846 1720 1684 305 243 126 1379 1111 808 268 303 748
is_linear=0
shrinkage=0.03


Tree=255
num_leaves=15
num_cat=0
split_feature=5 14 4 19 18 2 11 14 12 14 12 0 4 14
split_gain=1.09218 1.11047 1.11896 1.26474 1.04381 0.68507 0.430985 1.07279 1.67718 1.54197 1.32978 1.04961 0.912895 0.843589
threshold=4.5000000000000009 2.212499999999999 1.8956764226060001 -0.99635443704902682 0.98182534576205316 3.5000000000000004 0.50855718130674632 0.77449999999999808 12.500000000000002 -0.60350000000000203 15.500000000000002 3.5000000000000004 1.4293019155049642 1.4415000000000033
decision_type=2 2 2 2 2 2 2 2 2 2 2 2 2 2
left_child=1 2 3 -1 -5 6 11 8 9 -8 13 -2 -11 -9
right_child=5 -3 -4 4 -6 -7 7 10 -10 12 -12 -13 -14 -15
leaf_value=0.021235995516637702 0.00034574778947490687 -0.0307694761767877 0.013993790337560647 -0.033708873171577537 0.010531271344360653 0.02335494771435476 -0.035797075527781955 -0.037928009380211743 0.018628243186938436 -0.017773225224569946 -0.036252622027936998 0.018354877269051762 0.034931439922765227 0.0055302538982119447
leaf_weight=0.71418417472159479 14.743266130826678 1.8686572890583191 1.9832375998375935 2.1034020229562884 0.62190455896779884 1.3078603374306101 1.3432248050230557 0.4888791855919411 3.3302224998187739 0.54062504370813058 1.6506355023302601 3.6296773125650352 0.65307971090078354 2.2621843009401346
leaf_count=11 858 203 28 227 22 25 104 33 81 51 89 63 6 190
internal_value=-0.000413036 -0.0108254 -0.0039527 -0.0143008 -0.0236134 0.0021219 0.00115234 -0.0037701 0.00462866 -0.0137486 -0.014965 0.00390355 0.0110617 -0.00219252
internal_weight=37.241 7.29139 5.42273 3.43949 2.72531 29.9497 28.6418 10.2689 5.86715 2.53693 4.4017 18.3729 1.1937 2.75106
internal_count=1991 491 288 260 249 1500 1475 554 242 161 312 921 57 223
is_linear=0
shrinkage=0.03


Tree=256
num_leaves=15
num_cat=0
split_feature=14 14 13 14 14 14 18 1 12 9 8 15 5 5
split_gain=0.779095 1.78142 1.18419 1.10971 1.00667 0.861523 1.47163 1.31312 0.972955 0.827623 0.726821 0.661735 1.02494 0.954552
threshold=2.6049999999999991 0.77449999999999808 -28.580611145957203 0.60650000000000415 3.1260000000000017 4.119500000000003 0.35460488704253579 1.5000000000000002 36.500000000000007 3.5000000000000004 8.0000000000000018 1.0500000000000003 56.500000000000007 18.500000000000004
decision_type=2 2 2 2 2 2 2 2 2 2 2 2 2 2
left_child=1 3 9 11 -2 6 8 10 -6 -3 -7 12 13 -1
right_child=4 2 -4 -5 5 7 -8 -9 -10 -11 -12 -13 -14 -15
leaf_value=0.0029305772393875161 0.02252643969091029 -0.010957656920645159 -0.027715291230666173 0.034804270422783105 0.021648141877887585 -0.030362894470999168 -0.02899262551439458 0.016244637916369015 -0.013942495468535581 0.02491374320158251 0.028846717392630294 0.010991602682405082 0.021227208481935187 -0.015469144730175445
leaf_weight=5.3395711616176502 2.9890200810623346 2.2887735656113368 3.3377312955708467 0.94438450454617751 1.5951568790187578 0.94886502275767248 1.7206462206668218 5.3253327440470457 1.2200154934398595 0.77483421901706595 0.23226182971848175 4.5917059523344497 1.4400657648657205 4.835696181980893
leaf_count=311 110 122 254 31 68 346 70 147 43 13 14 179 56 238
internal_value=0.00148561 -0.00184821 -0.0153533 0.00319223 0.00708173 0.00290102 -0.00713519 0.00989752 0.00622417 -0.00188522 -0.0187197 0.0013502 -0.00246118 -0.00581371
internal_weight=37.5841 23.5528 6.40134 17.1514 14.0313 11.0423 4.53582 6.50646 2.81517 3.06361 1.18113 16.207 11.6153 10.1753
internal_count=2002 1204 389 815 798 688 181 507 111 135 360 784 605 549
is_linear=0
shrinkage=0.03


Tree=257
num_leaves=15
num_cat=0
split_feature=13 13 11 13 15 12 7 11 19 9 15 5 5 0
split_gain=0.653565 1.25525 1.01041 1.09317 1.04094 1.48308 0.837551 1.00722 0.935 0.80825 1.15512 0.724525 0.851593 1.11183
threshold=22.928313525600359 18.102355900468762 0.69504828068137836 25.803608852959858 0.75000000000000011 4.5000000000000009 8.5000000000000018 0.49936748563567485 -0.70581670320594803 2.5000000000000004 0.8500000000000002 9.5000000000000018 17.500000000000004 1.0000000180025095e-35
decision_type=2 2 2 2 2 2 2 2 2 2 2 2 2 2
left_child=1 11 3 -2 5 -5 7 9 -8 10 -6 -1 -13 -14
right_child=2 -3 -4 4 6 -7 8 -9 -10 -11 -12 12 13 -15
leaf_value=-0.010783527457765561 0.037768567639485134 -0.035266633093633482 -0.030695975674146111 0.034496807437475643 -0.021845209630122018 -0.020883236808754115 0.0255752727032609 0.030304012517898788 -0.019687854438462236 -0.020868683261554159 0.032654440549835531 0.013766722636115348 -0.020277033884648105 0.0020453036246794892
leaf_weight=4.9722278635599713 1.0638013977732015 0.97043541939637989 0.61333959914918601 0.54240933014079784 0.50491250737104598 2.2020984198316 0.6023121773614547 2.790960623708088 1.2913662452483547 0.79719409099197935 1.1408785447711123 4.3488666260964264 2.3474081797030548 13.896140719152752
leaf_count=367 30 66 46 23 58 213 20 61 83 21 35 185 499 326
internal_value=0.000815881 -0.00177686 0.00677285 0.00887428 0.00576069 -0.00993823 0.0118056 0.0179913 -0.00529125 0.00392489 0.0159345 -0.000505587 0.00197612 -0.00118057
internal_weight=38.0844 26.5351 11.5493 10.9359 9.87213 2.74451 7.12762 5.23395 1.89368 2.44299 1.64579 25.5646 20.5924 16.2435
internal_count=2033 1443 590 544 514 236 278 175 103 114 93 1377 1010 825
is_linear=0
shrinkage=0.03


Tree=258
num_leaves=15
num_cat=0
split_feature=19 14 11 14 2 6 1 4 11 4 4 2 6 14
split_gain=0.553115 1.5444 0.733585 0.71222 0.526189 0.499932 0.48545 0.470105 0.637871 0.593069 1.12858 0.703329 0.596881 0.516119
threshold=0.23931566428755774 4.2534999999999998 0.33069910855480872 6.1240000000000032 1.0000000180025095e-35 -88.488994153402771 2.5000000000000004 2.3161438887905801 0.31761115672136059 1.6794879381871952 1.6209443681942652 1.5000000000000002 -86.576576576576556 3.4499999999999962
decision_type=2 2 2 2 2 2 2 2 2 2 2 2 2 2
left_child=3 4 -3 5 -2 -1 -4 9 -9 10 12 -11 -7 -14
right_child=1 2 6 -5 -6 7 -8 8 -10 11 -12 -13 13 -15
leaf_value=-0.031071908238806789 -0.031163879248407106 0.02851406763325787 -0.030842513062368158 -0.024478641916493789 -0.0051928168188061317 0.038331349504901635 0.014205275571427164 0.029777804148957247 0.0032533003527848666 -0.016041181007213978 0.043771074194149051 0.008788433955714544 0.0049280275506326573 -0.0072791369766760415
leaf_weight=0.37052146971109934 1.8840728090290206 1.1280434767541008 0.42937222043110512 0.836866803932934 1.119176868785871 0.43445116188378463 0.43182764388620853 1.4284035647287958 1.9031899450346825 2.9073732253164044 0.64487196691334148 1.587295376230031 18.04388821520843 3.7681597813207182
leaf_count=26 539 47 107 123 41 11 5 19 32 31 5 24 741 261
internal_value=0.00137988 -0.00790593 0.012596 0.00283201 -0.0214856 0.00356719 -0.0082544 0.00398501 0.0146255 0.00269056 0.0046468 -0.00727259 0.00351268 0.00281917
internal_weight=36.9175 4.99249 1.98924 31.925 3.00325 31.0882 0.8612 30.7176 3.33159 27.386 22.8914 4.49467 22.2465 21.812
internal_count=2012 739 159 1273 580 1150 112 1124 51 1073 1018 55 1013 1002
is_linear=0
shrinkage=0.03


Tree=259
num_leaves=15
num_cat=0
split_feature=18 5 9 3 9 15 18 18 12 9 6 19 6 17
split_gain=0.57903 0.487411 1.13956 0.847742 0.822154 1.12617 0.798241 1.18997 1.04016 1.1678 0.877388 0.751807 0.958182 1.49197
threshold=-0.99635443704902682 56.500000000000007 2.5000000000000004 1.0000000180025095e-35 2.5000000000000004 1.2500000000000002 0.51639395938746258 0.29696027566504674 12.500000000000002 1.5000000000000002 -73.96950875211742 0.5163939593874618 -70.767313512551169 1.0000000180025095e-35
decision_type=2 2 2 2 2 2 2 2 2 2 2 2 2 2
left_child=-1 4 3 -3 5 6 7 10 9 -8 -2 12 -12 -14
right_child=1 2 -4 -5 -6 -7 8 -9 -10 -11 11 -13 13 -15
leaf_value=-0.032871480438132074 -0.031947512285651541 -0.030581416211131675 0.032689805300988875 0.011495233845304173 -0.0059987384087396445 0.028281471500802385 -0.034898090333757785 -0.038979857064800394 0.012057384525906907 0.029047928190846322 0.043540528356578893 -0.030708055356071122 0.0073984037865666326 -0.031463418864221444
leaf_weight=0.42790421700919878 0.73715873967739831 0.63527239130053148 1.4933683822746386 1.3398689697496591 10.089724105986532 1.6390709811530531 0.91630751853517611 0.78943449715734537 8.7499623806797882 0.35723671788582578 0.53154859293135803 0.58121916319942091 6.1771062924235647 1.0386021618905941
leaf_count=37 134 150 22 28 292 56 73 95 358 12 18 288 301 109
internal_value=0.00181541 0.00223856 0.012914 -0.00203804 0.00106706 0.00438025 0.0024095 -0.00365334 0.00837045 -0.0169609 -0.000577107 0.00219951 0.00466832 0.00180478
internal_weight=35.5038 35.0759 3.46851 1.97514 31.6074 21.5176 19.8786 9.85507 10.0235 1.27354 9.06563 8.32848 7.74726 7.21571
internal_count=1973 1936 200 178 1736 1444 1388 945 443 85 850 716 428 410
is_linear=0
shrinkage=0.03


Tree=260
num_leaves=15
num_cat=0
split_feature=0 0 1 14 2 15 14 1 14 14 4 14 14 16
split_gain=0.66554 0.813653 0.784296 0.722599 1.52604 0.988433 0.984509 0.959593 0.939094 1.16148 1.00582 0.826001 0.684845 0.731585
threshold=12.500000000000002 9.5000000000000018 13.500000000000002 -0.69800000000000206 1.5000000000000002 1.0500000000000003 -1.4749999999999994 9.5000000000000018 -2.022500000000004 -2.6499999999999981 -0.22289952759811194 -0.55350000000000132 -1.9624999999999999 1.0000000180025095e-35
decision_type=2 2 2 2 2 2 2 2 2 2 2 2 2 2
left_child=1 2 3 6 7 -6 8 11 9 10 -1 -5 -10 -14
right_child=-2 -3 -4 4 5 -7 -8 -9 12 -11 -12 -13 13 -15
leaf_value=-0.031910359858219904 -0.03710241380549207 0.022401748945977976 -0.017138656968121276 0.032347396717066712 0.029847922693875283 -0.00091622013450508104 -0.026650970904298469 -0.035918399735145698 0.043119471906898375 -0.036214475622404839 0.0047807512746449827 -0.0010516492762444433 -0.02104670870498802 0.022173899392459062
leaf_weight=0.82417260787042268 0.45937514584511419 1.3149810830363993 2.7094550798647097 0.69326536060543986 2.6825085453747297 1.446942973823752 1.8915583279158399 0.68580798478796978 0.56474460638128254 1.11345828071353 3.6520484306092835 17.216739614610571 0.60390109702711992 0.84659822611138225
leaf_count=131 5 18 44 22 65 28 108 12 8 60 142 1277 33 31
internal_value=-0.00121933 -0.000764557 -0.00163665 -0.00033312 0.00257105 0.0190683 -0.00728286 -0.00109238 -0.00246547 -0.00879539 -0.0019749 0.00024117 0.0150918 0.00417943
internal_weight=36.7056 36.2462 34.9312 32.2217 22.7253 4.12945 9.49648 18.5958 7.60492 5.58968 4.47622 17.91 2.01524 1.4505
internal_count=1984 1979 1961 1917 1404 93 513 1311 405 333 273 1299 72 64
is_linear=0
shrinkage=0.03


Tree=261
num_leaves=15
num_cat=0
split_feature=10 6 5 19 13 13 13 11 11 4 19 13 4 11
split_gain=0.728956 0.66467 0.579631 0.562374 0.426683 1.31588 1.05594 0.798708 0.778389 0.725535 1.00974 0.956461 1.34786 0.830434
threshold=1.0000000180025095e-35 118.51470973726133 40.500000000000007 -0.99635443704902682 22.928313525600359 17.176463346288234 25.803608852959858 0.63726261727220712 0.57922175004386089 -0.67883741863506908 -0.29696027566504651 69.771931667120583 1.8204928717607067 0.58289455686171932
decision_type=2 2 2 2 2 2 2 2 2 2 2 2 2 2
left_child=4 3 -3 -2 5 7 -6 8 -1 -8 11 12 -11 -12
right_child=1 2 -4 -5 6 -7 9 -9 -10 10 13 -13 -14 -15
leaf_value=0.00016988311468278211 0.011186376908909638 0.026121356395882228 -0.031354193441865685 -0.030543501541938207 0.034578453995754529 -0.03447373732759821 0.032562607151147588 0.015488844979055621 -0.02414798060249275 -0.035360371538421552 0.015474535698238177 0.0099515399992173535 0.014680340429215141 -0.019200341583129769
leaf_weight=18.333476487343443 0.3511085804784676 0.54339830254320975 0.22260862246912438 1.6879950610527876 1.0860448086750683 0.99565125184017134 0.70426074485294421 2.8914648623322128 1.2664812246948702 1.7864108736393953 4.0027660285850297 1.3115213674900585 0.66469320841133583 0.73588982170622319
leaf_count=779 14 22 47 420 25 61 9 95 90 70 170 65 9 109
internal_value=0.000287491 -0.0144077 0.00941844 -0.0233581 0.00150783 -0.000724091 0.00660145 0.00076994 -0.00140145 0.00330079 0.000876696 -0.0107262 -0.0217903 0.0100897
internal_weight=36.5838 2.80511 0.766007 2.0391 33.7787 23.4871 10.2916 22.4914 19.6 9.20554 8.50128 3.76263 2.4511 4.73866
internal_count=1985 503 69 434 1482 1025 457 964 869 432 423 144 79 279
is_linear=0
shrinkage=0.03


Tree=262
num_leaves=15
num_cat=0
split_feature=14 14 7 7 4 14 0 9 14 15 11 0 18 11
split_gain=0.747048 2.17434 1.26224 0.982682 0.910273 1.58195 1.29639 1.27673 1.19203 1.12041 0.883007 0.827696 1.15174 0.779388
threshold=2.6049999999999991 2.1130000000000004 18.500000000000004 3.5000000000000004 -0.22289952759811063 -2.6499999999999981 1.5000000000000002 2.5000000000000004 -2.9575000000000009 0.8500000000000002 0.55487959311138824 1.0000000180025095e-35 -0.95297903005573326 0.66941875888842972
decision_type=2 2 2 2 2 2 2 2 2 2 2 2 2 2
left_child=1 2 3 4 -1 8 -7 -8 9 -6 11 12 -2 -12
right_child=10 -3 -4 -5 5 6 7 -9 -10 -11 13 -13 -14 -15
leaf_value=0.012357517894433373 0.021426293261874559 -0.036806940450034881 -0.016851336176718527 0.013784226166060943 -0.032858945930730812 -0.032471624679878276 0.0077010597610421604 -0.022380911410180247 0.040328710742899898 0.017384467458112514 -0.028319017167546562 0.013284511945471282 -0.030897539336660378 0.0088710468407165195
leaf_weight=3.2015517145337116 0.62561229089624049 1.5802940234716505 3.5169183764228356 5.2196050093771182 0.63630094226391554 2.1979178074252559 3.0086429573711939 2.1970171983120963 0.96927830250934111 1.0731238800508434 1.1391392173827619 8.9453516083885898 0.95897755862097345 0.9141443226544651
leaf_count=301 52 99 241 226 47 167 45 34 9 34 117 256 321 63
internal_value=0.000331803 -0.00281574 -0.000376358 0.00275501 -0.00157868 -0.00600402 -0.0131519 -0.00499485 0.0137519 -0.00131769 0.00623523 0.00974451 -0.0102396 -0.0117616
internal_weight=36.1839 23.6007 22.0204 18.5034 13.2838 10.0823 7.40358 5.20566 2.6787 1.70942 12.5832 10.5299 1.58459 2.05328
internal_count=2012 1203 1104 863 637 336 246 79 90 81 809 629 373 180
is_linear=0
shrinkage=0.03


Tree=263
num_leaves=15
num_cat=0
split_feature=10 19 1 4 5 19 1 5 5 4 4 4 4 19
split_gain=0.737477 0.839089 0.914126 0.945256 0.595023 0.595501 1.04589 1.55542 0.864545 0.796322 0.736546 0.906539 1.25669 0.80584
threshold=1.0000000180025095e-35 -0.91023613416931226 7.5000000000000009 1.2194741298138605 69.500000000000014 -0.2393156642875576 2.5000000000000004 31.500000000000004 27.500000000000004 0.4804370716151613 0.26072241581078753 1.5167528431129995 0.78759422170035209 0.23931566428755774
decision_type=2 2 2 2 2 2 2 2 2 2 2 2 2 2
left_child=4 2 3 -2 5 6 7 -1 10 -10 13 12 -12 -7
right_child=1 -3 -4 -5 -6 8 -8 -9 9 -11 11 -13 -14 -15
leaf_value=-0.031583702580906536 -0.03017828173412505 -0.030609068695326244 -0.031357948579347393 0.039994866203465505 0.020311841456293465 0.025328606276034685 0.0021608136667404642 0.0039732376677404941 -0.030834532742443028 0.0019377741141745352 0.0089703830080056311 0.014006654285517863 -0.035333624193840354 -0.0025548666046679449
leaf_weight=2.3183340539981172 0.23695922165643446 1.3402303993498197 0.45731033012270927 0.63769280537962914 1.6115747162839387 3.9257843538653123 13.667244242504237 2.1195373685332015 0.90605907911958583 2.5322231490863487 1.2633381394261962 2.8529351276811212 1.0594235098978968 1.2235526957520049
leaf_count=271 86 371 39 4 90 113 110 125 273 80 60 34 37 287
internal_value=0.00131647 -0.0138501 0.00301292 0.0209837 0.00252698 0.00162761 -0.00194795 -0.0146016 0.00633111 -0.00669841 0.01067 0.00267779 -0.0112369 0.0187031
internal_weight=36.1522 2.67219 1.33196 0.874652 33.48 31.8684 18.1051 4.43787 13.7633 3.43828 10.325 5.1757 2.32276 5.14934
internal_count=1980 500 129 90 1480 1390 506 396 884 353 531 131 97 400
is_linear=0
shrinkage=0.03


Tree=264
num_leaves=15
num_cat=0
split_feature=4 18 6 5 1 1 6 18 5 9 12 6 15 5
split_gain=0.749986 0.612867 0.777657 0.854689 0.657572 0.919976 0.962288 0.762029 0.682413 0.618053 1.06813 1.49023 1.00379 0.866422
threshold=-1.0824190488705205 0.98182534576205316 -66.370847404382303 17.500000000000004 2.5000000000000004 9.5000000000000018 110.23769417930005 -0.66312265824079508 40.500000000000007 5.5000000000000009 17.500000000000004 1.8362533692722374 1.2500000000000002 19.500000000000004
decision_type=2 2 2 2 2 2 2 2 2 2 2 2 2 2
left_child=-1 4 -3 -4 9 6 7 -6 -7 10 11 13 -12 -2
right_child=1 2 3 -5 5 8 -8 -9 -10 -11 12 -13 -14 -15
leaf_value=0.030795718202759489 -0.0024721672888611363 0.025710558181067964 -0.021881218634503295 0.0088195327526260983 -0.022879971525219887 -0.01468368533503548 0.030962343043812263 0.0055620242315195922 0.01321127330777362 0.016525313058182493 -0.021597296637892286 -0.031063820711729813 0.022804360694032244 0.029671890061713863
leaf_weight=0.72550427680835028 1.6339745264485834 1.7027952513890339 1.0450491808587674 3.7254828588920645 0.92334486066829313 4.0233189320424563 1.2514150389470149 10.362422087055167 0.9819281551754101 0.86836886114906597 5.4729241545283003 0.92806295488844615 0.50010844506323326 1.4024532961338989
leaf_count=37 194 35 23 74 20 88 30 221 18 21 863 242 34 104
internal_value=0.000606617 -2.23685e-05 0.00830638 0.00209412 -0.00192423 0.0016618 0.00600268 0.00323504 -0.00921126 -0.00774585 -0.00986674 0.00220578 -0.0178796 0.0123744
internal_weight=35.5472 34.8216 6.47333 4.77053 28.3483 17.5424 12.5372 11.2858 5.00525 10.8059 9.93752 3.96449 5.97303 3.03643
internal_count=2004 1967 132 97 1835 377 271 241 106 1458 1437 540 897 298
is_linear=0
shrinkage=0.03


Tree=265
num_leaves=15
num_cat=0
split_feature=15 7 5 13 11 3 14 14 14 4 19 14 3 1
split_gain=0.744157 0.742686 1.06384 0.704521 0.846814 0.61712 0.504947 1.37328 1.25402 0.882418 1.0926 1.17102 0.972883 1.01071
threshold=0.65000000000000002 24.500000000000004 44.500000000000007 -20.436165977809271 0.23315522068863967 1.0000000180025095e-35 1.8774999999999993 2.6665000000000032 1.7854999999999992 0.14917215527520222 -0.95297903005573326 4.1419999999999986 3.5000000000000004 3.5000000000000004
decision_type=2 2 2 2 2 2 2 2 2 2 2 2 2 2
left_child=-1 6 -3 4 -4 -5 8 -8 -2 10 11 -9 13 -11
right_child=1 2 3 5 -6 -7 7 9 -10 12 -12 -13 -14 -15
leaf_value=-0.031675743188164317 0.0045237528116713836 -0.033504326585695569 0.025855565299758292 -0.019018265658296188 -0.025614277564902144 0.034525378466075389 -0.021732059582427774 0.032088966965729833 0.038872495310318472 -0.0011287982610629452 -0.020731211925621634 -0.022054820874073702 -0.01180396719607287 0.025014200804395939
leaf_weight=0.6096988867939207 18.069379042695804 1.2495661879074753 0.38643384887836907 0.26493970530282229 1.1258744275837669 0.72077943431213498 2.4163596138241692 0.95280449109850385 1.0100643707555708 2.1327300458506215 2.4188549999380475 0.5773508831334766 1.5251493123942053 3.5402347239432856
leaf_count=79 868 87 11 61 110 13 129 22 14 83 407 38 42 57
internal_value=0.00119337 0.00174407 -0.0109047 0.000400114 -0.0124624 0.020134 0.00319622 -0.00122912 0.00634217 0.00321529 -0.00818044 0.0116597 0.00946719 0.0151858
internal_weight=37.0002 36.3905 3.74759 2.49803 1.51231 0.985719 32.6429 13.5635 19.0794 11.1471 3.94901 1.53016 7.19811 5.67296
internal_count=2021 1942 282 195 121 74 1660 778 882 649 467 60 182 140
is_linear=0
shrinkage=0.03


Tree=266
num_leaves=15
num_cat=0
split_feature=6 12 15 4 0 18 19 6 8 4 13 14 15 11
split_gain=0.720365 0.787852 0.869652 0.869201 0.724373 0.83665 0.734855 0.988605 0.679084 0.735675 0.668772 0.955814 0.869059 1.31132
threshold=2.4071765477001379 59.500000000000007 1.0500000000000003 -0.7558257277871484 9.5000000000000018 1.0000000180025095e-35 -0.98182534576205283 25.180453860933689 8.0000000000000018 -0.23282789907834633 -58.035678984928623 6.0160000000000009 1.0500000000000003 0.51113388410968474
decision_type=2 2 2 2 2 2 2 2 2 2 2 2 2 2
left_child=10 3 8 -2 5 -5 -7 -8 9 -3 11 -1 13 -12
right_child=1 2 -4 4 -6 6 7 -9 -10 -11 12 -13 -14 -15
leaf_value=-0.030508792524665922 0.027401297617564897 -0.020811615185696946 -0.016730008378346862 -0.023908052212751406 0.020893144070148386 0.026493880030981701 0.017011505082736966 -0.01863767310804746 0.034622100971936541 0.014746226233158773 0.0081155900856810653 0.020203030207213538 0.01548052994911548 -0.011964128202440935
leaf_weight=1.0569952751975531 0.54709296418877684 0.71689604333369095 1.1764942702429833 3.9065069560892844 0.57784685119986612 0.58598928054561827 0.93596431486366816 2.7783159656100906 0.95780905243009318 1.9428941134538029 9.3357294164889044 0.48936827531724691 6.0584326227835836 4.2640243029454714
leaf_count=86 46 66 36 377 7 13 63 158 14 61 544 38 238 243
internal_value=0.0010393 -0.00420916 0.00567557 -0.00928735 -0.0115723 -0.0138582 -0.00472855 -0.00965441 0.0129622 0.00516228 0.00453565 -0.0144603 0.00602992 0.00181986
internal_weight=35.3304 14.1258 4.79409 9.33172 8.78462 8.20678 4.30027 3.71428 3.6176 2.65979 21.2045 1.54636 19.6582 13.5998
internal_count=1990 841 177 664 618 611 234 221 141 127 1149 124 1025 787
is_linear=0
shrinkage=0.03


Tree=267
num_leaves=15
num_cat=0
split_feature=18 6 4 12 14 6 6 13 14 14 4 6 14 13
split_gain=1.02464 0.735531 0.829593 1.21953 0.817055 0.785453 0.756319 0.878165 1.30967 0.749803 0.864007 0.99962 0.798101 0.730307
threshold=-0.98182534576205283 -86.576576576576556 1.2194741298138605 7.5000000000000009 -0.92899999999999838 -33.63250357193165 -73.377630121816154 16.310906965843873 0.99199999999999744 3.4499999999999962 0.0489773532501959 -55.269597956165114 4.3870000000000013 -48.015210488575867
decision_type=2 2 2 2 2 2 2 2 2 2 2 2 2 2
left_child=-1 -2 3 -3 5 -5 -4 -8 -9 13 11 -11 -12 -6
right_child=1 2 6 4 9 -7 7 8 -10 10 12 -13 -14 -15
leaf_value=-0.031644671423279147 -0.031782788624128942 -0.032615535221866741 0.021355612150299966 -0.033283256509848202 -0.016555722837948476 -0.0052518507202468792 0.0065625653861436173 0.0067138824461647519 -0.031199662414714061 0.013444248875027459 -0.025252075466038578 -0.032258982589473642 0.019396601538941453 0.0078807676316818859
leaf_weight=1.07390689884778 0.72442486835643549 1.3617923686688325 2.0182396942982441 1.4007404795556797 1.2629394397372369 2.5148557952925339 8.5183766011614335 1.6882963182870292 1.5943938749842343 0.55747541243908938 0.51611506668268692 1.8941071399021903 1.1936127523949833 8.5685409467550908
leaf_count=119 56 280 32 152 91 192 117 23 24 87 31 263 55 495
internal_value=-0.0027955 -0.00187927 -0.00122459 -0.00524721 -0.00316607 -0.0152796 0.00438471 0.00148231 -0.0117006 0.000223667 -0.0104506 -0.0218663 0.00591852 0.00474169
internal_weight=34.8878 33.8139 33.0895 19.2702 17.9084 3.9156 13.8193 11.8011 3.28269 13.9928 4.16131 2.45158 1.70973 9.83148
internal_count=2017 1898 1842 1646 1366 344 196 164 47 1022 436 350 86 586
is_linear=0
shrinkage=0.03


Tree=268
num_leaves=15
num_cat=0
split_feature=13 7 5 5 11 4 4 18 3 14 5 14 5 4
split_gain=0.651045 0.651446 1.40524 1.14495 0.801525 0.549492 0.601227 0.930502 0.69975 0.640071 0.952553 0.598325 1.05685 1.12675
threshold=97.10612509482128 23.500000000000004 41.500000000000007 63.500000000000007 0.19832886995803986 -1.0493853942954918 0.0489773532501959 -0.35460488704253573 7.5000000000000009 3.4499999999999962 10.500000000000002 -0.64449999999999885 22.500000000000004 -0.26253140723345036
decision_type=2 2 2 2 2 2 2 2 2 2 2 2 2 2
left_child=1 5 -3 -4 -5 -1 7 -7 -8 11 -11 12 -9 -14
right_child=-2 2 3 4 -6 6 8 9 -10 10 -12 -13 13 -15
leaf_value=0.025268744345084245 -0.030912502176414284 -0.033532358507527983 0.021381758881749591 0.03690568056983845 -0.029617070493209108 -0.01963906550475663 0.0073681433031735962 -0.033167763062680711 -0.013657420638923359 0.01879170054835726 -0.03046497456644863 0.014914888961737326 -0.03175616570359955 0.03059188520234609
leaf_weight=1.0152744913648337 0.54730026406468724 1.4011012883856881 1.4598703267547537 0.19583985116332747 0.97247236824478023 2.3848948151862741 18.492651377280712 0.77899327290652109 1.5434936964884389 0.52310418940032821 1.088834458554629 3.3191119198017991 0.37597647926304489 0.85208086762577273
leaf_count=44 126 88 121 3 90 492 429 102 30 44 106 233 30 29
internal_value=0.00155035 0.00206678 -0.00926761 0.00366809 -0.0184661 0.00357033 0.00281997 -0.00347361 0.00574843 0.00208308 -0.0144803 0.0070959 -0.00583457 0.0115037
internal_weight=34.951 34.4037 4.02928 2.62818 1.16831 30.3744 29.3591 9.323 20.0361 6.9381 1.61194 5.32616 2.00705 1.22806
internal_count=1967 1841 302 214 93 1539 1495 1036 459 544 150 394 161 59
is_linear=0
shrinkage=0.03


Tree=269
num_leaves=15
num_cat=0
split_feature=14 8 0 14 14 15 18 1 19 5 5 17 18 18
split_gain=1.39104 1.22526 0.901243 0.826031 1.11058 1.14972 0.968064 0.769934 0.675759 0.671529 0.87841 0.585886 0.878602 0.659902
threshold=-2.022500000000004 8.0000000000000018 5.5000000000000009 0.77449999999999808 1.162000000000001 1.0500000000000003 -0.78574730703237861 9.5000000000000018 -0.99635443704902682 19.500000000000004 26.500000000000004 1.0000000180025095e-35 0.78574730703237894 -0.95297903005573326
decision_type=2 2 2 2 2 2 2 2 2 2 2 2 2 2
left_child=1 2 -1 6 -5 7 -2 11 -7 -8 -11 13 -13 -6
right_child=3 -3 -4 4 5 8 9 -9 -10 10 -12 12 -14 -15
leaf_value=-0.024302849320486326 -0.030980093580772767 0.034686269343635445 0.020933197315407642 -0.030936970718935215 0.027451477355934648 0.02032272988248417 0.019149520264686741 -0.0099254992773347653 -0.015007847853709523 -0.024809661220897745 0.0090185332197412742 -0.031209202071812155 0.017539159783941292 0.0072405145885037683
leaf_weight=3.9968076599980114 0.51830438102478993 0.40511501711443987 0.44002227811142791 1.0907813950325387 1.7966383224702465 0.54149480676278461 4.7650964941422007 2.5374544704391147 4.861787295099929 0.82834993410506275 4.1618356706021586 0.76515167641628135 0.58880613499786705 7.6226124377862989
leaf_count=335 71 7 8 92 75 8 207 50 237 43 128 138 28 584
internal_value=-0.000332985 -0.0152564 -0.0198166 0.00206936 -0.00151135 0.000203783 0.00897201 0.00494144 -0.0114672 0.0110947 0.00340319 0.00844311 -0.0100096 0.0110956
internal_weight=34.9203 4.84194 4.43683 30.0783 19.8047 18.7139 10.2736 13.3107 5.40328 9.75528 4.99019 10.7732 1.35396 9.41925
internal_count=2011 350 343 1661 1212 1120 449 875 245 378 171 825 166 659
is_linear=0
shrinkage=0.03


Tree=270
num_leaves=15
num_cat=0
split_feature=12 14 13 6 7 19 12 12 6 9 11 4 16 13
split_gain=0.866187 0.700894 1.57827 0.994609 0.921183 1.00437 0.901864 1.89503 1.09116 0.951689 0.968359 1.15196 0.834481 0.807253
threshold=1.5000000000000002 -2.022500000000004 30.24202052704398 -12.22659323367427 36.500000000000007 -0.95297903005573326 44.500000000000007 31.500000000000004 28.542742398164087 2.5000000000000004 0.47378000064703701 1.8377198506341514 1.0000000180025095e-35 25.803608852959858
decision_type=2 2 2 2 2 2 2 2 2 2 2 2 2 2
left_child=-1 2 -2 -4 5 -3 7 8 9 10 -7 -12 13 -8
right_child=1 4 3 -5 -6 6 12 -9 -10 -11 11 -13 -14 -15
leaf_value=-0.032380860113352908 -0.026996476045361401 0.015702275833769989 0.017926998641778831 -0.020860436867967687 -0.020087051753763047 0.021259153456137863 0.021898844212129499 -0.025936742091231521 -0.016449155256803998 0.01930755449608057 -0.022530819195910753 0.018325795657680687 -0.0044597538189207276 -0.004364836106802032
leaf_weight=0.67583646474667958 2.2658086984301908 6.0927713371929739 2.0215532001311662 0.84315653881640162 1.3873419368755993 1.1841525003110343 4.48366926651215 2.6218119785917215 2.0980768655717839 3.5758680921862833 2.1524625272140843 0.87299497623462219 2.6876636437518755 1.3766708008770363
leaf_count=92 163 163 104 68 113 103 183 193 203 74 288 17 159 90
internal_value=0.00124629 0.00192139 -0.00828709 0.00651088 0.00375695 0.00497553 0.00187124 -0.00326227 0.00275259 0.00792719 -0.00173991 -0.0107417 0.00938136 0.0157292
internal_weight=34.3398 33.664 5.13052 2.86471 28.5335 27.1461 21.0534 12.5054 9.88355 7.78548 4.20961 3.02546 8.548 5.86034
internal_count=2013 1921 335 172 1586 1473 1310 878 685 482 408 305 432 273
is_linear=0
shrinkage=0.03


Tree=271
num_leaves=15
num_cat=0
split_feature=0 0 3 13 10 6 9 2 14 7 6 6 6 14
split_gain=0.630309 0.699152 0.795094 0.557569 0.455932 0.875617 0.75531 0.489809 0.678317 0.935678 0.920818 1.1374 0.966396 1.02376
threshold=12.500000000000002 9.5000000000000018 7.5000000000000009 97.10612509482128 1.0000000180025095e-35 118.51470973726133 6.5000000000000009 1.5000000000000002 -2.6499999999999981 4.5000000000000009 70.378539064560229 43.492985002418969 -76.30127369371175 0.21000000000000088
decision_type=2 2 2 2 2 2 2 2 2 2 2 2 2 2
left_child=1 2 3 4 7 6 -6 8 -1 10 11 12 13 -10
right_child=-2 -3 -4 -5 5 -7 -8 -9 9 -11 -12 -13 -14 -15
leaf_value=0.010959860035061018 -0.036531409457483913 0.021208705671982062 -0.035078183413997301 -0.030876359148812284 -0.030715943752371511 0.020757595665578749 0.017598108504226294 0.0098208594348962435 0.024429884732783808 0.0039194968073175311 -0.033527441499870324 0.027387604676672828 -0.01457539717997018 -0.019869816229764841
leaf_weight=3.8430225774209275 0.43574228510260482 1.317452959367073 0.60761221044231106 0.53274502009298785 1.5784143567580025 0.56122915385640215 0.35710643167840306 4.8571399366483083 1.3419685312255771 9.8307680499710823 1.2110902543499822 0.84887052816338915 6.6298582955932996 0.72216161216783792
leaf_count=171 5 19 18 137 366 56 33 43 52 521 83 32 395 83
internal_value=-0.000677443 -0.000221154 -0.00107872 -0.000439425 7.07797e-05 -0.0122352 -0.0218019 0.00111996 -0.000610104 -0.00277014 -0.00888549 -0.00575817 -0.00899448 0.00893108
internal_weight=34.6752 34.2394 32.922 32.3144 31.7816 2.49675 1.93552 29.2849 24.4277 20.5847 10.7539 9.54286 8.69399 2.06413
internal_count=2014 2009 1990 1972 1835 455 399 1380 1337 1166 645 562 530 135
is_linear=0
shrinkage=0.03


Tree=272
num_leaves=15
num_cat=0
split_feature=7 1 1 6 12 6 13 16 9 9 5 7 6 6
split_gain=0.966865 0.737179 0.554956 0.661836 0.987813 0.651552 0.532565 0.797432 0.511629 0.533954 0.95478 1.09878 1.02605 1.00875
threshold=35.500000000000007 9.5000000000000018 4.5000000000000009 72.618122138723336 60.500000000000007 -71.586353825021703 63.082491740035231 1.0000000180025095e-35 6.5000000000000009 1.0000000180025095e-35 34.500000000000007 29.500000000000004 -49.752540346682601 -87.87867657186932
decision_type=2 2 2 2 2 2 2 2 2 2 2 2 2 2
left_child=1 2 6 4 5 -4 8 -8 9 10 12 -12 13 -1
right_child=-2 -3 3 -5 -6 -7 7 -9 -10 -11 11 -13 -14 -15
leaf_value=0.037751983657961993 -0.019832944255952497 -0.0074785067347292221 -0.0032372339012470596 0.034956963007531518 -0.01251704695337294 0.023708972117078089 -0.030752583117570304 0.019308027821030239 -0.032041058781022758 0.0087393618884695316 -0.025706343440282203 0.029488810670843225 0.012204962380104574 -0.03095464104584366
leaf_weight=0.23583135005901557 1.7252950003166905 4.9428458909096653 1.1152009675279253 1.0193611334543673 1.4593826708733102 2.9279378422652367 0.93833479057502589 0.41217759108985774 0.34866448666434635 11.663195143875781 2.0536604155640821 0.38554166060930573 4.4653820105886615 1.0424035811738637
leaf_count=15 146 114 21 16 36 64 215 26 22 431 235 29 377 257
internal_value=0.00206028 0.00320455 0.00508592 0.0127532 0.00863987 0.0162765 0.00276499 -0.015474 0.00398472 0.00461763 -0.00125718 -0.0169822 0.00542092 -0.0182784
internal_weight=34.7352 33.0099 28.0671 6.52188 5.50252 4.04314 21.5452 1.35051 20.1947 19.846 8.18282 2.4392 5.74362 1.27823
internal_count=2004 1858 1744 137 121 85 1607 241 1366 1344 913 264 649 272
is_linear=0
shrinkage=0.03


Tree=273
num_leaves=15
num_cat=0
split_feature=0 0 11 11 11 3 3 2 6 9 15 6 14 14
split_gain=0.620949 0.848609 0.577107 0.498607 0.768774 0.819005 0.730615 0.563113 0.680939 0.793529 0.893531 0.774659 0.771008 0.83106
threshold=12.500000000000002 9.5000000000000018 0.74626599424823514 0.64654520246492664 0.58895894255036974 6.5000000000000009 1.5000000000000002 2.5000000000000004 -77.464609915571614 1.0000000180025095e-35 1.0500000000000003 -73.96950875211742 7.1760000000000028 2.8385000000000038
decision_type=2 2 2 2 2 2 2 2 2 2 2 2 2 2
left_child=1 2 3 4 5 7 -6 8 9 10 -1 -10 13 -13
right_child=-2 -3 -4 -5 6 -7 -8 -9 11 -11 -12 12 -14 -15
leaf_value=-0.031447589878326909 -0.036257095352862333 0.024969032317281068 -0.032439078926221748 0.011224253401072821 -0.033703658569385911 -0.034517590017185559 0.0054110589207542617 0.019513748668506869 -0.033625296843596407 0.020263264355298669 0.037414709433235639 -0.0046044487999763678 -0.032488619742213051 0.0077684159739739543
leaf_weight=0.63000271981582701 0.42339668679051001 1.2108070868998755 0.50449159272102306 3.1605273670720626 1.2155997149966413 0.60745270765619253 0.6648449656786396 1.3608859030646261 0.68375718483003822 2.6249145637266338 0.23204937773698475 13.698386460004263 0.6866833304084129 7.59451479409472
leaf_count=101 5 19 72 160 153 19 17 29 43 89 14 774 102 415
internal_value=-0.000144805 0.000293614 -0.000593894 -0.0001094 -0.00130345 -6.15104e-05 -0.0198744 0.000699287 -0.000279835 0.0120619 -0.0129111 -0.00217872 -0.00120046 -0.000191433
internal_weight=35.2983 34.8749 33.6641 33.1596 29.9991 28.1186 1.88044 27.5112 26.1503 3.48697 0.862052 22.6633 21.9796 21.2929
internal_count=2012 2007 1988 1916 1756 1586 170 1567 1538 204 115 1334 1291 1189
is_linear=0
shrinkage=0.03


Tree=274
num_leaves=15
num_cat=0
split_feature=10 19 1 12 13 11 13 0 15 14 7 6 14 13
split_gain=0.797144 0.756481 0.763768 0.696173 0.947046 0.770999 0.747147 0.70303 0.684478 0.663316 0.808283 0.582291 0.568543 0.973089
threshold=1.0000000180025095e-35 -0.91023613416931226 7.5000000000000009 52.500000000000007 -15.625792557051154 0.38182121981480382 -28.128788374841061 7.5000000000000009 0.8500000000000002 5.1415000000000051 36.500000000000007 95.039967206394763 4.1419999999999986 -87.692308055652958
decision_type=2 2 2 2 2 2 2 2 2 2 2 2 2 2
left_child=3 2 -2 5 6 9 8 12 -5 10 11 -1 -7 -14
right_child=1 -3 -4 4 -6 7 -8 -9 -10 -11 -12 -13 13 -15
leaf_value=-0.028867256526157153 0.017916170334112504 -0.030616445977943028 -0.031407620749692923 0.019941640369291358 0.018883402227523889 0.0013115977815118377 -0.024474963048711405 0.019747299863476755 -0.0043745027911683753 0.022950626293096167 0.026793270982654559 0.0073379526478412225 0.033754858474245274 -0.031970460449862584
leaf_weight=2.4619304870866512 0.84919307901873275 1.3704315659488191 0.42343368745059706 1.7262842604541218 4.4337523536378303 14.31815207777254 0.92102058412274335 1.7281680908054102 2.6278729589830618 0.39920101153256826 0.32611651190381952 0.47730902799230523 0.25088551361113776 1.0563482943834959
leaf_count=169 85 370 37 42 154 694 28 17 96 30 17 26 3 196
internal_value=0.000659425 -0.0151501 0.00150495 0.00201932 0.00866333 -0.00104977 7.34302e-05 0.00159062 0.00526607 -0.0135534 -0.0180161 -0.0229878 -0.000417505 -0.0193564
internal_weight=33.3701 2.64306 1.27263 30.727 9.70893 21.0181 5.27518 17.3536 4.35416 3.66456 3.26536 2.93924 15.6254 1.30723
internal_count=1964 492 122 1472 320 1152 166 910 138 242 212 195 893 199
is_linear=0
shrinkage=0.03


Tree=275
num_leaves=15
num_cat=0
split_feature=11 4 11 5 15 4 0 3 5 1 1 13 1 13
split_gain=0.721339 0.645091 0.613601 0.620337 0.585612 0.528784 0.57135 0.527423 0.748502 0.455172 0.501084 0.463925 0.94566 0.521128
threshold=0.67534821531199596 -1.0824190488705205 0.69504828068137836 4.5000000000000009 0.65000000000000002 4.2618596303024141 12.500000000000002 6.5000000000000009 69.500000000000014 21.500000000000004 9.5000000000000018 -69.650375506909072 1.5000000000000002 -58.035678984928623
decision_type=2 2 2 2 2 2 2 2 2 2 2 2 2 2
left_child=1 -1 -2 -4 -3 6 9 8 -5 10 11 12 -6 -13
right_child=2 4 3 7 5 -7 -8 -9 -10 -11 -12 13 -14 -15
leaf_value=0.027475379061474531 0.031504462690007624 -0.031627070440424725 -0.032590660582324266 -0.031795662796823533 -0.030343300587469996 0.032921667685916707 -0.036147351060189334 0.031011363341879872 0.040051751237855378 0.023418918336467809 -0.013924158843356947 -0.023373039821370616 0.029432668493180634 -0.00016367225066263953
leaf_weight=0.71482354629552247 1.194506909232586 0.56455728414585138 0.34417482019489387 0.39233413869806077 0.3031013681175122 0.41310333553701539 0.41643046960234542 0.67193629499524832 0.19554390039411373 0.68435969203710456 2.5852401954471125 0.90523302777730563 1.1122310067294163 22.812518148217332
leaf_count=40 33 74 35 84 80 8 5 9 5 6 78 81 27 1415
internal_value=0.000649024 -0.00068798 0.0152262 0.00310359 -0.00136362 -0.000779145 -0.00126222 0.0128551 -0.0078973 -0.00075075 -0.00134749 -5.38332e-05 0.0166313 -0.0010495
internal_weight=33.3101 30.5116 2.7985 1.60399 29.7968 29.2322 28.8191 1.25981 0.587878 28.4027 27.7183 25.1331 1.41533 23.7178
internal_count=1980 1814 166 133 1774 1700 1692 98 89 1687 1681 1603 107 1496
is_linear=0
shrinkage=0.03


Tree=276
num_leaves=15
num_cat=0
split_feature=10 14 6 14 18 12 4 14 4 6 11 12 8 12
split_gain=1.0655 0.89474 0.846674 0.55871 0.761583 1.04868 0.892626 0.831843 0.524058 0.517043 0.480172 1.41669 0.942372 0.608853
threshold=1.0000000180025095e-35 -6.9184999999999972 118.51470973726133 -5.3904999999999967 -0.78574730703237861 4.5000000000000009 -1.0311486848726827 -2.6499999999999981 3.5377297665271943 121.55765920826163 0.64654520246492664 15.500000000000002 5.5000000000000009 5.5000000000000009
decision_type=2 2 2 2 2 2 2 2 2 2 2 2 2 2
left_child=1 -1 -2 -3 5 -5 -7 -8 10 -4 11 12 13 -6
right_child=2 3 9 4 8 6 7 -9 -10 -11 -12 -13 -14 -15
leaf_value=-0.032268568221030733 -0.030592347479149913 0.029834118245253127 0.046092150409001331 0.018832932334508789 -6.8779594322334077e-05 0.031860292921164289 0.018089985404794815 -0.031220899957697369 0.030598943483166559 -0.0089782315245972126 0.014011243819861718 0.0052533810117619002 0.028903208580348162 -0.030440189262201482
leaf_weight=0.65491116899648005 1.617389764869585 0.69130300052347848 0.2272382229566573 0.86444780885358996 0.82944578360912391 0.28150019049644548 0.35733761172741729 2.2250898432830573 0.66810015961527724 0.47245061231660657 3.4902048291696692 18.501007299579214 0.37154159741476167 2.093238824090804
leaf_count=62 436 32 1 67 55 3 18 256 12 65 143 686 7 140
internal_value=0.000959318 0.00242478 -0.0186647 0.00317284 0.00255189 -0.0101267 -0.0188679 -0.0243976 0.00437325 0.008907 0.0036803 0.00202595 -0.0161 -0.0218209
internal_weight=33.3452 31.0281 2.31708 30.3732 29.6819 3.72838 2.86393 2.58243 25.9535 0.699689 25.2854 21.7952 3.29423 2.92268
internal_count=1983 1481 502 1419 1387 344 277 274 1043 66 1031 888 202 195
is_linear=0
shrinkage=0.03


Tree=277
num_leaves=15
num_cat=0
split_feature=10 14 0 3 19 1 2 14 6 15 18 0 6 18
split_gain=0.723939 0.927291 0.665051 0.764428 0.497221 0.440369 0.417742 0.665004 0.530835 0.784515 0.993246 1.02675 0.77498 0.695858
threshold=1.0000000180025095e-35 8.5710000000000033 8.5000000000000018 7.5000000000000009 -0.95297903005573326 7.5000000000000009 2.5000000000000004 6.1240000000000032 -37.331415213091162 1.1500000000000001 0.95297903005573359 1.5000000000000002 -83.333043976457915 0.95297903005573359
decision_type=2 2 2 2 2 2 2 2 2 2 2 2 2 2
left_child=2 4 3 6 5 -2 7 8 9 10 11 12 -1 -10
right_child=1 -3 -4 -5 -6 -7 -8 -9 13 -11 -12 -13 -14 -15
leaf_value=0.010859926192140283 0.01461792717802295 0.040231898613913568 0.022719973407297457 -0.033995118742923915 -0.03055336344963137 -0.031574750512822082 0.016346181870117146 -0.025014823429806175 0.0088498963997205356 -0.030515754606391308 0.014801727422471721 0.0027754463723783404 -0.032030087110783645 -0.0061126428381237429
leaf_weight=0.47966648922010713 0.53862529667094405 0.25678950922156207 1.4568229150027026 0.52290521934628387 1.4399351642787215 0.28351066945469938 1.8623561598360527 0.81597558042267238 13.202899686708415 0.86221809947164807 2.6349846932571381 3.5146116547985002 1.8095030039839992 3.5494269948685533
leaf_count=38 54 19 18 6 409 25 16 141 770 40 49 38 273 92
internal_value=0.00166884 -0.0137927 0.00293695 0.0019518 -0.0199256 -0.00131145 0.00260602 0.00165366 0.00248891 -0.00325812 -0.000473109 -0.00740806 -0.023043 0.00567968
internal_weight=33.2302 2.51886 30.7114 29.2545 2.26207 0.822136 28.7316 26.8693 26.0533 9.30098 8.43877 5.80378 2.28917 16.7523
internal_count=1988 507 1481 1463 488 79 1457 1441 1300 438 398 349 311 862
is_linear=0
shrinkage=0.03


Tree=278
num_leaves=15
num_cat=0
split_feature=10 6 12 14 14 13 6 2 6 13 14 13 13 11
split_gain=0.805051 0.924302 0.586374 0.476569 0.828169 0.596529 1.27798 0.798238 1.09083 0.830705 1.16774 0.969408 0.8254 0.762181
threshold=1.0000000180025095e-35 118.51470973726133 71.500000000000014 6.0554999999999959 5.3625000000000016 -5.6728446554048846 -70.533257961183338 1.5000000000000002 36.709401709401718 -0.61933147734716132 1.0000000180025095e-35 10.451579156712144 76.551294869349988 0.21026791808330184
decision_type=2 2 2 2 2 2 2 2 2 2 2 2 2 2
left_child=3 -2 -3 4 5 6 -1 8 9 -7 11 -11 -13 -14
right_child=1 2 -4 -5 -6 7 -8 -9 -10 10 -12 12 13 -15
leaf_value=-0.03289630434773344 -0.030622246161609419 -0.031296349186093288 0.031303319660774362 -0.020875165755112276 0.028371368504746381 0.026585096175419549 -0.00067346114943867366 0.023881572791657934 -0.019047216527004078 -0.020151492569168518 -0.0099986919795440124 0.020521532454140137 0.028931570572786405 -0.031942910001276303
leaf_weight=1.2126842909201503 1.4968397375050693 0.19268814897804976 0.44726955681107938 0.84734276442031742 1.030280114893684 1.5289203197462509 12.801014059703453 1.7989563243463624 1.8121111902437395 0.78668181372631618 3.9009688102960354 4.5612599518935895 0.2761320526478811 0.56156671547796577
leaf_count=76 422 51 19 139 50 37 516 19 175 35 220 130 6 62
internal_value=9.17897e-05 -0.0177209 0.0124549 0.00131495 0.0019361 0.00100466 -0.00346189 0.00511541 0.00260123 0.00597855 0.00285502 0.0109612 0.0154946 -0.0118768
internal_weight=33.2547 2.1368 0.639958 31.1179 30.2706 29.2403 14.0137 15.2266 13.4276 11.6155 10.0866 6.18564 5.39896 0.837699
internal_count=1957 492 70 1465 1326 1276 592 684 665 490 453 233 198 68
is_linear=0
shrinkage=0.03


Tree=279
num_leaves=15
num_cat=0
split_feature=7 8 13 19 4 18 1 4 3 9 11 13 9 3
split_gain=0.450119 0.765376 0.787362 0.612145 0.700265 0.5845 0.561442 0.717325 0.978624 0.897341 0.838911 0.796867 0.568725 1.22745
threshold=36.500000000000007 1.0000000180025095e-35 -76.460513758289025 -0.99635443704902682 -1.0824190488705205 0.98182534576205316 24.500000000000004 2.4302359521596544 2.5000000000000004 1.5000000000000002 0.22248582702749359 76.551294869349988 2.5000000000000004 1.0000000180025095e-35
decision_type=2 2 2 2 2 2 2 2 2 2 2 2 2 2
left_child=1 2 -1 -4 -5 -2 7 8 10 -10 -6 12 13 -12
right_child=5 -3 3 4 6 -7 -8 -9 9 -11 11 -13 -14 -15
leaf_value=-0.026200600373876993 -0.024973228230682491 0.017666763410352886 0.017123891305566352 0.033386001946558393 -0.025205257716060518 0.023091268378316859 -0.035980465104492258 0.014123449913483039 0.0025365053455925347 -0.026939745850873567 -0.0082885139279750067 -0.031078649885837879 0.011662020550632207 0.010604954586809309
leaf_weight=0.98490932048298674 1.1671608177930455 2.4346769044350358 1.9921551477164054 0.55059278599220007 1.0577579720266026 0.28290064889006306 0.40197908971458574 2.7909135951194903 1.5086204828257899 2.4214545590511989 7.0951564682181978 0.62337299479258845 5.30738139146706 5.4888149821781553
leaf_count=77 127 83 33 30 110 11 4 48 37 76 922 155 130 144
internal_value=0.000759227 0.00148543 0.000181913 0.00107063 -0.000103144 -0.0155961 -0.000793856 -0.000255917 -0.00196346 -0.0156248 0.00077969 0.00226423 0.00342596 -4.76534e-05
internal_weight=34.1078 32.6578 30.2231 29.2382 27.246 1.45006 26.6955 26.2935 23.5026 3.93008 19.5725 18.5147 17.8914 12.584
internal_count=1987 1849 1766 1689 1656 138 1626 1622 1574 113 1461 1351 1196 1066
is_linear=0
shrinkage=0.03


Tree=280
num_leaves=15
num_cat=0
split_feature=1 3 11 14 6 6 6 6 14 14 4 2 2 14
split_gain=0.711422 0.954769 1.46888 0.870662 0.674102 1.15996 0.575797 0.575653 0.985131 0.560939 0.476119 0.424786 1.15887 1.76588
threshold=1.5000000000000002 1.0000000180025095e-35 0.23756273573293576 1.9200000000000002 42.245131729667818 52.837615401130755 -68.812747536151775 130.55480460184438 -2.8905000000000007 -3.2605 -0.712125754907171 1.5000000000000002 1.0000000180025095e-35 2.6049999999999991
decision_type=2 2 2 2 2 2 2 2 2 2 2 2 2 2
left_child=1 2 3 -1 -4 -6 -3 8 -8 -2 -11 12 13 -12
right_child=9 6 4 -5 5 -7 7 -9 -10 10 11 -13 -14 -15
leaf_value=0.018814601285118519 -0.016485042161359695 0.032621219460440977 -0.030850457391049028 -0.032019816614490861 0.025128699445827806 -0.030467136767976577 0.031753881869069904 0.032625360059606069 -0.023753598130788544 0.021946706675098529 -0.0042072021865914222 0.01071016563702582 -0.0091564539374500466 0.021591311461946587
leaf_weight=1.5682569888303968 1.1650171138171597 0.69320922595215995 2.8461984333043802 0.37591946296743106 0.61937419591413323 0.74283162071515108 0.39860848334501486 0.39400860058958631 1.0348057036317184 1.3784733513894085 5.1985561348919855 5.7725691256055134 6.0027760628436218 4.416619523166446
leaf_count=72 52 33 782 58 41 270 15 12 89 60 141 140 130 100
internal_value=0.00115121 -0.00620994 -0.0125809 0.00898543 -0.022544 -0.00518856 0.00934092 0.000509833 -0.0083179 0.00381874 0.00485762 0.00375635 0.00118614 0.00764305
internal_weight=32.6072 8.67321 6.15258 1.94418 4.2084 1.36221 2.52063 1.82742 1.43341 23.934 22.769 21.3905 15.618 9.61518
internal_count=1995 1372 1223 130 1093 311 149 116 104 623 571 511 371 241
is_linear=0
shrinkage=0.03


Tree=281
num_leaves=15
num_cat=0
split_feature=14 14 4 14 18 5 14 19 13 18 6 0 18 6
split_gain=0.610602 0.927447 0.695024 0.811985 1.66806 1.03013 1.0056 0.663859 0.703855 0.91398 0.61634 0.578413 0.661581 0.569474
threshold=-8.0574999999999957 -5.2425000000000024 1.8204928717607067 1.712 0.98182534576205316 23.500000000000004 1.8774999999999993 0.5163939593874618 24.502049500822075 0.35460488704253579 -47.998576765700044 5.5000000000000009 0.91023613416931248 -71.586353825021703
decision_type=2 2 2 2 2 2 2 2 2 2 2 2 2 2
left_child=-1 -2 3 4 13 -6 -5 8 9 10 -8 12 -4 -3
right_child=1 2 11 6 5 -7 7 -9 -10 -11 -12 -13 -14 -15
leaf_value=-0.032386343143085812 0.024301312416547219 -0.034086288324058751 0.018095235684706286 0.027345324213446372 0.02116660837489346 -0.019302816843268768 -0.032511609201032549 0.025793429513158331 0.011318988660972492 -0.025349368765067295 0.0016956382653633281 -0.0064164654196066173 -0.003316648179264864 -0.013324859608567177
leaf_weight=0.55618621583562244 1.2838407886447374 1.4335733888728999 3.8534606127068383 1.1864231247163832 2.0223972256062548 0.78612962388433505 0.52701808512210568 0.72594625643250843 2.1008729370078072 2.0542292042955523 4.7168998339911914 2.4840473257936537 1.9589329408481715 6.9712435435358264
leaf_count=55 77 145 56 29 49 27 97 173 133 187 289 57 27 625
internal_value=-0.00122181 -0.000681912 -0.00172258 -0.00445667 -0.0101775 0.00983889 0.00121453 -0.00184742 -0.0039823 -0.00838699 -0.00174222 0.00570044 0.0108789 -0.016866
internal_weight=32.6612 32.105 30.8212 22.5247 11.2133 2.80853 11.3114 10.125 9.39902 7.29815 5.24392 8.29644 5.81239 8.40482
internal_count=2026 1971 1894 1754 846 76 908 879 706 573 386 140 83 770
is_linear=0
shrinkage=0.03


Tree=282
num_leaves=15
num_cat=0
split_feature=19 11 1 0 6 18 19 19 11 12 12 11 6 12
split_gain=0.706591 0.53925 0.463882 0.511943 0.561296 0.416929 0.80951 1.02669 0.70593 1.00186 1.36546 0.704451 1.17004 0.785369
threshold=-0.99635443704902682 0.16619763098453919 22.500000000000004 10.500000000000002 205.98465473145782 -0.61559370248597534 -0.61559370248597534 -0.1799261722714405 0.51113388410968474 10.500000000000002 45.500000000000007 0.32601148847143696 72.618122138723336 35.500000000000007
decision_type=2 2 2 2 2 2 2 2 2 2 2 2 2 2
left_child=-1 -2 3 4 5 6 -3 -8 9 -9 -11 12 -7 -13
right_child=1 2 -4 -5 -6 11 7 8 -10 10 -12 13 -14 -15
leaf_value=0.017147879358576729 -0.034104574880599897 0.027739348991145725 -0.034570428187799561 0.02602839330807943 -0.033879073572411933 -0.013480514785479947 -0.03064722743065142 0.028863887700045245 -0.030473287437065788 -0.0316345084770914 0.01738153988627639 -0.00036095865233728254 0.01562937742228063 0.020950816331149744
leaf_weight=2.1185667187091886 0.43030286580324428 1.323389116063481 0.35122619196772475 0.67055630241520603 0.44601610288373095 7.2926821493456391 0.76432704385661043 1.6372675720194956 0.40470226343313687 0.85633763606892932 1.2701991913345407 12.755586486142416 1.4979347785701973 1.7724934300640605
leaf_count=45 28 80 5 10 61 393 163 58 119 115 79 695 53 115
internal_value=0.000377685 -0.000751179 -0.000288847 0.000103464 -0.000475603 2.81511e-05 0.00690496 0.00131547 0.00717607 0.0112243 -0.00235679 -0.00181684 -0.00852014 0.00223918
internal_weight=33.5916 31.473 31.0427 30.6915 30.0209 29.5749 6.25622 4.93283 4.16851 3.7638 2.12654 23.3187 8.79062 14.5281
internal_count=2019 1974 1946 1941 1931 1870 614 534 371 252 194 1256 446 810
is_linear=0
shrinkage=0.03


Tree=283
num_leaves=15
num_cat=0
split_feature=0 4 4 14 6 4 14 12 11 6 6 15 14 4
split_gain=0.571511 0.662175 1.1236 1.1382 0.950149 0.826095 0.758566 1.07094 1.43916 1.02686 0.814169 0.790244 0.734498 0.726724
threshold=12.500000000000002 0.0489773532501959 -0.039466700349688494 -2.223999999999998 -79.848738642708483 2.9058385756129415 4.119500000000003 25.500000000000004 0.27110848017865019 50.419020423365829 99.649122807017548 1.1500000000000001 1.0965000000000009 2.193764929764523
decision_type=2 2 2 2 2 2 2 2 2 2 2 2 2 2
left_child=1 2 3 -1 5 -3 7 9 12 11 -10 13 -9 -6
right_child=-2 4 -4 -5 6 -7 -8 8 10 -11 -12 -13 -14 -15
leaf_value=-0.03238828619134012 -0.035599746521671652 -0.032105661683110173 -0.040422329203430557 0.0012544041154569179 0.016346798345452815 0.017281501813356328 0.018727067255125789 0.01749870840964407 -0.023524780150684692 -0.014518551139180075 0.012043386629519634 0.036594212663841837 -0.0083749800431086006 -0.0083025556805102312
leaf_weight=1.0100939754120162 0.38375277048908074 1.1114759514457571 0.74712811288191083 8.7040410061745188 4.5586189495661582 0.4200066904304548 3.463266275386558 2.639561598072758 3.3038411320012528 1.2331720347865482 0.70233587466645975 1.2691953737230504 1.5776477995095772 1.4092443594709037
leaf_count=210 4 70 43 1132 108 8 118 50 107 41 19 23 36 16
internal_value=0.00079438 0.0012288 -0.00497048 -0.00224383 0.00421898 -0.0185613 0.00594979 0.00329901 -0.00441272 0.010786 -0.0172892 0.0150978 0.00781942 0.0105261
internal_weight=32.5334 32.1496 10.4613 9.71413 21.6884 1.53148 20.1569 16.6936 8.22339 8.47023 4.00618 7.23706 4.21721 5.96786
internal_count=1985 1981 1385 1342 596 78 518 400 212 188 126 147 86 124
is_linear=0
shrinkage=0.03


Tree=284
num_leaves=15
num_cat=0
split_feature=1 6 11 13 6 11 11 11 14 13 14 18 11 11
split_gain=0.583412 0.417086 0.345625 0.894649 0.820353 0.994747 0.804563 0.858866 1.21003 0.840546 0.796534 0.736818 0.658822 1.02281
threshold=24.500000000000004 -88.488994153402771 0.32601148847143696 63.082491740035231 113.00238223315148 0.27599529639036585 0.25906011347951624 0.2056738302354604 3.1260000000000017 -35.69675126451201 5.1864999999999997 -0.61559370248597534 0.56354735732951211 0.63726261727220712
decision_type=2 2 2 2 2 2 2 2 2 2 2 2 2 2
left_child=1 -1 4 12 5 6 7 -3 9 -9 -7 -11 -4 -14
right_child=-2 2 3 -5 -6 10 -8 8 -10 11 -12 -13 13 -15
leaf_value=-0.030983797168931109 -0.035444513007588975 0.008433249920458295 0.009579945148450229 -0.031057426507012962 0.019359448024853145 -0.030238334216589384 0.017095528363080374 0.027780031246259943 -0.037070553530704535 0.019945217969564215 0.024920584947469262 -0.022291125708618905 -0.01544459849815407 0.0089983854593383757
leaf_weight=0.33462612930452351 0.371811643242835 2.638137905392794 14.34570792902378 0.60202382101851881 1.5051278762111895 1.7937302082937088 1.9575454107543917 0.64776752470061016 1.3226990590046623 0.49744277418358063 0.27125311792042328 1.4709640739602077 2.8251089937257339 3.3889897089393344
leaf_count=37 3 114 818 151 71 152 50 25 68 15 26 66 212 209
internal_value=0.00192848 0.00234203 0.00267725 0.00498995 -0.00136591 -0.00430889 0.000211765 -0.00481342 -0.0136856 -0.00186258 -0.0229927 -0.0116174 0.00604548 -0.0021141
internal_weight=33.9729 33.6011 33.2665 21.1618 12.1047 10.5995 8.53456 6.57701 3.93887 2.61617 2.06498 1.96841 20.5598 6.2141
internal_count=2017 2014 1977 1390 587 516 338 288 174 106 178 81 1239 421
is_linear=0
shrinkage=0.03


Tree=285
num_leaves=15
num_cat=0
split_feature=13 13 13 14 13 13 14 12 5 15 15 1 12 12
split_gain=0.507231 0.491586 0.851117 1.10942 0.827411 1.25343 0.595849 0.873261 0.808198 1.42313 0.844968 0.813949 0.762165 1.10381
threshold=97.10612509482128 22.928313525600359 29.564516812810236 -1.9624999999999999 -0.61933147734716132 -1.8020924772051026 8.5710000000000033 3.5000000000000004 9.5000000000000018 1.2500000000000002 0.75000000000000011 5.5000000000000009 22.500000000000004 30.500000000000004
decision_type=2 2 2 2 2 2 2 2 2 2 2 2 2 2
left_child=1 4 -3 -4 5 6 7 -1 9 10 11 -9 -10 -14
right_child=-2 2 3 -5 -6 -7 -8 8 12 -11 -12 -13 13 -15
leaf_value=-0.03414946680240797 -0.030812975140997751 0.025435945525443721 0.019380376317878686 -0.0056148069844785316 -0.013420010811609312 0.035400803886372553 0.032524350969923711 -0.03096482015983169 0.013136731158147426 0.030698610842495967 -0.033847794244797731 0.049943126404577057 -0.036891383478999132 0.0016270409560011898
leaf_weight=0.67073392425665446 0.42993429405032557 1.9532876282319174 2.4473873206006829 4.6058913828601362 3.6666483390727107 0.96845577738713373 0.50326369391404924 0.20977825842419751 4.9605321010894832 0.51753526022366703 1.7737615327205274 0.23986287415027618 0.73008292830490873 8.0792204196332005
leaf_count=87 131 68 97 267 309 19 49 43 277 26 175 1 71 358
internal_value=0.00155109 0.00199527 0.00791132 0.00305817 -0.000391989 0.00216892 0.000349069 -0.000593378 0.000769805 -0.014107 -0.0245363 0.0121958 0.0037311 -0.00156523
internal_weight=31.7564 31.3264 9.00657 7.05328 22.3199 18.6532 17.6848 17.1815 16.5108 2.74094 2.2234 0.449641 13.7698 8.8093
internal_count=1978 1847 432 364 1415 1106 1087 1038 951 245 219 44 706 429
is_linear=0
shrinkage=0.03


Tree=286
num_leaves=15
num_cat=0
split_feature=19 13 6 6 5 5 9 13 4 13 3 6 12 13
split_gain=0.571128 0.37341 0.798912 1.06278 1.11605 0.831172 0.958017 0.689077 1.1545 0.896644 0.843144 1.13649 0.881981 0.782347
threshold=0.61559370248597578 -4.6659431562760991 -77.961265254082932 -61.179539197217785 12.500000000000002 15.500000000000002 3.5000000000000004 -0.61933147734716132 1.560170337540236 76.551294869349988 1.0000000180025095e-35 -35.209665955934604 25.500000000000004 49.047465544852166
decision_type=2 2 2 2 2 2 2 2 2 2 2 2 2 2
left_child=1 2 -1 -4 -5 -6 -7 -3 9 10 11 13 -12 -9
right_child=-2 7 3 4 5 6 -8 8 -10 -11 12 -13 -14 -15
leaf_value=-0.026971997987325465 -0.030253659155363981 0.02130051002481792 0.01665104502887068 -0.034630871369684096 0.018656544626644758 -0.0095299362570206922 0.010950068183537394 -3.5415819040565871e-05 -0.012138663966082507 -0.031019307208823319 0.029440702710740434 -0.01776239740656984 0.0044915726421755073 0.036548781543634154
leaf_weight=1.0694439402723208 0.5290936330857211 1.9366331672063104 2.7885619310400243 0.97388880379731091 1.634408179350429 8.0466458609153033 2.7610455893736789 1.3685736958286696 3.6864262408344084 0.51308373457868661 2.7403301997692324 1.8579370263760169 2.3852225489972625 0.85459125961642701
leaf_count=90 454 44 102 75 56 493 61 99 60 122 53 171 81 31
internal_value=0.000665492 0.00116705 -0.00185812 -0.000200692 -0.00370339 -0.00128258 -0.0042979 0.00457299 0.00215656 0.00757834 0.00972938 -0.000444884 0.0178304 0.0140277
internal_weight=33.1459 32.6168 17.274 16.2046 13.416 12.4421 10.8077 15.3428 13.4062 9.71974 9.20665 4.0811 5.12555 2.22316
internal_count=1992 1538 877 787 685 610 554 661 617 557 435 301 134 130
is_linear=0
shrinkage=0.03


Tree=287
num_leaves=15
num_cat=0
split_feature=11 10 2 4 11 11 13 11 11 5 5 11 18 18
split_gain=0.455333 0.386538 0.771129 1.00048 0.388517 1.73539 0.74622 0.712843 0.840049 0.718364 1.11513 0.773517 0.82769 1.16354
threshold=0.7834713116567702 1.0000000180025095e-35 1.0000000180025095e-35 1.6209443681942652 0.27599529639036585 0.32390109587471633 54.683046068199083 0.35552087296389695 0.42611176779411258 62.500000000000007 44.500000000000007 0.51113388410968474 0.61559370248597556 0.78574730703237894
decision_type=2 2 2 2 2 2 2 2 2 2 2 2 2 2
left_child=1 4 3 -3 -1 6 -6 -7 -9 10 11 -10 -13 -14
right_child=-2 2 -4 -5 5 7 -8 8 9 -11 -12 12 13 -15
leaf_value=0.007156040107807432 -0.033024376539502756 -0.030174221447445446 -0.030684474750369489 0.023588311032104188 -0.034586762285917894 0.020586911229047947 0.0091653748198519194 -0.019523718149208891 0.011887664621806345 -0.029298415221649242 0.028928253752800264 -0.018728369616493361 0.031220675988053885 -0.0037276413967212473
leaf_weight=8.9199154679663533 0.35809310097101743 0.48883539453527125 0.99984133268299036 0.85885648429393768 1.730012647982224 1.7992371624568502 0.44009075744543213 1.6623397237126507 4.2767141045333075 0.59667707599874198 1.483251070603729 2.3895796141368901 1.0270324868906753 5.1902685632521752
leaf_count=267 36 276 204 11 122 95 13 226 190 77 90 247 31 116
internal_value=0.000616029 0.000994102 -0.0107223 0.00408754 0.00192598 -0.00033919 -0.025714 0.00264944 0.000708265 0.00295589 0.00429546 0.00145956 -0.00372211 0.00204545
internal_weight=32.2207 31.8627 2.34753 1.34769 29.5151 20.5952 2.1701 18.4251 16.6259 14.9635 14.3668 12.8836 8.60688 6.2173
internal_count=2001 1965 491 287 1474 1207 135 1072 977 751 674 584 394 147
is_linear=0
shrinkage=0.03


Tree=288
num_leaves=15
num_cat=0
split_feature=15 6 7 3 13 6 9 13 11 7 11 4 12 15
split_gain=0.595041 0.504016 1.4267 0.749572 1.28383 1.08125 0.746861 0.72472 0.976983 1.21982 1.38224 0.840539 0.741616 1.1729
threshold=0.65000000000000002 42.245131729667818 19.500000000000004 1.0000000180025095e-35 -12.713020792826237 52.837615401130755 4.5000000000000009 23.693783690339092 0.63726261727220712 7.5000000000000009 0.50855718130674632 -0.16278902982763097 32.500000000000007 0.75000000000000011
decision_type=2 2 2 2 2 2 2 2 2 2 2 2 2 2
left_child=-1 2 7 4 5 -3 -7 8 9 10 12 -11 -2 -14
right_child=1 3 -4 -5 -6 6 -8 -9 -10 11 -12 -13 13 -15
leaf_value=-0.031432881817111243 0.011621644663452781 0.039145581511137298 -0.024358805570679494 0.0149549449985222 -0.032046619501862765 -0.020269754993292581 0.033789189785778842 0.0084599296711586544 0.01621658139459731 -0.023108297234239121 -0.030816489608943905 0.015560810628072038 0.020777364751023378 -0.017743865590839812
leaf_weight=0.52838078458444115 1.8185657694266462 0.71481403484358486 2.2208737035471122 4.6313259076559916 0.9994339385884804 0.94539496501965892 0.30396279459819198 7.487702029371575 2.0506229528546092 0.61173788542510044 2.5150663750828244 2.9243554822751312 0.86648507889185555 3.9741725974454312
leaf_count=84 132 19 208 118 197 159 5 363 103 110 146 65 54 245
internal_value=0.000144199 0.000664548 -0.00143091 0.00741577 -0.00436594 0.00971888 -0.00711747 0.000857755 -0.00299854 -0.0060986 -0.0118685 0.00887112 -0.00471214 -0.0108485
internal_weight=32.5929 32.0645 24.4696 7.59493 2.96361 1.96417 1.24936 22.2487 14.761 12.7104 9.17429 3.53609 6.65922 4.84066
internal_count=2008 1924 1426 498 380 183 164 1218 855 752 577 175 431 299
is_linear=0
shrinkage=0.03


Tree=289
num_leaves=15
num_cat=0
split_feature=18 12 4 5 5 18 5 19 13 19 2 13 12 1
split_gain=0.367684 0.814231 0.881109 0.708685 1.26176 1.03766 0.856597 0.768451 0.757518 0.778247 0.667503 0.662602 0.948179 0.938946
threshold=0.61559370248597556 11.500000000000002 2.061663673573515 57.500000000000007 33.500000000000007 0.51639395938746258 45.500000000000007 -0.91023613416931226 -48.015210488575867 -0.99635443704902682 1.5000000000000002 -31.80177234035007 45.500000000000007 18.500000000000004
decision_type=2 2 2 2 2 2 2 2 2 2 2 2 2 2
left_child=3 2 -2 4 5 8 -6 -8 9 -1 -3 12 13 -10
right_child=1 10 -4 -5 6 -7 7 -9 11 -11 -12 -13 -14 -15
leaf_value=0.01535755830663801 -0.033643510541927157 0.0032731733915421619 0.0036968810663002847 0.014903744371438495 -0.033604740563901711 -0.03406285419808433 0.022828888995320429 -0.026824343013780987 -0.034532326295564873 -0.033882449809746848 0.023660689880494818 0.00013393438705574043 0.034623176248943253 0.036501483218192347
leaf_weight=0.40648717840667814 1.0476869535486906 10.234725694070219 1.244110371917486 1.7032384611375153 2.0898816275366694 0.8094141944311567 0.58154172881040722 0.54193455407221314 0.45404957303253413 0.99851009396661605 1.6829996601445589 8.4345364154360158 1.2951415362549594 0.26535084098577499
leaf_count=13 73 441 14 135 175 45 13 105 67 127 49 704 36 2
internal_value=-0.000585611 0.00300309 -0.0133731 -0.00348626 -0.00545911 -0.00119891 -0.0222481 -0.00112249 0.00104509 -0.0196366 0.00615226 0.00382597 0.0192839 -0.00833151
internal_weight=31.7896 14.2095 2.2918 17.5801 15.8768 12.6635 3.21336 1.12348 11.8541 1.405 11.9177 10.4491 2.01454 0.7194
internal_count=1999 577 87 1422 1287 994 293 118 949 140 490 809 105 69
is_linear=0
shrinkage=0.03


Tree=290
num_leaves=15
num_cat=0
split_feature=12 14 5 11 12 16 14 10 12 5 19 5 6 6
split_gain=0.720082 1.34947 0.835722 0.890109 1.3503 0.7568 0.740105 0.739024 0.750634 1.4289 1.00193 0.74496 0.825191 0.756896
threshold=58.500000000000007 -0.92899999999999838 56.500000000000007 0.63726261727220712 12.500000000000002 1.0000000180025095e-35 -0.55350000000000132 1.0000000180025095e-35 19.500000000000004 14.500000000000002 -0.85421994577343285 16.500000000000004 -21.291210761045701 -1.8131025416301487
decision_type=2 2 2 2 2 2 2 2 2 2 2 2 2 2
left_child=1 2 3 -1 -5 -2 -7 8 11 10 -10 -3 -13 -14
right_child=5 7 -4 4 -6 6 -8 -9 9 -11 -12 12 13 -15
leaf_value=-0.030953183305513676 0.012665014952202867 -0.0023473634693086487 0.017642105798395511 -0.029517142348197134 0.033016318791766544 0.01669630581759626 -0.016986768772433231 -0.020445997907019217 -0.01142341440444114 -0.015686619861484362 0.021385749595806525 0.035855260395004959 -0.012332892252983238 0.016679920570579283
leaf_weight=2.8119960160402142 6.9031713066360663 3.2702882321100386 0.55548552754044056 0.67030504942522362 0.57941357675008476 0.8672365035163242 1.8175257400434928 1.3037733228193236 1.2881280574947598 4.1991330238233786 2.3956755635736036 1.3755132923542985 1.0970829678844891 3.0849152993614553
leaf_count=282 285 157 38 55 8 49 121 293 33 291 132 34 47 185
internal_value=0.000518285 -0.00240086 -0.0168708 -0.0215908 -0.000524427 0.00740874 -0.0061064 0.00130784 0.00300508 -0.00372345 0.00991326 0.00901343 0.0156986 0.00906886
internal_weight=32.2196 22.6317 4.6172 4.06171 1.24972 9.58793 2.68476 18.0145 16.7107 7.88294 3.6838 8.8278 5.55751 4.182
internal_count=2010 1555 383 345 63 455 170 1172 879 456 165 423 266 232
is_linear=0
shrinkage=0.03


Tree=291
num_leaves=15
num_cat=0
split_feature=7 7 7 14 8 14 14 14 14 19 6 7 6 19
split_gain=0.45171 0.650867 0.874601 0.578306 0.622519 0.769743 0.532615 0.515607 0.51496 0.527189 0.933253 1.08076 0.698298 0.437813
threshold=57.500000000000007 41.500000000000007 36.500000000000007 -3.2605 12.500000000000002 -5.3904999999999967 -6.9184999999999972 -11.4765 -2.8905000000000007 -0.95297903005573326 -18.742945823927759 1.0000000180025095e-35 -70.767313512551169 -0.78574730703237872
decision_type=2 2 2 2 2 2 2 2 2 2 2 2 2 2
left_child=1 2 3 4 5 6 7 -1 -5 10 11 12 -10 -11
right_child=-2 -3 -4 8 -6 -7 -8 -9 9 13 -12 -13 -14 -15
leaf_value=0.025603629462057846 -0.032609410744011295 0.030148798088281244 -0.032495103264112972 0.029036844455977377 0.033290140353305069 -0.032661429361260229 0.023481137263633409 -0.032089730294983874 0.034226265936883014 -0.0059507072806377148 0.021084521607403622 -0.035807123996854935 -0.0051732003610723875 0.003933186941047633
leaf_weight=0.19297593423107173 0.32107529358472575 0.78449395931966037 0.6304575673857461 0.74370894115418096 0.26656671054661263 1.1555587146467543 0.54759018628101375 0.50230160570936278 0.6426218246924692 5.2396326569141847 3.6818260460859191 0.65543029163382005 1.0942369342083111 17.520853395377351
leaf_count=16 38 65 37 18 4 115 37 54 27 235 79 22 47 1217
internal_value=0.00280551 0.00314334 0.00249889 0.00318313 -0.0102019 -0.0150357 0.00135187 -0.0160768 0.00438911 0.00375339 0.0116057 -0.0029826 0.00940424 0.00165784
internal_weight=33.9793 33.6583 32.8738 32.2433 2.66499 2.39843 1.24287 0.695278 29.5783 28.8346 6.07412 2.39229 1.73686 22.7605
internal_count=2011 1973 1908 1871 226 222 107 70 1645 1627 175 96 74 1452
is_linear=0
shrinkage=0.03


Tree=292
num_leaves=15
num_cat=0
split_feature=14 14 7 6 8 14 11 14 14 13 14 13 18 5
split_gain=0.510446 0.519681 0.46875 0.404664 0.377709 0.622757 0.663334 0.619281 1.41844 0.619804 0.575233 0.547722 0.610731 0.722846
threshold=-6.9184999999999972 -5.3904999999999967 52.500000000000007 -88.488994153402771 5.5000000000000009 -3.1549999999999989 0.65803500926472203 -2.6499999999999981 -2.022500000000004 -76.460513758289025 -1.9624999999999999 36.362283651653691 0.78574730703237894 8.5000000000000018
decision_type=2 2 2 2 2 2 2 2 2 2 2 2 2 2
left_child=-1 -2 3 -3 5 6 -5 -7 -9 -10 -11 -12 13 -13
right_child=1 2 -4 4 -6 7 -8 8 9 10 11 12 -14 -15
leaf_value=-0.0212309764064799 0.027614339242841207 -0.030918059174456426 -0.032374534474172489 -0.03254630835945569 0.015897089204928407 0.025566029189568906 0.017830819656713244 -0.026916341121204265 -0.018951035960466329 0.036188834715546826 0.0065586374274403166 -0.034669670989872121 0.012512983283638505 -0.0027180495966722712
leaf_weight=0.77370960458938398 0.78014111092488647 0.30972147233842307 0.33675164387386658 0.85510185541352857 2.0799503772868766 1.1059262564376755 0.3245111251490016 1.3846578575394328 0.99634832469747436 0.52699955814752186 20.147768623683056 0.92788689919689149 1.2174702001502735 2.0343747389415512
leaf_count=78 39 27 42 100 74 29 15 66 74 8 1153 84 50 154
internal_value=0.00285581 0.00342007 0.00283476 0.00320632 0.00354077 0.00267019 -0.0186876 0.00355913 0.00266552 0.00425002 0.00518009 0.00450836 -0.00537472 -0.0127264
internal_weight=33.8013 33.0276 32.2475 31.9107 31.601 29.521 1.17961 28.3414 27.2355 25.8508 24.8545 24.3275 4.17973 2.96226
internal_count=1993 1915 1876 1834 1807 1733 115 1618 1589 1523 1449 1441 288 238
is_linear=0
shrinkage=0.03


Tree=293
num_leaves=15
num_cat=0
split_feature=1 6 6 4 13 13 13 1 9 0 0 18 11 13
split_gain=0.535789 0.532687 0.740095 0.605576 0.458586 0.692755 0.526898 0.631677 0.599393 0.622505 0.855595 0.640227 1.00302 0.976003
threshold=24.500000000000004 -84.119784597872226 -83.333043976457915 2.4302359521596544 -74.867410883839298 -69.650375506909072 -56.45104692546672 7.5000000000000009 5.5000000000000009 5.5000000000000009 4.5000000000000009 -0.61559370248597534 0.64654520246492664 -33.887968622088451
decision_type=2 2 2 2 2 2 2 2 2 2 2 2 2 2
left_child=1 -1 -3 4 -4 -6 7 -7 9 10 11 13 -13 -8
right_child=-2 2 3 -5 5 6 8 -9 -10 -11 -12 12 -14 -15
leaf_value=-0.017297644702865791 -0.034950060217918077 0.036459854689874296 -0.018143352646517827 0.017070474008285059 0.030687417092957161 -0.033211679857455038 -0.030650285262060775 0.016343973793014624 0.023021120013470252 -0.015583883016800918 0.025635993752412552 -0.0047601056730100944 0.01860617083146722 0.013940544759882175
leaf_weight=1.2154013594990818 0.35324707487597962 0.58194725340581754 1.0698591738182646 2.3171589700505129 0.73114726239874528 0.80497280924465531 0.48585589276626695 0.32495226385071874 1.1624874345725391 1.8866386748268258 1.3365837357123371 14.351765651408622 1.8686534675580322 4.8693972220353521
leaf_count=103 4 16 91 47 28 93 103 11 39 35 23 857 148 388
internal_value=0.00180078 0.00219409 0.00293927 0.00231423 0.00113078 0.00187193 0.00109425 -0.0189601 0.00196709 0.000980144 0.00234406 0.000901154 -0.00206822 0.00989504
internal_weight=33.3601 33.0068 31.7914 31.2095 28.8923 27.8225 27.0913 1.12993 25.9614 24.7989 22.9123 21.5757 16.2204 5.35525
internal_count=1986 1982 1879 1863 1816 1725 1697 104 1593 1554 1519 1496 1005 491
is_linear=0
shrinkage=0.03


Tree=294
num_leaves=15
num_cat=0
split_feature=13 2 5 7 2 1 2 7 19 6 9 19 12 12
split_gain=0.603989 0.53894 0.350557 1.14864 0.745868 0.673828 0.659077 0.695622 0.790631 0.75841 0.731766 0.84369 1.22838 1.16351
threshold=97.10612509482128 5.5000000000000009 41.500000000000007 21.500000000000004 2.5000000000000004 13.500000000000002 1.5000000000000002 4.5000000000000009 -0.85421994577343285 34.616452299435558 5.5000000000000009 -1.7225464241988328e-16 36.500000000000007 30.500000000000004
decision_type=2 2 2 2 2 2 2 2 2 2 2 2 2 2
left_child=1 2 3 5 -5 6 7 10 9 -9 11 12 13 -1
right_child=-2 -3 -4 4 -6 -7 -8 8 -10 -11 -12 -13 -14 -15
leaf_value=-0.0077855220146913779 -0.030762736599353427 -0.024552834945159425 0.011069508751148614 -0.032898350501629287 0.014058059418437708 -0.010492121513065692 0.019798039690637075 -0.034675580988291203 0.018619740485161976 0.013426570267227583 0.028699876547020511 0.0080352006504418143 -0.022571575451642307 0.029334595710706773
leaf_weight=2.5506939678307545 0.45384428508987085 0.58015681570395727 6.1084836167428866 1.2289937471505243 0.40470325271598984 2.342993000522255 2.8804187013301989 0.54995365458307766 4.560137836233479 0.63632234837859869 0.76448785181855861 4.7580555942768177 3.0395689055876574 1.0824918040307236
leaf_count=181 133 13 419 110 4 48 72 33 246 20 22 392 235 33
internal_value=0.00359898 0.00409425 0.00463198 0.00304628 -0.0212662 0.00476089 0.00647723 0.00433866 0.0129441 -0.00887343 0.000283778 -0.00161668 -0.00849902 0.00327425
internal_weight=31.9413 31.4875 30.9073 24.7988 1.6337 23.1651 20.8221 17.9417 5.74641 1.18628 12.1953 11.4308 6.67275 3.63319
internal_count=1961 1828 1815 1396 114 1282 1234 1162 299 53 863 841 449 214
is_linear=0
shrinkage=0.03


Tree=295
num_leaves=15
num_cat=0
split_feature=9 14 19 16 19 13 13 6 0 11 11 13 14 13
split_gain=0.560569 0.527261 1.13405 0.882851 0.77746 0.856495 1.1564 1.13404 0.885303 0.645257 1.04074 0.689611 0.6407 0.666464
threshold=5.5000000000000009 1.8774999999999993 0.12053668025532312 1.0000000180025095e-35 -0.1799261722714405 -39.284538033090406 -25.744896953170549 -18.742945823927759 2.5000000000000004 0.55487959311138824 0.45752350399101005 54.683046068199083 1.7854999999999992 -58.035678984928623
decision_type=2 2 2 2 2 2 2 2 2 2 2 2 2 2
left_child=1 12 4 -4 5 7 -7 -3 -9 10 11 -8 13 -1
right_child=-2 2 3 -5 -6 6 9 8 -10 -11 -12 -13 -14 -15
leaf_value=-0.02771756139032722 0.014726974873090833 -0.025127543369154789 0.019066347875356791 -0.024131866651191304 -0.035458769399806897 -0.037050398444954759 -0.023241485161622027 -0.010035324616268056 0.03377638411966602 -0.031279532603742215 0.020951863718474011 0.013098489989191144 0.028691862046931634 0.0022668953614745236
leaf_weight=0.69430607727554772 2.2093027852242804 0.727611989816069 2.279816271809977 0.52357992729957903 1.0207620570727147 1.4768549415748546 1.6549738691246627 0.62532827493850884 1.2347358624683691 0.76728201980586153 1.2620600474474484 0.65637413633521635 0.79082886298419808 17.060346180674973
leaf_count=53 78 80 189 136 64 61 113 82 20 42 76 45 15 955
internal_value=0.000130311 -0.000917572 -0.0057532 0.0109984 -0.0107353 -0.0077328 -0.0141198 0.00662619 0.0190475 -0.00631795 -0.000958197 -0.0129217 0.00227117 0.00109434
internal_weight=32.9842 30.7749 12.2294 2.8034 9.42598 8.40522 5.81755 2.58768 1.86006 4.34069 3.57341 2.31135 18.5455 17.7547
internal_count=2009 1931 908 325 583 519 337 182 102 276 234 158 1023 1008
is_linear=0
shrinkage=0.03


Tree=296
num_leaves=15
num_cat=0
split_feature=7 4 4 9 9 13 13 5 13 11 11 19 15 4
split_gain=0.74131 0.487697 1.09897 0.593935 1.01681 0.563 0.929665 0.460268 0.446731 0.435977 0.456712 0.443742 0.822567 0.611972
threshold=35.500000000000007 1.8377198506341514 1.6794879381871952 5.5000000000000009 4.5000000000000009 -74.867410883839298 -69.650375506909072 74.500000000000014 54.683046068199083 0.70986991704443636 0.67534821531199596 0.17992617227144031 1.2500000000000002 1.6209443681942652
decision_type=2 2 2 2 2 2 2 2 2 2 2 2 2 2
left_child=1 2 3 4 5 -1 -7 9 -2 10 11 13 -13 -8
right_child=8 -3 -4 -5 -6 6 7 -9 -10 -11 -12 12 -14 -15
leaf_value=-0.031379295405640169 -0.032258002429838062 0.0083942316383700255 -0.027815253421249617 0.01866961485222841 -0.034842118178745711 0.034927611886194448 -6.0678981797312893e-05 0.026183915554818669 0.01875717507668128 -0.03314279655565161 0.021238209989546879 -0.021414850951306536 0.022524918569961173 0.037646811199066356
leaf_weight=0.47829556562648079 0.91992048056272213 6.7931126387557006 1.2754881858127181 1.5600770270102646 0.74900114328192913 0.72367342350482289 13.806975641360626 0.59673566522542287 0.18566611888672924 0.36297208695759664 0.87205576949054275 1.966129503809497 0.47633756994036947 0.39854509080760259
leaf_count=79 124 124 20 57 26 25 812 20 12 89 40 534 16 4
internal_value=0.000434997 0.00132235 -0.00074245 0.0008278 -0.00053459 0.000771006 0.00157177 0.000265541 -0.0236908 -0.000599326 7.48946e-05 -0.00103368 -0.0128456 0.000997229
internal_weight=31.165 30.0594 23.2663 21.9908 20.4307 19.6817 19.2034 18.4798 1.10559 17.883 17.52 16.648 2.44247 14.2055
internal_count=1982 1846 1722 1702 1645 1619 1540 1515 136 1495 1406 1366 550 816
is_linear=0
shrinkage=0.03


Tree=297
num_leaves=15
num_cat=0
split_feature=1 9 6 5 14 4 14 3 17 7 3 15 14 14
split_gain=0.573955 0.549376 0.429609 0.537219 0.417135 1.13215 0.993421 0.676915 0.440419 1.06106 0.943097 0.503942 0.644048 0.549595
threshold=1.0000000180025095e-35 1.0000000180025095e-35 -63.584563584563575 74.500000000000014 -2.6499999999999981 -0.26253140723345036 -2.022500000000004 1.5000000000000002 1.0000000180025095e-35 4.5000000000000009 1.5000000000000002 0.75000000000000011 -1.1495000000000031 3.4499999999999962
decision_type=2 2 2 2 2 2 2 2 2 2 2 2 2 2
left_child=1 -1 -3 -4 5 -2 -6 -7 11 10 -10 -8 -13 -14
right_child=4 2 3 -5 6 7 8 -9 9 -11 -12 12 13 -15
leaf_value=-0.030263163304239008 -0.032338479394605844 0.016138216481365153 -0.030349258286665463 0.029389141262034069 -0.025964977568791136 0.02718171070779106 0.01473946163973964 -0.010730279627869857 -0.03079157824198021 0.012830885670570493 0.0031873150383876017 -0.021331253659693194 0.0072959920297462838 -0.0048513463227698892
leaf_weight=0.99700834033137953 0.43779332533813464 0.67569963139249012 0.59152029527467653 0.17573411818011664 1.1937188936572116 2.148244812058699 3.2968875924270824 0.52804782323073585 1.7832311517777264 1.6984272216795941 1.2508243974298237 1.0091750860738251 10.47187552400281 4.930427445040551
leaf_count=643 47 57 160 11 32 79 121 18 131 52 21 41 316 258
internal_value=0.000831724 -0.0131377 -0.00130492 -0.0166666 0.00201734 0.0123854 0.000757828 0.0197015 0.002063 -0.00615521 -0.0167834 0.0040364 0.00188627 0.00340751
internal_weight=31.1886 2.43996 1.44295 0.767254 28.7487 3.11409 25.6346 2.67629 24.4408 4.73248 3.03406 19.7084 16.4115 15.4023
internal_count=1987 871 228 171 1116 144 972 97 940 204 152 736 615 574
is_linear=0
shrinkage=0.03


Tree=298
num_leaves=15
num_cat=0
split_feature=1 13 4 4 14 4 9 14 13 19 5 13 19 4
split_gain=0.519115 0.986574 0.681712 0.459475 1.07441 0.735175 0.584003 0.567143 0.604951 0.844347 0.915551 0.767489 0.627936 0.575125
threshold=9.5000000000000018 -30.183142780597734 1.6794879381871952 0.0489773532501959 2.6049999999999991 -0.15470053837925152 3.5000000000000004 1.8240000000000018 -36.546915282464262 -0.98182534576205283 3.5000000000000004 -24.516779381219354 -0.2393156642875576 1.2878583717506678
decision_type=2 2 2 2 2 2 2 2 2 2 2 2 2 2
left_child=3 2 -2 5 7 -1 -7 8 -5 -10 12 -12 -11 -13
right_child=1 -3 -4 4 -6 6 -8 -9 9 10 11 13 -14 -15
leaf_value=0.0002442870551287839 0.015428856043670764 -0.026807610288013081 -0.014323324828509544 -0.024265512641637742 0.015480468695359949 -0.026603791417222501 0.027889893000106507 -0.020071554651304065 0.034732836654389102 -0.03490765843392387 -0.026072156225748291 0.0019220267425599333 0.0025210527536655542 0.021126907329414517
leaf_weight=8.46742247814473 1.5029442850209309 1.7944700995867595 1.2863407211843876 0.75052935504936513 5.4478311101265708 1.635465703468072 0.198476560297422 1.2249377593398083 0.72829487640410562 0.94596366334008053 0.60622338147368005 3.6178192882216562 0.70336540925927848 2.2928155140252784
leaf_count=1181 29 61 28 31 163 193 6 34 9 31 21 116 40 38
internal_value=-0.000130589 -0.00945544 0.00170798 0.00147513 0.00460677 -0.00348552 -0.0207063 -0.000842938 0.00159914 0.00378164 0.00102128 0.00607472 -0.018946 0.00937186
internal_weight=31.2029 4.58376 2.78929 26.6191 16.3178 10.3014 1.83394 10.8699 9.64501 8.89448 8.16619 6.51686 1.64933 5.91063
internal_count=1981 118 57 1863 483 1380 199 320 286 255 246 175 71 154
is_linear=0
shrinkage=0.03


Tree=299
num_leaves=15
num_cat=0
split_feature=12 11 11 3 11 4 4 6 4 4 14 7 0 6
split_gain=0.491376 0.531076 0.746086 0.936898 0.729304 0.509695 0.892914 1.01964 0.807154 0.712788 0.944696 0.801002 1.48009 0.707696
threshold=3.5000000000000004 0.67534821531199596 0.69504828068137836 6.5000000000000009 0.58895894255036974 0.0489773532501959 -0.74277745315683441 -79.262665930029399 0.57903597219764369 0.78759422170034965 -2.4815000000000018 5.5000000000000009 2.5000000000000004 -29.566347630863756
decision_type=2 2 2 2 2 2 2 2 2 2 2 2 2 2
left_child=-1 4 -3 -4 5 6 -2 -8 13 -10 -11 12 -12 -7
right_child=1 2 3 -5 -6 8 7 -9 9 10 11 -13 -14 -15
leaf_value=-0.018502668653254981 0.011342094520317782 0.031314064916632481 -0.033418797495080532 0.020700214541587946 -0.018264173020227609 -0.0045841354587323347 0.018815798226002895 -0.016992558616425475 -0.023540925351659556 0.021340898636477517 -0.02960176382906813 0.009278920159521975 0.0016960212281485344 0.02500831832655034
leaf_weight=1.3794054299651204 1.9714578344283031 1.1115577273885713 0.51239979201636721 0.65708272423944436 2.115891903267765 1.0437482279376129 0.8326106129388896 5.0963284449244268 1.0889586938428681 1.8766332788509306 2.0106145122554135 3.6467503309249878 4.2017616431694478 2.3991143153107286
leaf_count=176 141 27 76 11 176 60 105 825 75 39 60 83 69 72
internal_value=-0.00101461 -0.000170107 0.0137154 -0.00301162 -0.00137516 0.000103466 -0.00614817 -0.0119639 0.00313959 -0.000322784 0.00183162 -0.00188187 -0.0084334 0.016037
internal_weight=29.9443 28.5649 2.28104 1.16948 26.2839 24.168 7.9004 5.92894 16.2676 12.8247 11.7358 9.85913 6.21238 3.44286
internal_count=1995 1819 114 87 1705 1529 1071 930 458 326 251 212 129 132
is_linear=0
shrinkage=0.03


end of trees

feature_importances:
et0_anomaly=446
report_anomaly_z=414
rain_8w_anomaly_pct=389
vacc_coverage=367
inbound_change_pct=353
woy_cos=280
farmer_reports_2w=256
inbound_animals=252
woy_sin=212
inbound_external=198
weeks_since_campaign=187
neighbour_outbreaks_4w=166
farmer_reports=155
own_outbreak_8w=145
vet_reports_2w=131
density_index=118
vet_reports=64
inbound_from_outbreak_areas_2w=36
border=20
market_hub=11

parameters:
[boosting: gbdt]
[objective: binary]
[metric: binary_logloss]
[tree_learner: serial]
[device_type: cpu]
[data_sample_strategy: bagging]
[data: ]
[valid: ]
[num_iterations: 300]
[learning_rate: 0.03]
[num_leaves: 15]
[num_threads: 1]
[seed: 1]
[deterministic: 0]
[force_col_wise: 0]
[force_row_wise: 0]
[histogram_pool_size: -1]
[max_depth: -1]
[min_data_in_leaf: 20]
[min_sum_hessian_in_leaf: 0.001]
[bagging_fraction: 0.8]
[pos_bagging_fraction: 1]
[neg_bagging_fraction: 1]
[bagging_freq: 1]
[bagging_seed: 18467]
[bagging_by_query: 0]
[feature_fraction: 0.8]
[feature_fraction_bynode: 1]
[feature_fraction_seed: 26500]
[extra_trees: 0]
[extra_seed: 15724]
[early_stopping_round: 0]
[early_stopping_min_delta: 0]
[first_metric_only: 0]
[max_delta_step: 0]
[lambda_l1: 0]
[lambda_l2: 0]
[linear_lambda: 0]
[min_gain_to_split: 0]
[drop_rate: 0.1]
[max_drop: 50]
[skip_drop: 0.5]
[xgboost_dart_mode: 0]
[uniform_drop: 0]
[drop_seed: 6334]
[top_rate: 0.2]
[other_rate: 0.1]
[min_data_per_group: 100]
[max_cat_threshold: 32]
[cat_l2: 10]
[cat_smooth: 10]
[max_cat_to_onehot: 4]
[top_k: 20]
[monotone_constraints: ]
[monotone_constraints_method: basic]
[monotone_penalty: 0]
[feature_contri: ]
[forcedsplits_filename: ]
[refit_decay_rate: 0.9]
[cegb_tradeoff: 1]
[cegb_penalty_split: 0]
[cegb_penalty_feature_lazy: ]
[cegb_penalty_feature_coupled: ]
[path_smooth: 0]
[interaction_constraints: ]
[verbosity: -1]
[saved_feature_importance_type: 0]
[use_quantized_grad: 0]
[num_grad_quant_bins: 4]
[quant_train_renew_leaf: 0]
[stochastic_rounding: 1]
[linear_tree: 0]
[max_bin: 255]
[max_bin_by_feature: ]
[min_data_in_bin: 3]
[bin_construct_sample_cnt: 200000]
[data_random_seed: 41]
[is_enable_sparse: 1]
[enable_bundle: 1]
[use_missing: 1]
[zero_as_missing: 0]
[feature_pre_filter: 1]
[pre_partition: 0]
[two_round: 0]
[header: 0]
[label_column: ]
[weight_column: ]
[group_column: ]
[ignore_column: ]
[categorical_feature: ]
[forcedbins_filename: ]
[precise_float_parser: 0]
[parser_config_file: ]
[objective_seed: 19169]
[num_class: 1]
[is_unbalance: 0]
[scale_pos_weight: 1]
[sigmoid: 1]
[boost_from_average: 1]
[reg_sqrt: 0]
[alpha: 0.9]
[fair_c: 1]
[poisson_max_delta_step: 0.7]
[tweedie_variance_power: 1.5]
[lambdarank_truncation_level: 30]
[lambdarank_norm: 1]
[label_gain: ]
[lambdarank_position_bias_regularization: 0]
[eval_at: ]
[multi_error_top_k: 1]
[auc_mu_weights: ]
[num_machines: 1]
[local_listen_port: 12400]
[time_out: 120]
[machine_list_filename: ]
[machines: ]
[gpu_platform_id: -1]
[gpu_device_id: -1]
[gpu_device_id_list: ]
[gpu_use_dp: 0]
[num_gpu: 1]

end of parameters

pandas_categorical:[]
