week,from_holding,to_holding,from_area,to_area,n_animals,permit_recorded,date
0,H00009,H00038,0,0,16,0,2023-01-02
0,H00029,H00865,0,19,22,1,2023-01-02
0,H00071,H00862,1,19,7,0,2023-01-02
0,H00077,H00051,1,1,16,1,2023-01-02
0,H00084,H00148,1,3,15,1,2023-01-02
0,H00086,H00302,1,6,16,1,2023-01-02
0,H00089,H00075,1,1,12,0,2023-01-02
0,H00091,H00042,1,1,17,1,2023-01-02
0,H00100,H00055,2,1,12,1,2023-01-02
0,H00132,H00104,2,2,9,1,2023-01-02
0,H00169,H00151,3,3,24,1,2023-01-02
0,H00178,H00239,3,5,4,1,2023-01-02
0,H00195,H00189,4,4,9,0,2023-01-02
0,H00210,H00319,4,7,13,1,2023-01-02
0,H00235,H00035,5,0,5,1,2023-01-02
0,H00242,H00248,5,5,17,1,2023-01-02
0,H00244,H00249,5,5,22,0,2023-01-02
0,H00288,H00277,6,6,13,0,2023-01-02
0,H00293,H00290,6,6,11,1,2023-01-02
0,H00307,H00300,6,6,24,0,2023-01-02
0,H00309,H00481,7,11,15,1,2023-01-02
0,H00315,H00279,7,6,8,1,2023-01-02
0,H00317,H00328,7,7,13,1,2023-01-02
0,H00327,H00316,7,7,7,1,2023-01-02
0,H00343,H00354,8,8,5,0,2023-01-02
0,H00344,H00348,8,8,10,1,2023-01-02
0,H00389,H00335,9,7,11,1,2023-01-02
0,H00409,H00956,10,22,10,1,2023-01-02
0,H00414,H00410,10,10,2,0,2023-01-02
0,H00425,H01077,10,27,20,1,2023-01-02
0,H00426,H00278,10,6,9,0,2023-01-02
0,H00440,H00441,10,10,20,0,2023-01-02
0,H00450,H00674,11,15,10,1,2023-01-02
0,H00468,H00530,11,12,22,1,2023-01-02
0,H00475,H00459,11,11,10,0,2023-01-02
0,H00482,H00843,11,19,8,1,2023-01-02
0,H00494,H00530,12,12,7,1,2023-01-02
0,H00495,H00516,12,12,12,1,2023-01-02
0,H00526,H00719,12,16,7,1,2023-01-02
0,H00536,H00677,12,15,20,1,2023-01-02
0,H00571,H00554,13,13,22,1,2023-01-02
0,H00578,H00567,13,13,24,1,2023-01-02
0,H00586,H00680,13,15,5,0,2023-01-02
0,H00589,H00587,13,13,21,0,2023-01-02
0,H00596,H00028,13,0,19,0,2023-01-02
0,H00608,H00662,14,15,3,0,2023-01-02
0,H00620,H00627,14,14,9,0,2023-01-02
0,H00627,H01006,14,24,12,1,2023-01-02
0,H00634,H00615,14,14,4,0,2023-01-02
0,H00637,H00659,14,14,11,1,2023-01-02
0,H00659,H00610,14,14,21,0,2023-01-02
0,H00665,H00672,15,15,5,1,2023-01-02
0,H00683,H00696,15,15,23,0,2023-01-02
0,H00687,H00676,15,15,20,1,2023-01-02
0,H00688,H00702,15,15,15,1,2023-01-02
0,H00702,H00688,15,15,21,0,2023-01-02
0,H00703,H00706,15,15,16,1,2023-01-02
0,H00709,H00667,15,15,7,1,2023-01-02
0,H00710,H00718,16,16,23,0,2023-01-02
0,H00712,H00748,16,16,19,1,2023-01-02
0,H00714,H00388,16,9,5,0,2023-01-02
0,H00735,H00740,16,16,14,1,2023-01-02
0,H00764,H00776,17,17,3,0,2023-01-02
0,H00801,H00142,18,2,10,0,2023-01-02
0,H00825,H00854,18,19,11,1,2023-01-02
0,H00859,H00861,19,19,9,1,2023-01-02
0,H00867,H00859,19,19,21,1,2023-01-02
0,H00869,H00710,19,16,11,0,2023-01-02
0,H00878,H00002,20,0,19,1,2023-01-02
0,H00881,H00888,20,20,18,0,2023-01-02
0,H00884,H00890,20,20,24,0,2023-01-02
0,H00917,H00131,21,2,8,1,2023-01-02
0,H00932,H00871,22,20,19,1,2023-01-02
0,H00937,H01075,22,26,19,0,2023-01-02
0,H00941,H00236,22,5,18,0,2023-01-02
0,H00953,H00959,22,22,6,0,2023-01-02
0,H00968,H00969,23,23,9,1,2023-01-02
0,H00970,H00975,23,23,11,1,2023-01-02
0,H00971,H00955,23,22,13,0,2023-01-02
0,H00983,H00708,23,15,2,0,2023-01-02
0,H00998,H00932,24,22,6,0,2023-01-02
0,H00999,H00960,24,22,21,0,2023-01-02
0,H01004,H00951,24,22,17,1,2023-01-02
0,H01023,H01047,25,25,18,0,2023-01-02
0,H01024,H01045,25,25,4,0,2023-01-02
0,H01034,H00695,25,15,10,1,2023-01-02
0,H01040,H01015,25,24,14,1,2023-01-02
0,H01053,H00909,25,21,24,1,2023-01-02
0,H01073,H01062,26,26,15,1,2023-01-02
0,H01079,H00948,27,22,5,1,2023-01-02
1,H00000,H00008,0,0,15,0,2023-01-09
1,H00015,H00007,0,0,5,0,2023-01-09
1,H00018,H00131,0,2,17,1,2023-01-09
1,H00021,H00020,0,0,22,1,2023-01-09
1,H00028,H00038,0,0,19,1,2023-01-09
1,H00029,H00032,0,0,20,1,2023-01-09
1,H00033,H00164,0,3,4,0,2023-01-09
1,H00038,H00018,0,0,21,0,2023-01-09
1,H00071,H00117,1,2,7,0,2023-01-09
1,H00092,H00084,1,1,18,0,2023-01-09
1,H00102,H00099,2,2,4,0,2023-01-09
1,H00123,H00118,2,2,8,1,2023-01-09
1,H00126,H00276,2,6,7,0,2023-01-09
1,H00130,H00864,2,19,5,0,2023-01-09
1,H00131,H00455,2,11,9,1,2023-01-09
1,H00142,H00107,2,2,8,1,2023-01-09
1,H00147,H00008,3,0,23,1,2023-01-09
1,H00205,H00165,4,3,16,1,2023-01-09
1,H00229,H00107,4,2,6,0,2023-01-09
1,H00249,H00271,5,5,16,1,2023-01-09
1,H00255,H00258,5,5,15,1,2023-01-09
1,H00264,H00248,5,5,12,0,2023-01-09
1,H00266,H00114,5,2,9,1,2023-01-09
1,H00268,H00154,5,3,17,1,2023-01-09
1,H00276,H00674,6,15,13,1,2023-01-09
1,H00293,H00301,6,6,13,1,2023-01-09
1,H00296,H00320,6,7,4,1,2023-01-09
1,H00309,H00315,7,7,23,1,2023-01-09
1,H00321,H00319,7,7,11,0,2023-01-09
1,H00326,H00138,7,2,16,0,2023-01-09
1,H00341,H00327,8,7,18,1,2023-01-09
1,H00360,H00350,8,8,3,1,2023-01-09
1,H00362,H00349,8,8,11,0,2023-01-09
1,H00371,H00033,8,0,3,0,2023-01-09
1,H00398,H00379,9,9,5,0,2023-01-09
1,H00403,H00378,9,9,3,0,2023-01-09
1,H00413,H00286,10,6,17,0,2023-01-09
1,H00417,H00412,10,10,16,1,2023-01-09
1,H00418,H00430,10,10,11,1,2023-01-09
1,H00439,H00412,10,10,20,1,2023-01-09
1,H00442,H00289,11,6,21,1,2023-01-09
1,H00464,H00443,11,11,18,0,2023-01-09
1,H00468,H00490,11,11,11,1,2023-01-09
1,H00477,H00453,11,11,11,0,2023-01-09
1,H00479,H00483,11,11,12,0,2023-01-09
1,H00486,H00135,11,2,7,1,2023-01-09
1,H00506,H00474,12,11,10,1,2023-01-09
1,H00507,H00484,12,11,15,1,2023-01-09
1,H00510,H00526,12,12,3,1,2023-01-09
1,H00521,H00502,12,12,7,1,2023-01-09
1,H00533,H00507,12,12,10,1,2023-01-09
1,H00550,H00582,13,13,2,0,2023-01-09
1,H00587,H00702,13,15,4,0,2023-01-09
1,H00589,H00621,13,14,4,0,2023-01-09
1,H00613,H00683,14,15,16,0,2023-01-09
1,H00626,H00002,14,0,5,0,2023-01-09
1,H00629,H00605,14,14,10,1,2023-01-09
1,H00646,H00650,14,14,2,1,2023-01-09
1,H00647,H00608,14,14,14,1,2023-01-09
1,H00670,H00575,15,13,24,1,2023-01-09
1,H00676,H00662,15,15,19,0,2023-01-09
1,H00678,H00670,15,15,16,0,2023-01-09
1,H00689,H00697,15,15,14,1,2023-01-09
1,H00690,H00695,15,15,21,1,2023-01-09
1,H00716,H00868,16,19,24,1,2023-01-09
1,H00726,H00748,16,16,8,0,2023-01-09
1,H00743,H00717,16,16,18,1,2023-01-09
1,H00754,H00789,17,17,21,0,2023-01-09
1,H00758,H00773,17,17,17,1,2023-01-09
1,H00763,H00515,17,12,14,1,2023-01-09
1,H00771,H00777,17,17,19,1,2023-01-09
1,H00780,H00788,17,17,5,1,2023-01-09
1,H00795,H00467,17,11,19,0,2023-01-09
1,H00839,H00815,18,18,20,1,2023-01-09
1,H00889,H00879,20,20,4,1,2023-01-09
1,H00919,H00912,21,21,4,0,2023-01-09
1,H00928,H00932,22,22,23,1,2023-01-09
1,H00929,H00354,22,8,14,1,2023-01-09
1,H00935,H01111,22,27,6,0,2023-01-09
1,H00975,H00956,23,22,4,0,2023-01-09
1,H00998,H00869,24,19,13,1,2023-01-09
1,H01026,H00288,25,6,6,1,2023-01-09
1,H01028,H00958,25,22,2,1,2023-01-09
1,H01030,H00737,25,16,2,0,2023-01-09
1,H01046,H01045,25,25,13,1,2023-01-09
1,H01050,H00977,25,23,11,0,2023-01-09
1,H01065,H00945,26,22,11,1,2023-01-09
1,H01075,H00101,26,2,2,1,2023-01-09
1,H01085,H00408,27,10,8,0,2023-01-09
1,H01101,H01095,27,27,8,1,2023-01-09
1,H01109,H01104,27,27,24,1,2023-01-09
1,H01110,H00913,27,21,4,1,2023-01-09
2,H00045,H00007,1,0,24,1,2023-01-16
2,H00066,H00051,1,1,21,1,2023-01-16
2,H00068,H00061,1,1,4,0,2023-01-16
2,H00077,H00055,1,1,20,0,2023-01-16
2,H00085,H00312,1,7,19,0,2023-01-16
2,H00088,H00043,1,1,17,0,2023-01-16
2,H00099,H00124,2,2,18,1,2023-01-16
2,H00103,H00108,2,2,4,1,2023-01-16
2,H00104,H00101,2,2,5,1,2023-01-16
2,H00111,H00134,2,2,14,1,2023-01-16
2,H00121,H00625,2,14,5,1,2023-01-16
2,H00132,H00139,2,2,10,1,2023-01-16
2,H00148,H00351,3,8,10,0,2023-01-16
2,H00151,H00178,3,3,21,0,2023-01-16
2,H00162,H00173,3,3,20,0,2023-01-16
2,H00179,H00180,3,3,4,0,2023-01-16
2,H00185,H00165,3,3,6,0,2023-01-16
2,H00190,H00192,4,4,4,0,2023-01-16
2,H00198,H00217,4,4,13,0,2023-01-16
2,H00205,H00207,4,4,19,0,2023-01-16
2,H00217,H00219,4,4,14,0,2023-01-16
2,H00229,H00009,4,0,10,1,2023-01-16
2,H00252,H00652,5,14,10,0,2023-01-16
2,H00258,H00240,5,5,8,0,2023-01-16
2,H00265,H00260,5,5,16,1,2023-01-16
2,H00274,H00844,5,19,8,1,2023-01-16
2,H00279,H00128,6,2,20,1,2023-01-16
2,H00284,H00300,6,6,21,1,2023-01-16
2,H00288,H00295,6,6,6,0,2023-01-16
2,H00293,H00321,6,7,3,1,2023-01-16
2,H00304,H00334,6,7,11,1,2023-01-16
2,H00306,H00291,6,6,16,1,2023-01-16
2,H00315,H00336,7,7,13,1,2023-01-16
2,H00316,H00336,7,7,4,1,2023-01-16
2,H00326,H00334,7,7,8,0,2023-01-16
2,H00342,H00348,8,8,7,0,2023-01-16
2,H00375,H00383,9,9,5,0,2023-01-16
2,H00388,H00395,9,9,23,1,2023-01-16
2,H00406,H00750,10,16,4,1,2023-01-16
2,H00413,H00320,10,7,10,0,2023-01-16
2,H00423,H01021,10,24,21,0,2023-01-16
2,H00428,H00461,10,11,22,0,2023-01-16
2,H00440,H00439,10,10,15,1,2023-01-16
2,H00442,H00512,11,12,14,1,2023-01-16
2,H00443,H00457,11,11,9,0,2023-01-16
2,H00454,H00324,11,7,7,1,2023-01-16
2,H00476,H00487,11,11,21,0,2023-01-16
2,H00486,H00256,11,5,2,0,2023-01-16
2,H00488,H00084,11,1,17,1,2023-01-16
2,H00491,H00477,11,11,24,0,2023-01-16
2,H00496,H00114,12,2,13,0,2023-01-16
2,H00524,H00473,12,11,13,1,2023-01-16
2,H00547,H00692,13,15,2,1,2023-01-16
2,H00577,H00571,13,13,14,1,2023-01-16
2,H00578,H00584,13,13,19,1,2023-01-16
2,H00584,H00663,13,15,11,1,2023-01-16
2,H00587,H00689,13,15,14,1,2023-01-16
2,H00595,H00551,13,13,13,1,2023-01-16
2,H00601,H00598,13,13,6,0,2023-01-16
2,H00622,H00655,14,14,22,0,2023-01-16
2,H00630,H00634,14,14,17,1,2023-01-16
2,H00638,H00835,14,18,21,1,2023-01-16
2,H00673,H00543,15,13,22,1,2023-01-16
2,H00679,H00579,15,13,8,0,2023-01-16
2,H00681,H00839,15,18,2,1,2023-01-16
2,H00691,H00006,15,0,19,0,2023-01-16
2,H00692,H00676,15,15,17,1,2023-01-16
2,H00699,H00730,15,16,13,1,2023-01-16
2,H00710,H00736,16,16,9,0,2023-01-16
2,H00717,H00714,16,16,11,1,2023-01-16
2,H00721,H00851,16,19,5,1,2023-01-16
2,H00751,H00789,17,17,5,1,2023-01-16
2,H00755,H00670,17,15,3,0,2023-01-16
2,H00761,H00493,17,12,7,0,2023-01-16
2,H00771,H00789,17,17,20,0,2023-01-16
2,H00780,H00127,17,2,4,0,2023-01-16
2,H00787,H00765,17,17,11,1,2023-01-16
2,H00796,H00781,17,17,16,0,2023-01-16
2,H00843,H00727,19,16,24,1,2023-01-16
2,H00851,H00869,19,19,17,1,2023-01-16
2,H00853,H00843,19,19,16,1,2023-01-16
2,H00858,H00864,19,19,16,1,2023-01-16
2,H00873,H00893,20,20,8,0,2023-01-16
2,H00886,H00243,20,5,20,1,2023-01-16
2,H00891,H00878,20,20,10,1,2023-01-16
2,H00902,H00900,21,21,19,0,2023-01-16
2,H00937,H01108,22,27,11,1,2023-01-16
2,H00971,H00967,23,23,14,0,2023-01-16
2,H00999,H01003,24,24,6,1,2023-01-16
2,H01031,H00861,25,19,18,1,2023-01-16
2,H01036,H01037,25,25,12,0,2023-01-16
2,H01037,H00803,25,18,8,1,2023-01-16
2,H01063,H01062,26,26,4,1,2023-01-16
2,H01067,H00942,26,22,18,0,2023-01-16
2,H01070,H01101,26,27,8,1,2023-01-16
2,H01077,H01104,27,27,22,1,2023-01-16
2,H01084,H01081,27,27,14,0,2023-01-16
2,H01087,H01108,27,27,20,1,2023-01-16
2,H01090,H00290,27,6,21,1,2023-01-16
2,H01093,H01089,27,27,24,0,2023-01-16
3,H00003,H00025,0,0,17,1,2023-01-23
3,H00008,H00609,0,14,14,1,2023-01-23
3,H00009,H00535,0,12,5,0,2023-01-23
3,H00010,H00028,0,0,23,0,2023-01-23
3,H00014,H00033,0,0,10,1,2023-01-23
3,H00015,H00002,0,0,20,1,2023-01-23
3,H00029,H00826,0,18,24,1,2023-01-23
3,H00032,H00102,0,2,14,1,2023-01-23
3,H00064,H00002,1,0,7,1,2023-01-23
3,H00066,H00315,1,7,18,0,2023-01-23
3,H00086,H00094,1,1,2,1,2023-01-23
3,H00090,H00046,1,1,23,1,2023-01-23
3,H00094,H00545,1,13,22,1,2023-01-23
3,H00096,H00332,1,7,13,0,2023-01-23
3,H00119,H00136,2,2,20,0,2023-01-23
3,H00123,H00664,2,15,16,1,2023-01-23
3,H00172,H00180,3,3,22,0,2023-01-23
3,H00179,H00190,3,4,13,0,2023-01-23
3,H00190,H00251,4,5,2,0,2023-01-23
3,H00202,H00232,4,5,14,1,2023-01-23
3,H00212,H00226,4,4,5,1,2023-01-23
3,H00220,H00243,4,5,20,1,2023-01-23
3,H00235,H00261,5,5,10,1,2023-01-23
3,H00240,H00719,5,16,19,0,2023-01-23
3,H00255,H00570,5,13,15,0,2023-01-23
3,H00261,H00251,5,5,3,0,2023-01-23
3,H00276,H00183,6,3,23,1,2023-01-23
3,H00277,H00957,6,22,9,0,2023-01-23
3,H00279,H00489,6,11,23,0,2023-01-23
3,H00290,H00281,6,6,17,1,2023-01-23
3,H00295,H00300,6,6,3,1,2023-01-23
3,H00298,H00860,6,19,24,1,2023-01-23
3,H00299,H00306,6,6,15,1,2023-01-23
3,H00301,H00288,6,6,10,0,2023-01-23
3,H00317,H00312,7,7,21,0,2023-01-23
3,H00329,H00122,7,2,7,0,2023-01-23
3,H00343,H00347,8,8,4,0,2023-01-23
3,H00363,H00476,8,11,5,1,2023-01-23
3,H00364,H00293,8,6,6,1,2023-01-23
3,H00383,H00227,9,4,21,1,2023-01-23
3,H00388,H00393,9,9,24,0,2023-01-23
3,H00406,H00959,10,22,5,1,2023-01-23
3,H00408,H00435,10,10,13,0,2023-01-23
3,H00424,H00019,10,0,10,0,2023-01-23
3,H00436,H00415,10,10,8,1,2023-01-23
3,H00437,H00431,10,10,12,1,2023-01-23
3,H00442,H00477,11,11,12,1,2023-01-23
3,H00450,H00462,11,11,3,1,2023-01-23
3,H00467,H00688,11,15,4,1,2023-01-23
3,H00489,H00325,11,7,18,0,2023-01-23
3,H00508,H00497,12,12,13,1,2023-01-23
3,H00510,H00539,12,12,5,0,2023-01-23
3,H00513,H00525,12,12,19,0,2023-01-23
3,H00532,H00493,12,12,24,0,2023-01-23
3,H00543,H00543,13,13,24,0,2023-01-23
3,H00561,H00600,13,13,15,1,2023-01-23
3,H00599,H00810,13,18,13,1,2023-01-23
3,H00621,H00648,14,14,20,1,2023-01-23
3,H00637,H00651,14,14,8,0,2023-01-23
3,H00649,H00648,14,14,10,1,2023-01-23
3,H00655,H00610,14,14,5,1,2023-01-23
3,H00657,H00112,14,2,5,1,2023-01-23
3,H00659,H00644,14,14,2,1,2023-01-23
3,H00663,H00665,15,15,14,0,2023-01-23
3,H00683,H00698,15,15,15,0,2023-01-23
3,H00686,H00689,15,15,19,1,2023-01-23
3,H00695,H00868,15,19,2,0,2023-01-23
3,H00697,H00674,15,15,15,1,2023-01-23
3,H00706,H00702,15,15,3,0,2023-01-23
3,H00730,H00846,16,19,8,1,2023-01-23
3,H00741,H00727,16,16,7,1,2023-01-23
3,H00748,H00843,16,19,13,1,2023-01-23
3,H00753,H00728,17,16,17,1,2023-01-23
3,H00762,H00800,17,17,3,0,2023-01-23
3,H00780,H00884,17,20,9,1,2023-01-23
3,H00782,H00756,17,17,22,1,2023-01-23
3,H00792,H00283,17,6,4,1,2023-01-23
3,H00794,H00756,17,17,21,0,2023-01-23
3,H00800,H00702,17,15,20,1,2023-01-23
3,H00801,H00856,18,19,14,1,2023-01-23
3,H00802,H00816,18,18,10,0,2023-01-23
3,H00808,H00715,18,16,13,0,2023-01-23
3,H00817,H00839,18,18,4,0,2023-01-23
3,H00818,H00828,18,18,9,1,2023-01-23
3,H00832,H00807,18,18,23,0,2023-01-23
3,H00834,H00955,18,22,9,1,2023-01-23
3,H00839,H00023,18,0,24,1,2023-01-23
3,H00848,H00854,19,19,17,0,2023-01-23
3,H00856,H00746,19,16,8,1,2023-01-23
3,H00867,H00748,19,16,19,1,2023-01-23
3,H00868,H00844,19,19,24,1,2023-01-23
3,H00875,H00867,20,19,23,1,2023-01-23
3,H00876,H00886,20,20,21,0,2023-01-23
3,H00880,H00890,20,20,11,1,2023-01-23
3,H00883,H00909,20,21,23,0,2023-01-23
3,H00887,H00895,20,20,16,0,2023-01-23
3,H00900,H00892,21,20,4,0,2023-01-23
3,H00905,H01066,21,26,11,1,2023-01-23
3,H00936,H01037,22,25,3,1,2023-01-23
3,H00951,H01081,22,27,2,1,2023-01-23
3,H00959,H00928,22,22,7,1,2023-01-23
3,H00984,H00990,23,23,16,1,2023-01-23
3,H00987,H00981,23,23,24,1,2023-01-23
3,H00993,H00729,23,16,21,0,2023-01-23
3,H01005,H01004,24,24,17,0,2023-01-23
3,H01007,H01003,24,24,19,1,2023-01-23
3,H01011,H01011,24,24,24,1,2023-01-23
3,H01019,H01019,24,24,5,0,2023-01-23
3,H01022,H01042,25,25,6,0,2023-01-23
3,H01032,H00915,25,21,24,1,2023-01-23
3,H01033,H00943,25,22,9,0,2023-01-23
3,H01049,H01036,25,25,7,1,2023-01-23
3,H01078,H01093,27,27,22,1,2023-01-23
3,H01088,H00315,27,7,24,0,2023-01-23
3,H01092,H01084,27,27,3,0,2023-01-23
3,H01093,H01080,27,27,8,0,2023-01-23
3,H01099,H00930,27,22,22,1,2023-01-23
3,H01106,H00862,27,19,20,0,2023-01-23
4,H00000,H00149,0,3,9,1,2023-01-30
4,H00007,H00026,0,0,10,1,2023-01-30
4,H00008,H00037,0,0,16,1,2023-01-30
4,H00009,H00702,0,15,21,0,2023-01-30
4,H00010,H00005,0,0,9,1,2023-01-30
4,H00057,H00097,1,1,18,1,2023-01-30
4,H00069,H00073,1,1,13,0,2023-01-30
4,H00077,H00058,1,1,12,1,2023-01-30
4,H00096,H00375,1,9,7,0,2023-01-30
4,H00125,H00141,2,2,8,1,2023-01-30
4,H00136,H00108,2,2,16,1,2023-01-30
4,H00153,H00309,3,7,7,1,2023-01-30
4,H00166,H00237,3,5,12,1,2023-01-30
4,H00171,H00168,3,3,9,0,2023-01-30
4,H00187,H00231,4,4,2,0,2023-01-30
4,H00190,H00463,4,11,12,0,2023-01-30
4,H00223,H00205,4,4,11,1,2023-01-30
4,H00238,H00249,5,5,14,0,2023-01-30
4,H00242,H00262,5,5,5,1,2023-01-30
4,H00245,H00254,5,5,18,0,2023-01-30
4,H00249,H00983,5,23,7,1,2023-01-30
4,H00254,H00253,5,5,20,1,2023-01-30
4,H00256,H00251,5,5,11,1,2023-01-30
4,H00270,H00676,5,15,5,1,2023-01-30
4,H00284,H00292,6,6,7,1,2023-01-30
4,H00286,H00307,6,6,14,0,2023-01-30
4,H00294,H00103,6,2,19,0,2023-01-30
4,H00303,H00299,6,6,9,1,2023-01-30
4,H00317,H00316,7,7,8,1,2023-01-30
4,H00322,H00726,7,16,15,0,2023-01-30
4,H00328,H00293,7,6,14,0,2023-01-30
4,H00332,H00580,7,13,3,0,2023-01-30
4,H00353,H00349,8,8,7,1,2023-01-30
4,H00396,H00141,9,2,9,0,2023-01-30
4,H00403,H00376,9,9,21,1,2023-01-30
4,H00414,H00430,10,10,3,0,2023-01-30
4,H00416,H00169,10,3,17,0,2023-01-30
4,H00418,H00428,10,10,15,0,2023-01-30
4,H00437,H00424,10,10,23,1,2023-01-30
4,H00438,H01046,10,25,5,1,2023-01-30
4,H00442,H00771,11,17,5,1,2023-01-30
4,H00459,H00311,11,7,15,1,2023-01-30
4,H00466,H00115,11,2,23,1,2023-01-30
4,H00467,H00035,11,0,16,0,2023-01-30
4,H00469,H00017,11,0,12,1,2023-01-30
4,H00475,H00489,11,11,18,0,2023-01-30
4,H00481,H00013,11,0,7,1,2023-01-30
4,H00485,H00480,11,11,21,1,2023-01-30
4,H00493,H00498,12,12,18,1,2023-01-30
4,H00527,H00528,12,12,13,1,2023-01-30
4,H00541,H00525,12,12,13,0,2023-01-30
4,H00544,H00576,13,13,10,0,2023-01-30
4,H00551,H00563,13,13,4,1,2023-01-30
4,H00556,H00552,13,13,2,0,2023-01-30
4,H00565,H00560,13,13,14,1,2023-01-30
4,H00572,H00581,13,13,19,0,2023-01-30
4,H00582,H00003,13,0,5,0,2023-01-30
4,H00616,H00615,14,14,3,1,2023-01-30
4,H00628,H00620,14,14,21,0,2023-01-30
4,H00630,H00490,14,11,19,0,2023-01-30
4,H00639,H00546,14,13,24,1,2023-01-30
4,H00658,H00704,14,15,22,0,2023-01-30
4,H00662,H00685,15,15,18,1,2023-01-30
4,H00674,H00121,15,2,11,0,2023-01-30
4,H00675,H00490,15,11,5,1,2023-01-30
4,H00676,H00697,15,15,3,0,2023-01-30
4,H00682,H00677,15,15,4,0,2023-01-30
4,H00690,H00683,15,15,11,1,2023-01-30
4,H00692,H00671,15,15,14,0,2023-01-30
4,H00694,H00673,15,15,20,0,2023-01-30
4,H00702,H00852,15,19,23,0,2023-01-30
4,H00709,H00694,15,15,6,0,2023-01-30
4,H00713,H00865,16,19,16,0,2023-01-30
4,H00716,H00809,16,18,3,1,2023-01-30
4,H00724,H00713,16,16,4,1,2023-01-30
4,H00730,H00742,16,16,23,1,2023-01-30
4,H00734,H00251,16,5,21,1,2023-01-30
4,H00740,H00730,16,16,16,1,2023-01-30
4,H00748,H00749,16,16,19,0,2023-01-30
4,H00751,H00777,17,17,23,1,2023-01-30
4,H00755,H00751,17,17,9,1,2023-01-30
4,H00761,H00786,17,17,21,1,2023-01-30
4,H00768,H00140,17,2,16,1,2023-01-30
4,H00801,H00835,18,18,10,0,2023-01-30
4,H00843,H00423,19,10,6,1,2023-01-30
4,H00849,H00850,19,19,17,1,2023-01-30
4,H00851,H01065,19,26,10,0,2023-01-30
4,H00937,H00314,22,7,21,1,2023-01-30
4,H00946,H01008,22,24,22,0,2023-01-30
4,H00948,H00686,22,15,24,0,2023-01-30
4,H00957,H01082,22,27,4,1,2023-01-30
4,H00958,H01092,22,27,19,1,2023-01-30
4,H00961,H00955,22,22,14,1,2023-01-30
4,H00969,H00931,23,22,11,1,2023-01-30
4,H00975,H00963,23,22,7,1,2023-01-30
4,H00984,H00968,23,23,9,0,2023-01-30
4,H01010,H00995,24,24,13,1,2023-01-30
4,H01012,H01008,24,24,15,0,2023-01-30
4,H01015,H01006,24,24,8,0,2023-01-30
4,H01017,H00130,24,2,3,0,2023-01-30
4,H01032,H01054,25,25,24,0,2023-01-30
4,H01034,H01042,25,25,4,0,2023-01-30
4,H01037,H01039,25,25,14,1,2023-01-30
4,H01052,H00994,25,24,17,1,2023-01-30
4,H01063,H01070,26,26,17,1,2023-01-30
4,H01085,H00932,27,22,2,0,2023-01-30
4,H01099,H01110,27,27,7,1,2023-01-30
4,H01104,H01100,27,27,9,1,2023-01-30
4,H01105,H00949,27,22,5,0,2023-01-30
5,H00001,H00008,0,0,11,0,2023-02-06
5,H00003,H00036,0,0,3,1,2023-02-06
5,H00026,H00664,0,15,5,1,2023-02-06
5,H00052,H00069,1,1,3,0,2023-02-06
5,H00067,H00051,1,1,16,1,2023-02-06
5,H00079,H00191,1,4,23,1,2023-02-06
5,H00085,H00005,1,0,11,1,2023-02-06
5,H00104,H00105,2,2,23,0,2023-02-06
5,H00155,H00182,3,3,24,0,2023-02-06
5,H00156,H00181,3,3,5,0,2023-02-06
5,H00182,H00010,3,0,6,0,2023-02-06
5,H00186,H00159,3,3,17,1,2023-02-06
5,H00187,H00443,4,11,9,1,2023-02-06
5,H00235,H00237,5,5,8,1,2023-02-06
5,H00237,H00262,5,5,17,1,2023-02-06
5,H00240,H00256,5,5,7,0,2023-02-06
5,H00261,H00272,5,5,11,0,2023-02-06
5,H00270,H00867,5,19,8,1,2023-02-06
5,H00273,H00259,5,5,12,1,2023-02-06
5,H00275,H00020,5,0,13,0,2023-02-06
5,H00276,H00303,6,6,22,1,2023-02-06
5,H00279,H00296,6,6,15,1,2023-02-06
5,H00309,H00335,7,7,3,1,2023-02-06
5,H00319,H00322,7,7,2,0,2023-02-06
5,H00329,H00331,7,7,13,1,2023-02-06
5,H00336,H00320,7,7,10,1,2023-02-06
5,H00347,H00823,8,18,14,0,2023-02-06
5,H00366,H00255,8,5,8,1,2023-02-06
5,H00368,H00344,8,8,8,1,2023-02-06
5,H00388,H00385,9,9,23,1,2023-02-06
5,H00396,H00380,9,9,10,1,2023-02-06
5,H00403,H00391,9,9,22,0,2023-02-06
5,H00406,H00408,10,10,10,1,2023-02-06
5,H00408,H00429,10,10,22,0,2023-02-06
5,H00410,H00410,10,10,3,0,2023-02-06
5,H00438,H00435,10,10,9,0,2023-02-06
5,H00470,H00455,11,11,14,0,2023-02-06
5,H00491,H00449,11,11,7,0,2023-02-06
5,H00494,H00536,12,12,16,1,2023-02-06
5,H00500,H00110,12,2,20,0,2023-02-06
5,H00506,H00508,12,12,20,0,2023-02-06
5,H00565,H00545,13,13,4,1,2023-02-06
5,H00566,H00576,13,13,20,1,2023-02-06
5,H00570,H00021,13,0,8,0,2023-02-06
5,H00581,H00567,13,13,9,1,2023-02-06
5,H00600,H00599,13,13,4,1,2023-02-06
5,H00621,H00804,14,18,2,1,2023-02-06
5,H00627,H00636,14,14,19,1,2023-02-06
5,H00630,H00628,14,14,15,1,2023-02-06
5,H00638,H00461,14,11,11,1,2023-02-06
5,H00643,H00662,14,15,24,0,2023-02-06
5,H00649,H00106,14,2,24,0,2023-02-06
5,H00666,H00675,15,15,14,1,2023-02-06
5,H00704,H00673,15,15,8,0,2023-02-06
5,H00708,H00591,15,13,10,1,2023-02-06
5,H00710,H00262,16,5,10,0,2023-02-06
5,H00716,H00674,16,15,17,1,2023-02-06
5,H00717,H00019,16,0,3,1,2023-02-06
5,H00779,H00939,17,22,7,0,2023-02-06
5,H00817,H00841,18,18,17,1,2023-02-06
5,H00821,H00802,18,18,11,1,2023-02-06
5,H00828,H00693,18,15,4,0,2023-02-06
5,H00851,H00853,19,19,19,0,2023-02-06
5,H00859,H00850,19,19,22,1,2023-02-06
5,H00867,H00311,19,7,21,1,2023-02-06
5,H00870,H00854,19,19,14,1,2023-02-06
5,H00881,H00993,20,23,7,0,2023-02-06
5,H00914,H01060,21,26,8,1,2023-02-06
5,H00916,H00915,21,21,21,0,2023-02-06
5,H00924,H00904,21,21,22,0,2023-02-06
5,H00927,H00918,21,21,12,1,2023-02-06
5,H00952,H00961,22,22,13,1,2023-02-06
5,H00957,H00958,22,22,17,0,2023-02-06
5,H00969,H00441,23,10,17,1,2023-02-06
5,H01016,H01001,24,24,2,1,2023-02-06
5,H01018,H00141,24,2,5,1,2023-02-06
5,H01043,H01039,25,25,13,0,2023-02-06
5,H01064,H00903,26,21,3,0,2023-02-06
5,H01072,H00851,26,19,22,0,2023-02-06
5,H01091,H01070,27,26,20,1,2023-02-06
5,H01095,H01094,27,27,18,1,2023-02-06
6,H00009,H00034,0,0,19,1,2023-02-13
6,H00026,H00020,0,0,17,1,2023-02-13
6,H00030,H00030,0,0,3,0,2023-02-13
6,H00033,H00023,0,0,6,1,2023-02-13
6,H00048,H00169,1,3,20,0,2023-02-13
6,H00062,H00016,1,0,20,1,2023-02-13
6,H00069,H00405,1,9,8,1,2023-02-13
6,H00099,H00485,2,11,2,0,2023-02-13
6,H00103,H00118,2,2,18,0,2023-02-13
6,H00104,H00108,2,2,3,1,2023-02-13
6,H00110,H00135,2,2,22,0,2023-02-13
6,H00143,H00026,3,0,11,0,2023-02-13
6,H00152,H00349,3,8,14,1,2023-02-13
6,H00161,H00169,3,3,17,1,2023-02-13
6,H00168,H00162,3,3,12,1,2023-02-13
6,H00182,H00170,3,3,21,1,2023-02-13
6,H00217,H00704,4,15,2,0,2023-02-13
6,H00230,H00268,4,5,16,0,2023-02-13
6,H00234,H00259,5,5,6,1,2023-02-13
6,H00249,H00261,5,5,20,0,2023-02-13
6,H00276,H00280,6,6,16,1,2023-02-13
6,H00282,H00762,6,17,18,1,2023-02-13
6,H00294,H00375,6,9,8,0,2023-02-13
6,H00302,H00246,6,5,4,1,2023-02-13
6,H00310,H00632,7,14,7,0,2023-02-13
6,H00334,H00323,7,7,3,0,2023-02-13
6,H00356,H00432,8,10,16,1,2023-02-13
6,H00366,H00344,8,8,22,1,2023-02-13
6,H00369,H00369,8,8,2,1,2023-02-13
6,H00372,H00337,8,8,19,1,2023-02-13
6,H00401,H00391,9,9,7,0,2023-02-13
6,H00404,H00310,9,7,14,1,2023-02-13
6,H00417,H00334,10,7,21,1,2023-02-13
6,H00425,H00313,10,7,13,0,2023-02-13
6,H00428,H00413,10,10,10,0,2023-02-13
6,H00431,H00429,10,10,12,1,2023-02-13
6,H00435,H00875,10,20,5,1,2023-02-13
6,H00439,H00435,10,10,7,0,2023-02-13
6,H00442,H00473,11,11,20,1,2023-02-13
6,H00452,H00449,11,11,21,0,2023-02-13
6,H00461,H00476,11,11,2,1,2023-02-13
6,H00496,H00517,12,12,24,1,2023-02-13
6,H00498,H00496,12,12,7,0,2023-02-13
6,H00506,H00478,12,11,19,1,2023-02-13
6,H00511,H00509,12,12,6,1,2023-02-13
6,H00520,H00874,12,20,9,0,2023-02-13
6,H00525,H00481,12,11,15,1,2023-02-13
6,H00529,H00693,12,15,7,1,2023-02-13
6,H00541,H00762,12,17,12,1,2023-02-13
6,H00542,H00565,13,13,8,1,2023-02-13
6,H00544,H00565,13,13,11,1,2023-02-13
6,H00552,H00681,13,15,3,1,2023-02-13
6,H00553,H00622,13,14,3,1,2023-02-13
6,H00560,H00576,13,13,16,1,2023-02-13
6,H00575,H00599,13,13,17,1,2023-02-13
6,H00594,H00667,13,15,11,1,2023-02-13
6,H00616,H00653,14,14,23,1,2023-02-13
6,H00631,H00708,14,15,20,0,2023-02-13
6,H00668,H00670,15,15,7,1,2023-02-13
6,H00684,H00692,15,15,8,1,2023-02-13
6,H00726,H00211,16,4,18,1,2023-02-13
6,H00733,H00569,16,13,12,0,2023-02-13
6,H00749,H00948,16,22,13,1,2023-02-13
6,H00804,H00137,18,2,19,1,2023-02-13
6,H00822,H00806,18,18,23,1,2023-02-13
6,H00861,H01008,19,24,23,1,2023-02-13
6,H00863,H00847,19,19,20,0,2023-02-13
6,H00923,H00902,21,21,7,1,2023-02-13
6,H00928,H00935,22,22,12,0,2023-02-13
6,H00933,H00823,22,18,2,0,2023-02-13
6,H00955,H00953,22,22,12,0,2023-02-13
6,H00963,H00263,22,5,14,0,2023-02-13
6,H00966,H00479,23,11,21,0,2023-02-13
6,H00969,H01082,23,27,10,1,2023-02-13
6,H00987,H00944,23,22,18,0,2023-02-13
6,H00990,H00980,23,23,20,1,2023-02-13
6,H00995,H01000,24,24,17,1,2023-02-13
6,H01005,H00693,24,15,20,1,2023-02-13
6,H01009,H01013,24,24,24,0,2023-02-13
6,H01010,H00732,24,16,14,1,2023-02-13
6,H01017,H01009,24,24,14,0,2023-02-13
6,H01020,H00417,24,10,3,0,2023-02-13
6,H01032,H01054,25,25,5,1,2023-02-13
6,H01042,H01048,25,25,20,1,2023-02-13
6,H01044,H01028,25,25,12,1,2023-02-13
6,H01045,H01048,25,25,10,0,2023-02-13
6,H01047,H00993,25,23,5,0,2023-02-13
6,H01049,H01053,25,25,7,1,2023-02-13
6,H01051,H01023,25,25,17,1,2023-02-13
6,H01065,H01060,26,26,10,1,2023-02-13
6,H01092,H01096,27,27,21,1,2023-02-13
6,H01097,H01098,27,27,13,0,2023-02-13
6,H01104,H00284,27,6,23,0,2023-02-13
6,H01109,H00958,27,22,10,1,2023-02-13
7,H00014,H00103,0,2,16,0,2023-02-20
7,H00020,H00037,0,0,3,0,2023-02-20
7,H00025,H00026,0,0,17,0,2023-02-20
7,H00031,H00015,0,0,18,1,2023-02-20
7,H00055,H00073,1,1,20,0,2023-02-20
7,H00086,H00071,1,1,2,1,2023-02-20
7,H00099,H00380,2,9,9,1,2023-02-20
7,H00105,H00019,2,0,15,1,2023-02-20
7,H00119,H00134,2,2,7,1,2023-02-20
7,H00131,H00316,2,7,18,1,2023-02-20
7,H00132,H00126,2,2,16,0,2023-02-20
7,H00153,H00184,3,3,14,1,2023-02-20
7,H00169,H00007,3,0,23,0,2023-02-20
7,H00173,H00009,3,0,7,1,2023-02-20
7,H00174,H00030,3,0,14,0,2023-02-20
7,H00187,H00304,4,6,7,1,2023-02-20
7,H00189,H00226,4,4,24,0,2023-02-20
7,H00191,H00191,4,4,7,0,2023-02-20
7,H00197,H00325,4,7,4,1,2023-02-20
7,H00206,H00259,4,5,4,0,2023-02-20
7,H00237,H00266,5,5,13,1,2023-02-20
7,H00242,H00716,5,16,19,0,2023-02-20
7,H00250,H00243,5,5,16,0,2023-02-20
7,H00253,H00272,5,5,15,1,2023-02-20
7,H00271,H00273,5,5,15,1,2023-02-20
7,H00276,H00302,6,6,4,1,2023-02-20
7,H00308,H00672,6,15,21,0,2023-02-20
7,H00312,H00795,7,17,4,0,2023-02-20
7,H00316,H00316,7,7,20,1,2023-02-20
7,H00327,H00312,7,7,2,1,2023-02-20
7,H00333,H00307,7,6,4,1,2023-02-20
7,H00336,H00027,7,0,11,0,2023-02-20
7,H00340,H00585,8,13,22,1,2023-02-20
7,H00359,H00348,8,8,9,1,2023-02-20
7,H00362,H00853,8,19,18,0,2023-02-20
7,H00392,H00396,9,9,16,0,2023-02-20
7,H00396,H00380,9,9,4,0,2023-02-20
7,H00413,H00422,10,10,20,1,2023-02-20
7,H00435,H00244,10,5,21,1,2023-02-20
7,H00443,H00782,11,17,7,0,2023-02-20
7,H00444,H00454,11,11,10,1,2023-02-20
7,H00452,H00449,11,11,14,0,2023-02-20
7,H00472,H00098,11,1,22,0,2023-02-20
7,H00474,H00478,11,11,2,0,2023-02-20
7,H00490,H00865,11,19,16,0,2023-02-20
7,H00493,H00610,12,14,5,1,2023-02-20
7,H00496,H00502,12,12,12,0,2023-02-20
7,H00499,H00751,12,17,11,0,2023-02-20
7,H00528,H00505,12,12,6,1,2023-02-20
7,H00538,H00685,12,15,2,1,2023-02-20
7,H00553,H00594,13,13,4,0,2023-02-20
7,H00554,H00125,13,2,16,0,2023-02-20
7,H00566,H00547,13,13,4,0,2023-02-20
7,H00626,H00687,14,15,24,0,2023-02-20
7,H00641,H00614,14,14,13,1,2023-02-20
7,H00643,H00639,14,14,11,1,2023-02-20
7,H00644,H00623,14,14,3,0,2023-02-20
7,H00662,H00666,15,15,9,1,2023-02-20
7,H00685,H00423,15,10,12,1,2023-02-20
7,H00686,H00668,15,15,4,0,2023-02-20
7,H00710,H00720,16,16,13,1,2023-02-20
7,H00729,H00716,16,16,23,1,2023-02-20
7,H00735,H00747,16,16,2,1,2023-02-20
7,H00746,H00721,16,16,18,1,2023-02-20
7,H00750,H00748,16,16,14,1,2023-02-20
7,H00751,H00790,17,17,14,1,2023-02-20
7,H00780,H00796,17,17,12,1,2023-02-20
7,H00785,H00228,17,4,22,1,2023-02-20
7,H00791,H00000,17,0,22,1,2023-02-20
7,H00797,H00764,17,17,24,0,2023-02-20
7,H00802,H00609,18,14,9,1,2023-02-20
7,H00817,H00811,18,18,11,0,2023-02-20
7,H00838,H00813,18,18,24,0,2023-02-20
7,H00841,H00818,18,18,6,0,2023-02-20
7,H00843,H00864,19,19,10,1,2023-02-20
7,H00847,H00866,19,19,6,0,2023-02-20
7,H00849,H00862,19,19,15,0,2023-02-20
7,H00853,H00724,19,16,12,0,2023-02-20
7,H00858,H00121,19,2,16,1,2023-02-20
7,H00867,H00815,19,18,8,1,2023-02-20
7,H00869,H00859,19,19,17,0,2023-02-20
7,H00880,H01049,20,25,2,1,2023-02-20
7,H00884,H00893,20,20,5,1,2023-02-20
7,H00888,H00731,20,16,22,1,2023-02-20
7,H00893,H00875,20,20,10,1,2023-02-20
7,H00900,H00908,21,21,24,0,2023-02-20
7,H00904,H00290,21,6,18,1,2023-02-20
7,H00907,H01076,21,26,11,1,2023-02-20
7,H00910,H00924,21,21,10,0,2023-02-20
7,H00919,H00792,21,17,10,0,2023-02-20
7,H00920,H01075,21,26,8,1,2023-02-20
7,H00938,H01006,22,24,4,1,2023-02-20
7,H00966,H00467,23,11,4,0,2023-02-20
7,H00999,H01015,24,24,10,1,2023-02-20
7,H01008,H01016,24,24,10,1,2023-02-20
7,H01013,H01020,24,24,18,1,2023-02-20
7,H01025,H01053,25,25,23,1,2023-02-20
7,H01032,H01037,25,25,17,1,2023-02-20
7,H01039,H01049,25,25,18,1,2023-02-20
7,H01045,H01044,25,25,7,0,2023-02-20
7,H01048,H01054,25,25,23,0,2023-02-20
7,H01050,H00634,25,14,20,1,2023-02-20
7,H01057,H00909,26,21,9,1,2023-02-20
7,H01062,H00770,26,17,2,0,2023-02-20
7,H01071,H00832,26,18,12,1,2023-02-20
7,H01079,H00029,27,0,7,1,2023-02-20
7,H01102,H00577,27,13,10,0,2023-02-20
7,H01106,H01080,27,27,24,1,2023-02-20
7,H01110,H00940,27,22,24,0,2023-02-20
8,H00005,H00007,0,0,13,0,2023-02-27
8,H00014,H00740,0,16,22,1,2023-02-27
8,H00017,H00002,0,0,11,0,2023-02-27
8,H00018,H01009,0,24,22,1,2023-02-27
8,H00028,H00707,0,15,14,1,2023-02-27
8,H00036,H00028,0,0,5,1,2023-02-27
8,H00038,H00016,0,0,6,1,2023-02-27
8,H00070,H00002,1,0,9,1,2023-02-27
8,H00075,H00091,1,1,7,1,2023-02-27
8,H00091,H00069,1,1,14,1,2023-02-27
8,H00103,H00130,2,2,11,1,2023-02-27
8,H00107,H00354,2,8,10,0,2023-02-27
8,H00109,H00313,2,7,20,1,2023-02-27
8,H00120,H00142,2,2,5,0,2023-02-27
8,H00129,H00133,2,2,24,0,2023-02-27
8,H00143,H00099,3,2,5,1,2023-02-27
8,H00148,H00708,3,15,21,1,2023-02-27
8,H00153,H00150,3,3,22,1,2023-02-27
8,H00154,H00260,3,5,21,1,2023-02-27
8,H00177,H00158,3,3,10,0,2023-02-27
8,H00182,H00210,3,4,21,1,2023-02-27
8,H00184,H00098,3,1,13,0,2023-02-27
8,H00190,H00194,4,4,22,0,2023-02-27
8,H00219,H00227,4,4,16,1,2023-02-27
8,H00242,H00237,5,5,23,1,2023-02-27
8,H00245,H00250,5,5,2,1,2023-02-27
8,H00251,H00254,5,5,19,0,2023-02-27
8,H00256,H00040,5,1,22,1,2023-02-27
8,H00262,H00265,5,5,14,1,2023-02-27
8,H00266,H00054,5,1,11,1,2023-02-27
8,H00280,H00296,6,6,14,1,2023-02-27
8,H00285,H00293,6,6,3,1,2023-02-27
8,H00292,H00423,6,10,22,0,2023-02-27
8,H00309,H00334,7,7,24,0,2023-02-27
8,H00311,H00333,7,7,20,1,2023-02-27
8,H00313,H00326,7,7,22,1,2023-02-27
8,H00343,H00346,8,8,21,1,2023-02-27
8,H00352,H00361,8,8,10,0,2023-02-27
8,H00357,H00002,8,0,22,0,2023-02-27
8,H00402,H00701,9,15,22,1,2023-02-27
8,H00407,H00820,10,18,13,1,2023-02-27
8,H00421,H00415,10,10,4,0,2023-02-27
8,H00433,H00423,10,10,3,1,2023-02-27
8,H00444,H00465,11,11,8,1,2023-02-27
8,H00456,H00468,11,11,16,1,2023-02-27
8,H00459,H00447,11,11,15,0,2023-02-27
8,H00465,H00337,11,8,5,1,2023-02-27
8,H00470,H00473,11,11,9,0,2023-02-27
8,H00488,H00679,11,15,9,1,2023-02-27
8,H00504,H00656,12,14,13,1,2023-02-27
8,H00517,H00520,12,12,24,1,2023-02-27
8,H00523,H00496,12,12,3,1,2023-02-27
8,H00524,H00502,12,12,22,1,2023-02-27
8,H00531,H00491,12,11,21,1,2023-02-27
8,H00548,H00553,13,13,5,1,2023-02-27
8,H00555,H00460,13,11,10,1,2023-02-27
8,H00560,H01095,13,27,17,1,2023-02-27
8,H00566,H01092,13,27,13,0,2023-02-27
8,H00573,H00590,13,13,9,1,2023-02-27
8,H00581,H00687,13,15,17,1,2023-02-27
8,H00598,H00248,13,5,3,0,2023-02-27
8,H00630,H00639,14,14,17,1,2023-02-27
8,H00638,H00618,14,14,16,0,2023-02-27
8,H00651,H00631,14,14,15,1,2023-02-27
8,H00662,H00394,15,9,12,1,2023-02-27
8,H00669,H00527,15,12,11,1,2023-02-27
8,H00677,H00491,15,11,23,0,2023-02-27
8,H00678,H00667,15,15,21,1,2023-02-27
8,H00695,H00482,15,11,9,0,2023-02-27
8,H00701,H00575,15,13,19,1,2023-02-27
8,H00705,H00327,15,7,7,0,2023-02-27
8,H00709,H00670,15,15,10,0,2023-02-27
8,H00713,H00705,16,15,8,1,2023-02-27
8,H00785,H00788,17,17,4,0,2023-02-27
8,H00810,H00833,18,18,8,0,2023-02-27
8,H00831,H00837,18,18,17,0,2023-02-27
8,H00839,H00801,18,18,16,1,2023-02-27
8,H00840,H00849,18,19,17,0,2023-02-27
8,H00841,H00785,18,17,12,1,2023-02-27
8,H00843,H00847,19,19,11,1,2023-02-27
8,H00853,H00843,19,19,6,1,2023-02-27
8,H00858,H00845,19,19,11,0,2023-02-27
8,H00861,H00717,19,16,24,0,2023-02-27
8,H00867,H00380,19,9,22,1,2023-02-27
8,H00882,H00874,20,20,21,1,2023-02-27
8,H00883,H00874,20,20,4,1,2023-02-27
8,H00884,H00122,20,2,17,1,2023-02-27
8,H00885,H00957,20,22,8,0,2023-02-27
8,H00889,H00950,20,22,12,1,2023-02-27
8,H00896,H00846,21,19,8,0,2023-02-27
8,H00910,H00846,21,19,6,1,2023-02-27
8,H00955,H00947,22,22,12,1,2023-02-27
8,H00957,H00963,22,22,9,1,2023-02-27
8,H00958,H00746,22,16,18,0,2023-02-27
8,H00972,H00965,23,23,3,1,2023-02-27
8,H00994,H00527,24,12,15,0,2023-02-27
8,H00998,H01016,24,24,17,0,2023-02-27
8,H01061,H00816,26,18,2,0,2023-02-27
8,H01087,H00870,27,19,19,0,2023-02-27
8,H01097,H00732,27,16,16,0,2023-02-27
8,H01098,H01096,27,27,9,1,2023-02-27
8,H01099,H01096,27,27,19,1,2023-02-27
8,H01104,H00930,27,22,14,1,2023-02-27
8,H01108,H00311,27,7,7,0,2023-02-27
9,H00000,H00021,0,0,24,1,2023-03-06
9,H00020,H00035,0,0,17,0,2023-03-06
9,H00035,H00029,0,0,16,1,2023-03-06
9,H00051,H00660,1,14,16,1,2023-03-06
9,H00056,H00070,1,1,3,1,2023-03-06
9,H00057,H00005,1,0,14,1,2023-03-06
9,H00060,H00067,1,1,3,0,2023-03-06
9,H00068,H00061,1,1,15,1,2023-03-06
9,H00121,H00103,2,2,17,1,2023-03-06
9,H00124,H00121,2,2,18,1,2023-03-06
9,H00129,H00508,2,12,14,1,2023-03-06
9,H00140,H00113,2,2,12,1,2023-03-06
9,H00148,H00100,3,2,20,1,2023-03-06
9,H00167,H00153,3,3,5,0,2023-03-06
9,H00172,H00163,3,3,19,0,2023-03-06
9,H00179,H00174,3,3,7,1,2023-03-06
9,H00186,H00686,3,15,3,1,2023-03-06
9,H00210,H00305,4,6,3,0,2023-03-06
9,H00227,H00030,4,0,11,0,2023-03-06
9,H00230,H00198,4,4,23,0,2023-03-06
9,H00264,H00634,5,14,24,0,2023-03-06
9,H00276,H00102,6,2,8,1,2023-03-06
9,H00284,H00292,6,6,4,1,2023-03-06
9,H00288,H00159,6,3,4,1,2023-03-06
9,H00290,H00290,6,6,24,1,2023-03-06
9,H00299,H00290,6,6,7,1,2023-03-06
9,H00303,H00287,6,6,19,1,2023-03-06
9,H00309,H00311,7,7,7,1,2023-03-06
9,H00346,H00346,8,8,24,0,2023-03-06
9,H00363,H00356,8,8,18,1,2023-03-06
9,H00374,H00364,8,8,4,1,2023-03-06
9,H00379,H00116,9,2,7,1,2023-03-06
9,H00382,H00134,9,2,20,0,2023-03-06
9,H00385,H00384,9,9,3,1,2023-03-06
9,H00389,H00326,9,7,16,0,2023-03-06
9,H00408,H00011,10,0,2,0,2023-03-06
9,H00410,H00929,10,22,5,1,2023-03-06
9,H00414,H00430,10,10,13,1,2023-03-06
9,H00422,H00634,10,14,12,0,2023-03-06
9,H00457,H00438,11,10,6,1,2023-03-06
9,H00460,H00124,11,2,18,1,2023-03-06
9,H00478,H00488,11,11,21,1,2023-03-06
9,H00479,H00452,11,11,8,1,2023-03-06
9,H00483,H00449,11,11,12,0,2023-03-06
9,H00490,H00457,11,11,9,0,2023-03-06
9,H00492,H00462,11,11,14,0,2023-03-06
9,H00500,H00490,12,11,15,1,2023-03-06
9,H00513,H00533,12,12,24,1,2023-03-06
9,H00526,H00503,12,12,2,1,2023-03-06
9,H00527,H00534,12,12,5,1,2023-03-06
9,H00529,H00679,12,15,12,0,2023-03-06
9,H00531,H00475,12,11,16,1,2023-03-06
9,H00538,H00515,12,12,15,0,2023-03-06
9,H00548,H00599,13,13,9,0,2023-03-06
9,H00549,H00752,13,17,8,0,2023-03-06
9,H00586,H00586,13,13,13,1,2023-03-06
9,H00612,H00608,14,14,7,0,2023-03-06
9,H00620,H00656,14,14,15,1,2023-03-06
9,H00625,H00625,14,14,15,0,2023-03-06
9,H00627,H00592,14,13,20,0,2023-03-06
9,H00642,H00127,14,2,22,1,2023-03-06
9,H00644,H00622,14,14,23,0,2023-03-06
9,H00657,H00632,14,14,12,1,2023-03-06
9,H00687,H00113,15,2,6,0,2023-03-06
9,H00707,H00663,15,15,9,0,2023-03-06
9,H00715,H00710,16,16,15,0,2023-03-06
9,H00747,H00732,16,16,10,1,2023-03-06
9,H00766,H00759,17,17,23,1,2023-03-06
9,H00771,H00756,17,17,24,1,2023-03-06
9,H00776,H00653,17,14,23,1,2023-03-06
9,H00800,H00774,17,17,24,1,2023-03-06
9,H00806,H00670,18,15,3,0,2023-03-06
9,H00807,H00802,18,18,18,0,2023-03-06
9,H00833,H00838,18,18,18,0,2023-03-06
9,H00836,H00876,18,20,8,1,2023-03-06
9,H00855,H00843,19,19,21,1,2023-03-06
9,H00866,H00725,19,16,19,1,2023-03-06
9,H00879,H00742,20,16,21,0,2023-03-06
9,H00882,H00894,20,20,13,1,2023-03-06
9,H00886,H00890,20,20,15,0,2023-03-06
9,H00887,H00848,20,19,3,1,2023-03-06
9,H00890,H00875,20,20,19,1,2023-03-06
9,H00891,H00886,20,20,19,0,2023-03-06
9,H00907,H00921,21,21,21,1,2023-03-06
9,H00942,H00943,22,22,18,1,2023-03-06
9,H00958,H00942,22,22,8,1,2023-03-06
9,H00971,H00301,23,6,8,0,2023-03-06
9,H00974,H00476,23,11,9,0,2023-03-06
9,H00975,H00980,23,23,4,1,2023-03-06
9,H01000,H00410,24,10,14,0,2023-03-06
9,H01006,H00997,24,24,16,1,2023-03-06
9,H01030,H01026,25,25,24,1,2023-03-06
9,H01036,H01036,25,25,13,1,2023-03-06
9,H01046,H01042,25,25,19,1,2023-03-06
9,H01054,H01110,25,27,20,1,2023-03-06
9,H01058,H00936,26,22,12,1,2023-03-06
9,H01059,H00589,26,13,18,0,2023-03-06
9,H01094,H01099,27,27,24,0,2023-03-06
9,H01098,H00913,27,21,9,1,2023-03-06
9,H01106,H01098,27,27,6,1,2023-03-06
10,H00008,H00000,0,0,13,1,2023-03-13
10,H00014,H00027,0,0,20,1,2023-03-13
10,H00020,H00033,0,0,14,0,2023-03-13
10,H00030,H00012,0,0,16,0,2023-03-13
10,H00031,H00333,0,7,8,1,2023-03-13
10,H00054,H00386,1,9,23,1,2023-03-13
10,H00073,H00098,1,1,12,0,2023-03-13
10,H00096,H00085,1,1,16,1,2023-03-13
10,H00150,H00144,3,3,15,1,2023-03-13
10,H00195,H00158,4,3,19,1,2023-03-13
10,H00205,H00193,4,4,5,1,2023-03-13
10,H00257,H00253,5,5,9,1,2023-03-13
10,H00258,H00416,5,10,23,0,2023-03-13
10,H00268,H00241,5,5,12,0,2023-03-13
10,H00276,H00278,6,6,14,1,2023-03-13
10,H00280,H00303,6,6,21,1,2023-03-13
10,H00305,H00282,6,6,18,0,2023-03-13
10,H00307,H00410,6,10,10,1,2023-03-13
10,H00314,H00313,7,7,6,0,2023-03-13
10,H00319,H00107,7,2,10,0,2023-03-13
10,H00325,H00323,7,7,9,1,2023-03-13
10,H00329,H00320,7,7,10,0,2023-03-13
10,H00338,H00350,8,8,12,1,2023-03-13
10,H00351,H00357,8,8,7,1,2023-03-13
10,H00354,H00366,8,8,3,0,2023-03-13
10,H00362,H00361,8,8,19,0,2023-03-13
10,H00375,H00387,9,9,4,1,2023-03-13
10,H00383,H00335,9,7,9,1,2023-03-13
10,H00397,H00377,9,9,15,0,2023-03-13
10,H00415,H00422,10,10,8,0,2023-03-13
10,H00421,H00278,10,6,19,0,2023-03-13
10,H00434,H00414,10,10,5,1,2023-03-13
10,H00442,H00459,11,11,2,1,2023-03-13
10,H00448,H00534,11,12,21,0,2023-03-13
10,H00463,H00838,11,18,23,1,2023-03-13
10,H00471,H00960,11,22,8,0,2023-03-13
10,H00480,H00476,11,11,11,0,2023-03-13
10,H00520,H00534,12,12,16,1,2023-03-13
10,H00526,H00516,12,12,17,0,2023-03-13
10,H00528,H00512,12,12,12,1,2023-03-13
10,H00538,H00525,12,12,13,1,2023-03-13
10,H00552,H00330,13,7,19,1,2023-03-13
10,H00602,H00470,13,11,3,1,2023-03-13
10,H00614,H00653,14,14,22,1,2023-03-13
10,H00615,H00645,14,14,19,1,2023-03-13
10,H00617,H00249,14,5,21,0,2023-03-13
10,H00623,H00607,14,14,5,0,2023-03-13
10,H00627,H00693,14,15,13,1,2023-03-13
10,H00641,H00131,14,2,14,1,2023-03-13
10,H00647,H00624,14,14,21,1,2023-03-13
10,H00655,H00619,14,14,22,1,2023-03-13
10,H00662,H00720,15,16,17,1,2023-03-13
10,H00672,H00683,15,15,11,1,2023-03-13
10,H00696,H00696,15,15,6,1,2023-03-13
10,H00701,H00668,15,15,7,1,2023-03-13
10,H00718,H00870,16,19,16,0,2023-03-13
10,H00753,H00780,17,17,19,1,2023-03-13
10,H00762,H00782,17,17,17,0,2023-03-13
10,H00775,H00792,17,17,10,0,2023-03-13
10,H00792,H00797,17,17,9,1,2023-03-13
10,H00821,H00818,18,18,11,1,2023-03-13
10,H00823,H00822,18,18,20,0,2023-03-13
10,H00843,H00846,19,19,6,0,2023-03-13
10,H00845,H01105,19,27,17,0,2023-03-13
10,H00850,H00852,19,19,5,1,2023-03-13
10,H00852,H00857,19,19,7,1,2023-03-13
10,H00858,H00863,19,19,14,0,2023-03-13
10,H00863,H00557,19,13,3,1,2023-03-13
10,H00878,H00892,20,20,7,0,2023-03-13
10,H00896,H00433,21,10,2,1,2023-03-13
10,H00910,H00136,21,2,19,1,2023-03-13
10,H00924,H00917,21,21,18,1,2023-03-13
10,H00944,H00302,22,6,18,0,2023-03-13
10,H00963,H00948,22,22,14,0,2023-03-13
10,H00984,H00987,23,23,14,1,2023-03-13
10,H00998,H01014,24,24,11,0,2023-03-13
10,H01009,H00484,24,11,2,1,2023-03-13
10,H01011,H00916,24,21,6,1,2023-03-13
10,H01015,H00997,24,24,12,1,2023-03-13
10,H01038,H01037,25,25,8,0,2023-03-13
10,H01078,H00963,27,22,6,0,2023-03-13
10,H01079,H01094,27,27,17,0,2023-03-13
10,H01089,H01095,27,27,3,0,2023-03-13
10,H01096,H01102,27,27,24,0,2023-03-13
10,H01102,H00959,27,22,13,0,2023-03-13
10,H01109,H00114,27,2,15,1,2023-03-13
11,H00005,H00006,0,0,8,0,2023-03-20
11,H00016,H00030,0,0,23,1,2023-03-20
11,H00024,H00330,0,7,19,0,2023-03-20
11,H00027,H00011,0,0,21,1,2023-03-20
11,H00039,H00082,1,1,4,1,2023-03-20
11,H00050,H00040,1,1,5,0,2023-03-20
11,H00067,H00068,1,1,2,0,2023-03-20
11,H00081,H00048,1,1,4,1,2023-03-20
11,H00086,H00484,1,11,10,1,2023-03-20
11,H00095,H00047,1,1,24,1,2023-03-20
11,H00123,H00448,2,11,2,0,2023-03-20
11,H00134,H00107,2,2,7,1,2023-03-20
11,H00155,H00144,3,3,22,1,2023-03-20
11,H00204,H00188,4,4,16,0,2023-03-20
11,H00211,H00036,4,0,24,1,2023-03-20
11,H00227,H00226,4,4,14,1,2023-03-20
11,H00235,H00236,5,5,17,0,2023-03-20
11,H00236,H00264,5,5,16,1,2023-03-20
11,H00245,H00267,5,5,14,1,2023-03-20
11,H00247,H00239,5,5,8,1,2023-03-20
11,H00283,H00667,6,15,14,1,2023-03-20
11,H00298,H00308,6,6,21,0,2023-03-20
11,H00301,H00294,6,6,9,0,2023-03-20
11,H00308,H00302,6,6,17,1,2023-03-20
11,H00310,H00335,7,7,17,1,2023-03-20
11,H00327,H00314,7,7,4,1,2023-03-20
11,H00338,H00356,8,8,15,1,2023-03-20
11,H00351,H00363,8,8,7,0,2023-03-20
11,H00372,H00185,8,3,16,0,2023-03-20
11,H00390,H00120,9,2,2,1,2023-03-20
11,H00394,H00336,9,7,3,1,2023-03-20
11,H00400,H00384,9,9,7,1,2023-03-20
11,H00406,H00429,10,10,16,1,2023-03-20
11,H00412,H00428,10,10,4,1,2023-03-20
11,H00417,H00415,10,10,8,0,2023-03-20
11,H00439,H00438,10,10,13,0,2023-03-20
11,H00442,H00455,11,11,11,0,2023-03-20
11,H00463,H00856,11,19,18,1,2023-03-20
11,H00472,H00103,11,2,15,1,2023-03-20
11,H00483,H00330,11,7,3,0,2023-03-20
11,H00486,H00316,11,7,2,0,2023-03-20
11,H00487,H00491,11,11,3,0,2023-03-20
11,H00493,H00510,12,12,20,0,2023-03-20
11,H00498,H00523,12,12,3,0,2023-03-20
11,H00499,H00531,12,12,14,0,2023-03-20
11,H00506,H00528,12,12,2,1,2023-03-20
11,H00514,H00498,12,12,16,0,2023-03-20
11,H00523,H00510,12,12,23,1,2023-03-20
11,H00544,H00730,13,16,8,0,2023-03-20
11,H00560,H00593,13,13,7,0,2023-03-20
11,H00571,H00707,13,15,23,1,2023-03-20
11,H00596,H00562,13,13,24,1,2023-03-20
11,H00597,H00624,13,14,21,0,2023-03-20
11,H00598,H00567,13,13,5,0,2023-03-20
11,H00604,H00604,14,14,17,1,2023-03-20
11,H00605,H00617,14,14,7,1,2023-03-20
11,H00609,H00285,14,6,6,1,2023-03-20
11,H00614,H00570,14,13,21,0,2023-03-20
11,H00630,H00646,14,14,8,1,2023-03-20
11,H00700,H00593,15,13,6,1,2023-03-20
11,H00701,H00689,15,15,14,1,2023-03-20
11,H00702,H00414,15,10,9,1,2023-03-20
11,H00709,H00461,15,11,6,0,2023-03-20
11,H00747,H00733,16,16,14,0,2023-03-20
11,H00797,H00503,17,12,12,1,2023-03-20
11,H00813,H00713,18,16,22,1,2023-03-20
11,H00816,H00836,18,18,10,1,2023-03-20
11,H00833,H00311,18,7,14,1,2023-03-20
11,H00859,H00860,19,19,17,1,2023-03-20
11,H00874,H00309,20,7,12,1,2023-03-20
11,H00888,H00876,20,20,9,0,2023-03-20
11,H00892,H00848,20,19,14,1,2023-03-20
11,H00895,H00843,20,19,21,0,2023-03-20
11,H00928,H00740,22,16,2,1,2023-03-20
11,H00946,H00958,22,22,6,1,2023-03-20
11,H00952,H00950,22,22,8,1,2023-03-20
11,H00954,H00944,22,22,10,1,2023-03-20
11,H00961,H00928,22,22,13,0,2023-03-20
11,H00963,H00928,22,22,11,0,2023-03-20
11,H01018,H00949,24,22,5,1,2023-03-20
11,H01054,H01037,25,25,15,1,2023-03-20
11,H01060,H00111,26,2,11,1,2023-03-20
11,H01064,H01062,26,26,10,1,2023-03-20
11,H01068,H01058,26,26,19,0,2023-03-20
11,H01069,H00893,26,20,13,0,2023-03-20
11,H01088,H01084,27,27,13,1,2023-03-20
11,H01102,H01103,27,27,7,1,2023-03-20
11,H01104,H00940,27,22,3,0,2023-03-20
11,H01106,H00990,27,23,10,0,2023-03-20
12,H00003,H00105,0,2,14,0,2023-03-27
12,H00023,H00029,0,0,4,1,2023-03-27
12,H00029,H00021,0,0,11,0,2023-03-27
12,H00058,H00672,1,15,23,0,2023-03-27
12,H00083,H00041,1,1,4,0,2023-03-27
12,H00088,H00481,1,11,18,0,2023-03-27
12,H00098,H00073,1,1,13,1,2023-03-27
12,H00100,H00297,2,6,8,1,2023-03-27
12,H00115,H00120,2,2,14,0,2023-03-27
12,H00132,H00294,2,6,9,1,2023-03-27
12,H00136,H00139,2,2,18,0,2023-03-27
12,H00150,H00178,3,3,15,0,2023-03-27
12,H00186,H00162,3,3,22,1,2023-03-27
12,H00188,H00213,4,4,11,1,2023-03-27
12,H00190,H00194,4,4,7,1,2023-03-27
12,H00193,H00209,4,4,5,1,2023-03-27
12,H00196,H00231,4,4,15,0,2023-03-27
12,H00199,H00202,4,4,22,1,2023-03-27
12,H00200,H00233,4,5,22,1,2023-03-27
12,H00204,H00680,4,15,5,1,2023-03-27
12,H00206,H00195,4,4,5,1,2023-03-27
12,H00208,H00190,4,4,11,1,2023-03-27
12,H00214,H00197,4,4,5,1,2023-03-27
12,H00217,H00222,4,4,5,0,2023-03-27
12,H00218,H01004,4,24,9,1,2023-03-27
12,H00239,H00265,5,5,10,0,2023-03-27
12,H00242,H00258,5,5,24,0,2023-03-27
12,H00248,H00255,5,5,12,1,2023-03-27
12,H00264,H00318,5,7,3,0,2023-03-27
12,H00271,H00776,5,17,7,0,2023-03-27
12,H00276,H00122,6,2,7,1,2023-03-27
12,H00278,H00289,6,6,16,0,2023-03-27
12,H00283,H00123,6,2,17,1,2023-03-27
12,H00292,H00289,6,6,21,0,2023-03-27
12,H00311,H00279,7,6,18,1,2023-03-27
12,H00343,H00127,8,2,4,0,2023-03-27
12,H00346,H00373,8,8,22,1,2023-03-27
12,H00358,H00856,8,19,2,1,2023-03-27
12,H00395,H00035,9,0,9,1,2023-03-27
12,H00405,H00384,9,9,4,1,2023-03-27
12,H00426,H00439,10,10,24,1,2023-03-27
12,H00450,H00443,11,11,20,0,2023-03-27
12,H00465,H00458,11,11,10,1,2023-03-27
12,H00471,H00744,11,16,8,1,2023-03-27
12,H00478,H00710,11,16,4,0,2023-03-27
12,H00513,H00460,12,11,13,1,2023-03-27
12,H00514,H00451,12,11,20,0,2023-03-27
12,H00551,H00009,13,0,12,1,2023-03-27
12,H00553,H00581,13,13,16,1,2023-03-27
12,H00555,H00585,13,13,16,1,2023-03-27
12,H00574,H00667,13,15,2,0,2023-03-27
12,H00577,H00551,13,13,2,1,2023-03-27
12,H00593,H00596,13,13,20,0,2023-03-27
12,H00595,H00476,13,11,8,1,2023-03-27
12,H00606,H00653,14,14,22,1,2023-03-27
12,H00607,H00616,14,14,18,0,2023-03-27
12,H00609,H00956,14,22,11,0,2023-03-27
12,H00620,H00706,14,15,23,1,2023-03-27
12,H00648,H00642,14,14,21,1,2023-03-27
12,H00666,H00534,15,12,13,0,2023-03-27
12,H00667,H00702,15,15,4,0,2023-03-27
12,H00679,H00663,15,15,21,0,2023-03-27
12,H00682,H00679,15,15,17,1,2023-03-27
12,H00690,H00442,15,11,8,0,2023-03-27
12,H00706,H00697,15,15,20,1,2023-03-27
12,H00711,H00830,16,18,17,1,2023-03-27
12,H00716,H00665,16,15,18,0,2023-03-27
12,H00720,H00622,16,14,21,0,2023-03-27
12,H00732,H00854,16,19,5,1,2023-03-27
12,H00740,H00730,16,16,19,1,2023-03-27
12,H00749,H00136,16,2,16,1,2023-03-27
12,H00767,H00771,17,17,14,0,2023-03-27
12,H00774,H00777,17,17,18,1,2023-03-27
12,H00785,H00520,17,12,5,0,2023-03-27
12,H00789,H00349,17,8,5,0,2023-03-27
12,H00805,H00733,18,16,20,1,2023-03-27
12,H00808,H00811,18,18,5,0,2023-03-27
12,H00811,H00830,18,18,17,1,2023-03-27
12,H00863,H00843,19,19,14,1,2023-03-27
12,H00867,H00866,19,19,17,1,2023-03-27
12,H00873,H00930,20,22,9,0,2023-03-27
12,H00875,H00892,20,20,12,0,2023-03-27
12,H00894,H00087,20,1,6,0,2023-03-27
12,H00901,H00920,21,21,21,1,2023-03-27
12,H00903,H00471,21,11,23,0,2023-03-27
12,H00917,H00373,21,8,10,1,2023-03-27
12,H00924,H00629,21,14,14,1,2023-03-27
12,H00929,H01006,22,24,4,0,2023-03-27
12,H00931,H00940,22,22,23,0,2023-03-27
12,H00941,H00932,22,22,9,1,2023-03-27
12,H00948,H01110,22,27,11,1,2023-03-27
12,H00961,H00961,22,22,10,0,2023-03-27
12,H00966,H00912,23,21,7,1,2023-03-27
12,H00986,H00990,23,23,19,0,2023-03-27
12,H00989,H00860,23,19,16,0,2023-03-27
12,H00991,H00933,23,22,22,1,2023-03-27
12,H01004,H01013,24,24,2,0,2023-03-27
12,H01019,H01001,24,24,13,1,2023-03-27
12,H01031,H00940,25,22,4,1,2023-03-27
12,H01037,H01023,25,25,21,0,2023-03-27
12,H01041,H00713,25,16,23,1,2023-03-27
12,H01044,H00922,25,21,12,1,2023-03-27
12,H01054,H01030,25,25,20,0,2023-03-27
12,H01061,H00909,26,21,3,1,2023-03-27
12,H01062,H00693,26,15,7,1,2023-03-27
12,H01073,H00914,26,21,6,0,2023-03-27
12,H01101,H00936,27,22,6,0,2023-03-27
12,H01107,H01083,27,27,2,0,2023-03-27
13,H00000,H00031,0,0,13,1,2023-04-03
13,H00004,H00037,0,0,11,1,2023-04-03
13,H00005,H00030,0,0,11,0,2023-04-03
13,H00044,H00107,1,2,14,1,2023-04-03
13,H00063,H00064,1,1,11,0,2023-04-03
13,H00067,H00009,1,0,11,0,2023-04-03
13,H00077,H00079,1,1,22,0,2023-04-03
13,H00079,H00458,1,11,3,0,2023-04-03
13,H00088,H00097,1,1,19,1,2023-04-03
13,H00097,H00002,1,0,4,1,2023-04-03
13,H00106,H00100,2,2,5,1,2023-04-03
13,H00109,H00464,2,11,15,0,2023-04-03
13,H00118,H00110,2,2,18,1,2023-04-03
13,H00128,H00135,2,2,17,0,2023-04-03
13,H00130,H00138,2,2,2,0,2023-04-03
13,H00136,H00114,2,2,11,1,2023-04-03
13,H00138,H00130,2,2,18,0,2023-04-03
13,H00163,H00146,3,3,21,1,2023-04-03
13,H00187,H00201,4,4,9,1,2023-04-03
13,H00234,H00865,5,19,7,0,2023-04-03
13,H00250,H00244,5,5,4,1,2023-04-03
13,H00252,H00263,5,5,19,0,2023-04-03
13,H00256,H00441,5,10,15,1,2023-04-03
13,H00262,H00129,5,2,15,0,2023-04-03
13,H00285,H00303,6,6,12,1,2023-04-03
13,H00290,H00287,6,6,16,0,2023-04-03
13,H00294,H00278,6,6,21,1,2023-04-03
13,H00300,H00558,6,13,16,1,2023-04-03
13,H00312,H00335,7,7,17,0,2023-04-03
13,H00316,H00316,7,7,22,1,2023-04-03
13,H00320,H00434,7,10,3,1,2023-04-03
13,H00335,H00464,7,11,14,0,2023-04-03
13,H00353,H00101,8,2,7,0,2023-04-03
13,H00354,H00344,8,8,21,1,2023-04-03
13,H00363,H00346,8,8,18,0,2023-04-03
13,H00367,H00374,8,8,2,0,2023-04-03
13,H00387,H00056,9,1,2,0,2023-04-03
13,H00392,H00463,9,11,22,0,2023-04-03
13,H00403,H00330,9,7,15,0,2023-04-03
13,H00406,H00434,10,10,14,1,2023-04-03
13,H00415,H00709,10,15,8,0,2023-04-03
13,H00436,H00931,10,22,20,0,2023-04-03
13,H00437,H00440,10,10,24,0,2023-04-03
13,H00441,H00670,10,15,21,0,2023-04-03
13,H00457,H00443,11,11,12,1,2023-04-03
13,H00469,H00450,11,11,8,0,2023-04-03
13,H00489,H00740,11,16,22,1,2023-04-03
13,H00504,H00812,12,18,19,1,2023-04-03
13,H00522,H00471,12,11,15,1,2023-04-03
13,H00525,H00735,12,16,20,1,2023-04-03
13,H00537,H00505,12,12,24,0,2023-04-03
13,H00599,H00677,13,15,4,1,2023-04-03
13,H00601,H00570,13,13,11,1,2023-04-03
13,H00617,H00633,14,14,17,0,2023-04-03
13,H00618,H00624,14,14,22,1,2023-04-03
13,H00624,H00535,14,12,3,0,2023-04-03
13,H00628,H00614,14,14,16,0,2023-04-03
13,H00639,H00615,14,14,17,1,2023-04-03
13,H00647,H00618,14,14,17,0,2023-04-03
13,H00653,H00624,14,14,4,1,2023-04-03
13,H00708,H00929,15,22,20,0,2023-04-03
13,H00710,H00716,16,16,16,1,2023-04-03
13,H00721,H00718,16,16,13,1,2023-04-03
13,H00723,H00860,16,19,12,1,2023-04-03
13,H00725,H00429,16,10,10,0,2023-04-03
13,H00727,H00952,16,22,22,0,2023-04-03
13,H00728,H00724,16,16,13,1,2023-04-03
13,H00761,H00779,17,17,19,1,2023-04-03
13,H00778,H00751,17,17,10,0,2023-04-03
13,H00804,H00813,18,18,2,0,2023-04-03
13,H00813,H00811,18,18,4,1,2023-04-03
13,H00821,H00136,18,2,6,1,2023-04-03
13,H00823,H00466,18,11,15,1,2023-04-03
13,H00827,H00487,18,11,12,1,2023-04-03
13,H00828,H00483,18,11,2,1,2023-04-03
13,H00839,H00850,18,19,24,1,2023-04-03
13,H00844,H00855,19,19,20,1,2023-04-03
13,H00856,H00844,19,19,5,0,2023-04-03
13,H00867,H00449,19,11,19,0,2023-04-03
13,H00872,H00880,20,20,2,0,2023-04-03
13,H00874,H00885,20,20,8,1,2023-04-03
13,H00906,H00925,21,21,18,1,2023-04-03
13,H00916,H00825,21,18,13,1,2023-04-03
13,H00917,H00904,21,21,6,1,2023-04-03
13,H00919,H00920,21,21,13,0,2023-04-03
13,H00925,H00853,21,19,10,0,2023-04-03
13,H00928,H00964,22,22,8,1,2023-04-03
13,H00949,H00949,22,22,17,1,2023-04-03
13,H00951,H00954,22,22,2,1,2023-04-03
13,H00979,H00576,23,13,2,0,2023-04-03
13,H00981,H00360,23,8,17,1,2023-04-03
13,H00997,H00432,24,10,12,1,2023-04-03
13,H00998,H00995,24,24,18,1,2023-04-03
13,H01007,H01000,24,24,17,1,2023-04-03
13,H01017,H00995,24,24,2,1,2023-04-03
13,H01020,H01111,24,27,12,1,2023-04-03
13,H01045,H01001,25,24,15,0,2023-04-03
13,H01058,H01075,26,26,22,1,2023-04-03
13,H01077,H01098,27,27,6,1,2023-04-03
14,H00008,H00027,0,0,18,1,2023-04-10
14,H00022,H00114,0,2,8,0,2023-04-10
14,H00046,H01057,1,26,9,1,2023-04-10
14,H00054,H00504,1,12,21,0,2023-04-10
14,H00063,H00158,1,3,17,1,2023-04-10
14,H00087,H00082,1,1,12,1,2023-04-10
14,H00088,H00049,1,1,17,0,2023-04-10
14,H00093,H00081,1,1,5,1,2023-04-10
14,H00096,H00064,1,1,16,1,2023-04-10
14,H00100,H00114,2,2,8,1,2023-04-10
14,H00116,H00488,2,11,18,0,2023-04-10
14,H00135,H00142,2,2,7,1,2023-04-10
14,H00147,H00143,3,3,2,1,2023-04-10
14,H00169,H00020,3,0,12,1,2023-04-10
14,H00185,H00435,3,10,8,1,2023-04-10
14,H00194,H00779,4,17,5,1,2023-04-10
14,H00199,H00223,4,4,11,1,2023-04-10
14,H00214,H00742,4,16,2,1,2023-04-10
14,H00235,H00244,5,5,20,1,2023-04-10
14,H00237,H00245,5,5,10,1,2023-04-10
14,H00245,H00254,5,5,24,1,2023-04-10
14,H00270,H00159,5,3,14,0,2023-04-10
14,H00310,H00314,7,7,17,1,2023-04-10
14,H00327,H00335,7,7,11,0,2023-04-10
14,H00340,H00345,8,8,6,1,2023-04-10
14,H00351,H00936,8,22,22,1,2023-04-10
14,H00355,H00345,8,8,2,0,2023-04-10
14,H00356,H00245,8,5,16,1,2023-04-10
14,H00391,H00321,9,7,6,1,2023-04-10
14,H00405,H00336,9,7,7,1,2023-04-10
14,H00417,H00425,10,10,19,0,2023-04-10
14,H00427,H00453,10,11,3,1,2023-04-10
14,H00429,H00441,10,10,24,1,2023-04-10
14,H00442,H00445,11,11,12,0,2023-04-10
14,H00448,H00445,11,11,22,1,2023-04-10
14,H00456,H00489,11,11,8,1,2023-04-10
14,H00460,H00472,11,11,14,0,2023-04-10
14,H00465,H00327,11,7,3,0,2023-04-10
14,H00506,H00531,12,12,4,1,2023-04-10
14,H00514,H00536,12,12,12,1,2023-04-10
14,H00521,H00525,12,12,18,0,2023-04-10
14,H00531,H00518,12,12,3,0,2023-04-10
14,H00560,H00603,13,13,12,0,2023-04-10
14,H00567,H00509,13,12,8,1,2023-04-10
14,H00569,H00555,13,13,17,1,2023-04-10
14,H00586,H00569,13,13,15,1,2023-04-10
14,H00587,H00577,13,13,17,1,2023-04-10
14,H00590,H00568,13,13,3,0,2023-04-10
14,H00609,H00641,14,14,23,0,2023-04-10
14,H00614,H00697,14,15,21,1,2023-04-10
14,H00627,H00219,14,4,20,1,2023-04-10
14,H00630,H00621,14,14,10,1,2023-04-10
14,H00632,H00697,14,15,4,0,2023-04-10
14,H00648,H00658,14,14,7,0,2023-04-10
14,H00658,H00141,14,2,22,1,2023-04-10
14,H00662,H00667,15,15,3,1,2023-04-10
14,H00680,H00778,15,17,20,0,2023-04-10
14,H00721,H00816,16,18,12,0,2023-04-10
14,H00769,H00792,17,17,17,1,2023-04-10
14,H00774,H00776,17,17,24,1,2023-04-10
14,H00776,H00798,17,17,4,0,2023-04-10
14,H00812,H00839,18,18,18,1,2023-04-10
14,H00817,H00828,18,18,2,0,2023-04-10
14,H00828,H00139,18,2,24,0,2023-04-10
14,H00832,H00823,18,18,12,1,2023-04-10
14,H00841,H00535,18,12,18,0,2023-04-10
14,H00847,H00750,19,16,10,1,2023-04-10
14,H00882,H00881,20,20,13,1,2023-04-10
14,H00899,H00904,21,21,14,0,2023-04-10
14,H00908,H00884,21,20,5,0,2023-04-10
14,H00918,H00916,21,21,22,1,2023-04-10
14,H00919,H00914,21,21,8,1,2023-04-10
14,H00922,H00978,21,23,4,1,2023-04-10
14,H00943,H00957,22,22,24,1,2023-04-10
14,H00944,H00928,22,22,6,1,2023-04-10
14,H00951,H00945,22,22,21,1,2023-04-10
14,H00979,H00967,23,23,23,1,2023-04-10
14,H00981,H00965,23,23,7,1,2023-04-10
14,H01013,H01012,24,24,2,0,2023-04-10
14,H01027,H00473,25,11,16,1,2023-04-10
14,H01041,H00963,25,22,18,1,2023-04-10
14,H01052,H01030,25,25,9,0,2023-04-10
14,H01057,H01099,26,27,18,1,2023-04-10
14,H01074,H00622,26,14,21,1,2023-04-10
14,H01078,H01088,27,27,13,1,2023-04-10
14,H01087,H01104,27,27,22,0,2023-04-10
14,H01097,H01077,27,27,19,1,2023-04-10
15,H00000,H00301,0,6,14,1,2023-04-17
15,H00001,H00013,0,0,10,0,2023-04-17
15,H00025,H00007,0,0,22,1,2023-04-17
15,H00037,H00120,0,2,24,0,2023-04-17
15,H00039,H00032,1,0,14,1,2023-04-17
15,H00102,H00113,2,2,8,1,2023-04-17
15,H00119,H00471,2,11,18,0,2023-04-17
15,H00127,H00124,2,2,24,1,2023-04-17
15,H00137,H00133,2,2,17,1,2023-04-17
15,H00140,H00205,2,4,15,1,2023-04-17
15,H00145,H00330,3,7,17,1,2023-04-17
15,H00156,H00034,3,0,12,0,2023-04-17
15,H00181,H00457,3,11,24,1,2023-04-17
15,H00189,H00281,4,6,19,1,2023-04-17
15,H00195,H00194,4,4,24,0,2023-04-17
15,H00209,H00276,4,6,3,1,2023-04-17
15,H00238,H00254,5,5,19,0,2023-04-17
15,H00239,H00271,5,5,13,0,2023-04-17
15,H00243,H00245,5,5,10,1,2023-04-17
15,H00288,H00282,6,6,14,1,2023-04-17
15,H00300,H00309,6,7,4,0,2023-04-17
15,H00304,H00291,6,6,18,1,2023-04-17
15,H00308,H00283,6,6,4,0,2023-04-17
15,H00311,H00310,7,7,24,1,2023-04-17
15,H00324,H00398,7,9,24,1,2023-04-17
15,H00362,H00368,8,8,22,1,2023-04-17
15,H00365,H00748,8,16,24,0,2023-04-17
15,H00388,H00375,9,9,15,0,2023-04-17
15,H00392,H00385,9,9,17,0,2023-04-17
15,H00405,H00295,9,6,19,1,2023-04-17
15,H00406,H00315,10,7,16,1,2023-04-17
15,H00418,H00428,10,10,3,0,2023-04-17
15,H00423,H00308,10,6,16,0,2023-04-17
15,H00431,H00899,10,21,23,0,2023-04-17
15,H00455,H00465,11,11,5,1,2023-04-17
15,H00460,H00458,11,11,2,0,2023-04-17
15,H00464,H00502,11,12,15,1,2023-04-17
15,H00490,H00336,11,7,6,0,2023-04-17
15,H00493,H00321,12,7,14,1,2023-04-17
15,H00498,H00448,12,11,11,1,2023-04-17
15,H00505,H00010,12,0,16,1,2023-04-17
15,H00540,H00494,12,12,18,0,2023-04-17
15,H00548,H00707,13,15,20,1,2023-04-17
15,H00556,H00603,13,13,12,1,2023-04-17
15,H00570,H00593,13,13,13,1,2023-04-17
15,H00579,H00555,13,13,15,1,2023-04-17
15,H00590,H00565,13,13,23,0,2023-04-17
15,H00673,H00669,15,15,12,1,2023-04-17
15,H00677,H00607,15,14,16,1,2023-04-17
15,H00679,H00706,15,15,23,1,2023-04-17
15,H00687,H00684,15,15,13,0,2023-04-17
15,H00697,H00698,15,15,11,1,2023-04-17
15,H00715,H00747,16,16,24,1,2023-04-17
15,H00739,H00152,16,3,20,1,2023-04-17
15,H00758,H00760,17,17,15,1,2023-04-17
15,H00766,H00724,17,16,7,1,2023-04-17
15,H00769,H00799,17,17,2,1,2023-04-17
15,H00778,H00788,17,17,19,0,2023-04-17
15,H00799,H00768,17,17,2,0,2023-04-17
15,H00809,H00820,18,18,15,1,2023-04-17
15,H00828,H00833,18,18,8,1,2023-04-17
15,H00837,H00831,18,18,18,1,2023-04-17
15,H00840,H00723,18,16,7,1,2023-04-17
15,H00846,H00677,19,15,4,0,2023-04-17
15,H00861,H00861,19,19,12,1,2023-04-17
15,H00866,H00858,19,19,15,1,2023-04-17
15,H00873,H00895,20,20,23,1,2023-04-17
15,H00898,H00915,21,21,21,1,2023-04-17
15,H00925,H00845,21,19,10,0,2023-04-17
15,H00953,H00951,22,22,12,0,2023-04-17
15,H00954,H00960,22,22,13,0,2023-04-17
15,H00971,H00938,23,22,13,1,2023-04-17
15,H00979,H01088,23,27,8,1,2023-04-17
15,H00984,H00922,23,21,17,1,2023-04-17
15,H01008,H00994,24,24,9,0,2023-04-17
15,H01015,H01009,24,24,13,1,2023-04-17
15,H01023,H01002,25,24,3,1,2023-04-17
15,H01074,H01064,26,26,22,1,2023-04-17
15,H01082,H00951,27,22,19,0,2023-04-17
15,H01087,H01091,27,27,13,1,2023-04-17
15,H01090,H01085,27,27,4,0,2023-04-17
15,H01091,H01085,27,27,5,1,2023-04-17
15,H01092,H01085,27,27,4,0,2023-04-17
16,H00000,H00313,0,7,12,1,2023-04-24
16,H00003,H00036,0,0,5,0,2023-04-24
16,H00014,H00022,0,0,15,1,2023-04-24
16,H00025,H00457,0,11,2,1,2023-04-24
16,H00034,H00116,0,2,11,0,2023-04-24
16,H00038,H00015,0,0,15,1,2023-04-24
16,H00046,H00062,1,1,5,0,2023-04-24
16,H00051,H00275,1,5,24,0,2023-04-24
16,H00062,H00088,1,1,23,0,2023-04-24
16,H00064,H00685,1,15,6,1,2023-04-24
16,H00080,H00096,1,1,21,1,2023-04-24
16,H00100,H00106,2,2,5,1,2023-04-24
16,H00106,H00064,2,1,4,1,2023-04-24
16,H00172,H00745,3,16,24,1,2023-04-24
16,H00181,H00181,3,3,15,0,2023-04-24
16,H00185,H00147,3,3,18,1,2023-04-24
16,H00192,H00189,4,4,9,1,2023-04-24
16,H00194,H00267,4,5,7,0,2023-04-24
16,H00196,H00228,4,4,11,1,2023-04-24
16,H00197,H00282,4,6,4,1,2023-04-24
16,H00215,H00848,4,19,11,1,2023-04-24
16,H00229,H00503,4,12,12,0,2023-04-24
16,H00234,H00327,5,7,2,0,2023-04-24
16,H00237,H00068,5,1,22,1,2023-04-24
16,H00263,H00209,5,4,8,1,2023-04-24
16,H00265,H00285,5,6,12,1,2023-04-24
16,H00267,H00243,5,5,21,1,2023-04-24
16,H00284,H00442,6,11,13,0,2023-04-24
16,H00285,H00143,6,3,15,0,2023-04-24
16,H00286,H00281,6,6,13,1,2023-04-24
16,H00289,H00062,6,1,16,1,2023-04-24
16,H00301,H00292,6,6,13,0,2023-04-24
16,H00309,H00301,7,6,12,1,2023-04-24
16,H00317,H00424,7,10,16,0,2023-04-24
16,H00326,H00334,7,7,5,0,2023-04-24
16,H00335,H00324,7,7,18,0,2023-04-24
16,H00352,H00349,8,8,9,1,2023-04-24
16,H00365,H00343,8,8,13,0,2023-04-24
16,H00366,H00357,8,8,13,1,2023-04-24
16,H00391,H00976,9,23,9,1,2023-04-24
16,H00396,H00328,9,7,22,1,2023-04-24
16,H00399,H00385,9,9,14,1,2023-04-24
16,H00411,H00422,10,10,18,0,2023-04-24
16,H00414,H00730,10,16,22,1,2023-04-24
16,H00420,H00134,10,2,10,1,2023-04-24
16,H00429,H00432,10,10,20,0,2023-04-24
16,H00430,H00438,10,10,13,1,2023-04-24
16,H00454,H00473,11,11,19,0,2023-04-24
16,H00458,H00443,11,11,12,0,2023-04-24
16,H00470,H00541,11,12,9,1,2023-04-24
16,H00480,H00484,11,11,2,1,2023-04-24
16,H00485,H00471,11,11,3,1,2023-04-24
16,H00498,H00480,12,11,9,0,2023-04-24
16,H00510,H00477,12,11,2,1,2023-04-24
16,H00514,H00540,12,12,19,1,2023-04-24
16,H00530,H00294,12,6,18,1,2023-04-24
16,H00532,H00513,12,12,24,1,2023-04-24
16,H00552,H00028,13,0,15,1,2023-04-24
16,H00580,H00570,13,13,21,0,2023-04-24
16,H00591,H00549,13,13,20,1,2023-04-24
16,H00593,H00565,13,13,10,1,2023-04-24
16,H00596,H00360,13,8,11,1,2023-04-24
16,H00606,H00472,14,11,11,1,2023-04-24
16,H00612,H00633,14,14,15,1,2023-04-24
16,H00618,H00635,14,14,5,1,2023-04-24
16,H00631,H00640,14,14,24,1,2023-04-24
16,H00633,H00580,14,13,24,0,2023-04-24
16,H00641,H00618,14,14,5,1,2023-04-24
16,H00647,H00652,14,14,23,1,2023-04-24
16,H00668,H00685,15,15,4,0,2023-04-24
16,H00669,H00689,15,15,9,1,2023-04-24
16,H00682,H00669,15,15,23,0,2023-04-24
16,H00702,H00688,15,15,5,1,2023-04-24
16,H00714,H00823,16,18,10,1,2023-04-24
16,H00730,H00243,16,5,14,1,2023-04-24
16,H00747,H00723,16,16,13,1,2023-04-24
16,H00748,H00715,16,16,20,0,2023-04-24
16,H00778,H00788,17,17,23,1,2023-04-24
16,H00793,H00791,17,17,22,1,2023-04-24
16,H00795,H00780,17,17,23,1,2023-04-24
16,H00829,H00816,18,18,17,1,2023-04-24
16,H00835,H00817,18,18,17,1,2023-04-24
16,H00836,H00838,18,18,22,1,2023-04-24
16,H00863,H00024,19,0,8,1,2023-04-24
16,H00864,H00104,19,2,13,1,2023-04-24
16,H00878,H00891,20,20,21,0,2023-04-24
16,H00883,H00884,20,20,7,0,2023-04-24
16,H00892,H01099,20,27,7,1,2023-04-24
16,H00923,H00925,21,21,24,1,2023-04-24
16,H00934,H00854,22,19,15,0,2023-04-24
16,H00935,H00939,22,22,7,1,2023-04-24
16,H00958,H00856,22,19,24,1,2023-04-24
16,H00962,H00941,22,22,19,1,2023-04-24
16,H00967,H00952,23,22,15,1,2023-04-24
16,H00975,H00966,23,23,8,0,2023-04-24
16,H00997,H01005,24,24,14,0,2023-04-24
16,H01003,H01011,24,24,17,1,2023-04-24
16,H01010,H01019,24,24,23,1,2023-04-24
16,H01083,H01096,27,27,5,1,2023-04-24
16,H01093,H00952,27,22,10,1,2023-04-24
16,H01101,H01063,27,26,18,1,2023-04-24
16,H01102,H01089,27,27,23,1,2023-04-24
17,H00011,H00025,0,0,19,0,2023-05-01
17,H00012,H00016,0,0,14,0,2023-05-01
17,H00019,H00194,0,4,22,0,2023-05-01
17,H00036,H00028,0,0,15,0,2023-05-01
17,H00057,H00007,1,0,6,1,2023-05-01
17,H00080,H00243,1,5,23,1,2023-05-01
17,H00082,H00069,1,1,16,0,2023-05-01
17,H00093,H00096,1,1,10,1,2023-05-01
17,H00095,H00181,1,3,2,0,2023-05-01
17,H00099,H00128,2,2,22,1,2023-05-01
17,H00110,H00838,2,18,13,0,2023-05-01
17,H00121,H00456,2,11,21,1,2023-05-01
17,H00132,H00103,2,2,21,1,2023-05-01
17,H00189,H00227,4,4,3,0,2023-05-01
17,H00197,H00290,4,6,22,1,2023-05-01
17,H00198,H00433,4,10,6,1,2023-05-01
17,H00203,H00198,4,4,18,1,2023-05-01
17,H00250,H00301,5,6,15,1,2023-05-01
17,H00252,H00269,5,5,6,1,2023-05-01
17,H00281,H00491,6,11,19,0,2023-05-01
17,H00294,H00287,6,6,21,0,2023-05-01
17,H00304,H00288,6,6,6,1,2023-05-01
17,H00317,H00371,7,8,24,0,2023-05-01
17,H00322,H00694,7,15,19,1,2023-05-01
17,H00344,H00366,8,8,24,1,2023-05-01
17,H00355,H00353,8,8,24,1,2023-05-01
17,H00357,H00325,8,7,5,1,2023-05-01
17,H00371,H00369,8,8,23,1,2023-05-01
17,H00398,H00295,9,6,23,0,2023-05-01
17,H00404,H00399,9,9,10,0,2023-05-01
17,H00406,H00427,10,10,3,1,2023-05-01
17,H00412,H00421,10,10,2,0,2023-05-01
17,H00434,H00423,10,10,3,0,2023-05-01
17,H00435,H00438,10,10,19,1,2023-05-01
17,H00442,H00656,11,14,9,1,2023-05-01
17,H00447,H00688,11,15,12,0,2023-05-01
17,H00468,H00470,11,11,9,0,2023-05-01
17,H00471,H00479,11,11,19,0,2023-05-01
17,H00495,H00503,12,12,6,1,2023-05-01
17,H00500,H00536,12,12,6,0,2023-05-01
17,H00507,H00789,12,17,15,0,2023-05-01
17,H00527,H00529,12,12,2,1,2023-05-01
17,H00534,H00530,12,12,23,0,2023-05-01
17,H00552,H00579,13,13,5,1,2023-05-01
17,H00556,H00572,13,13,14,1,2023-05-01
17,H00557,H00568,13,13,11,0,2023-05-01
17,H00564,H00559,13,13,7,1,2023-05-01
17,H00569,H00755,13,17,22,1,2023-05-01
17,H00574,H00867,13,19,7,0,2023-05-01
17,H00576,H00758,13,17,14,1,2023-05-01
17,H00581,H00601,13,13,3,1,2023-05-01
17,H00622,H00716,14,16,8,0,2023-05-01
17,H00639,H00630,14,14,17,1,2023-05-01
17,H00642,H00321,14,7,8,1,2023-05-01
17,H00662,H00663,15,15,3,1,2023-05-01
17,H00683,H00696,15,15,10,0,2023-05-01
17,H00687,H00662,15,15,22,1,2023-05-01
17,H00701,H00563,15,13,18,0,2023-05-01
17,H00722,H00802,16,18,5,1,2023-05-01
17,H00730,H00020,16,0,6,0,2023-05-01
17,H00735,H00108,16,2,20,0,2023-05-01
17,H00738,H00784,16,17,24,1,2023-05-01
17,H00742,H00467,16,11,3,0,2023-05-01
17,H00750,H00741,16,16,21,0,2023-05-01
17,H00751,H00762,17,17,6,1,2023-05-01
17,H00761,H00771,17,17,3,1,2023-05-01
17,H00768,H00754,17,17,9,1,2023-05-01
17,H00769,H00791,17,17,12,0,2023-05-01
17,H00783,H00020,17,0,13,1,2023-05-01
17,H00784,H00768,17,17,4,1,2023-05-01
17,H00801,H00850,18,19,9,1,2023-05-01
17,H00807,H00815,18,18,7,1,2023-05-01
17,H00834,H00737,18,16,6,1,2023-05-01
17,H00841,H00677,18,15,23,0,2023-05-01
17,H00870,H00720,19,16,21,0,2023-05-01
17,H00880,H00878,20,20,19,1,2023-05-01
17,H00907,H00904,21,21,24,1,2023-05-01
17,H00919,H00897,21,21,6,1,2023-05-01
17,H00928,H00944,22,22,22,0,2023-05-01
17,H00932,H00929,22,22,11,0,2023-05-01
17,H00958,H00975,22,23,22,0,2023-05-01
17,H00972,H00971,23,23,3,1,2023-05-01
17,H00992,H00986,23,23,14,1,2023-05-01
17,H00996,H00857,24,19,13,1,2023-05-01
17,H01016,H01018,24,24,14,0,2023-05-01
17,H01017,H01011,24,24,6,0,2023-05-01
17,H01045,H00863,25,19,8,1,2023-05-01
17,H01054,H01043,25,25,23,1,2023-05-01
17,H01061,H00101,26,2,10,1,2023-05-01
17,H01062,H01055,26,26,13,0,2023-05-01
17,H01067,H01066,26,26,4,0,2023-05-01
17,H01068,H01072,26,26,8,1,2023-05-01
17,H01069,H01059,26,26,13,1,2023-05-01
17,H01075,H01062,26,26,8,0,2023-05-01
17,H01095,H01096,27,27,18,1,2023-05-01
17,H01103,H01108,27,27,20,0,2023-05-01
18,H00001,H00030,0,0,5,1,2023-05-08
18,H00002,H00479,0,11,19,1,2023-05-08
18,H00008,H00000,0,0,18,0,2023-05-08
18,H00035,H00715,0,16,17,0,2023-05-08
18,H00042,H00074,1,1,15,0,2023-05-08
18,H00071,H00090,1,1,6,1,2023-05-08
18,H00084,H00692,1,15,11,1,2023-05-08
18,H00088,H00049,1,1,12,1,2023-05-08
18,H00099,H00297,2,6,13,0,2023-05-08
18,H00108,H00314,2,7,11,0,2023-05-08
18,H00113,H00300,2,6,4,1,2023-05-08
18,H00121,H00116,2,2,12,1,2023-05-08
18,H00126,H00112,2,2,3,1,2023-05-08
18,H00145,H00178,3,3,11,0,2023-05-08
18,H00166,H00055,3,1,11,0,2023-05-08
18,H00189,H00030,4,0,12,0,2023-05-08
18,H00195,H00598,4,13,16,1,2023-05-08
18,H00200,H00199,4,4,7,0,2023-05-08
18,H00204,H00000,4,0,8,1,2023-05-08
18,H00213,H00207,4,4,21,0,2023-05-08
18,H00216,H00227,4,4,14,1,2023-05-08
18,H00227,H00031,4,0,20,1,2023-05-08
18,H00253,H00247,5,5,7,1,2023-05-08
18,H00268,H00237,5,5,16,1,2023-05-08
18,H00271,H00241,5,5,16,1,2023-05-08
18,H00294,H00279,6,6,4,1,2023-05-08
18,H00295,H00297,6,6,8,1,2023-05-08
18,H00308,H00288,6,6,9,1,2023-05-08
18,H00357,H00301,8,6,21,1,2023-05-08
18,H00366,H00349,8,8,2,1,2023-05-08
18,H00371,H00358,8,8,3,1,2023-05-08
18,H00390,H00381,9,9,13,0,2023-05-08
18,H00392,H00020,9,0,20,1,2023-05-08
18,H00400,H00111,9,2,11,1,2023-05-08
18,H00401,H00377,9,9,14,1,2023-05-08
18,H00403,H00405,9,9,20,1,2023-05-08
18,H00405,H00298,9,6,19,1,2023-05-08
18,H00411,H00437,10,10,12,1,2023-05-08
18,H00436,H00431,10,10,23,0,2023-05-08
18,H00441,H00430,10,10,22,1,2023-05-08
18,H00448,H00443,11,11,12,1,2023-05-08
18,H00464,H00472,11,11,18,0,2023-05-08
18,H00468,H00453,11,11,11,0,2023-05-08
18,H00474,H00028,11,0,6,0,2023-05-08
18,H00476,H00479,11,11,24,0,2023-05-08
18,H00481,H00402,11,9,15,1,2023-05-08
18,H00494,H00725,12,16,14,0,2023-05-08
18,H00503,H00201,12,4,9,1,2023-05-08
18,H00521,H00523,12,12,20,1,2023-05-08
18,H00530,H00508,12,12,2,0,2023-05-08
18,H00540,H00679,12,15,9,0,2023-05-08
18,H00557,H00688,13,15,9,1,2023-05-08
18,H00577,H00545,13,13,2,0,2023-05-08
18,H00600,H00602,13,13,22,0,2023-05-08
18,H00630,H00202,14,4,7,1,2023-05-08
18,H00650,H00684,14,15,20,1,2023-05-08
18,H00652,H00608,14,14,23,1,2023-05-08
18,H00655,H00292,14,6,15,0,2023-05-08
18,H00662,H00709,15,15,21,1,2023-05-08
18,H00666,H00679,15,15,12,0,2023-05-08
18,H00667,H00698,15,15,10,0,2023-05-08
18,H00678,H00704,15,15,9,0,2023-05-08
18,H00691,H00674,15,15,13,1,2023-05-08
18,H00698,H00706,15,15,15,1,2023-05-08
18,H00704,H00667,15,15,10,0,2023-05-08
18,H00710,H00725,16,16,17,1,2023-05-08
18,H00725,H00858,16,19,24,1,2023-05-08
18,H00733,H00720,16,16,7,1,2023-05-08
18,H00757,H00719,17,16,22,1,2023-05-08
18,H00763,H00746,17,16,21,1,2023-05-08
18,H00776,H00449,17,11,16,0,2023-05-08
18,H00780,H00763,17,17,8,1,2023-05-08
18,H00795,H00724,17,16,2,0,2023-05-08
18,H00797,H00703,17,15,11,0,2023-05-08
18,H00808,H00821,18,18,9,1,2023-05-08
18,H00828,H00827,18,18,3,0,2023-05-08
18,H00829,H00723,18,16,13,0,2023-05-08
18,H00856,H00854,19,19,16,1,2023-05-08
18,H00872,H00873,20,20,7,1,2023-05-08
18,H00880,H00881,20,20,23,1,2023-05-08
18,H00882,H00875,20,20,9,0,2023-05-08
18,H00886,H00896,20,21,20,1,2023-05-08
18,H00887,H00686,20,15,24,1,2023-05-08
18,H00904,H00846,21,19,15,1,2023-05-08
18,H00922,H00904,21,21,18,1,2023-05-08
18,H00930,H01109,22,27,8,1,2023-05-08
18,H00943,H00944,22,22,2,1,2023-05-08
18,H00944,H00951,22,22,17,1,2023-05-08
18,H00962,H00938,22,22,7,1,2023-05-08
18,H00979,H00912,23,21,22,1,2023-05-08
18,H00982,H00986,23,23,8,1,2023-05-08
18,H00991,H00970,23,23,19,1,2023-05-08
18,H01005,H00951,24,22,8,1,2023-05-08
18,H01021,H01069,24,26,7,0,2023-05-08
18,H01022,H01053,25,25,16,1,2023-05-08
18,H01069,H00717,26,16,16,1,2023-05-08
18,H01085,H01086,27,27,17,0,2023-05-08
18,H01097,H01096,27,27,14,0,2023-05-08
18,H01099,H01090,27,27,15,1,2023-05-08
18,H01100,H01098,27,27,2,1,2023-05-08
19,H00000,H00027,0,0,19,1,2023-05-15
19,H00005,H00063,0,1,21,1,2023-05-15
19,H00013,H00009,0,0,11,1,2023-05-15
19,H00015,H00448,0,11,21,0,2023-05-15
19,H00019,H00002,0,0,19,0,2023-05-15
19,H00022,H00017,0,0,10,1,2023-05-15
19,H00032,H00847,0,19,18,1,2023-05-15
19,H00054,H00071,1,1,22,1,2023-05-15
19,H00079,H00051,1,1,4,0,2023-05-15
19,H00098,H00333,1,7,9,1,2023-05-15
19,H00110,H00021,2,0,18,1,2023-05-15
19,H00123,H00130,2,2,16,1,2023-05-15
19,H00151,H00177,3,3,15,1,2023-05-15
19,H00171,H00160,3,3,10,0,2023-05-15
19,H00177,H00305,3,6,24,1,2023-05-15
19,H00186,H00172,3,3,21,0,2023-05-15
19,H00188,H00111,4,2,14,1,2023-05-15
19,H00189,H00207,4,4,9,1,2023-05-15
19,H00260,H00235,5,5,4,1,2023-05-15
19,H00262,H00273,5,5,13,1,2023-05-15
19,H00263,H00746,5,16,15,1,2023-05-15
19,H00264,H00236,5,5,20,1,2023-05-15
19,H00331,H00471,7,11,6,1,2023-05-15
19,H00349,H00037,8,0,13,1,2023-05-15
19,H00371,H00344,8,8,13,1,2023-05-15
19,H00375,H00398,9,9,7,1,2023-05-15
19,H00395,H00380,9,9,12,1,2023-05-15
19,H00406,H00419,10,10,9,1,2023-05-15
19,H00421,H00366,10,8,4,1,2023-05-15
19,H00427,H00420,10,10,2,1,2023-05-15
19,H00429,H00428,10,10,21,1,2023-05-15
19,H00434,H00284,10,6,18,1,2023-05-15
19,H00442,H00487,11,11,22,0,2023-05-15
19,H00462,H00589,11,13,12,1,2023-05-15
19,H00468,H00471,11,11,18,1,2023-05-15
19,H00525,H00549,12,13,5,1,2023-05-15
19,H00526,H00526,12,12,14,0,2023-05-15
19,H00548,H00707,13,15,7,0,2023-05-15
19,H00553,H00664,13,15,2,1,2023-05-15
19,H00558,H00548,13,13,8,0,2023-05-15
19,H00559,H00592,13,13,24,1,2023-05-15
19,H00575,H00597,13,13,3,1,2023-05-15
19,H00588,H00544,13,13,17,0,2023-05-15
19,H00604,H00007,14,0,17,1,2023-05-15
19,H00631,H00634,14,14,15,1,2023-05-15
19,H00633,H00628,14,14,12,0,2023-05-15
19,H00649,H00646,14,14,20,1,2023-05-15
19,H00653,H00612,14,14,15,1,2023-05-15
19,H00654,H00004,14,0,19,0,2023-05-15
19,H00678,H00507,15,12,7,1,2023-05-15
19,H00693,H01107,15,27,5,1,2023-05-15
19,H00705,H00695,15,15,6,0,2023-05-15
19,H00726,H00442,16,11,21,0,2023-05-15
19,H00737,H00856,16,19,4,0,2023-05-15
19,H00742,H00745,16,16,18,0,2023-05-15
19,H00743,H00713,16,16,13,1,2023-05-15
19,H00750,H00723,16,16,2,0,2023-05-15
19,H00795,H00424,17,10,17,0,2023-05-15
19,H00798,H00757,17,17,8,0,2023-05-15
19,H00815,H00827,18,18,24,0,2023-05-15
19,H00816,H00481,18,11,11,1,2023-05-15
19,H00839,H00830,18,18,24,0,2023-05-15
19,H00860,H00867,19,19,8,1,2023-05-15
19,H00878,H00885,20,20,5,1,2023-05-15
19,H00922,H00906,21,21,10,1,2023-05-15
19,H00923,H00914,21,21,12,1,2023-05-15
19,H00925,H00904,21,21,20,1,2023-05-15
19,H00928,H00946,22,22,4,1,2023-05-15
19,H00933,H01110,22,27,11,1,2023-05-15
19,H00934,H00429,22,10,17,0,2023-05-15
19,H00939,H00473,22,11,9,1,2023-05-15
19,H00944,H01105,22,27,11,1,2023-05-15
19,H00945,H00941,22,22,10,1,2023-05-15
19,H00949,H00954,22,22,15,1,2023-05-15
19,H00950,H00994,22,24,12,0,2023-05-15
19,H00954,H00958,22,22,10,1,2023-05-15
19,H00959,H00940,22,22,17,0,2023-05-15
19,H00967,H00989,23,23,19,0,2023-05-15
19,H00971,H00966,23,23,8,0,2023-05-15
19,H01016,H01021,24,24,23,0,2023-05-15
19,H01021,H00931,24,22,7,1,2023-05-15
19,H01023,H01039,25,25,14,0,2023-05-15
19,H01024,H01024,25,25,7,1,2023-05-15
19,H01025,H00987,25,23,21,1,2023-05-15
19,H01030,H00868,25,19,24,0,2023-05-15
19,H01045,H01041,25,25,8,0,2023-05-15
19,H01051,H00721,25,16,8,1,2023-05-15
19,H01052,H01044,25,25,4,1,2023-05-15
20,H00039,H00070,1,1,14,1,2023-05-22
20,H00049,H00039,1,1,14,1,2023-05-22
20,H00070,H00102,1,2,16,1,2023-05-22
20,H00074,H00054,1,1,19,1,2023-05-22
20,H00082,H00132,1,2,19,0,2023-05-22
20,H00099,H00105,2,2,8,0,2023-05-22
20,H00104,H00105,2,2,4,1,2023-05-22
20,H00110,H00137,2,2,15,1,2023-05-22
20,H00120,H00309,2,7,16,1,2023-05-22
20,H00153,H00124,3,2,23,0,2023-05-22
20,H00156,H00172,3,3,11,1,2023-05-22
20,H00163,H00159,3,3,20,0,2023-05-22
20,H00174,H00171,3,3,18,1,2023-05-22
20,H00178,H00152,3,3,2,1,2023-05-22
20,H00183,H00058,3,1,18,1,2023-05-22
20,H00190,H00440,4,10,10,0,2023-05-22
20,H00205,H00673,4,15,18,1,2023-05-22
20,H00215,H00191,4,4,14,0,2023-05-22
20,H00218,H00223,4,4,7,1,2023-05-22
20,H00239,H00251,5,5,2,0,2023-05-22
20,H00241,H00245,5,5,5,1,2023-05-22
20,H00246,H00232,5,5,6,1,2023-05-22
20,H00253,H00249,5,5,18,1,2023-05-22
20,H00309,H00313,7,7,7,1,2023-05-22
20,H00324,H00317,7,7,10,0,2023-05-22
20,H00327,H00286,7,6,18,1,2023-05-22
20,H00335,H00328,7,7,15,1,2023-05-22
20,H00346,H00337,8,8,8,0,2023-05-22
20,H00359,H00361,8,8,15,1,2023-05-22
20,H00391,H00830,9,18,23,1,2023-05-22
20,H00393,H00405,9,9,10,1,2023-05-22
20,H00407,H00472,10,11,15,0,2023-05-22
20,H00445,H00809,11,18,17,1,2023-05-22
20,H00448,H00456,11,11,22,1,2023-05-22
20,H00457,H00459,11,11,15,1,2023-05-22
20,H00467,H00454,11,11,10,0,2023-05-22
20,H00494,H00842,12,18,20,0,2023-05-22
20,H00510,H00038,12,0,24,0,2023-05-22
20,H00550,H00583,13,13,21,1,2023-05-22
20,H00564,H00321,13,7,23,0,2023-05-22
20,H00570,H00036,13,0,3,1,2023-05-22
20,H00579,H00292,13,6,4,1,2023-05-22
20,H00580,H00833,13,18,23,1,2023-05-22
20,H00595,H00954,13,22,22,1,2023-05-22
20,H00598,H00548,13,13,19,1,2023-05-22
20,H00615,H00650,14,14,14,0,2023-05-22
20,H00618,H00649,14,14,3,1,2023-05-22
20,H00645,H00613,14,14,7,1,2023-05-22
20,H00656,H00653,14,14,7,0,2023-05-22
20,H00658,H00505,14,12,2,1,2023-05-22
20,H00669,H00695,15,15,6,1,2023-05-22
20,H00670,H00669,15,15,12,1,2023-05-22
20,H00706,H00543,15,13,6,1,2023-05-22
20,H00727,H01037,16,25,12,0,2023-05-22
20,H00736,H00012,16,0,19,1,2023-05-22
20,H00767,H00784,17,17,22,1,2023-05-22
20,H00773,H00756,17,17,20,0,2023-05-22
20,H00784,H00004,17,0,22,0,2023-05-22
20,H00849,H00855,19,19,21,1,2023-05-22
20,H00856,H00870,19,19,7,0,2023-05-22
20,H00860,H00750,19,16,20,0,2023-05-22
20,H00875,H01091,20,27,24,1,2023-05-22
20,H00886,H01092,20,27,22,1,2023-05-22
20,H00889,H00895,20,20,5,1,2023-05-22
20,H00893,H00892,20,20,19,1,2023-05-22
20,H00900,H00921,21,21,2,1,2023-05-22
20,H00910,H00906,21,21,17,0,2023-05-22
20,H00914,H00415,21,10,16,1,2023-05-22
20,H00926,H00912,21,21,12,1,2023-05-22
20,H00935,H00940,22,22,17,0,2023-05-22
20,H00950,H00935,22,22,2,0,2023-05-22
20,H00967,H00956,23,22,16,0,2023-05-22
20,H00970,H00973,23,23,12,1,2023-05-22
20,H00979,H00961,23,22,18,1,2023-05-22
20,H00998,H01011,24,24,3,1,2023-05-22
20,H01013,H01017,24,24,24,0,2023-05-22
20,H01043,H01028,25,25,8,0,2023-05-22
20,H01046,H00666,25,15,10,0,2023-05-22
20,H01051,H01047,25,25,22,1,2023-05-22
20,H01065,H00318,26,7,18,1,2023-05-22
20,H01083,H00426,27,10,16,1,2023-05-22
20,H01098,H01110,27,27,13,0,2023-05-22
21,H00004,H00017,0,0,3,1,2023-05-29
21,H00005,H00137,0,2,2,1,2023-05-29
21,H00049,H00098,1,1,7,0,2023-05-29
21,H00056,H00660,1,14,2,0,2023-05-29
21,H00089,H00066,1,1,4,1,2023-05-29
21,H00093,H00085,1,1,9,1,2023-05-29
21,H00096,H00049,1,1,3,1,2023-05-29
21,H00099,H00132,2,2,23,1,2023-05-29
21,H00110,H00615,2,14,14,1,2023-05-29
21,H00160,H00173,3,3,22,0,2023-05-29
21,H00167,H00679,3,15,20,0,2023-05-29
21,H00189,H00204,4,4,11,1,2023-05-29
21,H00202,H00186,4,3,18,1,2023-05-29
21,H00208,H00221,4,4,22,1,2023-05-29
21,H00215,H00226,4,4,14,1,2023-05-29
21,H00218,H00218,4,4,2,0,2023-05-29
21,H00232,H00665,5,15,13,1,2023-05-29
21,H00233,H00258,5,5,13,1,2023-05-29
21,H00234,H00684,5,15,20,0,2023-05-29
21,H00248,H00126,5,2,6,1,2023-05-29
21,H00256,H00241,5,5,21,1,2023-05-29
21,H00271,H00238,5,5,12,1,2023-05-29
21,H00276,H00298,6,6,9,1,2023-05-29
21,H00283,H00307,6,6,10,0,2023-05-29
21,H00330,H00015,7,0,24,1,2023-05-29
21,H00337,H00397,8,9,20,1,2023-05-29
21,H00340,H00344,8,8,3,1,2023-05-29
21,H00349,H00309,8,7,17,0,2023-05-29
21,H00350,H00345,8,8,7,1,2023-05-29
21,H00360,H00004,8,0,9,1,2023-05-29
21,H00381,H00375,9,9,23,0,2023-05-29
21,H00382,H00307,9,6,15,1,2023-05-29
21,H00383,H00024,9,0,16,1,2023-05-29
21,H00385,H00324,9,7,5,1,2023-05-29
21,H00392,H00390,9,9,24,1,2023-05-29
21,H00395,H00376,9,9,8,0,2023-05-29
21,H00406,H00943,10,22,12,1,2023-05-29
21,H00407,H00441,10,10,19,0,2023-05-29
21,H00410,H00437,10,10,18,0,2023-05-29
21,H00440,H00398,10,9,11,1,2023-05-29
21,H00449,H00485,11,11,24,1,2023-05-29
21,H00477,H00461,11,11,15,1,2023-05-29
21,H00478,H00470,11,11,14,0,2023-05-29
21,H00482,H00454,11,11,15,1,2023-05-29
21,H00500,H01067,12,26,16,1,2023-05-29
21,H00503,H00715,12,16,6,1,2023-05-29
21,H00529,H00525,12,12,5,1,2023-05-29
21,H00532,H00120,12,2,6,0,2023-05-29
21,H00535,H00501,12,12,5,0,2023-05-29
21,H00578,H00603,13,13,6,1,2023-05-29
21,H00582,H00577,13,13,7,1,2023-05-29
21,H00583,H00551,13,13,23,1,2023-05-29
21,H00585,H00569,13,13,18,0,2023-05-29
21,H00598,H00582,13,13,14,0,2023-05-29
21,H00599,H00024,13,0,24,1,2023-05-29
21,H00624,H00141,14,2,16,1,2023-05-29
21,H00625,H00610,14,14,10,0,2023-05-29
21,H00641,H00661,14,14,23,1,2023-05-29
21,H00656,H00607,14,14,6,0,2023-05-29
21,H00662,H00568,15,13,24,1,2023-05-29
21,H00671,H00709,15,15,2,1,2023-05-29
21,H00686,H00690,15,15,2,0,2023-05-29
21,H00701,H00708,15,15,22,0,2023-05-29
21,H00705,H00630,15,14,19,1,2023-05-29
21,H00712,H00856,16,19,19,0,2023-05-29
21,H00728,H00320,16,7,9,1,2023-05-29
21,H00741,H00722,16,16,17,0,2023-05-29
21,H00746,H00722,16,16,17,1,2023-05-29
21,H00767,H00786,17,17,5,1,2023-05-29
21,H00769,H00700,17,15,3,0,2023-05-29
21,H00778,H00752,17,17,14,0,2023-05-29
21,H00792,H00670,17,15,16,1,2023-05-29
21,H00805,H00839,18,18,7,1,2023-05-29
21,H00808,H00372,18,8,23,1,2023-05-29
21,H00812,H00506,18,12,11,0,2023-05-29
21,H00813,H00445,18,11,19,0,2023-05-29
21,H00818,H00831,18,18,4,1,2023-05-29
21,H00828,H00815,18,18,4,0,2023-05-29
21,H00830,H00834,18,18,8,0,2023-05-29
21,H00832,H00827,18,18,12,0,2023-05-29
21,H00834,H00780,18,17,20,1,2023-05-29
21,H00851,H00870,19,19,9,1,2023-05-29
21,H00857,H00848,19,19,9,1,2023-05-29
21,H00864,H00534,19,12,12,1,2023-05-29
21,H00865,H00848,19,19,13,0,2023-05-29
21,H00866,H00866,19,19,13,1,2023-05-29
21,H00867,H00717,19,16,7,1,2023-05-29
21,H00876,H00887,20,20,4,1,2023-05-29
21,H00877,H00885,20,20,4,1,2023-05-29
21,H00878,H00873,20,20,5,1,2023-05-29
21,H00880,H00895,20,20,21,1,2023-05-29
21,H00889,H00152,20,3,24,0,2023-05-29
21,H00926,H00286,21,6,16,1,2023-05-29
21,H00937,H00934,22,22,24,1,2023-05-29
21,H00985,H00972,23,23,13,1,2023-05-29
21,H00989,H00981,23,23,22,0,2023-05-29
21,H00999,H00964,24,22,4,1,2023-05-29
21,H01005,H01013,24,24,23,1,2023-05-29
21,H01015,H01003,24,24,23,1,2023-05-29
21,H01017,H00943,24,22,11,1,2023-05-29
21,H01031,H00021,25,0,20,0,2023-05-29
21,H01038,H01027,25,25,14,0,2023-05-29
21,H01041,H01049,25,25,20,0,2023-05-29
21,H01050,H00019,25,0,9,0,2023-05-29
21,H01067,H01056,26,26,6,1,2023-05-29
21,H01079,H00674,27,15,12,1,2023-05-29
21,H01086,H00954,27,22,24,1,2023-05-29
21,H01099,H00512,27,12,8,0,2023-05-29
21,H01100,H01110,27,27,10,0,2023-05-29
21,H01106,H00900,27,21,21,0,2023-05-29
22,H00014,H00020,0,0,22,1,2023-06-05
22,H00017,H00313,0,7,4,0,2023-06-05
22,H00023,H00626,0,14,16,0,2023-06-05
22,H00030,H00009,0,0,12,0,2023-06-05
22,H00049,H00291,1,6,8,1,2023-06-05
22,H00076,H00530,1,12,24,1,2023-06-05
22,H00079,H00083,1,1,12,0,2023-06-05
22,H00094,H00052,1,1,4,1,2023-06-05
22,H00134,H00104,2,2,23,0,2023-06-05
22,H00147,H00164,3,3,23,0,2023-06-05
22,H00152,H00271,3,5,10,0,2023-06-05
22,H00159,H00168,3,3,23,1,2023-06-05
22,H00165,H00880,3,20,3,0,2023-06-05
22,H00170,H00182,3,3,15,1,2023-06-05
22,H00179,H00165,3,3,14,1,2023-06-05
22,H00184,H00187,3,4,9,1,2023-06-05
22,H00187,H00033,4,0,24,1,2023-06-05
22,H00188,H00024,4,0,16,0,2023-06-05
22,H00196,H00191,4,4,2,1,2023-06-05
22,H00221,H00199,4,4,3,1,2023-06-05
22,H00226,H00222,4,4,9,1,2023-06-05
22,H00246,H00248,5,5,24,1,2023-06-05
22,H00258,H00115,5,2,7,1,2023-06-05
22,H00259,H00765,5,17,20,1,2023-06-05
22,H00276,H00848,6,19,15,1,2023-06-05
22,H00289,H00280,6,6,16,0,2023-06-05
22,H00301,H00289,6,6,5,1,2023-06-05
22,H00311,H00332,7,7,22,0,2023-06-05
22,H00327,H00326,7,7,10,0,2023-06-05
22,H00370,H00373,8,8,15,1,2023-06-05
22,H00400,H00007,9,0,15,1,2023-06-05
22,H00407,H00441,10,10,4,1,2023-06-05
22,H00411,H00412,10,10,16,1,2023-06-05
22,H00433,H00436,10,10,15,0,2023-06-05
22,H00435,H00029,10,0,14,1,2023-06-05
22,H00440,H01026,10,25,15,0,2023-06-05
22,H00442,H00471,11,11,23,1,2023-06-05
22,H00453,H00334,11,7,8,1,2023-06-05
22,H00472,H00465,11,11,17,1,2023-06-05
22,H00479,H00485,11,11,11,0,2023-06-05
22,H00487,H00474,11,11,23,1,2023-06-05
22,H00493,H00693,12,15,15,0,2023-06-05
22,H00504,H00490,12,11,11,1,2023-06-05
22,H00512,H00519,12,12,18,0,2023-06-05
22,H00516,H00454,12,11,10,1,2023-06-05
22,H00528,H00004,12,0,15,1,2023-06-05
22,H00536,H00537,12,12,15,0,2023-06-05
22,H00556,H00595,13,13,19,0,2023-06-05
22,H00579,H00603,13,13,18,0,2023-06-05
22,H00588,H00574,13,13,20,0,2023-06-05
22,H00595,H00563,13,13,2,1,2023-06-05
22,H00596,H00560,13,13,20,0,2023-06-05
22,H00600,H00546,13,13,17,0,2023-06-05
22,H00654,H00689,14,15,14,1,2023-06-05
22,H00661,H00637,14,14,20,1,2023-06-05
22,H00662,H00667,15,15,14,0,2023-06-05
22,H00667,H00594,15,13,10,1,2023-06-05
22,H00673,H00020,15,0,13,1,2023-06-05
22,H00693,H00583,15,13,24,0,2023-06-05
22,H00706,H00454,15,11,16,1,2023-06-05
22,H00717,H00732,16,16,12,1,2023-06-05
22,H00721,H00737,16,16,17,0,2023-06-05
22,H00746,H00728,16,16,4,0,2023-06-05
22,H00749,H00747,16,16,21,1,2023-06-05
22,H00762,H00786,17,17,11,1,2023-06-05
22,H00773,H00689,17,15,14,1,2023-06-05
22,H00786,H00465,17,11,17,1,2023-06-05
22,H00817,H00667,18,15,12,0,2023-06-05
22,H00819,H00828,18,18,19,1,2023-06-05
22,H00829,H00827,18,18,2,1,2023-06-05
22,H00842,H00815,18,18,19,1,2023-06-05
22,H00843,H00867,19,19,8,0,2023-06-05
22,H00854,H00867,19,19,9,0,2023-06-05
22,H00862,H00852,19,19,17,1,2023-06-05
22,H00866,H00826,19,18,14,0,2023-06-05
22,H00883,H00597,20,13,17,0,2023-06-05
22,H00897,H00915,21,21,20,0,2023-06-05
22,H00901,H00848,21,19,19,0,2023-06-05
22,H00913,H00898,21,21,16,1,2023-06-05
22,H00933,H00371,22,8,2,0,2023-06-05
22,H00948,H00953,22,22,22,1,2023-06-05
22,H00962,H00955,22,22,8,1,2023-06-05
22,H00976,H00990,23,23,6,1,2023-06-05
22,H00980,H00987,23,23,2,0,2023-06-05
22,H01013,H00929,24,22,8,0,2023-06-05
22,H01017,H00947,24,22,6,0,2023-06-05
22,H01034,H00500,25,12,16,0,2023-06-05
22,H01039,H01006,25,24,21,0,2023-06-05
22,H01042,H01022,25,25,9,0,2023-06-05
22,H01046,H01031,25,25,18,1,2023-06-05
22,H01053,H00854,25,19,22,0,2023-06-05
22,H01056,H01090,26,27,10,0,2023-06-05
22,H01070,H01061,26,26,21,0,2023-06-05
22,H01071,H01055,26,26,20,1,2023-06-05
22,H01073,H01074,26,26,9,1,2023-06-05
22,H01077,H00737,27,16,24,1,2023-06-05
22,H01091,H01088,27,27,12,1,2023-06-05
22,H01104,H00993,27,23,18,0,2023-06-05
22,H01109,H01077,27,27,15,1,2023-06-05
23,H00006,H00034,0,0,18,0,2023-06-12
23,H00010,H00036,0,0,24,1,2023-06-12
23,H00014,H00232,0,5,8,0,2023-06-12
23,H00027,H00015,0,0,17,1,2023-06-12
23,H00061,H00860,1,19,11,1,2023-06-12
23,H00073,H00069,1,1,10,0,2023-06-12
23,H00089,H00013,1,0,5,1,2023-06-12
23,H00092,H00182,1,3,21,0,2023-06-12
23,H00095,H00849,1,19,14,0,2023-06-12
23,H00104,H00132,2,2,6,1,2023-06-12
23,H00115,H00138,2,2,13,1,2023-06-12
23,H00122,H00141,2,2,14,1,2023-06-12
23,H00124,H00112,2,2,15,1,2023-06-12
23,H00128,H00859,2,19,12,1,2023-06-12
23,H00129,H00126,2,2,19,1,2023-06-12
23,H00133,H00126,2,2,6,1,2023-06-12
23,H00149,H00157,3,3,20,0,2023-06-12
23,H00159,H00172,3,3,24,1,2023-06-12
23,H00167,H00713,3,16,19,0,2023-06-12
23,H00171,H00307,3,6,14,0,2023-06-12
23,H00185,H00157,3,3,9,1,2023-06-12
23,H00187,H00220,4,4,6,1,2023-06-12
23,H00197,H00288,4,6,11,1,2023-06-12
23,H00216,H00743,4,16,10,1,2023-06-12
23,H00253,H00272,5,5,14,1,2023-06-12
23,H00270,H00115,5,2,18,0,2023-06-12
23,H00278,H00281,6,6,7,0,2023-06-12
23,H00294,H00301,6,6,9,1,2023-06-12
23,H00296,H00279,6,6,22,0,2023-06-12
23,H00299,H00295,6,6,22,1,2023-06-12
23,H00309,H00315,7,7,18,0,2023-06-12
23,H00335,H00508,7,12,24,0,2023-06-12
23,H00336,H00396,7,9,13,1,2023-06-12
23,H00338,H00338,8,8,21,1,2023-06-12
23,H00349,H00357,8,8,20,0,2023-06-12
23,H00353,H00359,8,8,13,1,2023-06-12
23,H00368,H00476,8,11,7,1,2023-06-12
23,H00372,H00321,8,7,17,0,2023-06-12
23,H00388,H00381,9,9,11,1,2023-06-12
23,H00404,H00399,9,9,9,0,2023-06-12
23,H00406,H00418,10,10,13,0,2023-06-12
23,H00418,H00283,10,6,12,1,2023-06-12
23,H00419,H00304,10,6,9,1,2023-06-12
23,H00425,H00411,10,10,8,1,2023-06-12
23,H00427,H00276,10,6,13,1,2023-06-12
23,H00428,H00407,10,10,23,0,2023-06-12
23,H00442,H00449,11,11,16,1,2023-06-12
23,H00449,H00017,11,0,14,0,2023-06-12
23,H00450,H00207,11,4,23,1,2023-06-12
23,H00453,H00024,11,0,11,1,2023-06-12
23,H00454,H00456,11,11,16,1,2023-06-12
23,H00456,H00344,11,8,8,0,2023-06-12
23,H00466,H00471,11,11,13,1,2023-06-12
23,H00468,H00845,11,19,24,1,2023-06-12
23,H00489,H00321,11,7,5,1,2023-06-12
23,H00492,H00715,11,16,22,0,2023-06-12
23,H00502,H00531,12,12,17,0,2023-06-12
23,H00511,H00856,12,19,11,0,2023-06-12
23,H00522,H00510,12,12,22,1,2023-06-12
23,H00557,H00805,13,18,23,0,2023-06-12
23,H00585,H00581,13,13,2,1,2023-06-12
23,H00588,H00591,13,13,4,1,2023-06-12
23,H00592,H00573,13,13,21,1,2023-06-12
23,H00602,H00749,13,16,12,1,2023-06-12
23,H00622,H00689,14,15,9,0,2023-06-12
23,H00624,H00677,14,15,8,1,2023-06-12
23,H00658,H00030,14,0,10,1,2023-06-12
23,H00673,H00697,15,15,13,1,2023-06-12
23,H00674,H00119,15,2,16,0,2023-06-12
23,H00679,H00489,15,11,3,1,2023-06-12
23,H00688,H00316,15,7,13,0,2023-06-12
23,H00690,H00668,15,15,23,1,2023-06-12
23,H00699,H00284,15,6,15,0,2023-06-12
23,H00714,H00751,16,17,24,1,2023-06-12
23,H00715,H00734,16,16,17,1,2023-06-12
23,H00730,H00827,16,18,16,1,2023-06-12
23,H00745,H00746,16,16,24,0,2023-06-12
23,H00748,H00843,16,19,20,1,2023-06-12
23,H00756,H00736,17,16,18,1,2023-06-12
23,H00758,H00537,17,12,17,0,2023-06-12
23,H00762,H00759,17,17,8,1,2023-06-12
23,H00784,H00681,17,15,4,1,2023-06-12
23,H00785,H00762,17,17,9,1,2023-06-12
23,H00789,H00766,17,17,2,0,2023-06-12
23,H00805,H00837,18,18,21,0,2023-06-12
23,H00819,H00805,18,18,2,0,2023-06-12
23,H00821,H00862,18,19,9,0,2023-06-12
23,H00823,H00829,18,18,18,0,2023-06-12
23,H00832,H00803,18,18,21,0,2023-06-12
23,H00870,H00821,19,18,6,0,2023-06-12
23,H00876,H00738,20,16,16,1,2023-06-12
23,H00879,H00883,20,20,9,1,2023-06-12
23,H00920,H00912,21,21,24,0,2023-06-12
23,H00928,H00947,22,22,10,1,2023-06-12
23,H00931,H00951,22,22,19,0,2023-06-12
23,H00964,H01015,22,24,22,0,2023-06-12
23,H00965,H00971,23,23,11,0,2023-06-12
23,H00971,H00833,23,18,16,0,2023-06-12
23,H01008,H01008,24,24,6,1,2023-06-12
23,H01009,H00315,24,7,16,0,2023-06-12
23,H01011,H00937,24,22,6,1,2023-06-12
23,H01016,H00996,24,24,3,1,2023-06-12
23,H01022,H01028,25,25,6,1,2023-06-12
23,H01024,H01003,25,24,22,0,2023-06-12
23,H01035,H00725,25,16,2,0,2023-06-12
23,H01060,H00583,26,13,21,1,2023-06-12
23,H01081,H01096,27,27,7,1,2023-06-12
23,H01086,H01099,27,27,5,0,2023-06-12
23,H01088,H01080,27,27,21,0,2023-06-12
23,H01094,H01106,27,27,21,0,2023-06-12
23,H01102,H01078,27,27,19,1,2023-06-12
23,H01110,H01099,27,27,8,0,2023-06-12
24,H00000,H00798,0,17,5,1,2023-06-19
24,H00006,H00009,0,0,6,0,2023-06-19
24,H00009,H00032,0,0,11,1,2023-06-19
24,H00017,H00678,0,15,19,1,2023-06-19
24,H00040,H00104,1,2,12,1,2023-06-19
24,H00041,H00089,1,1,23,0,2023-06-19
24,H00056,H00098,1,1,21,0,2023-06-19
24,H00058,H00087,1,1,12,0,2023-06-19
24,H00066,H00059,1,1,10,0,2023-06-19
24,H00079,H00643,1,14,15,0,2023-06-19
24,H00082,H00660,1,14,8,1,2023-06-19
24,H00095,H00489,1,11,21,0,2023-06-19
24,H00098,H00078,1,1,13,0,2023-06-19
24,H00105,H00003,2,0,17,1,2023-06-19
24,H00109,H00699,2,15,17,1,2023-06-19
24,H00111,H00852,2,19,6,0,2023-06-19
24,H00112,H00099,2,2,7,0,2023-06-19
24,H00122,H00108,2,2,4,1,2023-06-19
24,H00134,H00138,2,2,14,1,2023-06-19
24,H00152,H00027,3,0,23,1,2023-06-19
24,H00153,H00176,3,3,3,0,2023-06-19
24,H00163,H00143,3,3,14,1,2023-06-19
24,H00169,H00180,3,3,4,0,2023-06-19
24,H00173,H00168,3,3,11,1,2023-06-19
24,H00174,H00486,3,11,19,0,2023-06-19
24,H00184,H00086,3,1,22,0,2023-06-19
24,H00191,H00310,4,7,5,0,2023-06-19
24,H00203,H00034,4,0,21,0,2023-06-19
24,H00206,H00198,4,4,9,0,2023-06-19
24,H00227,H00193,4,4,17,1,2023-06-19
24,H00239,H00771,5,17,23,0,2023-06-19
24,H00243,H00149,5,3,23,1,2023-06-19
24,H00263,H00378,5,9,19,0,2023-06-19
24,H00275,H00674,5,15,5,1,2023-06-19
24,H00277,H00284,6,6,6,1,2023-06-19
24,H00283,H00610,6,14,11,1,2023-06-19
24,H00298,H00305,6,6,9,0,2023-06-19
24,H00312,H00335,7,7,15,0,2023-06-19
24,H00318,H00854,7,19,2,0,2023-06-19
24,H00337,H00312,8,7,22,0,2023-06-19
24,H00353,H00382,8,9,22,1,2023-06-19
24,H00363,H00352,8,8,22,0,2023-06-19
24,H00366,H00022,8,0,24,0,2023-06-19
24,H00376,H00418,9,10,4,0,2023-06-19
24,H00377,H00388,9,9,9,1,2023-06-19
24,H00396,H00396,9,9,5,1,2023-06-19
24,H00406,H00409,10,10,6,1,2023-06-19
24,H00413,H00137,10,2,8,1,2023-06-19
24,H00432,H00967,10,23,21,1,2023-06-19
24,H00461,H00471,11,11,17,1,2023-06-19
24,H00481,H00468,11,11,14,0,2023-06-19
24,H00490,H00449,11,11,9,1,2023-06-19
24,H00495,H00517,12,12,8,0,2023-06-19
24,H00531,H00502,12,12,20,0,2023-06-19
24,H00532,H00502,12,12,14,1,2023-06-19
24,H00540,H00710,12,16,21,0,2023-06-19
24,H00623,H00638,14,14,20,0,2023-06-19
24,H00626,H00652,14,14,17,0,2023-06-19
24,H00646,H00709,14,15,10,0,2023-06-19
24,H00654,H00660,14,14,23,0,2023-06-19
24,H00668,H00664,15,15,10,1,2023-06-19
24,H00669,H00594,15,13,23,0,2023-06-19
24,H00677,H00641,15,14,22,1,2023-06-19
24,H00683,H00672,15,15,20,1,2023-06-19
24,H00686,H00690,15,15,19,0,2023-06-19
24,H00690,H00750,15,16,5,0,2023-06-19
24,H00691,H00110,15,2,9,1,2023-06-19
24,H00768,H00697,17,15,14,1,2023-06-19
24,H00778,H00794,17,17,21,0,2023-06-19
24,H00802,H00848,18,19,20,0,2023-06-19
24,H00804,H00334,18,7,14,1,2023-06-19
24,H00809,H00871,18,20,13,1,2023-06-19
24,H00819,H00834,18,18,20,1,2023-06-19
24,H00823,H00859,18,19,10,0,2023-06-19
24,H00843,H00862,19,19,6,1,2023-06-19
24,H00844,H00863,19,19,20,1,2023-06-19
24,H00875,H00749,20,16,24,1,2023-06-19
24,H00878,H00946,20,22,12,1,2023-06-19
24,H00885,H00876,20,20,11,0,2023-06-19
24,H00887,H00893,20,20,19,0,2023-06-19
24,H00888,H00890,20,20,10,1,2023-06-19
24,H00897,H00910,21,21,14,1,2023-06-19
24,H00906,H00910,21,21,3,0,2023-06-19
24,H00930,H00945,22,22,23,0,2023-06-19
24,H00941,H01090,22,27,5,0,2023-06-19
24,H00973,H01052,23,25,8,0,2023-06-19
24,H00979,H00989,23,23,18,1,2023-06-19
24,H00986,H01102,23,27,11,0,2023-06-19
24,H00999,H01002,24,24,16,0,2023-06-19
24,H01030,H00695,25,15,6,1,2023-06-19
24,H01036,H01033,25,25,9,0,2023-06-19
24,H01060,H01068,26,26,5,1,2023-06-19
24,H01062,H01060,26,26,15,1,2023-06-19
24,H01105,H00354,27,8,24,0,2023-06-19
25,H00000,H00027,0,0,4,1,2023-06-26
25,H00002,H00289,0,6,22,1,2023-06-26
25,H00055,H00047,1,1,20,1,2023-06-26
25,H00070,H00097,1,1,16,1,2023-06-26
25,H00116,H00102,2,2,20,1,2023-06-26
25,H00119,H00325,2,7,15,0,2023-06-26
25,H00127,H00135,2,2,18,1,2023-06-26
25,H00136,H00135,2,2,16,1,2023-06-26
25,H00153,H00159,3,3,24,1,2023-06-26
25,H00164,H00346,3,8,5,0,2023-06-26
25,H00186,H00174,3,3,16,1,2023-06-26
25,H00198,H00229,4,4,12,1,2023-06-26
25,H00207,H00424,4,10,14,0,2023-06-26
25,H00210,H00455,4,11,23,1,2023-06-26
25,H00213,H00485,4,11,9,0,2023-06-26
25,H00220,H00275,4,5,14,1,2023-06-26
25,H00232,H00258,5,5,2,1,2023-06-26
25,H00275,H00182,5,3,14,1,2023-06-26
25,H00277,H00330,6,7,5,0,2023-06-26
25,H00281,H00332,6,7,24,1,2023-06-26
25,H00282,H00301,6,6,5,0,2023-06-26
25,H00323,H00699,7,15,24,0,2023-06-26
25,H00330,H00324,7,7,21,1,2023-06-26
25,H00346,H00038,8,0,9,1,2023-06-26
25,H00360,H00695,8,15,3,0,2023-06-26
25,H00381,H00462,9,11,14,1,2023-06-26
25,H00388,H00380,9,9,20,1,2023-06-26
25,H00400,H00382,9,9,8,1,2023-06-26
25,H00428,H00407,10,10,2,1,2023-06-26
25,H00436,H00407,10,10,15,1,2023-06-26
25,H00437,H00214,10,4,9,1,2023-06-26
25,H00442,H00483,11,11,10,1,2023-06-26
25,H00458,H00476,11,11,10,1,2023-06-26
25,H00461,H00485,11,11,9,0,2023-06-26
25,H00463,H00459,11,11,9,1,2023-06-26
25,H00465,H00717,11,16,6,1,2023-06-26
25,H00557,H00544,13,13,11,1,2023-06-26
25,H00577,H00593,13,13,9,1,2023-06-26
25,H00641,H00616,14,14,8,1,2023-06-26
25,H00642,H00627,14,14,6,1,2023-06-26
25,H00659,H00638,14,14,15,0,2023-06-26
25,H00710,H00123,16,2,7,1,2023-06-26
25,H00714,H00736,16,16,3,0,2023-06-26
25,H00726,H00012,16,0,8,0,2023-06-26
25,H00729,H00744,16,16,7,1,2023-06-26
25,H00734,H00747,16,16,18,0,2023-06-26
25,H00749,H00865,16,19,21,1,2023-06-26
25,H00764,H00783,17,17,5,1,2023-06-26
25,H00779,H00775,17,17,21,1,2023-06-26
25,H00810,H00291,18,6,5,1,2023-06-26
25,H00812,H00818,18,18,7,1,2023-06-26
25,H00817,H00852,18,19,19,1,2023-06-26
25,H00821,H00812,18,18,11,0,2023-06-26
25,H00867,H00844,19,19,20,0,2023-06-26
25,H00868,H00868,19,19,6,0,2023-06-26
25,H00892,H00875,20,20,24,1,2023-06-26
25,H00897,H00858,21,19,24,1,2023-06-26
25,H00918,H00896,21,21,13,1,2023-06-26
25,H00919,H00948,21,22,21,0,2023-06-26
25,H00932,H00936,22,22,22,1,2023-06-26
25,H00949,H00813,22,18,11,1,2023-06-26
25,H00959,H00018,22,0,6,0,2023-06-26
25,H00984,H00981,23,23,11,0,2023-06-26
25,H01004,H01000,24,24,17,0,2023-06-26
25,H01011,H01019,24,24,18,1,2023-06-26
25,H01017,H00999,24,24,2,0,2023-06-26
25,H01025,H01039,25,25,22,1,2023-06-26
25,H01037,H01024,25,25,19,0,2023-06-26
25,H01046,H00970,25,23,18,1,2023-06-26
25,H01049,H01047,25,25,15,1,2023-06-26
25,H01066,H00903,26,21,4,0,2023-06-26
25,H01069,H01074,26,26,18,0,2023-06-26
25,H01081,H01101,27,27,11,1,2023-06-26
25,H01110,H01083,27,27,5,1,2023-06-26
26,H00001,H00731,0,16,13,1,2023-07-03
26,H00013,H00004,0,0,13,1,2023-07-03
26,H00027,H00035,0,0,13,1,2023-07-03
26,H00029,H00028,0,0,11,0,2023-07-03
26,H00038,H00005,0,0,17,1,2023-07-03
26,H00041,H00056,1,1,23,0,2023-07-03
26,H00043,H00322,1,7,7,0,2023-07-03
26,H00053,H00064,1,1,10,0,2023-07-03
26,H00054,H00073,1,1,11,1,2023-07-03
26,H00057,H00053,1,1,8,1,2023-07-03
26,H00060,H00458,1,11,8,0,2023-07-03
26,H00061,H00522,1,12,8,1,2023-07-03
26,H00070,H00007,1,0,17,1,2023-07-03
26,H00071,H00485,1,11,16,0,2023-07-03
26,H00077,H00764,1,17,5,1,2023-07-03
26,H00091,H00275,1,5,19,1,2023-07-03
26,H00099,H00139,2,2,14,1,2023-07-03
26,H00113,H00022,2,0,23,1,2023-07-03
26,H00117,H00690,2,15,22,1,2023-07-03
26,H00192,H00205,4,4,15,1,2023-07-03
26,H00197,H00219,4,4,7,0,2023-07-03
26,H00204,H00193,4,4,11,0,2023-07-03
26,H00206,H00130,4,2,16,1,2023-07-03
26,H00211,H00332,4,7,2,1,2023-07-03
26,H00212,H00185,4,3,7,0,2023-07-03
26,H00218,H00011,4,0,4,1,2023-07-03
26,H00231,H00209,4,4,5,1,2023-07-03
26,H00271,H00232,5,5,8,1,2023-07-03
26,H00281,H00282,6,6,8,1,2023-07-03
26,H00291,H00102,6,2,7,1,2023-07-03
26,H00328,H00277,7,6,9,1,2023-07-03
26,H00336,H00327,7,7,4,0,2023-07-03
26,H00348,H00343,8,8,10,0,2023-07-03
26,H00352,H00361,8,8,15,0,2023-07-03
26,H00353,H00328,8,7,10,1,2023-07-03
26,H00359,H00288,8,6,5,0,2023-07-03
26,H00381,H00385,9,9,10,1,2023-07-03
26,H00387,H00375,9,9,16,1,2023-07-03
26,H00389,H00384,9,9,3,1,2023-07-03
26,H00394,H00396,9,9,19,1,2023-07-03
26,H00397,H00385,9,9,11,0,2023-07-03
26,H00405,H00388,9,9,6,1,2023-07-03
26,H00410,H00440,10,10,11,1,2023-07-03
26,H00415,H00421,10,10,18,0,2023-07-03
26,H00420,H00437,10,10,12,0,2023-07-03
26,H00421,H00401,10,9,15,1,2023-07-03
26,H00442,H00472,11,11,8,1,2023-07-03
26,H00454,H00446,11,11,17,1,2023-07-03
26,H00463,H00490,11,11,20,0,2023-07-03
26,H00529,H00505,12,12,9,1,2023-07-03
26,H00549,H00589,13,13,19,1,2023-07-03
26,H00562,H00680,13,15,3,1,2023-07-03
26,H00565,H00553,13,13,15,0,2023-07-03
26,H00569,H00561,13,13,20,0,2023-07-03
26,H00571,H00577,13,13,15,0,2023-07-03
26,H00573,H00334,13,7,2,0,2023-07-03
26,H00574,H00550,13,13,2,1,2023-07-03
26,H00576,H00041,13,1,20,0,2023-07-03
26,H00579,H00570,13,13,20,0,2023-07-03
26,H00588,H00572,13,13,3,1,2023-07-03
26,H00592,H00689,13,15,17,0,2023-07-03
26,H00600,H00595,13,13,18,1,2023-07-03
26,H00623,H00637,14,14,2,0,2023-07-03
26,H00628,H00622,14,14,22,1,2023-07-03
26,H00642,H00652,14,14,20,0,2023-07-03
26,H00646,H00700,14,15,7,1,2023-07-03
26,H00651,H00614,14,14,6,0,2023-07-03
26,H00652,H00014,14,0,18,0,2023-07-03
26,H00659,H00631,14,14,19,0,2023-07-03
26,H00671,H00708,15,15,12,1,2023-07-03
26,H00690,H00655,15,14,12,1,2023-07-03
26,H00696,H00027,15,0,22,1,2023-07-03
26,H00701,H00706,15,15,15,0,2023-07-03
26,H00716,H00729,16,16,6,1,2023-07-03
26,H00738,H00282,16,6,8,1,2023-07-03
26,H00749,H00443,16,11,23,1,2023-07-03
26,H00750,H00726,16,16,4,0,2023-07-03
26,H00752,H00749,17,16,10,1,2023-07-03
26,H00759,H00784,17,17,10,1,2023-07-03
26,H00769,H00790,17,17,3,0,2023-07-03
26,H00778,H00779,17,17,20,1,2023-07-03
26,H00783,H00747,17,16,4,1,2023-07-03
26,H00815,H00328,18,7,23,1,2023-07-03
26,H00835,H00860,18,19,18,0,2023-07-03
26,H00839,H00820,18,18,23,1,2023-07-03
26,H00844,H00855,19,19,22,0,2023-07-03
26,H00859,H00698,19,15,21,0,2023-07-03
26,H00865,H00851,19,19,7,0,2023-07-03
26,H00873,H00409,20,10,5,0,2023-07-03
26,H00886,H00684,20,15,15,1,2023-07-03
26,H00903,H00976,21,23,5,0,2023-07-03
26,H00907,H00902,21,21,13,0,2023-07-03
26,H00909,H00802,21,18,21,1,2023-07-03
26,H00917,H00896,21,21,10,1,2023-07-03
26,H00921,H00911,21,21,6,1,2023-07-03
26,H00927,H00902,21,21,10,1,2023-07-03
26,H00935,H00944,22,22,2,0,2023-07-03
26,H00970,H00980,23,23,5,1,2023-07-03
26,H00973,H00973,23,23,23,1,2023-07-03
26,H00999,H00928,24,22,24,0,2023-07-03
26,H01003,H00430,24,10,9,0,2023-07-03
26,H01012,H01016,24,24,15,1,2023-07-03
26,H01090,H01082,27,27,19,0,2023-07-03
26,H01098,H01079,27,27,18,1,2023-07-03
26,H01101,H01091,27,27,3,1,2023-07-03
26,H01111,H01102,27,27,20,1,2023-07-03
27,H00000,H00019,0,0,19,0,2023-07-10
27,H00006,H00035,0,0,12,0,2023-07-10
27,H00009,H00022,0,0,12,1,2023-07-10
27,H00015,H00027,0,0,7,1,2023-07-10
27,H00022,H00005,0,0,15,0,2023-07-10
27,H00040,H00124,1,2,3,1,2023-07-10
27,H00045,H00063,1,1,5,1,2023-07-10
27,H00069,H00096,1,1,7,1,2023-07-10
27,H00076,H00090,1,1,13,0,2023-07-10
27,H00131,H00716,2,16,4,1,2023-07-10
27,H00135,H00022,2,0,5,1,2023-07-10
27,H00137,H00112,2,2,20,1,2023-07-10
27,H00145,H00173,3,3,7,1,2023-07-10
27,H00157,H00124,3,2,12,0,2023-07-10
27,H00160,H00163,3,3,11,1,2023-07-10
27,H00161,H00254,3,5,9,1,2023-07-10
27,H00201,H00272,4,5,5,1,2023-07-10
27,H00233,H00275,5,5,20,0,2023-07-10
27,H00241,H00257,5,5,24,1,2023-07-10
27,H00251,H00263,5,5,8,1,2023-07-10
27,H00270,H00005,5,0,13,0,2023-07-10
27,H00295,H00276,6,6,10,1,2023-07-10
27,H00299,H00280,6,6,3,0,2023-07-10
27,H00302,H00289,6,6,19,1,2023-07-10
27,H00332,H00312,7,7,13,1,2023-07-10
27,H00344,H00356,8,8,7,0,2023-07-10
27,H00349,H00450,8,11,24,0,2023-07-10
27,H00358,H00364,8,8,7,1,2023-07-10
27,H00380,H00403,9,9,24,0,2023-07-10
27,H00382,H00294,9,6,3,0,2023-07-10
27,H00405,H00388,9,9,8,1,2023-07-10
27,H00406,H00435,10,10,16,1,2023-07-10
27,H00413,H00408,10,10,5,1,2023-07-10
27,H00415,H00410,10,10,22,1,2023-07-10
27,H00417,H00104,10,2,10,1,2023-07-10
27,H00418,H00420,10,10,12,0,2023-07-10
27,H00423,H00433,10,10,8,1,2023-07-10
27,H00432,H01000,10,24,11,0,2023-07-10
27,H00434,H00427,10,10,13,1,2023-07-10
27,H00436,H00296,10,6,24,1,2023-07-10
27,H00449,H00730,11,16,8,0,2023-07-10
27,H00455,H00669,11,15,8,1,2023-07-10
27,H00483,H00313,11,7,7,1,2023-07-10
27,H00496,H00104,12,2,11,0,2023-07-10
27,H00522,H00524,12,12,22,1,2023-07-10
27,H00533,H00691,12,15,6,1,2023-07-10
27,H00569,H00594,13,13,12,1,2023-07-10
27,H00571,H00575,13,13,12,0,2023-07-10
27,H00575,H00707,13,15,14,0,2023-07-10
27,H00583,H00125,13,2,14,0,2023-07-10
27,H00591,H00581,13,13,12,0,2023-07-10
27,H00595,H00579,13,13,19,0,2023-07-10
27,H00596,H00851,13,19,21,1,2023-07-10
27,H00623,H00657,14,14,15,1,2023-07-10
27,H00624,H00671,14,15,18,0,2023-07-10
27,H00636,H00642,14,14,17,1,2023-07-10
27,H00640,H00623,14,14,9,0,2023-07-10
27,H00660,H00135,14,2,21,1,2023-07-10
27,H00665,H00508,15,12,13,1,2023-07-10
27,H00667,H00670,15,15,18,1,2023-07-10
27,H00675,H00585,15,13,13,1,2023-07-10
27,H00678,H00631,15,14,19,0,2023-07-10
27,H00710,H00730,16,16,22,1,2023-07-10
27,H00719,H00309,16,7,24,0,2023-07-10
27,H00737,H00849,16,19,10,0,2023-07-10
27,H00744,H00120,16,2,5,0,2023-07-10
27,H00746,H00712,16,16,19,1,2023-07-10
27,H00753,H00412,17,10,15,1,2023-07-10
27,H00757,H00792,17,17,18,1,2023-07-10
27,H00779,H00198,17,4,21,1,2023-07-10
27,H00783,H00764,17,17,3,1,2023-07-10
27,H00792,H00770,17,17,8,1,2023-07-10
27,H00794,H00767,17,17,16,1,2023-07-10
27,H00798,H00792,17,17,19,0,2023-07-10
27,H00809,H00819,18,18,9,1,2023-07-10
27,H00816,H00835,18,18,14,1,2023-07-10
27,H00828,H00866,18,19,20,1,2023-07-10
27,H00838,H00891,18,20,5,0,2023-07-10
27,H00851,H00101,19,2,4,0,2023-07-10
27,H00854,H00860,19,19,16,0,2023-07-10
27,H00893,H00878,20,20,23,0,2023-07-10
27,H00894,H00875,20,20,7,0,2023-07-10
27,H00895,H00887,20,20,3,1,2023-07-10
27,H00915,H00469,21,11,22,1,2023-07-10
27,H00916,H00921,21,21,7,0,2023-07-10
27,H00928,H01107,22,27,4,1,2023-07-10
27,H00946,H00941,22,22,4,1,2023-07-10
27,H00970,H00868,23,19,16,0,2023-07-10
27,H00976,H00974,23,23,16,1,2023-07-10
27,H00993,H00942,23,22,22,0,2023-07-10
27,H00994,H00998,24,24,17,1,2023-07-10
27,H01003,H01071,24,26,20,1,2023-07-10
27,H01014,H00936,24,22,19,1,2023-07-10
27,H01019,H01012,24,24,17,1,2023-07-10
27,H01025,H01047,25,25,16,0,2023-07-10
27,H01046,H01032,25,25,24,1,2023-07-10
27,H01059,H01071,26,26,12,1,2023-07-10
27,H01067,H01071,26,26,15,0,2023-07-10
27,H01077,H01109,27,27,13,0,2023-07-10
27,H01081,H01098,27,27,3,1,2023-07-10
27,H01089,H01084,27,27,21,0,2023-07-10
27,H01096,H01086,27,27,10,1,2023-07-10
27,H01107,H00424,27,10,23,0,2023-07-10
28,H00008,H00323,0,7,21,0,2023-07-17
28,H00026,H00024,0,0,8,0,2023-07-17
28,H00036,H00003,0,0,19,1,2023-07-17
28,H00045,H00046,1,1,3,1,2023-07-17
28,H00074,H00068,1,1,12,0,2023-07-17
28,H00077,H00830,1,18,13,0,2023-07-17
28,H00081,H00117,1,2,11,0,2023-07-17
28,H00085,H00096,1,1,5,1,2023-07-17
28,H00099,H00440,2,10,5,1,2023-07-17
28,H00105,H00524,2,12,11,0,2023-07-17
28,H00150,H00704,3,15,16,1,2023-07-17
28,H00154,H00150,3,3,22,1,2023-07-17
28,H00165,H00079,3,1,14,1,2023-07-17
28,H00168,H00165,3,3,4,1,2023-07-17
28,H00187,H00218,4,4,17,1,2023-07-17
28,H00189,H00752,4,17,17,1,2023-07-17
28,H00204,H00223,4,4,18,0,2023-07-17
28,H00228,H00004,4,0,3,1,2023-07-17
28,H00230,H00215,4,4,19,1,2023-07-17
28,H00263,H00242,5,5,16,0,2023-07-17
28,H00268,H00234,5,5,6,1,2023-07-17
28,H00271,H00253,5,5,4,1,2023-07-17
28,H00274,H00237,5,5,8,0,2023-07-17
28,H00286,H00303,6,6,20,0,2023-07-17
28,H00288,H00294,6,6,4,1,2023-07-17
28,H00311,H00743,7,16,3,0,2023-07-17
28,H00320,H00318,7,7,22,1,2023-07-17
28,H00329,H00318,7,7,21,1,2023-07-17
28,H00346,H00308,8,6,21,0,2023-07-17
28,H00352,H00369,8,8,23,0,2023-07-17
28,H00381,H00391,9,9,16,1,2023-07-17
28,H00410,H00420,10,10,11,1,2023-07-17
28,H00416,H00435,10,10,4,1,2023-07-17
28,H00437,H00413,10,10,19,1,2023-07-17
28,H00442,H00462,11,11,6,1,2023-07-17
28,H00448,H00454,11,11,17,1,2023-07-17
28,H00454,H00447,11,11,8,0,2023-07-17
28,H00478,H00492,11,11,2,1,2023-07-17
28,H00487,H00452,11,11,22,0,2023-07-17
28,H00489,H00455,11,11,19,1,2023-07-17
28,H00493,H00507,12,12,16,1,2023-07-17
28,H00514,H00527,12,12,3,1,2023-07-17
28,H00534,H00132,12,2,22,1,2023-07-17
28,H00538,H00495,12,12,14,1,2023-07-17
28,H00552,H00709,13,15,16,1,2023-07-17
28,H00560,H00559,13,13,22,1,2023-07-17
28,H00614,H00698,14,15,12,1,2023-07-17
28,H00624,H00123,14,2,17,0,2023-07-17
28,H00626,H00634,14,14,18,1,2023-07-17
28,H00662,H00115,15,2,14,1,2023-07-17
28,H00672,H00697,15,15,2,1,2023-07-17
28,H00698,H00671,15,15,4,0,2023-07-17
28,H00710,H00659,16,14,20,1,2023-07-17
28,H00716,H00744,16,16,21,0,2023-07-17
28,H00734,H00719,16,16,20,0,2023-07-17
28,H00778,H00783,17,17,16,0,2023-07-17
28,H00788,H00762,17,17,8,1,2023-07-17
28,H00790,H00756,17,17,7,1,2023-07-17
28,H00799,H00782,17,17,24,0,2023-07-17
28,H00801,H00803,18,18,6,1,2023-07-17
28,H00831,H00835,18,18,6,1,2023-07-17
28,H00845,H00747,19,16,10,0,2023-07-17
28,H00856,H00318,19,7,9,1,2023-07-17
28,H00864,H00132,19,2,19,1,2023-07-17
28,H00866,H00864,19,19,8,1,2023-07-17
28,H00874,H00886,20,20,13,0,2023-07-17
28,H00880,H01059,20,26,13,1,2023-07-17
28,H00883,H00879,20,20,17,0,2023-07-17
28,H00894,H00888,20,20,4,1,2023-07-17
28,H00912,H00911,21,21,24,0,2023-07-17
28,H00919,H00869,21,19,3,0,2023-07-17
28,H00924,H00905,21,21,16,0,2023-07-17
28,H00928,H00934,22,22,7,1,2023-07-17
28,H00930,H00437,22,10,4,0,2023-07-17
28,H00942,H00958,22,22,7,0,2023-07-17
28,H00953,H00945,22,22,15,0,2023-07-17
28,H00955,H00940,22,22,5,1,2023-07-17
28,H00957,H00426,22,10,24,1,2023-07-17
28,H00958,H00946,22,22,4,1,2023-07-17
28,H00960,H00961,22,22,20,0,2023-07-17
28,H00990,H00945,23,22,10,1,2023-07-17
28,H01005,H01002,24,24,10,1,2023-07-17
28,H01018,H01012,24,24,3,1,2023-07-17
28,H01024,H00881,25,20,15,0,2023-07-17
28,H01032,H00964,25,22,16,1,2023-07-17
28,H01045,H01042,25,25,23,1,2023-07-17
28,H01054,H01037,25,25,4,0,2023-07-17
28,H01080,H01095,27,27,3,0,2023-07-17
28,H01090,H00941,27,22,15,0,2023-07-17
28,H01091,H01088,27,27,5,0,2023-07-17
28,H01102,H01077,27,27,5,0,2023-07-17
29,H00012,H00035,0,0,8,0,2023-07-24
29,H00046,H00041,1,1,2,1,2023-07-24
29,H00055,H00434,1,10,7,0,2023-07-24
29,H00056,H00115,1,2,3,1,2023-07-24
29,H00096,H00459,1,11,10,0,2023-07-24
29,H00103,H00379,2,9,5,1,2023-07-24
29,H00107,H00139,2,2,3,1,2023-07-24
29,H00118,H00120,2,2,9,1,2023-07-24
29,H00139,H00133,2,2,16,0,2023-07-24
29,H00145,H00025,3,0,20,1,2023-07-24
29,H00163,H00178,3,3,21,1,2023-07-24
29,H00170,H00178,3,3,15,1,2023-07-24
29,H00191,H00189,4,4,2,0,2023-07-24
29,H00195,H00407,4,10,18,0,2023-07-24
29,H00203,H00204,4,4,2,0,2023-07-24
29,H00217,H00726,4,16,8,0,2023-07-24
29,H00221,H00702,4,15,19,1,2023-07-24
29,H00227,H00224,4,4,9,1,2023-07-24
29,H00237,H00395,5,9,22,0,2023-07-24
29,H00238,H00237,5,5,16,1,2023-07-24
29,H00250,H00031,5,0,16,1,2023-07-24
29,H00274,H00453,5,11,21,0,2023-07-24
29,H00276,H00281,6,6,2,1,2023-07-24
29,H00278,H00690,6,15,7,1,2023-07-24
29,H00290,H00120,6,2,22,0,2023-07-24
29,H00292,H00265,6,5,8,1,2023-07-24
29,H00309,H00111,7,2,15,0,2023-07-24
29,H00318,H00309,7,7,18,1,2023-07-24
29,H00323,H00028,7,0,20,0,2023-07-24
29,H00341,H00366,8,8,22,0,2023-07-24
29,H00347,H00292,8,6,9,1,2023-07-24
29,H00349,H00344,8,8,13,1,2023-07-24
29,H00357,H00365,8,8,12,1,2023-07-24
29,H00359,H00115,8,2,2,0,2023-07-24
29,H00362,H00357,8,8,3,1,2023-07-24
29,H00371,H00320,8,7,14,0,2023-07-24
29,H00374,H00420,8,10,7,1,2023-07-24
29,H00376,H00405,9,9,3,0,2023-07-24
29,H00384,H00282,9,6,6,1,2023-07-24
29,H00386,H00158,9,3,16,1,2023-07-24
29,H00396,H00376,9,9,4,0,2023-07-24
29,H00406,H00700,10,15,6,1,2023-07-24
29,H00407,H00444,10,11,12,1,2023-07-24
29,H00411,H00296,10,6,22,1,2023-07-24
29,H00421,H00416,10,10,8,0,2023-07-24
29,H00426,H00142,10,2,23,1,2023-07-24
29,H00434,H00427,10,10,24,1,2023-07-24
29,H00442,H00492,11,11,5,0,2023-07-24
29,H00486,H00723,11,16,14,1,2023-07-24
29,H00490,H00491,11,11,4,1,2023-07-24
29,H00493,H00032,12,0,17,1,2023-07-24
29,H00506,H00468,12,11,13,1,2023-07-24
29,H00511,H00333,12,7,18,0,2023-07-24
29,H00522,H00508,12,12,22,1,2023-07-24
29,H00537,H00452,12,11,5,1,2023-07-24
29,H00565,H00333,13,7,20,1,2023-07-24
29,H00590,H00685,13,15,14,0,2023-07-24
29,H00597,H00563,13,13,20,0,2023-07-24
29,H00601,H00589,13,13,8,0,2023-07-24
29,H00606,H00022,14,0,15,1,2023-07-24
29,H00610,H00567,14,13,23,1,2023-07-24
29,H00611,H00451,14,11,16,1,2023-07-24
29,H00615,H00612,14,14,12,1,2023-07-24
29,H00616,H00654,14,14,4,1,2023-07-24
29,H00618,H00641,14,14,9,1,2023-07-24
29,H00646,H00615,14,14,22,1,2023-07-24
29,H00656,H00035,14,0,8,0,2023-07-24
29,H00665,H00358,15,8,11,1,2023-07-24
29,H00706,H00673,15,15,9,1,2023-07-24
29,H00708,H00687,15,15,13,0,2023-07-24
29,H00711,H00160,16,3,4,0,2023-07-24
29,H00718,H00439,16,10,8,1,2023-07-24
29,H00726,H00736,16,16,23,0,2023-07-24
29,H00735,H00741,16,16,18,0,2023-07-24
29,H00739,H00020,16,0,8,0,2023-07-24
29,H00753,H00781,17,17,15,1,2023-07-24
29,H00754,H00768,17,17,4,0,2023-07-24
29,H00758,H00489,17,11,13,1,2023-07-24
29,H00761,H00762,17,17,14,1,2023-07-24
29,H00775,H00772,17,17,21,0,2023-07-24
29,H00780,H00778,17,17,11,0,2023-07-24
29,H00784,H00792,17,17,16,1,2023-07-24
29,H00789,H00740,17,16,21,1,2023-07-24
29,H00792,H00749,17,16,15,0,2023-07-24
29,H00796,H00549,17,13,12,1,2023-07-24
29,H00802,H00666,18,15,17,1,2023-07-24
29,H00840,H00826,18,18,17,1,2023-07-24
29,H00852,H00746,19,16,24,1,2023-07-24
29,H00853,H00866,19,19,3,0,2023-07-24
29,H00855,H00666,19,15,12,1,2023-07-24
29,H00858,H00675,19,15,24,0,2023-07-24
29,H00861,H00863,19,19,4,0,2023-07-24
29,H00863,H00850,19,19,17,1,2023-07-24
29,H00870,H00715,19,16,17,1,2023-07-24
29,H00872,H00892,20,20,8,1,2023-07-24
29,H00876,H00882,20,20,7,1,2023-07-24
29,H00895,H00875,20,20,18,1,2023-07-24
29,H00901,H00136,21,2,10,1,2023-07-24
29,H00902,H00899,21,21,6,1,2023-07-24
29,H00909,H01077,21,27,22,1,2023-07-24
29,H00911,H00914,21,21,15,0,2023-07-24
29,H00925,H00918,21,21,6,1,2023-07-24
29,H00927,H00921,21,21,21,1,2023-07-24
29,H00929,H00928,22,22,22,0,2023-07-24
29,H00950,H00957,22,22,8,1,2023-07-24
29,H00964,H00953,22,22,21,1,2023-07-24
29,H00969,H00976,23,23,4,1,2023-07-24
29,H00974,H00970,23,23,8,1,2023-07-24
29,H00978,H00983,23,23,5,1,2023-07-24
29,H00984,H00967,23,23,12,0,2023-07-24
29,H00988,H00950,23,22,9,1,2023-07-24
29,H00999,H01010,24,24,17,1,2023-07-24
29,H01012,H00998,24,24,16,0,2023-07-24
29,H01020,H00354,24,8,11,0,2023-07-24
29,H01039,H00868,25,19,15,1,2023-07-24
29,H01056,H01075,26,26,19,1,2023-07-24
29,H01071,H01072,26,26,12,0,2023-07-24
29,H01072,H01063,26,26,8,1,2023-07-24
29,H01077,H01084,27,27,11,1,2023-07-24
29,H01097,H01078,27,27,2,0,2023-07-24
29,H01101,H01097,27,27,18,0,2023-07-24
29,H01107,H00957,27,22,22,1,2023-07-24
30,H00010,H00034,0,0,5,1,2023-07-31
30,H00019,H00848,0,19,5,0,2023-07-31
30,H00021,H00037,0,0,15,1,2023-07-31
30,H00043,H00046,1,1,23,0,2023-07-31
30,H00058,H00707,1,15,9,0,2023-07-31
30,H00066,H00797,1,17,2,1,2023-07-31
30,H00068,H00062,1,1,15,1,2023-07-31
30,H00069,H00096,1,1,14,1,2023-07-31
30,H00070,H00127,1,2,24,1,2023-07-31
30,H00088,H00091,1,1,3,1,2023-07-31
30,H00112,H00122,2,2,4,0,2023-07-31
30,H00113,H00135,2,2,12,0,2023-07-31
30,H00125,H00291,2,6,19,0,2023-07-31
30,H00129,H00127,2,2,9,0,2023-07-31
30,H00130,H00111,2,2,22,1,2023-07-31
30,H00131,H00110,2,2,13,0,2023-07-31
30,H00137,H00482,2,11,20,1,2023-07-31
30,H00160,H00287,3,6,13,1,2023-07-31
30,H00166,H00147,3,3,20,0,2023-07-31
30,H00176,H00158,3,3,18,1,2023-07-31
30,H00228,H00227,4,4,21,0,2023-07-31
30,H00247,H00123,5,2,9,1,2023-07-31
30,H00250,H00045,5,1,17,0,2023-07-31
30,H00274,H00233,5,5,5,1,2023-07-31
30,H00305,H00784,6,17,19,1,2023-07-31
30,H00309,H00312,7,7,19,1,2023-07-31
30,H00324,H00450,7,11,10,0,2023-07-31
30,H00347,H00373,8,8,4,1,2023-07-31
30,H00351,H00374,8,8,18,1,2023-07-31
30,H00360,H00350,8,8,24,1,2023-07-31
30,H00362,H00317,8,7,12,0,2023-07-31
30,H00364,H00368,8,8,3,0,2023-07-31
30,H00373,H00330,8,7,9,1,2023-07-31
30,H00426,H00431,10,10,20,1,2023-07-31
30,H00442,H00473,11,11,3,1,2023-07-31
30,H00447,H00470,11,11,10,0,2023-07-31
30,H00450,H00489,11,11,11,0,2023-07-31
30,H00454,H00478,11,11,8,0,2023-07-31
30,H00471,H00453,11,11,22,0,2023-07-31
30,H00477,H00011,11,0,12,0,2023-07-31
30,H00511,H00853,12,19,22,0,2023-07-31
30,H00512,H00520,12,12,24,1,2023-07-31
30,H00517,H00449,12,11,22,0,2023-07-31
30,H00523,H00029,12,0,22,1,2023-07-31
30,H00538,H00765,12,17,2,1,2023-07-31
30,H00542,H00018,13,0,7,1,2023-07-31
30,H00545,H00565,13,13,19,0,2023-07-31
30,H00550,H00549,13,13,3,1,2023-07-31
30,H00551,H00138,13,2,2,1,2023-07-31
30,H00563,H00010,13,0,6,1,2023-07-31
30,H00566,H00662,13,15,22,1,2023-07-31
30,H00589,H00551,13,13,16,1,2023-07-31
30,H00591,H00597,13,13,8,0,2023-07-31
30,H00597,H00559,13,13,14,0,2023-07-31
30,H00612,H00712,14,16,3,1,2023-07-31
30,H00621,H00620,14,14,14,0,2023-07-31
30,H00626,H00674,14,15,16,0,2023-07-31
30,H00632,H00129,14,2,5,1,2023-07-31
30,H00636,H00652,14,14,8,0,2023-07-31
30,H00649,H00082,14,1,21,1,2023-07-31
30,H00662,H00706,15,15,19,1,2023-07-31
30,H00670,H00686,15,15,10,1,2023-07-31
30,H00677,H00035,15,0,5,1,2023-07-31
30,H00688,H00701,15,15,8,1,2023-07-31
30,H00693,H00679,15,15,19,1,2023-07-31
30,H00696,H00706,15,15,9,1,2023-07-31
30,H00717,H00865,16,19,8,0,2023-07-31
30,H00718,H00723,16,16,4,1,2023-07-31
30,H00742,H00719,16,16,6,0,2023-07-31
30,H00843,H00745,19,16,2,1,2023-07-31
30,H00845,H00865,19,19,13,0,2023-07-31
30,H00867,H00845,19,19,23,0,2023-07-31
30,H00868,H00870,19,19,6,1,2023-07-31
30,H00870,H00653,19,14,22,0,2023-07-31
30,H00901,H00468,21,11,8,1,2023-07-31
30,H00918,H00116,21,2,7,1,2023-07-31
30,H00932,H00964,22,22,23,1,2023-07-31
30,H00936,H00960,22,22,23,1,2023-07-31
30,H00949,H01045,22,25,4,1,2023-07-31
30,H00967,H00967,23,23,23,0,2023-07-31
30,H00972,H00966,23,23,5,0,2023-07-31
30,H00976,H01034,23,25,22,1,2023-07-31
30,H00984,H00960,23,22,20,1,2023-07-31
30,H00988,H00970,23,23,16,1,2023-07-31
30,H00990,H00939,23,22,16,1,2023-07-31
30,H00995,H01019,24,24,14,1,2023-07-31
30,H01003,H00962,24,22,9,1,2023-07-31
30,H01021,H00936,24,22,21,1,2023-07-31
30,H01025,H01047,25,25,19,1,2023-07-31
30,H01026,H01033,25,25,9,0,2023-07-31
30,H01030,H01015,25,24,4,1,2023-07-31
30,H01034,H00708,25,15,17,0,2023-07-31
30,H01035,H01047,25,25,17,1,2023-07-31
30,H01038,H01049,25,25,20,1,2023-07-31
30,H01053,H01047,25,25,11,1,2023-07-31
30,H01064,H01069,26,26,11,1,2023-07-31
30,H01066,H01056,26,26,8,0,2023-07-31
30,H01067,H00295,26,6,8,0,2023-07-31
30,H01080,H01104,27,27,19,1,2023-07-31
30,H01083,H01103,27,27,7,1,2023-07-31
30,H01087,H01094,27,27,10,1,2023-07-31
30,H01111,H00947,27,22,4,1,2023-07-31
31,H00001,H00006,0,0,4,0,2023-08-07
31,H00003,H00102,0,2,17,0,2023-08-07
31,H00006,H00465,0,11,16,0,2023-08-07
31,H00008,H00458,0,11,11,1,2023-08-07
31,H00016,H00036,0,0,8,0,2023-08-07
31,H00018,H00027,0,0,23,1,2023-08-07
31,H00029,H00032,0,0,24,1,2023-08-07
31,H00030,H00137,0,2,19,1,2023-08-07
31,H00034,H00015,0,0,18,1,2023-08-07
31,H00049,H00089,1,1,13,0,2023-08-07
31,H00054,H00680,1,15,23,0,2023-08-07
31,H00092,H00058,1,1,13,0,2023-08-07
31,H00101,H00740,2,16,12,0,2023-08-07
31,H00103,H00338,2,8,24,0,2023-08-07
31,H00106,H00107,2,2,24,1,2023-08-07
31,H00124,H00106,2,2,13,1,2023-08-07
31,H00129,H00531,2,12,18,1,2023-08-07
31,H00130,H00101,2,2,24,1,2023-08-07
31,H00132,H00325,2,7,15,1,2023-08-07
31,H00134,H00134,2,2,24,0,2023-08-07
31,H00148,H00177,3,3,2,1,2023-08-07
31,H00167,H00182,3,3,14,1,2023-08-07
31,H00190,H00203,4,4,20,1,2023-08-07
31,H00205,H00196,4,4,4,1,2023-08-07
31,H00208,H00213,4,4,5,0,2023-08-07
31,H00210,H00216,4,4,7,1,2023-08-07
31,H00212,H00253,4,5,12,0,2023-08-07
31,H00285,H00324,6,7,17,0,2023-08-07
31,H00301,H00287,6,6,6,0,2023-08-07
31,H00310,H00336,7,7,3,1,2023-08-07
31,H00315,H00743,7,16,21,1,2023-08-07
31,H00320,H00855,7,19,12,0,2023-08-07
31,H00347,H00355,8,8,12,1,2023-08-07
31,H00350,H00298,8,6,3,1,2023-08-07
31,H00369,H00372,8,8,16,0,2023-08-07
31,H00378,H00383,9,9,13,1,2023-08-07
31,H00382,H00315,9,7,4,0,2023-08-07
31,H00387,H00250,9,5,17,0,2023-08-07
31,H00391,H00375,9,9,12,0,2023-08-07
31,H00440,H00932,10,22,7,0,2023-08-07
31,H00442,H00451,11,11,16,1,2023-08-07
31,H00443,H00356,11,8,3,1,2023-08-07
31,H00470,H00457,11,11,5,1,2023-08-07
31,H00476,H00481,11,11,17,0,2023-08-07
31,H00478,H00483,11,11,6,0,2023-08-07
31,H00498,H00532,12,12,19,0,2023-08-07
31,H00530,H00534,12,12,22,0,2023-08-07
31,H00542,H00560,13,13,13,0,2023-08-07
31,H00543,H00546,13,13,11,0,2023-08-07
31,H00549,H00587,13,13,22,0,2023-08-07
31,H00574,H00695,13,15,2,1,2023-08-07
31,H00587,H00665,13,15,13,1,2023-08-07
31,H00589,H00547,13,13,4,1,2023-08-07
31,H00593,H00597,13,13,7,1,2023-08-07
31,H00602,H00574,13,13,4,1,2023-08-07
31,H00606,H00610,14,14,6,0,2023-08-07
31,H00607,H00638,14,14,2,0,2023-08-07
31,H00627,H00087,14,1,6,0,2023-08-07
31,H00635,H00633,14,14,5,0,2023-08-07
31,H00652,H00101,14,2,10,0,2023-08-07
31,H00657,H00661,14,14,16,0,2023-08-07
31,H00668,H00694,15,15,19,0,2023-08-07
31,H00688,H00442,15,11,17,1,2023-08-07
31,H00710,H00844,16,19,17,1,2023-08-07
31,H00716,H00843,16,19,9,0,2023-08-07
31,H00722,H00735,16,16,9,1,2023-08-07
31,H00725,H00731,16,16,5,1,2023-08-07
31,H00730,H01010,16,24,14,0,2023-08-07
31,H00777,H00331,17,7,17,0,2023-08-07
31,H00825,H00813,18,18,18,0,2023-08-07
31,H00829,H00481,18,11,20,1,2023-08-07
31,H00836,H00840,18,18,2,0,2023-08-07
31,H00841,H00836,18,18,9,1,2023-08-07
31,H00860,H00856,19,19,7,0,2023-08-07
31,H00868,H00942,19,22,5,1,2023-08-07
31,H00875,H00881,20,20,9,1,2023-08-07
31,H00881,H00962,20,22,12,1,2023-08-07
31,H00896,H00850,21,19,23,1,2023-08-07
31,H00901,H00513,21,12,14,1,2023-08-07
31,H00913,H00882,21,20,21,1,2023-08-07
31,H00940,H01011,22,24,16,1,2023-08-07
31,H00942,H00948,22,22,3,1,2023-08-07
31,H00948,H00948,22,22,24,1,2023-08-07
31,H00978,H01037,23,25,19,0,2023-08-07
31,H00999,H00997,24,24,7,1,2023-08-07
31,H01035,H01010,25,24,24,1,2023-08-07
31,H01037,H01026,25,25,14,1,2023-08-07
31,H01042,H01053,25,25,14,0,2023-08-07
31,H01053,H01029,25,25,10,1,2023-08-07
31,H01070,H01067,26,26,18,1,2023-08-07
31,H01078,H01110,27,27,24,1,2023-08-07
32,H00002,H00024,0,0,19,0,2023-08-14
32,H00004,H00030,0,0,11,1,2023-08-14
32,H00006,H00610,0,14,18,1,2023-08-14
32,H00008,H00004,0,0,3,1,2023-08-14
32,H00011,H00300,0,6,23,0,2023-08-14
32,H00016,H00332,0,7,6,0,2023-08-14
32,H00018,H00003,0,0,24,1,2023-08-14
32,H00033,H00036,0,0,24,0,2023-08-14
32,H00035,H00930,0,22,2,0,2023-08-14
32,H00044,H00322,1,7,11,1,2023-08-14
32,H00054,H00831,1,18,4,1,2023-08-14
32,H00083,H00040,1,1,2,0,2023-08-14
32,H00086,H00054,1,1,21,0,2023-08-14
32,H00103,H00005,2,0,14,1,2023-08-14
32,H00121,H00114,2,2,22,1,2023-08-14
32,H00122,H00129,2,2,4,0,2023-08-14
32,H00126,H00032,2,0,4,1,2023-08-14
32,H00127,H00117,2,2,4,1,2023-08-14
32,H00134,H00111,2,2,18,0,2023-08-14
32,H00166,H00263,3,5,11,0,2023-08-14
32,H00168,H00249,3,5,4,1,2023-08-14
32,H00170,H00158,3,3,12,0,2023-08-14
32,H00171,H00185,3,3,12,1,2023-08-14
32,H00172,H00297,3,6,22,0,2023-08-14
32,H00173,H00301,3,6,14,1,2023-08-14
32,H00175,H00006,3,0,6,0,2023-08-14
32,H00179,H00059,3,1,17,1,2023-08-14
32,H00180,H00149,3,3,5,0,2023-08-14
32,H00199,H00239,4,5,16,1,2023-08-14
32,H00206,H00194,4,4,18,1,2023-08-14
32,H00208,H00201,4,4,2,1,2023-08-14
32,H00210,H00196,4,4,20,1,2023-08-14
32,H00231,H00230,4,4,18,1,2023-08-14
32,H00242,H00341,5,8,22,1,2023-08-14
32,H00260,H00037,5,0,5,0,2023-08-14
32,H00283,H00294,6,6,10,1,2023-08-14
32,H00287,H00290,6,6,2,0,2023-08-14
32,H00290,H00280,6,6,7,1,2023-08-14
32,H00292,H00106,6,2,10,1,2023-08-14
32,H00304,H00300,6,6,16,0,2023-08-14
32,H00305,H00026,6,0,22,0,2023-08-14
32,H00308,H00284,6,6,4,0,2023-08-14
32,H00309,H00323,7,7,22,1,2023-08-14
32,H00314,H00335,7,7,23,1,2023-08-14
32,H00353,H00337,8,8,12,0,2023-08-14
32,H00374,H00300,8,6,7,0,2023-08-14
32,H00401,H00387,9,9,16,1,2023-08-14
32,H00406,H00412,10,10,18,1,2023-08-14
32,H00417,H00317,10,7,18,1,2023-08-14
32,H00420,H00379,10,9,2,0,2023-08-14
32,H00428,H00518,10,12,2,1,2023-08-14
32,H00435,H00414,10,10,19,0,2023-08-14
32,H00470,H00461,11,11,15,1,2023-08-14
32,H00476,H00354,11,8,15,0,2023-08-14
32,H00541,H00522,12,12,8,1,2023-08-14
32,H00567,H00505,13,12,23,1,2023-08-14
32,H00574,H00551,13,13,13,0,2023-08-14
32,H00575,H00025,13,0,3,1,2023-08-14
32,H00590,H00571,13,13,11,1,2023-08-14
32,H00615,H00629,14,14,10,1,2023-08-14
32,H00622,H00650,14,14,5,1,2023-08-14
32,H00623,H00604,14,14,6,1,2023-08-14
32,H00625,H00625,14,14,16,0,2023-08-14
32,H00692,H00670,15,15,18,1,2023-08-14
32,H00694,H00667,15,15,4,1,2023-08-14
32,H00715,H00727,16,16,19,0,2023-08-14
32,H00719,H00723,16,16,17,0,2023-08-14
32,H00730,H00732,16,16,8,1,2023-08-14
32,H00735,H00749,16,16,5,0,2023-08-14
32,H00749,H00721,16,16,17,0,2023-08-14
32,H00751,H00300,17,6,20,0,2023-08-14
32,H00766,H00760,17,17,14,0,2023-08-14
32,H00798,H00790,17,17,9,0,2023-08-14
32,H00805,H00765,18,17,21,1,2023-08-14
32,H00811,H00464,18,11,7,1,2023-08-14
32,H00813,H00747,18,16,19,1,2023-08-14
32,H00824,H00940,18,22,8,1,2023-08-14
32,H00828,H00864,18,19,21,1,2023-08-14
32,H00841,H00843,18,19,15,0,2023-08-14
32,H00843,H00855,19,19,5,1,2023-08-14
32,H00851,H00849,19,19,24,1,2023-08-14
32,H00855,H00744,19,16,12,1,2023-08-14
32,H00872,H00883,20,20,11,0,2023-08-14
32,H00897,H01077,21,27,13,1,2023-08-14
32,H00908,H00911,21,21,3,1,2023-08-14
32,H00918,H00896,21,21,17,0,2023-08-14
32,H00922,H00871,21,20,16,0,2023-08-14
32,H00927,H00950,21,22,4,0,2023-08-14
32,H00936,H00941,22,22,2,0,2023-08-14
32,H00938,H00960,22,22,14,0,2023-08-14
32,H00979,H00887,23,20,8,0,2023-08-14
32,H00987,H00987,23,23,6,1,2023-08-14
32,H01014,H01009,24,24,16,0,2023-08-14
32,H01028,H01030,25,25,18,1,2023-08-14
32,H01047,H00327,25,7,3,1,2023-08-14
32,H01055,H00876,26,20,8,0,2023-08-14
32,H01067,H01058,26,26,5,1,2023-08-14
32,H01094,H00994,27,24,18,0,2023-08-14
33,H00029,H00016,0,0,4,0,2023-08-21
33,H00035,H00032,0,0,13,1,2023-08-21
33,H00038,H01019,0,24,4,1,2023-08-21
33,H00045,H00052,1,1,6,1,2023-08-21
33,H00047,H00071,1,1,2,0,2023-08-21
33,H00073,H00054,1,1,24,0,2023-08-21
33,H00084,H00931,1,22,21,1,2023-08-21
33,H00133,H00121,2,2,23,0,2023-08-21
33,H00134,H00138,2,2,5,0,2023-08-21
33,H00145,H00720,3,16,20,1,2023-08-21
33,H00155,H00060,3,1,4,1,2023-08-21
33,H00172,H00159,3,3,17,1,2023-08-21
33,H00193,H00199,4,4,22,1,2023-08-21
33,H00215,H00206,4,4,5,0,2023-08-21
33,H00257,H00021,5,0,14,1,2023-08-21
33,H00276,H00136,6,2,11,0,2023-08-21
33,H00288,H00291,6,6,10,1,2023-08-21
33,H00310,H00324,7,7,11,0,2023-08-21
33,H00334,H00327,7,7,10,1,2023-08-21
33,H00336,H00311,7,7,18,0,2023-08-21
33,H00346,H00354,8,8,13,1,2023-08-21
33,H00382,H00059,9,1,11,1,2023-08-21
33,H00402,H00405,9,9,14,0,2023-08-21
33,H00413,H00424,10,10,7,1,2023-08-21
33,H00417,H00412,10,10,6,0,2023-08-21
33,H00426,H00626,10,14,3,1,2023-08-21
33,H00437,H00424,10,10,3,1,2023-08-21
33,H00440,H00713,10,16,3,0,2023-08-21
33,H00441,H00440,10,10,17,1,2023-08-21
33,H00444,H00471,11,11,21,1,2023-08-21
33,H00448,H00475,11,11,5,0,2023-08-21
33,H00455,H00103,11,2,16,1,2023-08-21
33,H00458,H00112,11,2,21,0,2023-08-21
33,H00480,H00317,11,7,8,0,2023-08-21
33,H00510,H00539,12,12,8,1,2023-08-21
33,H00532,H00532,12,12,21,0,2023-08-21
33,H00550,H00589,13,13,3,0,2023-08-21
33,H00562,H00694,13,15,17,1,2023-08-21
33,H00574,H00547,13,13,15,1,2023-08-21
33,H00577,H00455,13,11,23,1,2023-08-21
33,H00590,H00118,13,2,13,1,2023-08-21
33,H00604,H00626,14,14,7,0,2023-08-21
33,H00611,H00547,14,13,11,1,2023-08-21
33,H00617,H00641,14,14,3,1,2023-08-21
33,H00628,H00645,14,14,6,1,2023-08-21
33,H00656,H00621,14,14,17,1,2023-08-21
33,H00657,H00632,14,14,24,0,2023-08-21
33,H00675,H00494,15,12,9,0,2023-08-21
33,H00679,H00718,15,16,8,1,2023-08-21
33,H00682,H00670,15,15,18,1,2023-08-21
33,H00696,H00859,15,19,15,0,2023-08-21
33,H00705,H00687,15,15,4,1,2023-08-21
33,H00710,H00748,16,16,11,1,2023-08-21
33,H00716,H00023,16,0,24,1,2023-08-21
33,H00741,H00743,16,16,4,1,2023-08-21
33,H00757,H00792,17,17,8,0,2023-08-21
33,H00767,H00791,17,17,4,0,2023-08-21
33,H00769,H00757,17,17,10,0,2023-08-21
33,H00775,H00773,17,17,21,1,2023-08-21
33,H00778,H00754,17,17,11,1,2023-08-21
33,H00804,H00841,18,18,14,1,2023-08-21
33,H00820,H00830,18,18,13,1,2023-08-21
33,H00836,H00330,18,7,2,0,2023-08-21
33,H00838,H00810,18,18,11,1,2023-08-21
33,H00876,H00741,20,16,7,1,2023-08-21
33,H00913,H00902,21,21,22,0,2023-08-21
33,H00915,H00919,21,21,9,1,2023-08-21
33,H00918,H00491,21,11,23,1,2023-08-21
33,H00925,H00938,21,22,16,0,2023-08-21
33,H00943,H00953,22,22,16,0,2023-08-21
33,H00978,H00939,23,22,14,0,2023-08-21
33,H00992,H01027,23,25,22,0,2023-08-21
33,H01000,H00997,24,24,3,0,2023-08-21
33,H01011,H01077,24,27,11,0,2023-08-21
33,H01021,H00942,24,22,14,1,2023-08-21
33,H01030,H01037,25,25,7,1,2023-08-21
33,H01054,H01022,25,25,23,0,2023-08-21
33,H01064,H00316,26,7,5,1,2023-08-21
33,H01092,H01109,27,27,10,1,2023-08-21
33,H01098,H01103,27,27,17,1,2023-08-21
33,H01107,H01081,27,27,2,1,2023-08-21
33,H01110,H01070,27,26,4,1,2023-08-21
34,H00000,H00014,0,0,12,1,2023-08-28
34,H00004,H00033,0,0,2,1,2023-08-28
34,H00005,H01070,0,26,20,1,2023-08-28
34,H00031,H00643,0,14,24,1,2023-08-28
34,H00035,H00664,0,15,18,0,2023-08-28
34,H00051,H00039,1,1,14,1,2023-08-28
34,H00063,H00064,1,1,10,1,2023-08-28
34,H00068,H00053,1,1,2,0,2023-08-28
34,H00087,H00071,1,1,6,1,2023-08-28
34,H00094,H00382,1,9,17,0,2023-08-28
34,H00097,H00054,1,1,13,0,2023-08-28
34,H00132,H00619,2,14,8,0,2023-08-28
34,H00178,H00173,3,3,23,0,2023-08-28
34,H00181,H00027,3,0,10,1,2023-08-28
34,H00187,H00203,4,4,19,0,2023-08-28
34,H00209,H00216,4,4,20,0,2023-08-28
34,H00221,H00201,4,4,5,1,2023-08-28
34,H00232,H00692,5,15,16,1,2023-08-28
34,H00247,H00630,5,14,19,0,2023-08-28
34,H00266,H00238,5,5,5,0,2023-08-28
34,H00267,H00121,5,2,13,0,2023-08-28
34,H00286,H00291,6,6,10,0,2023-08-28
34,H00293,H00135,6,2,14,1,2023-08-28
34,H00309,H00291,7,6,17,1,2023-08-28
34,H00312,H00328,7,7,10,0,2023-08-28
34,H00313,H00322,7,7,9,1,2023-08-28
34,H00324,H00328,7,7,13,1,2023-08-28
34,H00349,H00697,8,15,22,1,2023-08-28
34,H00356,H00009,8,0,16,0,2023-08-28
34,H00363,H00346,8,8,18,1,2023-08-28
34,H00386,H00392,9,9,21,1,2023-08-28
34,H00405,H00293,9,6,13,0,2023-08-28
34,H00425,H00317,10,7,20,1,2023-08-28
34,H00442,H00472,11,11,18,1,2023-08-28
34,H00446,H00247,11,5,24,1,2023-08-28
34,H00447,H00471,11,11,2,1,2023-08-28
34,H00454,H00479,11,11,7,1,2023-08-28
34,H00465,H00463,11,11,17,0,2023-08-28
34,H00494,H00540,12,12,4,0,2023-08-28
34,H00512,H00788,12,17,15,1,2023-08-28
34,H00533,H00491,12,11,23,0,2023-08-28
34,H00563,H00542,13,13,20,0,2023-08-28
34,H00597,H00545,13,13,11,1,2023-08-28
34,H00599,H00008,13,0,12,1,2023-08-28
34,H00602,H00587,13,13,18,0,2023-08-28
34,H00610,H00623,14,14,5,0,2023-08-28
34,H00619,H00626,14,14,9,0,2023-08-28
34,H00621,H00643,14,14,15,1,2023-08-28
34,H00625,H00649,14,14,2,0,2023-08-28
34,H00628,H00627,14,14,18,1,2023-08-28
34,H00644,H00639,14,14,2,0,2023-08-28
34,H00647,H00679,14,15,11,0,2023-08-28
34,H00653,H00646,14,14,8,1,2023-08-28
34,H00659,H00344,14,8,9,1,2023-08-28
34,H00660,H00705,14,15,14,0,2023-08-28
34,H00675,H00667,15,15,9,1,2023-08-28
34,H00676,H00699,15,15,24,0,2023-08-28
34,H00680,H00697,15,15,17,1,2023-08-28
34,H00681,H00704,15,15,15,1,2023-08-28
34,H00701,H00022,15,0,13,0,2023-08-28
34,H00706,H00706,15,15,21,1,2023-08-28
34,H00710,H00731,16,16,2,0,2023-08-28
34,H00712,H00743,16,16,20,1,2023-08-28
34,H00715,H00721,16,16,9,0,2023-08-28
34,H00719,H00764,16,17,24,1,2023-08-28
34,H00724,H00710,16,16,7,1,2023-08-28
34,H00736,H00719,16,16,6,1,2023-08-28
34,H00760,H00767,17,17,11,1,2023-08-28
34,H00764,H00764,17,17,12,0,2023-08-28
34,H00774,H00790,17,17,6,1,2023-08-28
34,H00784,H00067,17,1,4,1,2023-08-28
34,H00790,H00754,17,17,20,0,2023-08-28
34,H00791,H00738,17,16,2,1,2023-08-28
34,H00795,H00795,17,17,8,0,2023-08-28
34,H00817,H00832,18,18,4,1,2023-08-28
34,H00819,H00826,18,18,24,0,2023-08-28
34,H00821,H00942,18,22,8,1,2023-08-28
34,H00841,H00835,18,18,23,1,2023-08-28
34,H00872,H00897,20,21,15,1,2023-08-28
34,H00890,H00895,20,20,7,1,2023-08-28
34,H00900,H01076,21,26,11,1,2023-08-28
34,H00915,H00741,21,16,21,1,2023-08-28
34,H00921,H00920,21,21,4,0,2023-08-28
34,H00928,H00946,22,22,19,1,2023-08-28
34,H00936,H00942,22,22,21,0,2023-08-28
34,H00937,H00962,22,22,4,1,2023-08-28
34,H00953,H00931,22,22,15,1,2023-08-28
34,H00959,H01094,22,27,4,1,2023-08-28
34,H00960,H00949,22,22,22,1,2023-08-28
34,H00964,H00289,22,6,20,0,2023-08-28
34,H00969,H00976,23,23,3,0,2023-08-28
34,H00974,H00976,23,23,13,1,2023-08-28
34,H00979,H00960,23,22,22,0,2023-08-28
34,H01009,H00963,24,22,13,1,2023-08-28
34,H01026,H00999,25,24,20,0,2023-08-28
34,H01030,H01044,25,25,24,1,2023-08-28
34,H01032,H00293,25,6,20,0,2023-08-28
34,H01045,H00174,25,3,10,0,2023-08-28
34,H01046,H01032,25,25,23,1,2023-08-28
34,H01049,H00561,25,13,3,1,2023-08-28
34,H01052,H01070,25,26,23,0,2023-08-28
34,H01062,H00735,26,16,24,0,2023-08-28
34,H01073,H01061,26,26,16,0,2023-08-28
34,H01083,H00943,27,22,13,1,2023-08-28
34,H01093,H01056,27,26,19,0,2023-08-28
34,H01095,H01110,27,27,14,0,2023-08-28
35,H00000,H00009,0,0,9,1,2023-09-04
35,H00044,H00093,1,1,5,1,2023-09-04
35,H00047,H00102,1,2,8,0,2023-09-04
35,H00066,H00140,1,2,24,0,2023-09-04
35,H00092,H00070,1,1,22,1,2023-09-04
35,H00097,H00008,1,0,20,0,2023-09-04
35,H00101,H00109,2,2,19,1,2023-09-04
35,H00117,H00101,2,2,24,1,2023-09-04
35,H00118,H00676,2,15,13,1,2023-09-04
35,H00129,H00141,2,2,19,0,2023-09-04
35,H00133,H00131,2,2,17,1,2023-09-04
35,H00140,H00110,2,2,10,0,2023-09-04
35,H00148,H00180,3,3,22,1,2023-09-04
35,H00162,H00150,3,3,16,1,2023-09-04
35,H00173,H00104,3,2,14,1,2023-09-04
35,H00180,H00159,3,3,18,1,2023-09-04
35,H00184,H00062,3,1,16,1,2023-09-04
35,H00212,H00563,4,13,4,0,2023-09-04
35,H00216,H00224,4,4,19,1,2023-09-04
35,H00222,H00189,4,4,8,1,2023-09-04
35,H00223,H00216,4,4,5,0,2023-09-04
35,H00225,H00212,4,4,24,1,2023-09-04
35,H00242,H00284,5,6,21,1,2023-09-04
35,H00243,H00460,5,11,9,1,2023-09-04
35,H00244,H00004,5,0,16,0,2023-09-04
35,H00251,H00260,5,5,9,0,2023-09-04
35,H00253,H00166,5,3,22,1,2023-09-04
35,H00276,H00289,6,6,11,0,2023-09-04
35,H00281,H00315,6,7,19,0,2023-09-04
35,H00302,H00286,6,6,5,1,2023-09-04
35,H00311,H00440,7,10,2,0,2023-09-04
35,H00318,H00125,7,2,24,1,2023-09-04
35,H00321,H00331,7,7,23,1,2023-09-04
35,H00324,H00336,7,7,12,0,2023-09-04
35,H00329,H00335,7,7,2,0,2023-09-04
35,H00334,H00314,7,7,15,1,2023-09-04
35,H00337,H00357,8,8,20,1,2023-09-04
35,H00347,H00362,8,8,7,0,2023-09-04
35,H00377,H00103,9,2,11,1,2023-09-04
35,H00408,H00667,10,15,24,1,2023-09-04
35,H00422,H00387,10,9,8,1,2023-09-04
35,H00436,H00159,10,3,23,1,2023-09-04
35,H00454,H00464,11,11,15,1,2023-09-04
35,H00465,H00486,11,11,9,1,2023-09-04
35,H00468,H00467,11,11,7,1,2023-09-04
35,H00482,H00101,11,2,21,1,2023-09-04
35,H00485,H00740,11,16,23,0,2023-09-04
35,H00491,H00753,11,17,14,0,2023-09-04
35,H00500,H00502,12,12,7,0,2023-09-04
35,H00545,H00552,13,13,19,1,2023-09-04
35,H00552,H00551,13,13,18,1,2023-09-04
35,H00596,H00662,13,15,2,1,2023-09-04
35,H00601,H00675,13,15,11,1,2023-09-04
35,H00614,H00654,14,14,19,1,2023-09-04
35,H00639,H00656,14,14,6,0,2023-09-04
35,H00645,H00734,14,16,14,0,2023-09-04
35,H00647,H00609,14,14,16,1,2023-09-04
35,H00669,H00673,15,15,16,1,2023-09-04
35,H00690,H00662,15,15,8,0,2023-09-04
35,H00691,H00664,15,15,16,0,2023-09-04
35,H00707,H00703,15,15,21,0,2023-09-04
35,H00710,H00002,16,0,19,1,2023-09-04
35,H00712,H00727,16,16,23,0,2023-09-04
35,H00715,H00749,16,16,5,1,2023-09-04
35,H00719,H00715,16,16,5,1,2023-09-04
35,H00729,H00719,16,16,23,1,2023-09-04
35,H00746,H00745,16,16,6,0,2023-09-04
35,H00747,H00727,16,16,17,1,2023-09-04
35,H00749,H00727,16,16,13,0,2023-09-04
35,H00767,H00527,17,12,7,0,2023-09-04
35,H00770,H00751,17,17,11,1,2023-09-04
35,H00778,H00781,17,17,17,0,2023-09-04
35,H00798,H01060,17,26,8,1,2023-09-04
35,H00800,H00780,17,17,15,0,2023-09-04
35,H00848,H00854,19,19,3,1,2023-09-04
35,H00849,H00726,19,16,19,1,2023-09-04
35,H00853,H00722,19,16,6,1,2023-09-04
35,H00866,H00860,19,19,13,1,2023-09-04
35,H00868,H00845,19,19,19,1,2023-09-04
35,H00869,H00870,19,19,23,1,2023-09-04
35,H00880,H00881,20,20,4,1,2023-09-04
35,H00883,H00880,20,20,5,1,2023-09-04
35,H00927,H00926,21,21,13,0,2023-09-04
35,H00939,H00461,22,11,23,1,2023-09-04
35,H00953,H00955,22,22,2,1,2023-09-04
35,H00956,H00932,22,22,9,1,2023-09-04
35,H00968,H00970,23,23,21,1,2023-09-04
35,H00970,H00992,23,23,6,0,2023-09-04
35,H00976,H00989,23,23,9,1,2023-09-04
35,H00982,H00967,23,23,15,0,2023-09-04
35,H00984,H00978,23,23,22,1,2023-09-04
35,H00989,H00989,23,23,6,1,2023-09-04
35,H01001,H00106,24,2,19,1,2023-09-04
35,H01013,H00744,24,16,19,1,2023-09-04
35,H01030,H01024,25,25,6,1,2023-09-04
35,H01044,H01049,25,25,15,0,2023-09-04
35,H01046,H01035,25,25,21,0,2023-09-04
35,H01060,H01057,26,26,9,0,2023-09-04
35,H01068,H01060,26,26,15,0,2023-09-04
35,H01074,H01058,26,26,11,0,2023-09-04
35,H01075,H00897,26,21,3,1,2023-09-04
35,H01081,H01097,27,27,18,1,2023-09-04
35,H01095,H01059,27,26,8,1,2023-09-04
36,H00015,H00688,0,15,15,1,2023-09-11
36,H00020,H00001,0,0,13,1,2023-09-11
36,H00031,H00029,0,0,24,1,2023-09-11
36,H00035,H00196,0,4,4,1,2023-09-11
36,H00045,H00065,1,1,21,1,2023-09-11
36,H00054,H00047,1,1,14,0,2023-09-11
36,H00060,H00226,1,4,18,0,2023-09-11
36,H00062,H00071,1,1,14,1,2023-09-11
36,H00080,H00070,1,1,7,1,2023-09-11
36,H00081,H00083,1,1,14,1,2023-09-11
36,H00085,H00093,1,1,19,1,2023-09-11
36,H00090,H00627,1,14,18,1,2023-09-11
36,H00106,H00444,2,11,17,1,2023-09-11
36,H00108,H00471,2,11,21,1,2023-09-11
36,H00123,H00349,2,8,20,1,2023-09-11
36,H00160,H00156,3,3,4,0,2023-09-11
36,H00161,H00181,3,3,24,0,2023-09-11
36,H00166,H00476,3,11,5,1,2023-09-11
36,H00186,H00238,3,5,13,0,2023-09-11
36,H00189,H00205,4,4,21,0,2023-09-11
36,H00198,H00198,4,4,9,0,2023-09-11
36,H00209,H00199,4,4,17,1,2023-09-11
36,H00262,H00286,5,6,20,1,2023-09-11
36,H00264,H00264,5,5,15,0,2023-09-11
36,H00270,H00254,5,5,7,0,2023-09-11
36,H00277,H00747,6,16,21,1,2023-09-11
36,H00284,H00310,6,7,12,0,2023-09-11
36,H00287,H00304,6,6,8,0,2023-09-11
36,H00317,H00311,7,7,8,0,2023-09-11
36,H00319,H00336,7,7,2,0,2023-09-11
36,H00336,H00868,7,19,4,0,2023-09-11
36,H00360,H00692,8,15,2,1,2023-09-11
36,H00366,H00878,8,20,16,1,2023-09-11
36,H00368,H00362,8,8,10,1,2023-09-11
36,H00369,H00371,8,8,3,0,2023-09-11
36,H00388,H00396,9,9,10,1,2023-09-11
36,H00413,H00294,10,6,6,0,2023-09-11
36,H00417,H00464,10,11,14,0,2023-09-11
36,H00421,H00340,10,8,14,1,2023-09-11
36,H00422,H00436,10,10,5,1,2023-09-11
36,H00436,H00296,10,6,12,1,2023-09-11
36,H00446,H00477,11,11,16,0,2023-09-11
36,H00470,H00473,11,11,10,1,2023-09-11
36,H00474,H00498,11,12,15,1,2023-09-11
36,H00528,H00496,12,12,4,0,2023-09-11
36,H00539,H00537,12,12,9,1,2023-09-11
36,H00545,H00566,13,13,14,0,2023-09-11
36,H00547,H00128,13,2,18,1,2023-09-11
36,H00553,H00687,13,15,10,1,2023-09-11
36,H00558,H00697,13,15,16,1,2023-09-11
36,H00574,H00028,13,0,8,0,2023-09-11
36,H00592,H00530,13,12,21,1,2023-09-11
36,H00597,H00133,13,2,5,0,2023-09-11
36,H00614,H00690,14,15,23,1,2023-09-11
36,H00637,H00613,14,14,2,1,2023-09-11
36,H00642,H00624,14,14,7,0,2023-09-11
36,H00692,H00636,15,14,4,0,2023-09-11
36,H00703,H00672,15,15,18,0,2023-09-11
36,H00705,H00667,15,15,6,0,2023-09-11
36,H00706,H00699,15,15,19,1,2023-09-11
36,H00708,H00662,15,15,2,0,2023-09-11
36,H00718,H00711,16,16,19,0,2023-09-11
36,H00728,H00739,16,16,19,0,2023-09-11
36,H00743,H00743,16,16,20,0,2023-09-11
36,H00760,H00511,17,12,6,1,2023-09-11
36,H00766,H00753,17,17,22,1,2023-09-11
36,H00774,H00792,17,17,8,1,2023-09-11
36,H00777,H00477,17,11,24,0,2023-09-11
36,H00810,H00812,18,18,17,0,2023-09-11
36,H00817,H00818,18,18,20,1,2023-09-11
36,H00818,H00866,18,19,14,1,2023-09-11
36,H00830,H00817,18,18,23,1,2023-09-11
36,H00833,H00038,18,0,18,1,2023-09-11
36,H00855,H00863,19,19,5,1,2023-09-11
36,H00859,H00855,19,19,12,0,2023-09-11
36,H00864,H00865,19,19,19,1,2023-09-11
36,H00867,H00144,19,3,20,0,2023-09-11
36,H00879,H01072,20,26,20,0,2023-09-11
36,H00881,H00877,20,20,14,1,2023-09-11
36,H00893,H00872,20,20,21,1,2023-09-11
36,H00904,H00864,21,19,15,0,2023-09-11
36,H00913,H00906,21,21,14,0,2023-09-11
36,H00920,H00912,21,21,20,1,2023-09-11
36,H00997,H00729,24,16,7,1,2023-09-11
36,H01002,H00298,24,6,14,1,2023-09-11
36,H01003,H00977,24,23,14,1,2023-09-11
36,H01006,H01017,24,24,11,0,2023-09-11
36,H01018,H01004,24,24,18,1,2023-09-11
36,H01025,H01024,25,25,5,0,2023-09-11
36,H01033,H00938,25,22,17,0,2023-09-11
36,H01046,H00935,25,22,17,0,2023-09-11
36,H01051,H00962,25,22,10,1,2023-09-11
36,H01054,H01025,25,25,4,1,2023-09-11
36,H01060,H00929,26,22,14,1,2023-09-11
36,H01064,H01067,26,26,24,1,2023-09-11
36,H01067,H00898,26,21,12,1,2023-09-11
36,H01109,H01097,27,27,13,1,2023-09-11
37,H00002,H00132,0,2,4,0,2023-09-18
37,H00036,H00693,0,15,17,0,2023-09-18
37,H00050,H00042,1,1,2,1,2023-09-18
37,H00099,H00138,2,2,12,1,2023-09-18
37,H00101,H00103,2,2,12,0,2023-09-18
37,H00107,H00137,2,2,16,0,2023-09-18
37,H00109,H00007,2,0,17,0,2023-09-18
37,H00120,H00336,2,7,12,0,2023-09-18
37,H00121,H00101,2,2,7,1,2023-09-18
37,H00129,H00008,2,0,2,1,2023-09-18
37,H00134,H00300,2,6,12,0,2023-09-18
37,H00147,H00255,3,5,11,1,2023-09-18
37,H00162,H00186,3,3,17,1,2023-09-18
37,H00173,H00120,3,2,8,0,2023-09-18
37,H00188,H00262,4,5,13,1,2023-09-18
37,H00195,H00227,4,4,12,0,2023-09-18
37,H00204,H00222,4,4,14,1,2023-09-18
37,H00206,H00222,4,4,19,1,2023-09-18
37,H00208,H00208,4,4,17,1,2023-09-18
37,H00214,H00219,4,4,2,0,2023-09-18
37,H00215,H00196,4,4,15,0,2023-09-18
37,H00217,H00227,4,4,16,1,2023-09-18
37,H00219,H00238,4,5,18,0,2023-09-18
37,H00232,H00259,5,5,3,0,2023-09-18
37,H00248,H00821,5,18,16,1,2023-09-18
37,H00309,H00105,7,2,22,1,2023-09-18
37,H00325,H00457,7,11,15,1,2023-09-18
37,H00327,H00141,7,2,24,0,2023-09-18
37,H00353,H00415,8,10,13,0,2023-09-18
37,H00384,H00375,9,9,5,1,2023-09-18
37,H00404,H00382,9,9,19,1,2023-09-18
37,H00406,H00421,10,10,12,0,2023-09-18
37,H00464,H00120,11,2,12,1,2023-09-18
37,H00477,H00492,11,11,3,1,2023-09-18
37,H00489,H00467,11,11,20,1,2023-09-18
37,H00495,H00530,12,12,23,1,2023-09-18
37,H00508,H00279,12,6,2,1,2023-09-18
37,H00516,H00709,12,15,23,1,2023-09-18
37,H00519,H00019,12,0,8,0,2023-09-18
37,H00527,H00508,12,12,19,1,2023-09-18
37,H00533,H00510,12,12,8,0,2023-09-18
37,H00566,H00559,13,13,8,0,2023-09-18
37,H00574,H00594,13,13,17,1,2023-09-18
37,H00585,H00582,13,13,8,1,2023-09-18
37,H00611,H00639,14,14,20,1,2023-09-18
37,H00625,H00758,14,17,15,1,2023-09-18
37,H00630,H00310,14,7,13,0,2023-09-18
37,H00658,H00618,14,14,3,1,2023-09-18
37,H00662,H00708,15,15,22,1,2023-09-18
37,H00698,H00705,15,15,12,1,2023-09-18
37,H00701,H00848,15,19,23,1,2023-09-18
37,H00705,H00674,15,15,22,1,2023-09-18
37,H00709,H00693,15,15,24,1,2023-09-18
37,H00710,H00832,16,18,8,1,2023-09-18
37,H00713,H00745,16,16,23,1,2023-09-18
37,H00719,H00562,16,13,15,0,2023-09-18
37,H00768,H00790,17,17,14,0,2023-09-18
37,H00769,H00780,17,17,5,1,2023-09-18
37,H00771,H00383,17,9,11,0,2023-09-18
37,H00775,H00462,17,11,3,1,2023-09-18
37,H00776,H00315,17,7,13,0,2023-09-18
37,H00800,H00794,17,17,5,0,2023-09-18
37,H00808,H00803,18,18,21,0,2023-09-18
37,H00843,H00861,19,19,24,0,2023-09-18
37,H00849,H00846,19,19,24,0,2023-09-18
37,H00872,H00304,20,6,24,1,2023-09-18
37,H00876,H00872,20,20,12,0,2023-09-18
37,H00881,H00984,20,23,19,1,2023-09-18
37,H00885,H00874,20,20,16,1,2023-09-18
37,H00889,H00889,20,20,20,0,2023-09-18
37,H00890,H01058,20,26,5,0,2023-09-18
37,H00893,H00873,20,20,13,0,2023-09-18
37,H00899,H01076,21,26,19,1,2023-09-18
37,H00913,H01064,21,26,16,0,2023-09-18
37,H00918,H00142,21,2,21,1,2023-09-18
37,H00926,H00900,21,21,6,1,2023-09-18
37,H00929,H00931,22,22,22,0,2023-09-18
37,H00957,H01067,22,26,7,1,2023-09-18
37,H00960,H00955,22,22,12,1,2023-09-18
37,H00969,H00968,23,23,9,1,2023-09-18
37,H00970,H00012,23,0,14,0,2023-09-18
37,H00975,H00714,23,16,14,0,2023-09-18
37,H00995,H00995,24,24,4,1,2023-09-18
37,H01011,H01021,24,24,3,1,2023-09-18
37,H01017,H00997,24,24,18,0,2023-09-18
37,H01031,H01025,25,25,8,0,2023-09-18
37,H01033,H00950,25,22,11,0,2023-09-18
37,H01037,H01030,25,25,8,1,2023-09-18
37,H01042,H00964,25,22,24,0,2023-09-18
37,H01062,H01068,26,26,24,0,2023-09-18
37,H01095,H00791,27,17,9,1,2023-09-18
37,H01096,H01105,27,27,12,1,2023-09-18
37,H01101,H01110,27,27,11,0,2023-09-18
38,H00002,H00246,0,5,17,1,2023-09-25
38,H00010,H00030,0,0,18,1,2023-09-25
38,H00027,H00024,0,0,16,1,2023-09-25
38,H00050,H00330,1,7,16,0,2023-09-25
38,H00056,H00473,1,11,6,0,2023-09-25
38,H00061,H00064,1,1,6,0,2023-09-25
38,H00068,H00067,1,1,21,1,2023-09-25
38,H00085,H00466,1,11,19,0,2023-09-25
38,H00088,H00092,1,1,10,0,2023-09-25
38,H00097,H00088,1,1,18,1,2023-09-25
38,H00108,H00141,2,2,15,0,2023-09-25
38,H00112,H00129,2,2,4,1,2023-09-25
38,H00115,H00120,2,2,23,1,2023-09-25
38,H00124,H00135,2,2,17,1,2023-09-25
38,H00132,H00100,2,2,20,0,2023-09-25
38,H00141,H00137,2,2,17,0,2023-09-25
38,H00156,H00156,3,3,20,1,2023-09-25
38,H00157,H00157,3,3,20,1,2023-09-25
38,H00161,H00447,3,11,3,0,2023-09-25
38,H00177,H00000,3,0,5,1,2023-09-25
38,H00179,H00145,3,3,9,1,2023-09-25
38,H00221,H00180,4,3,22,1,2023-09-25
38,H00223,H00214,4,4,13,1,2023-09-25
38,H00237,H00264,5,5,12,0,2023-09-25
38,H00270,H00001,5,0,9,1,2023-09-25
38,H00272,H00200,5,4,10,1,2023-09-25
38,H00285,H00298,6,6,19,1,2023-09-25
38,H00305,H00461,6,11,2,1,2023-09-25
38,H00309,H00140,7,2,8,1,2023-09-25
38,H00319,H00336,7,7,10,1,2023-09-25
38,H00326,H00430,7,10,7,1,2023-09-25
38,H00338,H00360,8,8,20,1,2023-09-25
38,H00347,H00312,8,7,8,0,2023-09-25
38,H00351,H00088,8,1,22,0,2023-09-25
38,H00364,H00343,8,8,22,1,2023-09-25
38,H00372,H00320,8,7,12,0,2023-09-25
38,H00374,H00277,8,6,24,0,2023-09-25
38,H00375,H00389,9,9,13,1,2023-09-25
38,H00376,H00295,9,6,2,0,2023-09-25
38,H00382,H00722,9,16,21,1,2023-09-25
38,H00404,H00020,9,0,12,0,2023-09-25
38,H00406,H00408,10,10,22,1,2023-09-25
38,H00416,H00419,10,10,16,0,2023-09-25
38,H00420,H00141,10,2,7,0,2023-09-25
38,H00424,H00407,10,10,8,0,2023-09-25
38,H00432,H00420,10,10,16,1,2023-09-25
38,H00481,H00481,11,11,6,0,2023-09-25
38,H00499,H00521,12,12,6,0,2023-09-25
38,H00521,H00539,12,12,3,1,2023-09-25
38,H00526,H00539,12,12,13,0,2023-09-25
38,H00532,H00542,12,13,10,1,2023-09-25
38,H00537,H00504,12,12,17,1,2023-09-25
38,H00562,H00586,13,13,7,0,2023-09-25
38,H00566,H00554,13,13,5,0,2023-09-25
38,H00574,H00254,13,5,7,0,2023-09-25
38,H00586,H00707,13,15,22,1,2023-09-25
38,H00596,H00561,13,13,5,1,2023-09-25
38,H00605,H00627,14,14,22,1,2023-09-25
38,H00623,H00643,14,14,22,1,2023-09-25
38,H00625,H00652,14,14,18,1,2023-09-25
38,H00638,H00690,14,15,14,0,2023-09-25
38,H00666,H00648,15,14,24,0,2023-09-25
38,H00670,H00676,15,15,14,1,2023-09-25
38,H00684,H00673,15,15,21,1,2023-09-25
38,H00686,H00662,15,15,16,0,2023-09-25
38,H00688,H00123,15,2,4,1,2023-09-25
38,H00691,H00677,15,15,11,1,2023-09-25
38,H00696,H00027,15,0,12,0,2023-09-25
38,H00700,H00716,15,16,16,1,2023-09-25
38,H00709,H00610,15,14,10,1,2023-09-25
38,H00723,H00714,16,16,24,0,2023-09-25
38,H00726,H00724,16,16,2,0,2023-09-25
38,H00754,H00797,17,17,12,1,2023-09-25
38,H00766,H00707,17,15,13,1,2023-09-25
38,H00769,H00445,17,11,19,1,2023-09-25
38,H00775,H00444,17,11,21,1,2023-09-25
38,H00813,H00953,18,22,24,1,2023-09-25
38,H00816,H00841,18,18,12,1,2023-09-25
38,H00817,H00725,18,16,5,0,2023-09-25
38,H00821,H00830,18,18,18,0,2023-09-25
38,H00844,H01066,19,26,17,0,2023-09-25
38,H00853,H00839,19,18,9,1,2023-09-25
38,H00865,H00741,19,16,5,1,2023-09-25
38,H00896,H00872,21,20,3,1,2023-09-25
38,H00901,H00910,21,21,14,1,2023-09-25
38,H00912,H00925,21,21,3,1,2023-09-25
38,H00913,H00907,21,21,19,1,2023-09-25
38,H00918,H00910,21,21,14,0,2023-09-25
38,H00940,H00941,22,22,12,0,2023-09-25
38,H00950,H00930,22,22,6,1,2023-09-25
38,H00960,H00938,22,22,13,1,2023-09-25
38,H00969,H01055,23,26,13,0,2023-09-25
38,H00979,H01066,23,26,7,1,2023-09-25
38,H00999,H01006,24,24,15,1,2023-09-25
38,H01009,H01007,24,24,16,1,2023-09-25
38,H01043,H01091,25,27,5,0,2023-09-25
38,H01099,H01111,27,27,7,0,2023-09-25
38,H01107,H01091,27,27,17,1,2023-09-25
39,H00000,H00023,0,0,6,0,2023-10-02
39,H00004,H00007,0,0,12,0,2023-10-02
39,H00011,H00002,0,0,16,1,2023-10-02
39,H00016,H00760,0,17,13,1,2023-10-02
39,H00018,H00614,0,14,7,1,2023-10-02
39,H00022,H00017,0,0,8,1,2023-10-02
39,H00036,H00017,0,0,8,0,2023-10-02
39,H00079,H00297,1,6,12,0,2023-10-02
39,H00084,H00027,1,0,13,1,2023-10-02
39,H00086,H00048,1,1,3,0,2023-10-02
39,H00097,H00100,1,2,3,0,2023-10-02
39,H00103,H00119,2,2,8,1,2023-10-02
39,H00110,H00119,2,2,18,0,2023-10-02
39,H00151,H00157,3,3,16,1,2023-10-02
39,H00154,H00291,3,6,19,0,2023-10-02
39,H00157,H00167,3,3,8,0,2023-10-02
39,H00164,H00143,3,3,10,0,2023-10-02
39,H00206,H00501,4,12,6,1,2023-10-02
39,H00207,H00153,4,3,16,0,2023-10-02
39,H00212,H00191,4,4,8,1,2023-10-02
39,H00223,H00227,4,4,21,0,2023-10-02
39,H00226,H00191,4,4,24,1,2023-10-02
39,H00233,H00246,5,5,3,0,2023-10-02
39,H00238,H00030,5,0,4,1,2023-10-02
39,H00250,H00250,5,5,13,0,2023-10-02
39,H00252,H00271,5,5,21,1,2023-10-02
39,H00272,H00140,5,2,12,1,2023-10-02
39,H00279,H00870,6,19,9,1,2023-10-02
39,H00283,H00364,6,8,2,1,2023-10-02
39,H00286,H00348,6,8,19,0,2023-10-02
39,H00298,H00010,6,0,21,1,2023-10-02
39,H00301,H00299,6,6,13,0,2023-10-02
39,H00304,H00622,6,14,10,0,2023-10-02
39,H00329,H00476,7,11,7,1,2023-10-02
39,H00359,H00357,8,8,18,1,2023-10-02
39,H00370,H00348,8,8,13,1,2023-10-02
39,H00384,H00398,9,9,4,1,2023-10-02
39,H00391,H00025,9,0,13,1,2023-10-02
39,H00409,H00988,10,23,18,0,2023-10-02
39,H00411,H00384,10,9,12,1,2023-10-02
39,H00418,H00421,10,10,15,1,2023-10-02
39,H00436,H00426,10,10,15,1,2023-10-02
39,H00451,H00484,11,11,6,1,2023-10-02
39,H00452,H00512,11,12,13,1,2023-10-02
39,H00494,H00496,12,12,2,0,2023-10-02
39,H00497,H00471,12,11,12,1,2023-10-02
39,H00511,H00676,12,15,2,0,2023-10-02
39,H00517,H00529,12,12,11,1,2023-10-02
39,H00539,H00493,12,12,19,1,2023-10-02
39,H00548,H00527,13,12,9,1,2023-10-02
39,H00550,H00549,13,13,5,1,2023-10-02
39,H00561,H00668,13,15,18,1,2023-10-02
39,H00567,H00562,13,13,17,1,2023-10-02
39,H00589,H00595,13,13,24,0,2023-10-02
39,H00590,H00567,13,13,10,1,2023-10-02
39,H00600,H00686,13,15,7,1,2023-10-02
39,H00630,H00692,14,15,21,0,2023-10-02
39,H00633,H00728,14,16,10,1,2023-10-02
39,H00649,H00656,14,14,2,0,2023-10-02
39,H00652,H00529,14,12,23,0,2023-10-02
39,H00669,H00706,15,15,5,0,2023-10-02
39,H00670,H00734,15,16,24,0,2023-10-02
39,H00671,H00674,15,15,20,0,2023-10-02
39,H00684,H00709,15,15,8,1,2023-10-02
39,H00692,H00703,15,15,19,0,2023-10-02
39,H00704,H00495,15,12,5,0,2023-10-02
39,H00710,H00718,16,16,7,1,2023-10-02
39,H00726,H00847,16,19,19,1,2023-10-02
39,H00730,H00729,16,16,23,0,2023-10-02
39,H00745,H00331,16,7,18,1,2023-10-02
39,H00754,H00485,17,11,5,1,2023-10-02
39,H00755,H00684,17,15,24,0,2023-10-02
39,H00772,H00547,17,13,3,1,2023-10-02
39,H00775,H00675,17,15,24,1,2023-10-02
39,H00782,H00604,17,14,18,1,2023-10-02
39,H00799,H00778,17,17,16,1,2023-10-02
39,H00817,H00841,18,18,12,1,2023-10-02
39,H00847,H00841,19,18,7,0,2023-10-02
39,H00850,H00859,19,19,21,1,2023-10-02
39,H00865,H00845,19,19,19,1,2023-10-02
39,H00879,H00886,20,20,18,1,2023-10-02
39,H00881,H01060,20,26,5,1,2023-10-02
39,H00884,H00888,20,20,3,1,2023-10-02
39,H00893,H00127,20,2,7,0,2023-10-02
39,H00895,H00871,20,20,4,0,2023-10-02
39,H00896,H00907,21,21,9,1,2023-10-02
39,H00898,H00942,21,22,5,1,2023-10-02
39,H00901,H00844,21,19,23,0,2023-10-02
39,H00903,H00902,21,21,11,1,2023-10-02
39,H00909,H00768,21,17,19,1,2023-10-02
39,H00916,H00904,21,21,4,1,2023-10-02
39,H00919,H00954,21,22,14,1,2023-10-02
39,H00924,H00913,21,21,13,1,2023-10-02
39,H00925,H00899,21,21,13,1,2023-10-02
39,H00931,H00939,22,22,7,1,2023-10-02
39,H00941,H00581,22,13,11,0,2023-10-02
39,H00942,H00935,22,22,12,0,2023-10-02
39,H00976,H00979,23,23,5,1,2023-10-02
39,H00994,H01001,24,24,19,1,2023-10-02
39,H00995,H00110,24,2,14,0,2023-10-02
39,H01005,H01002,24,24,20,1,2023-10-02
39,H01009,H01020,24,24,8,1,2023-10-02
39,H01010,H01009,24,24,7,1,2023-10-02
39,H01012,H00974,24,23,4,0,2023-10-02
39,H01021,H01015,24,24,17,1,2023-10-02
39,H01024,H01071,25,26,8,0,2023-10-02
39,H01034,H01038,25,25,21,0,2023-10-02
39,H01065,H01073,26,26,20,0,2023-10-02
39,H01070,H00920,26,21,23,1,2023-10-02
39,H01077,H01104,27,27,22,0,2023-10-02
39,H01111,H00850,27,19,23,1,2023-10-02
40,H00005,H00101,0,2,4,1,2023-10-09
40,H00011,H00029,0,0,9,1,2023-10-09
40,H00015,H00004,0,0,18,1,2023-10-09
40,H00021,H00038,0,0,8,0,2023-10-09
40,H00029,H00024,0,0,10,0,2023-10-09
40,H00031,H00131,0,2,10,0,2023-10-09
40,H00052,H00081,1,1,3,1,2023-10-09
40,H00053,H00077,1,1,21,1,2023-10-09
40,H00056,H00119,1,2,8,1,2023-10-09
40,H00071,H00070,1,1,12,0,2023-10-09
40,H00074,H00038,1,0,19,0,2023-10-09
40,H00099,H00462,2,11,9,0,2023-10-09
40,H00102,H00469,2,11,10,1,2023-10-09
40,H00107,H00127,2,2,22,1,2023-10-09
40,H00112,H00002,2,0,5,1,2023-10-09
40,H00116,H00305,2,6,11,0,2023-10-09
40,H00141,H00317,2,7,8,0,2023-10-09
40,H00143,H00180,3,3,19,1,2023-10-09
40,H00154,H00169,3,3,20,0,2023-10-09
40,H00184,H00298,3,6,23,1,2023-10-09
40,H00200,H00335,4,7,10,0,2023-10-09
40,H00207,H00227,4,4,10,0,2023-10-09
40,H00209,H00216,4,4,20,1,2023-10-09
40,H00244,H00059,5,1,23,1,2023-10-09
40,H00275,H00270,5,5,14,0,2023-10-09
40,H00284,H00303,6,6,17,0,2023-10-09
40,H00295,H00291,6,6,11,1,2023-10-09
40,H00297,H00297,6,6,17,1,2023-10-09
40,H00312,H00296,7,6,18,1,2023-10-09
40,H00325,H00719,7,16,5,1,2023-10-09
40,H00332,H00329,7,7,18,0,2023-10-09
40,H00413,H00421,10,10,14,1,2023-10-09
40,H00419,H00293,10,6,9,1,2023-10-09
40,H00426,H00369,10,8,16,0,2023-10-09
40,H00441,H00322,10,7,20,1,2023-10-09
40,H00442,H00455,11,11,14,1,2023-10-09
40,H00472,H00451,11,11,22,1,2023-10-09
40,H00487,H00265,11,5,18,1,2023-10-09
40,H00496,H00537,12,12,6,1,2023-10-09
40,H00531,H00589,12,13,11,1,2023-10-09
40,H00534,H00478,12,11,8,1,2023-10-09
40,H00546,H00572,13,13,4,1,2023-10-09
40,H00563,H00662,13,15,14,1,2023-10-09
40,H00597,H00542,13,13,14,1,2023-10-09
40,H00604,H00611,14,14,21,0,2023-10-09
40,H00608,H00481,14,11,8,0,2023-10-09
40,H00615,H00663,14,15,18,0,2023-10-09
40,H00624,H00646,14,14,24,0,2023-10-09
40,H00671,H00672,15,15,7,1,2023-10-09
40,H00683,H00673,15,15,4,0,2023-10-09
40,H00697,H00190,15,4,20,0,2023-10-09
40,H00710,H00735,16,16,4,1,2023-10-09
40,H00720,H00734,16,16,14,0,2023-10-09
40,H00723,H00308,16,6,15,0,2023-10-09
40,H00745,H00726,16,16,5,1,2023-10-09
40,H00769,H00762,17,17,3,1,2023-10-09
40,H00784,H00810,17,18,21,1,2023-10-09
40,H00787,H00768,17,17,9,1,2023-10-09
40,H00790,H00780,17,17,7,1,2023-10-09
40,H00793,H00755,17,17,3,1,2023-10-09
40,H00799,H00798,17,17,11,0,2023-10-09
40,H00838,H00825,18,18,23,0,2023-10-09
40,H00846,H00953,19,22,13,0,2023-10-09
40,H00851,H00865,19,19,19,0,2023-10-09
40,H00855,H00857,19,19,20,1,2023-10-09
40,H00881,H00872,20,20,14,1,2023-10-09
40,H00901,H00887,21,20,22,0,2023-10-09
40,H00920,H00318,21,7,12,0,2023-10-09
40,H00940,H00419,22,10,22,1,2023-10-09
40,H00954,H00964,22,22,21,0,2023-10-09
40,H00955,H00942,22,22,22,1,2023-10-09
40,H00979,H00972,23,23,4,1,2023-10-09
40,H01014,H00869,24,19,23,1,2023-10-09
40,H01025,H00954,25,22,21,0,2023-10-09
40,H01040,H01040,25,25,23,1,2023-10-09
40,H01041,H01043,25,25,7,1,2023-10-09
40,H01044,H00030,25,0,6,0,2023-10-09
40,H01045,H01037,25,25,17,1,2023-10-09
40,H01061,H01062,26,26,24,1,2023-10-09
40,H01062,H00961,26,22,11,0,2023-10-09
40,H01072,H01072,26,26,4,0,2023-10-09
40,H01082,H01102,27,27,16,1,2023-10-09
40,H01087,H01102,27,27,22,1,2023-10-09
40,H01104,H01083,27,27,20,1,2023-10-09
40,H01106,H01106,27,27,5,1,2023-10-09
41,H00000,H00012,0,0,18,1,2023-10-16
41,H00007,H00003,0,0,7,1,2023-10-16
41,H00009,H00030,0,0,18,0,2023-10-16
41,H00022,H00025,0,0,4,0,2023-10-16
41,H00030,H00136,0,2,10,0,2023-10-16
41,H00046,H00069,1,1,3,0,2023-10-16
41,H00047,H00177,1,3,3,1,2023-10-16
41,H00060,H00083,1,1,7,1,2023-10-16
41,H00064,H00000,1,0,2,1,2023-10-16
41,H00077,H00088,1,1,22,1,2023-10-16
41,H00083,H00306,1,6,6,1,2023-10-16
41,H00091,H00065,1,1,7,1,2023-10-16
41,H00094,H00699,1,15,24,1,2023-10-16
41,H00097,H00155,1,3,7,0,2023-10-16
41,H00129,H00134,2,2,16,0,2023-10-16
41,H00136,H00006,2,0,22,1,2023-10-16
41,H00137,H00100,2,2,9,1,2023-10-16
41,H00139,H00108,2,2,3,1,2023-10-16
41,H00149,H00246,3,5,15,1,2023-10-16
41,H00154,H00748,3,16,23,1,2023-10-16
41,H00176,H00149,3,3,6,0,2023-10-16
41,H00188,H00230,4,4,19,1,2023-10-16
41,H00191,H00207,4,4,16,1,2023-10-16
41,H00202,H00261,4,5,23,0,2023-10-16
41,H00213,H00193,4,4,11,1,2023-10-16
41,H00223,H00028,4,0,11,1,2023-10-16
41,H00224,H00190,4,4,22,0,2023-10-16
41,H00276,H00282,6,6,3,1,2023-10-16
41,H00294,H00324,6,7,10,0,2023-10-16
41,H00298,H00379,6,9,9,1,2023-10-16
41,H00302,H00303,6,6,3,1,2023-10-16
41,H00304,H00301,6,6,9,0,2023-10-16
41,H00305,H00794,6,17,15,1,2023-10-16
41,H00309,H00317,7,7,3,1,2023-10-16
41,H00311,H00328,7,7,16,0,2023-10-16
41,H00312,H00322,7,7,19,0,2023-10-16
41,H00343,H00348,8,8,23,1,2023-10-16
41,H00344,H00325,8,7,24,1,2023-10-16
41,H00431,H00432,10,10,21,0,2023-10-16
41,H00441,H00104,10,2,2,1,2023-10-16
41,H00442,H00479,11,11,21,1,2023-10-16
41,H00444,H00445,11,11,9,0,2023-10-16
41,H00461,H00461,11,11,10,1,2023-10-16
41,H00463,H00119,11,2,5,1,2023-10-16
41,H00470,H00471,11,11,5,1,2023-10-16
41,H00487,H00445,11,11,23,0,2023-10-16
41,H00491,H00480,11,11,23,0,2023-10-16
41,H00504,H00540,12,12,19,1,2023-10-16
41,H00516,H00462,12,11,4,0,2023-10-16
41,H00528,H00529,12,12,19,1,2023-10-16
41,H00538,H00537,12,12,24,1,2023-10-16
41,H00540,H00531,12,12,2,1,2023-10-16
41,H00565,H00693,13,15,7,0,2023-10-16
41,H00568,H00739,13,16,13,0,2023-10-16
41,H00569,H00599,13,13,3,0,2023-10-16
41,H00576,H00557,13,13,6,1,2023-10-16
41,H00577,H00585,13,13,21,0,2023-10-16
41,H00585,H00708,13,15,3,1,2023-10-16
41,H00599,H00544,13,13,20,1,2023-10-16
41,H00606,H00685,14,15,5,1,2023-10-16
41,H00616,H00607,14,14,3,0,2023-10-16
41,H00623,H00613,14,14,12,1,2023-10-16
41,H00628,H00405,14,9,2,1,2023-10-16
41,H00680,H00686,15,15,13,1,2023-10-16
41,H00690,H00107,15,2,16,1,2023-10-16
41,H00734,H00742,16,16,10,0,2023-10-16
41,H00751,H00295,17,6,11,0,2023-10-16
41,H00753,H00480,17,11,3,1,2023-10-16
41,H00761,H00740,17,16,21,0,2023-10-16
41,H00773,H00903,17,21,14,0,2023-10-16
41,H00785,H00796,17,17,24,0,2023-10-16
41,H00799,H00721,17,16,16,0,2023-10-16
41,H00805,H00879,18,20,19,0,2023-10-16
41,H00811,H00820,18,18,23,0,2023-10-16
41,H00814,H00835,18,18,16,1,2023-10-16
41,H00819,H00640,18,14,22,0,2023-10-16
41,H00843,H00852,19,19,14,1,2023-10-16
41,H00855,H00869,19,19,9,1,2023-10-16
41,H00864,H00826,19,18,4,0,2023-10-16
41,H00928,H00934,22,22,15,1,2023-10-16
41,H00931,H00974,22,23,9,1,2023-10-16
41,H00936,H01003,22,24,11,0,2023-10-16
41,H00949,H00894,22,20,20,0,2023-10-16
41,H00979,H00468,23,11,24,0,2023-10-16
41,H00988,H00966,23,23,17,0,2023-10-16
41,H00995,H01015,24,24,7,1,2023-10-16
41,H00999,H00935,24,22,24,0,2023-10-16
41,H01002,H01000,24,24,20,1,2023-10-16
41,H01014,H01001,24,24,9,0,2023-10-16
41,H01032,H01042,25,25,9,1,2023-10-16
41,H01033,H01012,25,24,17,1,2023-10-16
41,H01044,H01022,25,25,18,1,2023-10-16
41,H01049,H00968,25,23,23,0,2023-10-16
41,H01054,H00312,25,7,17,1,2023-10-16
41,H01074,H01109,26,27,21,0,2023-10-16
41,H01084,H01088,27,27,24,0,2023-10-16
41,H01095,H01086,27,27,15,1,2023-10-16
41,H01105,H01107,27,27,9,1,2023-10-16
42,H00000,H00021,0,0,22,0,2023-10-23
42,H00002,H00033,0,0,3,1,2023-10-23
42,H00004,H00688,0,15,2,1,2023-10-23
42,H00017,H00681,0,15,20,1,2023-10-23
42,H00019,H00181,0,3,24,1,2023-10-23
42,H00023,H00316,0,7,8,1,2023-10-23
42,H00028,H00011,0,0,23,1,2023-10-23
42,H00050,H00013,1,0,24,1,2023-10-23
42,H00067,H00065,1,1,14,1,2023-10-23
42,H00073,H00280,1,6,21,1,2023-10-23
42,H00079,H00092,1,1,3,1,2023-10-23
42,H00086,H00113,1,2,13,1,2023-10-23
42,H00113,H00749,2,16,2,0,2023-10-23
42,H00138,H00490,2,11,20,0,2023-10-23
42,H00145,H00181,3,3,14,1,2023-10-23
42,H00165,H00171,3,3,15,0,2023-10-23
42,H00173,H00325,3,7,22,0,2023-10-23
42,H00178,H00147,3,3,21,1,2023-10-23
42,H00180,H00185,3,3,7,1,2023-10-23
42,H00183,H00162,3,3,6,0,2023-10-23
42,H00186,H00157,3,3,24,0,2023-10-23
42,H00188,H00218,4,4,10,1,2023-10-23
42,H00202,H00722,4,16,24,1,2023-10-23
42,H00217,H00023,4,0,24,1,2023-10-23
42,H00241,H00699,5,15,15,0,2023-10-23
42,H00277,H00442,6,11,12,1,2023-10-23
42,H00290,H00286,6,6,14,1,2023-10-23
42,H00322,H00315,7,7,13,1,2023-10-23
42,H00328,H00325,7,7,12,1,2023-10-23
42,H00329,H00315,7,7,16,1,2023-10-23
42,H00339,H00288,8,6,10,0,2023-10-23
42,H00348,H00313,8,7,2,1,2023-10-23
42,H00358,H00371,8,8,5,0,2023-10-23
42,H00370,H00370,8,8,2,1,2023-10-23
42,H00381,H00391,9,9,14,0,2023-10-23
42,H00384,H00405,9,9,20,0,2023-10-23
42,H00391,H00390,9,9,23,0,2023-10-23
42,H00409,H00706,10,15,7,1,2023-10-23
42,H00422,H00411,10,10,11,1,2023-10-23
42,H00442,H00665,11,15,17,1,2023-10-23
42,H00447,H00478,11,11,2,1,2023-10-23
42,H00459,H00702,11,15,19,0,2023-10-23
42,H00461,H00445,11,11,19,1,2023-10-23
42,H00463,H00482,11,11,11,1,2023-10-23
42,H00469,H00481,11,11,2,1,2023-10-23
42,H00484,H00454,11,11,21,1,2023-10-23
42,H00504,H00301,12,6,22,1,2023-10-23
42,H00518,H00519,12,12,16,1,2023-10-23
42,H00531,H00322,12,7,15,0,2023-10-23
42,H00534,H00504,12,12,3,1,2023-10-23
42,H00554,H00772,13,17,24,0,2023-10-23
42,H00558,H00594,13,13,13,1,2023-10-23
42,H00567,H00561,13,13,22,1,2023-10-23
42,H00572,H00546,13,13,3,0,2023-10-23
42,H00576,H00447,13,11,16,1,2023-10-23
42,H00580,H00599,13,13,24,1,2023-10-23
42,H00591,H00698,13,15,4,1,2023-10-23
42,H00592,H00557,13,13,3,1,2023-10-23
42,H00593,H00720,13,16,17,0,2023-10-23
42,H00594,H00552,13,13,12,0,2023-10-23
42,H00612,H00637,14,14,9,0,2023-10-23
42,H00614,H00624,14,14,5,1,2023-10-23
42,H00618,H00659,14,14,22,1,2023-10-23
42,H00628,H00631,14,14,24,0,2023-10-23
42,H00631,H00667,14,15,15,0,2023-10-23
42,H00646,H00637,14,14,14,0,2023-10-23
42,H00659,H00655,14,14,7,0,2023-10-23
42,H00710,H00744,16,16,19,1,2023-10-23
42,H00719,H01080,16,27,2,0,2023-10-23
42,H00731,H00712,16,16,16,1,2023-10-23
42,H00746,H00725,16,16,23,1,2023-10-23
42,H00776,H00767,17,17,12,0,2023-10-23
42,H00796,H00796,17,17,9,1,2023-10-23
42,H00801,H00804,18,18,21,0,2023-10-23
42,H00821,H00811,18,18,21,0,2023-10-23
42,H00824,H00949,18,22,13,0,2023-10-23
42,H00828,H00810,18,18,8,1,2023-10-23
42,H00831,H00823,18,18,21,1,2023-10-23
42,H00841,H00716,18,16,18,1,2023-10-23
42,H00843,H00808,19,18,8,0,2023-10-23
42,H00851,H00858,19,19,3,0,2023-10-23
42,H00857,H00862,19,19,8,1,2023-10-23
42,H00886,H00855,20,19,8,1,2023-10-23
42,H00888,H00891,20,20,19,0,2023-10-23
42,H00900,H01078,21,27,8,0,2023-10-23
42,H00911,H00902,21,21,10,1,2023-10-23
42,H00919,H00929,21,22,4,0,2023-10-23
42,H00928,H00425,22,10,16,1,2023-10-23
42,H00950,H00294,22,6,14,0,2023-10-23
42,H00951,H00713,22,16,20,1,2023-10-23
42,H00954,H00947,22,22,20,0,2023-10-23
42,H00955,H00669,22,15,5,1,2023-10-23
42,H00961,H00983,22,23,6,1,2023-10-23
42,H00966,H00985,23,23,8,1,2023-10-23
42,H01029,H00387,25,9,18,1,2023-10-23
42,H01034,H00956,25,22,12,0,2023-10-23
42,H01063,H00479,26,11,23,1,2023-10-23
42,H01066,H01063,26,26,15,0,2023-10-23
42,H01076,H01093,26,27,17,0,2023-10-23
42,H01078,H01098,27,27,7,1,2023-10-23
42,H01080,H01078,27,27,5,1,2023-10-23
42,H01089,H01104,27,27,20,1,2023-10-23
42,H01092,H01061,27,26,14,1,2023-10-23
42,H01099,H01109,27,27,7,1,2023-10-23
42,H01105,H01087,27,27,10,1,2023-10-23
42,H01110,H01102,27,27,3,1,2023-10-23
42,H01111,H01101,27,27,9,1,2023-10-23
43,H00000,H00329,0,7,11,1,2023-10-30
43,H00006,H00134,0,2,21,1,2023-10-30
43,H00015,H00031,0,0,22,0,2023-10-30
43,H00040,H00052,1,1,18,1,2023-10-30
43,H00067,H00491,1,11,19,0,2023-10-30
43,H00107,H00839,2,18,3,1,2023-10-30
43,H00139,H00123,2,2,12,0,2023-10-30
43,H00145,H00165,3,3,10,0,2023-10-30
43,H00146,H00095,3,1,9,0,2023-10-30
43,H00166,H00153,3,3,5,0,2023-10-30
43,H00183,H00166,3,3,16,0,2023-10-30
43,H00211,H00887,4,20,10,1,2023-10-30
43,H00215,H00231,4,4,18,1,2023-10-30
43,H00239,H00178,5,3,12,0,2023-10-30
43,H00245,H00262,5,5,17,1,2023-10-30
43,H00272,H00243,5,5,23,1,2023-10-30
43,H00273,H00571,5,13,9,1,2023-10-30
43,H00276,H00434,6,10,22,1,2023-10-30
43,H00277,H00291,6,6,24,0,2023-10-30
43,H00278,H00277,6,6,13,1,2023-10-30
43,H00367,H00127,8,2,16,1,2023-10-30
43,H00371,H00537,8,12,6,0,2023-10-30
43,H00380,H00716,9,16,6,0,2023-10-30
43,H00390,H00380,9,9,14,1,2023-10-30
43,H00400,H00403,9,9,13,0,2023-10-30
43,H00406,H00411,10,10,16,1,2023-10-30
43,H00421,H00407,10,10,3,1,2023-10-30
43,H00443,H00456,11,11,13,1,2023-10-30
43,H00446,H00474,11,11,14,0,2023-10-30
43,H00447,H00458,11,11,5,1,2023-10-30
43,H00499,H00314,12,7,14,0,2023-10-30
43,H00531,H00119,12,2,8,0,2023-10-30
43,H00535,H00672,12,15,22,1,2023-10-30
43,H00536,H00443,12,11,15,1,2023-10-30
43,H00559,H00668,13,15,21,1,2023-10-30
43,H00568,H00552,13,13,4,1,2023-10-30
43,H00590,H00584,13,13,15,0,2023-10-30
43,H00621,H00596,14,13,20,1,2023-10-30
43,H00624,H00615,14,14,7,1,2023-10-30
43,H00630,H00615,14,14,15,0,2023-10-30
43,H00631,H00677,14,15,16,0,2023-10-30
43,H00662,H00675,15,15,17,0,2023-10-30
43,H00671,H00467,15,11,20,1,2023-10-30
43,H00674,H00685,15,15,17,1,2023-10-30
43,H00699,H00702,15,15,23,1,2023-10-30
43,H00716,H00744,16,16,21,0,2023-10-30
43,H00722,H00745,16,16,16,0,2023-10-30
43,H00724,H00864,16,19,20,0,2023-10-30
43,H00725,H00317,16,7,10,1,2023-10-30
43,H00734,H00710,16,16,2,1,2023-10-30
43,H00740,H00614,16,14,19,0,2023-10-30
43,H00764,H00798,17,17,23,1,2023-10-30
43,H00767,H00799,17,17,23,1,2023-10-30
43,H00768,H00863,17,19,18,1,2023-10-30
43,H00787,H00630,17,14,5,0,2023-10-30
43,H00789,H00716,17,16,12,1,2023-10-30
43,H00795,H00779,17,17,6,1,2023-10-30
43,H00803,H00818,18,18,14,1,2023-10-30
43,H00816,H00830,18,18,12,1,2023-10-30
43,H00819,H00821,18,18,17,1,2023-10-30
43,H00831,H00037,18,0,17,1,2023-10-30
43,H00839,H00827,18,18,7,1,2023-10-30
43,H00845,H00792,19,17,24,0,2023-10-30
43,H00871,H00252,20,5,13,0,2023-10-30
43,H00875,H00886,20,20,19,1,2023-10-30
43,H00901,H00712,21,16,23,1,2023-10-30
43,H00908,H00901,21,21,17,1,2023-10-30
43,H00913,H00736,21,16,18,0,2023-10-30
43,H00917,H00878,21,20,11,0,2023-10-30
43,H00938,H00137,22,2,17,1,2023-10-30
43,H00946,H00958,22,22,10,1,2023-10-30
43,H00947,H01048,22,25,9,0,2023-10-30
43,H00950,H00937,22,22,18,0,2023-10-30
43,H00955,H00846,22,19,4,1,2023-10-30
43,H00964,H00267,22,5,23,0,2023-10-30
43,H00981,H00988,23,23,8,1,2023-10-30
43,H00985,H01005,23,24,15,0,2023-10-30
43,H00993,H00972,23,23,13,1,2023-10-30
43,H00999,H00727,24,16,15,0,2023-10-30
43,H01001,H00486,24,11,20,0,2023-10-30
43,H01026,H00947,25,22,15,0,2023-10-30
43,H01027,H01036,25,25,18,0,2023-10-30
43,H01038,H01040,25,25,19,0,2023-10-30
43,H01054,H01020,25,24,16,0,2023-10-30
43,H01096,H01087,27,27,2,1,2023-10-30
44,H00003,H00017,0,0,2,1,2023-11-06
44,H00025,H00020,0,0,16,1,2023-11-06
44,H00028,H01048,0,25,17,0,2023-11-06
44,H00060,H01035,1,25,18,1,2023-11-06
44,H00081,H00097,1,1,4,1,2023-11-06
44,H00099,H00321,2,7,4,0,2023-11-06
44,H00110,H00110,2,2,7,1,2023-11-06
44,H00208,H00204,4,4,3,1,2023-11-06
44,H00235,H00188,5,4,10,0,2023-11-06
44,H00237,H00225,5,4,24,1,2023-11-06
44,H00249,H00258,5,5,2,1,2023-11-06
44,H00251,H00918,5,21,23,0,2023-11-06
44,H00254,H00261,5,5,22,0,2023-11-06
44,H00258,H00247,5,5,21,0,2023-11-06
44,H00261,H00255,5,5,3,1,2023-11-06
44,H00267,H00182,5,3,17,0,2023-11-06
44,H00276,H00964,6,22,16,1,2023-11-06
44,H00277,H00296,6,6,23,0,2023-11-06
44,H00286,H00282,6,6,13,1,2023-11-06
44,H00287,H00288,6,6,4,0,2023-11-06
44,H00290,H00288,6,6,10,0,2023-11-06
44,H00296,H00302,6,6,7,0,2023-11-06
44,H00309,H00329,7,7,17,0,2023-11-06
44,H00314,H00316,7,7,10,0,2023-11-06
44,H00320,H00314,7,7,20,1,2023-11-06
44,H00336,H00326,7,7,7,1,2023-11-06
44,H00347,H00356,8,8,10,0,2023-11-06
44,H00355,H00370,8,8,16,0,2023-11-06
44,H00401,H00405,9,9,11,1,2023-11-06
44,H00430,H00407,10,10,12,0,2023-11-06
44,H00435,H00425,10,10,9,0,2023-11-06
44,H00457,H00456,11,11,19,0,2023-11-06
44,H00471,H00136,11,2,23,0,2023-11-06
44,H00485,H00007,11,0,18,0,2023-11-06
44,H00496,H00675,12,15,11,1,2023-11-06
44,H00533,H00528,12,12,22,1,2023-11-06
44,H00550,H00677,13,15,3,1,2023-11-06
44,H00551,H00559,13,13,4,1,2023-11-06
44,H00555,H00567,13,13,22,1,2023-11-06
44,H00560,H00589,13,13,20,0,2023-11-06
44,H00589,H00677,13,15,8,0,2023-11-06
44,H00596,H00547,13,13,4,1,2023-11-06
44,H00604,H00628,14,14,4,1,2023-11-06
44,H00609,H00440,14,10,20,1,2023-11-06
44,H00618,H00707,14,15,20,0,2023-11-06
44,H00622,H00088,14,1,13,0,2023-11-06
44,H00629,H00613,14,14,10,1,2023-11-06
44,H00634,H00481,14,11,12,1,2023-11-06
44,H00661,H00660,14,14,7,1,2023-11-06
44,H00666,H00692,15,15,18,0,2023-11-06
44,H00671,H00688,15,15,8,1,2023-11-06
44,H00710,H00733,16,16,7,1,2023-11-06
44,H00711,H00713,16,16,23,0,2023-11-06
44,H00718,H00806,16,18,23,0,2023-11-06
44,H00723,H00724,16,16,16,1,2023-11-06
44,H00732,H00722,16,16,3,0,2023-11-06
44,H00763,H00689,17,15,19,1,2023-11-06
44,H00766,H00838,17,18,10,1,2023-11-06
44,H00769,H00177,17,3,23,0,2023-11-06
44,H00771,H00755,17,17,9,0,2023-11-06
44,H00794,H00753,17,17,24,1,2023-11-06
44,H00799,H00819,17,18,2,0,2023-11-06
44,H00801,H00831,18,18,9,1,2023-11-06
44,H00814,H00713,18,16,3,1,2023-11-06
44,H00822,H00809,18,18,18,1,2023-11-06
44,H00826,H00840,18,18,5,1,2023-11-06
44,H00845,H00776,19,17,23,0,2023-11-06
44,H00847,H00721,19,16,21,1,2023-11-06
44,H00858,H00848,19,19,17,0,2023-11-06
44,H00869,H00847,19,19,15,0,2023-11-06
44,H00870,H00859,19,19,20,1,2023-11-06
44,H00874,H00940,20,22,24,1,2023-11-06
44,H00876,H00894,20,20,21,0,2023-11-06
44,H00887,H00182,20,3,5,1,2023-11-06
44,H00889,H00956,20,22,18,0,2023-11-06
44,H00908,H00919,21,21,17,1,2023-11-06
44,H00910,H00926,21,21,12,0,2023-11-06
44,H00919,H00011,21,0,23,1,2023-11-06
44,H00923,H00912,21,21,21,0,2023-11-06
44,H00928,H00424,22,10,18,1,2023-11-06
44,H00929,H00617,22,14,24,0,2023-11-06
44,H00931,H01013,22,24,5,0,2023-11-06
44,H00947,H00994,22,24,5,0,2023-11-06
44,H00951,H00938,22,22,19,0,2023-11-06
44,H00972,H00992,23,23,11,0,2023-11-06
44,H00979,H00972,23,23,20,0,2023-11-06
44,H00985,H00981,23,23,20,1,2023-11-06
44,H00997,H01016,24,24,10,1,2023-11-06
44,H00998,H00861,24,19,13,1,2023-11-06
44,H00999,H01011,24,24,19,1,2023-11-06
44,H01004,H00941,24,22,7,1,2023-11-06
44,H01007,H01072,24,26,17,1,2023-11-06
44,H01009,H01002,24,24,10,1,2023-11-06
44,H01013,H00953,24,22,8,0,2023-11-06
44,H01064,H01057,26,26,19,1,2023-11-06
44,H01077,H01096,27,27,15,0,2023-11-06
44,H01080,H00976,27,23,21,0,2023-11-06
44,H01097,H01077,27,27,5,1,2023-11-06
45,H00000,H00027,0,0,4,1,2023-11-13
45,H00003,H00026,0,0,3,1,2023-11-13
45,H00019,H00029,0,0,5,1,2023-11-13
45,H00032,H00031,0,0,13,1,2023-11-13
45,H00034,H00030,0,0,13,0,2023-11-13
45,H00080,H00054,1,1,4,1,2023-11-13
45,H00085,H00046,1,1,14,0,2023-11-13
45,H00091,H00068,1,1,18,1,2023-11-13
45,H00094,H00097,1,1,19,0,2023-11-13
45,H00116,H00536,2,12,2,1,2023-11-13
45,H00130,H00131,2,2,14,1,2023-11-13
45,H00132,H00677,2,15,3,1,2023-11-13
45,H00143,H00474,3,11,20,1,2023-11-13
45,H00156,H00181,3,3,4,1,2023-11-13
45,H00170,H00158,3,3,11,1,2023-11-13
45,H00181,H00097,3,1,24,1,2023-11-13
45,H00190,H00717,4,16,18,0,2023-11-13
45,H00198,H00191,4,4,12,1,2023-11-13
45,H00220,H00202,4,4,12,0,2023-11-13
45,H00270,H00242,5,5,3,1,2023-11-13
45,H00286,H00345,6,8,12,1,2023-11-13
45,H00309,H00125,7,2,23,1,2023-11-13
45,H00312,H00330,7,7,23,1,2023-11-13
45,H00328,H00327,7,7,19,0,2023-11-13
45,H00333,H00050,7,1,18,0,2023-11-13
45,H00343,H00975,8,23,20,1,2023-11-13
45,H00348,H00361,8,8,21,1,2023-11-13
45,H00352,H00010,8,0,10,1,2023-11-13
45,H00374,H00287,8,6,19,1,2023-11-13
45,H00378,H00398,9,9,10,0,2023-11-13
45,H00406,H00426,10,10,18,1,2023-11-13
45,H00409,H00414,10,10,15,0,2023-11-13
45,H00411,H00010,10,0,22,0,2023-11-13
45,H00421,H00422,10,10,10,1,2023-11-13
45,H00428,H00294,10,6,8,1,2023-11-13
45,H00442,H00746,11,16,14,0,2023-11-13
45,H00454,H00840,11,18,10,1,2023-11-13
45,H00460,H00303,11,6,22,0,2023-11-13
45,H00461,H00483,11,11,13,1,2023-11-13
45,H00463,H00462,11,11,11,0,2023-11-13
45,H00477,H00748,11,16,9,0,2023-11-13
45,H00497,H00299,12,6,21,1,2023-11-13
45,H00504,H00124,12,2,6,1,2023-11-13
45,H00516,H00493,12,12,13,0,2023-11-13
45,H00558,H00543,13,13,16,1,2023-11-13
45,H00561,H00598,13,13,7,0,2023-11-13
45,H00572,H00687,13,15,4,1,2023-11-13
45,H00581,H00553,13,13,14,1,2023-11-13
45,H00590,H00594,13,13,22,1,2023-11-13
45,H00596,H00591,13,13,23,0,2023-11-13
45,H00602,H00888,13,20,20,1,2023-11-13
45,H00627,H00651,14,14,19,1,2023-11-13
45,H00653,H00652,14,14,7,1,2023-11-13
45,H00661,H00662,14,15,24,1,2023-11-13
45,H00672,H00695,15,15,7,1,2023-11-13
45,H00710,H00739,16,16,2,1,2023-11-13
45,H00715,H00813,16,18,3,0,2023-11-13
45,H00722,H00742,16,16,2,0,2023-11-13
45,H00733,H00738,16,16,7,1,2023-11-13
45,H00734,H00740,16,16,20,0,2023-11-13
45,H00743,H00292,16,6,23,0,2023-11-13
45,H00750,H00711,16,16,5,1,2023-11-13
45,H00751,H00761,17,17,15,0,2023-11-13
45,H00754,H00799,17,17,8,0,2023-11-13
45,H00762,H00776,17,17,24,1,2023-11-13
45,H00764,H00753,17,17,11,0,2023-11-13
45,H00765,H00761,17,17,24,0,2023-11-13
45,H00769,H00756,17,17,22,1,2023-11-13
45,H00771,H00751,17,17,12,1,2023-11-13
45,H00810,H00834,18,18,24,0,2023-11-13
45,H00826,H00742,18,16,15,0,2023-11-13
45,H00839,H00686,18,15,17,1,2023-11-13
45,H00859,H00851,19,19,3,1,2023-11-13
45,H00871,H00883,20,20,2,0,2023-11-13
45,H00877,H00895,20,20,12,1,2023-11-13
45,H00919,H00908,21,21,6,1,2023-11-13
45,H00928,H00006,22,0,10,1,2023-11-13
45,H00931,H00944,22,22,12,1,2023-11-13
45,H00935,H00963,22,22,21,1,2023-11-13
45,H00938,H00936,22,22,9,0,2023-11-13
45,H00943,H00961,22,22,2,1,2023-11-13
45,H00963,H00960,22,22,21,0,2023-11-13
45,H00966,H00999,23,24,13,1,2023-11-13
45,H00977,H01011,23,24,14,0,2023-11-13
45,H00978,H00977,23,23,7,1,2023-11-13
45,H00980,H00976,23,23,14,1,2023-11-13
45,H00981,H00972,23,23,4,1,2023-11-13
45,H00987,H00967,23,23,13,1,2023-11-13
45,H00993,H00960,23,22,10,0,2023-11-13
45,H01001,H01007,24,24,24,0,2023-11-13
45,H01006,H01021,24,24,15,0,2023-11-13
45,H01010,H00939,24,22,5,1,2023-11-13
45,H01011,H01011,24,24,3,1,2023-11-13
45,H01031,H01025,25,25,24,1,2023-11-13
45,H01061,H01056,26,26,7,1,2023-11-13
45,H01064,H01065,26,26,8,0,2023-11-13
45,H01066,H00024,26,0,5,0,2023-11-13
45,H01068,H00901,26,21,12,0,2023-11-13
45,H01080,H01098,27,27,2,0,2023-11-13
45,H01102,H00727,27,16,6,0,2023-11-13
46,H00007,H00001,0,0,17,0,2023-11-20
46,H00050,H00324,1,7,5,1,2023-11-20
46,H00051,H00443,1,11,2,0,2023-11-20
46,H00059,H00483,1,11,2,1,2023-11-20
46,H00063,H00017,1,0,8,1,2023-11-20
46,H00068,H00548,1,13,19,0,2023-11-20
46,H00079,H00057,1,1,20,1,2023-11-20
46,H00082,H00608,1,14,12,0,2023-11-20
46,H00086,H00089,1,1,6,1,2023-11-20
46,H00090,H00066,1,1,6,0,2023-11-20
46,H00094,H00054,1,1,21,1,2023-11-20
46,H00144,H00176,3,3,8,1,2023-11-20
46,H00149,H00146,3,3,9,1,2023-11-20
46,H00150,H00162,3,3,22,1,2023-11-20
46,H00153,H00031,3,0,15,1,2023-11-20
46,H00168,H00166,3,3,8,1,2023-11-20
46,H00182,H00165,3,3,15,0,2023-11-20
46,H00184,H00179,3,3,9,0,2023-11-20
46,H00185,H00451,3,11,19,1,2023-11-20
46,H00201,H00201,4,4,6,0,2023-11-20
46,H00234,H00513,5,12,15,0,2023-11-20
46,H00238,H00257,5,5,22,1,2023-11-20
46,H00244,H00258,5,5,7,1,2023-11-20
46,H00286,H00293,6,6,23,1,2023-11-20
46,H00298,H00289,6,6,22,0,2023-11-20
46,H00303,H00091,6,1,23,0,2023-11-20
46,H00309,H00312,7,7,21,1,2023-11-20
46,H00317,H00322,7,7,6,1,2023-11-20
46,H00323,H00698,7,15,7,1,2023-11-20
46,H00337,H00363,8,8,16,0,2023-11-20
46,H00340,H00301,8,6,13,1,2023-11-20
46,H00341,H00661,8,14,5,0,2023-11-20
46,H00347,H00372,8,8,11,1,2023-11-20
46,H00349,H00335,8,7,21,1,2023-11-20
46,H00368,H00350,8,8,12,0,2023-11-20
46,H00371,H00298,8,6,11,1,2023-11-20
46,H00377,H00488,9,11,6,0,2023-11-20
46,H00384,H00398,9,9,9,1,2023-11-20
46,H00386,H00131,9,2,3,0,2023-11-20
46,H00387,H00298,9,6,7,0,2023-11-20
46,H00391,H00089,9,1,6,0,2023-11-20
46,H00398,H00387,9,9,5,1,2023-11-20
46,H00400,H00278,9,6,18,1,2023-11-20
46,H00406,H00329,10,7,21,1,2023-11-20
46,H00417,H00465,10,11,10,1,2023-11-20
46,H00431,H00411,10,10,10,0,2023-11-20
46,H00433,H00422,10,10,7,1,2023-11-20
46,H00439,H00333,10,7,23,1,2023-11-20
46,H00459,H00085,11,1,23,0,2023-11-20
46,H00461,H00482,11,11,24,0,2023-11-20
46,H00463,H00459,11,11,22,1,2023-11-20
46,H00470,H00461,11,11,17,1,2023-11-20
46,H00489,H00458,11,11,13,1,2023-11-20
46,H00508,H00788,12,17,7,1,2023-11-20
46,H00559,H00571,13,13,13,1,2023-11-20
46,H00584,H00631,13,14,21,1,2023-11-20
46,H00624,H00609,14,14,9,1,2023-11-20
46,H00627,H00127,14,2,14,1,2023-11-20
46,H00630,H00654,14,14,6,0,2023-11-20
46,H00641,H00626,14,14,5,1,2023-11-20
46,H00661,H00623,14,14,11,1,2023-11-20
46,H00675,H00695,15,15,12,1,2023-11-20
46,H00704,H00334,15,7,4,0,2023-11-20
46,H00737,H00724,16,16,22,1,2023-11-20
46,H00739,H00749,16,16,8,0,2023-11-20
46,H00744,H00729,16,16,16,1,2023-11-20
46,H00752,H00466,17,11,23,0,2023-11-20
46,H00753,H00783,17,17,13,1,2023-11-20
46,H00762,H00478,17,11,6,1,2023-11-20
46,H00770,H00771,17,17,17,1,2023-11-20
46,H00777,H00126,17,2,15,0,2023-11-20
46,H00788,H00762,17,17,10,1,2023-11-20
46,H00790,H00765,17,17,9,0,2023-11-20
46,H00800,H00066,17,1,24,1,2023-11-20
46,H00801,H00840,18,18,11,1,2023-11-20
46,H00821,H00811,18,18,6,1,2023-11-20
46,H00825,H00829,18,18,13,1,2023-11-20
46,H00827,H00825,18,18,2,1,2023-11-20
46,H00829,H00801,18,18,22,0,2023-11-20
46,H00838,H00812,18,18,24,1,2023-11-20
46,H00843,H00368,19,8,6,1,2023-11-20
46,H00856,H00316,19,7,23,1,2023-11-20
46,H00896,H00906,21,21,22,1,2023-11-20
46,H00910,H00942,21,22,5,1,2023-11-20
46,H00920,H00898,21,21,7,0,2023-11-20
46,H00942,H00385,22,9,20,1,2023-11-20
46,H00964,H00953,22,22,6,1,2023-11-20
46,H00999,H00929,24,22,4,1,2023-11-20
46,H01004,H01010,24,24,4,1,2023-11-20
46,H01048,H00943,25,22,17,1,2023-11-20
46,H01067,H01057,26,26,7,0,2023-11-20
46,H01080,H01086,27,27,4,1,2023-11-20
46,H01082,H01077,27,27,16,1,2023-11-20
46,H01095,H00300,27,6,17,0,2023-11-20
46,H01097,H01105,27,27,6,1,2023-11-20
46,H01108,H01086,27,27,16,1,2023-11-20
47,H00008,H00696,0,15,5,1,2023-11-27
47,H00021,H00125,0,2,22,1,2023-11-27
47,H00025,H00016,0,0,21,0,2023-11-27
47,H00036,H00484,0,11,12,1,2023-11-27
47,H00041,H00089,1,1,7,1,2023-11-27
47,H00053,H00039,1,1,20,1,2023-11-27
47,H00072,H00037,1,0,24,1,2023-11-27
47,H00081,H00319,1,7,22,0,2023-11-27
47,H00111,H00121,2,2,22,1,2023-11-27
47,H00113,H00186,2,3,8,1,2023-11-27
47,H00115,H00115,2,2,7,0,2023-11-27
47,H00136,H00128,2,2,18,0,2023-11-27
47,H00142,H00142,2,2,23,1,2023-11-27
47,H00164,H00285,3,6,13,0,2023-11-27
47,H00168,H00185,3,3,17,0,2023-11-27
47,H00193,H00193,4,4,22,1,2023-11-27
47,H00195,H00194,4,4,16,1,2023-11-27
47,H00196,H00717,4,16,8,1,2023-11-27
47,H00207,H00200,4,4,22,0,2023-11-27
47,H00209,H00225,4,4,23,0,2023-11-27
47,H00222,H00230,4,4,3,0,2023-11-27
47,H00252,H00250,5,5,22,0,2023-11-27
47,H00254,H00030,5,0,6,1,2023-11-27
47,H00259,H00235,5,5,22,1,2023-11-27
47,H00286,H00289,6,6,22,0,2023-11-27
47,H00287,H00594,6,13,7,1,2023-11-27
47,H00290,H00308,6,6,5,0,2023-11-27
47,H00296,H00306,6,6,2,0,2023-11-27
47,H00301,H00110,6,2,11,0,2023-11-27
47,H00309,H00336,7,7,11,1,2023-11-27
47,H00323,H00322,7,7,3,1,2023-11-27
47,H00324,H00352,7,8,4,1,2023-11-27
47,H00331,H00332,7,7,16,1,2023-11-27
47,H00333,H00514,7,12,12,1,2023-11-27
47,H00345,H00360,8,8,15,0,2023-11-27
47,H00361,H00728,8,16,2,0,2023-11-27
47,H00370,H00347,8,8,3,0,2023-11-27
47,H00383,H00757,9,17,16,1,2023-11-27
47,H00406,H00428,10,10,20,1,2023-11-27
47,H00408,H00414,10,10,21,0,2023-11-27
47,H00421,H00320,10,7,12,1,2023-11-27
47,H00437,H00948,10,22,4,1,2023-11-27
47,H00442,H00467,11,11,13,1,2023-11-27
47,H00454,H00466,11,11,9,1,2023-11-27
47,H00458,H00443,11,11,2,1,2023-11-27
47,H00513,H00011,12,0,7,1,2023-11-27
47,H00536,H00852,12,19,3,1,2023-11-27
47,H00538,H00499,12,12,13,1,2023-11-27
47,H00544,H00582,13,13,21,0,2023-11-27
47,H00548,H00585,13,13,23,0,2023-11-27
47,H00567,H00596,13,13,4,0,2023-11-27
47,H00568,H00565,13,13,12,0,2023-11-27
47,H00571,H00615,13,14,24,0,2023-11-27
47,H00579,H00574,13,13,12,1,2023-11-27
47,H00589,H00592,13,13,4,1,2023-11-27
47,H00610,H00643,14,14,7,1,2023-11-27
47,H00619,H00634,14,14,20,1,2023-11-27
47,H00623,H00625,14,14,23,1,2023-11-27
47,H00628,H00608,14,14,24,1,2023-11-27
47,H00630,H00654,14,14,2,1,2023-11-27
47,H00640,H00636,14,14,20,0,2023-11-27
47,H00683,H00666,15,15,22,0,2023-11-27
47,H00695,H00564,15,13,9,1,2023-11-27
47,H00703,H00041,15,1,6,1,2023-11-27
47,H00713,H00732,16,16,10,1,2023-11-27
47,H00729,H00770,16,17,15,1,2023-11-27
47,H00739,H00202,16,4,8,1,2023-11-27
47,H00749,H00711,16,16,15,0,2023-11-27
47,H00753,H00780,17,17,20,1,2023-11-27
47,H00765,H00092,17,1,19,1,2023-11-27
47,H00793,H00788,17,17,8,0,2023-11-27
47,H00802,H00817,18,18,11,1,2023-11-27
47,H00822,H00818,18,18,20,1,2023-11-27
47,H00830,H00802,18,18,19,0,2023-11-27
47,H00833,H00841,18,18,16,1,2023-11-27
47,H00837,H00454,18,11,16,1,2023-11-27
47,H00876,H00891,20,20,23,1,2023-11-27
47,H00886,H00887,20,20,17,1,2023-11-27
47,H00928,H00949,22,22,14,0,2023-11-27
47,H00993,H00999,23,24,9,0,2023-11-27
47,H01001,H00929,24,22,11,0,2023-11-27
47,H01009,H00914,24,21,9,1,2023-11-27
47,H01032,H00948,25,22,21,1,2023-11-27
47,H01084,H01091,27,27,16,1,2023-11-27
48,H00014,H00029,0,0,22,0,2023-12-04
48,H00027,H00254,0,5,16,1,2023-12-04
48,H00048,H00443,1,11,21,0,2023-12-04
48,H00076,H00078,1,1,9,0,2023-12-04
48,H00077,H00075,1,1,3,1,2023-12-04
48,H00080,H00078,1,1,14,0,2023-12-04
48,H00095,H00078,1,1,24,1,2023-12-04
48,H00099,H00138,2,2,5,1,2023-12-04
48,H00102,H00642,2,14,9,1,2023-12-04
48,H00114,H00296,2,6,2,1,2023-12-04
48,H00123,H00238,2,5,13,0,2023-12-04
48,H00132,H00135,2,2,13,0,2023-12-04
48,H00172,H00233,3,5,15,1,2023-12-04
48,H00174,H00175,3,3,5,1,2023-12-04
48,H00185,H00143,3,3,17,1,2023-12-04
48,H00189,H00207,4,4,20,1,2023-12-04
48,H00195,H00621,4,14,11,0,2023-12-04
48,H00196,H00188,4,4,14,1,2023-12-04
48,H00204,H00216,4,4,23,1,2023-12-04
48,H00213,H00209,4,4,22,1,2023-12-04
48,H00217,H00211,4,4,16,0,2023-12-04
48,H00223,H00201,4,4,16,1,2023-12-04
48,H00232,H00242,5,5,11,1,2023-12-04
48,H00238,H00050,5,1,18,1,2023-12-04
48,H00264,H00181,5,3,12,1,2023-12-04
48,H00284,H00866,6,19,17,1,2023-12-04
48,H00321,H00322,7,7,21,1,2023-12-04
48,H00383,H00404,9,9,4,1,2023-12-04
48,H00398,H00380,9,9,14,0,2023-12-04
48,H00406,H00406,10,10,24,1,2023-12-04
48,H00459,H00452,11,11,4,1,2023-12-04
48,H00461,H00319,11,7,5,1,2023-12-04
48,H00466,H00000,11,0,19,1,2023-12-04
48,H00467,H00447,11,11,24,0,2023-12-04
48,H00481,H00475,11,11,4,1,2023-12-04
48,H00488,H00522,11,12,17,1,2023-12-04
48,H00585,H00685,13,15,8,0,2023-12-04
48,H00592,H00672,13,15,24,1,2023-12-04
48,H00597,H00553,13,13,12,1,2023-12-04
48,H00642,H00659,14,14,19,1,2023-12-04
48,H00645,H00645,14,14,16,1,2023-12-04
48,H00647,H00641,14,14,24,0,2023-12-04
48,H00657,H00637,14,14,11,1,2023-12-04
48,H00660,H00032,14,0,14,1,2023-12-04
48,H00707,H00484,15,11,19,0,2023-12-04
48,H00727,H00477,16,11,7,1,2023-12-04
48,H00729,H00748,16,16,23,1,2023-12-04
48,H00747,H00710,16,16,9,1,2023-12-04
48,H00751,H00763,17,17,17,1,2023-12-04
48,H00790,H00800,17,17,20,1,2023-12-04
48,H00798,H00800,17,17,16,0,2023-12-04
48,H00806,H00248,18,5,12,1,2023-12-04
48,H00817,H00839,18,18,10,1,2023-12-04
48,H00840,H00829,18,18,7,1,2023-12-04
48,H00843,H00869,19,19,10,0,2023-12-04
48,H00844,H00844,19,19,22,0,2023-12-04
48,H00860,H00866,19,19,18,1,2023-12-04
48,H00868,H00860,19,19,22,0,2023-12-04
48,H00869,H01067,19,26,14,1,2023-12-04
48,H00884,H00887,20,20,15,0,2023-12-04
48,H00886,H00892,20,20,12,0,2023-12-04
48,H00890,H00666,20,15,7,0,2023-12-04
48,H00906,H00822,21,18,3,1,2023-12-04
48,H00925,H00874,21,20,10,1,2023-12-04
48,H00939,H00955,22,22,6,1,2023-12-04
48,H00944,H01046,22,25,18,0,2023-12-04
48,H00962,H00963,22,22,4,1,2023-12-04
48,H00976,H00991,23,23,24,0,2023-12-04
48,H00977,H00986,23,23,2,0,2023-12-04
48,H00993,H00989,23,23,22,1,2023-12-04
48,H00995,H00987,24,23,16,0,2023-12-04
48,H01004,H00994,24,24,8,1,2023-12-04
48,H01013,H00990,24,23,13,1,2023-12-04
48,H01024,H00944,25,22,19,0,2023-12-04
48,H01029,H01050,25,25,17,1,2023-12-04
48,H01037,H01049,25,25,20,1,2023-12-04
48,H01046,H01047,25,25,6,1,2023-12-04
48,H01058,H00970,26,23,5,0,2023-12-04
48,H01063,H01074,26,26,10,1,2023-12-04
48,H01064,H01060,26,26,20,1,2023-12-04
48,H01065,H00897,26,21,13,1,2023-12-04
48,H01067,H00886,26,20,3,1,2023-12-04
48,H01071,H00914,26,21,18,1,2023-12-04
48,H01076,H01070,26,26,18,1,2023-12-04
48,H01080,H01094,27,27,11,0,2023-12-04
48,H01085,H01094,27,27,14,0,2023-12-04
48,H01097,H01100,27,27,6,1,2023-12-04
49,H00005,H00017,0,0,3,1,2023-12-11
49,H00014,H00035,0,0,8,1,2023-12-11
49,H00018,H00002,0,0,6,1,2023-12-11
49,H00020,H00035,0,0,13,1,2023-12-11
49,H00023,H00334,0,7,7,0,2023-12-11
49,H00043,H00090,1,1,13,0,2023-12-11
49,H00050,H00412,1,10,11,0,2023-12-11
49,H00053,H00082,1,1,14,1,2023-12-11
49,H00055,H00082,1,1,3,1,2023-12-11
49,H00059,H00097,1,1,14,0,2023-12-11
49,H00061,H00094,1,1,14,1,2023-12-11
49,H00062,H00021,1,0,23,1,2023-12-11
49,H00093,H00393,1,9,11,1,2023-12-11
49,H00116,H00131,2,2,9,1,2023-12-11
49,H00118,H00324,2,7,7,0,2023-12-11
49,H00120,H00113,2,2,18,0,2023-12-11
49,H00149,H00183,3,3,24,1,2023-12-11
49,H00151,H00906,3,21,3,1,2023-12-11
49,H00156,H00003,3,0,20,0,2023-12-11
49,H00161,H00184,3,3,20,1,2023-12-11
49,H00165,H00147,3,3,5,0,2023-12-11
49,H00181,H00321,3,7,12,1,2023-12-11
49,H00190,H00512,4,12,12,0,2023-12-11
49,H00196,H00221,4,4,12,1,2023-12-11
49,H00203,H00123,4,2,14,1,2023-12-11
49,H00205,H00283,4,6,5,1,2023-12-11
49,H00216,H00073,4,1,18,1,2023-12-11
49,H00235,H00247,5,5,20,1,2023-12-11
49,H00236,H00012,5,0,9,1,2023-12-11
49,H00249,H00257,5,5,2,0,2023-12-11
49,H00253,H00252,5,5,8,0,2023-12-11
49,H00259,H00251,5,5,15,0,2023-12-11
49,H00262,H00260,5,5,6,0,2023-12-11
49,H00264,H00242,5,5,2,1,2023-12-11
49,H00268,H00256,5,5,23,1,2023-12-11
49,H00276,H00276,6,6,18,1,2023-12-11
49,H00309,H00295,7,6,16,1,2023-12-11
49,H00348,H00292,8,6,5,1,2023-12-11
49,H00351,H00364,8,8,5,0,2023-12-11
49,H00357,H00309,8,7,16,1,2023-12-11
49,H00385,H00388,9,9,20,1,2023-12-11
49,H00393,H00392,9,9,21,1,2023-12-11
49,H00410,H00437,10,10,17,1,2023-12-11
49,H00429,H00000,10,0,8,0,2023-12-11
49,H00464,H00439,11,10,4,1,2023-12-11
49,H00475,H00309,11,7,19,0,2023-12-11
49,H00486,H00463,11,11,16,1,2023-12-11
49,H00492,H00460,11,11,12,1,2023-12-11
49,H00507,H00515,12,12,12,1,2023-12-11
49,H00532,H00523,12,12,7,1,2023-12-11
49,H00536,H00505,12,12,12,0,2023-12-11
49,H00543,H01062,13,26,15,0,2023-12-11
49,H00547,H00557,13,13,4,0,2023-12-11
49,H00553,H00550,13,13,12,1,2023-12-11
49,H00558,H00583,13,13,21,0,2023-12-11
49,H00569,H00681,13,15,12,0,2023-12-11
49,H00570,H00698,13,15,8,1,2023-12-11
49,H00588,H00582,13,13,3,0,2023-12-11
49,H00594,H01072,13,26,16,1,2023-12-11
49,H00608,H00623,14,14,16,1,2023-12-11
49,H00609,H00627,14,14,2,1,2023-12-11
49,H00628,H00651,14,14,11,0,2023-12-11
49,H00632,H00624,14,14,11,1,2023-12-11
49,H00633,H00604,14,14,2,1,2023-12-11
49,H00642,H00641,14,14,10,1,2023-12-11
49,H00675,H00693,15,15,6,0,2023-12-11
49,H00684,H00665,15,15,24,1,2023-12-11
49,H00705,H00686,15,15,20,0,2023-12-11
49,H00726,H00741,16,16,18,0,2023-12-11
49,H00728,H00009,16,0,2,1,2023-12-11
49,H00731,H00716,16,16,14,0,2023-12-11
49,H00782,H00444,17,11,8,1,2023-12-11
49,H00786,H00758,17,17,10,0,2023-12-11
49,H00796,H00732,17,16,17,1,2023-12-11
49,H00806,H00815,18,18,4,1,2023-12-11
49,H00841,H00810,18,18,6,1,2023-12-11
49,H00847,H00373,19,8,9,0,2023-12-11
49,H00881,H00805,20,18,13,1,2023-12-11
49,H00886,H00881,20,20,16,1,2023-12-11
49,H00897,H00915,21,21,10,1,2023-12-11
49,H00903,H00004,21,0,5,0,2023-12-11
49,H00928,H00959,22,22,21,1,2023-12-11
49,H00949,H00476,22,11,11,0,2023-12-11
49,H00951,H00946,22,22,22,1,2023-12-11
49,H00952,H00958,22,22,2,0,2023-12-11
49,H00957,H00687,22,15,18,0,2023-12-11
49,H00978,H00985,23,23,16,0,2023-12-11
49,H00985,H00977,23,23,7,1,2023-12-11
49,H01001,H01018,24,24,16,0,2023-12-11
49,H01003,H01017,24,24,22,1,2023-12-11
49,H01029,H01039,25,25,6,1,2023-12-11
49,H01070,H01071,26,26,7,0,2023-12-11
49,H01077,H00961,27,22,24,1,2023-12-11
49,H01096,H01103,27,27,13,1,2023-12-11
49,H01097,H01110,27,27,6,1,2023-12-11
49,H01099,H01083,27,27,19,0,2023-12-11
49,H01101,H01087,27,27,17,1,2023-12-11
50,H00004,H00006,0,0,5,0,2023-12-18
50,H00052,H00413,1,10,4,0,2023-12-18
50,H00056,H00090,1,1,13,1,2023-12-18
50,H00105,H00141,2,2,19,1,2023-12-18
50,H00115,H00295,2,6,6,1,2023-12-18
50,H00116,H00335,2,7,4,0,2023-12-18
50,H00128,H00128,2,2,13,1,2023-12-18
50,H00133,H00235,2,5,17,1,2023-12-18
50,H00144,H00150,3,3,21,0,2023-12-18
50,H00161,H00154,3,3,24,1,2023-12-18
50,H00174,H00149,3,3,6,0,2023-12-18
50,H00204,H00194,4,4,22,1,2023-12-18
50,H00210,H00221,4,4,5,1,2023-12-18
50,H00237,H00032,5,0,23,1,2023-12-18
50,H00239,H01076,5,26,13,1,2023-12-18
50,H00276,H00295,6,6,10,1,2023-12-18
50,H00296,H00033,6,0,17,1,2023-12-18
50,H00307,H00277,6,6,22,1,2023-12-18
50,H00316,H00695,7,15,5,1,2023-12-18
50,H00317,H00710,7,16,19,0,2023-12-18
50,H00318,H00320,7,7,9,0,2023-12-18
50,H00330,H00540,7,12,18,1,2023-12-18
50,H00332,H00721,7,16,15,0,2023-12-18
50,H00335,H00327,7,7,6,1,2023-12-18
50,H00351,H00373,8,8,22,1,2023-12-18
50,H00355,H00358,8,8,7,0,2023-12-18
50,H00356,H00343,8,8,17,0,2023-12-18
50,H00378,H00389,9,9,14,0,2023-12-18
50,H00403,H00390,9,9,9,1,2023-12-18
50,H00418,H00445,10,11,10,0,2023-12-18
50,H00420,H00436,10,10,5,1,2023-12-18
50,H00431,H00436,10,10,7,1,2023-12-18
50,H00442,H00775,11,17,22,1,2023-12-18
50,H00445,H00454,11,11,13,1,2023-12-18
50,H00451,H00480,11,11,11,0,2023-12-18
50,H00454,H00748,11,16,14,1,2023-12-18
50,H00457,H00310,11,7,24,1,2023-12-18
50,H00511,H00333,12,7,20,0,2023-12-18
50,H00516,H00459,12,11,3,1,2023-12-18
50,H00545,H00622,13,14,16,1,2023-12-18
50,H00549,H00595,13,13,17,1,2023-12-18
50,H00553,H00566,13,13,22,1,2023-12-18
50,H00582,H00569,13,13,15,0,2023-12-18
50,H00601,H00709,13,15,8,1,2023-12-18
50,H00612,H00659,14,14,15,0,2023-12-18
50,H00617,H00581,14,13,6,0,2023-12-18
50,H00630,H00607,14,14,8,0,2023-12-18
50,H00662,H00672,15,15,24,0,2023-12-18
50,H00668,H00680,15,15,18,1,2023-12-18
50,H00690,H00019,15,0,13,1,2023-12-18
50,H00694,H00448,15,11,10,0,2023-12-18
50,H00714,H00721,16,16,17,0,2023-12-18
50,H00717,H00714,16,16,2,1,2023-12-18
50,H00744,H00743,16,16,21,0,2023-12-18
50,H00767,H00665,17,15,16,1,2023-12-18
50,H00769,H00770,17,17,20,0,2023-12-18
50,H00775,H00758,17,17,23,1,2023-12-18
50,H00781,H00796,17,17,18,1,2023-12-18
50,H00783,H00797,17,17,22,1,2023-12-18
50,H00806,H00815,18,18,8,0,2023-12-18
50,H00822,H00739,18,16,22,0,2023-12-18
50,H00827,H00803,18,18,3,1,2023-12-18
50,H00832,H00825,18,18,17,1,2023-12-18
50,H00843,H00875,19,20,23,1,2023-12-18
50,H00886,H00882,20,20,11,1,2023-12-18
50,H00910,H00894,21,20,23,1,2023-12-18
50,H00914,H00787,21,17,20,1,2023-12-18
50,H00924,H00720,21,16,14,1,2023-12-18
50,H00929,H00122,22,2,20,1,2023-12-18
50,H00935,H00984,22,23,24,1,2023-12-18
50,H00937,H00933,22,22,3,0,2023-12-18
50,H00941,H00501,22,12,9,0,2023-12-18
50,H00950,H01104,22,27,10,0,2023-12-18
50,H00970,H00749,23,16,5,1,2023-12-18
50,H00986,H00497,23,12,8,1,2023-12-18
50,H00988,H00484,23,11,20,0,2023-12-18
50,H00996,H00427,24,10,5,1,2023-12-18
50,H01014,H01087,24,27,22,1,2023-12-18
50,H01015,H01007,24,24,2,0,2023-12-18
50,H01059,H00335,26,7,14,1,2023-12-18
50,H01061,H00986,26,23,19,0,2023-12-18
50,H01071,H01057,26,26,6,1,2023-12-18
50,H01078,H01107,27,27,11,1,2023-12-18
50,H01100,H01090,27,27,20,1,2023-12-18
50,H01111,H01000,27,24,4,0,2023-12-18
51,H00003,H00010,0,0,15,1,2023-12-25
51,H00013,H00001,0,0,6,1,2023-12-25
51,H00020,H00651,0,14,2,0,2023-12-25
51,H00065,H00063,1,1,11,0,2023-12-25
51,H00099,H00460,2,11,24,0,2023-12-25
51,H00111,H00480,2,11,3,1,2023-12-25
51,H00115,H00730,2,16,4,1,2023-12-25
51,H00130,H00127,2,2,10,0,2023-12-25
51,H00146,H00180,3,3,7,1,2023-12-25
51,H00184,H00714,3,16,10,0,2023-12-25
51,H00203,H00456,4,11,21,0,2023-12-25
51,H00205,H00201,4,4,6,1,2023-12-25
51,H00211,H00457,4,11,18,0,2023-12-25
51,H00215,H00223,4,4,8,0,2023-12-25
51,H00232,H00244,5,5,21,1,2023-12-25
51,H00238,H00261,5,5,6,1,2023-12-25
51,H00239,H00239,5,5,22,0,2023-12-25
51,H00243,H00275,5,5,4,1,2023-12-25
51,H00249,H00260,5,5,2,0,2023-12-25
51,H00264,H00695,5,15,10,1,2023-12-25
51,H00276,H00308,6,6,5,1,2023-12-25
51,H00292,H00304,6,6,2,1,2023-12-25
51,H00302,H00302,6,6,18,0,2023-12-25
51,H00307,H00306,6,6,5,1,2023-12-25
51,H00340,H00374,8,8,13,0,2023-12-25
51,H00358,H00345,8,8,15,0,2023-12-25
51,H00379,H00376,9,9,6,0,2023-12-25
51,H00388,H00001,9,0,2,1,2023-12-25
51,H00393,H00405,9,9,9,1,2023-12-25
51,H00427,H00458,10,11,17,1,2023-12-25
51,H00442,H00809,11,18,22,1,2023-12-25
51,H00450,H00136,11,2,7,0,2023-12-25
51,H00461,H00458,11,11,20,1,2023-12-25
51,H00469,H00450,11,11,24,1,2023-12-25
51,H00473,H00021,11,0,3,0,2023-12-25
51,H00480,H00479,11,11,22,1,2023-12-25
51,H00505,H00701,12,15,17,0,2023-12-25
51,H00506,H00287,12,6,10,1,2023-12-25
51,H00520,H00530,12,12,13,0,2023-12-25
51,H00524,H00539,12,12,5,0,2023-12-25
51,H00532,H00540,12,12,21,0,2023-12-25
51,H00534,H00496,12,12,21,1,2023-12-25
51,H00560,H00580,13,13,9,1,2023-12-25
51,H00563,H00564,13,13,20,1,2023-12-25
51,H00564,H00548,13,13,17,1,2023-12-25
51,H00565,H00596,13,13,4,0,2023-12-25
51,H00567,H00469,13,11,10,1,2023-12-25
51,H00568,H00544,13,13,24,0,2023-12-25
51,H00588,H00552,13,13,20,0,2023-12-25
51,H00596,H00854,13,19,21,1,2023-12-25
51,H00616,H00632,14,14,5,1,2023-12-25
51,H00619,H00637,14,14,9,0,2023-12-25
51,H00625,H00604,14,14,11,0,2023-12-25
51,H00652,H00555,14,13,22,0,2023-12-25
51,H00655,H00656,14,14,23,0,2023-12-25
51,H00659,H00651,14,14,20,1,2023-12-25
51,H00662,H00707,15,15,2,1,2023-12-25
51,H00677,H00259,15,5,24,1,2023-12-25
51,H00690,H00690,15,15,17,1,2023-12-25
51,H00698,H00546,15,13,19,0,2023-12-25
51,H00703,H00666,15,15,13,0,2023-12-25
51,H00710,H00728,16,16,6,1,2023-12-25
51,H00711,H00728,16,16,14,0,2023-12-25
51,H00718,H00719,16,16,10,1,2023-12-25
51,H00721,H00735,16,16,20,1,2023-12-25
51,H00730,H00820,16,18,13,0,2023-12-25
51,H00741,H00577,16,13,23,1,2023-12-25
51,H00742,H00732,16,16,2,0,2023-12-25
51,H00752,H00800,17,17,19,1,2023-12-25
51,H00755,H00758,17,17,23,1,2023-12-25
51,H00757,H00753,17,17,14,0,2023-12-25
51,H00764,H00771,17,17,11,1,2023-12-25
51,H00768,H00764,17,17,19,1,2023-12-25
51,H00777,H00752,17,17,5,1,2023-12-25
51,H00779,H00690,17,15,7,1,2023-12-25
51,H00780,H00787,17,17,18,0,2023-12-25
51,H00795,H00790,17,17,2,1,2023-12-25
51,H00804,H00744,18,16,21,1,2023-12-25
51,H00808,H00107,18,2,11,1,2023-12-25
51,H00816,H00681,18,15,10,1,2023-12-25
51,H00829,H00806,18,18,21,0,2023-12-25
51,H00843,H00440,19,10,4,1,2023-12-25
51,H00848,H00846,19,19,10,1,2023-12-25
51,H00856,H00331,19,7,12,0,2023-12-25
51,H00864,H00848,19,19,22,1,2023-12-25
51,H00880,H00874,20,20,6,1,2023-12-25
51,H00885,H00630,20,14,19,1,2023-12-25
51,H00899,H00926,21,21,21,0,2023-12-25
51,H00903,H00920,21,21,8,0,2023-12-25
51,H00928,H00941,22,22,15,1,2023-12-25
51,H00946,H00715,22,16,9,0,2023-12-25
51,H00990,H01055,23,26,9,0,2023-12-25
51,H01010,H01013,24,24,13,0,2023-12-25
51,H01014,H01007,24,24,24,1,2023-12-25
51,H01036,H00217,25,4,14,0,2023-12-25
51,H01039,H01045,25,25,23,1,2023-12-25
51,H01046,H00929,25,22,20,1,2023-12-25
51,H01057,H00962,26,22,8,0,2023-12-25
51,H01073,H01056,26,26,3,1,2023-12-25
51,H01077,H01110,27,27,2,0,2023-12-25
51,H01096,H00978,27,23,3,1,2023-12-25
52,H00006,H00031,0,0,4,1,2024-01-01
52,H00030,H00037,0,0,7,1,2024-01-01
52,H00036,H00461,0,11,18,1,2024-01-01
52,H00040,H00016,1,0,23,0,2024-01-01
52,H00074,H00045,1,1,5,1,2024-01-01
52,H00078,H00073,1,1,2,1,2024-01-01
52,H00089,H00081,1,1,14,0,2024-01-01
52,H00099,H00133,2,2,13,1,2024-01-01
52,H00100,H00174,2,3,5,1,2024-01-01
52,H00133,H00099,2,2,13,1,2024-01-01
52,H00140,H00199,2,4,18,0,2024-01-01
52,H00141,H00140,2,2,6,0,2024-01-01
52,H00147,H00157,3,3,2,1,2024-01-01
52,H00169,H00170,3,3,12,0,2024-01-01
52,H00180,H00099,3,2,21,1,2024-01-01
52,H00182,H00146,3,3,19,1,2024-01-01
52,H00184,H00282,3,6,16,1,2024-01-01
52,H00190,H00193,4,4,20,0,2024-01-01
52,H00192,H00099,4,2,20,1,2024-01-01
52,H00205,H00205,4,4,24,1,2024-01-01
52,H00211,H00193,4,4,23,0,2024-01-01
52,H00213,H00219,4,4,21,1,2024-01-01
52,H00231,H00206,4,4,19,0,2024-01-01
52,H00269,H00316,5,7,22,0,2024-01-01
52,H00286,H00376,6,9,11,0,2024-01-01
52,H00295,H00705,6,15,9,0,2024-01-01
52,H00310,H00330,7,7,2,1,2024-01-01
52,H00321,H00101,7,2,4,1,2024-01-01
52,H00342,H00365,8,8,21,0,2024-01-01
52,H00344,H00362,8,8,8,1,2024-01-01
52,H00360,H00474,8,11,7,0,2024-01-01
52,H00370,H00345,8,8,20,0,2024-01-01
52,H00378,H00394,9,9,15,1,2024-01-01
52,H00379,H00294,9,6,8,1,2024-01-01
52,H00384,H00385,9,9,10,1,2024-01-01
52,H00386,H00385,9,9,6,1,2024-01-01
52,H00394,H00381,9,9,4,0,2024-01-01
52,H00403,H00403,9,9,23,1,2024-01-01
52,H00411,H00436,10,10,19,1,2024-01-01
52,H00439,H00409,10,10,14,1,2024-01-01
52,H00442,H00483,11,11,17,1,2024-01-01
52,H00451,H00329,11,7,16,1,2024-01-01
52,H00475,H00961,11,22,16,1,2024-01-01
52,H00484,H00452,11,11,23,1,2024-01-01
52,H00486,H00475,11,11,2,1,2024-01-01
52,H00496,H00305,12,6,8,1,2024-01-01
52,H00507,H00176,12,3,22,0,2024-01-01
52,H00511,H00103,12,2,15,1,2024-01-01
52,H00516,H00507,12,12,20,1,2024-01-01
52,H00539,H00393,12,9,13,1,2024-01-01
52,H00544,H00663,13,15,15,1,2024-01-01
52,H00550,H00695,13,15,15,1,2024-01-01
52,H00552,H00557,13,13,13,1,2024-01-01
52,H00583,H00586,13,13,23,1,2024-01-01
52,H00592,H00122,13,2,16,1,2024-01-01
52,H00612,H00469,14,11,9,0,2024-01-01
52,H00663,H00697,15,15,23,1,2024-01-01
52,H00666,H00676,15,15,23,0,2024-01-01
52,H00685,H00704,15,15,6,1,2024-01-01
52,H00699,H00736,15,16,9,1,2024-01-01
52,H00701,H00692,15,15,9,1,2024-01-01
52,H00706,H00782,15,17,11,0,2024-01-01
52,H00714,H00745,16,16,21,1,2024-01-01
52,H00717,H01075,16,26,6,1,2024-01-01
52,H00725,H00741,16,16,10,0,2024-01-01
52,H00740,H00837,16,18,17,1,2024-01-01
52,H00745,H00137,16,2,23,1,2024-01-01
52,H00761,H00127,17,2,14,0,2024-01-01
52,H00764,H00844,17,19,18,1,2024-01-01
52,H00786,H00809,17,18,14,0,2024-01-01
52,H00795,H00721,17,16,24,0,2024-01-01
52,H00802,H00820,18,18,2,1,2024-01-01
52,H00836,H00824,18,18,12,0,2024-01-01
52,H00839,H00838,18,18,18,1,2024-01-01
52,H00843,H00886,19,20,2,0,2024-01-01
52,H00845,H00663,19,15,22,1,2024-01-01
52,H00847,H00696,19,15,10,0,2024-01-01
52,H00900,H00921,21,21,13,1,2024-01-01
52,H00929,H01087,22,27,3,1,2024-01-01
52,H00950,H00932,22,22,21,1,2024-01-01
52,H00952,H00963,22,22,14,0,2024-01-01
52,H00955,H00949,22,22,10,0,2024-01-01
52,H00966,H00935,23,22,22,1,2024-01-01
52,H00972,H00949,23,22,12,1,2024-01-01
52,H00988,H00975,23,23,18,0,2024-01-01
52,H00995,H01019,24,24,13,0,2024-01-01
52,H00997,H01008,24,24,2,0,2024-01-01
52,H01008,H01006,24,24,2,0,2024-01-01
52,H01013,H01080,24,27,5,0,2024-01-01
52,H01032,H01039,25,25,2,1,2024-01-01
52,H01048,H01039,25,25,9,1,2024-01-01
52,H01060,H01060,26,26,15,1,2024-01-01
52,H01064,H01111,26,27,24,0,2024-01-01
52,H01080,H01096,27,27,14,1,2024-01-01
52,H01087,H01081,27,27,9,0,2024-01-01
52,H01110,H00939,27,22,13,0,2024-01-01
53,H00010,H00012,0,0,2,1,2024-01-08
53,H00013,H00007,0,0,9,1,2024-01-08
53,H00030,H00795,0,17,12,0,2024-01-08
53,H00034,H00460,0,11,10,1,2024-01-08
53,H00055,H00024,1,0,2,1,2024-01-08
53,H00075,H00561,1,13,21,1,2024-01-08
53,H00080,H00073,1,1,22,1,2024-01-08
53,H00105,H00181,2,3,19,0,2024-01-08
53,H00106,H00134,2,2,2,1,2024-01-08
53,H00114,H00139,2,2,18,0,2024-01-08
53,H00118,H00129,2,2,14,1,2024-01-08
53,H00119,H00104,2,2,11,0,2024-01-08
53,H00135,H00101,2,2,18,1,2024-01-08
53,H00142,H00109,2,2,20,1,2024-01-08
53,H00149,H00152,3,3,5,1,2024-01-08
53,H00159,H00148,3,3,7,1,2024-01-08
53,H00163,H00621,3,14,21,1,2024-01-08
53,H00185,H00149,3,3,2,1,2024-01-08
53,H00193,H00553,4,13,10,1,2024-01-08
53,H00197,H00221,4,4,11,1,2024-01-08
53,H00201,H00228,4,4,16,1,2024-01-08
53,H00202,H00126,4,2,7,1,2024-01-08
53,H00205,H00226,4,4,22,1,2024-01-08
53,H00224,H00216,4,4,23,0,2024-01-08
53,H00244,H00680,5,15,16,1,2024-01-08
53,H00257,H00232,5,5,19,0,2024-01-08
53,H00260,H00257,5,5,10,1,2024-01-08
53,H00263,H00270,5,5,3,1,2024-01-08
53,H00269,H00243,5,5,15,0,2024-01-08
53,H00270,H00251,5,5,11,1,2024-01-08
53,H00292,H00290,6,6,22,0,2024-01-08
53,H00295,H00326,6,7,20,1,2024-01-08
53,H00302,H00850,6,19,23,1,2024-01-08
53,H00327,H00540,7,12,2,0,2024-01-08
53,H00337,H00328,8,7,19,0,2024-01-08
53,H00350,H00410,8,10,9,1,2024-01-08
53,H00374,H00353,8,8,19,0,2024-01-08
53,H00381,H00279,9,6,24,0,2024-01-08
53,H00409,H00411,10,10,9,1,2024-01-08
53,H00416,H00433,10,10,20,0,2024-01-08
53,H00418,H00306,10,6,14,1,2024-01-08
53,H00420,H00420,10,10,10,0,2024-01-08
53,H00435,H00316,10,7,23,1,2024-01-08
53,H00442,H01020,11,24,9,1,2024-01-08
53,H00449,H00467,11,11,2,0,2024-01-08
53,H00455,H00318,11,7,22,1,2024-01-08
53,H00459,H00860,11,19,8,0,2024-01-08
53,H00463,H00009,11,0,23,1,2024-01-08
53,H00496,H00001,12,0,14,1,2024-01-08
53,H00502,H00501,12,12,19,0,2024-01-08
53,H00522,H00488,12,11,19,1,2024-01-08
53,H00528,H00501,12,12,13,1,2024-01-08
53,H00540,H00528,12,12,20,1,2024-01-08
53,H00545,H00762,13,17,2,0,2024-01-08
53,H00547,H00599,13,13,14,1,2024-01-08
53,H00549,H00692,13,15,8,1,2024-01-08
53,H00557,H00076,13,1,13,1,2024-01-08
53,H00577,H00701,13,15,16,1,2024-01-08
53,H00583,H00570,13,13,8,1,2024-01-08
53,H00589,H00586,13,13,24,1,2024-01-08
53,H00590,H00691,13,15,9,0,2024-01-08
53,H00592,H00709,13,15,16,0,2024-01-08
53,H00604,H00669,14,15,23,1,2024-01-08
53,H00610,H00608,14,14,6,1,2024-01-08
53,H00634,H00452,14,11,16,1,2024-01-08
53,H00640,H00295,14,6,20,1,2024-01-08
53,H00647,H00657,14,14,22,0,2024-01-08
53,H00650,H00626,14,14,24,0,2024-01-08
53,H00653,H00023,14,0,16,1,2024-01-08
53,H00657,H00032,14,0,16,1,2024-01-08
53,H00670,H00704,15,15,9,0,2024-01-08
53,H00676,H00460,15,11,21,0,2024-01-08
53,H00688,H00665,15,15,15,1,2024-01-08
53,H00710,H00433,16,10,16,1,2024-01-08
53,H00712,H00563,16,13,19,1,2024-01-08
53,H00731,H00751,16,17,15,1,2024-01-08
53,H00733,H00960,16,22,4,1,2024-01-08
53,H00737,H00841,16,18,21,1,2024-01-08
53,H00774,H00167,17,3,6,0,2024-01-08
53,H00778,H00751,17,17,19,0,2024-01-08
53,H00793,H00782,17,17,12,0,2024-01-08
53,H00794,H00755,17,17,8,1,2024-01-08
53,H00802,H00836,18,18,24,0,2024-01-08
53,H00810,H00037,18,0,14,0,2024-01-08
53,H00836,H00813,18,18,12,0,2024-01-08
53,H00839,H00808,18,18,8,1,2024-01-08
53,H00841,H00830,18,18,14,0,2024-01-08
53,H00843,H00869,19,19,11,1,2024-01-08
53,H00857,H00779,19,17,8,0,2024-01-08
53,H00880,H00894,20,20,13,0,2024-01-08
53,H00884,H00861,20,19,20,1,2024-01-08
53,H00898,H00190,21,4,14,1,2024-01-08
53,H00958,H00996,22,24,13,1,2024-01-08
53,H00980,H00983,23,23,4,0,2024-01-08
53,H01016,H00948,24,22,13,0,2024-01-08
53,H01025,H01022,25,25,18,1,2024-01-08
53,H01030,H00474,25,11,12,0,2024-01-08
53,H01031,H00435,25,10,17,1,2024-01-08
53,H01035,H00961,25,22,10,1,2024-01-08
53,H01058,H01071,26,26,19,1,2024-01-08
53,H01074,H01055,26,26,4,1,2024-01-08
53,H01080,H01094,27,27,4,0,2024-01-08
53,H01084,H01091,27,27,5,0,2024-01-08
53,H01093,H01078,27,27,16,0,2024-01-08
53,H01097,H01077,27,27,20,1,2024-01-08
53,H01102,H00825,27,18,4,0,2024-01-08
53,H01109,H00968,27,23,4,0,2024-01-08
54,H00000,H00569,0,13,11,1,2024-01-15
54,H00032,H00033,0,0,4,1,2024-01-15
54,H00034,H00136,0,2,23,1,2024-01-15
54,H00039,H00078,1,1,14,1,2024-01-15
54,H00051,H00052,1,1,7,1,2024-01-15
54,H00059,H00080,1,1,22,1,2024-01-15
54,H00063,H00739,1,16,13,1,2024-01-15
54,H00084,H00058,1,1,18,0,2024-01-15
54,H00099,H00139,2,2,5,0,2024-01-15
54,H00100,H00121,2,2,6,1,2024-01-15
54,H00131,H00116,2,2,5,1,2024-01-15
54,H00140,H00065,2,1,11,1,2024-01-15
54,H00145,H00023,3,0,23,0,2024-01-15
54,H00152,H00162,3,3,19,0,2024-01-15
54,H00158,H00170,3,3,22,1,2024-01-15
54,H00167,H00751,3,17,22,0,2024-01-15
54,H00187,H00170,4,3,24,1,2024-01-15
54,H00193,H00219,4,4,24,1,2024-01-15
54,H00210,H00194,4,4,19,1,2024-01-15
54,H00215,H00194,4,4,20,0,2024-01-15
54,H00220,H00173,4,3,20,1,2024-01-15
54,H00222,H00205,4,4,2,0,2024-01-15
54,H00224,H00251,4,5,11,1,2024-01-15
54,H00247,H00863,5,19,22,0,2024-01-15
54,H00260,H00247,5,5,6,1,2024-01-15
54,H00262,H00246,5,5,13,1,2024-01-15
54,H00267,H00254,5,5,3,0,2024-01-15
54,H00271,H00411,5,10,22,1,2024-01-15
54,H00306,H00416,6,10,14,0,2024-01-15
54,H00309,H00384,7,9,22,0,2024-01-15
54,H00321,H00122,7,2,18,1,2024-01-15
54,H00322,H00136,7,2,21,1,2024-01-15
54,H00349,H00346,8,8,18,1,2024-01-15
54,H00350,H00332,8,7,23,1,2024-01-15
54,H00355,H00359,8,8,9,1,2024-01-15
54,H00373,H00348,8,8,24,0,2024-01-15
54,H00387,H00425,9,10,11,1,2024-01-15
54,H00417,H00131,10,2,17,1,2024-01-15
54,H00432,H00677,10,15,12,0,2024-01-15
54,H00436,H00436,10,10,15,1,2024-01-15
54,H00442,H00622,11,14,3,1,2024-01-15
54,H00452,H00479,11,11,7,1,2024-01-15
54,H00466,H00462,11,11,11,1,2024-01-15
54,H00472,H00454,11,11,9,0,2024-01-15
54,H00481,H00489,11,11,20,1,2024-01-15
54,H00494,H00525,12,12,7,0,2024-01-15
54,H00504,H00528,12,12,6,0,2024-01-15
54,H00511,H00683,12,15,9,1,2024-01-15
54,H00526,H00514,12,12,7,1,2024-01-15
54,H00535,H00497,12,12,17,1,2024-01-15
54,H00538,H00515,12,12,5,1,2024-01-15
54,H00546,H00738,13,16,10,1,2024-01-15
54,H00553,H00581,13,13,21,1,2024-01-15
54,H00563,H00552,13,13,14,1,2024-01-15
54,H00579,H00559,13,13,8,1,2024-01-15
54,H00584,H00566,13,13,2,1,2024-01-15
54,H00586,H00563,13,13,18,1,2024-01-15
54,H00609,H00647,14,14,24,1,2024-01-15
54,H00613,H00632,14,14,2,0,2024-01-15
54,H00629,H00028,14,0,16,0,2024-01-15
54,H00645,H00618,14,14,6,1,2024-01-15
54,H00648,H00605,14,14,19,1,2024-01-15
54,H00668,H00682,15,15,9,1,2024-01-15
54,H00673,H00708,15,15,11,1,2024-01-15
54,H00699,H00692,15,15,13,1,2024-01-15
54,H00717,H00713,16,16,23,0,2024-01-15
54,H00718,H00631,16,14,4,1,2024-01-15
54,H00724,H00842,16,18,15,0,2024-01-15
54,H00734,H00326,16,7,24,0,2024-01-15
54,H00761,H00778,17,17,20,0,2024-01-15
54,H00782,H00760,17,17,16,0,2024-01-15
54,H00800,H00918,17,21,3,0,2024-01-15
54,H00824,H00771,18,17,24,1,2024-01-15
54,H00844,H00167,19,3,16,0,2024-01-15
54,H00850,H00858,19,19,5,0,2024-01-15
54,H00867,H00911,19,21,19,1,2024-01-15
54,H00888,H00926,20,21,16,1,2024-01-15
54,H00897,H00955,21,22,21,1,2024-01-15
54,H00942,H00964,22,22,14,1,2024-01-15
54,H00948,H00929,22,22,11,0,2024-01-15
54,H00955,H00938,22,22,9,0,2024-01-15
54,H00960,H00930,22,22,19,1,2024-01-15
54,H00968,H00980,23,23,18,0,2024-01-15
54,H00971,H00743,23,16,3,0,2024-01-15
54,H00979,H00294,23,6,3,0,2024-01-15
54,H00996,H01067,24,26,9,1,2024-01-15
54,H01008,H00963,24,22,4,1,2024-01-15
54,H01011,H01016,24,24,23,0,2024-01-15
54,H01025,H01039,25,25,14,0,2024-01-15
54,H01041,H01053,25,25,5,0,2024-01-15
54,H01042,H01044,25,25,4,1,2024-01-15
54,H01056,H00642,26,14,12,1,2024-01-15
54,H01063,H01071,26,26,17,0,2024-01-15
54,H01072,H00962,26,22,2,0,2024-01-15
54,H01079,H00884,27,20,14,0,2024-01-15
54,H01080,H01008,27,24,17,1,2024-01-15
54,H01082,H01091,27,27,22,1,2024-01-15
54,H01088,H01081,27,27,17,1,2024-01-15
54,H01090,H01091,27,27,5,1,2024-01-15
54,H01091,H00101,27,2,18,1,2024-01-15
54,H01096,H01100,27,27,24,0,2024-01-15
54,H01098,H01082,27,27,17,1,2024-01-15
54,H01101,H01097,27,27,22,0,2024-01-15
54,H01102,H00051,27,1,5,1,2024-01-15
54,H01103,H00953,27,22,2,1,2024-01-15
54,H01106,H01104,27,27,18,1,2024-01-15
55,H00032,H00027,0,0,7,0,2024-01-22
55,H00038,H00012,0,0,21,0,2024-01-22
55,H00047,H00503,1,12,19,0,2024-01-22
55,H00062,H00665,1,15,9,0,2024-01-22
55,H00068,H00286,1,6,7,1,2024-01-22
55,H00084,H00042,1,1,17,0,2024-01-22
55,H00091,H00042,1,1,6,1,2024-01-22
55,H00099,H00471,2,11,11,1,2024-01-22
55,H00100,H00110,2,2,17,0,2024-01-22
55,H00107,H00699,2,15,9,1,2024-01-22
55,H00120,H00115,2,2,8,1,2024-01-22
55,H00129,H00141,2,2,20,1,2024-01-22
55,H00136,H00115,2,2,5,1,2024-01-22
55,H00137,H00333,2,7,14,1,2024-01-22
55,H00144,H00895,3,20,24,0,2024-01-22
55,H00148,H00393,3,9,2,1,2024-01-22
55,H00150,H00153,3,3,13,1,2024-01-22
55,H00151,H00031,3,0,3,1,2024-01-22
55,H00155,H00252,3,5,14,0,2024-01-22
55,H00178,H00147,3,3,23,1,2024-01-22
55,H00196,H00491,4,11,4,1,2024-01-22
55,H00200,H00200,4,4,16,1,2024-01-22
55,H00212,H00016,4,0,5,1,2024-01-22
55,H00220,H00188,4,4,4,1,2024-01-22
55,H00247,H00031,5,0,3,1,2024-01-22
55,H00264,H00620,5,14,8,1,2024-01-22
55,H00276,H00377,6,9,16,1,2024-01-22
55,H00288,H00320,6,7,21,1,2024-01-22
55,H00289,H00301,6,6,14,0,2024-01-22
55,H00298,H00292,6,6,8,1,2024-01-22
55,H00304,H00131,6,2,5,1,2024-01-22
55,H00315,H00310,7,7,12,1,2024-01-22
55,H00337,H00336,8,7,18,1,2024-01-22
55,H00347,H00366,8,8,11,1,2024-01-22
55,H00359,H00340,8,8,19,1,2024-01-22
55,H00390,H00385,9,9,16,1,2024-01-22
55,H00424,H00400,10,9,22,1,2024-01-22
55,H00441,H00412,10,10,21,1,2024-01-22
55,H00444,H00129,11,2,18,1,2024-01-22
55,H00459,H00478,11,11,19,0,2024-01-22
55,H00460,H00450,11,11,15,1,2024-01-22
55,H00471,H00487,11,11,17,1,2024-01-22
55,H00499,H00520,12,12,10,0,2024-01-22
55,H00501,H00024,12,0,15,1,2024-01-22
55,H00512,H00705,12,15,6,1,2024-01-22
55,H00519,H00020,12,0,4,1,2024-01-22
55,H00526,H00126,12,2,12,1,2024-01-22
55,H00527,H01100,12,27,6,0,2024-01-22
55,H00541,H00477,12,11,13,1,2024-01-22
55,H00554,H00590,13,13,24,0,2024-01-22
55,H00562,H00567,13,13,11,0,2024-01-22
55,H00565,H00559,13,13,6,1,2024-01-22
55,H00589,H00724,13,16,22,0,2024-01-22
55,H00606,H00632,14,14,2,0,2024-01-22
55,H00635,H00033,14,0,5,0,2024-01-22
55,H00648,H00164,14,3,8,1,2024-01-22
55,H00652,H00612,14,14,14,1,2024-01-22
55,H00655,H00660,14,14,9,1,2024-01-22
55,H00661,H00640,14,14,12,1,2024-01-22
55,H00662,H00320,15,7,15,1,2024-01-22
55,H00669,H00705,15,15,5,0,2024-01-22
55,H00672,H00669,15,15,7,0,2024-01-22
55,H00675,H00731,15,16,23,0,2024-01-22
55,H00678,H00698,15,15,22,1,2024-01-22
55,H00710,H00508,16,12,20,1,2024-01-22
55,H00732,H00457,16,11,21,1,2024-01-22
55,H00740,H00744,16,16,8,0,2024-01-22
55,H00756,H00758,17,17,19,0,2024-01-22
55,H00757,H00735,17,16,16,1,2024-01-22
55,H00765,H00785,17,17,11,0,2024-01-22
55,H00771,H00760,17,17,8,1,2024-01-22
55,H00774,H00796,17,17,20,0,2024-01-22
55,H00793,H00765,17,17,4,0,2024-01-22
55,H00804,H01067,18,26,13,1,2024-01-22
55,H00810,H00814,18,18,19,0,2024-01-22
55,H00817,H00837,18,18,23,1,2024-01-22
55,H00824,H00823,18,18,9,0,2024-01-22
55,H00843,H00807,19,18,20,1,2024-01-22
55,H00862,H00363,19,8,11,1,2024-01-22
55,H00867,H00725,19,16,3,1,2024-01-22
55,H00882,H00887,20,20,2,1,2024-01-22
55,H00886,H00893,20,20,4,0,2024-01-22
55,H00907,H00337,21,8,2,0,2024-01-22
55,H00916,H00750,21,16,18,1,2024-01-22
55,H00923,H00913,21,21,15,1,2024-01-22
55,H00926,H00897,21,21,16,0,2024-01-22
55,H00947,H00950,22,22,6,1,2024-01-22
55,H00951,H00928,22,22,8,1,2024-01-22
55,H00956,H00864,22,19,14,1,2024-01-22
55,H00987,H00980,23,23,17,1,2024-01-22
55,H00990,H00942,23,22,16,1,2024-01-22
55,H00992,H00978,23,23,11,1,2024-01-22
55,H00996,H00994,24,24,12,1,2024-01-22
55,H01015,H00102,24,2,11,1,2024-01-22
55,H01032,H01036,25,25,23,1,2024-01-22
55,H01039,H01040,25,25,21,1,2024-01-22
55,H01049,H01044,25,25,23,0,2024-01-22
55,H01050,H00417,25,10,13,1,2024-01-22
55,H01065,H00750,26,16,4,0,2024-01-22
55,H01087,H00935,27,22,4,0,2024-01-22
55,H01095,H00980,27,23,20,1,2024-01-22
55,H01102,H01092,27,27,13,1,2024-01-22
56,H00008,H00843,0,19,5,0,2024-01-29
56,H00015,H00028,0,0,3,1,2024-01-29
56,H00021,H00034,0,0,10,1,2024-01-29
56,H00029,H00281,0,6,18,0,2024-01-29
56,H00042,H00067,1,1,17,0,2024-01-29
56,H00046,H00020,1,0,2,1,2024-01-29
56,H00064,H00319,1,7,7,1,2024-01-29
56,H00076,H00185,1,3,19,1,2024-01-29
56,H00078,H00121,1,2,20,1,2024-01-29
56,H00091,H00041,1,1,6,1,2024-01-29
56,H00099,H00007,2,0,18,1,2024-01-29
56,H00109,H00961,2,22,13,0,2024-01-29
56,H00117,H00141,2,2,17,1,2024-01-29
56,H00152,H00173,3,3,2,1,2024-01-29
56,H00155,H00854,3,19,18,0,2024-01-29
56,H00157,H00164,3,3,10,1,2024-01-29
56,H00161,H00176,3,3,23,0,2024-01-29
56,H00162,H00150,3,3,19,1,2024-01-29
56,H00165,H00450,3,11,5,1,2024-01-29
56,H00179,H00170,3,3,17,1,2024-01-29
56,H00184,H00311,3,7,10,1,2024-01-29
56,H00200,H00230,4,4,20,0,2024-01-29
56,H00210,H00291,4,6,5,1,2024-01-29
56,H00220,H00681,4,15,19,1,2024-01-29
56,H00263,H00240,5,5,10,1,2024-01-29
56,H00264,H00022,5,0,4,1,2024-01-29
56,H00283,H00282,6,6,22,1,2024-01-29
56,H00294,H00283,6,6,8,1,2024-01-29
56,H00309,H00114,7,2,7,1,2024-01-29
56,H00327,H00130,7,2,17,1,2024-01-29
56,H00344,H00366,8,8,6,1,2024-01-29
56,H00373,H00519,8,12,14,1,2024-01-29
56,H00405,H00292,9,6,15,1,2024-01-29
56,H00416,H00811,10,18,11,1,2024-01-29
56,H00426,H00436,10,10,16,0,2024-01-29
56,H00441,H00637,10,14,12,1,2024-01-29
56,H00443,H00473,11,11,13,0,2024-01-29
56,H00445,H00458,11,11,9,1,2024-01-29
56,H00452,H00460,11,11,22,0,2024-01-29
56,H00464,H00459,11,11,18,0,2024-01-29
56,H00466,H00443,11,11,12,1,2024-01-29
56,H00474,H00464,11,11,9,1,2024-01-29
56,H00478,H00723,11,16,23,1,2024-01-29
56,H00491,H00568,11,13,11,0,2024-01-29
56,H00492,H00444,11,11,7,1,2024-01-29
56,H00518,H00463,12,11,22,1,2024-01-29
56,H00538,H00478,12,11,23,1,2024-01-29
56,H00546,H00545,13,13,24,0,2024-01-29
56,H00569,H00539,13,12,7,1,2024-01-29
56,H00579,H00545,13,13,13,0,2024-01-29
56,H00603,H00559,13,13,5,0,2024-01-29
56,H00608,H00448,14,11,10,1,2024-01-29
56,H00614,H00613,14,14,16,0,2024-01-29
56,H00625,H00388,14,9,10,1,2024-01-29
56,H00628,H00656,14,14,8,1,2024-01-29
56,H00640,H00697,14,15,23,0,2024-01-29
56,H00648,H00627,14,14,5,1,2024-01-29
56,H00661,H00633,14,14,18,1,2024-01-29
56,H00685,H00904,15,21,3,0,2024-01-29
56,H00686,H00669,15,15,17,0,2024-01-29
56,H00708,H00719,15,16,13,1,2024-01-29
56,H00710,H00827,16,18,19,1,2024-01-29
56,H00727,H00858,16,19,10,0,2024-01-29
56,H00730,H00848,16,19,17,1,2024-01-29
56,H00733,H00757,16,17,15,0,2024-01-29
56,H00735,H00747,16,16,7,0,2024-01-29
56,H00759,H00857,17,19,3,0,2024-01-29
56,H00782,H00264,17,5,5,1,2024-01-29
56,H00810,H00870,18,19,6,1,2024-01-29
56,H00811,H00830,18,18,20,1,2024-01-29
56,H00815,H00828,18,18,13,0,2024-01-29
56,H00820,H00853,18,19,5,1,2024-01-29
56,H00823,H00840,18,18,13,1,2024-01-29
56,H00829,H00825,18,18,4,1,2024-01-29
56,H00830,H00810,18,18,5,1,2024-01-29
56,H00833,H00860,18,19,22,1,2024-01-29
56,H00843,H00851,19,19,7,1,2024-01-29
56,H00855,H00858,19,19,20,0,2024-01-29
56,H00881,H00881,20,20,14,1,2024-01-29
56,H00892,H00892,20,20,14,0,2024-01-29
56,H00895,H00746,20,16,4,0,2024-01-29
56,H00900,H00399,21,9,7,0,2024-01-29
56,H00913,H01001,21,24,11,1,2024-01-29
56,H00922,H00913,21,21,12,1,2024-01-29
56,H00928,H01002,22,24,22,1,2024-01-29
56,H00937,H00937,22,22,21,1,2024-01-29
56,H00945,H00954,22,22,13,0,2024-01-29
56,H00946,H00857,22,19,3,0,2024-01-29
56,H00952,H00932,22,22,9,1,2024-01-29
56,H00954,H01081,22,27,3,0,2024-01-29
56,H00986,H00934,23,22,8,1,2024-01-29
56,H00991,H00969,23,23,19,1,2024-01-29
56,H00997,H00851,24,19,11,1,2024-01-29
56,H01005,H01019,24,24,3,1,2024-01-29
56,H01007,H01002,24,24,22,0,2024-01-29
56,H01012,H00987,24,23,2,1,2024-01-29
56,H01030,H01047,25,25,3,1,2024-01-29
56,H01055,H00945,26,22,7,1,2024-01-29
56,H01065,H00955,26,22,24,0,2024-01-29
56,H01077,H00136,27,2,6,1,2024-01-29
56,H01106,H01021,27,24,19,1,2024-01-29
57,H00006,H00732,0,16,5,1,2024-02-05
57,H00023,H00031,0,0,16,0,2024-02-05
57,H00041,H00054,1,1,24,0,2024-02-05
57,H00051,H00065,1,1,19,1,2024-02-05
57,H00063,H00318,1,7,7,1,2024-02-05
57,H00068,H00062,1,1,16,1,2024-02-05
57,H00102,H00118,2,2,16,1,2024-02-05
57,H00127,H00133,2,2,9,1,2024-02-05
57,H00131,H00110,2,2,9,0,2024-02-05
57,H00133,H00011,2,0,18,0,2024-02-05
57,H00146,H00176,3,3,15,0,2024-02-05
57,H00176,H00842,3,18,2,1,2024-02-05
57,H00180,H00376,3,9,8,1,2024-02-05
57,H00230,H00194,4,4,19,1,2024-02-05
57,H00254,H00263,5,5,13,1,2024-02-05
57,H00258,H00268,5,5,7,0,2024-02-05
57,H00263,H00698,5,15,4,1,2024-02-05
57,H00267,H00197,5,4,14,0,2024-02-05
57,H00272,H00252,5,5,19,1,2024-02-05
57,H00276,H00363,6,8,15,1,2024-02-05
57,H00277,H00316,6,7,4,1,2024-02-05
57,H00278,H00505,6,12,15,0,2024-02-05
57,H00284,H00391,6,9,11,1,2024-02-05
57,H00303,H00295,6,6,8,0,2024-02-05
57,H00309,H00559,7,13,4,1,2024-02-05
57,H00315,H00331,7,7,21,1,2024-02-05
57,H00325,H00320,7,7,13,0,2024-02-05
57,H00334,H00277,7,6,18,1,2024-02-05
57,H00338,H00369,8,8,24,1,2024-02-05
57,H00343,H00945,8,22,13,0,2024-02-05
57,H00367,H00347,8,8,7,0,2024-02-05
57,H00368,H00345,8,8,22,1,2024-02-05
57,H00373,H00364,8,8,17,0,2024-02-05
57,H00388,H00394,9,9,13,1,2024-02-05
57,H00394,H00381,9,9,6,0,2024-02-05
57,H00399,H00403,9,9,17,0,2024-02-05
57,H00414,H00412,10,10,2,1,2024-02-05
57,H00438,H00108,10,2,12,1,2024-02-05
57,H00462,H00487,11,11,2,0,2024-02-05
57,H00468,H00445,11,11,17,1,2024-02-05
57,H00470,H00716,11,16,7,1,2024-02-05
57,H00480,H00491,11,11,23,1,2024-02-05
57,H00488,H00492,11,11,24,0,2024-02-05
57,H00491,H00457,11,11,10,1,2024-02-05
57,H00497,H00677,12,15,19,0,2024-02-05
57,H00499,H00524,12,12,20,0,2024-02-05
57,H00505,H00517,12,12,3,0,2024-02-05
57,H00506,H00739,12,16,2,0,2024-02-05
57,H00534,H00508,12,12,23,1,2024-02-05
57,H00548,H00598,13,13,20,0,2024-02-05
57,H00585,H00271,13,5,7,1,2024-02-05
57,H00609,H00672,14,15,9,1,2024-02-05
57,H00619,H00642,14,14,18,0,2024-02-05
57,H00624,H00029,14,0,2,1,2024-02-05
57,H00631,H00701,14,15,13,1,2024-02-05
57,H00637,H00748,14,16,21,1,2024-02-05
57,H00644,H00648,14,14,9,0,2024-02-05
57,H00646,H00476,14,11,14,1,2024-02-05
57,H00662,H00647,15,14,5,1,2024-02-05
57,H00670,H00749,15,16,14,0,2024-02-05
57,H00673,H00655,15,14,24,0,2024-02-05
57,H00676,H00706,15,15,17,1,2024-02-05
57,H00693,H00688,15,15,21,1,2024-02-05
57,H00696,H01029,15,25,22,0,2024-02-05
57,H00751,H00775,17,17,8,1,2024-02-05
57,H00761,H00700,17,15,7,1,2024-02-05
57,H00770,H00277,17,6,7,0,2024-02-05
57,H00788,H00795,17,17,2,1,2024-02-05
57,H00795,H00789,17,17,13,1,2024-02-05
57,H00806,H00946,18,22,17,0,2024-02-05
57,H00812,H00806,18,18,5,1,2024-02-05
57,H00815,H00825,18,18,18,0,2024-02-05
57,H00819,H00802,18,18,20,1,2024-02-05
57,H00829,H00716,18,16,22,1,2024-02-05
57,H00831,H00817,18,18,5,1,2024-02-05
57,H00835,H00840,18,18,13,1,2024-02-05
57,H00844,H00854,19,19,16,1,2024-02-05
57,H00848,H00851,19,19,14,0,2024-02-05
57,H00881,H00873,20,20,6,1,2024-02-05
57,H00882,H00846,20,19,3,0,2024-02-05
57,H00885,H00955,20,22,10,0,2024-02-05
57,H00896,H00896,21,21,17,1,2024-02-05
57,H00902,H00922,21,21,10,0,2024-02-05
57,H00908,H00910,21,21,9,0,2024-02-05
57,H00930,H00939,22,22,9,1,2024-02-05
57,H00937,H00959,22,22,18,1,2024-02-05
57,H00952,H00581,22,13,19,1,2024-02-05
57,H00956,H00928,22,22,18,1,2024-02-05
57,H00965,H00771,23,17,24,1,2024-02-05
57,H00966,H00952,23,22,11,1,2024-02-05
57,H00979,H00950,23,22,22,1,2024-02-05
57,H00980,H00993,23,23,10,1,2024-02-05
57,H00986,H00668,23,15,16,1,2024-02-05
57,H00992,H00990,23,23,18,1,2024-02-05
57,H01001,H00429,24,10,4,1,2024-02-05
57,H01023,H00971,25,23,8,0,2024-02-05
57,H01041,H00961,25,22,11,1,2024-02-05
57,H01052,H00405,25,9,19,0,2024-02-05
57,H01053,H01048,25,25,2,1,2024-02-05
57,H01062,H01061,26,26,17,0,2024-02-05
57,H01082,H01094,27,27,12,1,2024-02-05
57,H01092,H01097,27,27,11,1,2024-02-05
57,H01100,H01079,27,27,11,1,2024-02-05
58,H00000,H00162,0,3,15,1,2024-02-12
58,H00006,H00009,0,0,22,1,2024-02-12
58,H00021,H00105,0,2,14,1,2024-02-12
58,H00025,H00033,0,0,15,0,2024-02-12
58,H00042,H00048,1,1,9,0,2024-02-12
58,H00075,H00040,1,1,16,0,2024-02-12
58,H00080,H00277,1,6,24,1,2024-02-12
58,H00082,H00092,1,1,7,1,2024-02-12
58,H00086,H00608,1,14,18,1,2024-02-12
58,H00105,H00382,2,9,21,0,2024-02-12
58,H00142,H00124,2,2,24,1,2024-02-12
58,H00181,H00613,3,14,23,0,2024-02-12
58,H00189,H00695,4,15,7,0,2024-02-12
58,H00190,H00195,4,4,21,1,2024-02-12
58,H00193,H00019,4,0,15,0,2024-02-12
58,H00198,H00193,4,4,14,1,2024-02-12
58,H00206,H00228,4,4,23,0,2024-02-12
58,H00207,H00204,4,4,11,0,2024-02-12
58,H00211,H00209,4,4,20,0,2024-02-12
58,H00221,H00198,4,4,14,1,2024-02-12
58,H00222,H00223,4,4,10,1,2024-02-12
58,H00233,H00265,5,5,14,1,2024-02-12
58,H00262,H00256,5,5,18,1,2024-02-12
58,H00286,H00300,6,6,12,1,2024-02-12
58,H00287,H00303,6,6,7,0,2024-02-12
58,H00301,H00465,6,11,5,0,2024-02-12
58,H00303,H00295,6,6,11,1,2024-02-12
58,H00306,H00294,6,6,14,1,2024-02-12
58,H00313,H00324,7,7,19,1,2024-02-12
58,H00321,H00307,7,6,4,1,2024-02-12
58,H00324,H00317,7,7,21,0,2024-02-12
58,H00362,H00325,8,7,6,0,2024-02-12
58,H00390,H00083,9,1,4,0,2024-02-12
58,H00405,H00327,9,7,17,1,2024-02-12
58,H00427,H00427,10,10,11,1,2024-02-12
58,H00438,H00412,10,10,10,1,2024-02-12
58,H00448,H00499,11,12,24,1,2024-02-12
58,H00460,H00460,11,11,20,1,2024-02-12
58,H00480,H00332,11,7,24,1,2024-02-12
58,H00484,H00008,11,0,11,1,2024-02-12
58,H00510,H00496,12,12,2,0,2024-02-12
58,H00514,H00526,12,12,6,1,2024-02-12
58,H00516,H00540,12,12,7,0,2024-02-12
58,H00517,H00029,12,0,18,1,2024-02-12
58,H00524,H00502,12,12,4,0,2024-02-12
58,H00533,H00497,12,12,11,0,2024-02-12
58,H00534,H00515,12,12,15,1,2024-02-12
58,H00561,H00680,13,15,12,0,2024-02-12
58,H00567,H00603,13,13,15,1,2024-02-12
58,H00569,H00644,13,14,17,0,2024-02-12
58,H00621,H00465,14,11,9,1,2024-02-12
58,H00626,H00655,14,14,2,1,2024-02-12
58,H00634,H00638,14,14,21,1,2024-02-12
58,H00635,H00453,14,11,5,1,2024-02-12
58,H00647,H00322,14,7,19,1,2024-02-12
58,H00655,H00173,14,3,12,0,2024-02-12
58,H00662,H00679,15,15,14,1,2024-02-12
58,H00666,H00670,15,15,17,1,2024-02-12
58,H00680,H00669,15,15,2,0,2024-02-12
58,H00683,H00960,15,22,3,0,2024-02-12
58,H00690,H00706,15,15,4,0,2024-02-12
58,H00699,H00704,15,15,4,0,2024-02-12
58,H00725,H00488,16,11,3,1,2024-02-12
58,H00739,H00735,16,16,7,0,2024-02-12
58,H00741,H00490,16,11,17,0,2024-02-12
58,H00754,H00776,17,17,21,0,2024-02-12
58,H00756,H00795,17,17,19,0,2024-02-12
58,H00777,H00773,17,17,7,0,2024-02-12
58,H00783,H00751,17,17,8,0,2024-02-12
58,H00787,H00557,17,13,11,0,2024-02-12
58,H00817,H00837,18,18,9,1,2024-02-12
58,H00821,H00851,18,19,17,1,2024-02-12
58,H00828,H00490,18,11,3,1,2024-02-12
58,H00839,H00841,18,18,23,0,2024-02-12
58,H00843,H00446,19,11,14,1,2024-02-12
58,H00852,H00861,19,19,7,0,2024-02-12
58,H00853,H00865,19,19,12,0,2024-02-12
58,H00882,H00869,20,19,19,1,2024-02-12
58,H00896,H00531,21,12,14,1,2024-02-12
58,H00928,H00941,22,22,18,1,2024-02-12
58,H00941,H00943,22,22,10,1,2024-02-12
58,H00942,H00956,22,22,18,1,2024-02-12
58,H00943,H00957,22,22,19,0,2024-02-12
58,H00958,H00955,22,22,6,1,2024-02-12
58,H00974,H00867,23,19,10,1,2024-02-12
58,H01002,H01000,24,24,12,1,2024-02-12
58,H01013,H00996,24,24,14,1,2024-02-12
58,H01030,H01029,25,25,19,1,2024-02-12
58,H01072,H01060,26,26,10,1,2024-02-12
58,H01075,H01062,26,26,13,1,2024-02-12
58,H01096,H01103,27,27,15,1,2024-02-12
58,H01097,H01111,27,27,8,1,2024-02-12
58,H01102,H01092,27,27,16,1,2024-02-12
59,H00008,H00036,0,0,16,1,2024-02-19
59,H00017,H00018,0,0,3,1,2024-02-19
59,H00026,H00142,0,2,23,1,2024-02-19
59,H00030,H00004,0,0,19,1,2024-02-19
59,H00052,H00010,1,0,2,1,2024-02-19
59,H00078,H00148,1,3,16,1,2024-02-19
59,H00088,H00054,1,1,22,1,2024-02-19
59,H00108,H00137,2,2,14,1,2024-02-19
59,H00113,H00105,2,2,6,1,2024-02-19
59,H00125,H00782,2,17,9,1,2024-02-19
59,H00133,H00108,2,2,9,1,2024-02-19
59,H00137,H00105,2,2,18,1,2024-02-19
59,H00145,H00175,3,3,2,0,2024-02-19
59,H00181,H00170,3,3,17,0,2024-02-19
59,H00194,H00674,4,15,2,1,2024-02-19
59,H00214,H00203,4,4,5,1,2024-02-19
59,H00219,H00214,4,4,6,1,2024-02-19
59,H00231,H00218,4,4,19,1,2024-02-19
59,H00286,H00284,6,6,2,1,2024-02-19
59,H00294,H00303,6,6,16,1,2024-02-19
59,H00306,H00318,6,7,6,1,2024-02-19
59,H00322,H00328,7,7,14,1,2024-02-19
59,H00363,H00132,8,2,13,1,2024-02-19
59,H00366,H00361,8,8,13,0,2024-02-19
59,H00369,H00346,8,8,14,1,2024-02-19
59,H00401,H00372,9,8,18,1,2024-02-19
59,H00404,H00133,9,2,18,0,2024-02-19
59,H00419,H00425,10,10,7,1,2024-02-19
59,H00436,H00313,10,7,15,0,2024-02-19
59,H00440,H00415,10,10,19,0,2024-02-19
59,H00442,H00600,11,13,20,1,2024-02-19
59,H00478,H00479,11,11,3,0,2024-02-19
59,H00481,H00210,11,4,19,1,2024-02-19
59,H00492,H00461,11,11,17,0,2024-02-19
59,H00498,H00117,12,2,8,1,2024-02-19
59,H00512,H00455,12,11,8,1,2024-02-19
59,H00524,H00847,12,19,4,0,2024-02-19
59,H00528,H00848,12,19,6,0,2024-02-19
59,H00531,H00503,12,12,6,0,2024-02-19
59,H00544,H00551,13,13,19,1,2024-02-19
59,H00567,H00708,13,15,18,1,2024-02-19
59,H00573,H00572,13,13,10,0,2024-02-19
59,H00577,H00691,13,15,6,1,2024-02-19
59,H00579,H00574,13,13,16,1,2024-02-19
59,H00601,H00580,13,13,13,0,2024-02-19
59,H00609,H00651,14,14,16,0,2024-02-19
59,H00640,H00641,14,14,5,1,2024-02-19
59,H00647,H00400,14,9,8,1,2024-02-19
59,H00657,H00631,14,14,16,0,2024-02-19
59,H00662,H00688,15,15,19,1,2024-02-19
59,H00671,H00691,15,15,16,1,2024-02-19
59,H00691,H00687,15,15,8,0,2024-02-19
59,H00703,H00628,15,14,14,1,2024-02-19
59,H00711,H00749,16,16,11,0,2024-02-19
59,H00713,H00710,16,16,15,1,2024-02-19
59,H00718,H00270,16,5,8,1,2024-02-19
59,H00727,H00723,16,16,2,1,2024-02-19
59,H00748,H00747,16,16,22,1,2024-02-19
59,H00760,H00719,17,16,21,1,2024-02-19
59,H00770,H00757,17,17,8,0,2024-02-19
59,H00779,H00761,17,17,10,0,2024-02-19
59,H00797,H00619,17,14,16,1,2024-02-19
59,H00810,H00819,18,18,22,0,2024-02-19
59,H00817,H00829,18,18,11,0,2024-02-19
59,H00820,H00845,18,19,21,1,2024-02-19
59,H00826,H00803,18,18,23,1,2024-02-19
59,H00832,H00804,18,18,12,0,2024-02-19
59,H00834,H00825,18,18,6,1,2024-02-19
59,H00839,H00831,18,18,8,1,2024-02-19
59,H00852,H00848,19,19,22,1,2024-02-19
59,H00856,H00861,19,19,8,1,2024-02-19
59,H00866,H00958,19,22,4,1,2024-02-19
59,H00867,H00854,19,19,24,1,2024-02-19
59,H00869,H00857,19,19,24,1,2024-02-19
59,H00873,H00875,20,20,9,1,2024-02-19
59,H00877,H00891,20,20,20,1,2024-02-19
59,H00884,H01067,20,26,8,0,2024-02-19
59,H00890,H00878,20,20,13,0,2024-02-19
59,H00895,H00438,20,10,9,0,2024-02-19
59,H00899,H00901,21,21,19,0,2024-02-19
59,H00921,H00909,21,21,12,1,2024-02-19
59,H00930,H00946,22,22,17,1,2024-02-19
59,H00947,H00944,22,22,12,0,2024-02-19
59,H00954,H00958,22,22,23,0,2024-02-19
59,H00961,H00955,22,22,11,1,2024-02-19
59,H00964,H01007,22,24,5,0,2024-02-19
59,H00999,H01021,24,24,3,1,2024-02-19
59,H01018,H01012,24,24,21,1,2024-02-19
59,H01022,H01023,25,25,17,0,2024-02-19
59,H01028,H01054,25,25,11,1,2024-02-19
59,H01078,H01107,27,27,16,0,2024-02-19
59,H01095,H00931,27,22,21,1,2024-02-19
59,H01100,H00987,27,23,5,0,2024-02-19
59,H01104,H00843,27,19,9,1,2024-02-19
59,H01110,H01103,27,27,18,1,2024-02-19
60,H00002,H00500,0,12,4,0,2024-02-26
60,H00007,H00030,0,0,9,0,2024-02-26
60,H00024,H00012,0,0,7,1,2024-02-26
60,H00026,H00005,0,0,17,1,2024-02-26
60,H00035,H00892,0,20,24,0,2024-02-26
60,H00037,H00100,0,2,16,1,2024-02-26
60,H00053,H00684,1,15,3,1,2024-02-26
60,H00062,H00073,1,1,17,0,2024-02-26
60,H00068,H00028,1,0,15,0,2024-02-26
60,H00071,H00588,1,13,10,1,2024-02-26
60,H00073,H00023,1,0,7,0,2024-02-26
60,H00082,H00042,1,1,6,0,2024-02-26
60,H00109,H00020,2,0,12,1,2024-02-26
60,H00111,H00114,2,2,17,1,2024-02-26
60,H00114,H00106,2,2,6,1,2024-02-26
60,H00139,H00316,2,7,8,1,2024-02-26
60,H00143,H00017,3,0,15,1,2024-02-26
60,H00146,H00171,3,3,5,1,2024-02-26
60,H00156,H00261,3,5,16,1,2024-02-26
60,H00157,H00172,3,3,23,1,2024-02-26
60,H00175,H00175,3,3,10,1,2024-02-26
60,H00184,H00289,3,6,14,1,2024-02-26
60,H00191,H00195,4,4,17,0,2024-02-26
60,H00200,H00613,4,14,13,0,2024-02-26
60,H00204,H00020,4,0,4,1,2024-02-26
60,H00207,H00211,4,4,22,1,2024-02-26
60,H00212,H00527,4,12,8,0,2024-02-26
60,H00221,H00014,4,0,6,0,2024-02-26
60,H00233,H00254,5,5,24,1,2024-02-26
60,H00235,H00202,5,4,3,1,2024-02-26
60,H00245,H00263,5,5,21,1,2024-02-26
60,H00249,H00235,5,5,9,0,2024-02-26
60,H00267,H00251,5,5,4,1,2024-02-26
60,H00338,H00341,8,8,11,1,2024-02-26
60,H00351,H00346,8,8,11,0,2024-02-26
60,H00398,H00292,9,6,24,1,2024-02-26
60,H00400,H00330,9,7,7,0,2024-02-26
60,H00404,H00292,9,6,16,1,2024-02-26
60,H00414,H00428,10,10,16,1,2024-02-26
60,H00426,H00710,10,16,3,1,2024-02-26
60,H00429,H00280,10,6,10,1,2024-02-26
60,H00440,H00433,10,10,11,1,2024-02-26
60,H00442,H00447,11,11,10,1,2024-02-26
60,H00449,H00474,11,11,16,1,2024-02-26
60,H00459,H00448,11,11,24,0,2024-02-26
60,H00464,H00490,11,11,15,1,2024-02-26
60,H00482,H00722,11,16,19,1,2024-02-26
60,H00492,H00492,11,11,9,1,2024-02-26
60,H00521,H00500,12,12,5,1,2024-02-26
60,H00526,H00505,12,12,20,1,2024-02-26
60,H00528,H00237,12,5,20,1,2024-02-26
60,H00536,H00488,12,11,2,1,2024-02-26
60,H00542,H00578,13,13,11,1,2024-02-26
60,H00559,H00599,13,13,18,1,2024-02-26
60,H00565,H00679,13,15,20,1,2024-02-26
60,H00568,H00542,13,13,6,0,2024-02-26
60,H00592,H00587,13,13,19,1,2024-02-26
60,H00593,H00618,13,14,5,1,2024-02-26
60,H00597,H00820,13,18,17,1,2024-02-26
60,H00650,H00622,14,14,17,1,2024-02-26
60,H00659,H00683,14,15,24,1,2024-02-26
60,H00666,H00687,15,15,3,1,2024-02-26
60,H00668,H00577,15,13,3,0,2024-02-26
60,H00671,H00665,15,15,14,1,2024-02-26
60,H00677,H00020,15,0,13,1,2024-02-26
60,H00681,H00700,15,15,23,1,2024-02-26
60,H00684,H00680,15,15,4,0,2024-02-26
60,H00686,H00679,15,15,2,1,2024-02-26
60,H00707,H00563,15,13,5,0,2024-02-26
60,H00710,H00713,16,16,24,1,2024-02-26
60,H00716,H00844,16,19,13,0,2024-02-26
60,H00721,H00748,16,16,11,1,2024-02-26
60,H00724,H00715,16,16,7,0,2024-02-26
60,H00736,H00864,16,19,4,1,2024-02-26
60,H00750,H00847,16,19,3,1,2024-02-26
60,H00762,H00811,17,18,22,1,2024-02-26
60,H00788,H00105,17,2,17,0,2024-02-26
60,H00790,H00718,17,16,5,1,2024-02-26
60,H00800,H00464,17,11,23,1,2024-02-26
60,H00811,H00801,18,18,11,1,2024-02-26
60,H00820,H00840,18,18,8,1,2024-02-26
60,H00839,H00841,18,18,14,1,2024-02-26
60,H00843,H00850,19,19,3,1,2024-02-26
60,H00852,H00610,19,14,9,1,2024-02-26
60,H00857,H00847,19,19,6,0,2024-02-26
60,H00863,H00853,19,19,20,1,2024-02-26
60,H00884,H00886,20,20,14,1,2024-02-26
60,H00887,H00670,20,15,4,1,2024-02-26
60,H00892,H00875,20,20,5,1,2024-02-26
60,H00904,H00913,21,21,16,1,2024-02-26
60,H00912,H00926,21,21,3,0,2024-02-26
60,H00920,H00922,21,21,22,1,2024-02-26
60,H00923,H00897,21,21,2,0,2024-02-26
60,H00928,H00928,22,22,6,1,2024-02-26
60,H00937,H00852,22,19,4,1,2024-02-26
60,H00940,H00936,22,22,13,0,2024-02-26
60,H00953,H00933,22,22,3,0,2024-02-26
60,H00956,H00948,22,22,20,1,2024-02-26
60,H00959,H00928,22,22,16,1,2024-02-26
60,H00981,H00969,23,23,2,1,2024-02-26
60,H00984,H00936,23,22,9,1,2024-02-26
60,H01015,H00942,24,22,4,0,2024-02-26
60,H01019,H01016,24,24,8,0,2024-02-26
60,H01028,H01044,25,25,7,1,2024-02-26
60,H01034,H01043,25,25,12,1,2024-02-26
60,H01058,H01059,26,26,17,1,2024-02-26
60,H01060,H01076,26,26,2,0,2024-02-26
60,H01064,H00720,26,16,4,1,2024-02-26
60,H01067,H01062,26,26,4,1,2024-02-26
60,H01072,H00975,26,23,6,0,2024-02-26
60,H01095,H00950,27,22,4,1,2024-02-26
60,H01098,H01099,27,27,12,1,2024-02-26
60,H01111,H00452,27,11,9,1,2024-02-26
61,H00005,H00036,0,0,24,1,2024-03-04
61,H00018,H00018,0,0,20,0,2024-03-04
61,H00023,H00609,0,14,20,1,2024-03-04
61,H00030,H00025,0,0,5,0,2024-03-04
61,H00050,H00095,1,1,16,0,2024-03-04
61,H00053,H00085,1,1,12,1,2024-03-04
61,H00061,H00095,1,1,4,1,2024-03-04
61,H00084,H00040,1,1,2,1,2024-03-04
61,H00094,H00077,1,1,18,1,2024-03-04
61,H00099,H00106,2,2,16,1,2024-03-04
61,H00108,H00118,2,2,19,1,2024-03-04
61,H00111,H00014,2,0,6,1,2024-03-04
61,H00117,H00136,2,2,22,0,2024-03-04
61,H00125,H00116,2,2,6,0,2024-03-04
61,H00143,H00168,3,3,24,1,2024-03-04
61,H00145,H00695,3,15,2,1,2024-03-04
61,H00148,H00278,3,6,19,0,2024-03-04
61,H00150,H00148,3,3,19,1,2024-03-04
61,H00151,H00168,3,3,5,1,2024-03-04
61,H00158,H00163,3,3,19,0,2024-03-04
61,H00160,H00354,3,8,20,1,2024-03-04
61,H00174,H00161,3,3,7,0,2024-03-04
61,H00178,H00174,3,3,23,1,2024-03-04
61,H00190,H00200,4,4,19,1,2024-03-04
61,H00199,H00187,4,4,7,1,2024-03-04
61,H00208,H00210,4,4,21,1,2024-03-04
61,H00220,H00365,4,8,7,0,2024-03-04
61,H00225,H00221,4,4,11,1,2024-03-04
61,H00233,H00267,5,5,3,0,2024-03-04
61,H00237,H00712,5,16,14,0,2024-03-04
61,H00271,H00891,5,20,22,1,2024-03-04
61,H00279,H00306,6,6,11,1,2024-03-04
61,H00284,H00305,6,6,20,0,2024-03-04
61,H00300,H00288,6,6,10,0,2024-03-04
61,H00302,H00291,6,6,19,0,2024-03-04
61,H00309,H00130,7,2,23,0,2024-03-04
61,H00329,H00316,7,7,24,1,2024-03-04
61,H00341,H00337,8,8,3,0,2024-03-04
61,H00343,H00344,8,8,7,1,2024-03-04
61,H00344,H00368,8,8,4,1,2024-03-04
61,H00345,H00359,8,8,3,1,2024-03-04
61,H00347,H00366,8,8,20,0,2024-03-04
61,H00374,H00122,8,2,11,0,2024-03-04
61,H00389,H00385,9,9,14,1,2024-03-04
61,H00397,H00395,9,9,10,0,2024-03-04
61,H00399,H00296,9,6,3,1,2024-03-04
61,H00402,H00132,9,2,10,0,2024-03-04
61,H00406,H00429,10,10,19,1,2024-03-04
61,H00411,H00406,10,10,24,0,2024-03-04
61,H00421,H00423,10,10,9,0,2024-03-04
61,H00428,H00430,10,10,15,1,2024-03-04
61,H00430,H00690,10,15,22,1,2024-03-04
61,H00432,H00922,10,21,7,1,2024-03-04
61,H00434,H00441,10,10,2,0,2024-03-04
61,H00444,H00470,11,11,7,0,2024-03-04
61,H00449,H00328,11,7,7,0,2024-03-04
61,H00467,H00689,11,15,17,1,2024-03-04
61,H00470,H00482,11,11,5,1,2024-03-04
61,H00473,H00461,11,11,20,0,2024-03-04
61,H00476,H00771,11,17,14,0,2024-03-04
61,H00490,H00136,11,2,11,1,2024-03-04
61,H00491,H00300,11,6,4,1,2024-03-04
61,H00501,H00300,12,6,7,1,2024-03-04
61,H00511,H00531,12,12,10,0,2024-03-04
61,H00524,H00677,12,15,7,1,2024-03-04
61,H00536,H00535,12,12,11,0,2024-03-04
61,H00553,H00590,13,13,22,1,2024-03-04
61,H00557,H00288,13,6,10,1,2024-03-04
61,H00577,H00546,13,13,20,1,2024-03-04
61,H00589,H00274,13,5,11,0,2024-03-04
61,H00604,H00607,14,14,24,0,2024-03-04
61,H00626,H00614,14,14,9,1,2024-03-04
61,H00651,H00262,14,5,8,1,2024-03-04
61,H00653,H00614,14,14,2,1,2024-03-04
61,H00656,H00643,14,14,13,1,2024-03-04
61,H00657,H00624,14,14,20,1,2024-03-04
61,H00662,H00685,15,15,8,1,2024-03-04
61,H00666,H00800,15,17,8,1,2024-03-04
61,H00671,H00432,15,10,17,0,2024-03-04
61,H00678,H00560,15,13,17,1,2024-03-04
61,H00681,H00085,15,1,15,0,2024-03-04
61,H00700,H00673,15,15,22,1,2024-03-04
61,H00703,H00616,15,14,4,1,2024-03-04
61,H00710,H00726,16,16,19,1,2024-03-04
61,H00717,H00750,16,16,24,1,2024-03-04
61,H00720,H00742,16,16,8,1,2024-03-04
61,H00727,H00457,16,11,21,0,2024-03-04
61,H00742,H00285,16,6,18,0,2024-03-04
61,H00744,H00733,16,16,5,1,2024-03-04
61,H00759,H00739,17,16,22,0,2024-03-04
61,H00776,H00765,17,17,11,0,2024-03-04
61,H00794,H00749,17,16,7,1,2024-03-04
61,H00797,H00342,17,8,18,1,2024-03-04
61,H00821,H00835,18,18,24,1,2024-03-04
61,H00825,H00786,18,17,19,0,2024-03-04
61,H00832,H00310,18,7,19,1,2024-03-04
61,H00839,H00671,18,15,3,1,2024-03-04
61,H00843,H00411,19,10,9,0,2024-03-04
61,H00857,H00870,19,19,16,1,2024-03-04
61,H00861,H00865,19,19,22,0,2024-03-04
61,H00875,H00894,20,20,22,1,2024-03-04
61,H00883,H00888,20,20,3,0,2024-03-04
61,H00894,H00886,20,20,16,1,2024-03-04
61,H00909,H00896,21,21,21,0,2024-03-04
61,H00922,H00922,21,21,8,0,2024-03-04
61,H00924,H00913,21,21,6,0,2024-03-04
61,H00928,H00933,22,22,15,1,2024-03-04
61,H00937,H00928,22,22,2,0,2024-03-04
61,H00940,H00964,22,22,23,1,2024-03-04
61,H00946,H00932,22,22,2,0,2024-03-04
61,H00950,H00936,22,22,23,0,2024-03-04
61,H00951,H00002,22,0,5,1,2024-03-04
61,H00961,H00886,22,20,20,0,2024-03-04
61,H00962,H00948,22,22,15,1,2024-03-04
61,H00988,H00966,23,23,14,1,2024-03-04
61,H01001,H00930,24,22,14,1,2024-03-04
61,H01002,H01013,24,24,12,1,2024-03-04
61,H01004,H01001,24,24,6,1,2024-03-04
61,H01027,H01028,25,25,24,1,2024-03-04
61,H01048,H00855,25,19,21,0,2024-03-04
61,H01063,H01058,26,26,4,1,2024-03-04
61,H01094,H01091,27,27,9,0,2024-03-04
61,H01111,H01080,27,27,4,0,2024-03-04
62,H00047,H00067,1,1,19,1,2024-03-11
62,H00062,H00075,1,1,15,0,2024-03-11
62,H00083,H00069,1,1,23,0,2024-03-11
62,H00098,H00074,1,1,21,1,2024-03-11
62,H00100,H00539,2,12,14,0,2024-03-11
62,H00114,H00128,2,2,16,1,2024-03-11
62,H00120,H00008,2,0,8,1,2024-03-11
62,H00142,H00178,2,3,16,1,2024-03-11
62,H00151,H00161,3,3,4,1,2024-03-11
62,H00176,H00148,3,3,6,0,2024-03-11
62,H00181,H00147,3,3,12,0,2024-03-11
62,H00213,H00432,4,10,17,1,2024-03-11
62,H00226,H00246,4,5,21,1,2024-03-11
62,H00236,H00183,5,3,17,0,2024-03-11
62,H00240,H00257,5,5,18,1,2024-03-11
62,H00252,H00233,5,5,10,0,2024-03-11
62,H00283,H00289,6,6,23,0,2024-03-11
62,H00287,H00283,6,6,6,0,2024-03-11
62,H00288,H00290,6,6,14,0,2024-03-11
62,H00296,H00413,6,10,21,1,2024-03-11
62,H00298,H00306,6,6,3,0,2024-03-11
62,H00309,H00329,7,7,16,1,2024-03-11
62,H00317,H00326,7,7,18,1,2024-03-11
62,H00325,H00454,7,11,17,0,2024-03-11
62,H00350,H00116,8,2,14,1,2024-03-11
62,H00352,H00368,8,8,23,1,2024-03-11
62,H00364,H00340,8,8,22,0,2024-03-11
62,H00367,H00437,8,10,17,1,2024-03-11
62,H00381,H00386,9,9,6,1,2024-03-11
62,H00392,H00375,9,9,20,0,2024-03-11
62,H00405,H00400,9,9,15,0,2024-03-11
62,H00406,H00355,10,8,5,1,2024-03-11
62,H00417,H00135,10,2,16,1,2024-03-11
62,H00430,H00424,10,10,7,1,2024-03-11
62,H00435,H00424,10,10,2,0,2024-03-11
62,H00440,H00430,10,10,6,0,2024-03-11
62,H00442,H00478,11,11,8,1,2024-03-11
62,H00451,H00486,11,11,7,1,2024-03-11
62,H00491,H00011,11,0,4,0,2024-03-11
62,H00502,H00496,12,12,6,1,2024-03-11
62,H00504,H00534,12,12,2,0,2024-03-11
62,H00505,H00333,12,7,12,1,2024-03-11
62,H00509,H00510,12,12,14,0,2024-03-11
62,H00510,H00495,12,12,16,0,2024-03-11
62,H00511,H00856,12,19,18,0,2024-03-11
62,H00524,H00506,12,12,11,0,2024-03-11
62,H00532,H00671,12,15,9,1,2024-03-11
62,H00543,H00548,13,13,15,0,2024-03-11
62,H00546,H00582,13,13,18,0,2024-03-11
62,H00555,H00680,13,15,9,1,2024-03-11
62,H00564,H00585,13,13,9,1,2024-03-11
62,H00565,H00590,13,13,9,0,2024-03-11
62,H00578,H01076,13,26,4,1,2024-03-11
62,H00600,H00433,13,10,14,0,2024-03-11
62,H00606,H00673,14,15,22,1,2024-03-11
62,H00607,H00492,14,11,8,0,2024-03-11
62,H00608,H00334,14,7,14,1,2024-03-11
62,H00626,H00470,14,11,18,0,2024-03-11
62,H00639,H00643,14,14,12,1,2024-03-11
62,H00656,H00665,14,15,9,0,2024-03-11
62,H00659,H00618,14,14,2,0,2024-03-11
62,H00673,H00693,15,15,15,1,2024-03-11
62,H00689,H00722,15,16,11,1,2024-03-11
62,H00703,H00142,15,2,8,0,2024-03-11
62,H00708,H00675,15,15,4,0,2024-03-11
62,H00712,H00414,16,10,17,1,2024-03-11
62,H00714,H00740,16,16,10,1,2024-03-11
62,H00737,H00740,16,16,21,1,2024-03-11
62,H00765,H00850,17,19,6,0,2024-03-11
62,H00781,H00758,17,17,15,0,2024-03-11
62,H00782,H00764,17,17,18,1,2024-03-11
62,H00783,H00769,17,17,15,0,2024-03-11
62,H00793,H00770,17,17,4,1,2024-03-11
62,H00799,H00761,17,17,8,1,2024-03-11
62,H00824,H00828,18,18,6,0,2024-03-11
62,H00825,H00947,18,22,18,1,2024-03-11
62,H00843,H00860,19,19,3,1,2024-03-11
62,H00855,H00864,19,19,2,1,2024-03-11
62,H00870,H00861,19,19,7,1,2024-03-11
62,H00921,H00919,21,21,10,0,2024-03-11
62,H00928,H00951,22,22,10,1,2024-03-11
62,H00929,H00461,22,11,15,1,2024-03-11
62,H00930,H00957,22,22,23,0,2024-03-11
62,H00934,H00943,22,22,16,0,2024-03-11
62,H00944,H00944,22,22,17,1,2024-03-11
62,H00986,H00941,23,22,18,1,2024-03-11
62,H01008,H01020,24,24,12,1,2024-03-11
62,H01017,H01000,24,24,16,0,2024-03-11
62,H01020,H00994,24,24,3,1,2024-03-11
62,H01024,H01042,25,25,18,1,2024-03-11
62,H01037,H00966,25,23,19,0,2024-03-11
62,H01041,H00304,25,6,10,0,2024-03-11
62,H01047,H01039,25,25,19,1,2024-03-11
62,H01048,H00873,25,20,11,0,2024-03-11
62,H01049,H01029,25,25,10,0,2024-03-11
62,H01052,H00007,25,0,12,0,2024-03-11
62,H01076,H01072,26,26,20,0,2024-03-11
62,H01083,H01083,27,27,6,0,2024-03-11
62,H01086,H01105,27,27,17,0,2024-03-11
62,H01090,H01106,27,27,14,0,2024-03-11
62,H01098,H01105,27,27,16,1,2024-03-11
62,H01103,H00719,27,16,2,1,2024-03-11
63,H00004,H00691,0,15,13,1,2024-03-18
63,H00010,H00281,0,6,15,1,2024-03-18
63,H00026,H00131,0,2,5,1,2024-03-18
63,H00043,H00111,1,2,14,1,2024-03-18
63,H00046,H00050,1,1,23,1,2024-03-18
63,H00072,H00044,1,1,6,1,2024-03-18
63,H00092,H00049,1,1,5,1,2024-03-18
63,H00101,H00005,2,0,9,1,2024-03-18
63,H00104,H00113,2,2,9,0,2024-03-18
63,H00106,H00137,2,2,21,0,2024-03-18
63,H00108,H00015,2,0,24,1,2024-03-18
63,H00116,H00527,2,12,20,0,2024-03-18
63,H00126,H00138,2,2,14,1,2024-03-18
63,H00135,H00038,2,0,18,1,2024-03-18
63,H00150,H00160,3,3,2,1,2024-03-18
63,H00157,H00149,3,3,16,0,2024-03-18
63,H00177,H00144,3,3,6,0,2024-03-18
63,H00189,H00216,4,4,8,1,2024-03-18
63,H00213,H00282,4,6,10,0,2024-03-18
63,H00220,H00230,4,4,9,1,2024-03-18
63,H00231,H00191,4,4,7,1,2024-03-18
63,H00240,H00271,5,5,2,0,2024-03-18
63,H00263,H00218,5,4,11,0,2024-03-18
63,H00282,H00291,6,6,4,1,2024-03-18
63,H00287,H00277,6,6,4,0,2024-03-18
63,H00294,H00136,6,2,10,1,2024-03-18
63,H00299,H00743,6,16,8,0,2024-03-18
63,H00306,H00277,6,6,11,1,2024-03-18
63,H00309,H00324,7,7,15,1,2024-03-18
63,H00317,H00347,7,8,7,0,2024-03-18
63,H00336,H00327,7,7,9,0,2024-03-18
63,H00353,H00355,8,8,20,0,2024-03-18
63,H00364,H00364,8,8,2,0,2024-03-18
63,H00394,H00383,9,9,14,1,2024-03-18
63,H00415,H00439,10,10,9,0,2024-03-18
63,H00416,H00417,10,10,8,0,2024-03-18
63,H00419,H00420,10,10,18,1,2024-03-18
63,H00438,H00975,10,23,4,1,2024-03-18
63,H00441,H00409,10,10,12,1,2024-03-18
63,H00442,H00336,11,7,7,1,2024-03-18
63,H00455,H00466,11,11,15,1,2024-03-18
63,H00473,H00455,11,11,5,0,2024-03-18
63,H00475,H00462,11,11,23,0,2024-03-18
63,H00479,H00376,11,9,24,1,2024-03-18
63,H00501,H00531,12,12,22,1,2024-03-18
63,H00510,H00530,12,12,20,0,2024-03-18
63,H00522,H00518,12,12,4,0,2024-03-18
63,H00528,H00455,12,11,23,1,2024-03-18
63,H00530,H00537,12,12,15,1,2024-03-18
63,H00541,H00304,12,6,8,1,2024-03-18
63,H00547,H00549,13,13,22,1,2024-03-18
63,H00558,H00596,13,13,21,0,2024-03-18
63,H00597,H00543,13,13,23,1,2024-03-18
63,H00611,H00672,14,15,7,1,2024-03-18
63,H00620,H00625,14,14,15,1,2024-03-18
63,H00639,H00604,14,14,7,0,2024-03-18
63,H00654,H00509,14,12,5,0,2024-03-18
63,H00682,H00694,15,15,13,1,2024-03-18
63,H00707,H00663,15,15,2,1,2024-03-18
63,H00715,H00647,16,14,12,1,2024-03-18
63,H00726,H00703,16,15,16,0,2024-03-18
63,H00741,H00744,16,16,8,1,2024-03-18
63,H00746,H00714,16,16,10,1,2024-03-18
63,H00753,H00777,17,17,18,1,2024-03-18
63,H00758,H00762,17,17,4,1,2024-03-18
63,H00762,H00357,17,8,5,0,2024-03-18
63,H00765,H00775,17,17,12,0,2024-03-18
63,H00767,H00223,17,4,10,1,2024-03-18
63,H00770,H00775,17,17,16,1,2024-03-18
63,H00773,H00850,17,19,18,0,2024-03-18
63,H00781,H00752,17,17,3,0,2024-03-18
63,H00802,H00806,18,18,4,1,2024-03-18
63,H00811,H00819,18,18,4,1,2024-03-18
63,H00823,H00737,18,16,14,1,2024-03-18
63,H00827,H00813,18,18,17,1,2024-03-18
63,H00845,H00853,19,19,6,1,2024-03-18
63,H00867,H00850,19,19,4,0,2024-03-18
63,H00872,H00887,20,20,7,1,2024-03-18
63,H00883,H00889,20,20,9,1,2024-03-18
63,H00891,H00893,20,20,18,1,2024-03-18
63,H00893,H00871,20,20,18,0,2024-03-18
63,H00896,H00899,21,21,14,1,2024-03-18
63,H00904,H00914,21,21,8,0,2024-03-18
63,H00917,H00857,21,19,2,1,2024-03-18
63,H00930,H00847,22,19,13,0,2024-03-18
63,H00931,H00955,22,22,18,0,2024-03-18
63,H00942,H00939,22,22,3,0,2024-03-18
63,H00949,H00994,22,24,16,1,2024-03-18
63,H00950,H00938,22,22,3,0,2024-03-18
63,H00973,H00960,23,22,10,0,2024-03-18
63,H00978,H00977,23,23,23,1,2024-03-18
63,H00985,H00592,23,13,16,1,2024-03-18
63,H00987,H00976,23,23,10,1,2024-03-18
63,H00993,H00984,23,23,7,0,2024-03-18
63,H01023,H01037,25,25,4,1,2024-03-18
63,H01033,H01024,25,25,4,0,2024-03-18
63,H01051,H00663,25,15,16,1,2024-03-18
63,H01061,H01022,26,25,22,1,2024-03-18
63,H01071,H00743,26,16,14,1,2024-03-18
63,H01079,H01108,27,27,3,1,2024-03-18
63,H01083,H01104,27,27,7,1,2024-03-18
63,H01084,H01047,27,25,2,1,2024-03-18
63,H01086,H01089,27,27,20,1,2024-03-18
63,H01089,H00859,27,19,17,1,2024-03-18
63,H01092,H00939,27,22,16,0,2024-03-18
63,H01098,H01081,27,27,10,1,2024-03-18
63,H01104,H01089,27,27,5,1,2024-03-18
63,H01105,H01092,27,27,20,1,2024-03-18
63,H01109,H01097,27,27,3,1,2024-03-18
64,H00000,H00670,0,15,17,1,2024-03-25
64,H00013,H00000,0,0,22,0,2024-03-25
64,H00016,H00721,0,16,17,0,2024-03-25
64,H00018,H00217,0,4,10,1,2024-03-25
64,H00022,H00004,0,0,14,1,2024-03-25
64,H00064,H00290,1,6,13,1,2024-03-25
64,H00082,H00229,1,4,11,0,2024-03-25
64,H00095,H00080,1,1,13,0,2024-03-25
64,H00119,H00451,2,11,17,1,2024-03-25
64,H00134,H00108,2,2,13,1,2024-03-25
64,H00135,H00099,2,2,24,0,2024-03-25
64,H00143,H00020,3,0,6,0,2024-03-25
64,H00145,H00268,3,5,16,0,2024-03-25
64,H00149,H00227,3,4,23,1,2024-03-25
64,H00151,H00019,3,0,19,1,2024-03-25
64,H00158,H00099,3,2,15,1,2024-03-25
64,H00162,H00173,3,3,16,1,2024-03-25
64,H00171,H00181,3,3,24,1,2024-03-25
64,H00175,H00143,3,3,19,1,2024-03-25
64,H00181,H00154,3,3,4,1,2024-03-25
64,H00183,H00035,3,0,7,1,2024-03-25
64,H00197,H00229,4,4,11,0,2024-03-25
64,H00199,H00223,4,4,22,0,2024-03-25
64,H00205,H00194,4,4,13,1,2024-03-25
64,H00207,H00228,4,4,8,1,2024-03-25
64,H00222,H00199,4,4,14,1,2024-03-25
64,H00233,H00216,5,4,23,1,2024-03-25
64,H00244,H00331,5,7,15,0,2024-03-25
64,H00245,H00255,5,5,8,1,2024-03-25
64,H00265,H00246,5,5,15,0,2024-03-25
64,H00326,H00453,7,11,12,0,2024-03-25
64,H00366,H00371,8,8,22,1,2024-03-25
64,H00382,H00748,9,16,6,1,2024-03-25
64,H00394,H00391,9,9,3,1,2024-03-25
64,H00401,H00388,9,9,16,0,2024-03-25
64,H00408,H00332,10,7,20,1,2024-03-25
64,H00445,H00079,11,1,5,1,2024-03-25
64,H00453,H00447,11,11,9,1,2024-03-25
64,H00477,H00138,11,2,7,1,2024-03-25
64,H00478,H00442,11,11,15,0,2024-03-25
64,H00480,H00446,11,11,23,0,2024-03-25
64,H00503,H00525,12,12,3,1,2024-03-25
64,H00508,H00135,12,2,17,1,2024-03-25
64,H00519,H00724,12,16,12,1,2024-03-25
64,H00537,H00938,12,22,4,1,2024-03-25
64,H00559,H00546,13,13,7,0,2024-03-25
64,H00600,H00557,13,13,7,1,2024-03-25
64,H00602,H00801,13,18,2,1,2024-03-25
64,H00604,H00694,14,15,7,1,2024-03-25
64,H00607,H00608,14,14,23,1,2024-03-25
64,H00616,H00705,14,15,22,1,2024-03-25
64,H00636,H00624,14,14,9,1,2024-03-25
64,H00664,H00706,15,15,13,1,2024-03-25
64,H00704,H00673,15,15,24,0,2024-03-25
64,H00785,H00756,17,17,8,1,2024-03-25
64,H00810,H00831,18,18,13,0,2024-03-25
64,H00822,H00492,18,11,18,1,2024-03-25
64,H00824,H00726,18,16,8,0,2024-03-25
64,H00833,H00803,18,18,4,0,2024-03-25
64,H00856,H00864,19,19,15,0,2024-03-25
64,H00881,H00884,20,20,8,1,2024-03-25
64,H00894,H00872,20,20,18,1,2024-03-25
64,H00898,H00919,21,21,7,1,2024-03-25
64,H00903,H00897,21,21,4,0,2024-03-25
64,H00914,H00849,21,19,12,0,2024-03-25
64,H00915,H00922,21,21,18,1,2024-03-25
64,H00928,H00938,22,22,9,1,2024-03-25
64,H00932,H00470,22,11,17,1,2024-03-25
64,H00938,H00482,22,11,14,1,2024-03-25
64,H00965,H00984,23,23,18,0,2024-03-25
64,H00966,H00979,23,23,14,1,2024-03-25
64,H00971,H00966,23,23,15,0,2024-03-25
64,H00980,H00966,23,23,22,0,2024-03-25
64,H00987,H01065,23,26,10,1,2024-03-25
64,H00990,H00979,23,23,5,1,2024-03-25
64,H00991,H00965,23,23,18,1,2024-03-25
64,H00996,H00712,24,16,12,1,2024-03-25
64,H01006,H01005,24,24,11,1,2024-03-25
64,H01009,H01017,24,24,21,1,2024-03-25
64,H01010,H00742,24,16,9,1,2024-03-25
64,H01021,H01004,24,24,17,0,2024-03-25
64,H01025,H00932,25,22,8,1,2024-03-25
64,H01026,H01097,25,27,4,1,2024-03-25
64,H01030,H01032,25,25,19,1,2024-03-25
64,H01038,H00918,25,21,22,1,2024-03-25
64,H01042,H00954,25,22,13,1,2024-03-25
64,H01047,H00106,25,2,3,0,2024-03-25
64,H01054,H01045,25,25,10,1,2024-03-25
64,H01057,H01055,26,26,17,1,2024-03-25
64,H01072,H01059,26,26,8,1,2024-03-25
64,H01073,H00331,26,7,6,1,2024-03-25
64,H01092,H00017,27,0,23,1,2024-03-25
64,H01100,H00980,27,23,12,1,2024-03-25
64,H01103,H01067,27,26,5,1,2024-03-25
64,H01107,H01080,27,27,16,0,2024-03-25
65,H00014,H00690,0,15,15,1,2024-04-01
65,H00017,H00599,0,13,23,0,2024-04-01
65,H00018,H00004,0,0,19,0,2024-04-01
65,H00024,H00018,0,0,9,1,2024-04-01
65,H00025,H00414,0,10,8,1,2024-04-01
65,H00031,H00057,0,1,14,0,2024-04-01
65,H00051,H00133,1,2,22,0,2024-04-01
65,H00059,H00108,1,2,14,1,2024-04-01
65,H00060,H00049,1,1,24,1,2024-04-01
65,H00069,H00708,1,15,11,1,2024-04-01
65,H00076,H00071,1,1,15,1,2024-04-01
65,H00081,H00077,1,1,24,1,2024-04-01
65,H00095,H00082,1,1,8,1,2024-04-01
65,H00099,H00314,2,7,13,1,2024-04-01
65,H00100,H00100,2,2,8,1,2024-04-01
65,H00122,H00124,2,2,3,1,2024-04-01
65,H00126,H00138,2,2,13,1,2024-04-01
65,H00131,H00314,2,7,10,0,2024-04-01
65,H00197,H00019,4,0,9,0,2024-04-01
65,H00230,H00219,4,4,21,1,2024-04-01
65,H00235,H00273,5,5,16,0,2024-04-01
65,H00246,H00244,5,5,24,0,2024-04-01
65,H00250,H00248,5,5,23,0,2024-04-01
65,H00255,H00135,5,2,24,0,2024-04-01
65,H00260,H00174,5,3,15,1,2024-04-01
65,H00274,H00241,5,5,13,0,2024-04-01
65,H00276,H00276,6,6,23,1,2024-04-01
65,H00287,H00018,6,0,8,0,2024-04-01
65,H00294,H00280,6,6,11,1,2024-04-01
65,H00295,H00278,6,6,23,1,2024-04-01
65,H00321,H00314,7,7,19,1,2024-04-01
65,H00341,H00364,8,8,22,1,2024-04-01
65,H00344,H00348,8,8,5,1,2024-04-01
65,H00363,H00352,8,8,14,0,2024-04-01
65,H00385,H00398,9,9,23,1,2024-04-01
65,H00387,H00384,9,9,2,0,2024-04-01
65,H00397,H00388,9,9,20,1,2024-04-01
65,H00406,H00327,10,7,7,1,2024-04-01
65,H00419,H00406,10,10,24,0,2024-04-01
65,H00442,H00374,11,8,7,1,2024-04-01
65,H00461,H00486,11,11,10,1,2024-04-01
65,H00478,H00590,11,13,14,0,2024-04-01
65,H00484,H00479,11,11,22,1,2024-04-01
65,H00504,H00532,12,12,17,1,2024-04-01
65,H00523,H00520,12,12,24,0,2024-04-01
65,H00559,H00552,13,13,3,1,2024-04-01
65,H00576,H00599,13,13,4,0,2024-04-01
65,H00587,H00584,13,13,18,1,2024-04-01
65,H00590,H00601,13,13,24,1,2024-04-01
65,H00614,H00645,14,14,18,1,2024-04-01
65,H00622,H00728,14,16,11,1,2024-04-01
65,H00626,H00612,14,14,18,0,2024-04-01
65,H00628,H00628,14,14,24,1,2024-04-01
65,H00638,H00604,14,14,5,1,2024-04-01
65,H00645,H00027,14,0,10,0,2024-04-01
65,H00660,H00694,14,15,9,1,2024-04-01
65,H00680,H00680,15,15,11,1,2024-04-01
65,H00683,H00694,15,15,15,1,2024-04-01
65,H00693,H00005,15,0,24,1,2024-04-01
65,H00710,H00748,16,16,5,0,2024-04-01
65,H00718,H00735,16,16,18,1,2024-04-01
65,H00745,H00862,16,19,11,1,2024-04-01
65,H00758,H00448,17,11,16,1,2024-04-01
65,H00759,H00765,17,17,14,1,2024-04-01
65,H00762,H00715,17,16,7,0,2024-04-01
65,H00768,H00715,17,16,7,1,2024-04-01
65,H00775,H00727,17,16,24,1,2024-04-01
65,H00787,H00325,17,7,20,0,2024-04-01
65,H00789,H00161,17,3,17,1,2024-04-01
65,H00791,H00751,17,17,8,1,2024-04-01
65,H00801,H00325,18,7,10,1,2024-04-01
65,H00806,H00805,18,18,3,1,2024-04-01
65,H00817,H00864,18,19,15,1,2024-04-01
65,H00824,H00350,18,8,16,1,2024-04-01
65,H00825,H00892,18,20,23,1,2024-04-01
65,H00826,H00936,18,22,22,1,2024-04-01
65,H00829,H00827,18,18,10,0,2024-04-01
65,H00841,H00803,18,18,5,0,2024-04-01
65,H00846,H00458,19,11,8,1,2024-04-01
65,H00870,H00720,19,16,5,0,2024-04-01
65,H00874,H00872,20,20,23,0,2024-04-01
65,H00895,H00882,20,20,15,1,2024-04-01
65,H00918,H01094,21,27,19,1,2024-04-01
65,H00922,H00010,21,0,24,1,2024-04-01
65,H00926,H00925,21,21,13,0,2024-04-01
65,H00933,H00941,22,22,4,0,2024-04-01
65,H00964,H00969,22,23,2,0,2024-04-01
65,H00965,H00973,23,23,22,0,2024-04-01
65,H00980,H01100,23,27,4,0,2024-04-01
65,H00997,H00998,24,24,10,0,2024-04-01
65,H01004,H00717,24,16,8,0,2024-04-01
65,H01007,H00999,24,24,14,0,2024-04-01
65,H01009,H00847,24,19,20,0,2024-04-01
65,H01035,H01025,25,25,19,1,2024-04-01
65,H01051,H01003,25,24,7,1,2024-04-01
65,H01078,H01095,27,27,8,1,2024-04-01
65,H01091,H00945,27,22,4,0,2024-04-01
65,H01110,H01088,27,27,6,0,2024-04-01
66,H00000,H00035,0,0,21,1,2024-04-08
66,H00001,H00135,0,2,4,1,2024-04-08
66,H00015,H00449,0,11,12,1,2024-04-08
66,H00069,H00092,1,1,4,1,2024-04-08
66,H00080,H00030,1,0,3,1,2024-04-08
66,H00082,H00051,1,1,11,1,2024-04-08
66,H00099,H00141,2,2,20,1,2024-04-08
66,H00108,H00109,2,2,24,1,2024-04-08
66,H00109,H00112,2,2,16,0,2024-04-08
66,H00110,H00142,2,2,12,1,2024-04-08
66,H00121,H00270,2,5,3,1,2024-04-08
66,H00129,H00119,2,2,14,1,2024-04-08
66,H00145,H00688,3,15,17,1,2024-04-08
66,H00167,H00406,3,10,17,0,2024-04-08
66,H00184,H00170,3,3,20,1,2024-04-08
66,H00188,H00229,4,4,13,0,2024-04-08
66,H00195,H00594,4,13,4,1,2024-04-08
66,H00238,H00170,5,3,2,0,2024-04-08
66,H00260,H00271,5,5,24,1,2024-04-08
66,H00270,H00239,5,5,4,0,2024-04-08
66,H00271,H00261,5,5,21,0,2024-04-08
66,H00276,H00279,6,6,9,1,2024-04-08
66,H00290,H00301,6,6,7,0,2024-04-08
66,H00363,H00344,8,8,21,1,2024-04-08
66,H00383,H00774,9,17,23,0,2024-04-08
66,H00389,H00392,9,9,12,1,2024-04-08
66,H00395,H00322,9,7,15,1,2024-04-08
66,H00407,H00420,10,10,13,0,2024-04-08
66,H00408,H00421,10,10,5,0,2024-04-08
66,H00429,H00417,10,10,9,0,2024-04-08
66,H00444,H00467,11,11,3,1,2024-04-08
66,H00504,H00531,12,12,19,1,2024-04-08
66,H00512,H00496,12,12,20,1,2024-04-08
66,H00522,H00522,12,12,18,0,2024-04-08
66,H00525,H00541,12,12,14,1,2024-04-08
66,H00526,H00481,12,11,7,0,2024-04-08
66,H00531,H00534,12,12,15,1,2024-04-08
66,H00546,H00289,13,6,24,1,2024-04-08
66,H00551,H00666,13,15,18,0,2024-04-08
66,H00592,H00563,13,13,7,0,2024-04-08
66,H00605,H00660,14,14,24,1,2024-04-08
66,H00608,H00630,14,14,2,1,2024-04-08
66,H00618,H00650,14,14,13,1,2024-04-08
66,H00621,H00479,14,11,4,1,2024-04-08
66,H00640,H00640,14,14,10,0,2024-04-08
66,H00643,H00608,14,14,24,1,2024-04-08
66,H00671,H00288,15,6,7,1,2024-04-08
66,H00674,H00708,15,15,21,0,2024-04-08
66,H00691,H00626,15,14,24,0,2024-04-08
66,H00708,H00675,15,15,24,0,2024-04-08
66,H00710,H00731,16,16,11,1,2024-04-08
66,H00712,H00740,16,16,17,0,2024-04-08
66,H00720,H00839,16,18,14,1,2024-04-08
66,H00721,H00726,16,16,16,1,2024-04-08
66,H00739,H00740,16,16,13,0,2024-04-08
66,H00751,H00788,17,17,13,0,2024-04-08
66,H00765,H00800,17,17,4,0,2024-04-08
66,H00786,H00518,17,12,14,0,2024-04-08
66,H00793,H00409,17,10,14,1,2024-04-08
66,H00798,H00724,17,16,16,1,2024-04-08
66,H00806,H01005,18,24,8,1,2024-04-08
66,H00814,H00519,18,12,3,1,2024-04-08
66,H00846,H00868,19,19,13,1,2024-04-08
66,H00847,H00860,19,19,20,0,2024-04-08
66,H00853,H00748,19,16,13,1,2024-04-08
66,H00882,H00887,20,20,17,1,2024-04-08
66,H00884,H00886,20,20,19,0,2024-04-08
66,H00915,H00924,21,21,23,1,2024-04-08
66,H00923,H00907,21,21,11,1,2024-04-08
66,H00925,H00948,21,22,19,1,2024-04-08
66,H00950,H00075,22,1,12,1,2024-04-08
66,H00952,H00948,22,22,11,1,2024-04-08
66,H00962,H00955,22,22,10,1,2024-04-08
66,H00972,H00951,23,22,7,0,2024-04-08
66,H00975,H00989,23,23,8,1,2024-04-08
66,H00982,H00986,23,23,21,1,2024-04-08
66,H00996,H01028,24,25,19,1,2024-04-08
66,H01033,H01040,25,25,16,0,2024-04-08
66,H01043,H00682,25,15,7,1,2024-04-08
66,H01073,H00326,26,7,10,0,2024-04-08
66,H01083,H00413,27,10,8,1,2024-04-08
66,H01089,H01108,27,27,4,0,2024-04-08
66,H01090,H01096,27,27,24,1,2024-04-08
66,H01096,H00945,27,22,14,1,2024-04-08
67,H00000,H00286,0,6,11,1,2024-04-15
67,H00017,H00130,0,2,10,0,2024-04-15
67,H00026,H00034,0,0,13,1,2024-04-15
67,H00034,H00015,0,0,5,1,2024-04-15
67,H00068,H00040,1,1,18,1,2024-04-15
67,H00070,H00053,1,1,17,0,2024-04-15
67,H00078,H00096,1,1,5,0,2024-04-15
67,H00084,H00094,1,1,11,0,2024-04-15
67,H00087,H00262,1,5,21,0,2024-04-15
67,H00097,H00026,1,0,9,0,2024-04-15
67,H00114,H00106,2,2,10,0,2024-04-15
67,H00122,H00102,2,2,4,1,2024-04-15
67,H00130,H00141,2,2,23,1,2024-04-15
67,H00139,H00115,2,2,18,1,2024-04-15
67,H00145,H00185,3,3,17,1,2024-04-15
67,H00157,H00180,3,3,18,1,2024-04-15
67,H00195,H00230,4,4,18,1,2024-04-15
67,H00224,H00227,4,4,20,0,2024-04-15
67,H00232,H00309,5,7,19,1,2024-04-15
67,H00252,H00475,5,11,13,1,2024-04-15
67,H00264,H00273,5,5,11,1,2024-04-15
67,H00298,H00284,6,6,11,0,2024-04-15
67,H00311,H00315,7,7,11,1,2024-04-15
67,H00324,H00329,7,7,8,1,2024-04-15
67,H00331,H00336,7,7,15,0,2024-04-15
67,H00361,H00357,8,8,23,0,2024-04-15
67,H00393,H00142,9,2,12,1,2024-04-15
67,H00406,H00439,10,10,4,1,2024-04-15
67,H00415,H00948,10,22,24,0,2024-04-15
67,H00419,H01069,10,26,18,1,2024-04-15
67,H00427,H00408,10,10,10,1,2024-04-15
67,H00430,H00410,10,10,11,1,2024-04-15
67,H00444,H00287,11,6,9,0,2024-04-15
67,H00451,H00755,11,17,21,1,2024-04-15
67,H00463,H00482,11,11,7,1,2024-04-15
67,H00476,H00673,11,15,8,0,2024-04-15
67,H00481,H00449,11,11,9,1,2024-04-15
67,H00493,H00461,12,11,19,0,2024-04-15
67,H00496,H00539,12,12,2,1,2024-04-15
67,H00537,H00516,12,12,15,0,2024-04-15
67,H00541,H00540,12,12,7,1,2024-04-15
67,H00547,H00010,13,0,5,0,2024-04-15
67,H00555,H00593,13,13,20,1,2024-04-15
67,H00571,H00675,13,15,6,1,2024-04-15
67,H00596,H00856,13,19,3,1,2024-04-15
67,H00601,H00595,13,13,8,0,2024-04-15
67,H00654,H00655,14,14,12,0,2024-04-15
67,H00703,H00717,15,16,15,0,2024-04-15
67,H00706,H00695,15,15,8,0,2024-04-15
67,H00710,H00713,16,16,24,1,2024-04-15
67,H00725,H00748,16,16,8,1,2024-04-15
67,H00740,H00747,16,16,15,1,2024-04-15
67,H00751,H00795,17,17,5,1,2024-04-15
67,H00763,H00793,17,17,11,0,2024-04-15
67,H00772,H00774,17,17,14,0,2024-04-15
67,H00785,H00662,17,15,23,0,2024-04-15
67,H00786,H00783,17,17,18,1,2024-04-15
67,H00797,H00773,17,17,7,0,2024-04-15
67,H00804,H00860,18,19,20,0,2024-04-15
67,H00839,H00838,18,18,22,0,2024-04-15
67,H00841,H00462,18,11,9,1,2024-04-15
67,H00842,H00387,18,9,18,0,2024-04-15
67,H00843,H00670,19,15,3,1,2024-04-15
67,H00850,H00849,19,19,18,1,2024-04-15
67,H00855,H00843,19,19,7,1,2024-04-15
67,H00887,H00873,20,20,22,1,2024-04-15
67,H00899,H00904,21,21,15,0,2024-04-15
67,H00915,H01075,21,26,18,0,2024-04-15
67,H00922,H00900,21,21,7,1,2024-04-15
67,H00954,H00959,22,22,22,1,2024-04-15
67,H00968,H00947,23,22,7,0,2024-04-15
67,H00981,H00969,23,23,15,0,2024-04-15
67,H00982,H00974,23,23,13,1,2024-04-15
67,H00984,H00990,23,23,19,1,2024-04-15
67,H00986,H00853,23,19,12,1,2024-04-15
67,H00991,H00939,23,22,9,1,2024-04-15
67,H01012,H01029,24,25,7,1,2024-04-15
67,H01034,H01048,25,25,10,0,2024-04-15
67,H01040,H01027,25,25,20,1,2024-04-15
67,H01051,H01027,25,25,24,0,2024-04-15
67,H01054,H01040,25,25,21,0,2024-04-15
67,H01074,H01061,26,26,19,0,2024-04-15
67,H01082,H01085,27,27,11,1,2024-04-15
67,H01093,H01078,27,27,11,0,2024-04-15
68,H00057,H00058,1,1,23,1,2024-04-22
68,H00083,H00048,1,1,19,0,2024-04-22
68,H00085,H00076,1,1,3,1,2024-04-22
68,H00093,H00009,1,0,20,1,2024-04-22
68,H00098,H00188,1,4,9,1,2024-04-22
68,H00099,H00108,2,2,19,1,2024-04-22
68,H00102,H00033,2,0,3,0,2024-04-22
68,H00103,H00131,2,2,7,0,2024-04-22
68,H00129,H00134,2,2,7,1,2024-04-22
68,H00135,H00333,2,7,15,1,2024-04-22
68,H00136,H00100,2,2,17,0,2024-04-22
68,H00145,H00555,3,13,15,0,2024-04-22
68,H00154,H00487,3,11,2,0,2024-04-22
68,H00171,H00177,3,3,19,0,2024-04-22
68,H00172,H00178,3,3,3,1,2024-04-22
68,H00173,H00158,3,3,18,0,2024-04-22
68,H00174,H00162,3,3,12,1,2024-04-22
68,H00182,H00160,3,3,22,0,2024-04-22
68,H00187,H00136,4,2,9,0,2024-04-22
68,H00193,H00190,4,4,5,1,2024-04-22
68,H00196,H00204,4,4,17,1,2024-04-22
68,H00199,H00135,4,2,21,1,2024-04-22
68,H00217,H00206,4,4,9,1,2024-04-22
68,H00234,H00219,5,4,16,0,2024-04-22
68,H00240,H00252,5,5,18,1,2024-04-22
68,H00247,H00275,5,5,23,1,2024-04-22
68,H00255,H00582,5,13,3,1,2024-04-22
68,H00258,H00020,5,0,19,0,2024-04-22
68,H00259,H00270,5,5,6,0,2024-04-22
68,H00269,H00262,5,5,18,1,2024-04-22
68,H00273,H00125,5,2,12,1,2024-04-22
68,H00280,H00350,6,8,22,1,2024-04-22
68,H00282,H00286,6,6,22,0,2024-04-22
68,H00285,H00482,6,11,6,1,2024-04-22
68,H00298,H00344,6,8,23,0,2024-04-22
68,H00300,H00386,6,9,2,1,2024-04-22
68,H00309,H00386,7,9,17,1,2024-04-22
68,H00315,H00609,7,14,7,0,2024-04-22
68,H00317,H00328,7,7,8,1,2024-04-22
68,H00324,H00314,7,7,8,1,2024-04-22
68,H00325,H00316,7,7,5,0,2024-04-22
68,H00351,H00349,8,8,23,1,2024-04-22
68,H00358,H00363,8,8,3,1,2024-04-22
68,H00364,H00286,8,6,16,1,2024-04-22
68,H00367,H00359,8,8,5,1,2024-04-22
68,H00368,H00360,8,8,21,1,2024-04-22
68,H00371,H00389,8,9,11,1,2024-04-22
68,H00372,H00347,8,8,8,0,2024-04-22
68,H00393,H00236,9,5,5,0,2024-04-22
68,H00400,H00387,9,9,11,0,2024-04-22
68,H00405,H00371,9,8,23,0,2024-04-22
68,H00409,H00959,10,22,2,0,2024-04-22
68,H00421,H00123,10,2,2,1,2024-04-22
68,H00442,H00476,11,11,21,0,2024-04-22
68,H00447,H00452,11,11,17,0,2024-04-22
68,H00476,H00308,11,6,2,1,2024-04-22
68,H00488,H00478,11,11,22,1,2024-04-22
68,H00491,H00689,11,15,12,1,2024-04-22
68,H00515,H00125,12,2,4,1,2024-04-22
68,H00546,H00481,13,11,22,1,2024-04-22
68,H00561,H00697,13,15,13,0,2024-04-22
68,H00574,H00552,13,13,13,0,2024-04-22
68,H00578,H00557,13,13,13,1,2024-04-22
68,H00581,H00559,13,13,15,0,2024-04-22
68,H00591,H00546,13,13,2,1,2024-04-22
68,H00593,H00573,13,13,12,1,2024-04-22
68,H00601,H00543,13,13,7,0,2024-04-22
68,H00604,H00658,14,14,3,1,2024-04-22
68,H00612,H00017,14,0,23,1,2024-04-22
68,H00622,H00659,14,14,14,0,2024-04-22
68,H00640,H00670,14,15,21,1,2024-04-22
68,H00643,H00663,14,15,23,0,2024-04-22
68,H00644,H00628,14,14,19,0,2024-04-22
68,H00660,H00625,14,14,16,1,2024-04-22
68,H00662,H00702,15,15,2,1,2024-04-22
68,H00668,H00699,15,15,19,0,2024-04-22
68,H00669,H00687,15,15,16,1,2024-04-22
68,H00687,H00662,15,15,20,1,2024-04-22
68,H00689,H00752,15,17,21,1,2024-04-22
68,H00691,H00335,15,7,13,1,2024-04-22
68,H00696,H00671,15,15,9,1,2024-04-22
68,H00715,H00737,16,16,17,0,2024-04-22
68,H00725,H00736,16,16,18,0,2024-04-22
68,H00753,H00767,17,17,19,0,2024-04-22
68,H00775,H00729,17,16,19,0,2024-04-22
68,H00778,H00490,17,11,22,0,2024-04-22
68,H00828,H00818,18,18,4,1,2024-04-22
68,H00843,H00843,19,19,8,1,2024-04-22
68,H00849,H00853,19,19,2,1,2024-04-22
68,H00855,H00855,19,19,14,0,2024-04-22
68,H00870,H00861,19,19,18,1,2024-04-22
68,H00875,H00884,20,20,22,0,2024-04-22
68,H00885,H00890,20,20,6,1,2024-04-22
68,H00907,H00903,21,21,17,0,2024-04-22
68,H00924,H00457,21,11,18,1,2024-04-22
68,H00928,H00935,22,22,8,0,2024-04-22
68,H00929,H00938,22,22,17,0,2024-04-22
68,H00933,H00932,22,22,7,0,2024-04-22
68,H00946,H01027,22,25,10,1,2024-04-22
68,H00952,H01091,22,27,4,1,2024-04-22
68,H00959,H00940,22,22,3,0,2024-04-22
68,H00970,H00971,23,23,20,0,2024-04-22
68,H00981,H00980,23,23,15,0,2024-04-22
68,H00986,H00992,23,23,22,0,2024-04-22
68,H01021,H00996,24,24,17,1,2024-04-22
68,H01042,H00954,25,22,6,1,2024-04-22
68,H01056,H01060,26,26,17,1,2024-04-22
68,H01065,H01065,26,26,18,1,2024-04-22
68,H01071,H00481,26,11,14,1,2024-04-22
68,H01111,H00959,27,22,16,0,2024-04-22
69,H00000,H00390,0,9,9,1,2024-04-29
69,H00039,H00088,1,1,18,1,2024-04-29
69,H00077,H00047,1,1,18,1,2024-04-29
69,H00084,H00284,1,6,3,0,2024-04-29
69,H00108,H00109,2,2,22,0,2024-04-29
69,H00113,H00108,2,2,9,1,2024-04-29
69,H00114,H00017,2,0,20,1,2024-04-29
69,H00119,H00111,2,2,3,1,2024-04-29
69,H00129,H00117,2,2,13,1,2024-04-29
69,H00132,H00121,2,2,21,0,2024-04-29
69,H00138,H00127,2,2,16,1,2024-04-29
69,H00148,H00201,3,4,17,0,2024-04-29
69,H00150,H00314,3,7,16,1,2024-04-29
69,H00182,H00143,3,3,10,0,2024-04-29
69,H00186,H00143,3,3,17,1,2024-04-29
69,H00190,H00199,4,4,18,0,2024-04-29
69,H00193,H00201,4,4,14,1,2024-04-29
69,H00227,H00077,4,1,2,1,2024-04-29
69,H00236,H00260,5,5,11,1,2024-04-29
69,H00251,H00254,5,5,2,0,2024-04-29
69,H00252,H00235,5,5,19,0,2024-04-29
69,H00261,H00259,5,5,5,0,2024-04-29
69,H00273,H00239,5,5,24,0,2024-04-29
69,H00276,H00288,6,6,7,1,2024-04-29
69,H00286,H00304,6,6,4,1,2024-04-29
69,H00302,H00674,6,15,21,0,2024-04-29
69,H00308,H01053,6,25,14,1,2024-04-29
69,H00326,H01030,7,25,22,1,2024-04-29
69,H00328,H00336,7,7,18,1,2024-04-29
69,H00343,H00306,8,6,7,1,2024-04-29
69,H00347,H00459,8,11,4,1,2024-04-29
69,H00349,H00364,8,8,10,1,2024-04-29
69,H00406,H00650,10,14,23,1,2024-04-29
69,H00408,H00435,10,10,11,1,2024-04-29
69,H00409,H00415,10,10,21,0,2024-04-29
69,H00415,H00438,10,10,6,1,2024-04-29
69,H00438,H00413,10,10,15,1,2024-04-29
69,H00443,H00341,11,8,23,0,2024-04-29
69,H00449,H00449,11,11,16,1,2024-04-29
69,H00452,H00729,11,16,7,1,2024-04-29
69,H00453,H00457,11,11,20,1,2024-04-29
69,H00458,H00482,11,11,2,1,2024-04-29
69,H00474,H00491,11,11,9,1,2024-04-29
69,H00501,H00508,12,12,14,1,2024-04-29
69,H00506,H00516,12,12,5,0,2024-04-29
69,H00521,H00536,12,12,7,1,2024-04-29
69,H00523,H00501,12,12,18,0,2024-04-29
69,H00533,H00497,12,12,13,0,2024-04-29
69,H00544,H00678,13,15,22,1,2024-04-29
69,H00545,H00584,13,13,15,0,2024-04-29
69,H00554,H00674,13,15,17,1,2024-04-29
69,H00555,H00589,13,13,2,0,2024-04-29
69,H00583,H00595,13,13,14,0,2024-04-29
69,H00625,H00506,14,12,20,1,2024-04-29
69,H00627,H00618,14,14,11,1,2024-04-29
69,H00642,H00472,14,11,2,0,2024-04-29
69,H00656,H00636,14,14,11,0,2024-04-29
69,H00668,H00696,15,15,21,1,2024-04-29
69,H00671,H00696,15,15,14,0,2024-04-29
69,H00682,H00667,15,15,24,0,2024-04-29
69,H00697,H00679,15,15,7,0,2024-04-29
69,H00730,H00748,16,16,11,1,2024-04-29
69,H00734,H00717,16,16,22,1,2024-04-29
69,H00738,H00274,16,5,17,1,2024-04-29
69,H00788,H00761,17,17,17,1,2024-04-29
69,H00804,H00817,18,18,10,1,2024-04-29
69,H00814,H00848,18,19,10,0,2024-04-29
69,H00832,H00830,18,18,6,1,2024-04-29
69,H00836,H00812,18,18,14,1,2024-04-29
69,H00837,H00840,18,18,10,1,2024-04-29
69,H00853,H00860,19,19,15,0,2024-04-29
69,H00878,H00893,20,20,11,1,2024-04-29
69,H00893,H00876,20,20,3,1,2024-04-29
69,H00905,H00924,21,21,9,1,2024-04-29
69,H00912,H00916,21,21,24,1,2024-04-29
69,H00943,H00880,22,20,18,1,2024-04-29
69,H00951,H00678,22,15,19,1,2024-04-29
69,H00959,H00119,22,2,17,0,2024-04-29
69,H01001,H00942,24,22,4,1,2024-04-29
69,H01023,H01023,25,25,11,1,2024-04-29
69,H01054,H00991,25,23,9,1,2024-04-29
69,H01056,H00916,26,21,23,0,2024-04-29
69,H01074,H01074,26,26,18,1,2024-04-29
69,H01076,H00681,26,15,22,0,2024-04-29
69,H01083,H01086,27,27,9,0,2024-04-29
70,H00010,H00028,0,0,9,1,2024-05-06
70,H00018,H00449,0,11,4,0,2024-05-06
70,H00023,H00449,0,11,9,1,2024-05-06
70,H00025,H00033,0,0,17,1,2024-05-06
70,H00033,H00013,0,0,9,1,2024-05-06
70,H00036,H00020,0,0,20,0,2024-05-06
70,H00037,H00512,0,12,7,0,2024-05-06
70,H00061,H00024,1,0,2,1,2024-05-06
70,H00076,H00052,1,1,15,0,2024-05-06
70,H00082,H00281,1,6,13,0,2024-05-06
70,H00094,H00068,1,1,15,1,2024-05-06
70,H00105,H00457,2,11,24,1,2024-05-06
70,H00111,H00126,2,2,21,1,2024-05-06
70,H00120,H00140,2,2,22,1,2024-05-06
70,H00141,H00317,2,7,5,1,2024-05-06
70,H00162,H00170,3,3,16,0,2024-05-06
70,H00163,H00316,3,7,13,1,2024-05-06
70,H00174,H00152,3,3,18,0,2024-05-06
70,H00176,H00171,3,3,10,0,2024-05-06
70,H00192,H00272,4,5,14,1,2024-05-06
70,H00209,H00262,4,5,11,1,2024-05-06
70,H00218,H00201,4,4,9,0,2024-05-06
70,H00239,H00235,5,5,15,1,2024-05-06
70,H00245,H00234,5,5,22,1,2024-05-06
70,H00253,H00243,5,5,20,1,2024-05-06
70,H00274,H00251,5,5,12,0,2024-05-06
70,H00285,H00444,6,11,3,1,2024-05-06
70,H00308,H00362,6,8,4,1,2024-05-06
70,H00309,H00320,7,7,23,1,2024-05-06
70,H00314,H00309,7,7,14,1,2024-05-06
70,H00317,H00911,7,21,2,1,2024-05-06
70,H00319,H00322,7,7,14,0,2024-05-06
70,H00324,H00321,7,7,6,0,2024-05-06
70,H00335,H00324,7,7,12,1,2024-05-06
70,H00336,H00117,7,2,24,1,2024-05-06
70,H00388,H00471,9,11,3,0,2024-05-06
70,H00409,H00414,10,10,10,1,2024-05-06
70,H00419,H00035,10,0,15,1,2024-05-06
70,H00457,H00496,11,12,22,1,2024-05-06
70,H00465,H00474,11,11,19,0,2024-05-06
70,H00471,H00740,11,16,11,1,2024-05-06
70,H00505,H00511,12,12,24,0,2024-05-06
70,H00507,H00679,12,15,20,1,2024-05-06
70,H00511,H00319,12,7,12,1,2024-05-06
70,H00555,H00581,13,13,2,1,2024-05-06
70,H00567,H00568,13,13,24,0,2024-05-06
70,H00572,H00544,13,13,10,1,2024-05-06
70,H00617,H00002,14,0,17,0,2024-05-06
70,H00619,H00612,14,14,19,1,2024-05-06
70,H00620,H00625,14,14,2,1,2024-05-06
70,H00624,H00694,14,15,3,0,2024-05-06
70,H00659,H00651,14,14,13,1,2024-05-06
70,H00662,H00681,15,15,9,1,2024-05-06
70,H00676,H00707,15,15,3,1,2024-05-06
70,H00683,H00674,15,15,16,1,2024-05-06
70,H00686,H00568,15,13,11,0,2024-05-06
70,H00690,H00310,15,7,6,1,2024-05-06
70,H00691,H00664,15,15,14,1,2024-05-06
70,H00699,H00510,15,12,8,1,2024-05-06
70,H00701,H00518,15,12,22,0,2024-05-06
70,H00705,H00696,15,15,6,1,2024-05-06
70,H00711,H00720,16,16,8,1,2024-05-06
70,H00713,H00413,16,10,24,1,2024-05-06
70,H00717,H00722,16,16,6,1,2024-05-06
70,H00720,H00442,16,11,9,1,2024-05-06
70,H00722,H00726,16,16,13,0,2024-05-06
70,H00732,H00746,16,16,4,1,2024-05-06
70,H00744,H00734,16,16,7,0,2024-05-06
70,H00745,H00716,16,16,23,1,2024-05-06
70,H00747,H00738,16,16,2,0,2024-05-06
70,H00753,H00751,17,17,18,0,2024-05-06
70,H00756,H00792,17,17,13,1,2024-05-06
70,H00764,H00296,17,6,6,1,2024-05-06
70,H00771,H00790,17,17,11,1,2024-05-06
70,H00773,H00316,17,7,12,0,2024-05-06
70,H00791,H00772,17,17,16,1,2024-05-06
70,H00812,H00816,18,18,11,1,2024-05-06
70,H00839,H00822,18,18,4,0,2024-05-06
70,H00843,H00982,19,23,23,1,2024-05-06
70,H00852,H00858,19,19,10,1,2024-05-06
70,H00855,H00869,19,19,19,0,2024-05-06
70,H00867,H00743,19,16,15,1,2024-05-06
70,H00868,H00859,19,19,6,1,2024-05-06
70,H00874,H00873,20,20,7,1,2024-05-06
70,H00884,H00853,20,19,11,1,2024-05-06
70,H00897,H00915,21,21,17,1,2024-05-06
70,H00902,H00455,21,11,13,0,2024-05-06
70,H00906,H00487,21,11,17,1,2024-05-06
70,H00908,H00920,21,21,6,0,2024-05-06
70,H00909,H01084,21,27,23,1,2024-05-06
70,H00918,H01082,21,27,15,0,2024-05-06
70,H00920,H00914,21,21,22,1,2024-05-06
70,H00928,H00941,22,22,10,0,2024-05-06
70,H00937,H00328,22,7,20,1,2024-05-06
70,H00945,H00931,22,22,2,1,2024-05-06
70,H00962,H00895,22,20,6,1,2024-05-06
70,H00964,H00736,22,16,21,1,2024-05-06
70,H00983,H00974,23,23,6,0,2024-05-06
70,H00984,H00965,23,23,7,1,2024-05-06
70,H00989,H00965,23,23,24,1,2024-05-06
70,H01023,H01032,25,25,17,0,2024-05-06
70,H01024,H00033,25,0,5,1,2024-05-06
70,H01045,H00953,25,22,21,0,2024-05-06
70,H01051,H00493,25,12,23,1,2024-05-06
70,H01058,H00900,26,21,13,1,2024-05-06
70,H01085,H01108,27,27,5,1,2024-05-06
70,H01089,H01106,27,27,5,1,2024-05-06
70,H01100,H01088,27,27,8,1,2024-05-06
70,H01106,H01087,27,27,2,1,2024-05-06
71,H00008,H00116,0,2,24,1,2024-05-13
71,H00011,H00009,0,0,3,1,2024-05-13
71,H00014,H00655,0,14,18,1,2024-05-13
71,H00033,H00024,0,0,14,0,2024-05-13
71,H00044,H00069,1,1,20,1,2024-05-13
71,H00059,H00085,1,1,8,1,2024-05-13
71,H00067,H00039,1,1,19,1,2024-05-13
71,H00114,H00362,2,8,9,0,2024-05-13
71,H00134,H00115,2,2,17,1,2024-05-13
71,H00135,H00320,2,7,15,0,2024-05-13
71,H00136,H00450,2,11,3,0,2024-05-13
71,H00144,H00485,3,11,18,1,2024-05-13
71,H00159,H00184,3,3,6,1,2024-05-13
71,H00203,H00225,4,4,3,0,2024-05-13
71,H00213,H00210,4,4,18,1,2024-05-13
71,H00244,H00295,5,6,6,1,2024-05-13
71,H00271,H00240,5,5,14,1,2024-05-13
71,H00276,H00287,6,6,24,1,2024-05-13
71,H00301,H00259,6,5,9,1,2024-05-13
71,H00304,H00294,6,6,22,1,2024-05-13
71,H00328,H00787,7,17,3,1,2024-05-13
71,H00332,H00300,7,6,18,1,2024-05-13
71,H00359,H00366,8,8,21,0,2024-05-13
71,H00366,H00368,8,8,13,1,2024-05-13
71,H00373,H00351,8,8,13,1,2024-05-13
71,H00395,H00009,9,0,17,1,2024-05-13
71,H00396,H00401,9,9,6,1,2024-05-13
71,H00412,H00429,10,10,14,0,2024-05-13
71,H00422,H00411,10,10,16,0,2024-05-13
71,H00427,H00423,10,10,16,1,2024-05-13
71,H00438,H00008,10,0,22,1,2024-05-13
71,H00442,H00036,11,0,19,0,2024-05-13
71,H00450,H00315,11,7,4,0,2024-05-13
71,H00453,H00121,11,2,9,0,2024-05-13
71,H00456,H00329,11,7,17,1,2024-05-13
71,H00462,H00429,11,10,15,0,2024-05-13
71,H00464,H00490,11,11,2,0,2024-05-13
71,H00467,H00032,11,0,21,1,2024-05-13
71,H00470,H00483,11,11,2,0,2024-05-13
71,H00485,H00324,11,7,9,0,2024-05-13
71,H00490,H00100,11,2,10,0,2024-05-13
71,H00500,H00495,12,12,5,0,2024-05-13
71,H00507,H00294,12,6,18,1,2024-05-13
71,H00518,H00503,12,12,19,1,2024-05-13
71,H00526,H00515,12,12,20,0,2024-05-13
71,H00533,H00496,12,12,7,0,2024-05-13
71,H00554,H00568,13,13,12,1,2024-05-13
71,H00561,H00458,13,11,16,0,2024-05-13
71,H00579,H00573,13,13,4,1,2024-05-13
71,H00614,H00685,14,15,15,1,2024-05-13
71,H00619,H00331,14,7,23,0,2024-05-13
71,H00620,H00130,14,2,11,0,2024-05-13
71,H00624,H00695,14,15,12,1,2024-05-13
71,H00632,H00793,14,17,2,1,2024-05-13
71,H00637,H00634,14,14,20,0,2024-05-13
71,H00656,H00629,14,14,9,1,2024-05-13
71,H00657,H00629,14,14,21,0,2024-05-13
71,H00687,H00589,15,13,7,0,2024-05-13
71,H00688,H00709,15,15,16,0,2024-05-13
71,H00692,H00635,15,14,20,0,2024-05-13
71,H00694,H00635,15,14,2,0,2024-05-13
71,H00701,H00500,15,12,4,1,2024-05-13
71,H00703,H00700,15,15,10,1,2024-05-13
71,H00719,H00228,16,4,7,0,2024-05-13
71,H00741,H00737,16,16,20,1,2024-05-13
71,H00754,H00771,17,17,15,0,2024-05-13
71,H00762,H00954,17,22,19,0,2024-05-13
71,H00764,H00726,17,16,8,0,2024-05-13
71,H00790,H00673,17,15,24,0,2024-05-13
71,H00822,H00844,18,19,21,1,2024-05-13
71,H00824,H00635,18,14,21,1,2024-05-13
71,H00832,H00765,18,17,7,1,2024-05-13
71,H00843,H00854,19,19,12,1,2024-05-13
71,H00873,H00892,20,20,23,0,2024-05-13
71,H00884,H00961,20,22,3,1,2024-05-13
71,H00899,H00908,21,21,14,1,2024-05-13
71,H00921,H00896,21,21,14,0,2024-05-13
71,H00925,H00889,21,20,17,0,2024-05-13
71,H00944,H00937,22,22,23,1,2024-05-13
71,H00945,H00107,22,2,19,0,2024-05-13
71,H00970,H00972,23,23,7,0,2024-05-13
71,H00971,H00968,23,23,10,1,2024-05-13
71,H00972,H00970,23,23,17,1,2024-05-13
71,H00973,H00937,23,22,13,1,2024-05-13
71,H00983,H00990,23,23,12,1,2024-05-13
71,H00984,H00114,23,2,17,0,2024-05-13
71,H01026,H01028,25,25,4,1,2024-05-13
71,H01029,H01034,25,25,5,1,2024-05-13
71,H01032,H00417,25,10,23,1,2024-05-13
71,H01035,H01037,25,25,24,1,2024-05-13
71,H01051,H00412,25,10,4,0,2024-05-13
71,H01070,H00824,26,18,21,0,2024-05-13
71,H01073,H00884,26,20,18,0,2024-05-13
71,H01087,H01098,27,27,4,0,2024-05-13
71,H01098,H00960,27,22,14,1,2024-05-13
72,H00005,H00006,0,0,16,1,2024-05-20
72,H00007,H00008,0,0,8,0,2024-05-20
72,H00010,H00027,0,0,2,1,2024-05-20
72,H00041,H00697,1,15,10,1,2024-05-20
72,H00092,H00114,1,2,7,1,2024-05-20
72,H00097,H00702,1,15,2,1,2024-05-20
72,H00115,H00109,2,2,16,1,2024-05-20
72,H00124,H00107,2,2,21,0,2024-05-20
72,H00128,H00022,2,0,13,1,2024-05-20
72,H00135,H00365,2,8,7,0,2024-05-20
72,H00144,H00469,3,11,20,0,2024-05-20
72,H00174,H00173,3,3,24,0,2024-05-20
72,H00184,H00154,3,3,2,1,2024-05-20
72,H00212,H00208,4,4,14,0,2024-05-20
72,H00225,H00223,4,4,14,1,2024-05-20
72,H00227,H00626,4,14,20,0,2024-05-20
72,H00230,H00933,4,22,3,1,2024-05-20
72,H00243,H00235,5,5,4,1,2024-05-20
72,H00250,H00263,5,5,23,0,2024-05-20
72,H00252,H00708,5,15,8,0,2024-05-20
72,H00253,H00588,5,13,23,1,2024-05-20
72,H00260,H00259,5,5,18,1,2024-05-20
72,H00274,H00051,5,1,2,1,2024-05-20
72,H00276,H00294,6,6,6,1,2024-05-20
72,H00280,H00293,6,6,3,0,2024-05-20
72,H00308,H00110,6,2,10,1,2024-05-20
72,H00309,H00313,7,7,15,0,2024-05-20
72,H00310,H00537,7,12,3,1,2024-05-20
72,H00337,H00353,8,8,8,0,2024-05-20
72,H00349,H00314,8,7,5,1,2024-05-20
72,H00362,H00353,8,8,16,1,2024-05-20
72,H00368,H00339,8,8,16,1,2024-05-20
72,H00375,H00397,9,9,15,1,2024-05-20
72,H00392,H00384,9,9,2,1,2024-05-20
72,H00401,H00397,9,9,21,1,2024-05-20
72,H00420,H00429,10,10,2,1,2024-05-20
72,H00442,H00486,11,11,11,1,2024-05-20
72,H00446,H00509,11,12,18,0,2024-05-20
72,H00449,H00478,11,11,23,1,2024-05-20
72,H00454,H00489,11,11,22,0,2024-05-20
72,H00464,H00430,11,10,20,0,2024-05-20
72,H00467,H00484,11,11,3,1,2024-05-20
72,H00497,H00507,12,12,18,1,2024-05-20
72,H00501,H00512,12,12,8,1,2024-05-20
72,H00505,H00534,12,12,18,0,2024-05-20
72,H00507,H00496,12,12,13,0,2024-05-20
72,H00508,H00079,12,1,24,0,2024-05-20
72,H00519,H00526,12,12,24,1,2024-05-20
72,H00531,H00513,12,12,8,1,2024-05-20
72,H00534,H00527,12,12,16,0,2024-05-20
72,H00536,H00334,12,7,18,0,2024-05-20
72,H00539,H00541,12,12,5,0,2024-05-20
72,H00553,H00545,13,13,11,1,2024-05-20
72,H00557,H00550,13,13,16,1,2024-05-20
72,H00558,H00602,13,13,7,1,2024-05-20
72,H00578,H00576,13,13,20,1,2024-05-20
72,H00579,H00595,13,13,18,1,2024-05-20
72,H00587,H00683,13,15,19,1,2024-05-20
72,H00603,H00554,13,13,21,1,2024-05-20
72,H00613,H00612,14,14,17,0,2024-05-20
72,H00614,H00608,14,14,12,1,2024-05-20
72,H00615,H00219,14,4,21,1,2024-05-20
72,H00644,H00196,14,4,4,1,2024-05-20
72,H00662,H00705,15,15,22,1,2024-05-20
72,H00668,H00583,15,13,17,0,2024-05-20
72,H00675,H00693,15,15,24,1,2024-05-20
72,H00688,H00675,15,15,16,1,2024-05-20
72,H00698,H00292,15,6,10,1,2024-05-20
72,H00702,H00690,15,15,21,0,2024-05-20
72,H00717,H00647,16,14,10,1,2024-05-20
72,H00736,H00469,16,11,14,1,2024-05-20
72,H00739,H00311,16,7,9,0,2024-05-20
72,H00787,H00800,17,17,22,1,2024-05-20
72,H00806,H00833,18,18,20,0,2024-05-20
72,H00808,H00745,18,16,5,0,2024-05-20
72,H00822,H00715,18,16,22,1,2024-05-20
72,H00823,H00807,18,18,17,1,2024-05-20
72,H00826,H00840,18,18,24,1,2024-05-20
72,H00854,H00864,19,19,6,1,2024-05-20
72,H00865,H00868,19,19,20,1,2024-05-20
72,H00872,H00876,20,20,13,1,2024-05-20
72,H00879,H00879,20,20,24,1,2024-05-20
72,H00887,H00890,20,20,3,1,2024-05-20
72,H00891,H00878,20,20,11,1,2024-05-20
72,H00893,H00889,20,20,9,0,2024-05-20
72,H00899,H00730,21,16,23,0,2024-05-20
72,H00914,H00907,21,21,5,1,2024-05-20
72,H00941,H00998,22,24,6,1,2024-05-20
72,H00955,H00958,22,22,14,0,2024-05-20
72,H00963,H00935,22,22,2,0,2024-05-20
72,H00970,H00990,23,23,14,0,2024-05-20
72,H00971,H00976,23,23,21,0,2024-05-20
72,H00972,H00665,23,15,15,0,2024-05-20
72,H00989,H00965,23,23,5,0,2024-05-20
72,H01004,H01004,24,24,17,1,2024-05-20
72,H01005,H01003,24,24,12,0,2024-05-20
72,H01014,H00297,24,6,22,1,2024-05-20
72,H01036,H01041,25,25,11,0,2024-05-20
72,H01054,H01036,25,25,6,0,2024-05-20
72,H01084,H00934,27,22,20,1,2024-05-20
72,H01097,H01104,27,27,2,1,2024-05-20
72,H01101,H01106,27,27,23,1,2024-05-20
72,H01105,H01090,27,27,19,0,2024-05-20
73,H00000,H00279,0,6,4,1,2024-05-27
73,H00003,H00578,0,13,24,1,2024-05-27
73,H00041,H00038,1,0,3,1,2024-05-27
73,H00055,H00854,1,19,9,1,2024-05-27
73,H00061,H00094,1,1,3,1,2024-05-27
73,H00085,H00057,1,1,14,0,2024-05-27
73,H00094,H00063,1,1,8,0,2024-05-27
73,H00135,H00138,2,2,16,1,2024-05-27
73,H00163,H00630,3,14,13,0,2024-05-27
73,H00164,H00104,3,2,11,0,2024-05-27
73,H00181,H00701,3,15,19,0,2024-05-27
73,H00185,H00173,3,3,7,0,2024-05-27
73,H00214,H00227,4,4,20,1,2024-05-27
73,H00218,H00197,4,4,2,1,2024-05-27
73,H00228,H00229,4,4,14,0,2024-05-27
73,H00241,H00238,5,5,12,0,2024-05-27
73,H00257,H00254,5,5,9,1,2024-05-27
73,H00262,H00258,5,5,16,1,2024-05-27
73,H00276,H00699,6,15,8,1,2024-05-27
73,H00308,H00278,6,6,24,1,2024-05-27
73,H00311,H00322,7,7,7,1,2024-05-27
73,H00332,H00315,7,7,22,1,2024-05-27
73,H00337,H00340,8,8,13,1,2024-05-27
73,H00344,H00228,8,4,7,1,2024-05-27
73,H00364,H00366,8,8,3,1,2024-05-27
73,H00376,H00403,9,9,24,0,2024-05-27
73,H00395,H00384,9,9,13,1,2024-05-27
73,H00405,H00381,9,9,6,1,2024-05-27
73,H00406,H00413,10,10,7,1,2024-05-27
73,H00407,H00414,10,10,16,1,2024-05-27
73,H00414,H00277,10,6,3,0,2024-05-27
73,H00416,H00421,10,10,4,0,2024-05-27
73,H00436,H00101,10,2,13,0,2024-05-27
73,H00443,H00479,11,11,4,1,2024-05-27
73,H00444,H00460,11,11,9,1,2024-05-27
73,H00477,H00336,11,7,24,1,2024-05-27
73,H00487,H00141,11,2,24,1,2024-05-27
73,H00493,H00513,12,12,6,1,2024-05-27
73,H00503,H00480,12,11,4,1,2024-05-27
73,H00520,H00526,12,12,2,1,2024-05-27
73,H00527,H00777,12,17,7,0,2024-05-27
73,H00538,H00535,12,12,16,1,2024-05-27
73,H00550,H00392,13,9,2,0,2024-05-27
73,H00554,H00772,13,17,2,0,2024-05-27
73,H00568,H00572,13,13,7,1,2024-05-27
73,H00570,H00601,13,13,4,1,2024-05-27
73,H00594,H00560,13,13,17,0,2024-05-27
73,H00596,H00550,13,13,9,0,2024-05-27
73,H00612,H00629,14,14,9,1,2024-05-27
73,H00613,H00624,14,14,17,1,2024-05-27
73,H00631,H00619,14,14,16,0,2024-05-27
73,H00634,H00710,14,16,9,1,2024-05-27
73,H00638,H00683,14,15,14,0,2024-05-27
73,H00648,H00614,14,14,21,0,2024-05-27
73,H00660,H00706,14,15,13,1,2024-05-27
73,H00668,H00701,15,15,6,0,2024-05-27
73,H00683,H00692,15,15,23,0,2024-05-27
73,H00684,H00706,15,15,15,0,2024-05-27
73,H00690,H00662,15,15,24,0,2024-05-27
73,H00712,H00727,16,16,8,1,2024-05-27
73,H00714,H00024,16,0,4,0,2024-05-27
73,H00721,H00220,16,4,15,1,2024-05-27
73,H00725,H00509,16,12,4,0,2024-05-27
73,H00727,H00794,16,17,22,0,2024-05-27
73,H00728,H00749,16,16,13,0,2024-05-27
73,H00731,H00030,16,0,10,0,2024-05-27
73,H00742,H00732,16,16,9,1,2024-05-27
73,H00746,H00725,16,16,14,0,2024-05-27
73,H00756,H00767,17,17,13,1,2024-05-27
73,H00763,H00777,17,17,9,1,2024-05-27
73,H00765,H00795,17,17,18,1,2024-05-27
73,H00774,H00703,17,15,19,1,2024-05-27
73,H00784,H00624,17,14,24,1,2024-05-27
73,H00801,H00811,18,18,5,1,2024-05-27
73,H00809,H00740,18,16,18,1,2024-05-27
73,H00832,H00802,18,18,8,1,2024-05-27
73,H00855,H00869,19,19,12,0,2024-05-27
73,H00861,H00844,19,19,15,1,2024-05-27
73,H00867,H00866,19,19,16,0,2024-05-27
73,H00871,H00763,20,17,24,1,2024-05-27
73,H00892,H00770,20,17,11,0,2024-05-27
73,H00896,H00928,21,22,7,0,2024-05-27
73,H00913,H00907,21,21,6,0,2024-05-27
73,H00914,H00458,21,11,17,0,2024-05-27
73,H00920,H00933,21,22,13,0,2024-05-27
73,H00922,H01069,21,26,21,1,2024-05-27
73,H00929,H00938,22,22,12,1,2024-05-27
73,H00932,H00930,22,22,8,0,2024-05-27
73,H00937,H00955,22,22,24,1,2024-05-27
73,H00942,H00962,22,22,13,1,2024-05-27
73,H00951,H00983,22,23,15,1,2024-05-27
73,H00971,H00968,23,23,19,1,2024-05-27
73,H00978,H00980,23,23,4,1,2024-05-27
73,H00995,H01016,24,24,5,1,2024-05-27
73,H01003,H01006,24,24,14,0,2024-05-27
73,H01005,H01012,24,24,19,0,2024-05-27
73,H01010,H01000,24,24,2,0,2024-05-27
73,H01011,H00998,24,24,20,0,2024-05-27
73,H01023,H00693,25,15,13,1,2024-05-27
73,H01028,H01038,25,25,7,0,2024-05-27
73,H01056,H01072,26,26,10,1,2024-05-27
73,H01057,H00886,26,20,2,1,2024-05-27
73,H01104,H01016,27,24,14,1,2024-05-27
74,H00000,H00032,0,0,21,1,2024-06-03
74,H00002,H00027,0,0,9,1,2024-06-03
74,H00019,H00027,0,0,19,1,2024-06-03
74,H00025,H00022,0,0,21,1,2024-06-03
74,H00038,H00020,0,0,10,0,2024-06-03
74,H00043,H00041,1,1,15,1,2024-06-03
74,H00044,H00072,1,1,10,0,2024-06-03
74,H00058,H00087,1,1,3,0,2024-06-03
74,H00062,H00865,1,19,15,1,2024-06-03
74,H00079,H00321,1,7,12,1,2024-06-03
74,H00097,H00757,1,17,13,0,2024-06-03
74,H00108,H00643,2,14,8,1,2024-06-03
74,H00132,H00140,2,2,8,1,2024-06-03
74,H00143,H00145,3,3,7,0,2024-06-03
74,H00169,H00208,3,4,7,0,2024-06-03
74,H00199,H00187,4,4,7,0,2024-06-03
74,H00249,H00245,5,5,14,0,2024-06-03
74,H00276,H00299,6,6,9,1,2024-06-03
74,H00279,H00285,6,6,4,0,2024-06-03
74,H00302,H00431,6,10,13,1,2024-06-03
74,H00314,H00348,7,8,12,0,2024-06-03
74,H00324,H00220,7,4,21,1,2024-06-03
74,H00326,H00315,7,7,13,0,2024-06-03
74,H00330,H00311,7,7,11,0,2024-06-03
74,H00346,H00357,8,8,22,0,2024-06-03
74,H00360,H00444,8,11,20,1,2024-06-03
74,H00361,H00355,8,8,24,1,2024-06-03
74,H00367,H00310,8,7,7,1,2024-06-03
74,H00417,H00439,10,10,3,1,2024-06-03
74,H00428,H00949,10,22,7,1,2024-06-03
74,H00434,H00584,10,13,23,1,2024-06-03
74,H00450,H00474,11,11,18,1,2024-06-03
74,H00463,H00322,11,7,20,0,2024-06-03
74,H00499,H00497,12,12,22,1,2024-06-03
74,H00510,H00452,12,11,17,0,2024-06-03
74,H00511,H00519,12,12,5,0,2024-06-03
74,H00513,H00497,12,12,18,0,2024-06-03
74,H00527,H00693,12,15,23,1,2024-06-03
74,H00538,H00537,12,12,19,1,2024-06-03
74,H00558,H00701,13,15,24,1,2024-06-03
74,H00563,H00665,13,15,7,0,2024-06-03
74,H00575,H00602,13,13,16,1,2024-06-03
74,H00580,H00836,13,18,10,0,2024-06-03
74,H00607,H00608,14,14,4,1,2024-06-03
74,H00611,H00020,14,0,6,0,2024-06-03
74,H00613,H00628,14,14,17,0,2024-06-03
74,H00620,H00021,14,0,12,1,2024-06-03
74,H00640,H00652,14,14,2,0,2024-06-03
74,H00667,H00668,15,15,20,1,2024-06-03
74,H00687,H00649,15,14,14,0,2024-06-03
74,H00693,H00699,15,15,8,1,2024-06-03
74,H00699,H00465,15,11,12,1,2024-06-03
74,H00711,H00737,16,16,16,1,2024-06-03
74,H00717,H00738,16,16,6,1,2024-06-03
74,H00719,H00712,16,16,4,1,2024-06-03
74,H00731,H00460,16,11,12,1,2024-06-03
74,H00753,H00354,17,8,24,0,2024-06-03
74,H00764,H00795,17,17,20,0,2024-06-03
74,H00770,H00827,17,18,16,1,2024-06-03
74,H00775,H00811,17,18,13,1,2024-06-03
74,H00795,H00799,17,17,11,1,2024-06-03
74,H00799,H00140,17,2,6,1,2024-06-03
74,H00823,H00826,18,18,2,1,2024-06-03
74,H00827,H00869,18,19,10,0,2024-06-03
74,H00875,H00894,20,20,14,1,2024-06-03
74,H00898,H00939,21,22,15,0,2024-06-03
74,H00922,H00897,21,21,16,0,2024-06-03
74,H00925,H00914,21,21,6,1,2024-06-03
74,H00936,H00932,22,22,23,0,2024-06-03
74,H00941,H00946,22,22,21,1,2024-06-03
74,H00965,H00928,23,22,18,0,2024-06-03
74,H00980,H00977,23,23,4,1,2024-06-03
74,H00995,H00882,24,20,5,1,2024-06-03
74,H01006,H01021,24,24,21,1,2024-06-03
74,H01017,H00997,24,24,3,0,2024-06-03
74,H01024,H01043,25,25,8,1,2024-06-03
74,H01029,H01035,25,25,12,0,2024-06-03
74,H01032,H01041,25,25,8,1,2024-06-03
74,H01040,H01037,25,25,21,1,2024-06-03
74,H01044,H01041,25,25,3,1,2024-06-03
74,H01058,H01071,26,26,12,0,2024-06-03
74,H01089,H00994,27,24,11,1,2024-06-03
74,H01099,H01091,27,27,20,0,2024-06-03
74,H01102,H00930,27,22,14,1,2024-06-03
75,H00021,H00010,0,0,19,0,2024-06-10
75,H00026,H00384,0,9,23,1,2024-06-10
75,H00039,H00239,1,5,24,1,2024-06-10
75,H00073,H00052,1,1,8,1,2024-06-10
75,H00081,H00095,1,1,10,0,2024-06-10
75,H00097,H00053,1,1,21,0,2024-06-10
75,H00108,H00124,2,2,8,0,2024-06-10
75,H00112,H00442,2,11,2,0,2024-06-10
75,H00120,H00614,2,14,3,1,2024-06-10
75,H00137,H00688,2,15,10,0,2024-06-10
75,H00173,H00185,3,3,3,0,2024-06-10
75,H00174,H00235,3,5,20,0,2024-06-10
75,H00179,H00325,3,7,5,1,2024-06-10
75,H00188,H00333,4,7,17,1,2024-06-10
75,H00198,H00008,4,0,16,1,2024-06-10
75,H00222,H00230,4,4,22,0,2024-06-10
75,H00235,H00271,5,5,16,0,2024-06-10
75,H00240,H00032,5,0,3,1,2024-06-10
75,H00241,H00232,5,5,6,1,2024-06-10
75,H00246,H00265,5,5,11,1,2024-06-10
75,H00263,H00016,5,0,20,1,2024-06-10
75,H00266,H00244,5,5,21,1,2024-06-10
75,H00275,H00156,5,3,14,1,2024-06-10
75,H00304,H00286,6,6,19,0,2024-06-10
75,H00312,H00319,7,7,9,1,2024-06-10
75,H00317,H00333,7,7,7,0,2024-06-10
75,H00322,H00314,7,7,18,0,2024-06-10
75,H00324,H00325,7,7,17,0,2024-06-10
75,H00325,H00335,7,7,8,1,2024-06-10
75,H00333,H00324,7,7,9,1,2024-06-10
75,H00339,H00370,8,8,15,1,2024-06-10
75,H00360,H00371,8,8,4,0,2024-06-10
75,H00371,H00372,8,8,14,1,2024-06-10
75,H00376,H00320,9,7,21,0,2024-06-10
75,H00384,H00399,9,9,21,1,2024-06-10
75,H00386,H00142,9,2,16,0,2024-06-10
75,H00398,H00395,9,9,19,1,2024-06-10
75,H00405,H00394,9,9,23,1,2024-06-10
75,H00414,H00426,10,10,7,0,2024-06-10
75,H00420,H00397,10,9,5,0,2024-06-10
75,H00447,H00481,11,11,8,0,2024-06-10
75,H00467,H00334,11,7,4,1,2024-06-10
75,H00468,H00526,11,12,21,1,2024-06-10
75,H00496,H00713,12,16,14,1,2024-06-10
75,H00506,H00532,12,12,8,1,2024-06-10
75,H00536,H00530,12,12,16,0,2024-06-10
75,H00537,H00538,12,12,8,1,2024-06-10
75,H00546,H00574,13,13,24,1,2024-06-10
75,H00554,H00566,13,13,10,0,2024-06-10
75,H00575,H00602,13,13,14,1,2024-06-10
75,H00591,H00556,13,13,10,1,2024-06-10
75,H00593,H00562,13,13,10,1,2024-06-10
75,H00608,H00604,14,14,9,1,2024-06-10
75,H00629,H00638,14,14,2,0,2024-06-10
75,H00631,H00104,14,2,22,1,2024-06-10
75,H00637,H00625,14,14,10,1,2024-06-10
75,H00651,H00627,14,14,11,0,2024-06-10
75,H00662,H00237,15,5,5,1,2024-06-10
75,H00669,H00706,15,15,12,1,2024-06-10
75,H00678,H00675,15,15,5,0,2024-06-10
75,H00685,H00133,15,2,11,1,2024-06-10
75,H00687,H00215,15,4,22,1,2024-06-10
75,H00705,H00673,15,15,5,1,2024-06-10
75,H00706,H00674,15,15,23,1,2024-06-10
75,H00717,H00741,16,16,2,1,2024-06-10
75,H00731,H00724,16,16,6,0,2024-06-10
75,H00735,H00607,16,14,12,1,2024-06-10
75,H00736,H00804,16,18,8,1,2024-06-10
75,H00800,H00701,17,15,4,0,2024-06-10
75,H00808,H00739,18,16,21,1,2024-06-10
75,H00818,H00835,18,18,24,1,2024-06-10
75,H00849,H00866,19,19,22,0,2024-06-10
75,H00894,H00957,20,22,16,0,2024-06-10
75,H00912,H00708,21,15,16,1,2024-06-10
75,H00918,H00907,21,21,18,1,2024-06-10
75,H00937,H00415,22,10,11,1,2024-06-10
75,H00942,H00958,22,22,22,0,2024-06-10
75,H00949,H01001,22,24,7,0,2024-06-10
75,H00966,H00991,23,23,6,1,2024-06-10
75,H00968,H01106,23,27,17,0,2024-06-10
75,H00982,H00968,23,23,13,0,2024-06-10
75,H01000,H01010,24,24,2,1,2024-06-10
75,H01007,H01045,24,25,22,1,2024-06-10
75,H01014,H00998,24,24,18,1,2024-06-10
75,H01029,H01038,25,25,10,0,2024-06-10
75,H01035,H00475,25,11,6,0,2024-06-10
75,H01055,H01070,26,26,13,1,2024-06-10
75,H01070,H00862,26,19,22,0,2024-06-10
75,H01071,H01068,26,26,22,1,2024-06-10
75,H01092,H00939,27,22,10,0,2024-06-10
76,H00037,H00432,0,10,18,0,2024-06-17
76,H00041,H00295,1,6,10,0,2024-06-17
76,H00072,H00005,1,0,18,1,2024-06-17
76,H00082,H00129,1,2,4,1,2024-06-17
76,H00086,H00018,1,0,14,0,2024-06-17
76,H00090,H00065,1,1,12,1,2024-06-17
76,H00093,H00051,1,1,7,1,2024-06-17
76,H00097,H00085,1,1,15,0,2024-06-17
76,H00103,H00119,2,2,21,0,2024-06-17
76,H00105,H00127,2,2,9,0,2024-06-17
76,H00115,H00139,2,2,8,1,2024-06-17
76,H00117,H00109,2,2,9,1,2024-06-17
76,H00122,H00384,2,9,12,0,2024-06-17
76,H00145,H00184,3,3,18,0,2024-06-17
76,H00148,H00168,3,3,19,0,2024-06-17
76,H00157,H00000,3,0,6,1,2024-06-17
76,H00174,H00167,3,3,3,1,2024-06-17
76,H00181,H00161,3,3,3,1,2024-06-17
76,H00198,H00213,4,4,13,1,2024-06-17
76,H00203,H00014,4,0,2,1,2024-06-17
76,H00223,H00236,4,5,7,1,2024-06-17
76,H00227,H00225,4,4,19,1,2024-06-17
76,H00228,H00322,4,7,17,1,2024-06-17
76,H00244,H00241,5,5,17,1,2024-06-17
76,H00247,H00190,5,4,9,0,2024-06-17
76,H00259,H00427,5,10,24,1,2024-06-17
76,H00283,H00283,6,6,4,1,2024-06-17
76,H00293,H00304,6,6,24,1,2024-06-17
76,H00306,H00279,6,6,12,1,2024-06-17
76,H00315,H00342,7,8,6,1,2024-06-17
76,H00335,H00320,7,7,12,1,2024-06-17
76,H00341,H00354,8,8,22,0,2024-06-17
76,H00343,H00348,8,8,15,0,2024-06-17
76,H00348,H00305,8,6,24,1,2024-06-17
76,H00359,H00373,8,8,13,1,2024-06-17
76,H00361,H00376,8,9,8,1,2024-06-17
76,H00367,H00665,8,15,23,0,2024-06-17
76,H00376,H00862,9,19,8,1,2024-06-17
76,H00384,H00274,9,5,21,1,2024-06-17
76,H00396,H00395,9,9,6,0,2024-06-17
76,H00398,H00288,9,6,11,1,2024-06-17
76,H00406,H00285,10,6,11,1,2024-06-17
76,H00412,H00082,10,1,16,1,2024-06-17
76,H00417,H00416,10,10,16,1,2024-06-17
76,H00442,H00460,11,11,24,1,2024-06-17
76,H00464,H00401,11,9,6,1,2024-06-17
76,H00467,H00490,11,11,22,0,2024-06-17
76,H00469,H00457,11,11,19,0,2024-06-17
76,H00478,H00728,11,16,21,1,2024-06-17
76,H00484,H00448,11,11,12,0,2024-06-17
76,H00485,H00126,11,2,7,0,2024-06-17
76,H00495,H00036,12,0,20,0,2024-06-17
76,H00497,H00494,12,12,20,1,2024-06-17
76,H00510,H00696,12,15,9,0,2024-06-17
76,H00522,H00818,12,18,4,1,2024-06-17
76,H00524,H00503,12,12,4,0,2024-06-17
76,H00531,H00524,12,12,17,0,2024-06-17
76,H00566,H00555,13,13,3,0,2024-06-17
76,H00579,H00676,13,15,7,1,2024-06-17
76,H00582,H00673,13,15,2,1,2024-06-17
76,H00585,H00584,13,13,7,1,2024-06-17
76,H00591,H00581,13,13,2,1,2024-06-17
76,H00604,H00659,14,14,20,1,2024-06-17
76,H00607,H00476,14,11,6,1,2024-06-17
76,H00612,H00708,14,15,5,1,2024-06-17
76,H00625,H00784,14,17,9,0,2024-06-17
76,H00669,H00230,15,4,16,1,2024-06-17
76,H00685,H00688,15,15,15,0,2024-06-17
76,H00686,H00694,15,15,14,1,2024-06-17
76,H00704,H00690,15,15,14,0,2024-06-17
76,H00708,H00724,15,16,7,1,2024-06-17
76,H00710,H00453,16,11,17,1,2024-06-17
76,H00724,H00478,16,11,13,1,2024-06-17
76,H00730,H00710,16,16,24,1,2024-06-17
76,H00733,H00739,16,16,23,1,2024-06-17
76,H00740,H00810,16,18,14,0,2024-06-17
76,H00763,H00753,17,17,23,1,2024-06-17
76,H00781,H00779,17,17,23,0,2024-06-17
76,H00783,H00793,17,17,17,0,2024-06-17
76,H00799,H00765,17,17,3,1,2024-06-17
76,H00818,H00314,18,7,9,1,2024-06-17
76,H00836,H00841,18,18,15,1,2024-06-17
76,H00865,H00846,19,19,4,0,2024-06-17
76,H00872,H00866,20,19,19,0,2024-06-17
76,H00873,H00872,20,20,4,0,2024-06-17
76,H00877,H00936,20,22,3,1,2024-06-17
76,H00892,H00893,20,20,12,0,2024-06-17
76,H00923,H00919,21,21,17,0,2024-06-17
76,H00928,H00951,22,22,20,1,2024-06-17
76,H00930,H01084,22,27,15,0,2024-06-17
76,H00935,H00956,22,22,17,1,2024-06-17
76,H00936,H00110,22,2,8,1,2024-06-17
76,H00960,H00942,22,22,19,0,2024-06-17
76,H00969,H00988,23,23,6,1,2024-06-17
76,H00972,H00914,23,21,2,1,2024-06-17
76,H00985,H00935,23,22,16,0,2024-06-17
76,H00987,H00979,23,23,15,0,2024-06-17
76,H00988,H00962,23,22,24,0,2024-06-17
76,H00990,H00984,23,23,11,1,2024-06-17
76,H01006,H00408,24,10,16,1,2024-06-17
76,H01037,H00298,25,6,13,1,2024-06-17
76,H01046,H01034,25,25,4,1,2024-06-17
76,H01050,H01035,25,25,7,1,2024-06-17
76,H01055,H00435,26,10,20,0,2024-06-17
76,H01056,H01070,26,26,21,0,2024-06-17
76,H01057,H01076,26,26,24,1,2024-06-17
76,H01060,H01071,26,26,21,1,2024-06-17
76,H01062,H00869,26,19,17,1,2024-06-17
76,H01085,H00520,27,12,3,0,2024-06-17
76,H01099,H00958,27,22,11,1,2024-06-17
77,H00002,H00518,0,12,9,1,2024-06-24
77,H00004,H00021,0,0,5,1,2024-06-24
77,H00023,H00016,0,0,12,0,2024-06-24
77,H00040,H00064,1,1,5,0,2024-06-24
77,H00044,H00043,1,1,14,0,2024-06-24
77,H00050,H00533,1,12,10,1,2024-06-24
77,H00067,H00127,1,2,10,1,2024-06-24
77,H00087,H00097,1,1,13,1,2024-06-24
77,H00098,H00013,1,0,24,1,2024-06-24
77,H00111,H00312,2,7,2,0,2024-06-24
77,H00114,H00277,2,6,10,1,2024-06-24
77,H00118,H00663,2,15,7,0,2024-06-24
77,H00132,H00126,2,2,24,1,2024-06-24
77,H00140,H00323,2,7,3,1,2024-06-24
77,H00145,H00185,3,3,21,1,2024-06-24
77,H00146,H00177,3,3,23,1,2024-06-24
77,H00157,H00101,3,2,23,0,2024-06-24
77,H00168,H00288,3,6,9,0,2024-06-24
77,H00178,H00174,3,3,7,1,2024-06-24
77,H00189,H00227,4,4,2,0,2024-06-24
77,H00207,H00206,4,4,16,1,2024-06-24
77,H00214,H00479,4,11,8,1,2024-06-24
77,H00228,H00210,4,4,8,0,2024-06-24
77,H00232,H00239,5,5,5,0,2024-06-24
77,H00242,H00673,5,15,6,1,2024-06-24
77,H00271,H00263,5,5,11,0,2024-06-24
77,H00282,H00291,6,6,22,0,2024-06-24
77,H00296,H00281,6,6,11,1,2024-06-24
77,H00307,H00286,6,6,18,1,2024-06-24
77,H00309,H00311,7,7,3,1,2024-06-24
77,H00312,H01009,7,24,17,1,2024-06-24
77,H00314,H00321,7,7,3,1,2024-06-24
77,H00325,H00335,7,7,22,0,2024-06-24
77,H00327,H00312,7,7,17,0,2024-06-24
77,H00335,H00326,7,7,11,1,2024-06-24
77,H00346,H00369,8,8,12,1,2024-06-24
77,H00351,H00349,8,8,5,0,2024-06-24
77,H00364,H00365,8,8,18,1,2024-06-24
77,H00407,H01053,10,25,19,1,2024-06-24
77,H00425,H00044,10,1,17,0,2024-06-24
77,H00426,H00317,10,7,15,1,2024-06-24
77,H00441,H00307,10,6,19,1,2024-06-24
77,H00457,H00477,11,11,22,0,2024-06-24
77,H00471,H00012,11,0,5,1,2024-06-24
77,H00472,H00461,11,11,16,0,2024-06-24
77,H00492,H00026,11,0,17,1,2024-06-24
77,H00505,H00484,12,11,24,0,2024-06-24
77,H00517,H00474,12,11,4,0,2024-06-24
77,H00518,H00442,12,11,19,0,2024-06-24
77,H00521,H00504,12,12,8,0,2024-06-24
77,H00545,H00568,13,13,3,0,2024-06-24
77,H00560,H00566,13,13,21,1,2024-06-24
77,H00569,H00314,13,7,9,0,2024-06-24
77,H00594,H00694,13,15,5,0,2024-06-24
77,H00608,H00550,14,13,23,0,2024-06-24
77,H00617,H00617,14,14,6,0,2024-06-24
77,H00618,H00625,14,14,11,1,2024-06-24
77,H00624,H00042,14,1,14,0,2024-06-24
77,H00626,H00522,14,12,15,1,2024-06-24
77,H00633,H00559,14,13,13,1,2024-06-24
77,H00639,H00645,14,14,2,0,2024-06-24
77,H00656,H00759,14,17,19,0,2024-06-24
77,H00667,H00449,15,11,17,1,2024-06-24
77,H00668,H00605,15,14,19,0,2024-06-24
77,H00685,H00675,15,15,16,1,2024-06-24
77,H00691,H00687,15,15,9,0,2024-06-24
77,H00692,H00176,15,3,2,1,2024-06-24
77,H00707,H00677,15,15,4,1,2024-06-24
77,H00714,H00713,16,16,11,1,2024-06-24
77,H00716,H00710,16,16,21,0,2024-06-24
77,H00722,H00730,16,16,4,1,2024-06-24
77,H00733,H00733,16,16,13,0,2024-06-24
77,H00735,H00729,16,16,7,0,2024-06-24
77,H00740,H00816,16,18,14,0,2024-06-24
77,H00749,H00730,16,16,18,1,2024-06-24
77,H00781,H00741,17,16,7,0,2024-06-24
77,H00792,H00753,17,17,22,1,2024-06-24
77,H00795,H00788,17,17,8,1,2024-06-24
77,H00830,H00839,18,18,22,1,2024-06-24
77,H00841,H00835,18,18,18,1,2024-06-24
77,H00855,H00711,19,16,10,0,2024-06-24
77,H00859,H00752,19,17,12,0,2024-06-24
77,H00885,H00875,20,20,21,1,2024-06-24
77,H00886,H00517,20,12,19,1,2024-06-24
77,H00890,H00887,20,20,18,1,2024-06-24
77,H00896,H00276,21,6,10,1,2024-06-24
77,H00902,H00914,21,21,4,1,2024-06-24
77,H00928,H00823,22,18,23,0,2024-06-24
77,H00929,H00870,22,19,7,1,2024-06-24
77,H00954,H00932,22,22,2,0,2024-06-24
77,H00956,H00948,22,22,20,1,2024-06-24
77,H00965,H00980,23,23,2,0,2024-06-24
77,H00968,H00967,23,23,24,1,2024-06-24
77,H00987,H00469,23,11,22,0,2024-06-24
77,H00995,H01011,24,24,14,1,2024-06-24
77,H01037,H01040,25,25,11,1,2024-06-24
77,H01042,H01049,25,25,19,1,2024-06-24
77,H01043,H00957,25,22,3,1,2024-06-24
77,H01077,H00463,27,11,22,1,2024-06-24
77,H01079,H00469,27,11,9,1,2024-06-24
77,H01083,H01083,27,27,15,1,2024-06-24
78,H00001,H00023,0,0,14,0,2024-07-01
78,H00003,H00004,0,0,18,0,2024-07-01
78,H00007,H00033,0,0,18,1,2024-07-01
78,H00022,H00003,0,0,7,0,2024-07-01
78,H00023,H00596,0,13,14,0,2024-07-01
78,H00025,H00401,0,9,3,1,2024-07-01
78,H00041,H00081,1,1,8,0,2024-07-01
78,H00046,H00005,1,0,23,1,2024-07-01
78,H00061,H00118,1,2,17,0,2024-07-01
78,H00068,H00054,1,1,3,1,2024-07-01
78,H00070,H00074,1,1,2,0,2024-07-01
78,H00076,H00071,1,1,13,0,2024-07-01
78,H00080,H00062,1,1,13,1,2024-07-01
78,H00099,H00118,2,2,16,0,2024-07-01
78,H00102,H00100,2,2,21,0,2024-07-01
78,H00106,H00315,2,7,18,1,2024-07-01
78,H00108,H00115,2,2,8,0,2024-07-01
78,H00122,H00121,2,2,8,0,2024-07-01
78,H00134,H00107,2,2,16,0,2024-07-01
78,H00142,H00848,2,19,18,1,2024-07-01
78,H00146,H00164,3,3,23,1,2024-07-01
78,H00151,H00146,3,3,15,1,2024-07-01
78,H00154,H00181,3,3,16,1,2024-07-01
78,H00157,H00149,3,3,23,1,2024-07-01
78,H00165,H00185,3,3,5,1,2024-07-01
78,H00173,H00848,3,19,8,0,2024-07-01
78,H00185,H00296,3,6,14,1,2024-07-01
78,H00202,H00319,4,7,18,1,2024-07-01
78,H00208,H00187,4,4,15,1,2024-07-01
78,H00223,H00013,4,0,4,1,2024-07-01
78,H00227,H00215,4,4,21,0,2024-07-01
78,H00244,H00270,5,5,9,0,2024-07-01
78,H00250,H00249,5,5,3,0,2024-07-01
78,H00251,H00263,5,5,6,0,2024-07-01
78,H00256,H00253,5,5,6,0,2024-07-01
78,H00261,H00153,5,3,3,0,2024-07-01
78,H00272,H00002,5,0,24,1,2024-07-01
78,H00276,H00277,6,6,8,1,2024-07-01
78,H00279,H00242,6,5,9,1,2024-07-01
78,H00294,H00279,6,6,8,0,2024-07-01
78,H00296,H00299,6,6,22,1,2024-07-01
78,H00331,H00294,7,6,6,1,2024-07-01
78,H00347,H00347,8,8,22,1,2024-07-01
78,H00382,H00111,9,2,13,1,2024-07-01
78,H00384,H00377,9,9,2,1,2024-07-01
78,H00385,H00291,9,6,3,0,2024-07-01
78,H00395,H00106,9,2,21,1,2024-07-01
78,H00400,H00330,9,7,4,1,2024-07-01
78,H00403,H00037,9,0,4,0,2024-07-01
78,H00427,H00420,10,10,16,1,2024-07-01
78,H00438,H00306,10,6,17,1,2024-07-01
78,H00442,H00031,11,0,8,1,2024-07-01
78,H00444,H00476,11,11,20,1,2024-07-01
78,H00463,H00456,11,11,7,0,2024-07-01
78,H00466,H00475,11,11,14,1,2024-07-01
78,H00469,H00465,11,11,20,1,2024-07-01
78,H00471,H00897,11,21,4,1,2024-07-01
78,H00482,H00457,11,11,2,1,2024-07-01
78,H00488,H00329,11,7,20,1,2024-07-01
78,H00496,H00531,12,12,20,1,2024-07-01
78,H00503,H00116,12,2,12,1,2024-07-01
78,H00516,H00497,12,12,5,1,2024-07-01
78,H00530,H00510,12,12,3,1,2024-07-01
78,H00571,H00592,13,13,12,0,2024-07-01
78,H00598,H00473,13,11,5,1,2024-07-01
78,H00603,H00553,13,13,22,0,2024-07-01
78,H00609,H00453,14,11,18,1,2024-07-01
78,H00612,H00672,14,15,3,0,2024-07-01
78,H00630,H00657,14,14,10,1,2024-07-01
78,H00681,H00702,15,15,15,0,2024-07-01
78,H00693,H00490,15,11,22,1,2024-07-01
78,H00701,H00683,15,15,22,1,2024-07-01
78,H00713,H00723,16,16,7,1,2024-07-01
78,H00714,H00776,16,17,6,0,2024-07-01
78,H00716,H00762,16,17,20,0,2024-07-01
78,H00719,H00847,16,19,19,1,2024-07-01
78,H00724,H00719,16,16,18,1,2024-07-01
78,H00728,H00750,16,16,18,1,2024-07-01
78,H00741,H00730,16,16,2,0,2024-07-01
78,H00742,H00679,16,15,9,1,2024-07-01
78,H00745,H00716,16,16,12,0,2024-07-01
78,H00747,H00728,16,16,13,0,2024-07-01
78,H00754,H00754,17,17,17,1,2024-07-01
78,H00762,H00771,17,17,5,0,2024-07-01
78,H00771,H00768,17,17,24,0,2024-07-01
78,H00780,H00684,17,15,24,1,2024-07-01
78,H00816,H00668,18,15,13,1,2024-07-01
78,H00835,H00285,18,6,23,0,2024-07-01
78,H00846,H00132,19,2,3,0,2024-07-01
78,H00858,H00868,19,19,8,0,2024-07-01
78,H00893,H00878,20,20,13,0,2024-07-01
78,H00894,H00703,20,15,13,1,2024-07-01
78,H00903,H00903,21,21,16,1,2024-07-01
78,H00908,H00901,21,21,8,1,2024-07-01
78,H00911,H00909,21,21,5,0,2024-07-01
78,H00914,H00106,21,2,14,0,2024-07-01
78,H00915,H00865,21,19,17,1,2024-07-01
78,H00929,H00951,22,22,23,1,2024-07-01
78,H00938,H00937,22,22,5,0,2024-07-01
78,H00940,H00939,22,22,18,0,2024-07-01
78,H00941,H01017,22,24,14,0,2024-07-01
78,H00947,H00952,22,22,7,0,2024-07-01
78,H00957,H00944,22,22,2,1,2024-07-01
78,H00968,H00967,23,23,4,0,2024-07-01
78,H00972,H00974,23,23,2,1,2024-07-01
78,H00976,H00993,23,23,4,1,2024-07-01
78,H00984,H00731,23,16,21,1,2024-07-01
78,H01015,H01006,24,24,15,0,2024-07-01
78,H01020,H00940,24,22,16,0,2024-07-01
78,H01072,H01076,26,26,2,1,2024-07-01
78,H01076,H01073,26,26,2,1,2024-07-01
78,H01079,H01084,27,27,19,1,2024-07-01
78,H01094,H01091,27,27,17,1,2024-07-01
78,H01102,H00963,27,22,16,0,2024-07-01
78,H01108,H01077,27,27,3,1,2024-07-01
79,H00024,H00036,0,0,8,1,2024-07-08
79,H00037,H00019,0,0,10,1,2024-07-08
79,H00044,H00048,1,1,19,0,2024-07-08
79,H00053,H00083,1,1,16,0,2024-07-08
79,H00061,H00061,1,1,17,1,2024-07-08
79,H00083,H00073,1,1,5,0,2024-07-08
79,H00095,H00045,1,1,23,0,2024-07-08
79,H00097,H00072,1,1,3,1,2024-07-08
79,H00099,H00701,2,15,24,1,2024-07-08
79,H00100,H00118,2,2,15,0,2024-07-08
79,H00107,H00137,2,2,19,0,2024-07-08
79,H00110,H00474,2,11,3,1,2024-07-08
79,H00129,H00139,2,2,17,1,2024-07-08
79,H00130,H00124,2,2,20,1,2024-07-08
79,H00149,H00157,3,3,16,1,2024-07-08
79,H00155,H00137,3,2,22,1,2024-07-08
79,H00182,H00163,3,3,2,1,2024-07-08
79,H00188,H00190,4,4,12,1,2024-07-08
79,H00209,H00211,4,4,5,0,2024-07-08
79,H00218,H00200,4,4,13,0,2024-07-08
79,H00275,H00243,5,5,9,1,2024-07-08
79,H00284,H00288,6,6,23,1,2024-07-08
79,H00297,H00395,6,9,24,1,2024-07-08
79,H00301,H00297,6,6,15,1,2024-07-08
79,H00313,H00140,7,2,6,0,2024-07-08
79,H00333,H00134,7,2,16,1,2024-07-08
79,H00336,H00319,7,7,23,1,2024-07-08
79,H00339,H00036,8,0,10,1,2024-07-08
79,H00352,H01085,8,27,13,1,2024-07-08
79,H00358,H00348,8,8,18,1,2024-07-08
79,H00359,H00142,8,2,20,1,2024-07-08
79,H00368,H00355,8,8,21,0,2024-07-08
79,H00378,H00808,9,18,7,1,2024-07-08
79,H00409,H00441,10,10,20,0,2024-07-08
79,H00411,H00435,10,10,14,0,2024-07-08
79,H00414,H00441,10,10,13,0,2024-07-08
79,H00418,H00465,10,11,8,1,2024-07-08
79,H00442,H00471,11,11,16,1,2024-07-08
79,H00448,H00455,11,11,23,0,2024-07-08
79,H00453,H00442,11,11,22,1,2024-07-08
79,H00454,H00480,11,11,17,1,2024-07-08
79,H00493,H00498,12,12,20,1,2024-07-08
79,H00513,H00511,12,12,4,1,2024-07-08
79,H00522,H00516,12,12,4,0,2024-07-08
79,H00538,H00494,12,12,19,0,2024-07-08
79,H00540,H00532,12,12,4,1,2024-07-08
79,H00559,H00576,13,13,16,0,2024-07-08
79,H00583,H00807,13,18,10,0,2024-07-08
79,H00594,H00638,13,14,2,0,2024-07-08
79,H00596,H00557,13,13,16,0,2024-07-08
79,H00606,H00646,14,14,11,1,2024-07-08
79,H00609,H00926,14,21,21,0,2024-07-08
79,H00616,H00646,14,14,23,0,2024-07-08
79,H00624,H00702,14,15,6,1,2024-07-08
79,H00629,H00605,14,14,16,1,2024-07-08
79,H00647,H00660,14,14,4,1,2024-07-08
79,H00649,H00035,14,0,15,0,2024-07-08
79,H00668,H00688,15,15,20,1,2024-07-08
79,H00681,H00716,15,16,5,1,2024-07-08
79,H00682,H00695,15,15,7,0,2024-07-08
79,H00688,H00023,15,0,8,1,2024-07-08
79,H00697,H00689,15,15,24,0,2024-07-08
79,H00700,H00704,15,15,21,1,2024-07-08
79,H00704,H00268,15,5,21,1,2024-07-08
79,H00705,H00671,15,15,2,1,2024-07-08
79,H00708,H00705,15,15,16,0,2024-07-08
79,H00712,H00730,16,16,22,1,2024-07-08
79,H00734,H00750,16,16,5,1,2024-07-08
79,H00735,H00735,16,16,8,0,2024-07-08
79,H00761,H00755,17,17,23,1,2024-07-08
79,H00767,H00770,17,17,3,1,2024-07-08
79,H00833,H00334,18,7,2,0,2024-07-08
79,H00838,H00834,18,18,3,0,2024-07-08
79,H00846,H00849,19,19,15,0,2024-07-08
79,H00860,H00869,19,19,23,1,2024-07-08
79,H00861,H00853,19,19,9,0,2024-07-08
79,H00868,H00843,19,19,18,1,2024-07-08
79,H00870,H00847,19,19,5,1,2024-07-08
79,H00871,H00892,20,20,8,1,2024-07-08
79,H00876,H00876,20,20,8,0,2024-07-08
79,H00883,H00875,20,20,10,1,2024-07-08
79,H00901,H00812,21,18,22,0,2024-07-08
79,H00903,H00915,21,21,20,0,2024-07-08
79,H00930,H01095,22,27,24,0,2024-07-08
79,H00933,H01084,22,27,22,0,2024-07-08
79,H00946,H01089,22,27,17,0,2024-07-08
79,H00957,H00844,22,19,12,0,2024-07-08
79,H00986,H00991,23,23,6,1,2024-07-08
79,H00988,H00872,23,20,7,1,2024-07-08
79,H01002,H01011,24,24,2,1,2024-07-08
79,H01010,H00866,24,19,2,0,2024-07-08
79,H01024,H01008,25,24,10,1,2024-07-08
79,H01030,H01030,25,25,23,1,2024-07-08
79,H01039,H01040,25,25,21,0,2024-07-08
79,H01063,H01072,26,26,10,0,2024-07-08
79,H01089,H01081,27,27,22,1,2024-07-08
80,H00000,H00295,0,6,5,1,2024-07-15
80,H00019,H00103,0,2,6,1,2024-07-15
80,H00042,H00727,1,16,15,0,2024-07-15
80,H00072,H00293,1,6,8,1,2024-07-15
80,H00073,H00695,1,15,2,1,2024-07-15
80,H00080,H00570,1,13,14,0,2024-07-15
80,H00083,H00087,1,1,4,1,2024-07-15
80,H00086,H00098,1,1,17,1,2024-07-15
80,H00093,H00111,1,2,4,1,2024-07-15
80,H00098,H00114,1,2,3,1,2024-07-15
80,H00110,H00102,2,2,9,1,2024-07-15
80,H00114,H00133,2,2,15,1,2024-07-15
80,H00132,H00109,2,2,24,0,2024-07-15
80,H00141,H00126,2,2,18,1,2024-07-15
80,H00186,H00169,3,3,20,0,2024-07-15
80,H00188,H00475,4,11,7,1,2024-07-15
80,H00201,H00086,4,1,21,1,2024-07-15
80,H00203,H00227,4,4,5,1,2024-07-15
80,H00213,H00193,4,4,3,1,2024-07-15
80,H00218,H00002,4,0,22,1,2024-07-15
80,H00276,H00281,6,6,4,1,2024-07-15
80,H00279,H00286,6,6,11,1,2024-07-15
80,H00284,H00316,6,7,5,1,2024-07-15
80,H00289,H00282,6,6,9,1,2024-07-15
80,H00296,H00304,6,6,12,0,2024-07-15
80,H00300,H00430,6,10,6,1,2024-07-15
80,H00303,H00280,6,6,16,1,2024-07-15
80,H00304,H00300,6,6,4,0,2024-07-15
80,H00311,H00483,7,11,2,1,2024-07-15
80,H00312,H00693,7,15,2,1,2024-07-15
80,H00344,H00347,8,8,12,1,2024-07-15
80,H00356,H00332,8,7,22,1,2024-07-15
80,H00367,H00347,8,8,3,1,2024-07-15
80,H00373,H00345,8,8,19,1,2024-07-15
80,H00379,H00349,9,8,19,0,2024-07-15
80,H00383,H00296,9,6,6,1,2024-07-15
80,H00391,H00402,9,9,11,1,2024-07-15
80,H00406,H00426,10,10,13,1,2024-07-15
80,H00408,H00418,10,10,21,1,2024-07-15
80,H00417,H00420,10,10,13,0,2024-07-15
80,H00425,H00623,10,14,8,1,2024-07-15
80,H00427,H00408,10,10,20,1,2024-07-15
80,H00428,H00424,10,10,4,1,2024-07-15
80,H00444,H00316,11,7,9,0,2024-07-15
80,H00450,H00466,11,11,6,0,2024-07-15
80,H00460,H00444,11,11,15,0,2024-07-15
80,H00464,H00786,11,17,18,0,2024-07-15
80,H00467,H00492,11,11,7,1,2024-07-15
80,H00468,H00505,11,12,9,1,2024-07-15
80,H00485,H00670,11,15,3,1,2024-07-15
80,H00507,H00541,12,12,15,1,2024-07-15
80,H00516,H00463,12,11,23,0,2024-07-15
80,H00526,H00511,12,12,20,0,2024-07-15
80,H00537,H01001,12,24,20,1,2024-07-15
80,H00538,H00490,12,11,15,1,2024-07-15
80,H00542,H00560,13,13,13,1,2024-07-15
80,H00543,H00580,13,13,19,0,2024-07-15
80,H00585,H00861,13,19,18,0,2024-07-15
80,H00588,H00708,13,15,23,1,2024-07-15
80,H00592,H00545,13,13,9,1,2024-07-15
80,H00609,H00812,14,18,19,1,2024-07-15
80,H00621,H00614,14,14,14,1,2024-07-15
80,H00633,H00709,14,15,6,0,2024-07-15
80,H00643,H00754,14,17,17,0,2024-07-15
80,H00650,H00616,14,14,18,1,2024-07-15
80,H00651,H00640,14,14,6,1,2024-07-15
80,H00654,H00606,14,14,17,1,2024-07-15
80,H00662,H00707,15,15,9,1,2024-07-15
80,H00686,H00684,15,15,2,0,2024-07-15
80,H00711,H00742,16,16,24,1,2024-07-15
80,H00713,H00138,16,2,19,1,2024-07-15
80,H00715,H00798,16,17,8,0,2024-07-15
80,H00717,H00305,16,6,18,1,2024-07-15
80,H00724,H00790,16,17,15,0,2024-07-15
80,H00736,H00834,16,18,5,1,2024-07-15
80,H00740,H00843,16,19,13,0,2024-07-15
80,H00747,H00736,16,16,20,1,2024-07-15
80,H00752,H00791,17,17,3,1,2024-07-15
80,H00760,H00285,17,6,8,1,2024-07-15
80,H00771,H00769,17,17,22,1,2024-07-15
80,H00772,H00721,17,16,15,1,2024-07-15
80,H00783,H00034,17,0,11,1,2024-07-15
80,H00785,H00776,17,17,17,1,2024-07-15
80,H00796,H00774,17,17,8,0,2024-07-15
80,H00799,H00777,17,17,7,1,2024-07-15
80,H00806,H00863,18,19,21,1,2024-07-15
80,H00808,H00465,18,11,13,1,2024-07-15
80,H00818,H00802,18,18,3,1,2024-07-15
80,H00825,H00810,18,18,11,1,2024-07-15
80,H00839,H00869,18,19,10,1,2024-07-15
80,H00842,H00830,18,18,22,1,2024-07-15
80,H00856,H00855,19,19,16,1,2024-07-15
80,H00874,H00895,20,20,16,1,2024-07-15
80,H00903,H00907,21,21,11,1,2024-07-15
80,H00911,H00899,21,21,17,0,2024-07-15
80,H00917,H00905,21,21,11,1,2024-07-15
80,H00920,H00911,21,21,18,1,2024-07-15
80,H00923,H00898,21,21,17,0,2024-07-15
80,H00924,H00488,21,11,6,0,2024-07-15
80,H00952,H00941,22,22,2,1,2024-07-15
80,H00959,H00962,22,22,5,0,2024-07-15
80,H00975,H00988,23,23,10,0,2024-07-15
80,H00979,H00974,23,23,20,0,2024-07-15
80,H01013,H00333,24,7,14,0,2024-07-15
80,H01020,H01013,24,24,21,1,2024-07-15
80,H01043,H01032,25,25,8,1,2024-07-15
80,H01053,H01044,25,25,18,0,2024-07-15
80,H01056,H01075,26,26,17,0,2024-07-15
80,H01078,H01080,27,27,21,1,2024-07-15
80,H01082,H01103,27,27,4,0,2024-07-15
80,H01104,H01079,27,27,2,1,2024-07-15
80,H01109,H01084,27,27,10,1,2024-07-15
81,H00000,H00007,0,0,22,1,2024-07-22
81,H00015,H00004,0,0,8,1,2024-07-22
81,H00023,H00614,0,14,19,1,2024-07-22
81,H00056,H00095,1,1,3,1,2024-07-22
81,H00064,H00061,1,1,18,1,2024-07-22
81,H00092,H00088,1,1,21,1,2024-07-22
81,H00098,H00016,1,0,13,1,2024-07-22
81,H00109,H00111,2,2,18,1,2024-07-22
81,H00113,H00106,2,2,18,0,2024-07-22
81,H00117,H00113,2,2,11,0,2024-07-22
81,H00118,H00131,2,2,7,1,2024-07-22
81,H00123,H00135,2,2,5,0,2024-07-22
81,H00130,H00414,2,10,24,0,2024-07-22
81,H00140,H00134,2,2,20,0,2024-07-22
81,H00152,H00171,3,3,4,0,2024-07-22
81,H00153,H00146,3,3,14,0,2024-07-22
81,H00162,H00171,3,3,17,1,2024-07-22
81,H00176,H00143,3,3,16,0,2024-07-22
81,H00185,H00104,3,2,6,1,2024-07-22
81,H00191,H00301,4,6,8,1,2024-07-22
81,H00201,H00229,4,4,2,0,2024-07-22
81,H00202,H00249,4,5,24,1,2024-07-22
81,H00209,H00851,4,19,6,0,2024-07-22
81,H00216,H00224,4,4,6,1,2024-07-22
81,H00237,H00280,5,6,16,1,2024-07-22
81,H00250,H00232,5,5,7,1,2024-07-22
81,H00253,H00253,5,5,4,1,2024-07-22
81,H00259,H00698,5,15,2,1,2024-07-22
81,H00263,H00233,5,5,18,0,2024-07-22
81,H00268,H00379,5,9,13,1,2024-07-22
81,H00270,H00268,5,5,18,1,2024-07-22
81,H00275,H00255,5,5,17,1,2024-07-22
81,H00280,H00291,6,6,14,1,2024-07-22
81,H00291,H00290,6,6,24,0,2024-07-22
81,H00309,H00328,7,7,20,1,2024-07-22
81,H00315,H00331,7,7,6,1,2024-07-22
81,H00316,H00447,7,11,3,0,2024-07-22
81,H00339,H00337,8,8,16,1,2024-07-22
81,H00347,H00288,8,6,2,1,2024-07-22
81,H00390,H00318,9,7,5,1,2024-07-22
81,H00391,H00376,9,9,21,0,2024-07-22
81,H00399,H00393,9,9,13,1,2024-07-22
81,H00414,H00441,10,10,10,1,2024-07-22
81,H00423,H00311,10,7,4,1,2024-07-22
81,H00434,H00427,10,10,10,0,2024-07-22
81,H00442,H00487,11,11,18,1,2024-07-22
81,H00472,H00478,11,11,22,1,2024-07-22
81,H00481,H00307,11,6,13,0,2024-07-22
81,H00485,H00673,11,15,4,0,2024-07-22
81,H00486,H00294,11,6,18,0,2024-07-22
81,H00496,H00529,12,12,5,1,2024-07-22
81,H00506,H00521,12,12,3,1,2024-07-22
81,H00522,H00534,12,12,8,1,2024-07-22
81,H00535,H00515,12,12,21,0,2024-07-22
81,H00555,H00505,13,12,24,1,2024-07-22
81,H00561,H00582,13,13,9,1,2024-07-22
81,H00573,H00547,13,13,5,1,2024-07-22
81,H00581,H00474,13,11,7,1,2024-07-22
81,H00586,H00479,13,11,20,1,2024-07-22
81,H00602,H00581,13,13,17,0,2024-07-22
81,H00606,H00633,14,14,4,0,2024-07-22
81,H00618,H00614,14,14,8,1,2024-07-22
81,H00621,H00798,14,17,22,1,2024-07-22
81,H00636,H00628,14,14,12,1,2024-07-22
81,H00637,H00691,14,15,24,1,2024-07-22
81,H00639,H00633,14,14,3,0,2024-07-22
81,H00641,H00748,14,16,22,1,2024-07-22
81,H00643,H00644,14,14,23,1,2024-07-22
81,H00657,H00705,14,15,14,1,2024-07-22
81,H00672,H00697,15,15,17,1,2024-07-22
81,H00673,H00669,15,15,8,0,2024-07-22
81,H00681,H00847,15,19,5,0,2024-07-22
81,H00722,H00797,16,17,15,1,2024-07-22
81,H00723,H00745,16,16,12,1,2024-07-22
81,H00727,H00120,16,2,11,0,2024-07-22
81,H00781,H00770,17,17,6,1,2024-07-22
81,H00784,H00797,17,17,21,0,2024-07-22
81,H00793,H00760,17,17,6,1,2024-07-22
81,H00815,H00818,18,18,8,1,2024-07-22
81,H00816,H00838,18,18,4,0,2024-07-22
81,H00829,H00703,18,15,2,1,2024-07-22
81,H00833,H00735,18,16,18,0,2024-07-22
81,H00840,H00806,18,18,13,0,2024-07-22
81,H00843,H00679,19,15,13,1,2024-07-22
81,H00848,H00901,19,21,21,1,2024-07-22
81,H00863,H00539,19,12,8,1,2024-07-22
81,H00873,H00845,20,19,14,0,2024-07-22
81,H00891,H00878,20,20,15,0,2024-07-22
81,H00893,H00880,20,20,5,1,2024-07-22
81,H00900,H01091,21,27,5,0,2024-07-22
81,H00913,H00920,21,21,6,1,2024-07-22
81,H00917,H00903,21,21,5,1,2024-07-22
81,H00918,H00901,21,21,2,1,2024-07-22
81,H00920,H00948,21,22,24,1,2024-07-22
81,H00937,H01104,22,27,16,0,2024-07-22
81,H00939,H00935,22,22,22,1,2024-07-22
81,H00943,H00960,22,22,24,0,2024-07-22
81,H00967,H00474,23,11,7,0,2024-07-22
81,H00972,H00970,23,23,4,1,2024-07-22
81,H00987,H00961,23,22,20,1,2024-07-22
81,H00995,H01000,24,24,6,0,2024-07-22
81,H00999,H01011,24,24,6,0,2024-07-22
81,H01000,H00996,24,24,5,1,2024-07-22
81,H01007,H01013,24,24,11,1,2024-07-22
81,H01013,H00532,24,12,6,1,2024-07-22
81,H01014,H01021,24,24,10,0,2024-07-22
81,H01020,H01022,24,25,14,0,2024-07-22
81,H01029,H01031,25,25,21,0,2024-07-22
81,H01035,H00303,25,6,18,1,2024-07-22
81,H01042,H00938,25,22,2,0,2024-07-22
81,H01063,H01057,26,26,24,1,2024-07-22
81,H01069,H01058,26,26,21,1,2024-07-22
81,H01078,H01091,27,27,14,0,2024-07-22
81,H01080,H01085,27,27,4,1,2024-07-22
81,H01090,H00295,27,6,15,1,2024-07-22
82,H00000,H00037,0,0,16,1,2024-07-29
82,H00001,H00500,0,12,6,0,2024-07-29
82,H00003,H00476,0,11,21,1,2024-07-29
82,H00006,H00036,0,0,21,0,2024-07-29
82,H00008,H00023,0,0,6,1,2024-07-29
82,H00021,H00250,0,5,15,1,2024-07-29
82,H00030,H00121,0,2,24,1,2024-07-29
82,H00073,H00081,1,1,12,1,2024-07-29
82,H00075,H00058,1,1,5,0,2024-07-29
82,H00086,H00042,1,1,14,0,2024-07-29
82,H00088,H00098,1,1,24,1,2024-07-29
82,H00094,H00058,1,1,21,0,2024-07-29
82,H00097,H00055,1,1,13,1,2024-07-29
82,H00099,H00141,2,2,14,1,2024-07-29
82,H00100,H00087,2,1,21,0,2024-07-29
82,H00128,H00119,2,2,4,1,2024-07-29
82,H00138,H00103,2,2,3,1,2024-07-29
82,H00150,H00169,3,3,20,0,2024-07-29
82,H00156,H00302,3,6,3,0,2024-07-29
82,H00166,H01074,3,26,13,1,2024-07-29
82,H00168,H00677,3,15,23,0,2024-07-29
82,H00175,H00180,3,3,20,0,2024-07-29
82,H00188,H00196,4,4,24,0,2024-07-29
82,H00191,H00065,4,1,15,1,2024-07-29
82,H00196,H00399,4,9,6,0,2024-07-29
82,H00221,H00034,4,0,10,1,2024-07-29
82,H00242,H00257,5,5,13,1,2024-07-29
82,H00269,H00253,5,5,11,0,2024-07-29
82,H00270,H00265,5,5,22,1,2024-07-29
82,H00272,H00261,5,5,11,1,2024-07-29
82,H00276,H00281,6,6,23,1,2024-07-29
82,H00293,H00279,6,6,6,1,2024-07-29
82,H00334,H00330,7,7,23,0,2024-07-29
82,H00350,H00308,8,6,21,1,2024-07-29
82,H00357,H00348,8,8,10,1,2024-07-29
82,H00366,H00366,8,8,16,1,2024-07-29
82,H00371,H00345,8,8,12,1,2024-07-29
82,H00373,H00366,8,8,10,1,2024-07-29
82,H00382,H00382,9,9,16,1,2024-07-29
82,H00404,H00280,9,6,13,1,2024-07-29
82,H00406,H00376,10,9,7,1,2024-07-29
82,H00424,H00418,10,10,7,1,2024-07-29
82,H00437,H00342,10,8,11,1,2024-07-29
82,H00439,H00433,10,10,13,0,2024-07-29
82,H00442,H00662,11,15,20,1,2024-07-29
82,H00456,H00452,11,11,11,1,2024-07-29
82,H00463,H00481,11,11,9,0,2024-07-29
82,H00481,H00484,11,11,11,1,2024-07-29
82,H00548,H00299,13,6,14,0,2024-07-29
82,H00557,H00756,13,17,18,0,2024-07-29
82,H00578,H00601,13,13,20,0,2024-07-29
82,H00607,H00655,14,14,3,0,2024-07-29
82,H00625,H00532,14,12,9,0,2024-07-29
82,H00634,H00613,14,14,18,1,2024-07-29
82,H00665,H00558,15,13,12,1,2024-07-29
82,H00688,H00224,15,4,18,0,2024-07-29
82,H00724,H00712,16,16,2,0,2024-07-29
82,H00750,H00712,16,16,5,1,2024-07-29
82,H00761,H00786,17,17,2,0,2024-07-29
82,H00765,H00781,17,17,14,1,2024-07-29
82,H00775,H00556,17,13,18,0,2024-07-29
82,H00777,H00799,17,17,11,0,2024-07-29
82,H00801,H00820,18,18,2,0,2024-07-29
82,H00839,H00804,18,18,24,1,2024-07-29
82,H00843,H00868,19,19,3,1,2024-07-29
82,H00855,H00846,19,19,9,1,2024-07-29
82,H00860,H00846,19,19,18,1,2024-07-29
82,H00867,H00714,19,16,10,1,2024-07-29
82,H00874,H00879,20,20,22,1,2024-07-29
82,H00875,H00867,20,19,7,1,2024-07-29
82,H00882,H00881,20,20,7,1,2024-07-29
82,H00884,H00875,20,20,8,1,2024-07-29
82,H00892,H00886,20,20,11,1,2024-07-29
82,H00907,H00739,21,16,21,0,2024-07-29
82,H00911,H00915,21,21,7,1,2024-07-29
82,H00916,H00916,21,21,22,1,2024-07-29
82,H00927,H01098,21,27,17,0,2024-07-29
82,H00931,H01106,22,27,11,1,2024-07-29
82,H00950,H00740,22,16,18,1,2024-07-29
82,H00956,H00947,22,22,5,1,2024-07-29
82,H00959,H00988,22,23,19,1,2024-07-29
82,H00969,H00968,23,23,14,1,2024-07-29
82,H00974,H00980,23,23,23,0,2024-07-29
82,H00981,H00988,23,23,23,0,2024-07-29
82,H00984,H00972,23,23,2,0,2024-07-29
82,H00988,H00936,23,22,5,1,2024-07-29
82,H01001,H00963,24,22,18,0,2024-07-29
82,H01003,H00949,24,22,22,0,2024-07-29
82,H01005,H00933,24,22,19,0,2024-07-29
82,H01012,H01078,24,27,16,1,2024-07-29
82,H01027,H01044,25,25,4,0,2024-07-29
82,H01029,H00954,25,22,19,1,2024-07-29
82,H01030,H01095,25,27,15,1,2024-07-29
82,H01031,H00065,25,1,15,0,2024-07-29
82,H01040,H00017,25,0,21,1,2024-07-29
82,H01049,H01030,25,25,19,1,2024-07-29
82,H01086,H00857,27,19,4,1,2024-07-29
82,H01102,H01088,27,27,23,0,2024-07-29
82,H01103,H01080,27,27,8,1,2024-07-29
83,H00003,H00003,0,0,12,1,2024-08-05
83,H00033,H00035,0,0,15,1,2024-08-05
83,H00078,H00737,1,16,14,1,2024-08-05
83,H00083,H00021,1,0,12,1,2024-08-05
83,H00091,H00073,1,1,20,0,2024-08-05
83,H00099,H00726,2,16,12,0,2024-08-05
83,H00103,H00142,2,2,22,0,2024-08-05
83,H00116,H00036,2,0,16,1,2024-08-05
83,H00122,H00133,2,2,22,1,2024-08-05
83,H00150,H00151,3,3,24,1,2024-08-05
83,H00194,H00226,4,4,23,1,2024-08-05
83,H00207,H00199,4,4,17,0,2024-08-05
83,H00222,H00187,4,4,17,0,2024-08-05
83,H00228,H00209,4,4,12,0,2024-08-05
83,H00238,H00274,5,5,20,1,2024-08-05
83,H00242,H00404,5,9,10,1,2024-08-05
83,H00249,H00152,5,3,3,1,2024-08-05
83,H00256,H00274,5,5,4,1,2024-08-05
83,H00257,H00333,5,7,24,1,2024-08-05
83,H00266,H00275,5,5,18,1,2024-08-05
83,H00272,H00264,5,5,5,1,2024-08-05
83,H00273,H00154,5,3,7,1,2024-08-05
83,H00275,H00118,5,2,17,1,2024-08-05
83,H00277,H00290,6,6,13,0,2024-08-05
83,H00287,H00934,6,22,14,1,2024-08-05
83,H00288,H00259,6,5,21,1,2024-08-05
83,H00300,H00287,6,6,11,1,2024-08-05
83,H00309,H00320,7,7,11,1,2024-08-05
83,H00317,H00332,7,7,3,1,2024-08-05
83,H00332,H00331,7,7,17,1,2024-08-05
83,H00339,H00336,8,7,18,1,2024-08-05
83,H00342,H00363,8,8,4,0,2024-08-05
83,H00347,H00358,8,8,21,1,2024-08-05
83,H00362,H00363,8,8,21,1,2024-08-05
83,H00387,H00366,9,8,13,0,2024-08-05
83,H00395,H00384,9,9,18,1,2024-08-05
83,H00396,H00381,9,9,24,0,2024-08-05
83,H00401,H00486,9,11,18,0,2024-08-05
83,H00406,H00433,10,10,15,1,2024-08-05
83,H00423,H00407,10,10,16,0,2024-08-05
83,H00428,H00419,10,10,13,1,2024-08-05
83,H00441,H00177,10,3,23,1,2024-08-05
83,H00442,H00451,11,11,22,1,2024-08-05
83,H00445,H00747,11,16,23,0,2024-08-05
83,H00446,H00471,11,11,17,0,2024-08-05
83,H00449,H00455,11,11,2,0,2024-08-05
83,H00480,H00131,11,2,22,1,2024-08-05
83,H00484,H00476,11,11,7,1,2024-08-05
83,H00503,H00496,12,12,7,0,2024-08-05
83,H00505,H00512,12,12,13,1,2024-08-05
83,H00510,H00502,12,12,3,0,2024-08-05
83,H00514,H00534,12,12,16,0,2024-08-05
83,H00529,H00517,12,12,2,0,2024-08-05
83,H00535,H00497,12,12,24,0,2024-08-05
83,H00538,H00502,12,12,23,0,2024-08-05
83,H00544,H00560,13,13,22,1,2024-08-05
83,H00556,H00572,13,13,13,0,2024-08-05
83,H00557,H00569,13,13,17,0,2024-08-05
83,H00564,H00678,13,15,19,1,2024-08-05
83,H00581,H00801,13,18,13,0,2024-08-05
83,H00602,H00485,13,11,9,1,2024-08-05
83,H00613,H00620,14,14,6,1,2024-08-05
83,H00625,H00696,14,15,13,1,2024-08-05
83,H00627,H00506,14,12,6,1,2024-08-05
83,H00640,H00647,14,14,15,1,2024-08-05
83,H00653,H00482,14,11,12,0,2024-08-05
83,H00655,H00612,14,14,16,0,2024-08-05
83,H00658,H00716,14,16,18,0,2024-08-05
83,H00660,H00002,14,0,13,0,2024-08-05
83,H00691,H00760,15,17,23,1,2024-08-05
83,H00703,H00678,15,15,17,1,2024-08-05
83,H00711,H00301,16,6,22,0,2024-08-05
83,H00713,H00738,16,16,7,1,2024-08-05
83,H00715,H00120,16,2,7,0,2024-08-05
83,H00716,H00734,16,16,13,1,2024-08-05
83,H00740,H00745,16,16,19,0,2024-08-05
83,H00751,H00799,17,17,12,0,2024-08-05
83,H00758,H00762,17,17,4,1,2024-08-05
83,H00768,H00630,17,14,16,1,2024-08-05
83,H00795,H00734,17,16,24,0,2024-08-05
83,H00802,H00830,18,18,19,0,2024-08-05
83,H00803,H00104,18,2,9,0,2024-08-05
83,H00816,H00836,18,18,2,1,2024-08-05
83,H00822,H00841,18,18,6,1,2024-08-05
83,H00838,H00535,18,12,6,1,2024-08-05
83,H00840,H00863,18,19,10,1,2024-08-05
83,H00851,H00867,19,19,17,1,2024-08-05
83,H00857,H00867,19,19,6,0,2024-08-05
83,H00862,H00869,19,19,15,1,2024-08-05
83,H00873,H00892,20,20,3,1,2024-08-05
83,H00874,H00927,20,21,23,1,2024-08-05
83,H00881,H00187,20,4,6,1,2024-08-05
83,H00895,H00884,20,20,24,1,2024-08-05
83,H00896,H00956,21,22,19,1,2024-08-05
83,H00901,H00914,21,21,16,0,2024-08-05
83,H00906,H00908,21,21,10,1,2024-08-05
83,H00907,H00879,21,20,14,1,2024-08-05
83,H00925,H00276,21,6,7,1,2024-08-05
83,H00928,H00961,22,22,3,1,2024-08-05
83,H00943,H00488,22,11,14,1,2024-08-05
83,H00946,H00944,22,22,7,1,2024-08-05
83,H00948,H00948,22,22,10,0,2024-08-05
83,H00951,H00996,22,24,4,1,2024-08-05
83,H00977,H00862,23,19,21,0,2024-08-05
83,H00979,H00988,23,23,23,1,2024-08-05
83,H00990,H00991,23,23,18,0,2024-08-05
83,H00992,H00651,23,14,7,1,2024-08-05
83,H01000,H01020,24,24,10,0,2024-08-05
83,H01004,H01017,24,24,11,1,2024-08-05
83,H01010,H01001,24,24,6,1,2024-08-05
83,H01012,H00995,24,24,21,0,2024-08-05
83,H01016,H01018,24,24,22,0,2024-08-05
83,H01018,H00943,24,22,8,0,2024-08-05
83,H01020,H01010,24,24,6,0,2024-08-05
83,H01037,H01051,25,25,15,1,2024-08-05
83,H01042,H01043,25,25,14,0,2024-08-05
83,H01049,H00150,25,3,4,1,2024-08-05
83,H01061,H01075,26,26,22,0,2024-08-05
83,H01065,H01070,26,26,15,1,2024-08-05
83,H01069,H01105,26,27,9,1,2024-08-05
83,H01072,H01076,26,26,2,1,2024-08-05
83,H01078,H00790,27,17,11,1,2024-08-05
83,H01084,H00136,27,2,23,1,2024-08-05
83,H01090,H01110,27,27,13,1,2024-08-05
83,H01105,H00890,27,20,9,0,2024-08-05
83,H01110,H01093,27,27,20,0,2024-08-05
84,H00014,H00019,0,0,3,1,2024-08-12
84,H00019,H00468,0,11,21,1,2024-08-12
84,H00021,H00684,0,15,11,0,2024-08-12
84,H00029,H00063,0,1,10,0,2024-08-12
84,H00030,H00135,0,2,10,1,2024-08-12
84,H00033,H00833,0,18,16,0,2024-08-12
84,H00053,H00410,1,10,5,0,2024-08-12
84,H00057,H00053,1,1,3,1,2024-08-12
84,H00058,H00054,1,1,19,1,2024-08-12
84,H00059,H00096,1,1,15,1,2024-08-12
84,H00062,H00069,1,1,5,1,2024-08-12
84,H00065,H00079,1,1,13,0,2024-08-12
84,H00083,H00044,1,1,3,1,2024-08-12
84,H00088,H00095,1,1,16,0,2024-08-12
84,H00101,H00130,2,2,20,1,2024-08-12
84,H00103,H00105,2,2,12,1,2024-08-12
84,H00137,H00131,2,2,21,0,2024-08-12
84,H00139,H00023,2,0,3,0,2024-08-12
84,H00144,H00176,3,3,23,1,2024-08-12
84,H00150,H00279,3,6,3,1,2024-08-12
84,H00154,H00185,3,3,8,0,2024-08-12
84,H00164,H00170,3,3,10,0,2024-08-12
84,H00174,H00140,3,2,11,1,2024-08-12
84,H00179,H00172,3,3,14,1,2024-08-12
84,H00202,H00016,4,0,5,1,2024-08-12
84,H00211,H00319,4,7,9,1,2024-08-12
84,H00215,H00218,4,4,18,0,2024-08-12
84,H00217,H00188,4,4,4,1,2024-08-12
84,H00241,H00272,5,5,24,1,2024-08-12
84,H00248,H00320,5,7,8,1,2024-08-12
84,H00266,H00269,5,5,18,1,2024-08-12
84,H00279,H00289,6,6,13,1,2024-08-12
84,H00280,H00289,6,6,16,1,2024-08-12
84,H00297,H00643,6,14,23,1,2024-08-12
84,H00300,H00477,6,11,23,1,2024-08-12
84,H00318,H00690,7,15,20,0,2024-08-12
84,H00324,H00335,7,7,15,1,2024-08-12
84,H00326,H00953,7,22,8,0,2024-08-12
84,H00327,H00320,7,7,13,1,2024-08-12
84,H00330,H00309,7,7,7,0,2024-08-12
84,H00334,H00313,7,7,5,0,2024-08-12
84,H00353,H00299,8,6,14,1,2024-08-12
84,H00355,H00852,8,19,23,0,2024-08-12
84,H00371,H00361,8,8,22,1,2024-08-12
84,H00375,H00388,9,9,2,1,2024-08-12
84,H00376,H00293,9,6,10,1,2024-08-12
84,H00387,H00389,9,9,17,0,2024-08-12
84,H00388,H00392,9,9,10,1,2024-08-12
84,H00428,H00297,10,6,8,1,2024-08-12
84,H00439,H00152,10,3,9,0,2024-08-12
84,H00442,H00481,11,11,11,1,2024-08-12
84,H00480,H00442,11,11,19,1,2024-08-12
84,H00506,H00521,12,12,3,1,2024-08-12
84,H00540,H00502,12,12,16,1,2024-08-12
84,H00545,H00681,13,15,15,1,2024-08-12
84,H00552,H00698,13,15,22,1,2024-08-12
84,H00568,H00546,13,13,22,1,2024-08-12
84,H00579,H00590,13,13,23,0,2024-08-12
84,H00595,H00462,13,11,23,1,2024-08-12
84,H00600,H00555,13,13,16,1,2024-08-12
84,H00635,H00626,14,14,2,1,2024-08-12
84,H00641,H00631,14,14,17,1,2024-08-12
84,H00649,H00656,14,14,22,0,2024-08-12
84,H00654,H00284,14,6,19,1,2024-08-12
84,H00662,H00534,15,12,12,1,2024-08-12
84,H00676,H00673,15,15,16,1,2024-08-12
84,H00684,H00671,15,15,10,1,2024-08-12
84,H00687,H00669,15,15,8,1,2024-08-12
84,H00704,H00547,15,13,14,1,2024-08-12
84,H00708,H00702,15,15,14,1,2024-08-12
84,H00709,H00028,15,0,16,0,2024-08-12
84,H00718,H00696,16,15,21,1,2024-08-12
84,H00737,H00743,16,16,3,1,2024-08-12
84,H00741,H00747,16,16,3,1,2024-08-12
84,H00754,H00753,17,17,21,1,2024-08-12
84,H00763,H00409,17,10,20,0,2024-08-12
84,H00766,H00726,17,16,23,1,2024-08-12
84,H00772,H00759,17,17,11,1,2024-08-12
84,H00784,H00788,17,17,23,0,2024-08-12
84,H00786,H00699,17,15,23,1,2024-08-12
84,H00790,H00778,17,17,7,1,2024-08-12
84,H00793,H01012,17,24,16,1,2024-08-12
84,H00816,H00806,18,18,9,1,2024-08-12
84,H00825,H00836,18,18,5,0,2024-08-12
84,H00842,H00801,18,18,7,1,2024-08-12
84,H00864,H00843,19,19,4,0,2024-08-12
84,H00871,H00879,20,20,9,0,2024-08-12
84,H00910,H00916,21,21,10,1,2024-08-12
84,H00965,H00993,23,23,13,1,2024-08-12
84,H00972,H00979,23,23,17,0,2024-08-12
84,H00982,H00987,23,23,24,0,2024-08-12
84,H00987,H00852,23,19,5,1,2024-08-12
84,H00991,H00985,23,23,16,1,2024-08-12
84,H00993,H00973,23,23,22,1,2024-08-12
84,H01010,H00862,24,19,10,0,2024-08-12
84,H01012,H01001,24,24,16,0,2024-08-12
84,H01015,H00317,24,7,8,0,2024-08-12
84,H01022,H01025,25,25,4,1,2024-08-12
84,H01051,H01046,25,25,16,0,2024-08-12
84,H01063,H01068,26,26,7,1,2024-08-12
84,H01077,H01081,27,27,9,1,2024-08-12
85,H00014,H00023,0,0,15,0,2024-08-19
85,H00021,H00000,0,0,10,0,2024-08-19
85,H00049,H00298,1,6,13,1,2024-08-19
85,H00090,H00257,1,5,2,0,2024-08-19
85,H00094,H00114,1,2,22,1,2024-08-19
85,H00116,H00468,2,11,5,1,2024-08-19
85,H00126,H00016,2,0,22,1,2024-08-19
85,H00133,H00141,2,2,12,1,2024-08-19
85,H00146,H00185,3,3,12,0,2024-08-19
85,H00150,H00165,3,3,18,1,2024-08-19
85,H00161,H00670,3,15,21,0,2024-08-19
85,H00179,H00146,3,3,13,1,2024-08-19
85,H00183,H00175,3,3,12,0,2024-08-19
85,H00184,H00174,3,3,4,1,2024-08-19
85,H00186,H00172,3,3,23,1,2024-08-19
85,H00194,H00394,4,9,24,1,2024-08-19
85,H00195,H00243,4,5,14,1,2024-08-19
85,H00202,H00207,4,4,18,1,2024-08-19
85,H00209,H00444,4,11,14,0,2024-08-19
85,H00216,H00010,4,0,18,1,2024-08-19
85,H00235,H00264,5,5,23,1,2024-08-19
85,H00237,H00097,5,1,23,1,2024-08-19
85,H00255,H00256,5,5,2,1,2024-08-19
85,H00268,H00110,5,2,6,1,2024-08-19
85,H00273,H00250,5,5,14,1,2024-08-19
85,H00276,H00323,6,7,19,1,2024-08-19
85,H00288,H00310,6,7,10,1,2024-08-19
85,H00300,H00740,6,16,21,0,2024-08-19
85,H00304,H00279,6,6,23,1,2024-08-19
85,H00306,H00303,6,6,4,1,2024-08-19
85,H00310,H00323,7,7,11,0,2024-08-19
85,H00316,H00300,7,6,6,0,2024-08-19
85,H00336,H00346,7,8,24,0,2024-08-19
85,H00354,H00341,8,8,4,0,2024-08-19
85,H00355,H00422,8,10,11,1,2024-08-19
85,H00356,H00357,8,8,24,1,2024-08-19
85,H00363,H00437,8,10,9,1,2024-08-19
85,H00391,H00402,9,9,13,0,2024-08-19
85,H00396,H00124,9,2,16,1,2024-08-19
85,H00400,H00384,9,9,22,0,2024-08-19
85,H00427,H00253,10,5,20,1,2024-08-19
85,H00431,H00485,10,11,10,1,2024-08-19
85,H00433,H00305,10,6,9,1,2024-08-19
85,H00442,H00472,11,11,12,1,2024-08-19
85,H00459,H00467,11,11,2,0,2024-08-19
85,H00479,H00308,11,6,23,1,2024-08-19
85,H00515,H00519,12,12,9,0,2024-08-19
85,H00520,H00106,12,2,14,1,2024-08-19
85,H00525,H00518,12,12,6,0,2024-08-19
85,H00541,H00498,12,12,21,0,2024-08-19
85,H00545,H00589,13,13,18,1,2024-08-19
85,H00564,H00685,13,15,10,1,2024-08-19
85,H00567,H00590,13,13,21,1,2024-08-19
85,H00568,H00546,13,13,7,0,2024-08-19
85,H00581,H00567,13,13,4,1,2024-08-19
85,H00585,H00327,13,7,9,1,2024-08-19
85,H00586,H00547,13,13,15,0,2024-08-19
85,H00587,H00017,13,0,6,0,2024-08-19
85,H00599,H00589,13,13,17,1,2024-08-19
85,H00607,H00135,14,2,5,0,2024-08-19
85,H00610,H00367,14,8,19,1,2024-08-19
85,H00615,H00442,14,11,6,1,2024-08-19
85,H00618,H00621,14,14,5,0,2024-08-19
85,H00640,H00607,14,14,4,0,2024-08-19
85,H00647,H00638,14,14,13,0,2024-08-19
85,H00651,H00604,14,14,17,1,2024-08-19
85,H00659,H00631,14,14,10,1,2024-08-19
85,H00667,H00670,15,15,5,1,2024-08-19
85,H00670,H00685,15,15,21,1,2024-08-19
85,H00673,H00119,15,2,15,1,2024-08-19
85,H00674,H00704,15,15,5,1,2024-08-19
85,H00677,H00666,15,15,12,0,2024-08-19
85,H00682,H00670,15,15,23,1,2024-08-19
85,H00690,H00670,15,15,9,0,2024-08-19
85,H00691,H00685,15,15,5,1,2024-08-19
85,H00702,H00707,15,15,12,1,2024-08-19
85,H00704,H00681,15,15,15,1,2024-08-19
85,H00710,H00740,16,16,7,1,2024-08-19
85,H00718,H00752,16,17,20,1,2024-08-19
85,H00722,H00006,16,0,21,1,2024-08-19
85,H00730,H00668,16,15,7,1,2024-08-19
85,H00737,H00295,16,6,10,0,2024-08-19
85,H00752,H00858,17,19,16,0,2024-08-19
85,H00766,H00690,17,15,20,0,2024-08-19
85,H00778,H00772,17,17,15,0,2024-08-19
85,H00785,H00786,17,17,24,0,2024-08-19
85,H00793,H00764,17,17,4,0,2024-08-19
85,H00799,H00477,17,11,16,1,2024-08-19
85,H00801,H00809,18,18,23,1,2024-08-19
85,H00811,H00825,18,18,20,0,2024-08-19
85,H00824,H00841,18,18,21,1,2024-08-19
85,H00827,H00744,18,16,3,1,2024-08-19
85,H00844,H00869,19,19,7,1,2024-08-19
85,H00846,H00863,19,19,2,1,2024-08-19
85,H00861,H01075,19,26,17,0,2024-08-19
85,H00865,H00312,19,7,7,1,2024-08-19
85,H00881,H00895,20,20,7,0,2024-08-19
85,H00886,H00886,20,20,20,1,2024-08-19
85,H00895,H00696,20,15,16,1,2024-08-19
85,H00910,H00925,21,21,22,1,2024-08-19
85,H00913,H00920,21,21,4,1,2024-08-19
85,H00914,H00846,21,19,13,1,2024-08-19
85,H00917,H00922,21,21,10,0,2024-08-19
85,H00922,H00900,21,21,3,1,2024-08-19
85,H00925,H00915,21,21,6,0,2024-08-19
85,H00927,H00917,21,21,16,1,2024-08-19
85,H00942,H01005,22,24,6,0,2024-08-19
85,H00961,H00996,22,24,7,0,2024-08-19
85,H00966,H00986,23,23,9,0,2024-08-19
85,H00973,H00622,23,14,20,0,2024-08-19
85,H00976,H00883,23,20,5,1,2024-08-19
85,H01012,H01018,24,24,10,1,2024-08-19
85,H01015,H01004,24,24,15,1,2024-08-19
85,H01020,H01004,24,24,9,1,2024-08-19
85,H01024,H00849,25,19,24,1,2024-08-19
85,H01025,H01024,25,25,22,1,2024-08-19
85,H01036,H00923,25,21,23,1,2024-08-19
85,H01039,H00332,25,7,4,0,2024-08-19
85,H01049,H01027,25,25,20,0,2024-08-19
85,H01056,H01059,26,26,10,1,2024-08-19
85,H01058,H01056,26,26,9,1,2024-08-19
85,H01095,H01102,27,27,17,0,2024-08-19
85,H01097,H00954,27,22,22,0,2024-08-19
85,H01102,H01091,27,27,6,0,2024-08-19
85,H01110,H01089,27,27,9,1,2024-08-19
86,H00015,H00018,0,0,8,1,2024-08-26
86,H00027,H00030,0,0,24,1,2024-08-26
86,H00034,H00257,0,5,15,1,2024-08-26
86,H00056,H00077,1,1,13,0,2024-08-26
86,H00058,H00055,1,1,11,1,2024-08-26
86,H00069,H00142,1,2,21,1,2024-08-26
86,H00085,H00020,1,0,17,1,2024-08-26
86,H00087,H00331,1,7,16,0,2024-08-26
86,H00101,H00132,2,2,21,0,2024-08-26
86,H00106,H00142,2,2,10,1,2024-08-26
86,H00110,H00335,2,7,3,1,2024-08-26
86,H00133,H00132,2,2,11,0,2024-08-26
86,H00143,H00149,3,3,18,1,2024-08-26
86,H00144,H00709,3,15,3,0,2024-08-26
86,H00159,H00169,3,3,13,0,2024-08-26
86,H00164,H00186,3,3,19,1,2024-08-26
86,H00175,H00170,3,3,20,0,2024-08-26
86,H00184,H00178,3,3,17,0,2024-08-26
86,H00193,H00230,4,4,11,0,2024-08-26
86,H00205,H00190,4,4,7,1,2024-08-26
86,H00208,H00008,4,0,10,0,2024-08-26
86,H00244,H00265,5,5,21,0,2024-08-26
86,H00272,H00268,5,5,3,0,2024-08-26
86,H00279,H00318,6,7,7,1,2024-08-26
86,H00284,H00292,6,6,4,0,2024-08-26
86,H00309,H00330,7,7,23,1,2024-08-26
86,H00310,H00100,7,2,14,0,2024-08-26
86,H00331,H00287,7,6,11,1,2024-08-26
86,H00332,H00287,7,6,9,1,2024-08-26
86,H00345,H00619,8,14,20,0,2024-08-26
86,H00366,H00297,8,6,10,1,2024-08-26
86,H00371,H00120,8,2,20,0,2024-08-26
86,H00375,H00384,9,9,24,1,2024-08-26
86,H00395,H00405,9,9,5,1,2024-08-26
86,H00412,H00436,10,10,23,0,2024-08-26
86,H00426,H00410,10,10,23,0,2024-08-26
86,H00461,H00452,11,11,22,0,2024-08-26
86,H00468,H00464,11,11,7,0,2024-08-26
86,H00470,H00462,11,11,15,0,2024-08-26
86,H00476,H00447,11,11,14,0,2024-08-26
86,H00480,H00348,11,8,15,1,2024-08-26
86,H00482,H00452,11,11,10,1,2024-08-26
86,H00483,H00020,11,0,3,1,2024-08-26
86,H00485,H00316,11,7,17,0,2024-08-26
86,H00490,H00034,11,0,7,0,2024-08-26
86,H00498,H00464,12,11,7,1,2024-08-26
86,H00501,H00511,12,12,3,1,2024-08-26
86,H00504,H00515,12,12,12,1,2024-08-26
86,H00527,H00508,12,12,7,0,2024-08-26
86,H00544,H00652,13,14,8,0,2024-08-26
86,H00552,H00546,13,13,17,0,2024-08-26
86,H00553,H00331,13,7,18,0,2024-08-26
86,H00554,H00555,13,13,13,1,2024-08-26
86,H00565,H00582,13,13,18,0,2024-08-26
86,H00567,H00603,13,13,20,1,2024-08-26
86,H00584,H00668,13,15,15,0,2024-08-26
86,H00607,H00814,14,18,20,1,2024-08-26
86,H00608,H00659,14,14,7,0,2024-08-26
86,H00612,H00677,14,15,24,1,2024-08-26
86,H00618,H00659,14,14,14,1,2024-08-26
86,H00621,H00101,14,2,20,1,2024-08-26
86,H00622,H00641,14,14,11,1,2024-08-26
86,H00630,H00462,14,11,3,1,2024-08-26
86,H00634,H00698,14,15,4,1,2024-08-26
86,H00646,H00279,14,6,19,1,2024-08-26
86,H00658,H00638,14,14,23,1,2024-08-26
86,H00662,H00699,15,15,2,1,2024-08-26
86,H00664,H00669,15,15,20,0,2024-08-26
86,H00668,H00692,15,15,3,1,2024-08-26
86,H00669,H00682,15,15,15,0,2024-08-26
86,H00670,H00555,15,13,18,1,2024-08-26
86,H00687,H00025,15,0,14,0,2024-08-26
86,H00699,H00289,15,6,20,1,2024-08-26
86,H00708,H00688,15,15,21,0,2024-08-26
86,H00720,H00008,16,0,21,0,2024-08-26
86,H00726,H00749,16,16,2,0,2024-08-26
86,H00730,H00723,16,16,9,1,2024-08-26
86,H00743,H00106,16,2,18,1,2024-08-26
86,H00746,H00828,16,18,24,1,2024-08-26
86,H00747,H00743,16,16,15,0,2024-08-26
86,H00754,H00753,17,17,11,0,2024-08-26
86,H00759,H00751,17,17,2,0,2024-08-26
86,H00797,H00738,17,16,22,1,2024-08-26
86,H00814,H00861,18,19,11,1,2024-08-26
86,H00828,H00809,18,18,16,0,2024-08-26
86,H00842,H00833,18,18,4,0,2024-08-26
86,H00856,H00849,19,19,22,0,2024-08-26
86,H00859,H00864,19,19,7,1,2024-08-26
86,H00869,H00868,19,19,24,1,2024-08-26
86,H00890,H00000,20,0,13,0,2024-08-26
86,H00891,H00330,20,7,7,1,2024-08-26
86,H00914,H00486,21,11,13,1,2024-08-26
86,H00917,H00878,21,20,12,1,2024-08-26
86,H00923,H00922,21,21,22,1,2024-08-26
86,H00938,H00997,22,24,13,0,2024-08-26
86,H00953,H00936,22,22,20,1,2024-08-26
86,H00966,H00979,23,23,11,1,2024-08-26
86,H00977,H00977,23,23,20,0,2024-08-26
86,H00979,H00970,23,23,5,0,2024-08-26
86,H00982,H00969,23,23,10,0,2024-08-26
86,H00983,H00966,23,23,15,1,2024-08-26
86,H00991,H00987,23,23,9,0,2024-08-26
86,H01016,H01006,24,24,24,0,2024-08-26
86,H01019,H01010,24,24,23,0,2024-08-26
86,H01063,H01076,26,26,2,1,2024-08-26
86,H01078,H00932,27,22,7,0,2024-08-26
86,H01093,H00959,27,22,22,0,2024-08-26
86,H01094,H00763,27,17,7,1,2024-08-26
87,H00000,H00001,0,0,13,1,2024-09-02
87,H00004,H00332,0,7,6,1,2024-09-02
87,H00007,H00321,0,7,8,1,2024-09-02
87,H00016,H00513,0,12,14,1,2024-09-02
87,H00018,H00020,0,0,10,0,2024-09-02
87,H00020,H00071,0,1,9,0,2024-09-02
87,H00036,H00038,0,0,6,0,2024-09-02
87,H00081,H00096,1,1,20,1,2024-09-02
87,H00088,H00059,1,1,24,0,2024-09-02
87,H00102,H00107,2,2,16,1,2024-09-02
87,H00116,H00870,2,19,4,1,2024-09-02
87,H00126,H00104,2,2,19,0,2024-09-02
87,H00130,H00292,2,6,11,0,2024-09-02
87,H00134,H00104,2,2,5,1,2024-09-02
87,H00166,H00708,3,15,20,0,2024-09-02
87,H00194,H00005,4,0,2,0,2024-09-02
87,H00204,H00257,4,5,2,0,2024-09-02
87,H00205,H00242,4,5,22,1,2024-09-02
87,H00214,H00212,4,4,18,0,2024-09-02
87,H00220,H00217,4,4,22,0,2024-09-02
87,H00228,H00193,4,4,23,0,2024-09-02
87,H00236,H00254,5,5,11,0,2024-09-02
87,H00239,H00009,5,0,9,1,2024-09-02
87,H00241,H00236,5,5,11,1,2024-09-02
87,H00261,H00232,5,5,6,1,2024-09-02
87,H00274,H00162,5,3,11,0,2024-09-02
87,H00276,H00298,6,6,10,1,2024-09-02
87,H00302,H00867,6,19,11,1,2024-09-02
87,H00326,H00656,7,14,11,1,2024-09-02
87,H00351,H00327,8,7,15,0,2024-09-02
87,H00381,H00381,9,9,10,1,2024-09-02
87,H00386,H00380,9,9,24,1,2024-09-02
87,H00396,H00387,9,9,5,0,2024-09-02
87,H00413,H00434,10,10,10,1,2024-09-02
87,H00415,H00548,10,13,11,0,2024-09-02
87,H00430,H00438,10,10,20,1,2024-09-02
87,H00442,H00455,11,11,8,1,2024-09-02
87,H00453,H00480,11,11,24,0,2024-09-02
87,H00470,H00475,11,11,18,1,2024-09-02
87,H00475,H00456,11,11,13,1,2024-09-02
87,H00481,H00447,11,11,14,0,2024-09-02
87,H00487,H00464,11,11,8,0,2024-09-02
87,H00495,H00525,12,12,15,1,2024-09-02
87,H00500,H00668,12,15,9,1,2024-09-02
87,H00518,H00024,12,0,15,0,2024-09-02
87,H00551,H00455,13,11,7,0,2024-09-02
87,H00553,H00547,13,13,9,1,2024-09-02
87,H00569,H00709,13,15,23,1,2024-09-02
87,H00572,H00559,13,13,17,0,2024-09-02
87,H00588,H00617,13,14,5,0,2024-09-02
87,H00596,H00576,13,13,16,1,2024-09-02
87,H00598,H00572,13,13,14,0,2024-09-02
87,H00634,H00632,14,14,19,1,2024-09-02
87,H00658,H00611,14,14,20,1,2024-09-02
87,H00664,H00687,15,15,9,0,2024-09-02
87,H00667,H00536,15,12,6,1,2024-09-02
87,H00680,H00677,15,15,7,0,2024-09-02
87,H00699,H00518,15,12,22,0,2024-09-02
87,H00715,H00730,16,16,7,0,2024-09-02
87,H00720,H00836,16,18,5,0,2024-09-02
87,H00742,H00940,16,22,22,0,2024-09-02
87,H00750,H00844,16,19,21,0,2024-09-02
87,H00764,H00744,17,16,6,0,2024-09-02
87,H00773,H00779,17,17,3,1,2024-09-02
87,H00774,H00768,17,17,17,0,2024-09-02
87,H00800,H01060,17,26,22,0,2024-09-02
87,H00808,H00840,18,18,5,1,2024-09-02
87,H00820,H00820,18,18,5,1,2024-09-02
87,H00821,H00738,18,16,19,0,2024-09-02
87,H00829,H00817,18,18,2,1,2024-09-02
87,H00839,H00804,18,18,2,0,2024-09-02
87,H00860,H00477,19,11,3,1,2024-09-02
87,H00861,H00846,19,19,15,0,2024-09-02
87,H00888,H00013,20,0,8,1,2024-09-02
87,H00896,H00908,21,21,19,1,2024-09-02
87,H00909,H00904,21,21,13,1,2024-09-02
87,H00920,H00914,21,21,3,1,2024-09-02
87,H00925,H00921,21,21,12,0,2024-09-02
87,H00928,H00928,22,22,20,1,2024-09-02
87,H00932,H00964,22,22,6,0,2024-09-02
87,H00941,H00955,22,22,16,0,2024-09-02
87,H00943,H00940,22,22,23,0,2024-09-02
87,H00945,H00960,22,22,13,1,2024-09-02
87,H00946,H00961,22,22,2,1,2024-09-02
87,H00953,H00946,22,22,2,1,2024-09-02
87,H00963,H00715,22,16,10,0,2024-09-02
87,H00977,H00748,23,16,23,1,2024-09-02
87,H00979,H00968,23,23,11,1,2024-09-02
87,H00993,H00965,23,23,15,1,2024-09-02
87,H01008,H01020,24,24,11,0,2024-09-02
87,H01025,H01041,25,25,9,1,2024-09-02
87,H01032,H01051,25,25,12,0,2024-09-02
87,H01040,H01004,25,24,13,1,2024-09-02
87,H01052,H01028,25,25,2,0,2024-09-02
87,H01057,H01061,26,26,24,1,2024-09-02
87,H01075,H01056,26,26,13,1,2024-09-02
87,H01079,H00664,27,15,19,1,2024-09-02
87,H01098,H01083,27,27,16,1,2024-09-02
87,H01099,H01097,27,27,10,0,2024-09-02
87,H01102,H01107,27,27,13,0,2024-09-02
88,H00006,H00013,0,0,7,1,2024-09-09
88,H00018,H00002,0,0,15,0,2024-09-09
88,H00025,H00000,0,0,21,1,2024-09-09
88,H00027,H00003,0,0,6,1,2024-09-09
88,H00031,H00578,0,13,6,1,2024-09-09
88,H00037,H00124,0,2,6,0,2024-09-09
88,H00050,H00296,1,6,8,0,2024-09-09
88,H00068,H00277,1,6,6,1,2024-09-09
88,H00082,H00061,1,1,6,1,2024-09-09
88,H00084,H00044,1,1,22,1,2024-09-09
88,H00093,H00033,1,0,13,1,2024-09-09
88,H00099,H00141,2,2,8,0,2024-09-09
88,H00103,H00332,2,7,19,1,2024-09-09
88,H00106,H00104,2,2,4,1,2024-09-09
88,H00109,H00127,2,2,24,0,2024-09-09
88,H00114,H00136,2,2,3,0,2024-09-09
88,H00119,H00141,2,2,18,1,2024-09-09
88,H00130,H00106,2,2,5,1,2024-09-09
88,H00135,H00138,2,2,23,0,2024-09-09
88,H00143,H00171,3,3,16,1,2024-09-09
88,H00144,H00184,3,3,14,0,2024-09-09
88,H00154,H00822,3,18,6,0,2024-09-09
88,H00160,H00179,3,3,2,0,2024-09-09
88,H00180,H00145,3,3,6,1,2024-09-09
88,H00215,H00195,4,4,21,1,2024-09-09
88,H00224,H00782,4,17,10,1,2024-09-09
88,H00226,H00218,4,4,15,0,2024-09-09
88,H00252,H00247,5,5,22,1,2024-09-09
88,H00253,H00256,5,5,2,1,2024-09-09
88,H00257,H00034,5,0,23,1,2024-09-09
88,H00259,H00662,5,15,3,0,2024-09-09
88,H00267,H00317,5,7,9,1,2024-09-09
88,H00276,H00716,6,16,7,1,2024-09-09
88,H00281,H00326,6,7,7,0,2024-09-09
88,H00306,H00455,6,11,9,0,2024-09-09
88,H00310,H00108,7,2,16,1,2024-09-09
88,H00316,H00324,7,7,20,1,2024-09-09
88,H00329,H00326,7,7,3,1,2024-09-09
88,H00337,H00362,8,8,7,0,2024-09-09
88,H00339,H00372,8,8,5,0,2024-09-09
88,H00348,H00288,8,6,24,1,2024-09-09
88,H00367,H00733,8,16,3,1,2024-09-09
88,H00377,H00028,9,0,6,0,2024-09-09
88,H00393,H00402,9,9,22,1,2024-09-09
88,H00397,H00479,9,11,17,1,2024-09-09
88,H00399,H00398,9,9,4,1,2024-09-09
88,H00423,H00300,10,6,13,0,2024-09-09
88,H00424,H01007,10,24,17,0,2024-09-09
88,H00442,H00468,11,11,15,1,2024-09-09
88,H00445,H00451,11,11,4,1,2024-09-09
88,H00449,H00310,11,7,20,1,2024-09-09
88,H00451,H00104,11,2,13,1,2024-09-09
88,H00454,H00464,11,11,19,0,2024-09-09
88,H00456,H00004,11,0,23,1,2024-09-09
88,H00460,H00149,11,3,3,1,2024-09-09
88,H00478,H00488,11,11,9,1,2024-09-09
88,H00482,H00003,11,0,9,1,2024-09-09
88,H00486,H00232,11,5,9,1,2024-09-09
88,H00506,H00699,12,15,16,1,2024-09-09
88,H00512,H00494,12,12,12,1,2024-09-09
88,H00515,H00363,12,8,15,0,2024-09-09
88,H00523,H00135,12,2,12,0,2024-09-09
88,H00531,H00460,12,11,21,0,2024-09-09
88,H00534,H01065,12,26,12,1,2024-09-09
88,H00563,H00602,13,13,10,1,2024-09-09
88,H00572,H00116,13,2,8,0,2024-09-09
88,H00583,H00571,13,13,8,1,2024-09-09
88,H00613,H00023,14,0,13,1,2024-09-09
88,H00623,H00438,14,10,5,0,2024-09-09
88,H00625,H00647,14,14,16,1,2024-09-09
88,H00626,H00655,14,14,20,0,2024-09-09
88,H00629,H00629,14,14,6,1,2024-09-09
88,H00640,H00657,14,14,4,1,2024-09-09
88,H00659,H00650,14,14,4,1,2024-09-09
88,H00660,H00605,14,14,12,1,2024-09-09
88,H00668,H00699,15,15,3,1,2024-09-09
88,H00671,H00645,15,14,13,1,2024-09-09
88,H00673,H00662,15,15,23,1,2024-09-09
88,H00676,H00700,15,15,5,1,2024-09-09
88,H00683,H00287,15,6,3,1,2024-09-09
88,H00693,H00682,15,15,21,1,2024-09-09
88,H00696,H00682,15,15,16,1,2024-09-09
88,H00705,H00634,15,14,20,1,2024-09-09
88,H00710,H00735,16,16,19,1,2024-09-09
88,H00712,H00197,16,4,24,1,2024-09-09
88,H00714,H00731,16,16,22,1,2024-09-09
88,H00725,H00710,16,16,19,0,2024-09-09
88,H00729,H00737,16,16,6,1,2024-09-09
88,H00731,H00731,16,16,3,0,2024-09-09
88,H00733,H00711,16,16,5,0,2024-09-09
88,H00766,H00787,17,17,8,1,2024-09-09
88,H00775,H00761,17,17,24,1,2024-09-09
88,H00777,H00754,17,17,14,0,2024-09-09
88,H00794,H00790,17,17,8,0,2024-09-09
88,H00796,H00779,17,17,6,0,2024-09-09
88,H00814,H00831,18,18,15,1,2024-09-09
88,H00834,H00825,18,18,24,0,2024-09-09
88,H00843,H00737,19,16,3,1,2024-09-09
88,H00846,H00324,19,7,22,0,2024-09-09
88,H00854,H00863,19,19,23,1,2024-09-09
88,H00857,H00829,19,18,22,1,2024-09-09
88,H00867,H00861,19,19,23,0,2024-09-09
88,H00868,H00007,19,0,17,0,2024-09-09
88,H00886,H00890,20,20,6,1,2024-09-09
88,H00892,H00843,20,19,8,1,2024-09-09
88,H00894,H00892,20,20,6,1,2024-09-09
88,H00900,H01021,21,24,21,1,2024-09-09
88,H00901,H00896,21,21,17,1,2024-09-09
88,H00903,H00708,21,15,20,1,2024-09-09
88,H00950,H01076,22,26,9,1,2024-09-09
88,H00963,H01081,22,27,10,1,2024-09-09
88,H00966,H00967,23,23,9,1,2024-09-09
88,H00991,H00962,23,22,16,0,2024-09-09
88,H00993,H00422,23,10,20,1,2024-09-09
88,H01020,H00929,24,22,13,1,2024-09-09
88,H01034,H01075,25,26,20,0,2024-09-09
88,H01043,H01053,25,25,7,0,2024-09-09
88,H01062,H01056,26,26,22,1,2024-09-09
88,H01098,H01098,27,27,9,1,2024-09-09
88,H01109,H01077,27,27,18,1,2024-09-09
89,H00000,H00030,0,0,23,1,2024-09-16
89,H00012,H00001,0,0,9,0,2024-09-16
89,H00043,H00045,1,1,13,0,2024-09-16
89,H00077,H00066,1,1,5,1,2024-09-16
89,H00082,H00048,1,1,6,1,2024-09-16
89,H00092,H00328,1,7,11,0,2024-09-16
89,H00119,H00103,2,2,22,0,2024-09-16
89,H00139,H00136,2,2,22,1,2024-09-16
89,H00141,H00131,2,2,7,0,2024-09-16
89,H00150,H00145,3,3,10,1,2024-09-16
89,H00166,H00147,3,3,23,1,2024-09-16
89,H00175,H00167,3,3,7,1,2024-09-16
89,H00195,H00223,4,4,20,1,2024-09-16
89,H00199,H00035,4,0,18,1,2024-09-16
89,H00216,H00190,4,4,7,0,2024-09-16
89,H00221,H00229,4,4,11,1,2024-09-16
89,H00225,H00421,4,10,8,1,2024-09-16
89,H00235,H00455,5,11,22,1,2024-09-16
89,H00257,H00237,5,5,6,1,2024-09-16
89,H00272,H00239,5,5,16,1,2024-09-16
89,H00273,H00261,5,5,16,0,2024-09-16
89,H00275,H00032,5,0,16,1,2024-09-16
89,H00287,H00287,6,6,16,1,2024-09-16
89,H00291,H00292,6,6,20,0,2024-09-16
89,H00308,H00136,6,2,11,0,2024-09-16
89,H00310,H00334,7,7,20,1,2024-09-16
89,H00315,H00266,7,5,23,0,2024-09-16
89,H00323,H00333,7,7,3,0,2024-09-16
89,H00332,H00331,7,7,3,0,2024-09-16
89,H00355,H00309,8,7,24,0,2024-09-16
89,H00359,H00337,8,8,15,1,2024-09-16
89,H00365,H00362,8,8,5,1,2024-09-16
89,H00391,H00379,9,9,3,0,2024-09-16
89,H00401,H00748,9,16,15,0,2024-09-16
89,H00407,H00770,10,17,15,0,2024-09-16
89,H00417,H00031,10,0,24,1,2024-09-16
89,H00418,H00408,10,10,3,1,2024-09-16
89,H00435,H00733,10,16,19,1,2024-09-16
89,H00465,H00790,11,17,22,1,2024-09-16
89,H00466,H00451,11,11,17,0,2024-09-16
89,H00501,H00526,12,12,13,1,2024-09-16
89,H00504,H00245,12,5,15,1,2024-09-16
89,H00511,H00528,12,12,18,0,2024-09-16
89,H00514,H00720,12,16,21,1,2024-09-16
89,H00519,H00467,12,11,19,0,2024-09-16
89,H00541,H00367,12,8,6,0,2024-09-16
89,H00603,H00598,13,13,14,0,2024-09-16
89,H00612,H00492,14,11,10,1,2024-09-16
89,H00619,H00640,14,14,20,1,2024-09-16
89,H00625,H00666,14,15,2,0,2024-09-16
89,H00631,H00608,14,14,16,1,2024-09-16
89,H00644,H00649,14,14,12,1,2024-09-16
89,H00655,H00622,14,14,22,1,2024-09-16
89,H00656,H00677,14,15,9,0,2024-09-16
89,H00671,H00462,15,11,24,0,2024-09-16
89,H00682,H00678,15,15,22,0,2024-09-16
89,H00686,H00673,15,15,12,1,2024-09-16
89,H00687,H00696,15,15,12,1,2024-09-16
89,H00703,H00665,15,15,14,1,2024-09-16
89,H00707,H00713,15,16,24,1,2024-09-16
89,H00718,H00099,16,2,22,1,2024-09-16
89,H00747,H00737,16,16,14,0,2024-09-16
89,H00748,H00733,16,16,5,1,2024-09-16
89,H00767,H00755,17,17,16,1,2024-09-16
89,H00768,H00107,17,2,5,1,2024-09-16
89,H00769,H00302,17,6,16,0,2024-09-16
89,H00771,H00797,17,17,5,1,2024-09-16
89,H00794,H00763,17,17,12,0,2024-09-16
89,H00795,H00800,17,17,20,0,2024-09-16
89,H00802,H00826,18,18,22,1,2024-09-16
89,H00810,H00869,18,19,16,1,2024-09-16
89,H00811,H00821,18,18,8,1,2024-09-16
89,H00821,H00813,18,18,16,1,2024-09-16
89,H00838,H00819,18,18,8,1,2024-09-16
89,H00839,H00811,18,18,8,0,2024-09-16
89,H00843,H00852,19,19,21,0,2024-09-16
89,H00852,H00843,19,19,23,1,2024-09-16
89,H00875,H01098,20,27,4,0,2024-09-16
89,H00903,H00879,21,20,3,1,2024-09-16
89,H00908,H00901,21,21,5,0,2024-09-16
89,H00910,H00749,21,16,3,0,2024-09-16
89,H00925,H00911,21,21,17,1,2024-09-16
89,H00927,H00908,21,21,21,1,2024-09-16
89,H00934,H00946,22,22,22,0,2024-09-16
89,H00937,H00931,22,22,21,1,2024-09-16
89,H00939,H00935,22,22,15,0,2024-09-16
89,H00959,H00971,22,23,20,1,2024-09-16
89,H00964,H00937,22,22,12,0,2024-09-16
89,H00971,H00140,23,2,13,0,2024-09-16
89,H00985,H00979,23,23,7,1,2024-09-16
89,H00992,H00993,23,23,3,0,2024-09-16
89,H00993,H00934,23,22,19,1,2024-09-16
89,H01031,H01022,25,25,4,0,2024-09-16
89,H01040,H01024,25,25,6,0,2024-09-16
89,H01050,H00432,25,10,14,0,2024-09-16
89,H01086,H01087,27,27,12,1,2024-09-16
89,H01087,H00964,27,22,5,1,2024-09-16
89,H01104,H00979,27,23,13,0,2024-09-16
89,H01106,H01103,27,27,20,1,2024-09-16
90,H00007,H00029,0,0,12,0,2024-09-23
90,H00012,H00027,0,0,8,0,2024-09-23
90,H00029,H00007,0,0,23,0,2024-09-23
90,H00030,H00005,0,0,8,0,2024-09-23
90,H00039,H00041,1,1,10,0,2024-09-23
90,H00060,H00054,1,1,15,1,2024-09-23
90,H00063,H00071,1,1,11,1,2024-09-23
90,H00065,H00293,1,6,13,1,2024-09-23
90,H00073,H00061,1,1,10,1,2024-09-23
90,H00081,H00043,1,1,24,1,2024-09-23
90,H00083,H00092,1,1,13,0,2024-09-23
90,H00100,H00483,2,11,5,1,2024-09-23
90,H00104,H00664,2,15,16,1,2024-09-23
90,H00108,H00121,2,2,9,0,2024-09-23
90,H00123,H00137,2,2,11,1,2024-09-23
90,H00134,H00061,2,1,4,1,2024-09-23
90,H00142,H00113,2,2,20,1,2024-09-23
90,H00143,H00305,3,6,6,0,2024-09-23
90,H00145,H00451,3,11,6,1,2024-09-23
90,H00150,H00165,3,3,23,1,2024-09-23
90,H00160,H00171,3,3,23,1,2024-09-23
90,H00170,H00159,3,3,15,1,2024-09-23
90,H00199,H00192,4,4,6,0,2024-09-23
90,H00200,H00202,4,4,3,1,2024-09-23
90,H00206,H00226,4,4,6,1,2024-09-23
90,H00208,H00196,4,4,7,1,2024-09-23
90,H00225,H00155,4,3,4,1,2024-09-23
90,H00231,H00196,4,4,18,0,2024-09-23
90,H00234,H00299,5,6,9,1,2024-09-23
90,H00269,H00263,5,5,8,1,2024-09-23
90,H00276,H00303,6,6,21,1,2024-09-23
90,H00294,H00298,6,6,5,0,2024-09-23
90,H00295,H00276,6,6,11,1,2024-09-23
90,H00301,H00333,6,7,24,1,2024-09-23
90,H00307,H00301,6,6,15,1,2024-09-23
90,H00309,H00333,7,7,7,0,2024-09-23
90,H00314,H00321,7,7,5,1,2024-09-23
90,H00339,H00363,8,8,22,1,2024-09-23
90,H00354,H00350,8,8,14,0,2024-09-23
90,H00359,H00356,8,8,14,0,2024-09-23
90,H00432,H00285,10,6,12,1,2024-09-23
90,H00435,H00415,10,10,7,1,2024-09-23
90,H00439,H00418,10,10,16,1,2024-09-23
90,H00444,H00475,11,11,5,1,2024-09-23
90,H00447,H00473,11,11,6,1,2024-09-23
90,H00464,H00488,11,11,19,0,2024-09-23
90,H00465,H00467,11,11,8,1,2024-09-23
90,H00471,H00711,11,16,8,1,2024-09-23
90,H00487,H00447,11,11,13,1,2024-09-23
90,H00489,H00304,11,6,2,0,2024-09-23
90,H00506,H00518,12,12,12,0,2024-09-23
90,H00520,H00523,12,12,4,1,2024-09-23
90,H00531,H00521,12,12,14,0,2024-09-23
90,H00537,H00521,12,12,18,1,2024-09-23
90,H00544,H00638,13,14,15,1,2024-09-23
90,H00566,H00708,13,15,12,1,2024-09-23
90,H00607,H00620,14,14,13,0,2024-09-23
90,H00620,H00643,14,14,8,0,2024-09-23
90,H00624,H00630,14,14,24,0,2024-09-23
90,H00627,H00635,14,14,11,1,2024-09-23
90,H00645,H00670,14,15,7,1,2024-09-23
90,H00652,H00705,14,15,19,0,2024-09-23
90,H00658,H00608,14,14,22,0,2024-09-23
90,H00664,H00698,15,15,10,1,2024-09-23
90,H00691,H00687,15,15,15,0,2024-09-23
90,H00700,H00813,15,18,3,1,2024-09-23
90,H00706,H00378,15,9,22,1,2024-09-23
90,H00710,H00724,16,16,4,1,2024-09-23
90,H00712,H00850,16,19,8,1,2024-09-23
90,H00714,H00725,16,16,22,1,2024-09-23
90,H00725,H00734,16,16,7,0,2024-09-23
90,H00728,H00420,16,10,4,1,2024-09-23
90,H00729,H00712,16,16,21,0,2024-09-23
90,H00740,H00740,16,16,2,1,2024-09-23
90,H00745,H00740,16,16,14,1,2024-09-23
90,H00761,H00566,17,13,14,1,2024-09-23
90,H00782,H00298,17,6,4,1,2024-09-23
90,H00789,H00758,17,17,11,1,2024-09-23
90,H00798,H00789,17,17,23,0,2024-09-23
90,H00809,H00289,18,6,8,1,2024-09-23
90,H00811,H00808,18,18,4,1,2024-09-23
90,H00812,H00617,18,14,11,1,2024-09-23
90,H00813,H00839,18,18,19,1,2024-09-23
90,H00815,H00865,18,19,6,1,2024-09-23
90,H00816,H00813,18,18,23,1,2024-09-23
90,H00819,H00812,18,18,16,0,2024-09-23
90,H00843,H00869,19,19,20,0,2024-09-23
90,H00852,H00855,19,19,2,0,2024-09-23
90,H00858,H00135,19,2,20,0,2024-09-23
90,H00901,H00923,21,21,21,1,2024-09-23
90,H00903,H00907,21,21,23,0,2024-09-23
90,H00911,H00471,21,11,17,1,2024-09-23
90,H00913,H00971,21,23,13,0,2024-09-23
90,H00949,H00983,22,23,18,1,2024-09-23
90,H00958,H00984,22,23,12,0,2024-09-23
90,H00972,H00979,23,23,20,1,2024-09-23
90,H01000,H00945,24,22,23,1,2024-09-23
90,H01013,H01014,24,24,11,0,2024-09-23
90,H01021,H01004,24,24,15,1,2024-09-23
90,H01034,H01042,25,25,19,0,2024-09-23
90,H01035,H01027,25,25,7,1,2024-09-23
90,H01055,H01094,26,27,19,1,2024-09-23
90,H01058,H00335,26,7,3,1,2024-09-23
90,H01074,H00904,26,21,24,1,2024-09-23
90,H01089,H01109,27,27,5,1,2024-09-23
90,H01090,H00950,27,22,19,0,2024-09-23
90,H01095,H01094,27,27,23,0,2024-09-23
91,H00000,H00849,0,19,11,1,2024-09-30
91,H00002,H00006,0,0,12,1,2024-09-30
91,H00008,H00012,0,0,14,0,2024-09-30
91,H00023,H00685,0,15,14,1,2024-09-30
91,H00044,H00081,1,1,23,0,2024-09-30
91,H00053,H00019,1,0,23,0,2024-09-30
91,H00072,H00069,1,1,19,1,2024-09-30
91,H00086,H00068,1,1,4,1,2024-09-30
91,H00093,H00079,1,1,5,1,2024-09-30
91,H00096,H00017,1,0,22,1,2024-09-30
91,H00099,H00119,2,2,8,1,2024-09-30
91,H00117,H00116,2,2,17,1,2024-09-30
91,H00119,H00304,2,6,17,0,2024-09-30
91,H00122,H00107,2,2,12,0,2024-09-30
91,H00123,H00486,2,11,3,0,2024-09-30
91,H00132,H00607,2,14,17,1,2024-09-30
91,H00135,H00291,2,6,7,0,2024-09-30
91,H00155,H00455,3,11,17,0,2024-09-30
91,H00206,H00212,4,4,24,1,2024-09-30
91,H00233,H00024,5,0,10,0,2024-09-30
91,H00255,H00933,5,22,24,1,2024-09-30
91,H00258,H00001,5,0,18,1,2024-09-30
91,H00265,H00721,5,16,7,0,2024-09-30
91,H00268,H00290,5,6,20,1,2024-09-30
91,H00272,H00249,5,5,9,1,2024-09-30
91,H00276,H00297,6,6,4,1,2024-09-30
91,H00289,H00749,6,16,18,1,2024-09-30
91,H00298,H00298,6,6,4,0,2024-09-30
91,H00309,H00711,7,16,6,1,2024-09-30
91,H00317,H00300,7,6,18,1,2024-09-30
91,H00345,H00355,8,8,22,1,2024-09-30
91,H00347,H00370,8,8,15,1,2024-09-30
91,H00354,H00363,8,8,23,0,2024-09-30
91,H00364,H00308,8,6,15,1,2024-09-30
91,H00365,H01007,8,24,11,1,2024-09-30
91,H00384,H00391,9,9,16,1,2024-09-30
91,H00388,H00749,9,16,17,1,2024-09-30
91,H00396,H00018,9,0,18,0,2024-09-30
91,H00411,H00421,10,10,8,0,2024-09-30
91,H00416,H00420,10,10,6,1,2024-09-30
91,H00440,H00418,10,10,21,1,2024-09-30
91,H00442,H00472,11,11,22,1,2024-09-30
91,H00444,H00444,11,11,23,1,2024-09-30
91,H00451,H00749,11,16,20,0,2024-09-30
91,H00453,H00456,11,11,8,1,2024-09-30
91,H00458,H00003,11,0,18,0,2024-09-30
91,H00461,H00128,11,2,11,0,2024-09-30
91,H00464,H00465,11,11,14,0,2024-09-30
91,H00466,H00465,11,11,10,1,2024-09-30
91,H00471,H00279,11,6,17,0,2024-09-30
91,H00480,H00463,11,11,24,0,2024-09-30
91,H00483,H00481,11,11,24,1,2024-09-30
91,H00485,H00490,11,11,15,0,2024-09-30
91,H00493,H00716,12,16,7,0,2024-09-30
91,H00502,H00298,12,6,6,0,2024-09-30
91,H00506,H00518,12,12,23,1,2024-09-30
91,H00537,H00516,12,12,2,0,2024-09-30
91,H00541,H00519,12,12,7,0,2024-09-30
91,H00547,H00509,13,12,6,0,2024-09-30
91,H00572,H00592,13,13,23,1,2024-09-30
91,H00598,H00667,13,15,9,1,2024-09-30
91,H00599,H00576,13,13,10,0,2024-09-30
91,H00613,H00635,14,14,19,1,2024-09-30
91,H00615,H00686,14,15,4,1,2024-09-30
91,H00621,H00617,14,14,12,1,2024-09-30
91,H00630,H00703,14,15,24,1,2024-09-30
91,H00641,H00635,14,14,11,1,2024-09-30
91,H00648,H00609,14,14,21,0,2024-09-30
91,H00666,H00665,15,15,13,1,2024-09-30
91,H00675,H00686,15,15,15,1,2024-09-30
91,H00677,H00702,15,15,4,1,2024-09-30
91,H00713,H00747,16,16,20,1,2024-09-30
91,H00715,H00741,16,16,13,1,2024-09-30
91,H00727,H00737,16,16,7,0,2024-09-30
91,H00728,H00256,16,5,15,1,2024-09-30
91,H00731,H00718,16,16,10,1,2024-09-30
91,H00736,H00749,16,16,8,1,2024-09-30
91,H00751,H00743,17,16,22,1,2024-09-30
91,H00760,H00800,17,17,18,0,2024-09-30
91,H00778,H00842,17,18,14,0,2024-09-30
91,H00798,H00755,17,17,21,1,2024-09-30
91,H00804,H00935,18,22,11,1,2024-09-30
91,H00825,H00313,18,7,20,0,2024-09-30
91,H00832,H00858,18,19,5,1,2024-09-30
91,H00836,H00880,18,20,20,0,2024-09-30
91,H00840,H00829,18,18,18,0,2024-09-30
91,H00843,H00863,19,19,20,1,2024-09-30
91,H00858,H00849,19,19,2,0,2024-09-30
91,H00879,H00903,20,21,3,1,2024-09-30
91,H00893,H00859,20,19,14,1,2024-09-30
91,H00899,H00924,21,21,7,1,2024-09-30
91,H00901,H00922,21,21,3,1,2024-09-30
91,H00928,H00933,22,22,22,1,2024-09-30
91,H00931,H00928,22,22,8,0,2024-09-30
91,H00932,H00945,22,22,22,1,2024-09-30
91,H00938,H00938,22,22,17,0,2024-09-30
91,H00941,H00948,22,22,13,0,2024-09-30
91,H00942,H00939,22,22,2,0,2024-09-30
91,H00974,H00966,23,23,3,0,2024-09-30
91,H01023,H01028,25,25,14,1,2024-09-30
91,H01036,H01011,25,24,23,1,2024-09-30
91,H01037,H00438,25,10,8,0,2024-09-30
91,H01038,H00960,25,22,10,0,2024-09-30
91,H01042,H01041,25,25,6,0,2024-09-30
91,H01053,H01045,25,25,8,0,2024-09-30
91,H01066,H00029,26,0,8,1,2024-09-30
91,H01080,H00024,27,0,16,1,2024-09-30
91,H01087,H01084,27,27,12,0,2024-09-30
91,H01090,H01092,27,27,8,0,2024-09-30
91,H01096,H01059,27,26,5,1,2024-09-30
91,H01097,H00349,27,8,18,1,2024-09-30
91,H01103,H00928,27,22,10,0,2024-09-30
91,H01107,H01077,27,27,10,1,2024-09-30
92,H00000,H00018,0,0,3,0,2024-10-07
92,H00008,H00023,0,0,8,1,2024-10-07
92,H00014,H00202,0,4,15,0,2024-10-07
92,H00031,H00750,0,16,4,1,2024-10-07
92,H00043,H00059,1,1,2,0,2024-10-07
92,H00053,H00078,1,1,13,1,2024-10-07
92,H00062,H00065,1,1,3,1,2024-10-07
92,H00068,H00062,1,1,16,0,2024-10-07
92,H00080,H00054,1,1,8,0,2024-10-07
92,H00091,H00040,1,1,5,1,2024-10-07
92,H00096,H00671,1,15,7,1,2024-10-07
92,H00098,H00092,1,1,7,0,2024-10-07
92,H00099,H00139,2,2,24,1,2024-10-07
92,H00106,H00343,2,8,13,1,2024-10-07
92,H00109,H00116,2,2,23,1,2024-10-07
92,H00123,H00664,2,15,18,1,2024-10-07
92,H00126,H00139,2,2,3,1,2024-10-07
92,H00131,H00108,2,2,22,0,2024-10-07
92,H00141,H00138,2,2,20,1,2024-10-07
92,H00179,H00163,3,3,16,0,2024-10-07
92,H00182,H00841,3,18,11,0,2024-10-07
92,H00183,H00028,3,0,12,0,2024-10-07
92,H00191,H00223,4,4,11,1,2024-10-07
92,H00227,H00324,4,7,9,0,2024-10-07
92,H00242,H00274,5,5,17,1,2024-10-07
92,H00256,H00861,5,19,4,0,2024-10-07
92,H00263,H00222,5,4,16,0,2024-10-07
92,H00274,H00261,5,5,5,1,2024-10-07
92,H00295,H00396,6,9,13,1,2024-10-07
92,H00297,H00280,6,6,24,0,2024-10-07
92,H00309,H00332,7,7,24,1,2024-10-07
92,H00342,H00349,8,8,3,0,2024-10-07
92,H00355,H00449,8,11,23,0,2024-10-07
92,H00359,H00340,8,8,20,1,2024-10-07
92,H00381,H00277,9,6,6,0,2024-10-07
92,H00390,H00302,9,6,8,1,2024-10-07
92,H00394,H00301,9,6,8,1,2024-10-07
92,H00399,H00037,9,0,9,1,2024-10-07
92,H00400,H00388,9,9,22,1,2024-10-07
92,H00403,H00405,9,9,20,1,2024-10-07
92,H00406,H00406,10,10,4,0,2024-10-07
92,H00413,H00431,10,10,3,0,2024-10-07
92,H00425,H00430,10,10,9,1,2024-10-07
92,H00432,H00283,10,6,22,1,2024-10-07
92,H00436,H00416,10,10,23,0,2024-10-07
92,H00437,H00399,10,9,15,1,2024-10-07
92,H00442,H00479,11,11,13,1,2024-10-07
92,H00457,H00487,11,11,12,1,2024-10-07
92,H00461,H00483,11,11,15,1,2024-10-07
92,H00466,H00487,11,11,21,1,2024-10-07
92,H00470,H00334,11,7,13,0,2024-10-07
92,H00471,H00922,11,21,18,1,2024-10-07
92,H00498,H00462,12,11,6,1,2024-10-07
92,H00503,H00738,12,16,24,0,2024-10-07
92,H00525,H00537,12,12,16,1,2024-10-07
92,H00530,H00033,12,0,2,1,2024-10-07
92,H00534,H00495,12,12,3,1,2024-10-07
92,H00541,H00539,12,12,3,0,2024-10-07
92,H00551,H00213,13,4,9,1,2024-10-07
92,H00559,H00585,13,13,12,1,2024-10-07
92,H00568,H00320,13,7,3,0,2024-10-07
92,H00574,H00614,13,14,16,1,2024-10-07
92,H00575,H00561,13,13,7,1,2024-10-07
92,H00582,H00595,13,13,9,1,2024-10-07
92,H00623,H00205,14,4,23,1,2024-10-07
92,H00655,H00455,14,11,16,0,2024-10-07
92,H00658,H00683,14,15,20,0,2024-10-07
92,H00667,H00172,15,3,13,1,2024-10-07
92,H00681,H00125,15,2,22,1,2024-10-07
92,H00691,H00672,15,15,4,1,2024-10-07
92,H00714,H00710,16,16,4,0,2024-10-07
92,H00722,H00885,16,20,14,1,2024-10-07
92,H00723,H00236,16,5,16,1,2024-10-07
92,H00728,H00749,16,16,4,0,2024-10-07
92,H00732,H00739,16,16,8,1,2024-10-07
92,H00734,H00779,16,17,2,1,2024-10-07
92,H00737,H00729,16,16,23,0,2024-10-07
92,H00746,H00712,16,16,22,1,2024-10-07
92,H00769,H00762,17,17,22,0,2024-10-07
92,H00776,H00447,17,11,9,1,2024-10-07
92,H00778,H00732,17,16,11,1,2024-10-07
92,H00787,H00320,17,7,8,1,2024-10-07
92,H00788,H00476,17,11,10,0,2024-10-07
92,H00804,H00749,18,16,20,0,2024-10-07
92,H00807,H00835,18,18,20,1,2024-10-07
92,H00808,H00786,18,17,19,1,2024-10-07
92,H00811,H00001,18,0,4,1,2024-10-07
92,H00812,H00852,18,19,5,0,2024-10-07
92,H00861,H00862,19,19,3,1,2024-10-07
92,H00872,H00880,20,20,17,0,2024-10-07
92,H00877,H00885,20,20,16,1,2024-10-07
92,H00889,H00890,20,20,10,1,2024-10-07
92,H00908,H00900,21,21,2,0,2024-10-07
92,H00931,H00110,22,2,13,1,2024-10-07
92,H00932,H00952,22,22,24,1,2024-10-07
92,H00941,H00947,22,22,13,1,2024-10-07
92,H00975,H00982,23,23,17,0,2024-10-07
92,H00979,H00987,23,23,4,0,2024-10-07
92,H00983,H00978,23,23,7,1,2024-10-07
92,H01001,H01098,24,27,8,0,2024-10-07
92,H01006,H00386,24,9,22,1,2024-10-07
92,H01013,H01011,24,24,15,0,2024-10-07
92,H01022,H01037,25,25,4,1,2024-10-07
92,H01026,H00924,25,21,20,0,2024-10-07
92,H01029,H01041,25,25,18,0,2024-10-07
92,H01039,H01040,25,25,13,0,2024-10-07
92,H01040,H01047,25,25,17,1,2024-10-07
92,H01044,H01023,25,25,23,1,2024-10-07
92,H01063,H01058,26,26,17,0,2024-10-07
92,H01081,H01100,27,27,12,1,2024-10-07
92,H01103,H01084,27,27,18,1,2024-10-07
92,H01105,H01107,27,27,19,0,2024-10-07
93,H00012,H00024,0,0,18,1,2024-10-14
93,H00033,H00443,0,11,4,1,2024-10-14
93,H00036,H00074,0,1,15,1,2024-10-14
93,H00048,H00064,1,1,8,0,2024-10-14
93,H00062,H00064,1,1,12,0,2024-10-14
93,H00077,H00085,1,1,17,0,2024-10-14
93,H00090,H00069,1,1,6,1,2024-10-14
93,H00092,H00281,1,6,9,1,2024-10-14
93,H00093,H00047,1,1,23,0,2024-10-14
93,H00099,H00471,2,11,11,1,2024-10-14
93,H00104,H00446,2,11,23,1,2024-10-14
93,H00135,H00007,2,0,22,1,2024-10-14
93,H00171,H00148,3,3,12,1,2024-10-14
93,H00177,H00204,3,4,19,0,2024-10-14
93,H00179,H00173,3,3,9,1,2024-10-14
93,H00186,H00145,3,3,17,0,2024-10-14
93,H00197,H00213,4,4,9,1,2024-10-14
93,H00199,H00229,4,4,2,0,2024-10-14
93,H00201,H00202,4,4,5,0,2024-10-14
93,H00204,H00228,4,4,14,0,2024-10-14
93,H00205,H00187,4,4,13,1,2024-10-14
93,H00210,H00222,4,4,12,1,2024-10-14
93,H00211,H00191,4,4,2,1,2024-10-14
93,H00215,H00219,4,4,20,1,2024-10-14
93,H00223,H00142,4,2,12,0,2024-10-14
93,H00225,H00214,4,4,20,1,2024-10-14
93,H00228,H00198,4,4,24,1,2024-10-14
93,H00231,H00206,4,4,8,0,2024-10-14
93,H00236,H00247,5,5,6,1,2024-10-14
93,H00251,H00258,5,5,20,1,2024-10-14
93,H00252,H00664,5,15,7,1,2024-10-14
93,H00255,H00233,5,5,3,1,2024-10-14
93,H00267,H00254,5,5,11,1,2024-10-14
93,H00276,H00454,6,11,23,1,2024-10-14
93,H00312,H00320,7,7,18,1,2024-10-14
93,H00347,H00371,8,8,2,1,2024-10-14
93,H00348,H00313,8,7,13,0,2024-10-14
93,H00355,H00354,8,8,14,1,2024-10-14
93,H00383,H00047,9,1,24,0,2024-10-14
93,H00400,H00402,9,9,23,0,2024-10-14
93,H00406,H00417,10,10,20,1,2024-10-14
93,H00416,H00440,10,10,24,0,2024-10-14
93,H00419,H00241,10,5,12,1,2024-10-14
93,H00436,H00441,10,10,14,1,2024-10-14
93,H00456,H00488,11,11,9,0,2024-10-14
93,H00471,H00463,11,11,18,0,2024-10-14
93,H00505,H00534,12,12,15,0,2024-10-14
93,H00546,H00546,13,13,8,1,2024-10-14
93,H00548,H00557,13,13,7,1,2024-10-14
93,H00572,H00007,13,0,18,1,2024-10-14
93,H00577,H00569,13,13,14,1,2024-10-14
93,H00584,H00562,13,13,5,1,2024-10-14
93,H00588,H00677,13,15,3,1,2024-10-14
93,H00591,H00559,13,13,8,0,2024-10-14
93,H00597,H00103,13,2,10,0,2024-10-14
93,H00618,H00627,14,14,13,0,2024-10-14
93,H00619,H00653,14,14,22,1,2024-10-14
93,H00630,H00300,14,6,2,0,2024-10-14
93,H00633,H00643,14,14,17,0,2024-10-14
93,H00639,H00707,14,15,10,1,2024-10-14
93,H00646,H00635,14,14,10,1,2024-10-14
93,H00650,H00473,14,11,21,0,2024-10-14
93,H00662,H00696,15,15,21,0,2024-10-14
93,H00683,H00695,15,15,17,1,2024-10-14
93,H00689,H00704,15,15,19,1,2024-10-14
93,H00698,H00653,15,14,12,1,2024-10-14
93,H00710,H00311,16,7,4,1,2024-10-14
93,H00723,H00836,16,18,11,0,2024-10-14
93,H00731,H00726,16,16,8,0,2024-10-14
93,H00736,H00742,16,16,12,1,2024-10-14
93,H00747,H00717,16,16,24,1,2024-10-14
93,H00757,H00755,17,17,18,0,2024-10-14
93,H00759,H00135,17,2,24,1,2024-10-14
93,H00782,H00765,17,17,14,1,2024-10-14
93,H00798,H00727,17,16,17,0,2024-10-14
93,H00800,H00680,17,15,21,0,2024-10-14
93,H00801,H00729,18,16,4,0,2024-10-14
93,H00816,H00462,18,11,24,0,2024-10-14
93,H00823,H00818,18,18,22,0,2024-10-14
93,H00832,H00804,18,18,10,1,2024-10-14
93,H00865,H00851,19,19,13,0,2024-10-14
93,H00903,H00925,21,21,18,1,2024-10-14
93,H00916,H00889,21,20,22,1,2024-10-14
93,H00926,H00909,21,21,18,0,2024-10-14
93,H00935,H00944,22,22,7,1,2024-10-14
93,H00954,H00964,22,22,7,0,2024-10-14
93,H00961,H00346,22,8,21,1,2024-10-14
93,H00990,H00945,23,22,24,0,2024-10-14
93,H00991,H00984,23,23,23,0,2024-10-14
93,H00992,H00478,23,11,20,0,2024-10-14
93,H00993,H00987,23,23,15,1,2024-10-14
93,H00997,H00999,24,24,23,1,2024-10-14
93,H01004,H01019,24,24,15,0,2024-10-14
93,H01006,H00125,24,2,5,1,2024-10-14
93,H01036,H00939,25,22,10,1,2024-10-14
93,H01038,H00023,25,0,22,1,2024-10-14
93,H01039,H01046,25,25,17,1,2024-10-14
93,H01043,H01020,25,24,12,0,2024-10-14
93,H01049,H01042,25,25,9,1,2024-10-14
93,H01061,H00920,26,21,21,0,2024-10-14
93,H01070,H01057,26,26,22,1,2024-10-14
93,H01073,H00674,26,15,9,0,2024-10-14
93,H01087,H00711,27,16,22,1,2024-10-14
93,H01088,H01101,27,27,7,1,2024-10-14
93,H01097,H00954,27,22,9,1,2024-10-14
94,H00000,H00038,0,0,15,1,2024-10-21
94,H00003,H00000,0,0,23,1,2024-10-21
94,H00022,H00032,0,0,4,1,2024-10-21
94,H00027,H00738,0,16,23,0,2024-10-21
94,H00040,H00061,1,1,11,1,2024-10-21
94,H00051,H00688,1,15,16,1,2024-10-21
94,H00057,H00091,1,1,7,0,2024-10-21
94,H00058,H00040,1,1,20,0,2024-10-21
94,H00059,H00093,1,1,11,1,2024-10-21
94,H00071,H00405,1,9,24,1,2024-10-21
94,H00106,H00128,2,2,18,1,2024-10-21
94,H00192,H00217,4,4,2,1,2024-10-21
94,H00201,H00224,4,4,20,1,2024-10-21
94,H00211,H00711,4,16,15,1,2024-10-21
94,H00218,H00487,4,11,21,0,2024-10-21
94,H00222,H00226,4,4,23,0,2024-10-21
94,H00242,H00254,5,5,18,1,2024-10-21
94,H00245,H00269,5,5,16,1,2024-10-21
94,H00254,H00250,5,5,6,0,2024-10-21
94,H00256,H00254,5,5,12,0,2024-10-21
94,H00270,H00273,5,5,16,1,2024-10-21
94,H00274,H00254,5,5,14,0,2024-10-21
94,H00308,H00419,6,10,19,1,2024-10-21
94,H00309,H00318,7,7,17,1,2024-10-21
94,H00311,H00326,7,7,10,0,2024-10-21
94,H00339,H00362,8,8,4,1,2024-10-21
94,H00341,H00371,8,8,19,1,2024-10-21
94,H00374,H00368,8,8,4,0,2024-10-21
94,H00375,H00381,9,9,2,1,2024-10-21
94,H00376,H00316,9,7,18,1,2024-10-21
94,H00379,H00108,9,2,6,1,2024-10-21
94,H00388,H00304,9,6,13,0,2024-10-21
94,H00390,H00388,9,9,12,1,2024-10-21
94,H00391,H00398,9,9,12,0,2024-10-21
94,H00397,H00155,9,3,20,1,2024-10-21
94,H00404,H00381,9,9,7,0,2024-10-21
94,H00414,H00117,10,2,6,0,2024-10-21
94,H00442,H00329,11,7,4,1,2024-10-21
94,H00458,H00658,11,14,9,0,2024-10-21
94,H00465,H00457,11,11,2,1,2024-10-21
94,H00468,H00522,11,12,7,0,2024-10-21
94,H00512,H00839,12,18,7,1,2024-10-21
94,H00547,H00580,13,13,15,0,2024-10-21
94,H00554,H00560,13,13,7,0,2024-10-21
94,H00569,H00545,13,13,14,1,2024-10-21
94,H00588,H00707,13,15,21,1,2024-10-21
94,H00589,H00567,13,13,21,1,2024-10-21
94,H00590,H00651,13,14,13,1,2024-10-21
94,H00601,H00701,13,15,19,0,2024-10-21
94,H00608,H00514,14,12,20,0,2024-10-21
94,H00625,H00610,14,14,13,0,2024-10-21
94,H00630,H00619,14,14,14,0,2024-10-21
94,H00632,H00635,14,14,13,1,2024-10-21
94,H00642,H00632,14,14,6,0,2024-10-21
94,H00652,H00624,14,14,21,1,2024-10-21
94,H00659,H00645,14,14,19,1,2024-10-21
94,H00694,H00694,15,15,18,0,2024-10-21
94,H00704,H00673,15,15,7,1,2024-10-21
94,H00708,H00706,15,15,2,1,2024-10-21
94,H00732,H00747,16,16,10,1,2024-10-21
94,H00745,H00721,16,16,12,1,2024-10-21
94,H00751,H00449,17,11,24,0,2024-10-21
94,H00755,H00231,17,4,15,1,2024-10-21
94,H00764,H00758,17,17,16,1,2024-10-21
94,H00812,H00820,18,18,5,1,2024-10-21
94,H00823,H00869,18,19,18,1,2024-10-21
94,H00828,H00598,18,13,13,1,2024-10-21
94,H00840,H00806,18,18,15,0,2024-10-21
94,H00846,H00276,19,6,15,1,2024-10-21
94,H00851,H00799,19,17,10,1,2024-10-21
94,H00866,H00711,19,16,10,1,2024-10-21
94,H00876,H00879,20,20,20,1,2024-10-21
94,H00895,H00875,20,20,4,1,2024-10-21
94,H00916,H00005,21,0,5,1,2024-10-21
94,H00933,H01099,22,27,10,0,2024-10-21
94,H00936,H01003,22,24,8,1,2024-10-21
94,H00938,H00957,22,22,8,1,2024-10-21
94,H00940,H00929,22,22,8,1,2024-10-21
94,H00966,H00965,23,23,8,0,2024-10-21
94,H00971,H00976,23,23,6,1,2024-10-21
94,H00979,H00966,23,23,12,1,2024-10-21
94,H00983,H00971,23,23,18,1,2024-10-21
94,H00988,H00318,23,7,6,0,2024-10-21
94,H01019,H01084,24,27,6,1,2024-10-21
94,H01022,H00133,25,2,7,1,2024-10-21
94,H01037,H00960,25,22,20,1,2024-10-21
94,H01038,H01033,25,25,10,1,2024-10-21
94,H01039,H01034,25,25,8,1,2024-10-21
94,H01047,H01023,25,25,14,0,2024-10-21
94,H01081,H01090,27,27,21,1,2024-10-21
94,H01102,H01111,27,27,6,1,2024-10-21
94,H01104,H01096,27,27,8,0,2024-10-21
95,H00043,H00073,1,1,12,1,2024-10-28
95,H00060,H00091,1,1,17,0,2024-10-28
95,H00061,H00465,1,11,9,0,2024-10-28
95,H00075,H00058,1,1,22,0,2024-10-28
95,H00084,H00062,1,1,18,0,2024-10-28
95,H00093,H00067,1,1,19,0,2024-10-28
95,H00099,H00122,2,2,17,1,2024-10-28
95,H00101,H00395,2,9,19,1,2024-10-28
95,H00104,H00133,2,2,23,1,2024-10-28
95,H00105,H00126,2,2,20,1,2024-10-28
95,H00111,H00119,2,2,2,0,2024-10-28
95,H00113,H00122,2,2,6,1,2024-10-28
95,H00121,H00108,2,2,6,1,2024-10-28
95,H00137,H00114,2,2,2,0,2024-10-28
95,H00138,H00453,2,11,8,0,2024-10-28
95,H00157,H00157,3,3,22,0,2024-10-28
95,H00181,H00201,3,4,9,0,2024-10-28
95,H00184,H00163,3,3,17,0,2024-10-28
95,H00193,H00199,4,4,2,0,2024-10-28
95,H00204,H01080,4,27,18,0,2024-10-28
95,H00209,H00491,4,11,7,1,2024-10-28
95,H00222,H00208,4,4,2,1,2024-10-28
95,H00249,H00259,5,5,3,0,2024-10-28
95,H00261,H00256,5,5,10,1,2024-10-28
95,H00263,H00187,5,4,2,1,2024-10-28
95,H00278,H00849,6,19,4,0,2024-10-28
95,H00291,H00315,6,7,20,1,2024-10-28
95,H00296,H00308,6,6,2,1,2024-10-28
95,H00326,H00298,7,6,18,0,2024-10-28
95,H00330,H00227,7,4,11,0,2024-10-28
95,H00334,H00315,7,7,3,1,2024-10-28
95,H00338,H00653,8,14,23,1,2024-10-28
95,H00362,H00100,8,2,4,1,2024-10-28
95,H00367,H00343,8,8,14,1,2024-10-28
95,H00372,H00373,8,8,7,1,2024-10-28
95,H00378,H00386,9,9,8,0,2024-10-28
95,H00380,H00391,9,9,13,0,2024-10-28
95,H00391,H00317,9,7,9,1,2024-10-28
95,H00398,H00151,9,3,18,1,2024-10-28
95,H00399,H00381,9,9,8,1,2024-10-28
95,H00410,H00306,10,6,8,1,2024-10-28
95,H00426,H00431,10,10,18,0,2024-10-28
95,H00432,H00424,10,10,6,0,2024-10-28
95,H00435,H00419,10,10,3,0,2024-10-28
95,H00443,H00473,11,11,22,1,2024-10-28
95,H00449,H00490,11,11,23,1,2024-10-28
95,H00466,H00473,11,11,10,0,2024-10-28
95,H00478,H00749,11,16,7,1,2024-10-28
95,H00480,H00458,11,11,22,0,2024-10-28
95,H00486,H00590,11,13,14,1,2024-10-28
95,H00495,H00520,12,12,13,0,2024-10-28
95,H00497,H00515,12,12,6,1,2024-10-28
95,H00523,H00673,12,15,19,1,2024-10-28
95,H00524,H00514,12,12,11,1,2024-10-28
95,H00534,H00527,12,12,24,1,2024-10-28
95,H00535,H00541,12,12,4,1,2024-10-28
95,H00542,H00861,13,19,18,0,2024-10-28
95,H00543,H00023,13,0,11,1,2024-10-28
95,H00565,H00601,13,13,2,1,2024-10-28
95,H00573,H00568,13,13,6,1,2024-10-28
95,H00606,H00634,14,14,7,0,2024-10-28
95,H00615,H00636,14,14,8,0,2024-10-28
95,H00625,H00650,14,14,20,1,2024-10-28
95,H00660,H00685,14,15,9,1,2024-10-28
95,H00684,H00705,15,15,7,0,2024-10-28
95,H00690,H00813,15,18,18,1,2024-10-28
95,H00691,H00683,15,15,19,1,2024-10-28
95,H00702,H00032,15,0,13,1,2024-10-28
95,H00705,H00460,15,11,4,1,2024-10-28
95,H00714,H00732,16,16,15,1,2024-10-28
95,H00716,H00734,16,16,21,1,2024-10-28
95,H00720,H00460,16,11,21,1,2024-10-28
95,H00730,H00717,16,16,12,1,2024-10-28
95,H00753,H00753,17,17,20,1,2024-10-28
95,H00762,H00751,17,17,19,1,2024-10-28
95,H00763,H00725,17,16,18,1,2024-10-28
95,H00766,H00771,17,17,9,1,2024-10-28
95,H00821,H00834,18,18,8,1,2024-10-28
95,H00829,H00836,18,18,18,0,2024-10-28
95,H00843,H00789,19,17,10,1,2024-10-28
95,H00861,H00837,19,18,6,1,2024-10-28
95,H00863,H00341,19,8,24,1,2024-10-28
95,H00883,H00905,20,21,12,1,2024-10-28
95,H00886,H00934,20,22,6,1,2024-10-28
95,H00907,H00142,21,2,3,1,2024-10-28
95,H00909,H00922,21,21,13,0,2024-10-28
95,H00933,H00928,22,22,17,0,2024-10-28
95,H00936,H00948,22,22,23,0,2024-10-28
95,H00948,H00967,22,23,6,0,2024-10-28
95,H00955,H00928,22,22,4,1,2024-10-28
95,H00963,H00622,22,14,21,1,2024-10-28
95,H00969,H00998,23,24,2,0,2024-10-28
95,H01001,H01017,24,24,14,0,2024-10-28
95,H01020,H00994,24,24,3,0,2024-10-28
95,H01022,H01047,25,25,10,1,2024-10-28
95,H01029,H01026,25,25,6,1,2024-10-28
95,H01030,H00432,25,10,15,1,2024-10-28
95,H01043,H01025,25,25,20,0,2024-10-28
95,H01048,H01051,25,25,2,0,2024-10-28
95,H01059,H00736,26,16,22,1,2024-10-28
95,H01069,H01106,26,27,4,0,2024-10-28
95,H01074,H01055,26,26,20,1,2024-10-28
95,H01075,H00918,26,21,7,0,2024-10-28
95,H01101,H00959,27,22,6,1,2024-10-28
95,H01107,H01101,27,27,22,0,2024-10-28
96,H00019,H00002,0,0,4,1,2024-11-04
96,H00020,H00018,0,0,23,0,2024-11-04
96,H00022,H00299,0,6,12,0,2024-11-04
96,H00049,H00093,1,1,7,1,2024-11-04
96,H00050,H00105,1,2,5,1,2024-11-04
96,H00079,H00087,1,1,17,1,2024-11-04
96,H00102,H00105,2,2,8,0,2024-11-04
96,H00170,H00163,3,3,7,0,2024-11-04
96,H00172,H00160,3,3,19,1,2024-11-04
96,H00174,H00075,3,1,12,1,2024-11-04
96,H00202,H00223,4,4,8,1,2024-11-04
96,H00208,H00224,4,4,16,1,2024-11-04
96,H00215,H00191,4,4,11,1,2024-11-04
96,H00216,H00003,4,0,16,1,2024-11-04
96,H00245,H00247,5,5,2,0,2024-11-04
96,H00249,H00207,5,4,12,1,2024-11-04
96,H00256,H00242,5,5,11,1,2024-11-04
96,H00258,H00274,5,5,7,1,2024-11-04
96,H00310,H00132,7,2,16,1,2024-11-04
96,H00315,H00315,7,7,4,1,2024-11-04
96,H00335,H00097,7,1,12,0,2024-11-04
96,H00352,H00306,8,6,11,1,2024-11-04
96,H00368,H00287,8,6,13,1,2024-11-04
96,H00374,H00344,8,8,18,1,2024-11-04
96,H00385,H00928,9,22,19,1,2024-11-04
96,H00413,H00430,10,10,13,0,2024-11-04
96,H00437,H00325,10,7,2,0,2024-11-04
96,H00445,H00858,11,19,8,1,2024-11-04
96,H00475,H00458,11,11,10,1,2024-11-04
96,H00506,H00100,12,2,17,0,2024-11-04
96,H00516,H00486,12,11,12,0,2024-11-04
96,H00537,H00484,12,11,13,1,2024-11-04
96,H00541,H00324,12,7,13,0,2024-11-04
96,H00553,H00549,13,13,17,1,2024-11-04
96,H00555,H00003,13,0,3,0,2024-11-04
96,H00563,H00571,13,13,18,0,2024-11-04
96,H00571,H00334,13,7,18,0,2024-11-04
96,H00587,H00567,13,13,22,0,2024-11-04
96,H00599,H00666,13,15,13,1,2024-11-04
96,H00604,H00629,14,14,12,1,2024-11-04
96,H00646,H00640,14,14,7,1,2024-11-04
96,H00654,H00615,14,14,12,0,2024-11-04
96,H00661,H00199,14,4,20,1,2024-11-04
96,H00677,H00706,15,15,18,0,2024-11-04
96,H00682,H00666,15,15,24,1,2024-11-04
96,H00689,H00683,15,15,12,1,2024-11-04
96,H00692,H00840,15,18,24,1,2024-11-04
96,H00701,H00739,15,16,3,0,2024-11-04
96,H00715,H00003,16,0,22,1,2024-11-04
96,H00751,H00010,17,0,4,1,2024-11-04
96,H00754,H00312,17,7,5,0,2024-11-04
96,H00765,H00716,17,16,23,1,2024-11-04
96,H00778,H00318,17,7,16,0,2024-11-04
96,H00779,H00778,17,17,15,1,2024-11-04
96,H00784,H00303,17,6,7,0,2024-11-04
96,H00789,H00720,17,16,17,1,2024-11-04
96,H00796,H00673,17,15,6,1,2024-11-04
96,H00810,H00682,18,15,21,1,2024-11-04
96,H00813,H00714,18,16,23,0,2024-11-04
96,H00814,H00821,18,18,17,1,2024-11-04
96,H00815,H00810,18,18,23,1,2024-11-04
96,H00823,H00017,18,0,10,0,2024-11-04
96,H00826,H00723,18,16,20,1,2024-11-04
96,H00837,H00822,18,18,2,0,2024-11-04
96,H00840,H00854,18,19,9,1,2024-11-04
96,H00848,H00427,19,10,6,0,2024-11-04
96,H00857,H00870,19,19,15,1,2024-11-04
96,H00861,H00851,19,19,14,1,2024-11-04
96,H00867,H01072,19,26,2,0,2024-11-04
96,H00868,H00852,19,19,17,1,2024-11-04
96,H00873,H00894,20,20,20,1,2024-11-04
96,H00896,H00916,21,21,10,0,2024-11-04
96,H00899,H00912,21,21,20,1,2024-11-04
96,H00908,H00910,21,21,7,1,2024-11-04
96,H00910,H00900,21,21,20,0,2024-11-04
96,H00923,H00914,21,21,16,0,2024-11-04
96,H00940,H00957,22,22,21,0,2024-11-04
96,H00946,H00942,22,22,16,1,2024-11-04
96,H00979,H00965,23,23,8,1,2024-11-04
96,H00982,H01089,23,27,11,1,2024-11-04
96,H00984,H00875,23,20,3,1,2024-11-04
96,H00986,H00973,23,23,21,1,2024-11-04
96,H01012,H01042,24,25,22,1,2024-11-04
96,H01020,H01006,24,24,9,0,2024-11-04
96,H01022,H01054,25,25,4,0,2024-11-04
96,H01029,H00311,25,7,6,1,2024-11-04
96,H01053,H01050,25,25,21,0,2024-11-04
96,H01063,H01055,26,26,10,1,2024-11-04
96,H01070,H01068,26,26,2,0,2024-11-04
96,H01103,H01093,27,27,12,1,2024-11-04
96,H01110,H00283,27,6,19,0,2024-11-04
97,H00005,H00017,0,0,23,1,2024-11-11
97,H00012,H00013,0,0,15,0,2024-11-11
97,H00017,H00633,0,14,12,0,2024-11-11
97,H00021,H00024,0,0,9,1,2024-11-11
97,H00051,H00040,1,1,24,1,2024-11-11
97,H00079,H00073,1,1,11,0,2024-11-11
97,H00089,H00049,1,1,3,1,2024-11-11
97,H00111,H00131,2,2,10,1,2024-11-11
97,H00113,H00112,2,2,2,0,2024-11-11
97,H00116,H00138,2,2,5,1,2024-11-11
97,H00148,H00424,3,10,5,0,2024-11-11
97,H00151,H00313,3,7,4,1,2024-11-11
97,H00167,H00274,3,5,23,1,2024-11-11
97,H00170,H00136,3,2,20,1,2024-11-11
97,H00187,H00463,4,11,12,0,2024-11-11
97,H00195,H00199,4,4,22,0,2024-11-11
97,H00198,H00254,4,5,9,0,2024-11-11
97,H00229,H00194,4,4,17,1,2024-11-11
97,H00252,H00272,5,5,19,0,2024-11-11
97,H00255,H00270,5,5,2,1,2024-11-11
97,H00264,H00243,5,5,13,1,2024-11-11
97,H00282,H00133,6,2,18,0,2024-11-11
97,H00287,H00287,6,6,2,0,2024-11-11
97,H00303,H00291,6,6,24,1,2024-11-11
97,H00309,H00312,7,7,7,1,2024-11-11
97,H00367,H00372,8,8,9,1,2024-11-11
97,H00369,H00342,8,8,9,1,2024-11-11
97,H00378,H00106,9,2,6,1,2024-11-11
97,H00379,H00384,9,9,5,1,2024-11-11
97,H00383,H00343,9,8,10,0,2024-11-11
97,H00384,H00313,9,7,3,0,2024-11-11
97,H00385,H00389,9,9,21,1,2024-11-11
97,H00393,H00707,9,15,12,0,2024-11-11
97,H00401,H00401,9,9,11,0,2024-11-11
97,H00412,H00310,10,7,15,0,2024-11-11
97,H00413,H00431,10,10,10,1,2024-11-11
97,H00415,H00408,10,10,21,1,2024-11-11
97,H00424,H00427,10,10,23,1,2024-11-11
97,H00435,H00428,10,10,16,1,2024-11-11
97,H00436,H01055,10,26,14,0,2024-11-11
97,H00442,H00472,11,11,7,1,2024-11-11
97,H00448,H00490,11,11,7,0,2024-11-11
97,H00479,H00455,11,11,23,0,2024-11-11
97,H00503,H00538,12,12,16,1,2024-11-11
97,H00543,H00849,13,19,12,1,2024-11-11
97,H00569,H00741,13,16,4,1,2024-11-11
97,H00571,H00229,13,4,11,0,2024-11-11
97,H00592,H00547,13,13,20,0,2024-11-11
97,H00607,H00036,14,0,21,1,2024-11-11
97,H00618,H00605,14,14,21,0,2024-11-11
97,H00634,H00638,14,14,15,1,2024-11-11
97,H00640,H00284,14,6,17,1,2024-11-11
97,H00648,H00621,14,14,3,1,2024-11-11
97,H00658,H00003,14,0,11,0,2024-11-11
97,H00676,H00670,15,15,6,0,2024-11-11
97,H00679,H00682,15,15,9,0,2024-11-11
97,H00683,H00376,15,9,10,0,2024-11-11
97,H00687,H00681,15,15,7,1,2024-11-11
97,H00694,H00670,15,15,2,1,2024-11-11
97,H00723,H00514,16,12,12,1,2024-11-11
97,H00727,H00845,16,19,24,1,2024-11-11
97,H00755,H00767,17,17,21,0,2024-11-11
97,H00772,H00758,17,17,4,1,2024-11-11
97,H00792,H00764,17,17,22,1,2024-11-11
97,H00794,H00796,17,17,24,0,2024-11-11
97,H00800,H00763,17,17,11,1,2024-11-11
97,H00801,H00811,18,18,2,1,2024-11-11
97,H00802,H00802,18,18,12,1,2024-11-11
97,H00808,H00822,18,18,13,1,2024-11-11
97,H00834,H00842,18,18,23,1,2024-11-11
97,H00835,H00749,18,16,24,0,2024-11-11
97,H00860,H00843,19,19,9,1,2024-11-11
97,H00865,H00445,19,11,24,0,2024-11-11
97,H00896,H00916,21,21,12,1,2024-11-11
97,H00900,H00911,21,21,11,0,2024-11-11
97,H00905,H00924,21,21,5,1,2024-11-11
97,H00916,H00854,21,19,13,1,2024-11-11
97,H00930,H00538,22,12,15,1,2024-11-11
97,H00936,H00942,22,22,15,0,2024-11-11
97,H00937,H00993,22,23,16,1,2024-11-11
97,H00946,H00945,22,22,4,0,2024-11-11
97,H00947,H00992,22,23,22,0,2024-11-11
97,H00953,H00849,22,19,10,0,2024-11-11
97,H00960,H00309,22,7,21,0,2024-11-11
97,H00967,H00966,23,23,23,0,2024-11-11
97,H00970,H00898,23,21,3,0,2024-11-11
97,H00989,H00974,23,23,4,1,2024-11-11
97,H01001,H00988,24,23,11,0,2024-11-11
97,H01006,H00995,24,24,12,1,2024-11-11
97,H01027,H01034,25,25,24,1,2024-11-11
97,H01070,H00845,26,19,22,0,2024-11-11
97,H01076,H00943,26,22,11,1,2024-11-11
97,H01087,H01102,27,27,22,0,2024-11-11
97,H01090,H01107,27,27,5,0,2024-11-11
97,H01096,H01094,27,27,17,1,2024-11-11
97,H01097,H00867,27,19,5,1,2024-11-11
97,H01102,H00056,27,1,7,1,2024-11-11
97,H01103,H00949,27,22,11,1,2024-11-11
98,H00012,H00012,0,0,6,0,2024-11-18
98,H00016,H00553,0,13,11,0,2024-11-18
98,H00033,H00297,0,6,6,0,2024-11-18
98,H00036,H00105,0,2,6,0,2024-11-18
98,H00049,H00056,1,1,4,1,2024-11-18
98,H00072,H00995,1,24,3,1,2024-11-18
98,H00077,H00089,1,1,6,1,2024-11-18
98,H00081,H00142,1,2,3,1,2024-11-18
98,H00099,H00105,2,2,4,1,2024-11-18
98,H00116,H00133,2,2,7,1,2024-11-18
98,H00132,H00022,2,0,3,0,2024-11-18
98,H00139,H00115,2,2,18,1,2024-11-18
98,H00165,H00178,3,3,16,0,2024-11-18
98,H00181,H00157,3,3,19,1,2024-11-18
98,H00185,H00179,3,3,14,0,2024-11-18
98,H00194,H00548,4,13,24,1,2024-11-18
98,H00204,H00218,4,4,15,0,2024-11-18
98,H00228,H00219,4,4,17,0,2024-11-18
98,H00231,H00696,4,15,23,0,2024-11-18
98,H00232,H00238,5,5,6,0,2024-11-18
98,H00239,H00251,5,5,16,1,2024-11-18
98,H00269,H00078,5,1,3,0,2024-11-18
98,H00270,H00250,5,5,18,1,2024-11-18
98,H00275,H00232,5,5,18,0,2024-11-18
98,H00289,H00282,6,6,23,0,2024-11-18
98,H00339,H00371,8,8,20,1,2024-11-18
98,H00342,H00123,8,2,7,0,2024-11-18
98,H00355,H00340,8,8,14,0,2024-11-18
98,H00358,H00330,8,7,24,0,2024-11-18
98,H00359,H00688,8,15,17,1,2024-11-18
98,H00362,H00855,8,19,8,1,2024-11-18
98,H00375,H00335,9,7,12,0,2024-11-18
98,H00376,H00383,9,9,11,0,2024-11-18
98,H00392,H00385,9,9,8,0,2024-11-18
98,H00399,H00393,9,9,3,1,2024-11-18
98,H00400,H00392,9,9,19,0,2024-11-18
98,H00405,H00284,9,6,11,1,2024-11-18
98,H00406,H00441,10,10,21,1,2024-11-18
98,H00421,H00318,10,7,9,0,2024-11-18
98,H00429,H00414,10,10,7,0,2024-11-18
98,H00431,H00415,10,10,22,0,2024-11-18
98,H00449,H00442,11,11,23,1,2024-11-18
98,H00472,H00460,11,11,24,0,2024-11-18
98,H00490,H00443,11,11,20,0,2024-11-18
98,H00513,H00534,12,12,19,0,2024-11-18
98,H00530,H00541,12,12,19,0,2024-11-18
98,H00536,H00758,12,17,24,1,2024-11-18
98,H00537,H00538,12,12,21,1,2024-11-18
98,H00552,H00555,13,13,2,1,2024-11-18
98,H00561,H00701,13,15,8,0,2024-11-18
98,H00593,H00553,13,13,22,0,2024-11-18
98,H00597,H00267,13,5,17,0,2024-11-18
98,H00602,H00542,13,13,13,0,2024-11-18
98,H00603,H00678,13,15,8,1,2024-11-18
98,H00619,H00442,14,11,22,0,2024-11-18
98,H00624,H00610,14,14,5,1,2024-11-18
98,H00638,H00119,14,2,5,1,2024-11-18
98,H00645,H00646,14,14,4,1,2024-11-18
98,H00653,H00700,14,15,7,1,2024-11-18
98,H00660,H00668,14,15,5,1,2024-11-18
98,H00679,H00024,15,0,16,1,2024-11-18
98,H00686,H00594,15,13,9,1,2024-11-18
98,H00710,H00035,16,0,13,1,2024-11-18
98,H00717,H00733,16,16,18,1,2024-11-18
98,H00722,H00113,16,2,23,0,2024-11-18
98,H00737,H00747,16,16,18,1,2024-11-18
98,H00751,H00851,17,19,10,0,2024-11-18
98,H00761,H00783,17,17,4,1,2024-11-18
98,H00763,H00783,17,17,9,0,2024-11-18
98,H00764,H00779,17,17,20,0,2024-11-18
98,H00772,H00848,17,19,13,1,2024-11-18
98,H00782,H00779,17,17,11,1,2024-11-18
98,H00784,H00246,17,5,17,1,2024-11-18
98,H00848,H00855,19,19,4,1,2024-11-18
98,H00880,H00877,20,20,22,1,2024-11-18
98,H00885,H00895,20,20,16,1,2024-11-18
98,H00916,H00883,21,20,11,1,2024-11-18
98,H00928,H00951,22,22,11,1,2024-11-18
98,H00930,H00928,22,22,16,0,2024-11-18
98,H00933,H00958,22,22,18,1,2024-11-18
98,H00934,H00964,22,22,6,0,2024-11-18
98,H00945,H00937,22,22,14,1,2024-11-18
98,H00949,H01067,22,26,17,1,2024-11-18
98,H00955,H00956,22,22,3,0,2024-11-18
98,H00976,H00845,23,19,17,1,2024-11-18
98,H00984,H00987,23,23,21,1,2024-11-18
98,H01004,H01013,24,24,20,1,2024-11-18
98,H01025,H01031,25,25,12,1,2024-11-18
98,H01029,H01035,25,25,2,1,2024-11-18
98,H01043,H00976,25,23,5,1,2024-11-18
98,H01061,H01062,26,26,7,1,2024-11-18
98,H01063,H00952,26,22,2,0,2024-11-18
98,H01078,H01100,27,27,6,0,2024-11-18
98,H01079,H01088,27,27,10,1,2024-11-18
98,H01104,H01105,27,27,4,0,2024-11-18
99,H00005,H00134,0,2,18,0,2024-11-25
99,H00009,H00137,0,2,5,1,2024-11-25
99,H00048,H00336,1,7,9,1,2024-11-25
99,H00061,H00087,1,1,8,1,2024-11-25
99,H00067,H00090,1,1,11,1,2024-11-25
99,H00074,H00954,1,22,20,0,2024-11-25
99,H00092,H00058,1,1,20,1,2024-11-25
99,H00095,H00121,1,2,24,1,2024-11-25
99,H00097,H00059,1,1,5,1,2024-11-25
99,H00099,H00118,2,2,4,1,2024-11-25
99,H00108,H00388,2,9,6,0,2024-11-25
99,H00129,H00123,2,2,17,0,2024-11-25
99,H00136,H00127,2,2,2,1,2024-11-25
99,H00148,H00721,3,16,11,1,2024-11-25
99,H00156,H00035,3,0,19,0,2024-11-25
99,H00158,H00176,3,3,4,0,2024-11-25
99,H00174,H00232,3,5,22,1,2024-11-25
99,H00175,H00182,3,3,22,1,2024-11-25
99,H00196,H00427,4,10,10,1,2024-11-25
99,H00198,H00204,4,4,20,0,2024-11-25
99,H00211,H00450,4,11,16,1,2024-11-25
99,H00215,H00219,4,4,24,1,2024-11-25
99,H00227,H00199,4,4,5,1,2024-11-25
99,H00238,H00474,5,11,10,1,2024-11-25
99,H00250,H00269,5,5,8,1,2024-11-25
99,H00258,H00241,5,5,17,0,2024-11-25
99,H00264,H00615,5,14,3,1,2024-11-25
99,H00309,H00307,7,6,10,1,2024-11-25
99,H00310,H00327,7,7,14,0,2024-11-25
99,H00319,H00494,7,12,23,0,2024-11-25
99,H00324,H00295,7,6,4,1,2024-11-25
99,H00372,H00863,8,19,5,0,2024-11-25
99,H00386,H00377,9,9,24,1,2024-11-25
99,H00406,H00422,10,10,3,1,2024-11-25
99,H00410,H00410,10,10,24,0,2024-11-25
99,H00421,H00302,10,6,11,1,2024-11-25
99,H00450,H00484,11,11,12,1,2024-11-25
99,H00456,H00430,11,10,22,0,2024-11-25
99,H00469,H00458,11,11,5,0,2024-11-25
99,H00474,H00474,11,11,16,1,2024-11-25
99,H00489,H00461,11,11,4,0,2024-11-25
99,H00510,H00517,12,12,16,1,2024-11-25
99,H00515,H00554,12,13,22,0,2024-11-25
99,H00524,H00107,12,2,23,1,2024-11-25
99,H00525,H00520,12,12,12,0,2024-11-25
99,H00542,H00662,13,15,10,0,2024-11-25
99,H00554,H00550,13,13,18,1,2024-11-25
99,H00567,H00555,13,13,18,0,2024-11-25
99,H00569,H00568,13,13,24,0,2024-11-25
99,H00578,H00459,13,11,5,1,2024-11-25
99,H00579,H00591,13,13,18,0,2024-11-25
99,H00583,H00599,13,13,8,0,2024-11-25
99,H00588,H00595,13,13,15,1,2024-11-25
99,H00592,H00548,13,13,9,0,2024-11-25
99,H00603,H00546,13,13,19,0,2024-11-25
99,H00604,H00137,14,2,4,1,2024-11-25
99,H00611,H00607,14,14,6,0,2024-11-25
99,H00637,H00132,14,2,12,0,2024-11-25
99,H00641,H00660,14,14,23,0,2024-11-25
99,H00643,H00924,14,21,17,1,2024-11-25
99,H00652,H00700,14,15,12,0,2024-11-25
99,H00653,H00698,14,15,3,1,2024-11-25
99,H00659,H00395,14,9,7,1,2024-11-25
99,H00666,H00708,15,15,7,1,2024-11-25
99,H00671,H00695,15,15,3,1,2024-11-25
99,H00681,H00606,15,14,12,0,2024-11-25
99,H00689,H00685,15,15,6,1,2024-11-25
99,H00703,H00691,15,15,23,1,2024-11-25
99,H00710,H00729,16,16,3,1,2024-11-25
99,H00714,H00669,16,15,22,0,2024-11-25
99,H00739,H00743,16,16,4,0,2024-11-25
99,H00749,H00811,16,18,7,1,2024-11-25
99,H00757,H00790,17,17,14,1,2024-11-25
99,H00766,H00785,17,17,24,1,2024-11-25
99,H00769,H00753,17,17,16,1,2024-11-25
99,H00810,H00831,18,18,22,0,2024-11-25
99,H00817,H00442,18,11,20,0,2024-11-25
99,H00819,H00828,18,18,14,1,2024-11-25
99,H00824,H00455,18,11,19,1,2024-11-25
99,H00849,H00858,19,19,7,1,2024-11-25
99,H00862,H00777,19,17,4,1,2024-11-25
99,H00864,H00733,19,16,23,0,2024-11-25
99,H00880,H00927,20,21,12,1,2024-11-25
99,H00897,H00901,21,21,17,1,2024-11-25
99,H00915,H01058,21,26,20,1,2024-11-25
99,H00917,H00916,21,21,12,1,2024-11-25
99,H00922,H00913,21,21,18,1,2024-11-25
99,H00946,H00931,22,22,8,0,2024-11-25
99,H01011,H01008,24,24,16,0,2024-11-25
99,H01029,H01047,25,25,7,0,2024-11-25
99,H01035,H01097,25,27,20,0,2024-11-25
99,H01041,H01028,25,25,7,0,2024-11-25
99,H01043,H00966,25,23,6,0,2024-11-25
99,H01045,H01052,25,25,14,1,2024-11-25
99,H01046,H01035,25,25,24,1,2024-11-25
99,H01063,H00473,26,11,12,1,2024-11-25
99,H01069,H00119,26,2,6,1,2024-11-25
99,H01079,H01109,27,27,2,1,2024-11-25
99,H01086,H01081,27,27,9,1,2024-11-25
99,H01089,H00837,27,18,17,1,2024-11-25
99,H01101,H01109,27,27,23,1,2024-11-25
99,H01104,H00941,27,22,3,1,2024-11-25
99,H01106,H01081,27,27,16,1,2024-11-25
100,H00019,H00026,0,0,5,0,2024-12-02
100,H00037,H00033,0,0,12,0,2024-12-02
100,H00042,H00082,1,1,5,1,2024-12-02
100,H00045,H00060,1,1,11,0,2024-12-02
100,H00056,H00034,1,0,20,0,2024-12-02
100,H00059,H00108,1,2,8,0,2024-12-02
100,H00075,H00081,1,1,11,1,2024-12-02
100,H00079,H00009,1,0,23,0,2024-12-02
100,H00091,H00091,1,1,14,1,2024-12-02
100,H00103,H00102,2,2,7,0,2024-12-02
100,H00114,H00109,2,2,18,0,2024-12-02
100,H00121,H00100,2,2,23,1,2024-12-02
100,H00129,H00699,2,15,13,1,2024-12-02
100,H00130,H00115,2,2,19,1,2024-12-02
100,H00135,H00584,2,13,13,1,2024-12-02
100,H00143,H00578,3,13,9,1,2024-12-02
100,H00144,H00150,3,3,6,1,2024-12-02
100,H00146,H00199,3,4,23,1,2024-12-02
100,H00149,H00174,3,3,16,0,2024-12-02
100,H00185,H00237,3,5,11,1,2024-12-02
100,H00188,H00733,4,16,5,1,2024-12-02
100,H00197,H00214,4,4,23,1,2024-12-02
100,H00221,H00216,4,4,8,1,2024-12-02
100,H00223,H00254,4,5,24,1,2024-12-02
100,H00276,H00288,6,6,12,1,2024-12-02
100,H00278,H00360,6,8,16,1,2024-12-02
100,H00299,H00280,6,6,4,1,2024-12-02
100,H00309,H00328,7,7,17,1,2024-12-02
100,H00311,H00327,7,7,12,1,2024-12-02
100,H00319,H00312,7,7,2,0,2024-12-02
100,H00321,H00680,7,15,20,0,2024-12-02
100,H00349,H00290,8,6,7,0,2024-12-02
100,H00351,H00362,8,8,12,1,2024-12-02
100,H00427,H00292,10,6,23,1,2024-12-02
100,H00431,H00514,10,12,8,1,2024-12-02
100,H00434,H00424,10,10,24,0,2024-12-02
100,H00445,H00467,11,11,18,0,2024-12-02
100,H00451,H00455,11,11,8,1,2024-12-02
100,H00459,H00450,11,11,20,0,2024-12-02
100,H00468,H00477,11,11,4,1,2024-12-02
100,H00473,H00477,11,11,15,0,2024-12-02
100,H00474,H00444,11,11,22,1,2024-12-02
100,H00478,H00524,11,12,18,0,2024-12-02
100,H00483,H00456,11,11,18,1,2024-12-02
100,H00516,H00533,12,12,8,0,2024-12-02
100,H00539,H00318,12,7,4,1,2024-12-02
100,H00566,H00593,13,13,24,1,2024-12-02
100,H00576,H00597,13,13,4,0,2024-12-02
100,H00623,H00593,14,13,15,0,2024-12-02
100,H00632,H00036,14,0,10,0,2024-12-02
100,H00639,H00694,14,15,23,1,2024-12-02
100,H00640,H00642,14,14,16,1,2024-12-02
100,H00660,H00632,14,14,8,0,2024-12-02
100,H00666,H00113,15,2,12,0,2024-12-02
100,H00685,H00463,15,11,3,0,2024-12-02
100,H00692,H00454,15,11,17,0,2024-12-02
100,H00698,H00473,15,11,15,1,2024-12-02
100,H00709,H00454,15,11,18,0,2024-12-02
100,H00710,H00731,16,16,16,1,2024-12-02
100,H00720,H00866,16,19,11,1,2024-12-02
100,H00740,H00740,16,16,3,1,2024-12-02
100,H00743,H00743,16,16,24,0,2024-12-02
100,H00756,H00787,17,17,14,1,2024-12-02
100,H00776,H00784,17,17,3,1,2024-12-02
100,H00778,H00317,17,7,16,0,2024-12-02
100,H00802,H00827,18,18,2,1,2024-12-02
100,H00854,H00758,19,17,4,1,2024-12-02
100,H00862,H00864,19,19,18,0,2024-12-02
100,H00871,H00892,20,20,21,1,2024-12-02
100,H00872,H00666,20,15,16,0,2024-12-02
100,H00881,H00470,20,11,13,1,2024-12-02
100,H00888,H00894,20,20,12,1,2024-12-02
100,H00889,H00894,20,20,8,1,2024-12-02
100,H00913,H00909,21,21,5,0,2024-12-02
100,H00916,H00889,21,20,14,1,2024-12-02
100,H00922,H00898,21,21,12,1,2024-12-02
100,H00925,H00679,21,15,4,1,2024-12-02
100,H00927,H00953,21,22,20,0,2024-12-02
100,H00949,H00962,22,22,8,0,2024-12-02
100,H00953,H00958,22,22,12,1,2024-12-02
100,H00961,H00998,22,24,21,1,2024-12-02
100,H00973,H00978,23,23,16,1,2024-12-02
100,H00982,H00667,23,15,22,1,2024-12-02
100,H00983,H00985,23,23,5,1,2024-12-02
100,H01010,H01092,24,27,21,1,2024-12-02
100,H01056,H01073,26,26,22,0,2024-12-02
100,H01063,H01062,26,26,24,1,2024-12-02
100,H01100,H01090,27,27,23,1,2024-12-02
100,H01107,H01111,27,27,9,0,2024-12-02
101,H00000,H00012,0,0,16,1,2024-12-09
101,H00033,H00785,0,17,7,0,2024-12-09
101,H00042,H00072,1,1,14,1,2024-12-09
101,H00051,H00456,1,11,9,1,2024-12-09
101,H00063,H00338,1,8,24,1,2024-12-09
101,H00067,H00049,1,1,23,1,2024-12-09
101,H00069,H00082,1,1,16,1,2024-12-09
101,H00070,H00064,1,1,18,0,2024-12-09
101,H00074,H00584,1,13,4,0,2024-12-09
101,H00078,H00048,1,1,8,1,2024-12-09
101,H00088,H00402,1,9,18,0,2024-12-09
101,H00092,H00071,1,1,17,1,2024-12-09
101,H00105,H00320,2,7,19,1,2024-12-09
101,H00119,H00111,2,2,20,1,2024-12-09
101,H00120,H00101,2,2,4,0,2024-12-09
101,H00165,H00169,3,3,5,0,2024-12-09
101,H00180,H00180,3,3,15,1,2024-12-09
101,H00184,H00054,3,1,11,1,2024-12-09
101,H00191,H00701,4,15,2,1,2024-12-09
101,H00203,H00129,4,2,18,0,2024-12-09
101,H00210,H00356,4,8,4,0,2024-12-09
101,H00218,H00229,4,4,17,1,2024-12-09
101,H00230,H00224,4,4,13,1,2024-12-09
101,H00244,H00309,5,7,20,1,2024-12-09
101,H00255,H00240,5,5,6,1,2024-12-09
101,H00283,H00307,6,6,4,1,2024-12-09
101,H00309,H00317,7,7,7,1,2024-12-09
101,H00317,H00138,7,2,20,0,2024-12-09
101,H00344,H00284,8,6,21,0,2024-12-09
101,H00356,H00311,8,7,14,1,2024-12-09
101,H00372,H00340,8,8,5,0,2024-12-09
101,H00386,H00870,9,19,16,0,2024-12-09
101,H00393,H00402,9,9,9,1,2024-12-09
101,H00400,H00401,9,9,11,1,2024-12-09
101,H00415,H00415,10,10,23,1,2024-12-09
101,H00420,H00153,10,3,3,1,2024-12-09
101,H00426,H00140,10,2,16,1,2024-12-09
101,H00443,H00453,11,11,10,1,2024-12-09
101,H00455,H00450,11,11,13,0,2024-12-09
101,H00465,H00456,11,11,18,1,2024-12-09
101,H00474,H00477,11,11,14,1,2024-12-09
101,H00480,H00456,11,11,8,1,2024-12-09
101,H00506,H00521,12,12,12,1,2024-12-09
101,H00515,H00528,12,12,21,1,2024-12-09
101,H00536,H00504,12,12,20,1,2024-12-09
101,H00552,H00571,13,13,17,0,2024-12-09
101,H00556,H00796,13,17,7,0,2024-12-09
101,H00577,H00561,13,13,15,1,2024-12-09
101,H00578,H00598,13,13,19,0,2024-12-09
101,H00583,H00559,13,13,13,0,2024-12-09
101,H00616,H00477,14,11,4,0,2024-12-09
101,H00621,H00700,14,15,14,1,2024-12-09
101,H00631,H00652,14,14,9,1,2024-12-09
101,H00646,H00637,14,14,16,1,2024-12-09
101,H00647,H00612,14,14,21,1,2024-12-09
101,H00657,H00320,14,7,10,1,2024-12-09
101,H00660,H00681,14,15,12,0,2024-12-09
101,H00661,H00605,14,14,12,1,2024-12-09
101,H00672,H00472,15,11,23,0,2024-12-09
101,H00693,H00673,15,15,12,0,2024-12-09
101,H00696,H00535,15,12,9,1,2024-12-09
101,H00697,H00694,15,15,10,1,2024-12-09
101,H00701,H00693,15,15,22,1,2024-12-09
101,H00710,H00727,16,16,6,1,2024-12-09
101,H00738,H00749,16,16,13,1,2024-12-09
101,H00751,H00793,17,17,11,0,2024-12-09
101,H00758,H00842,17,18,8,1,2024-12-09
101,H00764,H00775,17,17,14,1,2024-12-09
101,H00779,H00781,17,17,22,1,2024-12-09
101,H00798,H00770,17,17,9,1,2024-12-09
101,H00831,H00853,18,19,5,0,2024-12-09
101,H00840,H00030,18,0,21,1,2024-12-09
101,H00852,H00850,19,19,24,1,2024-12-09
101,H00854,H00859,19,19,5,0,2024-12-09
101,H00874,H00878,20,20,7,1,2024-12-09
101,H00888,H00873,20,20,7,1,2024-12-09
101,H00901,H00410,21,10,2,1,2024-12-09
101,H00913,H00900,21,21,23,1,2024-12-09
101,H00924,H00907,21,21,19,0,2024-12-09
101,H00943,H00934,22,22,19,0,2024-12-09
101,H00951,H00947,22,22,22,0,2024-12-09
101,H00958,H00958,22,22,6,1,2024-12-09
101,H00975,H00431,23,10,10,0,2024-12-09
101,H00984,H00977,23,23,4,1,2024-12-09
101,H01009,H00994,24,24,3,1,2024-12-09
101,H01015,H00964,24,22,7,0,2024-12-09
101,H01016,H01006,24,24,22,1,2024-12-09
101,H01027,H01029,25,25,23,0,2024-12-09
101,H01029,H01040,25,25,16,0,2024-12-09
101,H01042,H01040,25,25,17,1,2024-12-09
101,H01062,H01072,26,26,16,0,2024-12-09
101,H01071,H01068,26,26,22,1,2024-12-09
101,H01094,H01098,27,27,15,1,2024-12-09
101,H01107,H00940,27,22,8,0,2024-12-09
102,H00005,H00023,0,0,10,0,2024-12-16
102,H00019,H00019,0,0,6,0,2024-12-16
102,H00022,H00029,0,0,24,0,2024-12-16
102,H00031,H00099,0,2,21,1,2024-12-16
102,H00038,H00472,0,11,10,0,2024-12-16
102,H00048,H00062,1,1,8,1,2024-12-16
102,H00049,H00058,1,1,13,0,2024-12-16
102,H00059,H00093,1,1,23,1,2024-12-16
102,H00081,H00316,1,7,17,0,2024-12-16
102,H00087,H00015,1,0,21,0,2024-12-16
102,H00108,H00302,2,6,4,1,2024-12-16
102,H00117,H00135,2,2,5,0,2024-12-16
102,H00131,H00141,2,2,14,0,2024-12-16
102,H00135,H00114,2,2,13,0,2024-12-16
102,H00162,H00171,3,3,18,1,2024-12-16
102,H00174,H00172,3,3,21,1,2024-12-16
102,H00187,H00100,4,2,8,0,2024-12-16
102,H00193,H00194,4,4,2,0,2024-12-16
102,H00202,H00228,4,4,14,1,2024-12-16
102,H00222,H00229,4,4,24,0,2024-12-16
102,H00225,H00126,4,2,2,1,2024-12-16
102,H00231,H00313,4,7,7,1,2024-12-16
102,H00249,H00242,5,5,3,0,2024-12-16
102,H00276,H00300,6,6,19,1,2024-12-16
102,H00277,H00299,6,6,10,1,2024-12-16
102,H00283,H00284,6,6,3,0,2024-12-16
102,H00285,H00327,6,7,14,1,2024-12-16
102,H00294,H00742,6,16,18,0,2024-12-16
102,H00300,H00328,6,7,23,1,2024-12-16
102,H00307,H00333,6,7,12,0,2024-12-16
102,H00324,H00312,7,7,12,1,2024-12-16
102,H00344,H00295,8,6,21,1,2024-12-16
102,H00365,H00438,8,10,23,1,2024-12-16
102,H00374,H00364,8,8,17,1,2024-12-16
102,H00379,H00399,9,9,16,1,2024-12-16
102,H00385,H00290,9,6,18,1,2024-12-16
102,H00395,H00395,9,9,13,1,2024-12-16
102,H00415,H00286,10,6,21,0,2024-12-16
102,H00429,H00356,10,8,7,0,2024-12-16
102,H00453,H00115,11,2,11,0,2024-12-16
102,H00458,H00009,11,0,7,0,2024-12-16
102,H00462,H00276,11,6,6,1,2024-12-16
102,H00506,H00535,12,12,2,0,2024-12-16
102,H00527,H00518,12,12,21,1,2024-12-16
102,H00530,H00536,12,12,4,1,2024-12-16
102,H00538,H00540,12,12,5,1,2024-12-16
102,H00540,H00511,12,12,23,0,2024-12-16
102,H00542,H00582,13,13,14,1,2024-12-16
102,H00562,H00561,13,13,6,1,2024-12-16
102,H00568,H00585,13,13,4,1,2024-12-16
102,H00589,H00590,13,13,24,1,2024-12-16
102,H00590,H00590,13,13,23,1,2024-12-16
102,H00596,H00695,13,15,19,1,2024-12-16
102,H00622,H00627,14,14,6,1,2024-12-16
102,H00647,H00636,14,14,6,1,2024-12-16
102,H00648,H00635,14,14,21,0,2024-12-16
102,H00649,H00611,14,14,4,0,2024-12-16
102,H00662,H00466,15,11,10,0,2024-12-16
102,H00670,H00707,15,15,4,1,2024-12-16
102,H00705,H00702,15,15,5,0,2024-12-16
102,H00709,H00690,15,15,13,1,2024-12-16
102,H00745,H00714,16,16,9,0,2024-12-16
102,H00753,H00764,17,17,4,0,2024-12-16
102,H00759,H00765,17,17,20,1,2024-12-16
102,H00763,H00631,17,14,19,0,2024-12-16
102,H00765,H00777,17,17,2,1,2024-12-16
102,H00779,H00717,17,16,10,1,2024-12-16
102,H00805,H00867,18,19,10,0,2024-12-16
102,H00806,H00824,18,18,18,1,2024-12-16
102,H00810,H00865,18,19,12,0,2024-12-16
102,H00837,H00886,18,20,13,1,2024-12-16
102,H00839,H00805,18,18,10,0,2024-12-16
102,H00843,H00376,19,9,21,1,2024-12-16
102,H00844,H00863,19,19,6,1,2024-12-16
102,H00845,H00843,19,19,14,1,2024-12-16
102,H00855,H00753,19,17,16,1,2024-12-16
102,H00857,H00851,19,19,11,0,2024-12-16
102,H00862,H00858,19,19,11,0,2024-12-16
102,H00865,H00013,19,0,18,0,2024-12-16
102,H00918,H00899,21,21,8,0,2024-12-16
102,H00931,H00944,22,22,20,0,2024-12-16
102,H00945,H00996,22,24,3,0,2024-12-16
102,H00968,H00988,23,23,7,1,2024-12-16
102,H00972,H00969,23,23,10,1,2024-12-16
102,H01031,H01038,25,25,11,1,2024-12-16
102,H01035,H00192,25,4,13,1,2024-12-16
102,H01050,H01023,25,25,19,1,2024-12-16
102,H01068,H00889,26,20,8,1,2024-12-16
102,H01077,H00281,27,6,2,0,2024-12-16
103,H00026,H00027,0,0,9,0,2024-12-23
103,H00027,H00006,0,0,2,1,2024-12-23
103,H00036,H00086,0,1,15,0,2024-12-23
103,H00039,H00076,1,1,10,0,2024-12-23
103,H00042,H00061,1,1,9,0,2024-12-23
103,H00054,H00077,1,1,12,1,2024-12-23
103,H00065,H00090,1,1,11,1,2024-12-23
103,H00071,H00039,1,1,6,1,2024-12-23
103,H00092,H00039,1,1,3,1,2024-12-23
103,H00107,H00135,2,2,7,0,2024-12-23
103,H00122,H00318,2,7,23,1,2024-12-23
103,H00157,H00175,3,3,18,1,2024-12-23
103,H00165,H00176,3,3,7,0,2024-12-23
103,H00181,H00179,3,3,21,0,2024-12-23
103,H00243,H00246,5,5,16,1,2024-12-23
103,H00248,H00242,5,5,20,0,2024-12-23
103,H00249,H00303,5,6,15,1,2024-12-23
103,H00259,H00265,5,5,20,1,2024-12-23
103,H00261,H00190,5,4,5,0,2024-12-23
103,H00269,H00256,5,5,20,1,2024-12-23
103,H00273,H00268,5,5,11,1,2024-12-23
103,H00292,H00290,6,6,23,1,2024-12-23
103,H00309,H00259,7,5,17,0,2024-12-23
103,H00317,H00693,7,15,21,1,2024-12-23
103,H00319,H00315,7,7,18,1,2024-12-23
103,H00338,H00928,8,22,10,1,2024-12-23
103,H00342,H00031,8,0,15,1,2024-12-23
103,H00353,H00338,8,8,12,0,2024-12-23
103,H00372,H00338,8,8,19,1,2024-12-23
103,H00377,H00386,9,9,5,0,2024-12-23
103,H00379,H00376,9,9,18,1,2024-12-23
103,H00382,H00377,9,9,24,0,2024-12-23
103,H00404,H00383,9,9,2,1,2024-12-23
103,H00405,H00382,9,9,23,1,2024-12-23
103,H00408,H00421,10,10,6,1,2024-12-23
103,H00418,H00421,10,10,15,0,2024-12-23
103,H00461,H00471,11,11,18,1,2024-12-23
103,H00475,H00443,11,11,20,0,2024-12-23
103,H00483,H00482,11,11,5,1,2024-12-23
103,H00499,H00523,12,12,5,1,2024-12-23
103,H00501,H00495,12,12,9,1,2024-12-23
103,H00518,H00523,12,12,9,1,2024-12-23
103,H00534,H00529,12,12,6,0,2024-12-23
103,H00552,H00601,13,13,6,1,2024-12-23
103,H00569,H00676,13,15,12,0,2024-12-23
103,H00572,H00967,13,23,22,0,2024-12-23
103,H00582,H00544,13,13,22,1,2024-12-23
103,H00590,H00567,13,13,5,1,2024-12-23
103,H00601,H00012,13,0,3,1,2024-12-23
103,H00606,H00616,14,14,19,1,2024-12-23
103,H00611,H00610,14,14,24,0,2024-12-23
103,H00644,H00671,14,15,21,1,2024-12-23
103,H00662,H00690,15,15,15,1,2024-12-23
103,H00682,H00700,15,15,10,0,2024-12-23
103,H00710,H00527,16,12,18,1,2024-12-23
103,H00722,H00832,16,18,8,0,2024-12-23
103,H00731,H00734,16,16,24,1,2024-12-23
103,H00738,H00811,16,18,23,0,2024-12-23
103,H00751,H00764,17,17,11,1,2024-12-23
103,H00756,H00333,17,7,7,1,2024-12-23
103,H00759,H00799,17,17,21,1,2024-12-23
103,H00761,H00777,17,17,7,1,2024-12-23
103,H00770,H00716,17,16,4,1,2024-12-23
103,H00773,H00858,17,19,15,0,2024-12-23
103,H00806,H00853,18,19,23,0,2024-12-23
103,H00815,H00806,18,18,24,0,2024-12-23
103,H00819,H00741,18,16,21,0,2024-12-23
103,H00836,H00820,18,18,8,0,2024-12-23
103,H00884,H00863,20,19,23,1,2024-12-23
103,H00889,H00889,20,20,6,0,2024-12-23
103,H00919,H00907,21,21,18,1,2024-12-23
103,H00920,H00918,21,21,3,1,2024-12-23
103,H00924,H00901,21,21,5,0,2024-12-23
103,H00928,H01102,22,27,15,1,2024-12-23
103,H00948,H00952,22,22,2,1,2024-12-23
103,H00953,H00944,22,22,12,1,2024-12-23
103,H00958,H00959,22,22,3,0,2024-12-23
103,H00969,H00750,23,16,5,1,2024-12-23
103,H00973,H00972,23,23,17,1,2024-12-23
103,H00983,H00965,23,23,3,1,2024-12-23
103,H00986,H00310,23,7,13,1,2024-12-23
103,H00987,H00975,23,23,18,1,2024-12-23
103,H00999,H00934,24,22,9,1,2024-12-23
103,H01000,H00953,24,22,21,0,2024-12-23
103,H01001,H00964,24,22,10,1,2024-12-23
103,H01008,H01025,24,25,4,0,2024-12-23
103,H01013,H01006,24,24,4,1,2024-12-23
103,H01030,H01042,25,25,20,1,2024-12-23
103,H01035,H00947,25,22,15,0,2024-12-23
103,H01062,H00613,26,14,24,0,2024-12-23
103,H01073,H00896,26,21,10,1,2024-12-23
103,H01079,H01100,27,27,6,1,2024-12-23
103,H01089,H01110,27,27,14,0,2024-12-23
103,H01095,H00958,27,22,19,1,2024-12-23
104,H00011,H00001,0,0,21,1,2024-12-30
104,H00012,H00404,0,9,7,0,2024-12-30
104,H00018,H00099,0,2,19,1,2024-12-30
104,H00025,H00031,0,0,4,0,2024-12-30
104,H00029,H00025,0,0,15,1,2024-12-30
104,H00035,H00009,0,0,16,0,2024-12-30
104,H00045,H00591,1,13,16,0,2024-12-30
104,H00047,H00080,1,1,8,1,2024-12-30
104,H00079,H00098,1,1,3,0,2024-12-30
104,H00082,H00433,1,10,2,0,2024-12-30
104,H00090,H00118,1,2,24,1,2024-12-30
104,H00097,H00081,1,1,14,1,2024-12-30
104,H00103,H00123,2,2,14,0,2024-12-30
104,H00108,H00106,2,2,19,1,2024-12-30
104,H00112,H00118,2,2,5,1,2024-12-30
104,H00125,H00020,2,0,21,1,2024-12-30
104,H00143,H00155,3,3,16,0,2024-12-30
104,H00147,H00178,3,3,15,1,2024-12-30
104,H00148,H00183,3,3,11,0,2024-12-30
104,H00150,H00018,3,0,14,1,2024-12-30
104,H00152,H00161,3,3,21,1,2024-12-30
104,H00153,H00180,3,3,5,0,2024-12-30
104,H00162,H00492,3,11,24,0,2024-12-30
104,H00164,H00150,3,3,22,0,2024-12-30
104,H00171,H00111,3,2,22,1,2024-12-30
104,H00172,H00046,3,1,7,0,2024-12-30
104,H00174,H00176,3,3,17,0,2024-12-30
104,H00185,H00272,3,5,17,0,2024-12-30
104,H00199,H00729,4,16,13,1,2024-12-30
104,H00207,H00190,4,4,16,0,2024-12-30
104,H00224,H00206,4,4,14,0,2024-12-30
104,H00243,H00263,5,5,3,0,2024-12-30
104,H00249,H00234,5,5,6,1,2024-12-30
104,H00252,H00236,5,5,10,1,2024-12-30
104,H00257,H00118,5,2,16,1,2024-12-30
104,H00261,H00241,5,5,4,0,2024-12-30
104,H00282,H00279,6,6,2,1,2024-12-30
104,H00284,H00112,6,2,9,0,2024-12-30
104,H00288,H00293,6,6,24,1,2024-12-30
104,H00295,H00277,6,6,10,0,2024-12-30
104,H00298,H00285,6,6,18,1,2024-12-30
104,H00302,H00280,6,6,7,1,2024-12-30
104,H00307,H00280,6,6,14,0,2024-12-30
104,H00322,H00318,7,7,6,1,2024-12-30
104,H00331,H00318,7,7,9,1,2024-12-30
104,H00340,H00344,8,8,20,1,2024-12-30
104,H00419,H00415,10,10,22,1,2024-12-30
104,H00420,H00326,10,7,14,0,2024-12-30
104,H00422,H00409,10,10,9,1,2024-12-30
104,H00430,H00474,10,11,5,1,2024-12-30
104,H00445,H00722,11,16,5,1,2024-12-30
104,H00459,H00459,11,11,21,1,2024-12-30
104,H00484,H00492,11,11,11,1,2024-12-30
104,H00499,H00514,12,12,14,0,2024-12-30
104,H00502,H00448,12,11,15,0,2024-12-30
104,H00507,H00531,12,12,14,1,2024-12-30
104,H00511,H00517,12,12,5,0,2024-12-30
104,H00540,H00494,12,12,19,1,2024-12-30
104,H00544,H00598,13,13,17,1,2024-12-30
104,H00559,H00550,13,13,22,1,2024-12-30
104,H00563,H00553,13,13,2,0,2024-12-30
104,H00584,H00544,13,13,15,0,2024-12-30
104,H00589,H00556,13,13,21,1,2024-12-30
104,H00607,H00685,14,15,16,1,2024-12-30
104,H00617,H00606,14,14,11,1,2024-12-30
104,H00620,H00665,14,15,11,1,2024-12-30
104,H00624,H00478,14,11,24,1,2024-12-30
104,H00628,H00532,14,12,4,0,2024-12-30
104,H00641,H00646,14,14,8,0,2024-12-30
104,H00643,H00607,14,14,20,1,2024-12-30
104,H00644,H00657,14,14,14,0,2024-12-30
104,H00660,H00577,14,13,16,0,2024-12-30
104,H00673,H00682,15,15,22,1,2024-12-30
104,H00691,H00687,15,15,10,0,2024-12-30
104,H00693,H00708,15,15,22,0,2024-12-30
104,H00705,H00669,15,15,22,1,2024-12-30
104,H00721,H00677,16,15,24,0,2024-12-30
104,H00742,H00701,16,15,14,1,2024-12-30
104,H00748,H00737,16,16,16,0,2024-12-30
104,H00775,H00790,17,17,24,1,2024-12-30
104,H00821,H00829,18,18,7,1,2024-12-30
104,H00829,H00831,18,18,24,0,2024-12-30
104,H00838,H00837,18,18,21,1,2024-12-30
104,H00848,H00869,19,19,24,1,2024-12-30
104,H00851,H00851,19,19,21,1,2024-12-30
104,H00876,H00927,20,21,23,1,2024-12-30
104,H00879,H00890,20,20,4,0,2024-12-30
104,H00906,H00940,21,22,5,1,2024-12-30
104,H00916,H00917,21,21,19,1,2024-12-30
104,H00936,H00944,22,22,5,1,2024-12-30
104,H00955,H00281,22,6,9,1,2024-12-30
104,H00974,H00966,23,23,6,0,2024-12-30
104,H00990,H00993,23,23,9,0,2024-12-30
104,H00997,H00955,24,22,16,1,2024-12-30
104,H01001,H01010,24,24,22,0,2024-12-30
104,H01009,H00984,24,23,12,1,2024-12-30
104,H01036,H00985,25,23,23,1,2024-12-30
104,H01046,H01040,25,25,4,0,2024-12-30
104,H01071,H00938,26,22,24,0,2024-12-30
104,H01083,H00027,27,0,20,0,2024-12-30
104,H01085,H01089,27,27,16,1,2024-12-30
104,H01098,H01098,27,27,12,1,2024-12-30
105,H00000,H00219,0,4,24,1,2025-01-06
105,H00010,H00031,0,0,3,0,2025-01-06
105,H00011,H00018,0,0,22,0,2025-01-06
105,H00020,H00511,0,12,4,1,2025-01-06
105,H00027,H00002,0,0,13,0,2025-01-06
105,H00030,H00130,0,2,6,0,2025-01-06
105,H00031,H00002,0,0,4,1,2025-01-06
105,H00037,H00018,0,0,4,1,2025-01-06
105,H00041,H00393,1,9,16,0,2025-01-06
105,H00075,H00075,1,1,23,1,2025-01-06
105,H00081,H00054,1,1,17,1,2025-01-06
105,H00096,H00736,1,16,5,1,2025-01-06
105,H00097,H00094,1,1,17,1,2025-01-06
105,H00099,H00163,2,3,15,1,2025-01-06
105,H00101,H00319,2,7,24,0,2025-01-06
105,H00106,H00122,2,2,5,0,2025-01-06
105,H00108,H00125,2,2,10,0,2025-01-06
105,H00111,H00466,2,11,4,1,2025-01-06
105,H00120,H00329,2,7,19,1,2025-01-06
105,H00128,H00320,2,7,19,0,2025-01-06
105,H00129,H00126,2,2,14,1,2025-01-06
105,H00130,H00035,2,0,3,1,2025-01-06
105,H00147,H00180,3,3,14,1,2025-01-06
105,H00152,H00156,3,3,18,1,2025-01-06
105,H00153,H00169,3,3,2,1,2025-01-06
105,H00163,H00102,3,2,7,0,2025-01-06
105,H00167,H00170,3,3,17,0,2025-01-06
105,H00177,H00124,3,2,2,1,2025-01-06
105,H00179,H00172,3,3,2,0,2025-01-06
105,H00184,H00027,3,0,20,1,2025-01-06
105,H00194,H00713,4,16,19,1,2025-01-06
105,H00196,H00519,4,12,9,0,2025-01-06
105,H00200,H00378,4,9,24,0,2025-01-06
105,H00211,H00225,4,4,6,1,2025-01-06
105,H00249,H00255,5,5,15,1,2025-01-06
105,H00270,H00253,5,5,19,1,2025-01-06
105,H00276,H00276,6,6,2,1,2025-01-06
105,H00277,H00293,6,6,11,0,2025-01-06
105,H00281,H00350,6,8,24,1,2025-01-06
105,H00284,H00013,6,0,20,1,2025-01-06
105,H00286,H00282,6,6,2,1,2025-01-06
105,H00287,H00608,6,14,21,1,2025-01-06
105,H00293,H00940,6,22,8,1,2025-01-06
105,H00310,H00325,7,7,19,0,2025-01-06
105,H00313,H00329,7,7,16,0,2025-01-06
105,H00319,H00317,7,7,9,1,2025-01-06
105,H00354,H00734,8,16,20,0,2025-01-06
105,H00370,H00364,8,8,4,1,2025-01-06
105,H00373,H00389,8,9,17,1,2025-01-06
105,H00386,H00780,9,17,13,0,2025-01-06
105,H00447,H00463,11,11,23,1,2025-01-06
105,H00455,H00491,11,11,19,0,2025-01-06
105,H00460,H00455,11,11,17,1,2025-01-06
105,H00461,H00657,11,14,17,1,2025-01-06
105,H00482,H00464,11,11,2,1,2025-01-06
105,H00488,H00455,11,11,4,0,2025-01-06
105,H00492,H00458,11,11,5,1,2025-01-06
105,H00505,H00130,12,2,13,1,2025-01-06
105,H00513,H00517,12,12,10,0,2025-01-06
105,H00526,H00517,12,12,6,1,2025-01-06
105,H00537,H00694,12,15,7,1,2025-01-06
105,H00541,H00177,12,3,5,1,2025-01-06
105,H00542,H00547,13,13,20,1,2025-01-06
105,H00550,H00574,13,13,24,1,2025-01-06
105,H00551,H00434,13,10,9,1,2025-01-06
105,H00555,H00549,13,13,6,0,2025-01-06
105,H00561,H00589,13,13,17,1,2025-01-06
105,H00562,H00601,13,13,23,0,2025-01-06
105,H00564,H00568,13,13,5,1,2025-01-06
105,H00570,H00572,13,13,15,1,2025-01-06
105,H00594,H00596,13,13,14,0,2025-01-06
105,H00596,H00607,13,14,10,1,2025-01-06
105,H00598,H00255,13,5,8,0,2025-01-06
105,H00607,H00622,14,14,14,1,2025-01-06
105,H00612,H00621,14,14,16,1,2025-01-06
105,H00613,H00091,14,1,19,0,2025-01-06
105,H00628,H00639,14,14,12,1,2025-01-06
105,H00632,H00795,14,17,5,1,2025-01-06
105,H00633,H00627,14,14,22,0,2025-01-06
105,H00640,H00308,14,6,14,0,2025-01-06
105,H00653,H00515,14,12,5,1,2025-01-06
105,H00683,H00679,15,15,5,1,2025-01-06
105,H00694,H00676,15,15,12,1,2025-01-06
105,H00698,H00478,15,11,23,0,2025-01-06
105,H00707,H00675,15,15,4,1,2025-01-06
105,H00711,H00701,16,15,6,0,2025-01-06
105,H00714,H00320,16,7,4,0,2025-01-06
105,H00743,H00750,16,16,22,1,2025-01-06
105,H00744,H00712,16,16,8,0,2025-01-06
105,H00751,H00704,17,15,12,1,2025-01-06
105,H00756,H00763,17,17,13,1,2025-01-06
105,H00759,H00720,17,16,19,0,2025-01-06
105,H00765,H00963,17,22,3,1,2025-01-06
105,H00769,H00776,17,17,9,0,2025-01-06
105,H00775,H00771,17,17,14,0,2025-01-06
105,H00784,H00756,17,17,4,1,2025-01-06
105,H00788,H00781,17,17,16,0,2025-01-06
105,H00806,H00731,18,16,8,0,2025-01-06
105,H00807,H00807,18,18,23,1,2025-01-06
105,H00809,H00804,18,18,20,0,2025-01-06
105,H00820,H00722,18,16,16,1,2025-01-06
105,H00829,H00725,18,16,23,1,2025-01-06
105,H00830,H00525,18,12,6,0,2025-01-06
105,H00841,H00829,18,18,22,1,2025-01-06
105,H00858,H00870,19,19,13,0,2025-01-06
105,H00878,H00872,20,20,22,1,2025-01-06
105,H00885,H00884,20,20,18,1,2025-01-06
105,H00926,H00925,21,21,9,1,2025-01-06
105,H00929,H00928,22,22,8,0,2025-01-06
105,H00933,H00953,22,22,24,1,2025-01-06
105,H00935,H00089,22,1,19,0,2025-01-06
105,H00949,H00672,22,15,22,1,2025-01-06
105,H00951,H00938,22,22,10,1,2025-01-06
105,H00962,H00344,22,8,20,1,2025-01-06
105,H00963,H01032,22,25,7,0,2025-01-06
105,H01003,H01000,24,24,13,1,2025-01-06
105,H01007,H01019,24,24,16,0,2025-01-06
105,H01014,H01021,24,24,9,1,2025-01-06
105,H01015,H00995,24,24,14,1,2025-01-06
105,H01020,H00998,24,24,20,0,2025-01-06
105,H01022,H01036,25,25,13,1,2025-01-06
105,H01023,H01041,25,25,13,1,2025-01-06
105,H01025,H00434,25,10,17,0,2025-01-06
105,H01027,H01034,25,25,4,1,2025-01-06
105,H01039,H01024,25,25,14,1,2025-01-06
105,H01043,H01036,25,25,18,1,2025-01-06
105,H01044,H00756,25,17,20,1,2025-01-06
105,H01054,H01053,25,25,10,1,2025-01-06
105,H01062,H00142,26,2,13,1,2025-01-06
105,H01068,H01066,26,26,16,1,2025-01-06
105,H01071,H01074,26,26,7,1,2025-01-06
105,H01074,H01059,26,26,18,1,2025-01-06
105,H01088,H00858,27,19,3,1,2025-01-06
105,H01091,H00944,27,22,23,1,2025-01-06
106,H00002,H00010,0,0,2,1,2025-01-13
106,H00004,H00016,0,0,20,0,2025-01-13
106,H00007,H00013,0,0,6,1,2025-01-13
106,H00008,H00026,0,0,22,1,2025-01-13
106,H00012,H00034,0,0,7,1,2025-01-13
106,H00040,H00056,1,1,24,0,2025-01-13
106,H00069,H00166,1,3,10,1,2025-01-13
106,H00082,H00074,1,1,13,1,2025-01-13
106,H00085,H00322,1,7,11,1,2025-01-13
106,H00099,H00138,2,2,20,1,2025-01-13
106,H00134,H00107,2,2,18,1,2025-01-13
106,H00137,H00117,2,2,11,1,2025-01-13
106,H00147,H00012,3,0,5,0,2025-01-13
106,H00154,H00159,3,3,8,1,2025-01-13
106,H00160,H00254,3,5,23,1,2025-01-13
106,H00164,H00152,3,3,9,0,2025-01-13
106,H00165,H00152,3,3,9,1,2025-01-13
106,H00171,H00865,3,19,16,1,2025-01-13
106,H00177,H00170,3,3,17,1,2025-01-13
106,H00178,H00157,3,3,5,1,2025-01-13
106,H00182,H00176,3,3,14,0,2025-01-13
106,H00183,H00180,3,3,10,1,2025-01-13
106,H00195,H00173,4,3,14,1,2025-01-13
106,H00198,H00685,4,15,2,1,2025-01-13
106,H00226,H00450,4,11,4,0,2025-01-13
106,H00258,H00673,5,15,9,1,2025-01-13
106,H00265,H00029,5,0,8,1,2025-01-13
106,H00271,H00265,5,5,16,1,2025-01-13
106,H00280,H00318,6,7,24,1,2025-01-13
106,H00286,H00034,6,0,13,1,2025-01-13
106,H00287,H00725,6,16,24,1,2025-01-13
106,H00288,H00109,6,2,22,0,2025-01-13
106,H00290,H00338,6,8,11,1,2025-01-13
106,H00324,H00327,7,7,3,0,2025-01-13
106,H00361,H00096,8,1,15,1,2025-01-13
106,H00408,H00426,10,10,5,1,2025-01-13
106,H00411,H00420,10,10,4,0,2025-01-13
106,H00412,H00419,10,10,7,1,2025-01-13
106,H00418,H00428,10,10,24,1,2025-01-13
106,H00442,H00278,11,6,15,1,2025-01-13
106,H00458,H00137,11,2,7,0,2025-01-13
106,H00463,H00860,11,19,11,0,2025-01-13
106,H00469,H00452,11,11,6,0,2025-01-13
106,H00473,H00474,11,11,9,1,2025-01-13
106,H00480,H00455,11,11,23,1,2025-01-13
106,H00488,H00493,11,12,24,1,2025-01-13
106,H00497,H00523,12,12,13,1,2025-01-13
106,H00533,H00528,12,12,9,1,2025-01-13
106,H00534,H00112,12,2,19,0,2025-01-13
106,H00538,H00717,12,16,7,1,2025-01-13
106,H00552,H00583,13,13,13,0,2025-01-13
106,H00563,H00315,13,7,12,1,2025-01-13
106,H00572,H00573,13,13,12,1,2025-01-13
106,H00576,H00580,13,13,13,0,2025-01-13
106,H00579,H00584,13,13,7,1,2025-01-13
106,H00587,H00479,13,11,4,0,2025-01-13
106,H00596,H00559,13,13,15,1,2025-01-13
106,H00599,H00677,13,15,4,1,2025-01-13
106,H00612,H00633,14,14,9,0,2025-01-13
106,H00618,H00328,14,7,10,1,2025-01-13
106,H00624,H00636,14,14,6,1,2025-01-13
106,H00645,H00607,14,14,21,1,2025-01-13
106,H00649,H00638,14,14,22,0,2025-01-13
106,H00659,H00621,14,14,15,1,2025-01-13
106,H00661,H00642,14,14,18,1,2025-01-13
106,H00668,H00686,15,15,19,0,2025-01-13
106,H00673,H00614,15,14,9,0,2025-01-13
106,H00696,H00518,15,12,13,1,2025-01-13
106,H00697,H00708,15,15,18,0,2025-01-13
106,H00706,H00668,15,15,6,1,2025-01-13
106,H00711,H00749,16,16,15,0,2025-01-13
106,H00715,H00948,16,22,9,1,2025-01-13
106,H00717,H00735,16,16,9,1,2025-01-13
106,H00723,H00392,16,9,24,0,2025-01-13
106,H00734,H00530,16,12,20,1,2025-01-13
106,H00742,H00295,16,6,12,0,2025-01-13
106,H00756,H00770,17,17,4,1,2025-01-13
106,H00767,H00796,17,17,22,1,2025-01-13
106,H00773,H00765,17,17,22,1,2025-01-13
106,H00775,H00779,17,17,19,1,2025-01-13
106,H00778,H00984,17,23,19,0,2025-01-13
106,H00781,H00761,17,17,17,1,2025-01-13
106,H00788,H00863,17,19,14,0,2025-01-13
106,H00815,H00826,18,18,5,1,2025-01-13
106,H00831,H00803,18,18,11,0,2025-01-13
106,H00835,H00846,18,19,7,1,2025-01-13
106,H00836,H00807,18,18,18,1,2025-01-13
106,H00841,H00806,18,18,15,1,2025-01-13
106,H00843,H00345,19,8,23,0,2025-01-13
106,H00848,H00861,19,19,23,1,2025-01-13
106,H00852,H00691,19,15,16,0,2025-01-13
106,H00860,H00843,19,19,14,1,2025-01-13
106,H00865,H01110,19,27,21,0,2025-01-13
106,H00866,H00861,19,19,2,1,2025-01-13
106,H00871,H00858,20,19,11,0,2025-01-13
106,H00873,H00893,20,20,20,1,2025-01-13
106,H00880,H00891,20,20,8,0,2025-01-13
106,H00892,H00893,20,20,24,0,2025-01-13
106,H00907,H00914,21,21,19,1,2025-01-13
106,H00911,H00016,21,0,12,1,2025-01-13
106,H00917,H01089,21,27,8,1,2025-01-13
106,H00920,H00916,21,21,20,0,2025-01-13
106,H00921,H01074,21,26,4,1,2025-01-13
106,H00927,H00927,21,21,5,0,2025-01-13
106,H00933,H00988,22,23,11,1,2025-01-13
106,H00957,H00982,22,23,6,1,2025-01-13
106,H00971,H00288,23,6,18,0,2025-01-13
106,H00977,H00967,23,23,3,0,2025-01-13
106,H00983,H00986,23,23,17,1,2025-01-13
106,H01012,H01000,24,24,20,1,2025-01-13
106,H01019,H00535,24,12,20,1,2025-01-13
106,H01021,H01014,24,24,20,0,2025-01-13
106,H01038,H00468,25,11,14,1,2025-01-13
106,H01041,H00937,25,22,18,0,2025-01-13
106,H01046,H01054,25,25,16,1,2025-01-13
106,H01052,H00849,25,19,12,0,2025-01-13
106,H01059,H01058,26,26,3,0,2025-01-13
106,H01069,H00980,26,23,18,0,2025-01-13
106,H01103,H01096,27,27,24,0,2025-01-13
107,H00009,H00678,0,15,19,0,2025-01-20
107,H00029,H00030,0,0,15,1,2025-01-20
107,H00030,H00026,0,0,10,0,2025-01-20
107,H00032,H00460,0,11,17,1,2025-01-20
107,H00034,H00485,0,11,10,1,2025-01-20
107,H00054,H00467,1,11,19,1,2025-01-20
107,H00061,H00089,1,1,8,1,2025-01-20
107,H00070,H00051,1,1,6,0,2025-01-20
107,H00083,H00048,1,1,23,0,2025-01-20
107,H00088,H00089,1,1,18,0,2025-01-20
107,H00099,H00459,2,11,14,1,2025-01-20
107,H00106,H00109,2,2,18,1,2025-01-20
107,H00121,H00654,2,14,19,0,2025-01-20
107,H00123,H00141,2,2,21,1,2025-01-20
107,H00132,H00309,2,7,23,1,2025-01-20
107,H00136,H00006,2,0,12,1,2025-01-20
107,H00146,H00707,3,15,10,1,2025-01-20
107,H00167,H00000,3,0,17,1,2025-01-20
107,H00168,H00947,3,22,15,0,2025-01-20
107,H00176,H00329,3,7,21,0,2025-01-20
107,H00219,H00236,4,5,6,0,2025-01-20
107,H00239,H00253,5,5,2,0,2025-01-20
107,H00248,H00268,5,5,6,1,2025-01-20
107,H00259,H00238,5,5,2,0,2025-01-20
107,H00260,H00238,5,5,13,1,2025-01-20
107,H00275,H00070,5,1,24,0,2025-01-20
107,H00276,H00277,6,6,16,1,2025-01-20
107,H00283,H00733,6,16,21,1,2025-01-20
107,H00297,H00005,6,0,23,0,2025-01-20
107,H00298,H00296,6,6,18,1,2025-01-20
107,H00304,H00297,6,6,7,0,2025-01-20
107,H00308,H00299,6,6,5,0,2025-01-20
107,H00309,H00457,7,11,12,1,2025-01-20
107,H00316,H00468,7,11,19,0,2025-01-20
107,H00325,H00319,7,7,8,0,2025-01-20
107,H00327,H00394,7,9,4,0,2025-01-20
107,H00328,H00706,7,15,3,1,2025-01-20
107,H00335,H00331,7,7,22,0,2025-01-20
107,H00341,H00532,8,12,19,0,2025-01-20
107,H00352,H00373,8,8,20,0,2025-01-20
107,H00364,H00324,8,7,3,1,2025-01-20
107,H00366,H00142,8,2,7,1,2025-01-20
107,H00374,H00417,8,10,20,1,2025-01-20
107,H00376,H00384,9,9,15,1,2025-01-20
107,H00386,H00386,9,9,9,0,2025-01-20
107,H00404,H00009,9,0,18,0,2025-01-20
107,H00406,H00251,10,5,6,0,2025-01-20
107,H00417,H00288,10,6,22,1,2025-01-20
107,H00420,H00413,10,10,2,0,2025-01-20
107,H00427,H00413,10,10,8,0,2025-01-20
107,H00438,H00903,10,21,15,0,2025-01-20
107,H00440,H00434,10,10,4,1,2025-01-20
107,H00442,H00123,11,2,19,1,2025-01-20
107,H00448,H00449,11,11,20,0,2025-01-20
107,H00453,H00582,11,13,6,1,2025-01-20
107,H00457,H00448,11,11,13,0,2025-01-20
107,H00474,H00451,11,11,2,1,2025-01-20
107,H00475,H00452,11,11,4,0,2025-01-20
107,H00477,H00403,11,9,12,1,2025-01-20
107,H00490,H00474,11,11,22,1,2025-01-20
107,H00491,H00477,11,11,3,0,2025-01-20
107,H00498,H00313,12,7,8,1,2025-01-20
107,H00500,H00541,12,12,21,1,2025-01-20
107,H00502,H00518,12,12,8,0,2025-01-20
107,H00515,H00530,12,12,22,0,2025-01-20
107,H00530,H00318,12,7,3,1,2025-01-20
107,H00535,H00489,12,11,20,0,2025-01-20
107,H00546,H00614,13,14,13,0,2025-01-20
107,H00555,H00321,13,7,23,1,2025-01-20
107,H00571,H00561,13,13,12,1,2025-01-20
107,H00581,H00589,13,13,6,0,2025-01-20
107,H00590,H00545,13,13,9,1,2025-01-20
107,H00598,H00558,13,13,24,0,2025-01-20
107,H00606,H00626,14,14,16,1,2025-01-20
107,H00637,H00618,14,14,3,1,2025-01-20
107,H00659,H00604,14,14,19,0,2025-01-20
107,H00728,H00748,16,16,24,1,2025-01-20
107,H00732,H00819,16,18,2,1,2025-01-20
107,H00736,H00781,16,17,16,1,2025-01-20
107,H00741,H00721,16,16,6,0,2025-01-20
107,H00747,H00868,16,19,15,1,2025-01-20
107,H00782,H00764,17,17,17,0,2025-01-20
107,H00783,H00800,17,17,14,0,2025-01-20
107,H00793,H00115,17,2,19,1,2025-01-20
107,H00797,H00828,17,18,9,1,2025-01-20
107,H00805,H00855,18,19,21,1,2025-01-20
107,H00809,H00815,18,18,2,0,2025-01-20
107,H00820,H00715,18,16,11,1,2025-01-20
107,H00832,H00818,18,18,18,0,2025-01-20
107,H00856,H00870,19,19,6,1,2025-01-20
107,H00871,H00877,20,20,23,0,2025-01-20
107,H00875,H00875,20,20,13,0,2025-01-20
107,H00887,H00331,20,7,2,1,2025-01-20
107,H00894,H00871,20,20,18,1,2025-01-20
107,H00906,H00900,21,21,20,1,2025-01-20
107,H00908,H00901,21,21,6,1,2025-01-20
107,H00917,H00925,21,21,2,1,2025-01-20
107,H00927,H00928,21,22,5,1,2025-01-20
107,H00941,H00963,22,22,19,0,2025-01-20
107,H00942,H00961,22,22,6,0,2025-01-20
107,H00950,H00102,22,2,5,0,2025-01-20
107,H00969,H00983,23,23,12,1,2025-01-20
107,H00973,H00989,23,23,14,1,2025-01-20
107,H00974,H01067,23,26,19,1,2025-01-20
107,H00975,H00892,23,20,12,1,2025-01-20
107,H00979,H00948,23,22,15,1,2025-01-20
107,H00985,H00120,23,2,8,0,2025-01-20
107,H00990,H00958,23,22,17,1,2025-01-20
107,H01020,H01003,24,24,19,0,2025-01-20
107,H01024,H00712,25,16,20,1,2025-01-20
107,H01027,H01043,25,25,21,1,2025-01-20
107,H01049,H01046,25,25,16,1,2025-01-20
107,H01051,H01045,25,25,20,1,2025-01-20
107,H01053,H00019,25,0,24,1,2025-01-20
107,H01057,H00940,26,22,14,1,2025-01-20
107,H01077,H01104,27,27,15,1,2025-01-20
107,H01095,H01078,27,27,12,1,2025-01-20
107,H01096,H00861,27,19,11,1,2025-01-20
107,H01100,H00886,27,20,11,1,2025-01-20
108,H00002,H00313,0,7,23,0,2025-01-27
108,H00008,H00014,0,0,16,1,2025-01-27
108,H00021,H00022,0,0,3,0,2025-01-27
108,H00023,H00009,0,0,2,1,2025-01-27
108,H00049,H00256,1,5,17,1,2025-01-27
108,H00057,H00081,1,1,21,0,2025-01-27
108,H00063,H00048,1,1,10,1,2025-01-27
108,H00074,H00095,1,1,7,1,2025-01-27
108,H00075,H00082,1,1,5,1,2025-01-27
108,H00088,H00049,1,1,22,1,2025-01-27
108,H00089,H00274,1,5,11,1,2025-01-27
108,H00092,H00014,1,0,11,0,2025-01-27
108,H00094,H00348,1,8,10,0,2025-01-27
108,H00096,H00048,1,1,4,1,2025-01-27
108,H00103,H00016,2,0,5,1,2025-01-27
108,H00106,H00376,2,9,24,1,2025-01-27
108,H00114,H00121,2,2,7,1,2025-01-27
108,H00116,H00300,2,6,20,1,2025-01-27
108,H00120,H00127,2,2,9,1,2025-01-27
108,H00124,H00447,2,11,15,1,2025-01-27
108,H00143,H00177,3,3,4,1,2025-01-27
108,H00145,H00145,3,3,10,0,2025-01-27
108,H00147,H00291,3,6,5,0,2025-01-27
108,H00163,H00149,3,3,9,1,2025-01-27
108,H00165,H00171,3,3,14,0,2025-01-27
108,H00180,H00153,3,3,11,1,2025-01-27
108,H00219,H00214,4,4,6,1,2025-01-27
108,H00228,H00214,4,4,13,1,2025-01-27
108,H00230,H00213,4,4,6,0,2025-01-27
108,H00246,H00563,5,13,23,1,2025-01-27
108,H00249,H00244,5,5,3,1,2025-01-27
108,H00252,H00245,5,5,13,1,2025-01-27
108,H00271,H00239,5,5,19,1,2025-01-27
108,H00276,H00291,6,6,10,1,2025-01-27
108,H00278,H00298,6,6,14,0,2025-01-27
108,H00279,H00489,6,11,7,0,2025-01-27
108,H00290,H00282,6,6,12,0,2025-01-27
108,H00297,H00112,6,2,19,0,2025-01-27
108,H00304,H00938,6,22,16,1,2025-01-27
108,H00309,H00014,7,0,13,1,2025-01-27
108,H00312,H00420,7,10,13,1,2025-01-27
108,H00334,H00315,7,7,3,1,2025-01-27
108,H00338,H00445,8,11,9,0,2025-01-27
108,H00345,H00407,8,10,4,1,2025-01-27
108,H00348,H00369,8,8,13,1,2025-01-27
108,H00361,H00346,8,8,12,0,2025-01-27
108,H00369,H00112,8,2,12,1,2025-01-27
108,H00387,H00405,9,9,23,1,2025-01-27
108,H00394,H00106,9,2,15,0,2025-01-27
108,H00397,H00315,9,7,23,0,2025-01-27
108,H00399,H00401,9,9,22,0,2025-01-27
108,H00406,H00317,10,7,22,1,2025-01-27
108,H00413,H00012,10,0,14,1,2025-01-27
108,H00441,H00424,10,10,15,1,2025-01-27
108,H00442,H00917,11,21,19,1,2025-01-27
108,H00451,H00489,11,11,17,1,2025-01-27
108,H00465,H00484,11,11,19,0,2025-01-27
108,H00468,H00469,11,11,10,1,2025-01-27
108,H00475,H00490,11,11,24,1,2025-01-27
108,H00482,H00305,11,6,16,1,2025-01-27
108,H00490,H00456,11,11,19,1,2025-01-27
108,H00498,H00522,12,12,2,1,2025-01-27
108,H00499,H00931,12,22,5,0,2025-01-27
108,H00501,H00463,12,11,18,0,2025-01-27
108,H00502,H00666,12,15,7,1,2025-01-27
108,H00527,H00276,12,6,19,0,2025-01-27
108,H00542,H00566,13,13,14,1,2025-01-27
108,H00547,H00555,13,13,17,1,2025-01-27
108,H00550,H00542,13,13,5,1,2025-01-27
108,H00558,H00587,13,13,12,0,2025-01-27
108,H00563,H00587,13,13,6,0,2025-01-27
108,H00567,H00466,13,11,15,1,2025-01-27
108,H00576,H00688,13,15,10,0,2025-01-27
108,H00578,H00597,13,13,8,1,2025-01-27
108,H00588,H00551,13,13,6,1,2025-01-27
108,H00604,H00618,14,14,24,1,2025-01-27
108,H00606,H00427,14,10,20,1,2025-01-27
108,H00608,H00645,14,14,10,1,2025-01-27
108,H00615,H00606,14,14,2,1,2025-01-27
108,H00622,H00617,14,14,9,1,2025-01-27
108,H00627,H00617,14,14,5,0,2025-01-27
108,H00636,H00632,14,14,24,0,2025-01-27
108,H00637,H00622,14,14,11,1,2025-01-27
108,H00650,H00643,14,14,10,0,2025-01-27
108,H00674,H00679,15,15,23,0,2025-01-27
108,H00682,H00593,15,13,9,1,2025-01-27
108,H00687,H00709,15,15,6,1,2025-01-27
108,H00694,H00492,15,11,10,1,2025-01-27
108,H00705,H00557,15,13,23,1,2025-01-27
108,H00709,H00697,15,15,24,0,2025-01-27
108,H00713,H00832,16,18,6,1,2025-01-27
108,H00718,H00516,16,12,3,0,2025-01-27
108,H00722,H00711,16,16,10,1,2025-01-27
108,H00725,H00488,16,11,21,1,2025-01-27
108,H00728,H00116,16,2,13,1,2025-01-27
108,H00744,H00750,16,16,3,1,2025-01-27
108,H00745,H01018,16,24,22,1,2025-01-27
108,H00764,H00739,17,16,19,1,2025-01-27
108,H00769,H00791,17,17,9,1,2025-01-27
108,H00801,H00818,18,18,3,1,2025-01-27
108,H00809,H00722,18,16,16,1,2025-01-27
108,H00810,H00835,18,18,16,0,2025-01-27
108,H00835,H00810,18,18,8,0,2025-01-27
108,H00846,H00843,19,19,15,0,2025-01-27
108,H00857,H00855,19,19,15,0,2025-01-27
108,H00868,H00800,19,17,12,1,2025-01-27
108,H00869,H00455,19,11,19,1,2025-01-27
108,H00886,H00879,20,20,14,1,2025-01-27
108,H00905,H00129,21,2,16,1,2025-01-27
108,H00908,H00924,21,21,10,1,2025-01-27
108,H00912,H00959,21,22,19,1,2025-01-27
108,H00914,H00912,21,21,6,1,2025-01-27
108,H00940,H00941,22,22,20,1,2025-01-27
108,H00950,H00942,22,22,21,0,2025-01-27
108,H00960,H00851,22,19,11,0,2025-01-27
108,H00970,H00816,23,18,21,0,2025-01-27
108,H00973,H01011,23,24,24,0,2025-01-27
108,H00976,H00946,23,22,6,0,2025-01-27
108,H01004,H01011,24,24,7,1,2025-01-27
108,H01009,H00978,24,23,20,0,2025-01-27
108,H01013,H00363,24,8,9,0,2025-01-27
108,H01016,H00131,24,2,17,1,2025-01-27
108,H01052,H00948,25,22,10,1,2025-01-27
108,H01066,H01060,26,26,13,1,2025-01-27
108,H01069,H00863,26,19,12,1,2025-01-27
108,H01070,H01076,26,26,23,0,2025-01-27
108,H01072,H01068,26,26,10,1,2025-01-27
108,H01076,H00012,26,0,7,1,2025-01-27
108,H01085,H01093,27,27,5,0,2025-01-27
108,H01104,H01077,27,27,5,1,2025-01-27
109,H00040,H00044,1,1,20,1,2025-02-03
109,H00047,H00077,1,1,23,0,2025-02-03
109,H00056,H00030,1,0,2,1,2025-02-03
109,H00075,H00465,1,11,13,1,2025-02-03
109,H00078,H01105,1,27,4,1,2025-02-03
109,H00095,H00086,1,1,8,0,2025-02-03
109,H00099,H00018,2,0,19,1,2025-02-03
109,H00100,H00100,2,2,18,0,2025-02-03
109,H00102,H00035,2,0,13,0,2025-02-03
109,H00108,H00677,2,15,19,1,2025-02-03
109,H00121,H00129,2,2,12,0,2025-02-03
109,H00139,H00908,2,21,6,1,2025-02-03
109,H00155,H00179,3,3,9,1,2025-02-03
109,H00163,H00182,3,3,10,1,2025-02-03
109,H00181,H00290,3,6,11,1,2025-02-03
109,H00191,H00019,4,0,11,1,2025-02-03
109,H00199,H00231,4,4,4,0,2025-02-03
109,H00208,H00205,4,4,13,0,2025-02-03
109,H00209,H00004,4,0,24,1,2025-02-03
109,H00213,H00198,4,4,16,0,2025-02-03
109,H00215,H00225,4,4,4,1,2025-02-03
109,H00229,H00194,4,4,6,1,2025-02-03
109,H00249,H00253,5,5,7,1,2025-02-03
109,H00251,H00242,5,5,5,0,2025-02-03
109,H00262,H00249,5,5,11,0,2025-02-03
109,H00264,H00259,5,5,20,1,2025-02-03
109,H00276,H00024,6,0,15,1,2025-02-03
109,H00283,H00276,6,6,10,0,2025-02-03
109,H00287,H00145,6,3,10,1,2025-02-03
109,H00288,H00580,6,13,14,0,2025-02-03
109,H00301,H00678,6,15,3,1,2025-02-03
109,H00305,H00318,6,7,2,1,2025-02-03
109,H00315,H00304,7,6,21,1,2025-02-03
109,H00321,H00276,7,6,8,1,2025-02-03
109,H00323,H00328,7,7,5,1,2025-02-03
109,H00332,H00327,7,7,8,0,2025-02-03
109,H00343,H00358,8,8,17,1,2025-02-03
109,H00349,H00371,8,8,4,0,2025-02-03
109,H00356,H00306,8,6,18,1,2025-02-03
109,H00358,H00360,8,8,2,1,2025-02-03
109,H00365,H00359,8,8,22,1,2025-02-03
109,H00376,H00468,9,11,21,0,2025-02-03
109,H00383,H00460,9,11,11,1,2025-02-03
109,H00388,H00302,9,6,3,0,2025-02-03
109,H00446,H00657,11,14,21,1,2025-02-03
109,H00476,H00477,11,11,17,1,2025-02-03
109,H00492,H00751,11,17,16,1,2025-02-03
109,H00500,H00474,12,11,4,1,2025-02-03
109,H00512,H00519,12,12,3,1,2025-02-03
109,H00513,H00499,12,12,7,1,2025-02-03
109,H00564,H00600,13,13,16,1,2025-02-03
109,H00573,H00853,13,19,2,1,2025-02-03
109,H00578,H00580,13,13,13,0,2025-02-03
109,H00604,H00675,14,15,8,0,2025-02-03
109,H00606,H00027,14,0,13,1,2025-02-03
109,H00613,H00632,14,14,22,0,2025-02-03
109,H00644,H00628,14,14,9,1,2025-02-03
109,H00662,H00669,15,15,18,1,2025-02-03
109,H00671,H00478,15,11,16,0,2025-02-03
109,H00672,H00709,15,15,12,1,2025-02-03
109,H00680,H00679,15,15,23,0,2025-02-03
109,H00690,H00672,15,15,5,1,2025-02-03
109,H00698,H00636,15,14,18,0,2025-02-03
109,H00700,H00673,15,15,5,1,2025-02-03
109,H00705,H00707,15,15,15,1,2025-02-03
109,H00706,H00717,15,16,15,0,2025-02-03
109,H00709,H00688,15,15,20,1,2025-02-03
109,H00710,H00733,16,16,5,1,2025-02-03
109,H00714,H00668,16,15,13,0,2025-02-03
109,H00722,H00480,16,11,2,0,2025-02-03
109,H00723,H00730,16,16,11,1,2025-02-03
109,H00761,H00798,17,17,8,0,2025-02-03
109,H00786,H00772,17,17,9,1,2025-02-03
109,H00789,H00770,17,17,2,1,2025-02-03
109,H00798,H00795,17,17,5,1,2025-02-03
109,H00809,H00838,18,18,8,0,2025-02-03
109,H00814,H00851,18,19,21,1,2025-02-03
109,H00816,H00809,18,18,16,1,2025-02-03
109,H00822,H00832,18,18,12,0,2025-02-03
109,H00824,H00802,18,18,3,1,2025-02-03
109,H00827,H00329,18,7,16,1,2025-02-03
109,H00828,H00111,18,2,21,1,2025-02-03
109,H00829,H00725,18,16,13,0,2025-02-03
109,H00836,H00670,18,15,15,0,2025-02-03
109,H00840,H00834,18,18,3,1,2025-02-03
109,H00843,H00853,19,19,2,1,2025-02-03
109,H00857,H00868,19,19,5,1,2025-02-03
109,H00859,H00849,19,19,20,1,2025-02-03
109,H00872,H00886,20,20,4,0,2025-02-03
109,H00889,H00861,20,19,23,0,2025-02-03
109,H00893,H01057,20,26,4,1,2025-02-03
109,H00900,H00905,21,21,7,1,2025-02-03
109,H00913,H00892,21,20,12,1,2025-02-03
109,H00922,H00898,21,21,13,0,2025-02-03
109,H00930,H00404,22,9,3,0,2025-02-03
109,H00940,H00956,22,22,8,1,2025-02-03
109,H00942,H00699,22,15,9,0,2025-02-03
109,H00943,H00932,22,22,13,1,2025-02-03
109,H00956,H01061,22,26,2,0,2025-02-03
109,H00963,H01020,22,24,6,1,2025-02-03
109,H00970,H00988,23,23,19,1,2025-02-03
109,H00976,H00965,23,23,2,0,2025-02-03
109,H00986,H00974,23,23,14,0,2025-02-03
109,H00988,H00948,23,22,18,1,2025-02-03
109,H01007,H00996,24,24,14,1,2025-02-03
109,H01014,H00412,24,10,18,0,2025-02-03
109,H01022,H00487,25,11,9,0,2025-02-03
109,H01023,H00444,25,11,8,1,2025-02-03
109,H01026,H00931,25,22,14,1,2025-02-03
109,H01032,H01032,25,25,7,1,2025-02-03
109,H01040,H01013,25,24,21,1,2025-02-03
109,H01046,H01052,25,25,22,0,2025-02-03
109,H01047,H00441,25,10,7,0,2025-02-03
109,H01056,H01058,26,26,16,0,2025-02-03
109,H01058,H01076,26,26,10,0,2025-02-03
109,H01060,H01071,26,26,13,0,2025-02-03
109,H01063,H01059,26,26,13,0,2025-02-03
109,H01071,H01060,26,26,4,0,2025-02-03
109,H01072,H01105,26,27,11,1,2025-02-03
109,H01082,H01105,27,27,7,0,2025-02-03
109,H01093,H00747,27,16,9,1,2025-02-03
109,H01100,H01087,27,27,24,1,2025-02-03
109,H01110,H01080,27,27,24,1,2025-02-03
110,H00000,H00008,0,0,18,1,2025-02-10
110,H00030,H00018,0,0,2,0,2025-02-10
110,H00040,H00017,1,0,9,1,2025-02-10
110,H00045,H00094,1,1,7,1,2025-02-10
110,H00047,H00062,1,1,13,1,2025-02-10
110,H00066,H00096,1,1,9,1,2025-02-10
110,H00069,H00060,1,1,18,0,2025-02-10
110,H00073,H00048,1,1,2,1,2025-02-10
110,H00075,H00090,1,1,16,1,2025-02-10
110,H00080,H00045,1,1,9,0,2025-02-10
110,H00082,H00056,1,1,15,0,2025-02-10
110,H00083,H00050,1,1,18,0,2025-02-10
110,H00084,H00784,1,17,8,0,2025-02-10
110,H00097,H00320,1,7,7,1,2025-02-10
110,H00099,H00328,2,7,4,0,2025-02-10
110,H00112,H00472,2,11,23,1,2025-02-10
110,H00115,H00320,2,7,14,1,2025-02-10
110,H00128,H00130,2,2,23,0,2025-02-10
110,H00139,H00120,2,2,22,1,2025-02-10
110,H00172,H00014,3,0,6,1,2025-02-10
110,H00184,H00251,3,5,2,1,2025-02-10
110,H00204,H00189,4,4,17,1,2025-02-10
110,H00210,H00587,4,13,11,1,2025-02-10
110,H00214,H00125,4,2,22,1,2025-02-10
110,H00218,H01015,4,24,16,1,2025-02-10
110,H00227,H00270,4,5,22,1,2025-02-10
110,H00234,H00898,5,21,18,0,2025-02-10
110,H00238,H00229,5,4,16,1,2025-02-10
110,H00255,H00258,5,5,10,0,2025-02-10
110,H00263,H00286,5,6,5,1,2025-02-10
110,H00268,H00275,5,5,2,1,2025-02-10
110,H00271,H00379,5,9,7,1,2025-02-10
110,H00276,H00761,6,17,2,1,2025-02-10
110,H00278,H00288,6,6,18,1,2025-02-10
110,H00283,H00327,6,7,4,1,2025-02-10
110,H00285,H00348,6,8,9,1,2025-02-10
110,H00287,H00299,6,6,15,1,2025-02-10
110,H00293,H00305,6,6,6,0,2025-02-10
110,H00294,H00295,6,6,5,1,2025-02-10
110,H00308,H00304,6,6,24,1,2025-02-10
110,H00317,H00327,7,7,22,1,2025-02-10
110,H00319,H00102,7,2,20,1,2025-02-10
110,H00354,H00135,8,2,10,0,2025-02-10
110,H00369,H00300,8,6,6,0,2025-02-10
110,H00372,H00332,8,7,20,1,2025-02-10
110,H00375,H00412,9,10,10,1,2025-02-10
110,H00387,H01101,9,27,2,1,2025-02-10
110,H00395,H00401,9,9,23,0,2025-02-10
110,H00398,H00332,9,7,16,1,2025-02-10
110,H00417,H00421,10,10,23,0,2025-02-10
110,H00433,H00139,10,2,10,1,2025-02-10
110,H00436,H00409,10,10,2,0,2025-02-10
110,H00444,H00644,11,14,8,1,2025-02-10
110,H00445,H00152,11,3,24,1,2025-02-10
110,H00448,H00454,11,11,5,0,2025-02-10
110,H00450,H00530,11,12,11,1,2025-02-10
110,H00454,H00455,11,11,4,0,2025-02-10
110,H00456,H00469,11,11,14,1,2025-02-10
110,H00463,H00483,11,11,23,0,2025-02-10
110,H00473,H00480,11,11,16,0,2025-02-10
110,H00482,H00501,11,12,8,1,2025-02-10
110,H00485,H00469,11,11,21,1,2025-02-10
110,H00486,H00466,11,11,16,0,2025-02-10
110,H00520,H00477,12,11,2,0,2025-02-10
110,H00521,H00465,12,11,3,1,2025-02-10
110,H00525,H00524,12,12,12,0,2025-02-10
110,H00527,H00509,12,12,3,1,2025-02-10
110,H00536,H00521,12,12,7,1,2025-02-10
110,H00548,H00569,13,13,11,1,2025-02-10
110,H00549,H00594,13,13,7,0,2025-02-10
110,H00557,H00565,13,13,12,1,2025-02-10
110,H00559,H00612,13,14,21,1,2025-02-10
110,H00565,H00696,13,15,14,1,2025-02-10
110,H00574,H00555,13,13,14,0,2025-02-10
110,H00581,H00592,13,13,11,0,2025-02-10
110,H00589,H00022,13,0,6,0,2025-02-10
110,H00593,H00677,13,15,4,0,2025-02-10
110,H00594,H00602,13,13,13,0,2025-02-10
110,H00616,H00329,14,7,18,1,2025-02-10
110,H00617,H00649,14,14,11,0,2025-02-10
110,H00629,H00622,14,14,5,1,2025-02-10
110,H00631,H00657,14,14,8,0,2025-02-10
110,H00635,H00617,14,14,4,1,2025-02-10
110,H00648,H00332,14,7,11,0,2025-02-10
110,H00654,H00609,14,14,8,1,2025-02-10
110,H00664,H00792,15,17,18,0,2025-02-10
110,H00665,H00687,15,15,2,0,2025-02-10
110,H00675,H00703,15,15,23,1,2025-02-10
110,H00702,H00683,15,15,18,1,2025-02-10
110,H00710,H00732,16,16,21,1,2025-02-10
110,H00728,H00712,16,16,3,1,2025-02-10
110,H00729,H00675,16,15,19,1,2025-02-10
110,H00744,H00780,16,17,5,1,2025-02-10
110,H00751,H00677,17,15,19,1,2025-02-10
110,H00753,H00763,17,17,6,0,2025-02-10
110,H00768,H00755,17,17,2,1,2025-02-10
110,H00775,H00753,17,17,5,1,2025-02-10
110,H00776,H00858,17,19,6,1,2025-02-10
110,H00796,H00761,17,17,22,1,2025-02-10
110,H00799,H00711,17,16,15,0,2025-02-10
110,H00802,H00812,18,18,2,1,2025-02-10
110,H00811,H00822,18,18,18,1,2025-02-10
110,H00817,H00734,18,16,23,1,2025-02-10
110,H00821,H00864,18,19,8,1,2025-02-10
110,H00828,H00825,18,18,24,1,2025-02-10
110,H00829,H00842,18,18,16,1,2025-02-10
110,H00837,H00818,18,18,22,0,2025-02-10
110,H00838,H00801,18,18,22,0,2025-02-10
110,H00853,H00363,19,8,15,1,2025-02-10
110,H00865,H00844,19,19,17,0,2025-02-10
110,H00866,H00018,19,0,16,1,2025-02-10
110,H00868,H00842,19,18,10,0,2025-02-10
110,H00870,H00325,19,7,4,1,2025-02-10
110,H00881,H00872,20,20,7,1,2025-02-10
110,H00907,H01065,21,26,20,0,2025-02-10
110,H00911,H00918,21,21,2,0,2025-02-10
110,H00941,H00931,22,22,2,0,2025-02-10
110,H00949,H00933,22,22,8,0,2025-02-10
110,H00954,H00443,22,11,5,1,2025-02-10
110,H00987,H00295,23,6,13,0,2025-02-10
110,H00988,H00929,23,22,14,1,2025-02-10
110,H00989,H00989,23,23,18,1,2025-02-10
110,H01015,H00964,24,22,17,0,2025-02-10
110,H01020,H00996,24,24,15,0,2025-02-10
110,H01021,H00957,24,22,16,1,2025-02-10
110,H01022,H00611,25,14,12,0,2025-02-10
110,H01023,H01034,25,25,12,1,2025-02-10
110,H01039,H01049,25,25,12,1,2025-02-10
110,H01058,H00859,26,19,23,1,2025-02-10
110,H01071,H01074,26,26,14,1,2025-02-10
110,H01097,H01107,27,27,22,0,2025-02-10
111,H00000,H00010,0,0,9,0,2025-02-17
111,H00015,H00794,0,17,8,0,2025-02-17
111,H00021,H00015,0,0,7,0,2025-02-17
111,H00024,H00026,0,0,24,0,2025-02-17
111,H00050,H00116,1,2,18,0,2025-02-17
111,H00051,H00088,1,1,3,1,2025-02-17
111,H00074,H00003,1,0,5,0,2025-02-17
111,H00086,H00466,1,11,16,1,2025-02-17
111,H00102,H00103,2,2,6,0,2025-02-17
111,H00112,H00121,2,2,9,1,2025-02-17
111,H00120,H00476,2,11,4,0,2025-02-17
111,H00128,H00142,2,2,13,1,2025-02-17
111,H00144,H00666,3,15,9,0,2025-02-17
111,H00148,H00171,3,3,20,0,2025-02-17
111,H00163,H00449,3,11,12,1,2025-02-17
111,H00168,H00143,3,3,21,1,2025-02-17
111,H00190,H00204,4,4,11,1,2025-02-17
111,H00218,H00258,4,5,20,1,2025-02-17
111,H00221,H00197,4,4,11,1,2025-02-17
111,H00224,H00796,4,17,2,0,2025-02-17
111,H00231,H00268,4,5,17,1,2025-02-17
111,H00239,H00006,5,0,15,1,2025-02-17
111,H00241,H00215,5,4,23,1,2025-02-17
111,H00244,H00392,5,9,10,0,2025-02-17
111,H00248,H00250,5,5,2,1,2025-02-17
111,H00249,H00384,5,9,21,1,2025-02-17
111,H00259,H00749,5,16,16,0,2025-02-17
111,H00272,H00265,5,5,15,0,2025-02-17
111,H00274,H00252,5,5,24,0,2025-02-17
111,H00276,H00314,6,7,21,1,2025-02-17
111,H00290,H00287,6,6,15,0,2025-02-17
111,H00309,H00324,7,7,8,1,2025-02-17
111,H00325,H00313,7,7,16,1,2025-02-17
111,H00332,H00135,7,2,17,1,2025-02-17
111,H00343,H00337,8,8,11,1,2025-02-17
111,H00388,H00401,9,9,11,0,2025-02-17
111,H00403,H00128,9,2,2,1,2025-02-17
111,H00422,H00394,10,9,9,1,2025-02-17
111,H00442,H00479,11,11,21,1,2025-02-17
111,H00449,H00442,11,11,13,0,2025-02-17
111,H00456,H00477,11,11,10,0,2025-02-17
111,H00460,H00132,11,2,18,1,2025-02-17
111,H00462,H00470,11,11,12,1,2025-02-17
111,H00465,H00261,11,5,10,1,2025-02-17
111,H00471,H00472,11,11,17,0,2025-02-17
111,H00478,H00482,11,11,18,1,2025-02-17
111,H00488,H00810,11,18,10,0,2025-02-17
111,H00489,H00128,11,2,21,1,2025-02-17
111,H00493,H00525,12,12,10,1,2025-02-17
111,H00505,H00486,12,11,18,1,2025-02-17
111,H00516,H00540,12,12,7,1,2025-02-17
111,H00517,H00728,12,16,2,1,2025-02-17
111,H00519,H00498,12,12,13,1,2025-02-17
111,H00529,H00493,12,12,5,1,2025-02-17
111,H00541,H00528,12,12,10,1,2025-02-17
111,H00550,H00545,13,13,24,0,2025-02-17
111,H00564,H00676,13,15,11,1,2025-02-17
111,H00583,H00699,13,15,7,1,2025-02-17
111,H00586,H00108,13,2,10,0,2025-02-17
111,H00595,H00707,13,15,22,0,2025-02-17
111,H00617,H00685,14,15,7,0,2025-02-17
111,H00653,H00660,14,14,12,1,2025-02-17
111,H00662,H00405,15,9,19,1,2025-02-17
111,H00665,H00130,15,2,22,0,2025-02-17
111,H00666,H00852,15,19,2,0,2025-02-17
111,H00671,H00013,15,0,5,1,2025-02-17
111,H00687,H00704,15,15,7,1,2025-02-17
111,H00688,H00234,15,5,3,1,2025-02-17
111,H00693,H00696,15,15,4,0,2025-02-17
111,H00700,H00853,15,19,11,0,2025-02-17
111,H00704,H00016,15,0,11,1,2025-02-17
111,H00709,H00672,15,15,8,0,2025-02-17
111,H00710,H00705,16,15,23,0,2025-02-17
111,H00722,H00750,16,16,7,1,2025-02-17
111,H00727,H00026,16,0,16,0,2025-02-17
111,H00728,H00716,16,16,12,1,2025-02-17
111,H00734,H00773,16,17,2,0,2025-02-17
111,H00740,H00868,16,19,19,1,2025-02-17
111,H00757,H00795,17,17,7,1,2025-02-17
111,H00766,H00720,17,16,8,0,2025-02-17
111,H00770,H00736,17,16,19,1,2025-02-17
111,H00790,H00780,17,17,13,1,2025-02-17
111,H00796,H00696,17,15,5,1,2025-02-17
111,H00804,H00742,18,16,20,0,2025-02-17
111,H00810,H00860,18,19,7,1,2025-02-17
111,H00813,H00839,18,18,16,1,2025-02-17
111,H00820,H00720,18,16,21,0,2025-02-17
111,H00830,H00809,18,18,21,0,2025-02-17
111,H00836,H00834,18,18,4,1,2025-02-17
111,H00837,H00820,18,18,10,1,2025-02-17
111,H00843,H01058,19,26,21,1,2025-02-17
111,H00862,H00861,19,19,3,0,2025-02-17
111,H00868,H00858,19,19,5,1,2025-02-17
111,H00871,H00872,20,20,22,0,2025-02-17
111,H00876,H00886,20,20,13,1,2025-02-17
111,H00887,H00894,20,20,17,0,2025-02-17
111,H00896,H00954,21,22,4,1,2025-02-17
111,H00906,H00441,21,10,3,0,2025-02-17
111,H00907,H00923,21,21,11,1,2025-02-17
111,H00911,H00899,21,21,18,0,2025-02-17
111,H00915,H00924,21,21,21,1,2025-02-17
111,H00920,H00907,21,21,4,1,2025-02-17
111,H00941,H00730,22,16,20,1,2025-02-17
111,H00947,H00429,22,10,9,1,2025-02-17
111,H00954,H00939,22,22,17,0,2025-02-17
111,H00955,H00928,22,22,21,1,2025-02-17
111,H00970,H00988,23,23,21,0,2025-02-17
111,H00978,H00845,23,19,22,0,2025-02-17
111,H00979,H00968,23,23,5,0,2025-02-17
111,H00983,H00974,23,23,18,0,2025-02-17
111,H00986,H00988,23,23,18,1,2025-02-17
111,H01009,H01021,24,24,6,1,2025-02-17
111,H01013,H00351,24,8,3,1,2025-02-17
111,H01024,H01049,25,25,8,0,2025-02-17
111,H01049,H01047,25,25,23,0,2025-02-17
111,H01052,H01022,25,25,6,1,2025-02-17
111,H01057,H01074,26,26,20,1,2025-02-17
111,H01064,H00985,26,23,5,1,2025-02-17
111,H01085,H01096,27,27,19,1,2025-02-17
111,H01106,H00737,27,16,7,1,2025-02-17
112,H00010,H00011,0,0,20,0,2025-02-24
112,H00018,H00320,0,7,16,1,2025-02-24
112,H00020,H00955,0,22,13,1,2025-02-24
112,H00021,H00020,0,0,4,1,2025-02-24
112,H00023,H00284,0,6,7,1,2025-02-24
112,H00039,H00045,1,1,12,1,2025-02-24
112,H00044,H00080,1,1,2,0,2025-02-24
112,H00057,H00049,1,1,12,1,2025-02-24
112,H00061,H00651,1,14,6,0,2025-02-24
112,H00063,H00094,1,1,5,1,2025-02-24
112,H00081,H00332,1,7,23,0,2025-02-24
112,H00082,H00137,1,2,12,1,2025-02-24
112,H00099,H00118,2,2,10,1,2025-02-24
112,H00132,H00109,2,2,10,1,2025-02-24
112,H00133,H00128,2,2,8,1,2025-02-24
112,H00150,H00155,3,3,14,1,2025-02-24
112,H00168,H00022,3,0,18,0,2025-02-24
112,H00176,H00182,3,3,23,1,2025-02-24
112,H00202,H00225,4,4,9,1,2025-02-24
112,H00219,H00239,4,5,24,1,2025-02-24
112,H00227,H00228,4,4,13,1,2025-02-24
112,H00228,H00081,4,1,14,1,2025-02-24
112,H00236,H00267,5,5,15,1,2025-02-24
112,H00240,H00262,5,5,2,1,2025-02-24
112,H00243,H00692,5,15,13,0,2025-02-24
112,H00252,H00233,5,5,18,1,2025-02-24
112,H00256,H00233,5,5,4,1,2025-02-24
112,H00270,H00357,5,8,23,0,2025-02-24
112,H00285,H00135,6,2,18,0,2025-02-24
112,H00288,H00466,6,11,5,1,2025-02-24
112,H00301,H00282,6,6,15,1,2025-02-24
112,H00306,H00470,6,11,11,0,2025-02-24
112,H00321,H00322,7,7,17,1,2025-02-24
112,H00331,H00332,7,7,7,0,2025-02-24
112,H00337,H00392,8,9,17,1,2025-02-24
112,H00341,H00314,8,7,12,0,2025-02-24
112,H00351,H00346,8,8,4,1,2025-02-24
112,H00362,H00184,8,3,3,1,2025-02-24
112,H00371,H00361,8,8,8,0,2025-02-24
112,H00381,H00749,9,16,22,1,2025-02-24
112,H00386,H00106,9,2,12,1,2025-02-24
112,H00395,H00384,9,9,12,1,2025-02-24
112,H00402,H00278,9,6,20,0,2025-02-24
112,H00417,H00433,10,10,16,1,2025-02-24
112,H00422,H00421,10,10,12,1,2025-02-24
112,H00425,H00911,10,21,20,1,2025-02-24
112,H00442,H00488,11,11,4,1,2025-02-24
112,H00450,H00426,11,10,3,1,2025-02-24
112,H00473,H00487,11,11,13,0,2025-02-24
112,H00491,H00460,11,11,22,0,2025-02-24
112,H00498,H00663,12,15,16,0,2025-02-24
112,H00512,H00513,12,12,4,0,2025-02-24
112,H00521,H00530,12,12,24,0,2025-02-24
112,H00529,H00323,12,7,8,0,2025-02-24
112,H00532,H00316,12,7,16,1,2025-02-24
112,H00550,H00554,13,13,18,1,2025-02-24
112,H00561,H00580,13,13,9,0,2025-02-24
112,H00566,H00683,13,15,19,0,2025-02-24
112,H00567,H00555,13,13,14,1,2025-02-24
112,H00583,H00557,13,13,13,1,2025-02-24
112,H00595,H00739,13,16,9,1,2025-02-24
112,H00602,H00580,13,13,19,1,2025-02-24
112,H00603,H00593,13,13,21,1,2025-02-24
112,H00618,H00647,14,14,18,0,2025-02-24
112,H00624,H00617,14,14,14,1,2025-02-24
112,H00628,H00728,14,16,2,1,2025-02-24
112,H00643,H00613,14,14,23,1,2025-02-24
112,H00651,H00607,14,14,22,0,2025-02-24
112,H00675,H00737,15,16,7,1,2025-02-24
112,H00682,H00709,15,15,23,0,2025-02-24
112,H00692,H00679,15,15,8,0,2025-02-24
112,H00710,H00734,16,16,20,1,2025-02-24
112,H00741,H00746,16,16,7,1,2025-02-24
112,H00754,H00795,17,17,14,0,2025-02-24
112,H00757,H00752,17,17,24,0,2025-02-24
112,H00765,H00763,17,17,6,1,2025-02-24
112,H00771,H00663,17,15,19,0,2025-02-24
112,H00774,H00763,17,17,3,0,2025-02-24
112,H00777,H00857,17,19,3,0,2025-02-24
112,H00781,H00679,17,15,9,1,2025-02-24
112,H00788,H00800,17,17,7,1,2025-02-24
112,H00789,H00667,17,15,4,1,2025-02-24
112,H00804,H00747,18,16,17,1,2025-02-24
112,H00805,H00831,18,18,5,0,2025-02-24
112,H00813,H00847,18,19,6,0,2025-02-24
112,H00842,H00356,18,8,8,1,2025-02-24
112,H00843,H00858,19,19,3,0,2025-02-24
112,H00851,H00855,19,19,18,1,2025-02-24
112,H00862,H00866,19,19,16,1,2025-02-24
112,H00866,H00857,19,19,15,0,2025-02-24
112,H00867,H00853,19,19,14,1,2025-02-24
112,H00873,H00878,20,20,13,1,2025-02-24
112,H00874,H00888,20,20,9,0,2025-02-24
112,H00883,H00192,20,4,11,0,2025-02-24
112,H00886,H00868,20,19,16,0,2025-02-24
112,H00888,H00894,20,20,2,1,2025-02-24
112,H00892,H00870,20,19,4,1,2025-02-24
112,H00893,H00424,20,10,3,0,2025-02-24
112,H00913,H00924,21,21,10,0,2025-02-24
112,H00914,H00898,21,21,22,1,2025-02-24
112,H00923,H00915,21,21,7,0,2025-02-24
112,H00946,H01016,22,24,16,1,2025-02-24
112,H00951,H00884,22,20,23,1,2025-02-24
112,H00971,H00425,23,10,19,1,2025-02-24
112,H00972,H00993,23,23,5,1,2025-02-24
112,H00977,H00984,23,23,7,1,2025-02-24
112,H00981,H00093,23,1,20,0,2025-02-24
112,H00993,H00981,23,23,21,1,2025-02-24
112,H01004,H01009,24,24,13,0,2025-02-24
112,H01019,H00994,24,24,7,0,2025-02-24
112,H01020,H01018,24,24,15,0,2025-02-24
112,H01021,H01018,24,24,19,1,2025-02-24
112,H01023,H00851,25,19,14,1,2025-02-24
112,H01034,H01028,25,25,23,1,2025-02-24
112,H01048,H01103,25,27,17,0,2025-02-24
112,H01067,H00956,26,22,12,0,2025-02-24
112,H01070,H00714,26,16,21,1,2025-02-24
112,H01072,H01060,26,26,7,1,2025-02-24
112,H01075,H01058,26,26,21,0,2025-02-24
112,H01083,H00934,27,22,9,1,2025-02-24
112,H01086,H01077,27,27,15,1,2025-02-24
112,H01099,H01080,27,27,19,1,2025-02-24
113,H00004,H00032,0,0,14,1,2025-03-03
113,H00007,H00038,0,0,24,1,2025-03-03
113,H00014,H00118,0,2,10,0,2025-03-03
113,H00036,H00288,0,6,10,0,2025-03-03
113,H00041,H00088,1,1,16,1,2025-03-03
113,H00046,H00066,1,1,19,0,2025-03-03
113,H00052,H00074,1,1,2,1,2025-03-03
113,H00065,H00044,1,1,6,1,2025-03-03
113,H00074,H00009,1,0,15,1,2025-03-03
113,H00087,H00050,1,1,8,1,2025-03-03
113,H00090,H00093,1,1,18,1,2025-03-03
113,H00105,H00130,2,2,4,1,2025-03-03
113,H00111,H00132,2,2,8,1,2025-03-03
113,H00116,H00133,2,2,3,1,2025-03-03
113,H00141,H00016,2,0,22,0,2025-03-03
113,H00156,H00151,3,3,11,1,2025-03-03
113,H00160,H00161,3,3,4,1,2025-03-03
113,H00163,H00145,3,3,3,1,2025-03-03
113,H00164,H00183,3,3,13,0,2025-03-03
113,H00166,H00164,3,3,19,1,2025-03-03
113,H00174,H00168,3,3,3,1,2025-03-03
113,H00180,H00691,3,15,8,1,2025-03-03
113,H00196,H00214,4,4,22,1,2025-03-03
113,H00199,H00190,4,4,10,0,2025-03-03
113,H00201,H00013,4,0,11,0,2025-03-03
113,H00203,H00297,4,6,24,0,2025-03-03
113,H00214,H00218,4,4,18,0,2025-03-03
113,H00221,H00216,4,4,19,1,2025-03-03
113,H00231,H00223,4,4,22,0,2025-03-03
113,H00239,H00218,5,4,13,1,2025-03-03
113,H00240,H00289,5,6,2,1,2025-03-03
113,H00244,H00239,5,5,6,0,2025-03-03
113,H00247,H00266,5,5,3,1,2025-03-03
113,H00250,H00270,5,5,14,1,2025-03-03
113,H00271,H00329,5,7,14,1,2025-03-03
113,H00298,H00283,6,6,17,1,2025-03-03
113,H00303,H00285,6,6,13,1,2025-03-03
113,H00309,H00317,7,7,17,1,2025-03-03
113,H00314,H00355,7,8,16,1,2025-03-03
113,H00319,H00319,7,7,11,1,2025-03-03
113,H00320,H00309,7,7,21,0,2025-03-03
113,H00335,H00320,7,7,7,0,2025-03-03
113,H00356,H00333,8,7,22,0,2025-03-03
113,H00373,H00339,8,8,7,0,2025-03-03
113,H00378,H00379,9,9,20,1,2025-03-03
113,H00381,H00389,9,9,12,0,2025-03-03
113,H00384,H00390,9,9,16,1,2025-03-03
113,H00398,H00404,9,9,20,1,2025-03-03
113,H00405,H00391,9,9,2,0,2025-03-03
113,H00416,H00413,10,10,23,1,2025-03-03
113,H00417,H00406,10,10,16,0,2025-03-03
113,H00423,H00428,10,10,10,1,2025-03-03
113,H00436,H00406,10,10,3,0,2025-03-03
113,H00443,H00471,11,11,18,1,2025-03-03
113,H00446,H00465,11,11,8,1,2025-03-03
113,H00453,H00480,11,11,16,1,2025-03-03
113,H00459,H00003,11,0,23,1,2025-03-03
113,H00464,H00522,11,12,16,0,2025-03-03
113,H00467,H00442,11,11,20,0,2025-03-03
113,H00481,H00659,11,14,18,1,2025-03-03
113,H00488,H00333,11,7,10,1,2025-03-03
113,H00490,H00023,11,0,22,0,2025-03-03
113,H00491,H00471,11,11,9,1,2025-03-03
113,H00497,H00515,12,12,13,0,2025-03-03
113,H00503,H00531,12,12,2,1,2025-03-03
113,H00508,H00537,12,12,7,1,2025-03-03
113,H00529,H00476,12,11,22,0,2025-03-03
113,H00539,H00507,12,12,5,0,2025-03-03
113,H00542,H00573,13,13,8,1,2025-03-03
113,H00549,H00009,13,0,8,0,2025-03-03
113,H00565,H00575,13,13,5,0,2025-03-03
113,H00605,H00640,14,14,22,0,2025-03-03
113,H00606,H00639,14,14,10,1,2025-03-03
113,H00611,H00328,14,7,24,1,2025-03-03
113,H00614,H00656,14,14,16,1,2025-03-03
113,H00662,H00672,15,15,5,1,2025-03-03
113,H00673,H00569,15,13,9,0,2025-03-03
113,H00681,H00637,15,14,23,1,2025-03-03
113,H00686,H00677,15,15,14,1,2025-03-03
113,H00702,H01109,15,27,21,0,2025-03-03
113,H00705,H00680,15,15,13,0,2025-03-03
113,H00710,H00932,16,22,9,0,2025-03-03
113,H00717,H00733,16,16,6,0,2025-03-03
113,H00724,H00475,16,11,22,0,2025-03-03
113,H00727,H00735,16,16,15,1,2025-03-03
113,H00733,H00622,16,14,6,1,2025-03-03
113,H00735,H00853,16,19,6,0,2025-03-03
113,H00751,H00768,17,17,13,1,2025-03-03
113,H00757,H00752,17,17,3,0,2025-03-03
113,H00786,H00783,17,17,7,0,2025-03-03
113,H00789,H00752,17,17,16,1,2025-03-03
113,H00792,H00772,17,17,20,1,2025-03-03
113,H00817,H00723,18,16,20,0,2025-03-03
113,H00823,H00801,18,18,4,0,2025-03-03
113,H00854,H00864,19,19,14,0,2025-03-03
113,H00878,H00879,20,20,15,1,2025-03-03
113,H00886,H01094,20,27,8,0,2025-03-03
113,H00890,H00693,20,15,4,1,2025-03-03
113,H00898,H00003,21,0,20,0,2025-03-03
113,H00900,H00924,21,21,23,1,2025-03-03
113,H00908,H00906,21,21,14,1,2025-03-03
113,H00937,H00958,22,22,3,1,2025-03-03
113,H00940,H00951,22,22,17,1,2025-03-03
113,H00946,H00854,22,19,6,0,2025-03-03
113,H00952,H00940,22,22,6,0,2025-03-03
113,H00964,H00929,22,22,24,1,2025-03-03
113,H00969,H00968,23,23,8,1,2025-03-03
113,H00976,H00993,23,23,15,1,2025-03-03
113,H00977,H00857,23,19,20,1,2025-03-03
113,H01003,H01012,24,24,6,0,2025-03-03
113,H01034,H01025,25,25,16,1,2025-03-03
113,H01060,H00904,26,21,7,1,2025-03-03
113,H01080,H01080,27,27,24,1,2025-03-03
113,H01087,H01084,27,27,16,1,2025-03-03
113,H01103,H00987,27,23,6,0,2025-03-03
113,H01108,H00931,27,22,3,0,2025-03-03
113,H01111,H01109,27,27,5,1,2025-03-03
114,H00007,H00002,0,0,2,0,2025-03-10
114,H00017,H00019,0,0,6,1,2025-03-10
114,H00042,H00090,1,1,6,0,2025-03-10
114,H00045,H00070,1,1,3,1,2025-03-10
114,H00059,H00071,1,1,3,0,2025-03-10
114,H00071,H00066,1,1,15,0,2025-03-10
114,H00074,H00282,1,6,22,1,2025-03-10
114,H00081,H00091,1,1,4,1,2025-03-10
114,H00095,H00045,1,1,3,1,2025-03-10
114,H00099,H00011,2,0,14,0,2025-03-10
114,H00108,H00687,2,15,9,1,2025-03-10
114,H00129,H00018,2,0,12,1,2025-03-10
114,H00150,H00149,3,3,2,0,2025-03-10
114,H00161,H00162,3,3,22,1,2025-03-10
114,H00172,H00157,3,3,18,0,2025-03-10
114,H00190,H00090,4,1,16,0,2025-03-10
114,H00195,H00319,4,7,8,1,2025-03-10
114,H00223,H00100,4,2,13,0,2025-03-10
114,H00232,H00259,5,5,14,1,2025-03-10
114,H00245,H00257,5,5,23,1,2025-03-10
114,H00267,H00258,5,5,14,1,2025-03-10
114,H00277,H00394,6,9,7,1,2025-03-10
114,H00287,H00282,6,6,20,0,2025-03-10
114,H00299,H00283,6,6,4,0,2025-03-10
114,H00304,H00292,6,6,18,1,2025-03-10
114,H00309,H00176,7,3,23,0,2025-03-10
114,H00324,H00053,7,1,14,1,2025-03-10
114,H00328,H00591,7,13,23,1,2025-03-10
114,H00345,H00357,8,8,18,1,2025-03-10
114,H00363,H00416,8,10,13,0,2025-03-10
114,H00364,H00354,8,8,7,0,2025-03-10
114,H00368,H00364,8,8,9,0,2025-03-10
114,H00399,H00382,9,9,15,1,2025-03-10
114,H00402,H00391,9,9,4,1,2025-03-10
114,H00403,H00387,9,9,12,1,2025-03-10
114,H00424,H00419,10,10,17,1,2025-03-10
114,H00447,H00446,11,11,8,0,2025-03-10
114,H00453,H00451,11,11,7,1,2025-03-10
114,H00462,H00136,11,2,23,0,2025-03-10
114,H00465,H00784,11,17,19,1,2025-03-10
114,H00476,H00492,11,11,15,1,2025-03-10
114,H00496,H00864,12,19,7,1,2025-03-10
114,H00502,H00470,12,11,4,0,2025-03-10
114,H00505,H00006,12,0,9,1,2025-03-10
114,H00510,H00521,12,12,16,0,2025-03-10
114,H00527,H00496,12,12,12,1,2025-03-10
114,H00537,H00537,12,12,15,1,2025-03-10
114,H00540,H00847,12,19,13,0,2025-03-10
114,H00561,H00580,13,13,23,1,2025-03-10
114,H00566,H00549,13,13,11,0,2025-03-10
114,H00570,H00789,13,17,18,0,2025-03-10
114,H00576,H00446,13,11,3,0,2025-03-10
114,H00589,H00705,13,15,7,1,2025-03-10
114,H00591,H00701,13,15,3,1,2025-03-10
114,H00595,H00554,13,13,17,1,2025-03-10
114,H00600,H00562,13,13,13,0,2025-03-10
114,H00627,H00661,14,14,9,1,2025-03-10
114,H00668,H00696,15,15,3,0,2025-03-10
114,H00676,H00685,15,15,13,0,2025-03-10
114,H00684,H00571,15,13,18,1,2025-03-10
114,H00695,H00296,15,6,16,1,2025-03-10
114,H00706,H00470,15,11,21,1,2025-03-10
114,H00707,H00024,15,0,18,1,2025-03-10
114,H00710,H00751,16,17,20,0,2025-03-10
114,H00732,H00673,16,15,20,1,2025-03-10
114,H00745,H00862,16,19,10,0,2025-03-10
114,H00748,H00722,16,16,5,1,2025-03-10
114,H00750,H00719,16,16,17,1,2025-03-10
114,H00760,H00371,17,8,22,1,2025-03-10
114,H00795,H00504,17,12,20,0,2025-03-10
114,H00797,H00807,17,18,3,0,2025-03-10
114,H00799,H00779,17,17,9,1,2025-03-10
114,H00803,H00806,18,18,15,1,2025-03-10
114,H00812,H00854,18,19,17,0,2025-03-10
114,H00829,H01081,18,27,19,1,2025-03-10
114,H00832,H00820,18,18,15,1,2025-03-10
114,H00863,H00859,19,19,10,0,2025-03-10
114,H00867,H00479,19,11,23,0,2025-03-10
114,H00871,H00890,20,20,24,0,2025-03-10
114,H00878,H00482,20,11,8,0,2025-03-10
114,H00885,H01063,20,26,7,1,2025-03-10
114,H00894,H00883,20,20,22,0,2025-03-10
114,H00898,H00897,21,21,3,1,2025-03-10
114,H00908,H00861,21,19,12,1,2025-03-10
114,H00918,H00735,21,16,16,0,2025-03-10
114,H00944,H00960,22,22,10,1,2025-03-10
114,H00948,H00961,22,22,13,1,2025-03-10
114,H00950,H01102,22,27,14,0,2025-03-10
114,H00951,H00948,22,22,16,1,2025-03-10
114,H00967,H00982,23,23,12,1,2025-03-10
114,H00975,H00943,23,22,23,1,2025-03-10
114,H00985,H00979,23,23,5,1,2025-03-10
114,H00986,H00852,23,19,13,0,2025-03-10
114,H00998,H00961,24,22,10,1,2025-03-10
114,H01030,H01050,25,25,7,1,2025-03-10
114,H01033,H00951,25,22,14,1,2025-03-10
114,H01042,H00334,25,7,16,1,2025-03-10
114,H01057,H00856,26,19,10,0,2025-03-10
114,H01071,H00935,26,22,6,0,2025-03-10
114,H01076,H00906,26,21,11,0,2025-03-10
114,H01077,H00724,27,16,2,0,2025-03-10
114,H01079,H00117,27,2,16,1,2025-03-10
114,H01102,H01091,27,27,5,1,2025-03-10
115,H00024,H00032,0,0,12,1,2025-03-17
115,H00040,H00391,1,9,23,0,2025-03-17
115,H00042,H00078,1,1,5,1,2025-03-17
115,H00055,H00051,1,1,8,0,2025-03-17
115,H00066,H00136,1,2,12,1,2025-03-17
115,H00070,H00265,1,5,20,1,2025-03-17
115,H00082,H00005,1,0,23,0,2025-03-17
115,H00084,H00788,1,17,7,0,2025-03-17
115,H00109,H00105,2,2,2,1,2025-03-17
115,H00133,H00467,2,11,3,1,2025-03-17
115,H00142,H00032,2,0,5,1,2025-03-17
115,H00148,H00792,3,17,6,1,2025-03-17
115,H00159,H00163,3,3,21,1,2025-03-17
115,H00162,H00168,3,3,16,1,2025-03-17
115,H00176,H00159,3,3,10,1,2025-03-17
115,H00188,H00089,4,1,2,1,2025-03-17
115,H00191,H00227,4,4,16,0,2025-03-17
115,H00193,H00133,4,2,12,0,2025-03-17
115,H00196,H00030,4,0,4,0,2025-03-17
115,H00217,H00019,4,0,24,0,2025-03-17
115,H00221,H00194,4,4,13,1,2025-03-17
115,H00224,H00194,4,4,16,1,2025-03-17
115,H00230,H00088,4,1,8,1,2025-03-17
115,H00233,H00244,5,5,6,1,2025-03-17
115,H00254,H00609,5,14,15,1,2025-03-17
115,H00255,H00275,5,5,22,0,2025-03-17
115,H00264,H00250,5,5,9,1,2025-03-17
115,H00302,H00952,6,22,19,1,2025-03-17
115,H00313,H00327,7,7,10,1,2025-03-17
115,H00320,H00011,7,0,9,1,2025-03-17
115,H00333,H00666,7,15,6,0,2025-03-17
115,H00340,H00363,8,8,5,1,2025-03-17
115,H00351,H00371,8,8,2,0,2025-03-17
115,H00371,H00367,8,8,4,0,2025-03-17
115,H00372,H00278,8,6,14,1,2025-03-17
115,H00374,H00355,8,8,7,1,2025-03-17
115,H00378,H00399,9,9,17,1,2025-03-17
115,H00387,H00455,9,11,14,1,2025-03-17
115,H00406,H00390,10,9,5,1,2025-03-17
115,H00423,H00398,10,9,2,1,2025-03-17
115,H00426,H00427,10,10,24,0,2025-03-17
115,H00447,H00465,11,11,16,0,2025-03-17
115,H00449,H00459,11,11,21,1,2025-03-17
115,H00451,H00484,11,11,8,0,2025-03-17
115,H00452,H00492,11,11,3,0,2025-03-17
115,H00455,H00482,11,11,18,0,2025-03-17
115,H00460,H00482,11,11,24,1,2025-03-17
115,H00466,H00515,11,12,7,0,2025-03-17
115,H00484,H00699,11,15,2,0,2025-03-17
115,H00502,H00494,12,12,11,0,2025-03-17
115,H00506,H00177,12,3,19,1,2025-03-17
115,H00541,H00735,12,16,14,0,2025-03-17
115,H00552,H00560,13,13,15,1,2025-03-17
115,H00555,H00589,13,13,18,0,2025-03-17
115,H00564,H00709,13,15,7,1,2025-03-17
115,H00565,H00574,13,13,10,1,2025-03-17
115,H00566,H00542,13,13,11,0,2025-03-17
115,H00571,H00601,13,13,17,1,2025-03-17
115,H00572,H00228,13,4,5,1,2025-03-17
115,H00594,H00482,13,11,20,0,2025-03-17
115,H00598,H00883,13,20,13,0,2025-03-17
115,H00612,H00608,14,14,12,1,2025-03-17
115,H00617,H00666,14,15,3,0,2025-03-17
115,H00623,H00704,14,15,19,0,2025-03-17
115,H00634,H00642,14,14,22,1,2025-03-17
115,H00640,H00613,14,14,8,1,2025-03-17
115,H00681,H00849,15,19,9,1,2025-03-17
115,H00690,H00691,15,15,17,1,2025-03-17
115,H00693,H00464,15,11,5,1,2025-03-17
115,H00704,H00458,15,11,2,0,2025-03-17
115,H00708,H00703,15,15,13,1,2025-03-17
115,H00710,H00749,16,16,23,0,2025-03-17
115,H00741,H00277,16,6,6,0,2025-03-17
115,H00757,H00447,17,11,10,1,2025-03-17
115,H00776,H00781,17,17,2,0,2025-03-17
115,H00779,H00797,17,17,3,1,2025-03-17
115,H00784,H00701,17,15,8,1,2025-03-17
115,H00790,H00779,17,17,9,1,2025-03-17
115,H00791,H00726,17,16,8,0,2025-03-17
115,H00792,H00785,17,17,22,0,2025-03-17
115,H00812,H00747,18,16,11,1,2025-03-17
115,H00825,H00815,18,18,12,0,2025-03-17
115,H00829,H00826,18,18,17,1,2025-03-17
115,H00833,H00421,18,10,14,1,2025-03-17
115,H00836,H00913,18,21,4,0,2025-03-17
115,H00843,H00844,19,19,15,0,2025-03-17
115,H00846,H00727,19,16,3,1,2025-03-17
115,H00849,H00851,19,19,3,0,2025-03-17
115,H00858,H00855,19,19,6,0,2025-03-17
115,H00867,H00725,19,16,14,0,2025-03-17
115,H00878,H00890,20,20,2,1,2025-03-17
115,H00898,H00903,21,21,10,0,2025-03-17
115,H00905,H00909,21,21,19,1,2025-03-17
115,H00908,H00334,21,7,9,1,2025-03-17
115,H00914,H00899,21,21,4,1,2025-03-17
115,H00922,H00898,21,21,3,1,2025-03-17
115,H00936,H00936,22,22,13,0,2025-03-17
115,H00947,H01104,22,27,8,0,2025-03-17
115,H00954,H00958,22,22,22,1,2025-03-17
115,H00963,H00936,22,22,6,0,2025-03-17
115,H00976,H00933,23,22,4,1,2025-03-17
115,H00979,H00992,23,23,18,1,2025-03-17
115,H00985,H00963,23,22,23,0,2025-03-17
115,H01000,H00221,24,4,19,1,2025-03-17
115,H01013,H00995,24,24,17,1,2025-03-17
115,H01019,H00950,24,22,21,1,2025-03-17
115,H01025,H01029,25,25,5,1,2025-03-17
115,H01033,H00455,25,11,14,0,2025-03-17
115,H01034,H01052,25,25,5,1,2025-03-17
115,H01048,H01051,25,25,6,0,2025-03-17
115,H01051,H01042,25,25,17,1,2025-03-17
115,H01062,H00885,26,20,22,1,2025-03-17
115,H01063,H01075,26,26,19,0,2025-03-17
115,H01073,H01055,26,26,15,0,2025-03-17
115,H01086,H01004,27,24,11,1,2025-03-17
115,H01096,H00731,27,16,12,0,2025-03-17
116,H00037,H00014,0,0,8,0,2025-03-24
116,H00040,H00301,1,6,5,0,2025-03-24
116,H00046,H00076,1,1,3,1,2025-03-24
116,H00049,H00082,1,1,21,1,2025-03-24
116,H00065,H00049,1,1,7,0,2025-03-24
116,H00076,H00044,1,1,18,1,2025-03-24
116,H00083,H00098,1,1,15,1,2025-03-24
116,H00087,H00278,1,6,5,1,2025-03-24
116,H00090,H00375,1,9,8,0,2025-03-24
116,H00099,H00071,2,1,18,1,2025-03-24
116,H00103,H00952,2,22,3,1,2025-03-24
116,H00111,H00128,2,2,3,1,2025-03-24
116,H00116,H00129,2,2,7,1,2025-03-24
116,H00118,H00122,2,2,18,0,2025-03-24
116,H00120,H00534,2,12,24,1,2025-03-24
116,H00136,H00138,2,2,18,1,2025-03-24
116,H00144,H00032,3,0,3,0,2025-03-24
116,H00145,H00232,3,5,21,1,2025-03-24
116,H00152,H00153,3,3,2,1,2025-03-24
116,H00167,H00143,3,3,16,1,2025-03-24
116,H00170,H01012,3,24,23,1,2025-03-24
116,H00172,H00163,3,3,11,0,2025-03-24
116,H00178,H00155,3,3,6,0,2025-03-24
116,H00231,H00221,4,4,11,1,2025-03-24
116,H00232,H00748,5,16,23,0,2025-03-24
116,H00234,H00267,5,5,17,1,2025-03-24
116,H00253,H00334,5,7,3,1,2025-03-24
116,H00261,H00238,5,5,20,0,2025-03-24
116,H00263,H00264,5,5,17,0,2025-03-24
116,H00276,H00307,6,6,22,1,2025-03-24
116,H00285,H00305,6,6,3,0,2025-03-24
116,H00287,H00385,6,9,4,1,2025-03-24
116,H00294,H00108,6,2,22,1,2025-03-24
116,H00298,H00306,6,6,20,1,2025-03-24
116,H00308,H00280,6,6,22,0,2025-03-24
116,H00312,H00327,7,7,15,0,2025-03-24
116,H00325,H00607,7,14,7,0,2025-03-24
116,H00326,H00336,7,7,4,1,2025-03-24
116,H00334,H00393,7,9,14,1,2025-03-24
116,H00341,H00360,8,8,23,0,2025-03-24
116,H00345,H00373,8,8,23,0,2025-03-24
116,H00350,H00338,8,8,21,1,2025-03-24
116,H00353,H00357,8,8,7,1,2025-03-24
116,H00380,H00862,9,19,12,0,2025-03-24
116,H00381,H00390,9,9,7,1,2025-03-24
116,H00383,H00377,9,9,6,0,2025-03-24
116,H00392,H00452,9,11,23,0,2025-03-24
116,H00394,H00380,9,9,13,0,2025-03-24
116,H00406,H00410,10,10,4,1,2025-03-24
116,H00407,H00438,10,10,14,1,2025-03-24
116,H00426,H00427,10,10,24,0,2025-03-24
116,H00429,H00437,10,10,17,1,2025-03-24
116,H00432,H00688,10,15,9,1,2025-03-24
116,H00433,H00410,10,10,23,1,2025-03-24
116,H00437,H00132,10,2,13,0,2025-03-24
116,H00440,H00436,10,10,18,0,2025-03-24
116,H00442,H00453,11,11,14,1,2025-03-24
116,H00456,H00482,11,11,12,1,2025-03-24
116,H00464,H00854,11,19,20,0,2025-03-24
116,H00467,H00461,11,11,7,1,2025-03-24
116,H00470,H00334,11,7,2,1,2025-03-24
116,H00471,H00684,11,15,23,1,2025-03-24
116,H00473,H00665,11,15,7,1,2025-03-24
116,H00476,H00104,11,2,24,1,2025-03-24
116,H00477,H00454,11,11,4,1,2025-03-24
116,H00489,H00486,11,11,4,0,2025-03-24
116,H00505,H00735,12,16,23,0,2025-03-24
116,H00512,H00843,12,19,20,1,2025-03-24
116,H00552,H00140,13,2,12,1,2025-03-24
116,H00556,H00562,13,13,16,0,2025-03-24
116,H00570,H00557,13,13,22,0,2025-03-24
116,H00594,H00714,13,16,10,1,2025-03-24
116,H00601,H00575,13,13,23,1,2025-03-24
116,H00609,H00694,14,15,13,0,2025-03-24
116,H00616,H00821,14,18,15,0,2025-03-24
116,H00617,H00625,14,14,2,1,2025-03-24
116,H00630,H00616,14,14,23,0,2025-03-24
116,H00636,H00448,14,11,11,1,2025-03-24
116,H00664,H00684,15,15,20,1,2025-03-24
116,H00666,H00688,15,15,19,0,2025-03-24
116,H00670,H00697,15,15,24,1,2025-03-24
116,H00677,H00706,15,15,19,1,2025-03-24
116,H00678,H00584,15,13,4,1,2025-03-24
116,H00680,H00188,15,4,18,1,2025-03-24
116,H00696,H00691,15,15,13,1,2025-03-24
116,H00716,H00755,16,17,19,1,2025-03-24
116,H00722,H00715,16,16,7,0,2025-03-24
116,H00728,H00526,16,12,4,1,2025-03-24
116,H00741,H00741,16,16,11,0,2025-03-24
116,H00745,H00750,16,16,13,0,2025-03-24
116,H00754,H00080,17,1,10,0,2025-03-24
116,H00769,H00322,17,7,8,0,2025-03-24
116,H00776,H00788,17,17,7,0,2025-03-24
116,H00778,H00800,17,17,16,1,2025-03-24
116,H00794,H00664,17,15,2,0,2025-03-24
116,H00813,H00828,18,18,4,0,2025-03-24
116,H00817,H00833,18,18,4,1,2025-03-24
116,H00819,H00812,18,18,5,1,2025-03-24
116,H00823,H00824,18,18,11,1,2025-03-24
116,H00831,H00810,18,18,15,0,2025-03-24
116,H00843,H00734,19,16,17,1,2025-03-24
116,H00856,H00854,19,19,12,0,2025-03-24
116,H00857,H00846,19,19,10,1,2025-03-24
116,H00860,H00820,19,18,17,1,2025-03-24
116,H00868,H00847,19,19,16,1,2025-03-24
116,H00881,H00892,20,20,18,1,2025-03-24
116,H00882,H00974,20,23,13,1,2025-03-24
116,H00893,H00319,20,7,18,0,2025-03-24
116,H00894,H01097,20,27,3,0,2025-03-24
116,H00896,H00900,21,21,11,1,2025-03-24
116,H00900,H00904,21,21,18,1,2025-03-24
116,H00904,H01093,21,27,6,0,2025-03-24
116,H00911,H00925,21,21,23,1,2025-03-24
116,H00916,H00922,21,21,3,0,2025-03-24
116,H00928,H00920,22,21,3,1,2025-03-24
116,H00930,H00942,22,22,22,0,2025-03-24
116,H00935,H00957,22,22,9,1,2025-03-24
116,H00937,H01070,22,26,17,1,2025-03-24
116,H00942,H00937,22,22,16,1,2025-03-24
116,H00950,H00502,22,12,9,0,2025-03-24
116,H00963,H00962,22,22,7,1,2025-03-24
116,H00968,H00992,23,23,6,1,2025-03-24
116,H00969,H00972,23,23,4,1,2025-03-24
116,H00979,H00992,23,23,11,1,2025-03-24
116,H00986,H00989,23,23,19,0,2025-03-24
116,H01006,H00141,24,2,10,1,2025-03-24
116,H01024,H01025,25,25,2,0,2025-03-24
116,H01077,H00943,27,22,22,1,2025-03-24
116,H01080,H01107,27,27,11,1,2025-03-24
116,H01083,H01107,27,27,15,1,2025-03-24
116,H01087,H01109,27,27,21,0,2025-03-24
116,H01088,H01079,27,27,20,1,2025-03-24
116,H01099,H00959,27,22,3,1,2025-03-24
116,H01100,H01092,27,27,6,0,2025-03-24
117,H00000,H00025,0,0,4,1,2025-03-31
117,H00007,H00023,0,0,8,0,2025-03-31
117,H00013,H00486,0,11,10,0,2025-03-31
117,H00036,H00124,0,2,8,1,2025-03-31
117,H00042,H00056,1,1,12,0,2025-03-31
117,H00046,H00027,1,0,3,1,2025-03-31
117,H00080,H00715,1,16,24,0,2025-03-31
117,H00106,H00127,2,2,4,1,2025-03-31
117,H00118,H00142,2,2,19,1,2025-03-31
117,H00125,H00138,2,2,24,0,2025-03-31
117,H00130,H00317,2,7,8,0,2025-03-31
117,H00134,H00114,2,2,17,0,2025-03-31
117,H00139,H00105,2,2,2,1,2025-03-31
117,H00141,H00100,2,2,19,0,2025-03-31
117,H00143,H00177,3,3,21,1,2025-03-31
117,H00148,H00156,3,3,4,1,2025-03-31
117,H00157,H00143,3,3,16,1,2025-03-31
117,H00159,H00301,3,6,16,0,2025-03-31
117,H00162,H00721,3,16,21,1,2025-03-31
117,H00164,H00280,3,6,23,0,2025-03-31
117,H00168,H00215,3,4,18,1,2025-03-31
117,H00180,H00156,3,3,12,1,2025-03-31
117,H00192,H00192,4,4,24,1,2025-03-31
117,H00198,H00215,4,4,24,1,2025-03-31
117,H00199,H00013,4,0,6,1,2025-03-31
117,H00213,H00224,4,4,13,0,2025-03-31
117,H00231,H00196,4,4,13,1,2025-03-31
117,H00256,H00270,5,5,19,1,2025-03-31
117,H00263,H00237,5,5,11,1,2025-03-31
117,H00266,H00245,5,5,22,0,2025-03-31
117,H00267,H00232,5,5,16,0,2025-03-31
117,H00271,H00191,5,4,23,1,2025-03-31
117,H00278,H00286,6,6,24,1,2025-03-31
117,H00304,H00296,6,6,21,1,2025-03-31
117,H00309,H00956,7,22,6,1,2025-03-31
117,H00343,H00369,8,8,20,1,2025-03-31
117,H00345,H01098,8,27,24,1,2025-03-31
117,H00355,H00352,8,8,11,1,2025-03-31
117,H00363,H00286,8,6,13,0,2025-03-31
117,H00365,H00374,8,8,17,0,2025-03-31
117,H00366,H00357,8,8,7,1,2025-03-31
117,H00382,H00377,9,9,16,1,2025-03-31
117,H00386,H00375,9,9,3,1,2025-03-31
117,H00404,H00386,9,9,12,0,2025-03-31
117,H00406,H00435,10,10,20,0,2025-03-31
117,H00412,H00424,10,10,3,0,2025-03-31
117,H00416,H00318,10,7,9,0,2025-03-31
117,H00420,H00731,10,16,21,0,2025-03-31
117,H00425,H00141,10,2,23,1,2025-03-31
117,H00438,H00429,10,10,18,0,2025-03-31
117,H00440,H00814,10,18,24,1,2025-03-31
117,H00448,H00468,11,11,6,0,2025-03-31
117,H00456,H00470,11,11,9,1,2025-03-31
117,H00461,H00082,11,1,23,0,2025-03-31
117,H00468,H00475,11,11,21,0,2025-03-31
117,H00501,H00503,12,12,12,0,2025-03-31
117,H00503,H00456,12,11,21,1,2025-03-31
117,H00513,H00532,12,12,24,1,2025-03-31
117,H00515,H00467,12,11,16,0,2025-03-31
117,H00517,H00490,12,11,19,0,2025-03-31
117,H00526,H00513,12,12,9,1,2025-03-31
117,H00552,H00601,13,13,11,1,2025-03-31
117,H00562,H00312,13,7,11,1,2025-03-31
117,H00571,H00546,13,13,15,0,2025-03-31
117,H00577,H00544,13,13,21,1,2025-03-31
117,H00594,H00599,13,13,17,0,2025-03-31
117,H00598,H00684,13,15,17,0,2025-03-31
117,H00599,H00120,13,2,9,1,2025-03-31
117,H00608,H00647,14,14,20,1,2025-03-31
117,H00612,H00216,14,4,9,1,2025-03-31
117,H00619,H00165,14,3,3,0,2025-03-31
117,H00620,H00617,14,14,9,1,2025-03-31
117,H00626,H00668,14,15,16,1,2025-03-31
117,H00627,H00639,14,14,3,1,2025-03-31
117,H00662,H00707,15,15,19,1,2025-03-31
117,H00677,H00665,15,15,16,1,2025-03-31
117,H00685,H00681,15,15,2,1,2025-03-31
117,H00690,H00690,15,15,13,1,2025-03-31
117,H00707,H00706,15,15,7,1,2025-03-31
117,H00709,H00548,15,13,21,1,2025-03-31
117,H00720,H00018,16,0,7,1,2025-03-31
117,H00738,H00292,16,6,21,0,2025-03-31
117,H00745,H00741,16,16,13,0,2025-03-31
117,H00750,H00715,16,16,3,1,2025-03-31
117,H00753,H00541,17,12,11,1,2025-03-31
117,H00759,H00772,17,17,15,1,2025-03-31
117,H00763,H00756,17,17,15,0,2025-03-31
117,H00772,H00757,17,17,14,0,2025-03-31
117,H00779,H00763,17,17,5,1,2025-03-31
117,H00803,H00665,18,15,8,1,2025-03-31
117,H00816,H00827,18,18,7,1,2025-03-31
117,H00837,H00807,18,18,4,1,2025-03-31
117,H00877,H00885,20,20,16,1,2025-03-31
117,H00885,H00877,20,20,20,0,2025-03-31
117,H00890,H00855,20,19,9,0,2025-03-31
117,H00903,H00897,21,21,21,0,2025-03-31
117,H00911,H00916,21,21,6,1,2025-03-31
117,H00913,H00921,21,21,9,1,2025-03-31
117,H00914,H00920,21,21,9,1,2025-03-31
117,H00921,H00921,21,21,19,1,2025-03-31
117,H00922,H00908,21,21,4,0,2025-03-31
117,H00928,H00931,22,22,21,1,2025-03-31
117,H00932,H00472,22,11,8,1,2025-03-31
117,H00951,H00862,22,19,12,0,2025-03-31
117,H00966,H00932,23,22,9,1,2025-03-31
117,H00985,H00991,23,23,7,1,2025-03-31
117,H00995,H00123,24,2,6,1,2025-03-31
117,H00998,H01010,24,24,22,0,2025-03-31
117,H01005,H01011,24,24,9,1,2025-03-31
117,H01056,H01067,26,26,21,0,2025-03-31
117,H01082,H00473,27,11,7,1,2025-03-31
117,H01090,H00883,27,20,18,0,2025-03-31
117,H01093,H00845,27,19,15,0,2025-03-31
118,H00000,H00004,0,0,24,1,2025-04-07
118,H00017,H00667,0,15,13,1,2025-04-07
118,H00022,H00287,0,6,6,1,2025-04-07
118,H00040,H00065,1,1,24,0,2025-04-07
118,H00051,H00334,1,7,19,1,2025-04-07
118,H00052,H00000,1,0,7,0,2025-04-07
118,H00068,H00060,1,1,6,1,2025-04-07
118,H00084,H00073,1,1,2,0,2025-04-07
118,H00095,H00068,1,1,18,0,2025-04-07
118,H00099,H00246,2,5,15,1,2025-04-07
118,H00108,H00122,2,2,8,0,2025-04-07
118,H00111,H00128,2,2,6,1,2025-04-07
118,H00118,H00024,2,0,15,1,2025-04-07
118,H00122,H00121,2,2,6,1,2025-04-07
118,H00166,H00702,3,15,9,0,2025-04-07
118,H00179,H00150,3,3,5,0,2025-04-07
118,H00188,H00189,4,4,22,1,2025-04-07
118,H00196,H00164,4,3,14,1,2025-04-07
118,H00200,H00230,4,4,19,1,2025-04-07
118,H00201,H00204,4,4,6,1,2025-04-07
118,H00215,H00224,4,4,11,1,2025-04-07
118,H00217,H00216,4,4,7,0,2025-04-07
118,H00220,H00196,4,4,18,1,2025-04-07
118,H00236,H00242,5,5,13,1,2025-04-07
118,H00252,H00242,5,5,2,1,2025-04-07
118,H00268,H00435,5,10,5,1,2025-04-07
118,H00286,H00294,6,6,12,1,2025-04-07
118,H00287,H00306,6,6,22,0,2025-04-07
118,H00314,H00315,7,7,2,1,2025-04-07
118,H00334,H00324,7,7,16,1,2025-04-07
118,H00366,H00359,8,8,7,0,2025-04-07
118,H00377,H00620,9,14,6,0,2025-04-07
118,H00389,H00401,9,9,13,0,2025-04-07
118,H00390,H00160,9,3,7,1,2025-04-07
118,H00407,H00516,10,12,11,0,2025-04-07
118,H00411,H00434,10,10,10,1,2025-04-07
118,H00421,H00710,10,16,18,1,2025-04-07
118,H00437,H00435,10,10,14,1,2025-04-07
118,H00438,H00245,10,5,6,1,2025-04-07
118,H00442,H00035,11,0,17,1,2025-04-07
118,H00454,H00445,11,11,6,0,2025-04-07
118,H00472,H00450,11,11,17,1,2025-04-07
118,H00492,H00475,11,11,15,1,2025-04-07
118,H00500,H00538,12,12,3,0,2025-04-07
118,H00506,H00445,12,11,8,1,2025-04-07
118,H00511,H00539,12,12,8,0,2025-04-07
118,H00512,H00528,12,12,3,0,2025-04-07
118,H00518,H00513,12,12,16,1,2025-04-07
118,H00526,H00448,12,11,4,0,2025-04-07
118,H00540,H00508,12,12,14,0,2025-04-07
118,H00557,H00610,13,14,14,1,2025-04-07
118,H00560,H00103,13,2,11,0,2025-04-07
118,H00565,H00664,13,15,3,0,2025-04-07
118,H00567,H00199,13,4,6,1,2025-04-07
118,H00582,H00550,13,13,6,1,2025-04-07
118,H00584,H00012,13,0,18,1,2025-04-07
118,H00603,H00542,13,13,7,0,2025-04-07
118,H00607,H00645,14,14,6,1,2025-04-07
118,H00609,H00654,14,14,2,1,2025-04-07
118,H00618,H00643,14,14,16,1,2025-04-07
118,H00650,H00604,14,14,19,1,2025-04-07
118,H00656,H00606,14,14,11,0,2025-04-07
118,H00657,H00642,14,14,10,0,2025-04-07
118,H00663,H00109,15,2,4,0,2025-04-07
118,H00664,H00703,15,15,11,1,2025-04-07
118,H00666,H00666,15,15,12,1,2025-04-07
118,H00668,H00139,15,2,2,1,2025-04-07
118,H00672,H00677,15,15,17,0,2025-04-07
118,H00680,H00710,15,16,8,0,2025-04-07
118,H00693,H00697,15,15,14,1,2025-04-07
118,H00697,H00689,15,15,23,1,2025-04-07
118,H00700,H00683,15,15,21,1,2025-04-07
118,H00704,H00668,15,15,17,1,2025-04-07
118,H00707,H00670,15,15,8,1,2025-04-07
118,H00737,H00717,16,16,10,0,2025-04-07
118,H00745,H00283,16,6,2,1,2025-04-07
118,H00746,H00712,16,16,20,1,2025-04-07
118,H00765,H00760,17,17,24,1,2025-04-07
118,H00767,H00790,17,17,21,1,2025-04-07
118,H00775,H00782,17,17,3,1,2025-04-07
118,H00777,H00855,17,19,15,1,2025-04-07
118,H00780,H00789,17,17,4,0,2025-04-07
118,H00782,H00772,17,17,19,1,2025-04-07
118,H00783,H00106,17,2,18,1,2025-04-07
118,H00792,H00771,17,17,23,0,2025-04-07
118,H00794,H00744,17,16,21,1,2025-04-07
118,H00800,H00512,17,12,19,1,2025-04-07
118,H00801,H00841,18,18,7,0,2025-04-07
118,H00824,H00841,18,18,22,1,2025-04-07
118,H00830,H01025,18,25,21,1,2025-04-07
118,H00843,H00753,19,17,13,1,2025-04-07
118,H00848,H00843,19,19,5,1,2025-04-07
118,H00857,H00868,19,19,7,0,2025-04-07
118,H00859,H00846,19,19,15,1,2025-04-07
118,H00865,H00866,19,19,18,0,2025-04-07
118,H00875,H00894,20,20,18,1,2025-04-07
118,H00886,H01047,20,25,16,1,2025-04-07
118,H00901,H00901,21,21,2,1,2025-04-07
118,H00902,H00670,21,15,23,1,2025-04-07
118,H00912,H00915,21,21,16,0,2025-04-07
118,H00920,H00210,21,4,21,0,2025-04-07
118,H00928,H00823,22,18,12,1,2025-04-07
118,H00931,H01016,22,24,7,1,2025-04-07
118,H00949,H00320,22,7,17,1,2025-04-07
118,H00954,H00955,22,22,3,0,2025-04-07
118,H00976,H00948,23,22,23,0,2025-04-07
118,H00983,H00974,23,23,4,1,2025-04-07
118,H00987,H01055,23,26,17,1,2025-04-07
118,H00991,H00979,23,23,4,0,2025-04-07
118,H00997,H01001,24,24,5,1,2025-04-07
118,H01010,H00932,24,22,19,1,2025-04-07
118,H01014,H00440,24,10,12,1,2025-04-07
118,H01021,H01008,24,24,13,0,2025-04-07
118,H01024,H01046,25,25,21,1,2025-04-07
118,H01029,H01047,25,25,23,1,2025-04-07
118,H01043,H01005,25,24,9,1,2025-04-07
118,H01047,H01027,25,25,10,0,2025-04-07
118,H01048,H01022,25,25,21,1,2025-04-07
118,H01072,H01074,26,26,5,1,2025-04-07
118,H01079,H01110,27,27,17,1,2025-04-07
118,H01086,H01077,27,27,17,1,2025-04-07
118,H01089,H00856,27,19,14,0,2025-04-07
118,H01095,H01099,27,27,23,1,2025-04-07
118,H01099,H01090,27,27,5,1,2025-04-07
119,H00015,H00023,0,0,7,1,2025-04-14
119,H00020,H00012,0,0,12,0,2025-04-14
119,H00023,H00022,0,0,6,1,2025-04-14
119,H00029,H00124,0,2,18,1,2025-04-14
119,H00053,H00817,1,18,9,1,2025-04-14
119,H00062,H00043,1,1,8,1,2025-04-14
119,H00065,H01080,1,27,12,1,2025-04-14
119,H00072,H00314,1,7,19,1,2025-04-14
119,H00074,H00478,1,11,21,1,2025-04-14
119,H00088,H00048,1,1,3,1,2025-04-14
119,H00094,H00057,1,1,4,0,2025-04-14
119,H00099,H00141,2,2,6,1,2025-04-14
119,H00105,H00741,2,16,6,1,2025-04-14
119,H00124,H00458,2,11,8,1,2025-04-14
119,H00130,H00439,2,10,24,1,2025-04-14
119,H00133,H00407,2,10,8,0,2025-04-14
119,H00142,H00121,2,2,13,1,2025-04-14
119,H00162,H00003,3,0,14,0,2025-04-14
119,H00172,H00012,3,0,3,0,2025-04-14
119,H00179,H00471,3,11,24,0,2025-04-14
119,H00182,H00155,3,3,16,0,2025-04-14
119,H00183,H00156,3,3,24,1,2025-04-14
119,H00191,H00306,4,6,9,1,2025-04-14
119,H00196,H00187,4,4,10,0,2025-04-14
119,H00206,H00220,4,4,18,0,2025-04-14
119,H00216,H00204,4,4,22,0,2025-04-14
119,H00240,H00273,5,5,15,0,2025-04-14
119,H00249,H00299,5,6,10,0,2025-04-14
119,H00261,H00317,5,7,15,1,2025-04-14
119,H00262,H00262,5,5,19,1,2025-04-14
119,H00269,H00683,5,15,4,1,2025-04-14
119,H00276,H00295,6,6,23,1,2025-04-14
119,H00283,H00271,6,5,12,1,2025-04-14
119,H00306,H00292,6,6,5,1,2025-04-14
119,H00309,H00323,7,7,14,1,2025-04-14
119,H00310,H00336,7,7,13,1,2025-04-14
119,H00312,H00336,7,7,22,1,2025-04-14
119,H00318,H00034,7,0,15,0,2025-04-14
119,H00335,H00326,7,7,16,0,2025-04-14
119,H00338,H00353,8,8,10,0,2025-04-14
119,H00343,H00713,8,16,13,1,2025-04-14
119,H00348,H00357,8,8,21,0,2025-04-14
119,H00371,H00363,8,8,22,0,2025-04-14
119,H00390,H00403,9,9,22,1,2025-04-14
119,H00399,H00509,9,12,2,0,2025-04-14
119,H00401,H00381,9,9,8,0,2025-04-14
119,H00427,H00430,10,10,22,1,2025-04-14
119,H00442,H00457,11,11,6,1,2025-04-14
119,H00451,H00477,11,11,10,1,2025-04-14
119,H00471,H00458,11,11,14,1,2025-04-14
119,H00474,H00491,11,11,21,0,2025-04-14
119,H00477,H00492,11,11,3,1,2025-04-14
119,H00485,H00459,11,11,6,1,2025-04-14
119,H00487,H00478,11,11,14,1,2025-04-14
119,H00490,H00458,11,11,19,1,2025-04-14
119,H00492,H00465,11,11,18,1,2025-04-14
119,H00501,H00454,12,11,16,1,2025-04-14
119,H00507,H00540,12,12,14,0,2025-04-14
119,H00510,H00539,12,12,10,0,2025-04-14
119,H00513,H00727,12,16,18,1,2025-04-14
119,H00515,H00806,12,18,9,1,2025-04-14
119,H00552,H00571,13,13,5,1,2025-04-14
119,H00555,H00565,13,13,7,0,2025-04-14
119,H00589,H00592,13,13,8,1,2025-04-14
119,H00605,H00605,14,14,4,1,2025-04-14
119,H00613,H00040,14,1,4,0,2025-04-14
119,H00629,H00614,14,14,17,1,2025-04-14
119,H00631,H00001,14,0,2,1,2025-04-14
119,H00634,H00526,14,12,3,1,2025-04-14
119,H00647,H00623,14,14,12,1,2025-04-14
119,H00676,H00703,15,15,8,1,2025-04-14
119,H00681,H00683,15,15,11,0,2025-04-14
119,H00692,H00032,15,0,18,1,2025-04-14
119,H00708,H00689,15,15,18,1,2025-04-14
119,H00721,H00738,16,16,22,0,2025-04-14
119,H00725,H00744,16,16,19,1,2025-04-14
119,H00727,H00710,16,16,15,1,2025-04-14
119,H00749,H00716,16,16,10,0,2025-04-14
119,H00751,H00791,17,17,12,1,2025-04-14
119,H00755,H00800,17,17,23,0,2025-04-14
119,H00763,H00793,17,17,19,0,2025-04-14
119,H00778,H00781,17,17,5,0,2025-04-14
119,H00783,H00847,17,19,20,0,2025-04-14
119,H00790,H00736,17,16,5,1,2025-04-14
119,H00794,H00208,17,4,9,1,2025-04-14
119,H00804,H00808,18,18,5,0,2025-04-14
119,H00811,H00665,18,15,17,1,2025-04-14
119,H00812,H00825,18,18,11,0,2025-04-14
119,H00819,H00820,18,18,23,0,2025-04-14
119,H00826,H00866,18,19,4,0,2025-04-14
119,H00837,H00826,18,18,8,1,2025-04-14
119,H00841,H00472,18,11,21,1,2025-04-14
119,H00868,H00843,19,19,3,0,2025-04-14
119,H00879,H00900,20,21,3,0,2025-04-14
119,H00891,H00894,20,20,17,1,2025-04-14
119,H00893,H00848,20,19,21,0,2025-04-14
119,H00896,H00863,21,19,3,0,2025-04-14
119,H00897,H00998,21,24,8,1,2025-04-14
119,H00900,H00909,21,21,2,1,2025-04-14
119,H00933,H00736,22,16,22,0,2025-04-14
119,H00945,H00944,22,22,19,0,2025-04-14
119,H00946,H01073,22,26,4,1,2025-04-14
119,H00949,H00945,22,22,7,0,2025-04-14
119,H00975,H00975,23,23,21,1,2025-04-14
119,H00984,H00972,23,23,5,0,2025-04-14
119,H00998,H00422,24,10,5,0,2025-04-14
119,H00999,H01016,24,24,9,1,2025-04-14
119,H01002,H01020,24,24,11,0,2025-04-14
119,H01041,H01039,25,25,20,1,2025-04-14
119,H01080,H00936,27,22,16,1,2025-04-14
119,H01097,H01084,27,27,24,0,2025-04-14
120,H00000,H00036,0,0,19,1,2025-04-21
120,H00001,H00160,0,3,5,1,2025-04-21
120,H00026,H00473,0,11,5,1,2025-04-21
120,H00040,H00042,1,1,21,1,2025-04-21
120,H00047,H00095,1,1,16,1,2025-04-21
120,H00052,H00440,1,10,19,0,2025-04-21
120,H00058,H00088,1,1,3,0,2025-04-21
120,H00089,H00420,1,10,23,0,2025-04-21
120,H00092,H00027,1,0,22,0,2025-04-21
120,H00097,H00175,1,3,3,0,2025-04-21
120,H00103,H00284,2,6,6,1,2025-04-21
120,H00104,H00121,2,2,2,1,2025-04-21
120,H00113,H00139,2,2,2,0,2025-04-21
120,H00114,H00379,2,9,7,1,2025-04-21
120,H00116,H00046,2,1,13,1,2025-04-21
120,H00126,H00299,2,6,20,1,2025-04-21
120,H00143,H00143,3,3,10,0,2025-04-21
120,H00147,H00161,3,3,21,1,2025-04-21
120,H00151,H00173,3,3,14,0,2025-04-21
120,H00167,H00141,3,2,18,0,2025-04-21
120,H00170,H00117,3,2,6,1,2025-04-21
120,H00173,H00186,3,3,21,1,2025-04-21
120,H00189,H00477,4,11,8,1,2025-04-21
120,H00201,H00179,4,3,18,0,2025-04-21
120,H00204,H00212,4,4,13,0,2025-04-21
120,H00236,H00256,5,5,19,1,2025-04-21
120,H00237,H00263,5,5,23,0,2025-04-21
120,H00241,H00255,5,5,18,1,2025-04-21
120,H00259,H00232,5,5,18,0,2025-04-21
120,H00260,H00265,5,5,3,1,2025-04-21
120,H00276,H00357,6,8,21,1,2025-04-21
120,H00278,H00298,6,6,21,1,2025-04-21
120,H00280,H00292,6,6,3,1,2025-04-21
120,H00283,H00509,6,12,7,1,2025-04-21
120,H00284,H00406,6,10,4,1,2025-04-21
120,H00289,H00293,6,6,14,0,2025-04-21
120,H00292,H00349,6,8,16,1,2025-04-21
120,H00294,H00537,6,12,22,1,2025-04-21
120,H00300,H00305,6,6,24,1,2025-04-21
120,H00303,H00302,6,6,8,1,2025-04-21
120,H00308,H00120,6,2,9,1,2025-04-21
120,H00324,H00315,7,7,13,1,2025-04-21
120,H00331,H00319,7,7,9,1,2025-04-21
120,H00352,H00362,8,8,20,0,2025-04-21
120,H00356,H00717,8,16,2,0,2025-04-21
120,H00360,H00342,8,8,2,0,2025-04-21
120,H00377,H00382,9,9,16,0,2025-04-21
120,H00384,H00377,9,9,18,0,2025-04-21
120,H00391,H00389,9,9,14,1,2025-04-21
120,H00393,H00395,9,9,14,1,2025-04-21
120,H00403,H00403,9,9,21,1,2025-04-21
120,H00438,H00416,10,10,17,0,2025-04-21
120,H00459,H00328,11,7,4,1,2025-04-21
120,H00460,H00467,11,11,2,0,2025-04-21
120,H00495,H00680,12,15,20,1,2025-04-21
120,H00503,H00000,12,0,16,1,2025-04-21
120,H00516,H00444,12,11,20,0,2025-04-21
120,H00547,H00206,13,4,22,1,2025-04-21
120,H00548,H00559,13,13,22,0,2025-04-21
120,H00555,H00577,13,13,11,0,2025-04-21
120,H00557,H00481,13,11,19,0,2025-04-21
120,H00574,H00212,13,4,5,1,2025-04-21
120,H00576,H00580,13,13,5,0,2025-04-21
120,H00578,H00693,13,15,13,1,2025-04-21
120,H00588,H00546,13,13,8,1,2025-04-21
120,H00592,H00550,13,13,22,1,2025-04-21
120,H00599,H00555,13,13,24,0,2025-04-21
120,H00603,H00550,13,13,11,1,2025-04-21
120,H00605,H00320,14,7,9,1,2025-04-21
120,H00611,H00620,14,14,8,0,2025-04-21
120,H00612,H00624,14,14,15,0,2025-04-21
120,H00625,H00637,14,14,20,1,2025-04-21
120,H00626,H00609,14,14,24,0,2025-04-21
120,H00634,H00608,14,14,19,0,2025-04-21
120,H00642,H00605,14,14,11,0,2025-04-21
120,H00658,H00625,14,14,6,0,2025-04-21
120,H00660,H00132,14,2,12,0,2025-04-21
120,H00662,H00686,15,15,10,0,2025-04-21
120,H00666,H00309,15,7,19,1,2025-04-21
120,H00667,H00930,15,22,5,0,2025-04-21
120,H00681,H00365,15,8,9,0,2025-04-21
120,H00693,H00187,15,4,14,1,2025-04-21
120,H00694,H00766,15,17,8,1,2025-04-21
120,H00707,H00667,15,15,7,0,2025-04-21
120,H00709,H00698,15,15,7,0,2025-04-21
120,H00710,H00731,16,16,21,1,2025-04-21
120,H00732,H00713,16,16,15,1,2025-04-21
120,H00734,H00744,16,16,12,1,2025-04-21
120,H00747,H00714,16,16,10,0,2025-04-21
120,H00752,H00782,17,17,3,1,2025-04-21
120,H00757,H00762,17,17,15,1,2025-04-21
120,H00759,H00769,17,17,7,0,2025-04-21
120,H00761,H00763,17,17,17,1,2025-04-21
120,H00763,H01000,17,24,6,0,2025-04-21
120,H00764,H00766,17,17,8,1,2025-04-21
120,H00765,H00778,17,17,19,0,2025-04-21
120,H00767,H00787,17,17,3,1,2025-04-21
120,H00771,H00771,17,17,5,1,2025-04-21
120,H00776,H00791,17,17,11,0,2025-04-21
120,H00793,H00600,17,13,5,1,2025-04-21
120,H00802,H00809,18,18,14,0,2025-04-21
120,H00829,H00819,18,18,3,0,2025-04-21
120,H00838,H00819,18,18,5,0,2025-04-21
120,H00843,H00763,19,17,17,1,2025-04-21
120,H00845,H00682,19,15,19,0,2025-04-21
120,H00847,H01062,19,26,4,1,2025-04-21
120,H00872,H00880,20,20,19,1,2025-04-21
120,H00885,H00874,20,20,22,1,2025-04-21
120,H00896,H00912,21,21,3,1,2025-04-21
120,H00911,H00899,21,21,23,0,2025-04-21
120,H00966,H00856,23,19,9,0,2025-04-21
120,H00970,H00968,23,23,22,0,2025-04-21
120,H00976,H00984,23,23,9,0,2025-04-21
120,H00980,H00978,23,23,7,0,2025-04-21
120,H00996,H01018,24,24,10,0,2025-04-21
120,H01004,H00950,24,22,18,0,2025-04-21
120,H01006,H01006,24,24,4,0,2025-04-21
120,H01009,H00436,24,10,21,0,2025-04-21
120,H01021,H00956,24,22,4,1,2025-04-21
120,H01051,H01048,25,25,10,1,2025-04-21
120,H01056,H00862,26,19,6,1,2025-04-21
120,H01071,H01073,26,26,10,1,2025-04-21
120,H01083,H01092,27,27,4,1,2025-04-21
120,H01106,H00916,27,21,7,1,2025-04-21
120,H01107,H00935,27,22,23,1,2025-04-21
121,H00005,H00014,0,0,18,1,2025-04-28
121,H00026,H00019,0,0,23,1,2025-04-28
121,H00029,H00026,0,0,19,0,2025-04-28
121,H00031,H00025,0,0,15,1,2025-04-28
121,H00044,H00089,1,1,3,1,2025-04-28
121,H00055,H00071,1,1,24,1,2025-04-28
121,H00061,H00063,1,1,9,0,2025-04-28
121,H00079,H00011,1,0,20,1,2025-04-28
121,H00082,H00140,1,2,13,1,2025-04-28
121,H00096,H00082,1,1,20,1,2025-04-28
121,H00099,H00266,2,5,11,1,2025-04-28
121,H00118,H00447,2,11,14,1,2025-04-28
121,H00123,H00131,2,2,15,1,2025-04-28
121,H00150,H00175,3,3,17,0,2025-04-28
121,H00152,H00122,3,2,11,0,2025-04-28
121,H00174,H00162,3,3,22,0,2025-04-28
121,H00175,H00571,3,13,17,1,2025-04-28
121,H00194,H00197,4,4,17,1,2025-04-28
121,H00202,H00254,4,5,6,0,2025-04-28
121,H00225,H00206,4,4,18,1,2025-04-28
121,H00242,H00247,5,5,8,0,2025-04-28
121,H00246,H00154,5,3,6,1,2025-04-28
121,H00254,H00135,5,2,5,1,2025-04-28
121,H00269,H00265,5,5,11,0,2025-04-28
121,H00292,H00388,6,9,10,1,2025-04-28
121,H00311,H00324,7,7,21,1,2025-04-28
121,H00313,H00315,7,7,20,1,2025-04-28
121,H00314,H00328,7,7,10,1,2025-04-28
121,H00325,H00368,7,8,17,1,2025-04-28
121,H00337,H00373,8,8,20,0,2025-04-28
121,H00339,H00458,8,11,3,1,2025-04-28
121,H00354,H00281,8,6,18,1,2025-04-28
121,H00355,H00346,8,8,14,0,2025-04-28
121,H00372,H00349,8,8,22,1,2025-04-28
121,H00390,H00326,9,7,16,0,2025-04-28
121,H00394,H00395,9,9,17,1,2025-04-28
121,H00398,H00395,9,9,14,0,2025-04-28
121,H00411,H00420,10,10,22,0,2025-04-28
121,H00421,H00681,10,15,5,0,2025-04-28
121,H00426,H00299,10,6,13,0,2025-04-28
121,H00434,H00629,10,14,3,1,2025-04-28
121,H00435,H00017,10,0,15,1,2025-04-28
121,H00437,H00432,10,10,11,0,2025-04-28
121,H00439,H00441,10,10,22,1,2025-04-28
121,H00463,H00465,11,11,22,1,2025-04-28
121,H00465,H00127,11,2,16,1,2025-04-28
121,H00484,H00132,11,2,23,1,2025-04-28
121,H00485,H00127,11,2,7,1,2025-04-28
121,H00506,H00630,12,14,6,0,2025-04-28
121,H00507,H00680,12,15,21,1,2025-04-28
121,H00514,H00524,12,12,22,0,2025-04-28
121,H00523,H00439,12,10,20,1,2025-04-28
121,H00536,H00512,12,12,12,0,2025-04-28
121,H00551,H00106,13,2,3,1,2025-04-28
121,H00559,H00579,13,13,20,1,2025-04-28
121,H00561,H00668,13,15,7,1,2025-04-28
121,H00571,H00551,13,13,3,1,2025-04-28
121,H00577,H00544,13,13,13,1,2025-04-28
121,H00583,H00594,13,13,9,1,2025-04-28
121,H00584,H00581,13,13,8,1,2025-04-28
121,H00587,H00519,13,12,21,1,2025-04-28
121,H00605,H00631,14,14,15,1,2025-04-28
121,H00612,H00023,14,0,24,0,2025-04-28
121,H00646,H00242,14,5,2,1,2025-04-28
121,H00653,H00594,14,13,9,1,2025-04-28
121,H00658,H00562,14,13,24,0,2025-04-28
121,H00668,H00852,15,19,19,1,2025-04-28
121,H00675,H00695,15,15,19,1,2025-04-28
121,H00676,H00558,15,13,20,0,2025-04-28
121,H00692,H00214,15,4,10,1,2025-04-28
121,H00710,H00030,16,0,8,0,2025-04-28
121,H00722,H00863,16,19,3,1,2025-04-28
121,H00724,H01099,16,27,9,1,2025-04-28
121,H00726,H00498,16,12,8,1,2025-04-28
121,H00744,H00748,16,16,21,0,2025-04-28
121,H00745,H00620,16,14,20,0,2025-04-28
121,H00749,H00750,16,16,6,1,2025-04-28
121,H00763,H00771,17,17,18,1,2025-04-28
121,H00789,H00128,17,2,2,1,2025-04-28
121,H00792,H00793,17,17,16,1,2025-04-28
121,H00807,H00805,18,18,17,1,2025-04-28
121,H00809,H00310,18,7,13,0,2025-04-28
121,H00813,H00682,18,15,11,1,2025-04-28
121,H00814,H01058,18,26,8,0,2025-04-28
121,H00826,H00021,18,0,14,1,2025-04-28
121,H00827,H00807,18,18,20,1,2025-04-28
121,H00830,H00822,18,18,3,0,2025-04-28
121,H00846,H00854,19,19,7,0,2025-04-28
121,H00852,H00844,19,19,5,1,2025-04-28
121,H00855,H00844,19,19,4,0,2025-04-28
121,H00863,H00853,19,19,14,1,2025-04-28
121,H00869,H00736,19,16,7,0,2025-04-28
121,H00870,H00843,19,19,9,0,2025-04-28
121,H00881,H00884,20,20,24,1,2025-04-28
121,H00884,H00888,20,20,23,1,2025-04-28
121,H00885,H00883,20,20,21,1,2025-04-28
121,H00887,H00891,20,20,5,1,2025-04-28
121,H00897,H00759,21,17,6,1,2025-04-28
121,H00909,H00913,21,21,9,1,2025-04-28
121,H00923,H00760,21,17,2,1,2025-04-28
121,H00925,H00912,21,21,10,0,2025-04-28
121,H00943,H00328,22,7,9,0,2025-04-28
121,H00980,H00972,23,23,6,1,2025-04-28
121,H01009,H01000,24,24,19,1,2025-04-28
121,H01054,H01028,25,25,23,0,2025-04-28
121,H01062,H01070,26,26,2,1,2025-04-28
121,H01077,H01021,27,24,16,1,2025-04-28
121,H01088,H01102,27,27,17,1,2025-04-28
121,H01092,H01080,27,27,17,1,2025-04-28
121,H01093,H01083,27,27,8,0,2025-04-28
121,H01095,H01109,27,27,4,1,2025-04-28
121,H01110,H01091,27,27,17,1,2025-04-28
122,H00000,H00019,0,0,17,1,2025-05-05
122,H00030,H00001,0,0,19,1,2025-05-05
122,H00051,H00062,1,1,2,1,2025-05-05
122,H00058,H00062,1,1,17,1,2025-05-05
122,H00063,H00090,1,1,20,1,2025-05-05
122,H00076,H00057,1,1,21,1,2025-05-05
122,H00077,H00156,1,3,10,1,2025-05-05
122,H00090,H00067,1,1,16,0,2025-05-05
122,H00099,H00331,2,7,7,1,2025-05-05
122,H00110,H00113,2,2,22,1,2025-05-05
122,H00114,H00128,2,2,22,1,2025-05-05
122,H00126,H00140,2,2,21,1,2025-05-05
122,H00130,H00025,2,0,11,1,2025-05-05
122,H00133,H00140,2,2,16,0,2025-05-05
122,H00138,H00116,2,2,2,1,2025-05-05
122,H00153,H00166,3,3,3,1,2025-05-05
122,H00157,H00153,3,3,7,0,2025-05-05
122,H00162,H00164,3,3,24,1,2025-05-05
122,H00179,H00070,3,1,2,0,2025-05-05
122,H00180,H00150,3,3,24,1,2025-05-05
122,H00181,H00159,3,3,13,1,2025-05-05
122,H00186,H00171,3,3,8,1,2025-05-05
122,H00187,H00230,4,4,24,1,2025-05-05
122,H00196,H00685,4,15,11,1,2025-05-05
122,H00205,H00219,4,4,11,0,2025-05-05
122,H00226,H00229,4,4,24,1,2025-05-05
122,H00232,H00273,5,5,13,0,2025-05-05
122,H00243,H00158,5,3,18,0,2025-05-05
122,H00250,H00735,5,16,22,1,2025-05-05
122,H00261,H00261,5,5,18,1,2025-05-05
122,H00263,H00271,5,5,11,1,2025-05-05
122,H00265,H00267,5,5,11,1,2025-05-05
122,H00268,H00247,5,5,2,1,2025-05-05
122,H00278,H00305,6,6,3,0,2025-05-05
122,H00298,H00288,6,6,10,0,2025-05-05
122,H00309,H00323,7,7,21,1,2025-05-05
122,H00310,H00865,7,19,12,1,2025-05-05
122,H00311,H00317,7,7,24,1,2025-05-05
122,H00319,H00322,7,7,24,1,2025-05-05
122,H00320,H00328,7,7,11,0,2025-05-05
122,H00321,H00315,7,7,5,0,2025-05-05
122,H00352,H00352,8,8,20,1,2025-05-05
122,H00373,H00465,8,11,11,1,2025-05-05
122,H00394,H00397,9,9,11,1,2025-05-05
122,H00395,H00381,9,9,18,1,2025-05-05
122,H00406,H00424,10,10,18,1,2025-05-05
122,H00415,H00420,10,10,6,1,2025-05-05
122,H00432,H00427,10,10,15,1,2025-05-05
122,H00433,H00416,10,10,11,1,2025-05-05
122,H00442,H00444,11,11,5,1,2025-05-05
122,H00444,H00472,11,11,16,1,2025-05-05
122,H00448,H00475,11,11,15,1,2025-05-05
122,H00477,H00726,11,16,17,0,2025-05-05
122,H00480,H00453,11,11,21,0,2025-05-05
122,H00497,H00522,12,12,7,1,2025-05-05
122,H00498,H00508,12,12,3,1,2025-05-05
122,H00500,H00533,12,12,7,0,2025-05-05
122,H00516,H00289,12,6,24,0,2025-05-05
122,H00542,H00565,13,13,21,0,2025-05-05
122,H00604,H00630,14,14,14,1,2025-05-05
122,H00605,H00306,14,6,20,1,2025-05-05
122,H00610,H00280,14,6,24,0,2025-05-05
122,H00629,H00631,14,14,23,1,2025-05-05
122,H00631,H00650,14,14,18,1,2025-05-05
122,H00636,H00018,14,0,13,1,2025-05-05
122,H00649,H00018,14,0,13,0,2025-05-05
122,H00662,H00696,15,15,8,1,2025-05-05
122,H00682,H00673,15,15,9,1,2025-05-05
122,H00687,H00556,15,13,15,0,2025-05-05
122,H00703,H00112,15,2,15,1,2025-05-05
122,H00710,H00724,16,16,3,1,2025-05-05
122,H00715,H00721,16,16,17,1,2025-05-05
122,H00735,H00627,16,14,14,1,2025-05-05
122,H00742,H00731,16,16,18,1,2025-05-05
122,H00749,H00712,16,16,18,1,2025-05-05
122,H00752,H00682,17,15,9,1,2025-05-05
122,H00781,H00855,17,19,7,1,2025-05-05
122,H00796,H00796,17,17,22,0,2025-05-05
122,H00797,H00755,17,17,18,0,2025-05-05
122,H00801,H00834,18,18,12,1,2025-05-05
122,H00823,H00731,18,16,5,1,2025-05-05
122,H00829,H00828,18,18,17,1,2025-05-05
122,H00843,H00845,19,19,9,0,2025-05-05
122,H00846,H00303,19,6,8,0,2025-05-05
122,H00859,H00867,19,19,21,1,2025-05-05
122,H00863,H00939,19,22,20,0,2025-05-05
122,H00874,H00943,20,22,23,0,2025-05-05
122,H00875,H00875,20,20,21,0,2025-05-05
122,H00890,H00879,20,20,20,0,2025-05-05
122,H00893,H00891,20,20,15,0,2025-05-05
122,H00927,H00906,21,21,2,0,2025-05-05
122,H00963,H01096,22,27,3,1,2025-05-05
122,H00964,H00719,22,16,21,0,2025-05-05
122,H00985,H00992,23,23,24,1,2025-05-05
122,H00994,H00948,24,22,9,1,2025-05-05
122,H00998,H01004,24,24,24,1,2025-05-05
122,H01000,H00113,24,2,6,1,2025-05-05
122,H01002,H00888,24,20,14,1,2025-05-05
122,H01026,H00294,25,6,2,1,2025-05-05
122,H01035,H00852,25,19,11,0,2025-05-05
122,H01036,H01036,25,25,2,1,2025-05-05
122,H01083,H00958,27,22,5,1,2025-05-05
122,H01096,H00851,27,19,8,1,2025-05-05
122,H01104,H00955,27,22,22,1,2025-05-05
123,H00006,H00403,0,9,19,0,2025-05-12
123,H00007,H00015,0,0,14,1,2025-05-12
123,H00008,H00084,0,1,13,1,2025-05-12
123,H00013,H00854,0,19,19,0,2025-05-12
123,H00015,H00029,0,0,11,1,2025-05-12
123,H00025,H00028,0,0,17,0,2025-05-12
123,H00026,H00001,0,0,21,1,2025-05-12
123,H00045,H00020,1,0,7,0,2025-05-12
123,H00053,H00381,1,9,11,0,2025-05-12
123,H00069,H00302,1,6,23,1,2025-05-12
123,H00096,H00080,1,1,4,1,2025-05-12
123,H00101,H00020,2,0,24,0,2025-05-12
123,H00122,H00102,2,2,3,1,2025-05-12
123,H00129,H00452,2,11,13,1,2025-05-12
123,H00142,H00442,2,11,17,0,2025-05-12
123,H00143,H00170,3,3,3,0,2025-05-12
123,H00155,H00248,3,5,5,1,2025-05-12
123,H00160,H00067,3,1,11,1,2025-05-12
123,H00166,H00152,3,3,12,1,2025-05-12
123,H00187,H00445,4,11,8,1,2025-05-12
123,H00189,H00201,4,4,19,1,2025-05-12
123,H00195,H00198,4,4,15,0,2025-05-12
123,H00198,H00213,4,4,10,1,2025-05-12
123,H00205,H00253,4,5,16,1,2025-05-12
123,H00206,H00263,4,5,10,0,2025-05-12
123,H00215,H00306,4,6,5,1,2025-05-12
123,H00220,H00230,4,4,9,1,2025-05-12
123,H00222,H00216,4,4,21,0,2025-05-12
123,H00233,H00663,5,15,17,0,2025-05-12
123,H00241,H00280,5,6,12,0,2025-05-12
123,H00259,H00273,5,5,14,0,2025-05-12
123,H00276,H00295,6,6,8,1,2025-05-12
123,H00296,H00291,6,6,2,1,2025-05-12
123,H00307,H00331,6,7,13,1,2025-05-12
123,H00316,H00534,7,12,16,1,2025-05-12
123,H00326,H00311,7,7,17,1,2025-05-12
123,H00330,H00515,7,12,3,0,2025-05-12
123,H00343,H00473,8,11,18,0,2025-05-12
123,H00347,H00358,8,8,15,0,2025-05-12
123,H00377,H00294,9,6,17,1,2025-05-12
123,H00382,H00395,9,9,11,0,2025-05-12
123,H00388,H00379,9,9,22,1,2025-05-12
123,H00390,H00391,9,9,10,0,2025-05-12
123,H00396,H00322,9,7,19,1,2025-05-12
123,H00412,H00410,10,10,19,1,2025-05-12
123,H00419,H00432,10,10,5,0,2025-05-12
123,H00430,H00140,10,2,13,1,2025-05-12
123,H00431,H00313,10,7,7,1,2025-05-12
123,H00434,H00433,10,10,20,1,2025-05-12
123,H00436,H00729,10,16,17,1,2025-05-12
123,H00444,H00482,11,11,7,1,2025-05-12
123,H00445,H00442,11,11,9,0,2025-05-12
123,H00466,H00448,11,11,19,1,2025-05-12
123,H00468,H00447,11,11,2,1,2025-05-12
123,H00469,H00443,11,11,7,1,2025-05-12
123,H00479,H00515,11,12,11,1,2025-05-12
123,H00497,H00524,12,12,23,0,2025-05-12
123,H00507,H00482,12,11,17,1,2025-05-12
123,H00516,H00489,12,11,20,0,2025-05-12
123,H00518,H00509,12,12,9,1,2025-05-12
123,H00546,H00562,13,13,22,1,2025-05-12
123,H00550,H00542,13,13,7,1,2025-05-12
123,H00559,H00593,13,13,16,0,2025-05-12
123,H00561,H00298,13,6,12,1,2025-05-12
123,H00569,H00543,13,13,22,0,2025-05-12
123,H00572,H00552,13,13,8,1,2025-05-12
123,H00580,H00589,13,13,14,1,2025-05-12
123,H00589,H00543,13,13,21,1,2025-05-12
123,H00594,H00635,13,14,4,0,2025-05-12
123,H00603,H00585,13,13,2,1,2025-05-12
123,H00608,H00327,14,7,18,0,2025-05-12
123,H00613,H00654,14,14,17,1,2025-05-12
123,H00630,H00647,14,14,15,1,2025-05-12
123,H00634,H00134,14,2,7,1,2025-05-12
123,H00636,H00626,14,14,2,0,2025-05-12
123,H00644,H00624,14,14,12,1,2025-05-12
123,H00652,H00635,14,14,4,1,2025-05-12
123,H00662,H00702,15,15,9,1,2025-05-12
123,H00680,H00024,15,0,4,1,2025-05-12
123,H00690,H00685,15,15,7,0,2025-05-12
123,H00710,H00748,16,16,22,1,2025-05-12
123,H00712,H00781,16,17,24,1,2025-05-12
123,H00728,H00728,16,16,3,0,2025-05-12
123,H00734,H00745,16,16,3,0,2025-05-12
123,H00736,H00749,16,16,22,1,2025-05-12
123,H00742,H00711,16,16,15,1,2025-05-12
123,H00743,H00732,16,16,23,1,2025-05-12
123,H00750,H00725,16,16,19,1,2025-05-12
123,H00762,H00674,17,15,4,0,2025-05-12
123,H00770,H00778,17,17,24,1,2025-05-12
123,H00774,H00794,17,17,3,0,2025-05-12
123,H00778,H00778,17,17,12,0,2025-05-12
123,H00785,H00739,17,16,11,0,2025-05-12
123,H00786,H00782,17,17,22,1,2025-05-12
123,H00794,H00789,17,17,2,1,2025-05-12
123,H00801,H00815,18,18,2,0,2025-05-12
123,H00804,H00823,18,18,17,1,2025-05-12
123,H00812,H00834,18,18,7,0,2025-05-12
123,H00813,H00837,18,18,18,0,2025-05-12
123,H00820,H00022,18,0,7,1,2025-05-12
123,H00826,H00824,18,18,18,1,2025-05-12
123,H00827,H00861,18,19,5,1,2025-05-12
123,H00831,H00862,18,19,22,1,2025-05-12
123,H00836,H00801,18,18,3,0,2025-05-12
123,H00847,H00811,19,18,14,0,2025-05-12
123,H00855,H00869,19,19,21,0,2025-05-12
123,H00869,H00527,19,12,20,1,2025-05-12
123,H00881,H00881,20,20,5,0,2025-05-12
123,H00912,H00900,21,21,22,0,2025-05-12
123,H00921,H00906,21,21,21,1,2025-05-12
123,H00924,H00921,21,21,16,1,2025-05-12
123,H00928,H00955,22,22,3,1,2025-05-12
123,H00957,H00945,22,22,3,0,2025-05-12
123,H00958,H00941,22,22,18,0,2025-05-12
123,H00974,H00414,23,10,6,0,2025-05-12
123,H00975,H00979,23,23,18,0,2025-05-12
123,H00989,H00933,23,22,2,0,2025-05-12
123,H01006,H01001,24,24,19,1,2025-05-12
123,H01046,H01025,25,25,4,1,2025-05-12
123,H01080,H01093,27,27,2,1,2025-05-12
123,H01084,H01094,27,27,11,0,2025-05-12
123,H01091,H01103,27,27,24,0,2025-05-12
123,H01093,H01107,27,27,17,0,2025-05-12
123,H01099,H00936,27,22,6,0,2025-05-12
123,H01104,H01094,27,27,16,0,2025-05-12
123,H01109,H01090,27,27,22,1,2025-05-12
124,H00034,H00018,0,0,5,1,2025-05-19
124,H00040,H00740,1,16,19,0,2025-05-19
124,H00042,H00074,1,1,12,0,2025-05-19
124,H00043,H00057,1,1,20,0,2025-05-19
124,H00073,H00096,1,1,10,1,2025-05-19
124,H00075,H00386,1,9,20,1,2025-05-19
124,H00087,H00088,1,1,18,0,2025-05-19
124,H00097,H00043,1,1,5,0,2025-05-19
124,H00098,H00959,1,22,15,1,2025-05-19
124,H00100,H00678,2,15,14,0,2025-05-19
124,H00102,H00012,2,0,23,1,2025-05-19
124,H00106,H00028,2,0,11,1,2025-05-19
124,H00107,H00665,2,15,23,1,2025-05-19
124,H00114,H00276,2,6,4,1,2025-05-19
124,H00116,H00126,2,2,24,1,2025-05-19
124,H00117,H00171,2,3,12,0,2025-05-19
124,H00131,H00318,2,7,5,1,2025-05-19
124,H00135,H00770,2,17,24,1,2025-05-19
124,H00148,H00163,3,3,9,1,2025-05-19
124,H00162,H00620,3,14,8,1,2025-05-19
124,H00165,H00178,3,3,9,0,2025-05-19
124,H00169,H00167,3,3,9,1,2025-05-19
124,H00170,H00165,3,3,5,1,2025-05-19
124,H00191,H00196,4,4,13,0,2025-05-19
124,H00194,H00283,4,6,15,1,2025-05-19
124,H00201,H00551,4,13,21,1,2025-05-19
124,H00217,H00200,4,4,21,1,2025-05-19
124,H00219,H00577,4,13,14,1,2025-05-19
124,H00232,H00838,5,18,15,0,2025-05-19
124,H00235,H00253,5,5,17,1,2025-05-19
124,H00249,H00281,5,6,2,1,2025-05-19
124,H00270,H00534,5,12,3,0,2025-05-19
124,H00271,H00233,5,5,12,1,2025-05-19
124,H00279,H00320,6,7,9,1,2025-05-19
124,H00287,H00308,6,6,11,0,2025-05-19
124,H00290,H00289,6,6,11,1,2025-05-19
124,H00296,H00280,6,6,23,1,2025-05-19
124,H00304,H00285,6,6,12,1,2025-05-19
124,H00306,H00300,6,6,7,1,2025-05-19
124,H00318,H00317,7,7,8,1,2025-05-19
124,H00335,H00289,7,6,6,1,2025-05-19
124,H00337,H00118,8,2,8,0,2025-05-19
124,H00349,H00338,8,8,4,1,2025-05-19
124,H00357,H00368,8,8,16,1,2025-05-19
124,H00362,H00374,8,8,15,1,2025-05-19
124,H00366,H00324,8,7,7,1,2025-05-19
124,H00369,H00364,8,8,3,0,2025-05-19
124,H00387,H00324,9,7,9,1,2025-05-19
124,H00392,H00409,9,10,2,1,2025-05-19
124,H00399,H00375,9,9,5,1,2025-05-19
124,H00413,H00110,10,2,18,1,2025-05-19
124,H00414,H00299,10,6,4,0,2025-05-19
124,H00426,H00417,10,10,12,0,2025-05-19
124,H00436,H00419,10,10,8,1,2025-05-19
124,H00442,H00488,11,11,22,1,2025-05-19
124,H00493,H00528,12,12,2,1,2025-05-19
124,H00496,H00158,12,3,3,1,2025-05-19
124,H00503,H00527,12,12,14,1,2025-05-19
124,H00506,H00571,12,13,13,0,2025-05-19
124,H00510,H00508,12,12,10,1,2025-05-19
124,H00511,H00586,12,13,17,1,2025-05-19
124,H00512,H00516,12,12,18,0,2025-05-19
124,H00532,H00480,12,11,9,1,2025-05-19
124,H00552,H00546,13,13,3,1,2025-05-19
124,H00562,H00601,13,13,4,1,2025-05-19
124,H00572,H00677,13,15,11,1,2025-05-19
124,H00573,H00670,13,15,7,0,2025-05-19
124,H00583,H00698,13,15,4,1,2025-05-19
124,H00589,H00453,13,11,14,1,2025-05-19
124,H00592,H00542,13,13,19,0,2025-05-19
124,H00609,H00324,14,7,16,1,2025-05-19
124,H00617,H00449,14,11,12,0,2025-05-19
124,H00637,H00603,14,13,12,1,2025-05-19
124,H00642,H00650,14,14,23,1,2025-05-19
124,H00648,H00653,14,14,6,0,2025-05-19
124,H00653,H00640,14,14,10,0,2025-05-19
124,H00660,H00638,14,14,19,0,2025-05-19
124,H00665,H00698,15,15,7,1,2025-05-19
124,H00671,H00673,15,15,9,1,2025-05-19
124,H00675,H00690,15,15,6,1,2025-05-19
124,H00684,H00523,15,12,4,1,2025-05-19
124,H00707,H00698,15,15,17,0,2025-05-19
124,H00710,H00737,16,16,21,1,2025-05-19
124,H00729,H00736,16,16,2,0,2025-05-19
124,H00731,H00722,16,16,6,0,2025-05-19
124,H00735,H00739,16,16,9,1,2025-05-19
124,H00740,H00721,16,16,3,1,2025-05-19
124,H00750,H00749,16,16,17,0,2025-05-19
124,H00759,H00072,17,1,12,1,2025-05-19
124,H00761,H00777,17,17,17,0,2025-05-19
124,H00777,H00780,17,17,14,1,2025-05-19
124,H00787,H00785,17,17,11,0,2025-05-19
124,H00788,H00446,17,11,13,1,2025-05-19
124,H00789,H01035,17,25,15,1,2025-05-19
124,H00836,H00482,18,11,21,1,2025-05-19
124,H00837,H00854,18,19,19,0,2025-05-19
124,H00840,H00815,18,18,24,1,2025-05-19
124,H00841,H00803,18,18,12,1,2025-05-19
124,H00845,H00926,19,21,3,1,2025-05-19
124,H00857,H00684,19,15,7,1,2025-05-19
124,H00859,H01073,19,26,4,1,2025-05-19
124,H00862,H00862,19,19,16,1,2025-05-19
124,H00884,H00895,20,20,11,1,2025-05-19
124,H00887,H00866,20,19,22,1,2025-05-19
124,H00895,H00883,20,20,23,0,2025-05-19
124,H00896,H00914,21,21,23,1,2025-05-19
124,H00907,H00919,21,21,16,1,2025-05-19
124,H00911,H00911,21,21,9,1,2025-05-19
124,H00923,H00338,21,8,9,0,2025-05-19
124,H00939,H00953,22,22,14,1,2025-05-19
124,H00944,H00947,22,22,18,1,2025-05-19
124,H00948,H00930,22,22,14,1,2025-05-19
124,H00954,H00326,22,7,5,1,2025-05-19
124,H00976,H00829,23,18,23,1,2025-05-19
124,H00978,H00932,23,22,17,0,2025-05-19
124,H00988,H00986,23,23,8,1,2025-05-19
124,H01002,H01010,24,24,20,0,2025-05-19
124,H01013,H00997,24,24,22,1,2025-05-19
124,H01014,H01013,24,24,8,0,2025-05-19
124,H01018,H00948,24,22,18,1,2025-05-19
124,H01025,H01034,25,25,22,1,2025-05-19
124,H01030,H00282,25,6,12,1,2025-05-19
124,H01048,H01026,25,25,5,0,2025-05-19
124,H01052,H01041,25,25,14,1,2025-05-19
124,H01057,H00199,26,4,9,0,2025-05-19
124,H01061,H00995,26,24,21,1,2025-05-19
124,H01062,H01048,26,25,11,1,2025-05-19
124,H01071,H01069,26,26,11,0,2025-05-19
124,H01074,H01059,26,26,24,1,2025-05-19
124,H01078,H01087,27,27,10,1,2025-05-19
124,H01086,H01087,27,27,8,1,2025-05-19
124,H01088,H01060,27,26,4,1,2025-05-19
124,H01090,H01109,27,27,11,1,2025-05-19
124,H01092,H01087,27,27,14,1,2025-05-19
124,H01097,H01108,27,27,3,1,2025-05-19
124,H01099,H01064,27,26,6,1,2025-05-19
124,H01103,H01088,27,27,17,1,2025-05-19
125,H00000,H00464,0,11,12,1,2025-05-26
125,H00003,H00680,0,15,21,0,2025-05-26
125,H00026,H00011,0,0,2,1,2025-05-26
125,H00040,H00223,1,4,19,1,2025-05-26
125,H00047,H00288,1,6,19,1,2025-05-26
125,H00061,H00330,1,7,23,0,2025-05-26
125,H00072,H00282,1,6,15,1,2025-05-26
125,H00086,H00071,1,1,3,0,2025-05-26
125,H00087,H00778,1,17,21,0,2025-05-26
125,H00095,H00085,1,1,23,0,2025-05-26
125,H00096,H00053,1,1,4,1,2025-05-26
125,H00098,H00666,1,15,17,1,2025-05-26
125,H00099,H00102,2,2,14,1,2025-05-26
125,H00104,H00016,2,0,13,1,2025-05-26
125,H00118,H00484,2,11,6,1,2025-05-26
125,H00120,H00444,2,11,9,1,2025-05-26
125,H00131,H00107,2,2,19,1,2025-05-26
125,H00132,H00133,2,2,16,0,2025-05-26
125,H00133,H00108,2,2,12,0,2025-05-26
125,H00142,H00118,2,2,6,1,2025-05-26
125,H00149,H00691,3,15,3,1,2025-05-26
125,H00154,H00251,3,5,14,1,2025-05-26
125,H00162,H00143,3,3,15,0,2025-05-26
125,H00165,H00543,3,13,16,0,2025-05-26
125,H00177,H00155,3,3,20,1,2025-05-26
125,H00185,H00157,3,3,2,0,2025-05-26
125,H00197,H00032,4,0,13,1,2025-05-26
125,H00208,H00203,4,4,19,1,2025-05-26
125,H00210,H00218,4,4,24,1,2025-05-26
125,H00216,H00210,4,4,13,1,2025-05-26
125,H00217,H00205,4,4,4,0,2025-05-26
125,H00219,H00189,4,4,20,1,2025-05-26
125,H00225,H00203,4,4,5,0,2025-05-26
125,H00245,H00256,5,5,22,1,2025-05-26
125,H00252,H00406,5,10,23,1,2025-05-26
125,H00273,H00235,5,5,21,1,2025-05-26
125,H00275,H00243,5,5,13,0,2025-05-26
125,H00280,H00303,6,6,17,0,2025-05-26
125,H00283,H00297,6,6,13,0,2025-05-26
125,H00293,H00290,6,6,20,1,2025-05-26
125,H00294,H00293,6,6,12,1,2025-05-26
125,H00297,H00281,6,6,11,1,2025-05-26
125,H00318,H00311,7,7,16,1,2025-05-26
125,H00322,H00318,7,7,23,1,2025-05-26
125,H00331,H00331,7,7,15,1,2025-05-26
125,H00353,H00363,8,8,7,0,2025-05-26
125,H00364,H00356,8,8,18,1,2025-05-26
125,H00365,H00361,8,8,16,1,2025-05-26
125,H00366,H00124,8,2,22,0,2025-05-26
125,H00373,H00638,8,14,9,1,2025-05-26
125,H00385,H00391,9,9,18,1,2025-05-26
125,H00398,H00401,9,9,11,1,2025-05-26
125,H00412,H00301,10,6,6,0,2025-05-26
125,H00431,H00966,10,23,9,1,2025-05-26
125,H00442,H00134,11,2,19,1,2025-05-26
125,H00445,H00486,11,11,7,1,2025-05-26
125,H00447,H00483,11,11,10,1,2025-05-26
125,H00451,H00458,11,11,18,1,2025-05-26
125,H00465,H00705,11,15,9,1,2025-05-26
125,H00468,H00504,11,12,2,0,2025-05-26
125,H00469,H00471,11,11,13,1,2025-05-26
125,H00478,H00738,11,16,7,0,2025-05-26
125,H00481,H00825,11,18,3,0,2025-05-26
125,H00482,H00103,11,2,19,0,2025-05-26
125,H00490,H00452,11,11,18,1,2025-05-26
125,H00501,H00523,12,12,21,1,2025-05-26
125,H00507,H00512,12,12,2,0,2025-05-26
125,H00508,H00499,12,12,18,1,2025-05-26
125,H00514,H00515,12,12,3,1,2025-05-26
125,H00546,H00550,13,13,9,0,2025-05-26
125,H00547,H00571,13,13,20,1,2025-05-26
125,H00555,H00614,13,14,22,1,2025-05-26
125,H00566,H00553,13,13,7,1,2025-05-26
125,H00575,H00602,13,13,12,0,2025-05-26
125,H00578,H00693,13,15,22,0,2025-05-26
125,H00587,H00586,13,13,19,1,2025-05-26
125,H00604,H00552,14,13,20,0,2025-05-26
125,H00619,H00655,14,14,23,0,2025-05-26
125,H00632,H00615,14,14,4,0,2025-05-26
125,H00635,H00327,14,7,13,1,2025-05-26
125,H00650,H00629,14,14,19,1,2025-05-26
125,H00657,H00629,14,14,11,0,2025-05-26
125,H00660,H00695,14,15,4,1,2025-05-26
125,H00688,H00554,15,13,4,1,2025-05-26
125,H00694,H00554,15,13,7,1,2025-05-26
125,H00698,H00665,15,15,22,1,2025-05-26
125,H00701,H00620,15,14,10,1,2025-05-26
125,H00713,H00864,16,19,23,1,2025-05-26
125,H00752,H00753,17,17,23,1,2025-05-26
125,H00759,H00791,17,17,14,1,2025-05-26
125,H00786,H00763,17,17,4,0,2025-05-26
125,H00789,H00832,17,18,24,1,2025-05-26
125,H00799,H00791,17,17,5,1,2025-05-26
125,H00813,H00839,18,18,14,1,2025-05-26
125,H00818,H00831,18,18,15,0,2025-05-26
125,H00820,H00717,18,16,13,1,2025-05-26
125,H00835,H00499,18,12,3,0,2025-05-26
125,H00838,H00838,18,18,10,1,2025-05-26
125,H00850,H00724,19,16,8,1,2025-05-26
125,H00854,H00870,19,19,22,0,2025-05-26
125,H00893,H01097,20,27,15,1,2025-05-26
125,H00894,H00878,20,20,20,1,2025-05-26
125,H00898,H00187,21,4,11,1,2025-05-26
125,H00921,H00901,21,21,16,1,2025-05-26
125,H00926,H00874,21,20,17,1,2025-05-26
125,H00935,H00296,22,6,22,0,2025-05-26
125,H00942,H00947,22,22,19,0,2025-05-26
125,H00969,H00979,23,23,11,0,2025-05-26
125,H00980,H00972,23,23,3,1,2025-05-26
125,H00982,H00489,23,11,24,1,2025-05-26
125,H00987,H00937,23,22,8,0,2025-05-26
125,H00988,H00975,23,23,15,0,2025-05-26
125,H00992,H00985,23,23,10,1,2025-05-26
125,H01006,H00293,24,6,5,1,2025-05-26
125,H01020,H01007,24,24,4,1,2025-05-26
125,H01023,H00997,25,24,20,1,2025-05-26
125,H01034,H00932,25,22,4,1,2025-05-26
125,H01035,H01024,25,25,23,1,2025-05-26
125,H01040,H01025,25,25,21,1,2025-05-26
125,H01054,H01025,25,25,9,0,2025-05-26
125,H01067,H01058,26,26,18,0,2025-05-26
125,H01082,H00964,27,22,20,1,2025-05-26
125,H01088,H00803,27,18,17,0,2025-05-26
125,H01089,H01083,27,27,17,1,2025-05-26
125,H01093,H01097,27,27,16,1,2025-05-26
125,H01101,H01099,27,27,2,1,2025-05-26
125,H01111,H01098,27,27,10,0,2025-05-26
126,H00003,H00005,0,0,23,1,2025-06-02
126,H00016,H00515,0,12,8,0,2025-06-02
126,H00021,H00010,0,0,10,0,2025-06-02
126,H00035,H00826,0,18,22,1,2025-06-02
126,H00036,H00584,0,13,4,0,2025-06-02
126,H00055,H00077,1,1,6,1,2025-06-02
126,H00073,H00085,1,1,21,1,2025-06-02
126,H00084,H00045,1,1,22,1,2025-06-02
126,H00088,H00153,1,3,24,1,2025-06-02
126,H00101,H00103,2,2,16,1,2025-06-02
126,H00104,H00130,2,2,12,1,2025-06-02
126,H00106,H00104,2,2,8,0,2025-06-02
126,H00123,H00126,2,2,17,0,2025-06-02
126,H00133,H00113,2,2,17,1,2025-06-02
126,H00138,H00313,2,7,17,1,2025-06-02
126,H00147,H00038,3,0,19,0,2025-06-02
126,H00153,H00232,3,5,3,0,2025-06-02
126,H00165,H00165,3,3,7,1,2025-06-02
126,H00170,H00148,3,3,20,1,2025-06-02
126,H00176,H00157,3,3,10,1,2025-06-02
126,H00190,H00107,4,2,17,0,2025-06-02
126,H00217,H00216,4,4,5,0,2025-06-02
126,H00233,H00255,5,5,13,1,2025-06-02
126,H00235,H00249,5,5,7,0,2025-06-02
126,H00275,H00272,5,5,22,1,2025-06-02
126,H00276,H00276,6,6,19,1,2025-06-02
126,H00277,H00426,6,10,17,1,2025-06-02
126,H00281,H00099,6,2,6,1,2025-06-02
126,H00285,H00424,6,10,20,1,2025-06-02
126,H00299,H00443,6,11,2,1,2025-06-02
126,H00304,H00364,6,8,18,0,2025-06-02
126,H00313,H00320,7,7,17,1,2025-06-02
126,H00318,H00316,7,7,22,1,2025-06-02
126,H00338,H00348,8,8,20,0,2025-06-02
126,H00341,H00358,8,8,14,0,2025-06-02
126,H00361,H00309,8,7,10,1,2025-06-02
126,H00379,H00388,9,9,18,1,2025-06-02
126,H00406,H00424,10,10,3,1,2025-06-02
126,H00414,H00458,10,11,24,1,2025-06-02
126,H00417,H00331,10,7,2,0,2025-06-02
126,H00436,H00438,10,10,18,1,2025-06-02
126,H00446,H00442,11,11,5,1,2025-06-02
126,H00457,H00003,11,0,5,0,2025-06-02
126,H00479,H00312,11,7,6,1,2025-06-02
126,H00486,H00650,11,14,5,0,2025-06-02
126,H00497,H00474,12,11,2,0,2025-06-02
126,H00498,H00314,12,7,6,1,2025-06-02
126,H00503,H00319,12,7,8,0,2025-06-02
126,H00518,H00828,12,18,6,1,2025-06-02
126,H00544,H00593,13,13,7,0,2025-06-02
126,H00560,H00563,13,13,22,1,2025-06-02
126,H00565,H00587,13,13,24,1,2025-06-02
126,H00573,H00564,13,13,4,0,2025-06-02
126,H00601,H00551,13,13,12,1,2025-06-02
126,H00613,H00686,14,15,14,1,2025-06-02
126,H00615,H00607,14,14,24,1,2025-06-02
126,H00618,H00656,14,14,23,0,2025-06-02
126,H00630,H00634,14,14,15,1,2025-06-02
126,H00643,H00610,14,14,16,0,2025-06-02
126,H00662,H00196,15,4,8,1,2025-06-02
126,H00674,H00702,15,15,7,0,2025-06-02
126,H00682,H00622,15,14,20,1,2025-06-02
126,H00684,H00513,15,12,14,1,2025-06-02
126,H00696,H00702,15,15,10,1,2025-06-02
126,H00710,H00722,16,16,20,1,2025-06-02
126,H00742,H00745,16,16,15,0,2025-06-02
126,H00763,H00768,17,17,22,1,2025-06-02
126,H00780,H00717,17,16,14,1,2025-06-02
126,H00781,H00754,17,17,16,0,2025-06-02
126,H00788,H00770,17,17,4,0,2025-06-02
126,H00792,H00799,17,17,3,0,2025-06-02
126,H00794,H00790,17,17,5,1,2025-06-02
126,H00795,H00477,17,11,18,0,2025-06-02
126,H00814,H00126,18,2,18,0,2025-06-02
126,H00822,H00726,18,16,20,1,2025-06-02
126,H00840,H01071,18,26,15,1,2025-06-02
126,H00842,H00801,18,18,4,0,2025-06-02
126,H00861,H00532,19,12,18,1,2025-06-02
126,H00872,H00872,20,20,23,1,2025-06-02
126,H00877,H00889,20,20,21,1,2025-06-02
126,H00879,H00873,20,20,7,1,2025-06-02
126,H00912,H00919,21,21,23,0,2025-06-02
126,H00914,H00929,21,22,11,1,2025-06-02
126,H00922,H00488,21,11,9,1,2025-06-02
126,H00928,H00129,22,2,2,0,2025-06-02
126,H00931,H00857,22,19,3,1,2025-06-02
126,H00932,H00413,22,10,7,0,2025-06-02
126,H00934,H00978,22,23,10,0,2025-06-02
126,H00944,H00945,22,22,9,0,2025-06-02
126,H00946,H00951,22,22,9,1,2025-06-02
126,H00951,H00964,22,22,21,1,2025-06-02
126,H00952,H00937,22,22,23,0,2025-06-02
126,H00991,H00988,23,23,6,1,2025-06-02
126,H00998,H01008,24,24,21,0,2025-06-02
126,H00999,H01013,24,24,20,0,2025-06-02
126,H01004,H01002,24,24,5,1,2025-06-02
126,H01013,H01007,24,24,9,1,2025-06-02
126,H01014,H01015,24,24,15,1,2025-06-02
126,H01015,H01015,24,24,9,0,2025-06-02
126,H01034,H01045,25,25,5,0,2025-06-02
126,H01045,H00869,25,19,6,0,2025-06-02
126,H01047,H01031,25,25,5,1,2025-06-02
126,H01055,H01070,26,26,23,0,2025-06-02
126,H01057,H01076,26,26,8,0,2025-06-02
126,H01060,H00332,26,7,5,1,2025-06-02
126,H01061,H01062,26,26,5,0,2025-06-02
126,H01082,H00692,27,15,5,1,2025-06-02
126,H01092,H01101,27,27,24,1,2025-06-02
126,H01108,H01098,27,27,14,1,2025-06-02
127,H00021,H00027,0,0,2,0,2025-06-09
127,H00032,H00509,0,12,18,1,2025-06-09
127,H00050,H00455,1,11,6,1,2025-06-09
127,H00060,H00059,1,1,13,1,2025-06-09
127,H00064,H00069,1,1,17,1,2025-06-09
127,H00066,H00079,1,1,17,0,2025-06-09
127,H00074,H00060,1,1,3,1,2025-06-09
127,H00085,H00062,1,1,11,1,2025-06-09
127,H00093,H00050,1,1,23,1,2025-06-09
127,H00099,H00119,2,2,10,0,2025-06-09
127,H00118,H00129,2,2,22,0,2025-06-09
127,H00121,H00515,2,12,13,1,2025-06-09
127,H00122,H00134,2,2,15,1,2025-06-09
127,H00131,H00188,2,4,15,1,2025-06-09
127,H00138,H00130,2,2,5,1,2025-06-09
127,H00147,H00180,3,3,18,0,2025-06-09
127,H00149,H00161,3,3,12,0,2025-06-09
127,H00174,H00147,3,3,24,1,2025-06-09
127,H00187,H00446,4,11,19,1,2025-06-09
127,H00218,H00217,4,4,15,1,2025-06-09
127,H00237,H00246,5,5,19,1,2025-06-09
127,H00248,H00749,5,16,8,0,2025-06-09
127,H00260,H00174,5,3,4,1,2025-06-09
127,H00267,H00272,5,5,23,1,2025-06-09
127,H00269,H00251,5,5,18,0,2025-06-09
127,H00273,H00267,5,5,14,1,2025-06-09
127,H00287,H00276,6,6,11,1,2025-06-09
127,H00302,H00281,6,6,13,1,2025-06-09
127,H00306,H00653,6,14,14,1,2025-06-09
127,H00321,H00333,7,7,21,0,2025-06-09
127,H00329,H00334,7,7,24,0,2025-06-09
127,H00339,H00056,8,1,9,1,2025-06-09
127,H00352,H00334,8,7,2,0,2025-06-09
127,H00356,H00348,8,8,14,1,2025-06-09
127,H00365,H00359,8,8,8,1,2025-06-09
127,H00381,H00715,9,16,22,0,2025-06-09
127,H00408,H00425,10,10,21,0,2025-06-09
127,H00413,H00370,10,8,13,1,2025-06-09
127,H00420,H00425,10,10,17,1,2025-06-09
127,H00427,H00439,10,10,5,1,2025-06-09
127,H00434,H00425,10,10,14,1,2025-06-09
127,H00443,H00697,11,15,23,0,2025-06-09
127,H00451,H00461,11,11,7,0,2025-06-09
127,H00468,H00187,11,4,6,0,2025-06-09
127,H00471,H00796,11,17,14,1,2025-06-09
127,H00472,H00017,11,0,18,1,2025-06-09
127,H00475,H00444,11,11,24,1,2025-06-09
127,H00480,H00577,11,13,23,1,2025-06-09
127,H00487,H00461,11,11,12,1,2025-06-09
127,H00510,H00677,12,15,15,0,2025-06-09
127,H00511,H00503,12,12,15,1,2025-06-09
127,H00521,H00740,12,16,23,1,2025-06-09
127,H00525,H00372,12,8,22,0,2025-06-09
127,H00530,H00774,12,17,22,0,2025-06-09
127,H00539,H00114,12,2,7,0,2025-06-09
127,H00541,H00686,12,15,7,0,2025-06-09
127,H00553,H00586,13,13,18,1,2025-06-09
127,H00556,H00571,13,13,14,1,2025-06-09
127,H00574,H00561,13,13,15,1,2025-06-09
127,H00585,H00552,13,13,16,1,2025-06-09
127,H00592,H00488,13,11,23,1,2025-06-09
127,H00594,H00597,13,13,7,0,2025-06-09
127,H00612,H00625,14,14,8,1,2025-06-09
127,H00621,H00661,14,14,16,1,2025-06-09
127,H00623,H00623,14,14,6,1,2025-06-09
127,H00643,H00653,14,14,9,1,2025-06-09
127,H00644,H00653,14,14,2,0,2025-06-09
127,H00645,H00234,14,5,3,1,2025-06-09
127,H00650,H00656,14,14,23,1,2025-06-09
127,H00655,H00608,14,14,24,1,2025-06-09
127,H00657,H00617,14,14,14,1,2025-06-09
127,H00665,H00483,15,11,14,1,2025-06-09
127,H00669,H00472,15,11,7,1,2025-06-09
127,H00675,H00684,15,15,11,0,2025-06-09
127,H00677,H00870,15,19,3,1,2025-06-09
127,H00678,H00677,15,15,5,0,2025-06-09
127,H00681,H00578,15,13,11,0,2025-06-09
127,H00714,H00748,16,16,17,1,2025-06-09
127,H00718,H00718,16,16,15,1,2025-06-09
127,H00738,H00726,16,16,17,1,2025-06-09
127,H00747,H00716,16,16,3,0,2025-06-09
127,H00749,H00699,16,15,5,0,2025-06-09
127,H00750,H00715,16,16,9,0,2025-06-09
127,H00761,H00705,17,15,15,1,2025-06-09
127,H00793,H00588,17,13,23,0,2025-06-09
127,H00800,H00308,17,6,6,1,2025-06-09
127,H00807,H00808,18,18,11,1,2025-06-09
127,H00812,H00582,18,13,15,0,2025-06-09
127,H00822,H00823,18,18,6,1,2025-06-09
127,H00838,H00308,18,6,24,1,2025-06-09
127,H00849,H00843,19,19,15,1,2025-06-09
127,H00862,H00866,19,19,15,1,2025-06-09
127,H00865,H00852,19,19,2,1,2025-06-09
127,H00867,H00327,19,7,5,1,2025-06-09
127,H00869,H00309,19,7,7,0,2025-06-09
127,H00872,H00109,20,2,13,0,2025-06-09
127,H00929,H00931,22,22,12,1,2025-06-09
127,H00950,H00953,22,22,16,0,2025-06-09
127,H00952,H00956,22,22,20,0,2025-06-09
127,H00974,H00943,23,22,16,0,2025-06-09
127,H00997,H01012,24,24,3,0,2025-06-09
127,H01009,H01020,24,24,13,1,2025-06-09
127,H01025,H01039,25,25,19,1,2025-06-09
127,H01036,H01053,25,25,19,1,2025-06-09
127,H01045,H01047,25,25,13,1,2025-06-09
127,H01066,H01074,26,26,11,1,2025-06-09
127,H01073,H01068,26,26,13,1,2025-06-09
127,H01104,H01026,27,25,13,1,2025-06-09
127,H01111,H01092,27,27,22,0,2025-06-09
128,H00000,H00673,0,15,13,0,2025-06-16
128,H00008,H00012,0,0,21,1,2025-06-16
128,H00015,H00036,0,0,12,0,2025-06-16
128,H00032,H00842,0,18,10,0,2025-06-16
128,H00045,H00076,1,1,13,1,2025-06-16
128,H00050,H00075,1,1,8,0,2025-06-16
128,H00051,H00094,1,1,14,0,2025-06-16
128,H00065,H00088,1,1,24,1,2025-06-16
128,H00070,H00091,1,1,11,0,2025-06-16
128,H00083,H00452,1,11,14,0,2025-06-16
128,H00087,H00117,1,2,17,1,2025-06-16
128,H00093,H00123,1,2,14,1,2025-06-16
128,H00099,H00142,2,2,5,1,2025-06-16
128,H00124,H00141,2,2,7,0,2025-06-16
128,H00129,H00131,2,2,12,0,2025-06-16
128,H00131,H00100,2,2,2,1,2025-06-16
128,H00139,H00325,2,7,23,1,2025-06-16
128,H00147,H00157,3,3,3,1,2025-06-16
128,H00153,H00322,3,7,2,1,2025-06-16
128,H00158,H00153,3,3,4,1,2025-06-16
128,H00160,H00159,3,3,14,0,2025-06-16
128,H00192,H00173,4,3,13,0,2025-06-16
128,H00195,H00005,4,0,13,0,2025-06-16
128,H00198,H00466,4,11,6,0,2025-06-16
128,H00223,H00221,4,4,2,1,2025-06-16
128,H00224,H00214,4,4,16,1,2025-06-16
128,H00237,H00308,5,6,8,0,2025-06-16
128,H00249,H00248,5,5,24,0,2025-06-16
128,H00265,H00409,5,10,21,1,2025-06-16
128,H00271,H00249,5,5,6,1,2025-06-16
128,H00285,H00315,6,7,22,1,2025-06-16
128,H00287,H00374,6,8,19,1,2025-06-16
128,H00309,H00122,7,2,17,1,2025-06-16
128,H00313,H00317,7,7,8,1,2025-06-16
128,H00319,H00294,7,6,3,1,2025-06-16
128,H00325,H00314,7,7,3,0,2025-06-16
128,H00354,H00356,8,8,23,1,2025-06-16
128,H00358,H00373,8,8,6,1,2025-06-16
128,H00365,H00314,8,7,11,1,2025-06-16
128,H00366,H00371,8,8,8,0,2025-06-16
128,H00377,H00395,9,9,8,1,2025-06-16
128,H00382,H00396,9,9,2,1,2025-06-16
128,H00391,H00390,9,9,15,0,2025-06-16
128,H00412,H00412,10,10,12,1,2025-06-16
128,H00419,H00398,10,9,12,0,2025-06-16
128,H00442,H00473,11,11,12,1,2025-06-16
128,H00464,H00461,11,11,24,0,2025-06-16
128,H00477,H00479,11,11,4,1,2025-06-16
128,H00489,H00444,11,11,4,1,2025-06-16
128,H00508,H00487,12,11,6,1,2025-06-16
128,H00513,H00498,12,12,15,0,2025-06-16
128,H00521,H00520,12,12,6,0,2025-06-16
128,H00523,H00517,12,12,18,1,2025-06-16
128,H00527,H00500,12,12,5,0,2025-06-16
128,H00528,H00504,12,12,4,0,2025-06-16
128,H00538,H00514,12,12,5,1,2025-06-16
128,H00544,H00674,13,15,23,1,2025-06-16
128,H00557,H00587,13,13,23,0,2025-06-16
128,H00566,H00569,13,13,20,0,2025-06-16
128,H00574,H00132,13,2,8,0,2025-06-16
128,H00575,H00584,13,13,7,1,2025-06-16
128,H00578,H00582,13,13,22,0,2025-06-16
128,H00590,H00576,13,13,2,1,2025-06-16
128,H00595,H00588,13,13,8,0,2025-06-16
128,H00602,H00266,13,5,18,1,2025-06-16
128,H00634,H00617,14,14,11,0,2025-06-16
128,H00649,H00034,14,0,2,1,2025-06-16
128,H00651,H00654,14,14,23,1,2025-06-16
128,H00659,H00646,14,14,14,1,2025-06-16
128,H00660,H00282,14,6,20,1,2025-06-16
128,H00662,H00741,15,16,23,1,2025-06-16
128,H00671,H00676,15,15,4,0,2025-06-16
128,H00678,H00542,15,13,19,1,2025-06-16
128,H00690,H00686,15,15,13,1,2025-06-16
128,H00701,H00679,15,15,21,1,2025-06-16
128,H00710,H00730,16,16,12,0,2025-06-16
128,H00715,H00740,16,16,17,0,2025-06-16
128,H00720,H00311,16,7,11,0,2025-06-16
128,H00728,H00786,16,17,22,1,2025-06-16
128,H00736,H00723,16,16,14,0,2025-06-16
128,H00739,H00721,16,16,20,1,2025-06-16
128,H00743,H00736,16,16,15,1,2025-06-16
128,H00759,H00689,17,15,10,1,2025-06-16
128,H00765,H00769,17,17,3,1,2025-06-16
128,H00778,H00482,17,11,2,0,2025-06-16
128,H00779,H00756,17,17,19,1,2025-06-16
128,H00785,H00797,17,17,13,1,2025-06-16
128,H00803,H00842,18,18,3,1,2025-06-16
128,H00849,H00863,19,19,14,1,2025-06-16
128,H00858,H00743,19,16,23,1,2025-06-16
128,H00859,H00857,19,19,9,1,2025-06-16
128,H00868,H00573,19,13,23,0,2025-06-16
128,H00869,H00854,19,19,10,1,2025-06-16
128,H00878,H00845,20,19,17,1,2025-06-16
128,H00886,H00890,20,20,19,0,2025-06-16
128,H00897,H00873,21,20,12,0,2025-06-16
128,H00900,H00997,21,24,7,0,2025-06-16
128,H00923,H00921,21,21,3,1,2025-06-16
128,H00932,H00963,22,22,16,1,2025-06-16
128,H00936,H00938,22,22,13,1,2025-06-16
128,H00937,H00953,22,22,6,1,2025-06-16
128,H00938,H00860,22,19,16,0,2025-06-16
128,H00940,H01101,22,27,21,1,2025-06-16
128,H00942,H00959,22,22,8,1,2025-06-16
128,H00944,H00963,22,22,10,1,2025-06-16
128,H00949,H00931,22,22,21,1,2025-06-16
128,H00954,H00935,22,22,24,1,2025-06-16
128,H00958,H00937,22,22,14,1,2025-06-16
128,H00995,H00957,24,22,13,0,2025-06-16
128,H01005,H01026,24,25,23,1,2025-06-16
128,H01039,H00957,25,22,10,0,2025-06-16
128,H01045,H00004,25,0,23,1,2025-06-16
128,H01047,H00999,25,24,19,1,2025-06-16
128,H01053,H01042,25,25,12,1,2025-06-16
128,H01061,H00741,26,16,8,0,2025-06-16
128,H01062,H01063,26,26,9,1,2025-06-16
128,H01063,H01105,26,27,9,0,2025-06-16
128,H01066,H00012,26,0,19,0,2025-06-16
128,H01072,H01056,26,26,16,1,2025-06-16
128,H01074,H00778,26,17,4,0,2025-06-16
129,H00000,H00697,0,15,23,0,2025-06-23
129,H00001,H00030,0,0,14,1,2025-06-23
129,H00008,H00011,0,0,8,0,2025-06-23
129,H00046,H00250,1,5,5,1,2025-06-23
129,H00049,H00085,1,1,8,1,2025-06-23
129,H00057,H00077,1,1,3,0,2025-06-23
129,H00068,H00059,1,1,13,0,2025-06-23
129,H00074,H00053,1,1,24,0,2025-06-23
129,H00078,H00218,1,4,19,1,2025-06-23
129,H00080,H00064,1,1,4,1,2025-06-23
129,H00083,H00078,1,1,17,1,2025-06-23
129,H00097,H00099,1,2,2,0,2025-06-23
129,H00106,H00329,2,7,20,0,2025-06-23
129,H00109,H00102,2,2,4,1,2025-06-23
129,H00111,H00852,2,19,15,1,2025-06-23
129,H00115,H00140,2,2,17,0,2025-06-23
129,H00126,H00134,2,2,11,1,2025-06-23
129,H00164,H00150,3,3,13,0,2025-06-23
129,H00171,H00156,3,3,14,1,2025-06-23
129,H00173,H00088,3,1,23,0,2025-06-23
129,H00187,H00193,4,4,21,0,2025-06-23
129,H00197,H00008,4,0,19,1,2025-06-23
129,H00205,H00228,4,4,2,0,2025-06-23
129,H00210,H00228,4,4,5,1,2025-06-23
129,H00226,H00149,4,3,10,1,2025-06-23
129,H00231,H00226,4,4,12,0,2025-06-23
129,H00234,H00257,5,5,20,1,2025-06-23
129,H00241,H00011,5,0,21,0,2025-06-23
129,H00273,H00038,5,0,13,1,2025-06-23
129,H00276,H00928,6,22,22,1,2025-06-23
129,H00278,H00291,6,6,20,0,2025-06-23
129,H00294,H00288,6,6,2,1,2025-06-23
129,H00295,H00308,6,6,10,1,2025-06-23
129,H00307,H00294,6,6,24,0,2025-06-23
129,H00309,H00320,7,7,18,1,2025-06-23
129,H00316,H00333,7,7,23,1,2025-06-23
129,H00321,H00335,7,7,13,0,2025-06-23
129,H00323,H00330,7,7,7,1,2025-06-23
129,H00329,H00460,7,11,23,0,2025-06-23
129,H00340,H00339,8,8,22,0,2025-06-23
129,H00347,H00728,8,16,12,0,2025-06-23
129,H00352,H00344,8,8,15,1,2025-06-23
129,H00376,H00381,9,9,7,1,2025-06-23
129,H00405,H00103,9,2,22,1,2025-06-23
129,H00406,H00436,10,10,20,1,2025-06-23
129,H00409,H00427,10,10,3,0,2025-06-23
129,H00417,H00430,10,10,19,0,2025-06-23
129,H00419,H00302,10,6,9,1,2025-06-23
129,H00439,H00434,10,10,22,1,2025-06-23
129,H00460,H00467,11,11,20,1,2025-06-23
129,H00480,H00341,11,8,8,0,2025-06-23
129,H00482,H00468,11,11,18,1,2025-06-23
129,H00483,H00476,11,11,12,1,2025-06-23
129,H00501,H00502,12,12,12,1,2025-06-23
129,H00509,H00111,12,2,19,0,2025-06-23
129,H00528,H00536,12,12,20,0,2025-06-23
129,H00531,H00541,12,12,2,1,2025-06-23
129,H00533,H00458,12,11,19,0,2025-06-23
129,H00562,H00703,13,15,22,1,2025-06-23
129,H00563,H00704,13,15,15,1,2025-06-23
129,H00572,H00598,13,13,6,1,2025-06-23
129,H00580,H00463,13,11,12,0,2025-06-23
129,H00581,H00574,13,13,20,1,2025-06-23
129,H00601,H00549,13,13,21,1,2025-06-23
129,H00621,H00709,14,15,17,1,2025-06-23
129,H00640,H00310,14,7,24,1,2025-06-23
129,H00652,H00115,14,2,6,0,2025-06-23
129,H00662,H00872,15,20,16,0,2025-06-23
129,H00668,H00126,15,2,24,1,2025-06-23
129,H00680,H00709,15,15,10,0,2025-06-23
129,H00683,H00663,15,15,20,1,2025-06-23
129,H00686,H00694,15,15,20,1,2025-06-23
129,H00687,H00868,15,19,20,0,2025-06-23
129,H00717,H00384,16,9,7,0,2025-06-23
129,H00727,H00737,16,16,15,1,2025-06-23
129,H00741,H00486,16,11,5,0,2025-06-23
129,H00755,H00314,17,7,9,0,2025-06-23
129,H00783,H00784,17,17,20,1,2025-06-23
129,H00797,H00756,17,17,2,1,2025-06-23
129,H00803,H00710,18,16,2,0,2025-06-23
129,H00805,H00748,18,16,6,0,2025-06-23
129,H00814,H00728,18,16,5,1,2025-06-23
129,H00829,H00710,18,16,23,1,2025-06-23
129,H00830,H00318,18,7,3,1,2025-06-23
129,H00843,H00849,19,19,24,1,2025-06-23
129,H00849,H00860,19,19,17,0,2025-06-23
129,H00857,H00848,19,19,3,1,2025-06-23
129,H00864,H00823,19,18,22,0,2025-06-23
129,H00868,H00868,19,19,22,0,2025-06-23
129,H00871,H00904,20,21,7,0,2025-06-23
129,H00878,H00278,20,6,24,0,2025-06-23
129,H00881,H00884,20,20,24,1,2025-06-23
129,H00882,H00845,20,19,19,1,2025-06-23
129,H00892,H00877,20,20,10,0,2025-06-23
129,H00896,H01067,21,26,8,1,2025-06-23
129,H00897,H00921,21,21,18,1,2025-06-23
129,H00906,H00482,21,11,7,1,2025-06-23
129,H00917,H00925,21,21,11,1,2025-06-23
129,H00922,H01057,21,26,5,0,2025-06-23
129,H00923,H00922,21,21,16,0,2025-06-23
129,H00925,H00927,21,21,7,1,2025-06-23
129,H00928,H00928,22,22,8,1,2025-06-23
129,H00930,H00946,22,22,5,0,2025-06-23
129,H00947,H00957,22,22,13,0,2025-06-23
129,H00953,H00938,22,22,23,1,2025-06-23
129,H00959,H01087,22,27,22,0,2025-06-23
129,H00965,H00970,23,23,20,1,2025-06-23
129,H00977,H00984,23,23,21,1,2025-06-23
129,H00987,H00971,23,23,19,0,2025-06-23
129,H00988,H00749,23,16,9,1,2025-06-23
129,H00990,H00971,23,23,3,0,2025-06-23
129,H00997,H01008,24,24,8,1,2025-06-23
129,H01000,H01006,24,24,22,1,2025-06-23
129,H01013,H01017,24,24,21,1,2025-06-23
129,H01014,H00938,24,22,21,1,2025-06-23
129,H01020,H00931,24,22,21,1,2025-06-23
129,H01022,H01042,25,25,4,1,2025-06-23
129,H01023,H01016,25,24,12,1,2025-06-23
129,H01030,H01008,25,24,13,0,2025-06-23
129,H01032,H01031,25,25,12,1,2025-06-23
129,H01045,H00953,25,22,7,0,2025-06-23
129,H01066,H01075,26,26,16,1,2025-06-23
129,H01068,H01065,26,26,13,1,2025-06-23
129,H01103,H01076,27,26,7,1,2025-06-23
129,H01108,H01102,27,27,21,0,2025-06-23
130,H00005,H00158,0,3,12,0,2025-06-30
130,H00032,H00036,0,0,21,0,2025-06-30
130,H00036,H00032,0,0,3,1,2025-06-30
130,H00054,H00063,1,1,20,1,2025-06-30
130,H00082,H00024,1,0,14,0,2025-06-30
130,H00089,H00122,1,2,10,1,2025-06-30
130,H00090,H00063,1,1,10,0,2025-06-30
130,H00097,H00083,1,1,23,1,2025-06-30
130,H00099,H00581,2,13,18,1,2025-06-30
130,H00103,H00464,2,11,9,1,2025-06-30
130,H00134,H00102,2,2,10,1,2025-06-30
130,H00144,H00148,3,3,19,0,2025-06-30
130,H00148,H00485,3,11,4,1,2025-06-30
130,H00167,H00017,3,0,7,1,2025-06-30
130,H00208,H00209,4,4,17,1,2025-06-30
130,H00217,H00376,4,9,8,0,2025-06-30
130,H00221,H00194,4,4,13,0,2025-06-30
130,H00243,H00021,5,0,13,1,2025-06-30
130,H00270,H00258,5,5,22,1,2025-06-30
130,H00271,H00199,5,4,21,0,2025-06-30
130,H00276,H00572,6,13,21,1,2025-06-30
130,H00282,H00321,6,7,8,1,2025-06-30
130,H00286,H00278,6,6,19,1,2025-06-30
130,H00294,H00295,6,6,12,0,2025-06-30
130,H00296,H00322,6,7,4,0,2025-06-30
130,H00305,H00299,6,6,14,0,2025-06-30
130,H00329,H00311,7,7,9,1,2025-06-30
130,H00340,H00313,8,7,21,1,2025-06-30
130,H00365,H00127,8,2,23,0,2025-06-30
130,H00368,H00719,8,16,17,1,2025-06-30
130,H00371,H00344,8,8,11,0,2025-06-30
130,H00376,H00375,9,9,7,1,2025-06-30
130,H00390,H00388,9,9,21,1,2025-06-30
130,H00391,H00695,9,15,5,1,2025-06-30
130,H00407,H00438,10,10,18,1,2025-06-30
130,H00410,H00414,10,10,3,1,2025-06-30
130,H00411,H00434,10,10,14,1,2025-06-30
130,H00413,H01084,10,27,16,0,2025-06-30
130,H00415,H00547,10,13,7,0,2025-06-30
130,H00420,H00436,10,10,13,1,2025-06-30
130,H00421,H00432,10,10,9,1,2025-06-30
130,H00429,H00438,10,10,2,0,2025-06-30
130,H00430,H00891,10,20,21,1,2025-06-30
130,H00437,H00413,10,10,15,1,2025-06-30
130,H00442,H00470,11,11,10,1,2025-06-30
130,H00446,H00724,11,16,14,1,2025-06-30
130,H00470,H00120,11,2,23,1,2025-06-30
130,H00486,H00014,11,0,23,0,2025-06-30
130,H00490,H00474,11,11,18,1,2025-06-30
130,H00494,H00454,12,11,3,0,2025-06-30
130,H00510,H00001,12,0,5,1,2025-06-30
130,H00512,H00674,12,15,21,0,2025-06-30
130,H00515,H00499,12,12,5,0,2025-06-30
130,H00518,H00053,12,1,3,1,2025-06-30
130,H00538,H00844,12,19,3,1,2025-06-30
130,H00561,H00551,13,13,22,0,2025-06-30
130,H00566,H00393,13,9,11,1,2025-06-30
130,H00589,H00573,13,13,9,0,2025-06-30
130,H00590,H00563,13,13,10,1,2025-06-30
130,H00593,H00579,13,13,5,1,2025-06-30
130,H00601,H00588,13,13,5,0,2025-06-30
130,H00611,H00674,14,15,16,1,2025-06-30
130,H00622,H00623,14,14,3,1,2025-06-30
130,H00632,H00709,14,15,14,1,2025-06-30
130,H00639,H00678,14,15,8,1,2025-06-30
130,H00659,H00641,14,14,11,0,2025-06-30
130,H00668,H00011,15,0,20,0,2025-06-30
130,H00669,H00681,15,15,2,1,2025-06-30
130,H00672,H00679,15,15,20,1,2025-06-30
130,H00698,H00683,15,15,19,0,2025-06-30
130,H00701,H00672,15,15,11,1,2025-06-30
130,H00718,H01059,16,26,18,0,2025-06-30
130,H00720,H00744,16,16,13,1,2025-06-30
130,H00730,H00573,16,13,5,0,2025-06-30
130,H00749,H00710,16,16,10,0,2025-06-30
130,H00753,H00773,17,17,6,1,2025-06-30
130,H00755,H00736,17,16,2,1,2025-06-30
130,H00759,H00784,17,17,12,1,2025-06-30
130,H00766,H00767,17,17,3,1,2025-06-30
130,H00799,H00753,17,17,11,0,2025-06-30
130,H00816,H00821,18,18,22,1,2025-06-30
130,H00835,H00804,18,18,24,1,2025-06-30
130,H00841,H00854,18,19,23,0,2025-06-30
130,H00853,H00832,19,18,8,1,2025-06-30
130,H00886,H00881,20,20,4,0,2025-06-30
130,H00892,H00886,20,20,9,1,2025-06-30
130,H00928,H00956,22,22,14,0,2025-06-30
130,H00930,H01106,22,27,22,0,2025-06-30
130,H00932,H00932,22,22,2,0,2025-06-30
130,H00935,H00982,22,23,24,1,2025-06-30
130,H00956,H00946,22,22,4,0,2025-06-30
130,H00962,H00442,22,11,11,0,2025-06-30
130,H00977,H00980,23,23,6,1,2025-06-30
130,H00989,H00986,23,23,15,0,2025-06-30
130,H01005,H01018,24,24,5,0,2025-06-30
130,H01010,H00996,24,24,24,0,2025-06-30
130,H01022,H00209,25,4,17,0,2025-06-30
130,H01034,H01031,25,25,21,0,2025-06-30
130,H01035,H00001,25,0,19,0,2025-06-30
130,H01040,H00002,25,0,16,1,2025-06-30
130,H01043,H01038,25,25,23,0,2025-06-30
130,H01048,H01054,25,25,17,0,2025-06-30
130,H01054,H01044,25,25,7,0,2025-06-30
130,H01059,H01059,26,26,17,0,2025-06-30
130,H01073,H00349,26,8,11,1,2025-06-30
130,H01087,H01097,27,27,12,0,2025-06-30
130,H01104,H01091,27,27,6,1,2025-06-30
131,H00020,H00003,0,0,4,0,2025-07-07
131,H00022,H00004,0,0,4,1,2025-07-07
131,H00054,H00035,1,0,11,1,2025-07-07
131,H00055,H00074,1,1,24,1,2025-07-07
131,H00089,H00469,1,11,16,1,2025-07-07
131,H00090,H00060,1,1,17,0,2025-07-07
131,H00093,H00493,1,12,9,0,2025-07-07
131,H00100,H00071,2,1,10,0,2025-07-07
131,H00102,H00111,2,2,15,1,2025-07-07
131,H00103,H00126,2,2,21,1,2025-07-07
131,H00120,H00114,2,2,20,1,2025-07-07
131,H00122,H00924,2,21,23,0,2025-07-07
131,H00123,H00127,2,2,20,1,2025-07-07
131,H00126,H00101,2,2,21,1,2025-07-07
131,H00131,H00100,2,2,24,1,2025-07-07
131,H00150,H00159,3,3,10,0,2025-07-07
131,H00152,H00154,3,3,7,1,2025-07-07
131,H00157,H00284,3,6,20,0,2025-07-07
131,H00165,H00795,3,17,22,0,2025-07-07
131,H00184,H00175,3,3,7,1,2025-07-07
131,H00196,H00231,4,4,8,1,2025-07-07
131,H00216,H00219,4,4,18,1,2025-07-07
131,H00250,H00242,5,5,9,1,2025-07-07
131,H00259,H00018,5,0,6,0,2025-07-07
131,H00275,H00256,5,5,3,1,2025-07-07
131,H00278,H00301,6,6,24,1,2025-07-07
131,H00292,H00037,6,0,18,1,2025-07-07
131,H00301,H00308,6,6,16,0,2025-07-07
131,H00309,H00400,7,9,2,1,2025-07-07
131,H00319,H00316,7,7,5,0,2025-07-07
131,H00320,H00023,7,0,17,0,2025-07-07
131,H00325,H00508,7,12,13,1,2025-07-07
131,H00329,H00335,7,7,17,0,2025-07-07
131,H00335,H00300,7,6,7,1,2025-07-07
131,H00350,H00374,8,8,17,0,2025-07-07
131,H00354,H00306,8,6,13,1,2025-07-07
131,H00387,H00869,9,19,2,1,2025-07-07
131,H00403,H00392,9,9,18,0,2025-07-07
131,H00405,H00879,9,20,18,0,2025-07-07
131,H00406,H00112,10,2,15,1,2025-07-07
131,H00417,H00852,10,19,2,0,2025-07-07
131,H00421,H00433,10,10,22,0,2025-07-07
131,H00442,H00280,11,6,19,1,2025-07-07
131,H00464,H00685,11,15,18,0,2025-07-07
131,H00480,H00690,11,15,14,0,2025-07-07
131,H00515,H00521,12,12,16,1,2025-07-07
131,H00532,H00511,12,12,7,0,2025-07-07
131,H00549,H00594,13,13,20,1,2025-07-07
131,H00590,H00296,13,6,22,0,2025-07-07
131,H00604,H00682,14,15,6,1,2025-07-07
131,H00618,H00207,14,4,5,0,2025-07-07
131,H00624,H00663,14,15,22,1,2025-07-07
131,H00628,H00605,14,14,23,1,2025-07-07
131,H00636,H00669,14,15,7,1,2025-07-07
131,H00651,H00611,14,14,18,0,2025-07-07
131,H00654,H00022,14,0,24,0,2025-07-07
131,H00658,H00738,14,16,16,1,2025-07-07
131,H00662,H00851,15,19,9,1,2025-07-07
131,H00664,H00961,15,22,16,1,2025-07-07
131,H00670,H00665,15,15,19,1,2025-07-07
131,H00679,H00363,15,8,9,1,2025-07-07
131,H00683,H00701,15,15,12,0,2025-07-07
131,H00688,H00123,15,2,12,0,2025-07-07
131,H00696,H00305,15,6,18,0,2025-07-07
131,H00701,H00707,15,15,16,0,2025-07-07
131,H00705,H00707,15,15,4,0,2025-07-07
131,H00716,H00835,16,18,16,1,2025-07-07
131,H00749,H00137,16,2,3,1,2025-07-07
131,H00755,H00865,17,19,22,1,2025-07-07
131,H00757,H00796,17,17,21,1,2025-07-07
131,H00760,H00769,17,17,7,1,2025-07-07
131,H00761,H00854,17,19,11,1,2025-07-07
131,H00763,H00323,17,7,18,1,2025-07-07
131,H00778,H00799,17,17,5,0,2025-07-07
131,H00786,H00870,17,19,24,1,2025-07-07
131,H00816,H00805,18,18,17,1,2025-07-07
131,H00819,H00810,18,18,17,1,2025-07-07
131,H00825,H00804,18,18,19,1,2025-07-07
131,H00831,H00804,18,18,15,0,2025-07-07
131,H00834,H00845,18,19,22,1,2025-07-07
131,H00838,H00741,18,16,10,0,2025-07-07
131,H00850,H00801,19,18,2,0,2025-07-07
131,H00878,H00884,20,20,10,1,2025-07-07
131,H00881,H00889,20,20,2,1,2025-07-07
131,H00893,H00881,20,20,23,1,2025-07-07
131,H00913,H00890,21,20,9,1,2025-07-07
131,H00915,H00924,21,21,8,1,2025-07-07
131,H00928,H00942,22,22,13,1,2025-07-07
131,H00934,H00929,22,22,6,0,2025-07-07
131,H00935,H00946,22,22,10,1,2025-07-07
131,H00953,H00961,22,22,20,1,2025-07-07
131,H00956,H00943,22,22,4,1,2025-07-07
131,H00958,H00962,22,22,20,0,2025-07-07
131,H00969,H00983,23,23,17,1,2025-07-07
131,H00986,H00410,23,10,15,0,2025-07-07
131,H00992,H00336,23,7,17,0,2025-07-07
131,H01011,H01002,24,24,17,1,2025-07-07
131,H01015,H00952,24,22,18,1,2025-07-07
131,H01019,H01007,24,24,5,0,2025-07-07
131,H01044,H00902,25,21,6,1,2025-07-07
131,H01057,H00978,26,23,16,0,2025-07-07
131,H01059,H00964,26,22,22,1,2025-07-07
131,H01072,H00311,26,7,16,0,2025-07-07
131,H01085,H01089,27,27,3,0,2025-07-07
131,H01091,H00962,27,22,23,1,2025-07-07
131,H01094,H01086,27,27,9,1,2025-07-07
131,H01095,H01099,27,27,17,0,2025-07-07
131,H01099,H00831,27,18,22,0,2025-07-07
132,H00000,H00009,0,0,14,1,2025-07-14
132,H00043,H00449,1,11,24,0,2025-07-14
132,H00047,H00004,1,0,18,1,2025-07-14
132,H00061,H00042,1,1,6,0,2025-07-14
132,H00066,H00060,1,1,19,0,2025-07-14
132,H00068,H00000,1,0,15,0,2025-07-14
132,H00094,H00056,1,1,4,1,2025-07-14
132,H00099,H00675,2,15,2,1,2025-07-14
132,H00103,H00699,2,15,17,0,2025-07-14
132,H00106,H00123,2,2,15,1,2025-07-14
132,H00115,H00019,2,0,23,1,2025-07-14
132,H00118,H00134,2,2,23,1,2025-07-14
132,H00131,H00101,2,2,3,1,2025-07-14
132,H00134,H00457,2,11,6,1,2025-07-14
132,H00137,H00346,2,8,19,0,2025-07-14
132,H00144,H00214,3,4,2,0,2025-07-14
132,H00145,H00488,3,11,10,0,2025-07-14
132,H00152,H00112,3,2,22,0,2025-07-14
132,H00159,H00615,3,14,15,1,2025-07-14
132,H00176,H00009,3,0,22,1,2025-07-14
132,H00178,H00147,3,3,10,0,2025-07-14
132,H00190,H00207,4,4,19,1,2025-07-14
132,H00196,H00204,4,4,6,1,2025-07-14
132,H00201,H00217,4,4,4,1,2025-07-14
132,H00206,H00219,4,4,11,0,2025-07-14
132,H00224,H00718,4,16,7,0,2025-07-14
132,H00225,H00226,4,4,20,0,2025-07-14
132,H00228,H00199,4,4,20,1,2025-07-14
132,H00233,H00243,5,5,8,1,2025-07-14
132,H00238,H00255,5,5,17,1,2025-07-14
132,H00241,H00268,5,5,5,1,2025-07-14
132,H00245,H00234,5,5,14,1,2025-07-14
132,H00253,H00234,5,5,22,0,2025-07-14
132,H00256,H00506,5,12,4,1,2025-07-14
132,H00264,H00245,5,5,7,1,2025-07-14
132,H00271,H00030,5,0,11,0,2025-07-14
132,H00274,H00263,5,5,15,1,2025-07-14
132,H00276,H00353,6,8,24,1,2025-07-14
132,H00285,H00316,6,7,5,1,2025-07-14
132,H00299,H00281,6,6,22,1,2025-07-14
132,H00321,H00310,7,7,15,0,2025-07-14
132,H00326,H01092,7,27,19,1,2025-07-14
132,H00335,H00721,7,16,8,0,2025-07-14
132,H00346,H00941,8,22,22,1,2025-07-14
132,H00375,H00380,9,9,16,1,2025-07-14
132,H00388,H00018,9,0,3,0,2025-07-14
132,H00391,H00396,9,9,19,1,2025-07-14
132,H00392,H00307,9,6,10,1,2025-07-14
132,H00404,H00381,9,9,20,0,2025-07-14
132,H00419,H00020,10,0,11,0,2025-07-14
132,H00421,H00294,10,6,4,0,2025-07-14
132,H00426,H00380,10,9,19,1,2025-07-14
132,H00441,H00473,10,11,9,0,2025-07-14
132,H00454,H00109,11,2,24,1,2025-07-14
132,H00462,H00492,11,11,2,1,2025-07-14
132,H00470,H00486,11,11,17,1,2025-07-14
132,H00485,H00616,11,14,9,1,2025-07-14
132,H00537,H00504,12,12,12,0,2025-07-14
132,H00549,H00690,13,15,20,1,2025-07-14
132,H00550,H00590,13,13,19,0,2025-07-14
132,H00582,H00624,13,14,10,1,2025-07-14
132,H00618,H00723,14,16,11,1,2025-07-14
132,H00625,H00659,14,14,4,1,2025-07-14
132,H00627,H00683,14,15,9,1,2025-07-14
132,H00629,H00634,14,14,22,0,2025-07-14
132,H00633,H00620,14,14,20,0,2025-07-14
132,H00634,H00635,14,14,15,1,2025-07-14
132,H00635,H00609,14,14,19,1,2025-07-14
132,H00643,H00617,14,14,24,1,2025-07-14
132,H00648,H00567,14,13,2,1,2025-07-14
132,H00652,H00797,14,17,14,1,2025-07-14
132,H00655,H00697,14,15,21,0,2025-07-14
132,H00657,H00626,14,14,6,1,2025-07-14
132,H00665,H00709,15,15,6,1,2025-07-14
132,H00678,H00113,15,2,5,1,2025-07-14
132,H00679,H00709,15,15,13,0,2025-07-14
132,H00685,H00660,15,14,6,1,2025-07-14
132,H00691,H00574,15,13,20,0,2025-07-14
132,H00693,H00819,15,18,24,1,2025-07-14
132,H00708,H00111,15,2,9,1,2025-07-14
132,H00710,H00883,16,20,21,1,2025-07-14
132,H00725,H00469,16,11,18,1,2025-07-14
132,H00730,H00723,16,16,23,1,2025-07-14
132,H00737,H01067,16,26,12,1,2025-07-14
132,H00748,H00145,16,3,14,0,2025-07-14
132,H00758,H00774,17,17,11,0,2025-07-14
132,H00759,H00865,17,19,14,0,2025-07-14
132,H00772,H00768,17,17,17,0,2025-07-14
132,H00795,H00855,17,19,14,0,2025-07-14
132,H00802,H00837,18,18,20,1,2025-07-14
132,H00806,H00733,18,16,23,1,2025-07-14
132,H00814,H00802,18,18,21,0,2025-07-14
132,H00819,H00810,18,18,8,1,2025-07-14
132,H00821,H00718,18,16,9,0,2025-07-14
132,H00825,H00810,18,18,12,1,2025-07-14
132,H00837,H00715,18,16,16,0,2025-07-14
132,H00839,H00822,18,18,16,0,2025-07-14
132,H00848,H00863,19,19,12,1,2025-07-14
132,H00855,H00870,19,19,17,1,2025-07-14
132,H00856,H00855,19,19,10,1,2025-07-14
132,H00876,H00889,20,20,21,1,2025-07-14
132,H00887,H00879,20,20,24,1,2025-07-14
132,H00894,H00724,20,16,3,1,2025-07-14
132,H00901,H00328,21,7,7,1,2025-07-14
132,H00920,H00916,21,21,5,1,2025-07-14
132,H00928,H01012,22,24,2,1,2025-07-14
132,H00934,H00955,22,22,17,1,2025-07-14
132,H00941,H01107,22,27,16,1,2025-07-14
132,H00948,H00950,22,22,19,1,2025-07-14
132,H00956,H01078,22,27,5,0,2025-07-14
132,H00961,H00967,22,23,4,0,2025-07-14
132,H00972,H00979,23,23,23,1,2025-07-14
132,H00973,H00970,23,23,15,1,2025-07-14
132,H00974,H00973,23,23,22,1,2025-07-14
132,H00983,H00879,23,20,22,0,2025-07-14
132,H00988,H00966,23,23,24,1,2025-07-14
132,H00995,H01012,24,24,21,1,2025-07-14
132,H00996,H01017,24,24,17,0,2025-07-14
132,H00998,H00428,24,10,8,1,2025-07-14
132,H01010,H01009,24,24,10,1,2025-07-14
132,H01011,H01001,24,24,2,1,2025-07-14
132,H01013,H00679,24,15,16,1,2025-07-14
132,H01016,H00997,24,24,8,0,2025-07-14
132,H01017,H00935,24,22,22,0,2025-07-14
132,H01026,H01001,25,24,16,0,2025-07-14
132,H01042,H01037,25,25,22,0,2025-07-14
132,H01050,H00868,25,19,21,1,2025-07-14
132,H01051,H01036,25,25,11,1,2025-07-14
132,H01063,H01070,26,26,13,1,2025-07-14
132,H01071,H01068,26,26,9,1,2025-07-14
132,H01089,H01089,27,27,11,1,2025-07-14
132,H01094,H01094,27,27,24,1,2025-07-14
132,H01097,H01081,27,27,19,0,2025-07-14
132,H01110,H00950,27,22,4,1,2025-07-14
133,H00001,H00668,0,15,14,1,2025-07-21
133,H00026,H00443,0,11,22,1,2025-07-21
133,H00039,H00097,1,1,10,1,2025-07-21
133,H00070,H00069,1,1,9,0,2025-07-21
133,H00071,H00355,1,8,20,0,2025-07-21
133,H00074,H00073,1,1,17,0,2025-07-21
133,H00077,H00064,1,1,23,1,2025-07-21
133,H00087,H00028,1,0,14,1,2025-07-21
133,H00092,H00054,1,1,8,0,2025-07-21
133,H00093,H00046,1,1,23,0,2025-07-21
133,H00096,H00086,1,1,21,0,2025-07-21
133,H00098,H00006,1,0,19,1,2025-07-21
133,H00100,H00133,2,2,18,0,2025-07-21
133,H00106,H00131,2,2,3,1,2025-07-21
133,H00110,H00114,2,2,12,1,2025-07-21
133,H00125,H00864,2,19,20,1,2025-07-21
133,H00128,H00325,2,7,17,0,2025-07-21
133,H00129,H00128,2,2,9,1,2025-07-21
133,H00132,H00142,2,2,13,0,2025-07-21
133,H00133,H00844,2,19,16,1,2025-07-21
133,H00135,H00127,2,2,4,1,2025-07-21
133,H00148,H00156,3,3,11,0,2025-07-21
133,H00160,H00219,3,4,11,0,2025-07-21
133,H00190,H00945,4,22,14,0,2025-07-21
133,H00194,H00717,4,16,22,0,2025-07-21
133,H00201,H01048,4,25,22,1,2025-07-21
133,H00210,H00221,4,4,10,0,2025-07-21
133,H00224,H00231,4,4,21,0,2025-07-21
133,H00242,H00275,5,5,14,0,2025-07-21
133,H00252,H00257,5,5,6,0,2025-07-21
133,H00254,H00273,5,5,12,1,2025-07-21
133,H00261,H00620,5,14,18,0,2025-07-21
133,H00276,H00291,6,6,23,0,2025-07-21
133,H00279,H00006,6,0,10,1,2025-07-21
133,H00296,H00298,6,6,9,1,2025-07-21
133,H00304,H00292,6,6,3,0,2025-07-21
133,H00305,H00135,6,2,14,0,2025-07-21
133,H00306,H00348,6,8,12,1,2025-07-21
133,H00307,H00307,6,6,22,1,2025-07-21
133,H00324,H00323,7,7,8,1,2025-07-21
133,H00342,H00363,8,8,5,1,2025-07-21
133,H00355,H00434,8,10,2,1,2025-07-21
133,H00357,H00340,8,8,23,0,2025-07-21
133,H00367,H00356,8,8,22,1,2025-07-21
133,H00369,H00343,8,8,22,0,2025-07-21
133,H00372,H00345,8,8,13,1,2025-07-21
133,H00379,H00402,9,9,24,0,2025-07-21
133,H00394,H00776,9,17,4,1,2025-07-21
133,H00416,H00744,10,16,22,0,2025-07-21
133,H00422,H00464,10,11,14,1,2025-07-21
133,H00425,H00407,10,10,14,1,2025-07-21
133,H00426,H00420,10,10,11,1,2025-07-21
133,H00433,H00435,10,10,2,0,2025-07-21
133,H00439,H00434,10,10,21,0,2025-07-21
133,H00457,H00445,11,11,21,1,2025-07-21
133,H00458,H00526,11,12,12,0,2025-07-21
133,H00507,H00520,12,12,16,0,2025-07-21
133,H00508,H00466,12,11,6,1,2025-07-21
133,H00513,H00406,12,10,2,1,2025-07-21
133,H00533,H00225,12,4,21,1,2025-07-21
133,H00539,H00526,12,12,23,0,2025-07-21
133,H00546,H00696,13,15,11,1,2025-07-21
133,H00559,H00583,13,13,22,1,2025-07-21
133,H00562,H00669,13,15,13,1,2025-07-21
133,H00572,H00292,13,6,22,0,2025-07-21
133,H00585,H00014,13,0,6,0,2025-07-21
133,H00598,H00544,13,13,20,1,2025-07-21
133,H00609,H00624,14,14,23,1,2025-07-21
133,H00621,H00651,14,14,24,1,2025-07-21
133,H00639,H00653,14,14,6,0,2025-07-21
133,H00660,H00708,14,15,14,0,2025-07-21
133,H00667,H00668,15,15,23,1,2025-07-21
133,H00669,H00689,15,15,19,1,2025-07-21
133,H00679,H00694,15,15,6,0,2025-07-21
133,H00689,H00674,15,15,4,1,2025-07-21
133,H00700,H00257,15,5,5,0,2025-07-21
133,H00709,H00458,15,11,19,0,2025-07-21
133,H00711,H00717,16,16,15,1,2025-07-21
133,H00748,H00858,16,19,23,0,2025-07-21
133,H00749,H00718,16,16,4,1,2025-07-21
133,H00766,H00798,17,17,21,0,2025-07-21
133,H00776,H00779,17,17,21,1,2025-07-21
133,H00784,H00789,17,17,14,0,2025-07-21
133,H00791,H00146,17,3,16,1,2025-07-21
133,H00798,H00765,17,17,23,1,2025-07-21
133,H00807,H00803,18,18,20,0,2025-07-21
133,H00809,H00025,18,0,9,1,2025-07-21
133,H00810,H00840,18,18,11,1,2025-07-21
133,H00814,H00824,18,18,14,1,2025-07-21
133,H00819,H00826,18,18,9,1,2025-07-21
133,H00824,H00856,18,19,16,1,2025-07-21
133,H00826,H00842,18,18,13,1,2025-07-21
133,H00843,H00862,19,19,16,0,2025-07-21
133,H00850,H00855,19,19,24,1,2025-07-21
133,H00853,H00867,19,19,12,0,2025-07-21
133,H00859,H00714,19,16,7,1,2025-07-21
133,H00860,H00847,19,19,11,1,2025-07-21
133,H00863,H00847,19,19,4,0,2025-07-21
133,H00866,H00859,19,19,6,1,2025-07-21
133,H00879,H00884,20,20,24,0,2025-07-21
133,H00881,H01015,20,24,8,1,2025-07-21
133,H00884,H00892,20,20,5,1,2025-07-21
133,H00890,H00424,20,10,18,0,2025-07-21
133,H00895,H00728,20,16,3,1,2025-07-21
133,H00896,H00927,21,21,21,0,2025-07-21
133,H00899,H00844,21,19,20,0,2025-07-21
133,H00900,H01098,21,27,2,1,2025-07-21
133,H00907,H00899,21,21,24,0,2025-07-21
133,H00914,H00920,21,21,20,0,2025-07-21
133,H00930,H00951,22,22,7,1,2025-07-21
133,H00931,H00933,22,22,19,1,2025-07-21
133,H00939,H00973,22,23,8,0,2025-07-21
133,H00942,H00945,22,22,2,1,2025-07-21
133,H00944,H00963,22,22,23,0,2025-07-21
133,H00952,H00894,22,20,6,0,2025-07-21
133,H00957,H00939,22,22,4,1,2025-07-21
133,H00965,H00987,23,23,3,1,2025-07-21
133,H00974,H00957,23,22,12,1,2025-07-21
133,H00979,H00957,23,22,14,1,2025-07-21
133,H01020,H01000,24,24,19,1,2025-07-21
133,H01021,H00942,24,22,23,1,2025-07-21
133,H01030,H00415,25,10,18,1,2025-07-21
133,H01036,H01023,25,25,24,1,2025-07-21
133,H01040,H01037,25,25,6,0,2025-07-21
133,H01042,H00952,25,22,3,0,2025-07-21
133,H01063,H00849,26,19,8,0,2025-07-21
133,H01068,H01066,26,26,18,1,2025-07-21
133,H01076,H01073,26,26,15,1,2025-07-21
133,H01077,H01090,27,27,19,0,2025-07-21
133,H01084,H01085,27,27,19,1,2025-07-21
133,H01086,H00490,27,11,19,1,2025-07-21
133,H01091,H01046,27,25,13,1,2025-07-21
133,H01105,H01097,27,27,16,1,2025-07-21
133,H01111,H01094,27,27,11,0,2025-07-21
134,H00000,H00012,0,0,13,1,2025-07-28
134,H00013,H00127,0,2,8,0,2025-07-28
134,H00037,H00002,0,0,7,1,2025-07-28
134,H00042,H00003,1,0,3,1,2025-07-28
134,H00060,H00050,1,1,16,1,2025-07-28
134,H00069,H00173,1,3,18,1,2025-07-28
134,H00076,H00070,1,1,12,0,2025-07-28
134,H00090,H00085,1,1,9,0,2025-07-28
134,H00096,H00134,1,2,2,1,2025-07-28
134,H00113,H00185,2,3,18,1,2025-07-28
134,H00117,H00115,2,2,14,0,2025-07-28
134,H00120,H00117,2,2,9,1,2025-07-28
134,H00124,H00123,2,2,3,0,2025-07-28
134,H00130,H00457,2,11,16,0,2025-07-28
134,H00143,H00180,3,3,24,1,2025-07-28
134,H00161,H00031,3,0,16,0,2025-07-28
134,H00163,H00125,3,2,20,1,2025-07-28
134,H00166,H00162,3,3,14,0,2025-07-28
134,H00174,H00145,3,3,4,0,2025-07-28
134,H00207,H00225,4,4,5,1,2025-07-28
134,H00212,H00917,4,21,10,1,2025-07-28
134,H00255,H00575,5,13,8,1,2025-07-28
134,H00264,H00267,5,5,5,0,2025-07-28
134,H00276,H00289,6,6,24,1,2025-07-28
134,H00280,H00287,6,6,11,0,2025-07-28
134,H00294,H00239,6,5,2,1,2025-07-28
134,H00297,H00294,6,6,16,0,2025-07-28
134,H00311,H00319,7,7,20,0,2025-07-28
134,H00316,H00312,7,7,19,0,2025-07-28
134,H00319,H00323,7,7,14,0,2025-07-28
134,H00348,H00366,8,8,3,0,2025-07-28
134,H00349,H00300,8,6,14,0,2025-07-28
134,H00352,H00361,8,8,19,1,2025-07-28
134,H00358,H00293,8,6,16,1,2025-07-28
134,H00383,H00377,9,9,12,0,2025-07-28
134,H00406,H00435,10,10,23,1,2025-07-28
134,H00410,H00416,10,10,5,0,2025-07-28
134,H00419,H00414,10,10,16,1,2025-07-28
134,H00425,H00002,10,0,22,1,2025-07-28
134,H00441,H00400,10,9,18,1,2025-07-28
134,H00461,H00475,11,11,18,0,2025-07-28
134,H00470,H00424,11,10,10,1,2025-07-28
134,H00489,H00618,11,14,5,0,2025-07-28
134,H00490,H00462,11,11,12,1,2025-07-28
134,H00491,H00490,11,11,9,0,2025-07-28
134,H00494,H00515,12,12,13,1,2025-07-28
134,H00517,H00518,12,12,22,1,2025-07-28
134,H00519,H00501,12,12,4,1,2025-07-28
134,H00524,H00102,12,2,14,1,2025-07-28
134,H00531,H00540,12,12,22,0,2025-07-28
134,H00537,H00537,12,12,8,0,2025-07-28
134,H00541,H00530,12,12,14,0,2025-07-28
134,H00570,H00592,13,13,6,1,2025-07-28
134,H00585,H00566,13,13,20,0,2025-07-28
134,H00587,H00029,13,0,16,1,2025-07-28
134,H00593,H00691,13,15,19,0,2025-07-28
134,H00598,H00542,13,13,3,1,2025-07-28
134,H00602,H00472,13,11,5,0,2025-07-28
134,H00606,H00661,14,14,3,1,2025-07-28
134,H00618,H00673,14,15,7,1,2025-07-28
134,H00620,H00623,14,14,22,0,2025-07-28
134,H00625,H00695,14,15,12,0,2025-07-28
134,H00627,H00613,14,14,3,1,2025-07-28
134,H00633,H00650,14,14,24,1,2025-07-28
134,H00636,H00312,14,7,8,0,2025-07-28
134,H00637,H00660,14,14,14,1,2025-07-28
134,H00639,H00604,14,14,4,0,2025-07-28
134,H00645,H00668,14,15,10,1,2025-07-28
134,H00648,H00655,14,14,23,0,2025-07-28
134,H00649,H00658,14,14,5,0,2025-07-28
134,H00689,H00171,15,3,11,0,2025-07-28
134,H00696,H00688,15,15,4,1,2025-07-28
134,H00699,H01077,15,27,12,1,2025-07-28
134,H00700,H00577,15,13,20,1,2025-07-28
134,H00710,H00733,16,16,24,1,2025-07-28
134,H00712,H00722,16,16,2,1,2025-07-28
134,H00720,H00740,16,16,7,1,2025-07-28
134,H00723,H00488,16,11,21,1,2025-07-28
134,H00733,H00215,16,4,24,0,2025-07-28
134,H00734,H00167,16,3,16,1,2025-07-28
134,H00739,H01018,16,24,17,0,2025-07-28
134,H00740,H00697,16,15,19,1,2025-07-28
134,H00751,H00760,17,17,19,1,2025-07-28
134,H00757,H00790,17,17,6,0,2025-07-28
134,H00769,H00780,17,17,7,1,2025-07-28
134,H00772,H00448,17,11,7,1,2025-07-28
134,H00775,H00773,17,17,5,1,2025-07-28
134,H00789,H00773,17,17,12,1,2025-07-28
134,H00790,H00817,17,18,18,0,2025-07-28
134,H00793,H00782,17,17,20,0,2025-07-28
134,H00803,H00819,18,18,6,0,2025-07-28
134,H00820,H00287,18,6,17,1,2025-07-28
134,H00823,H00826,18,18,3,1,2025-07-28
134,H00826,H00721,18,16,3,1,2025-07-28
134,H00830,H00857,18,19,11,0,2025-07-28
134,H00843,H00683,19,15,7,1,2025-07-28
134,H00849,H00021,19,0,12,1,2025-07-28
134,H00855,H00713,19,16,4,0,2025-07-28
134,H00872,H00878,20,20,9,0,2025-07-28
134,H00897,H00919,21,21,20,1,2025-07-28
134,H00913,H01075,21,26,19,1,2025-07-28
134,H00914,H01101,21,27,4,0,2025-07-28
134,H00917,H00372,21,8,12,0,2025-07-28
134,H00933,H00278,22,6,3,0,2025-07-28
134,H00946,H00962,22,22,18,1,2025-07-28
134,H00954,H00928,22,22,22,1,2025-07-28
134,H00958,H00953,22,22,18,0,2025-07-28
134,H00962,H00863,22,19,3,1,2025-07-28
134,H00980,H00988,23,23,19,1,2025-07-28
134,H00983,H00473,23,11,12,1,2025-07-28
134,H00989,H00980,23,23,18,1,2025-07-28
134,H01010,H00938,24,22,13,1,2025-07-28
134,H01013,H00131,24,2,3,1,2025-07-28
134,H01020,H01019,24,24,12,1,2025-07-28
134,H01035,H01002,25,24,7,1,2025-07-28
134,H01043,H01046,25,25,19,1,2025-07-28
134,H01047,H00867,25,19,8,1,2025-07-28
134,H01072,H01061,26,26,20,0,2025-07-28
134,H01087,H01089,27,27,7,1,2025-07-28
134,H01097,H01108,27,27,12,1,2025-07-28
135,H00001,H00101,0,2,14,1,2025-08-04
135,H00010,H00714,0,16,23,1,2025-08-04
135,H00014,H00465,0,11,17,0,2025-08-04
135,H00035,H00036,0,0,19,0,2025-08-04
135,H00047,H00050,1,1,12,0,2025-08-04
135,H00049,H00093,1,1,5,1,2025-08-04
135,H00054,H00068,1,1,24,1,2025-08-04
135,H00055,H00095,1,1,16,0,2025-08-04
135,H00061,H00539,1,12,23,1,2025-08-04
135,H00062,H00080,1,1,2,0,2025-08-04
135,H00091,H00148,1,3,17,1,2025-08-04
135,H00099,H00285,2,6,12,1,2025-08-04
135,H00122,H00133,2,2,2,0,2025-08-04
135,H00126,H00107,2,2,14,0,2025-08-04
135,H00147,H00158,3,3,11,0,2025-08-04
135,H00177,H00144,3,3,19,0,2025-08-04
135,H00179,H00446,3,11,19,1,2025-08-04
135,H00186,H00169,3,3,14,0,2025-08-04
135,H00199,H00475,4,11,17,0,2025-08-04
135,H00201,H00010,4,0,14,1,2025-08-04
135,H00216,H00682,4,15,12,1,2025-08-04
135,H00222,H00229,4,4,18,1,2025-08-04
135,H00224,H00184,4,3,3,1,2025-08-04
135,H00225,H00197,4,4,20,0,2025-08-04
135,H00233,H00246,5,5,17,1,2025-08-04
135,H00248,H00241,5,5,8,0,2025-08-04
135,H00249,H00594,5,13,3,1,2025-08-04
135,H00270,H00031,5,0,3,0,2025-08-04
135,H00273,H00254,5,5,4,1,2025-08-04
135,H00285,H00948,6,22,19,1,2025-08-04
135,H00298,H00376,6,9,2,1,2025-08-04
135,H00299,H00278,6,6,5,0,2025-08-04
135,H00324,H00332,7,7,24,1,2025-08-04
135,H00336,H00137,7,2,2,1,2025-08-04
135,H00349,H00482,8,11,11,1,2025-08-04
135,H00368,H00177,8,3,21,0,2025-08-04
135,H00377,H00381,9,9,19,1,2025-08-04
135,H00380,H00317,9,7,19,1,2025-08-04
135,H00392,H00298,9,6,10,1,2025-08-04
135,H00406,H00284,10,6,10,1,2025-08-04
135,H00424,H00421,10,10,4,1,2025-08-04
135,H00431,H00437,10,10,24,0,2025-08-04
135,H00435,H00953,10,22,6,1,2025-08-04
135,H00449,H00297,11,6,4,0,2025-08-04
135,H00465,H00442,11,11,21,0,2025-08-04
135,H00469,H00474,11,11,23,1,2025-08-04
135,H00474,H00489,11,11,15,1,2025-08-04
135,H00487,H00473,11,11,17,1,2025-08-04
135,H00498,H00512,12,12,24,1,2025-08-04
135,H00506,H00324,12,7,13,1,2025-08-04
135,H00514,H00453,12,11,13,1,2025-08-04
135,H00517,H00501,12,12,4,0,2025-08-04
135,H00521,H00453,12,11,11,0,2025-08-04
135,H00525,H00509,12,12,4,0,2025-08-04
135,H00539,H00166,12,3,20,1,2025-08-04
135,H00552,H00531,13,12,16,1,2025-08-04
135,H00557,H00543,13,13,23,1,2025-08-04
135,H00560,H00516,13,12,20,1,2025-08-04
135,H00574,H00601,13,13,21,1,2025-08-04
135,H00579,H00664,13,15,6,1,2025-08-04
135,H00587,H00014,13,0,16,1,2025-08-04
135,H00592,H00471,13,11,2,0,2025-08-04
135,H00600,H00559,13,13,8,1,2025-08-04
135,H00605,H00612,14,14,24,1,2025-08-04
135,H00624,H00460,14,11,22,1,2025-08-04
135,H00640,H00602,14,13,22,1,2025-08-04
135,H00653,H00688,14,15,6,1,2025-08-04
135,H00654,H00649,14,14,16,1,2025-08-04
135,H00658,H00459,14,11,9,0,2025-08-04
135,H00675,H00666,15,15,2,0,2025-08-04
135,H00706,H00709,15,15,4,0,2025-08-04
135,H00707,H00305,15,6,17,1,2025-08-04
135,H00716,H00728,16,16,19,1,2025-08-04
135,H00721,H00727,16,16,19,0,2025-08-04
135,H00730,H00729,16,16,10,1,2025-08-04
135,H00736,H00722,16,16,4,0,2025-08-04
135,H00738,H00701,16,15,14,0,2025-08-04
135,H00745,H00825,16,18,17,1,2025-08-04
135,H00750,H00730,16,16,4,1,2025-08-04
135,H00751,H00786,17,17,11,0,2025-08-04
135,H00756,H00780,17,17,7,1,2025-08-04
135,H00762,H00855,17,19,9,1,2025-08-04
135,H00774,H00682,17,15,3,0,2025-08-04
135,H00802,H00808,18,18,12,0,2025-08-04
135,H00810,H00836,18,18,16,0,2025-08-04
135,H00822,H00485,18,11,15,0,2025-08-04
135,H00830,H00829,18,18,2,0,2025-08-04
135,H00843,H00847,19,19,7,1,2025-08-04
135,H00851,H00840,19,18,19,1,2025-08-04
135,H00876,H00887,20,20,9,1,2025-08-04
135,H00885,H00938,20,22,11,1,2025-08-04
135,H00889,H00880,20,20,8,1,2025-08-04
135,H00890,H01084,20,27,14,0,2025-08-04
135,H00893,H00888,20,20,4,1,2025-08-04
135,H00899,H00923,21,21,4,1,2025-08-04
135,H00906,H00849,21,19,15,0,2025-08-04
135,H00907,H00729,21,16,10,1,2025-08-04
135,H00915,H00927,21,21,14,0,2025-08-04
135,H00916,H00918,21,21,15,1,2025-08-04
135,H00927,H00900,21,21,15,1,2025-08-04
135,H00928,H00329,22,7,6,1,2025-08-04
135,H00939,H00946,22,22,16,1,2025-08-04
135,H00954,H00948,22,22,5,1,2025-08-04
135,H00962,H00948,22,22,14,1,2025-08-04
135,H00970,H00956,23,22,12,0,2025-08-04
135,H00985,H00865,23,19,16,1,2025-08-04
135,H01005,H01020,24,24,11,0,2025-08-04
135,H01010,H01045,24,25,6,1,2025-08-04
135,H01013,H01081,24,27,21,0,2025-08-04
135,H01014,H00999,24,24,3,1,2025-08-04
135,H01015,H01018,24,24,24,1,2025-08-04
135,H01021,H00836,24,18,5,1,2025-08-04
135,H01024,H01050,25,25,12,0,2025-08-04
135,H01030,H01051,25,25,15,1,2025-08-04
135,H01033,H01024,25,25,9,1,2025-08-04
135,H01035,H00942,25,22,5,1,2025-08-04
135,H01059,H01055,26,26,24,1,2025-08-04
135,H01072,H00951,26,22,23,1,2025-08-04
135,H01081,H01105,27,27,13,1,2025-08-04
135,H01092,H00675,27,15,17,1,2025-08-04
135,H01096,H01096,27,27,3,1,2025-08-04
135,H01107,H00956,27,22,11,0,2025-08-04
135,H01110,H00964,27,22,5,1,2025-08-04
136,H00015,H00035,0,0,6,0,2025-08-11
136,H00016,H00313,0,7,5,0,2025-08-11
136,H00019,H00321,0,7,10,1,2025-08-11
136,H00020,H00407,0,10,9,1,2025-08-11
136,H00025,H00008,0,0,13,1,2025-08-11
136,H00029,H00000,0,0,2,1,2025-08-11
136,H00038,H00015,0,0,3,1,2025-08-11
136,H00042,H00069,1,1,9,1,2025-08-11
136,H00047,H00068,1,1,17,1,2025-08-11
136,H00059,H00066,1,1,12,0,2025-08-11
136,H00066,H00100,1,2,17,1,2025-08-11
136,H00079,H00046,1,1,2,1,2025-08-11
136,H00087,H00141,1,2,20,1,2025-08-11
136,H00099,H00013,2,0,5,1,2025-08-11
136,H00104,H00292,2,6,3,0,2025-08-11
136,H00129,H00116,2,2,22,1,2025-08-11
136,H00137,H00487,2,11,23,1,2025-08-11
136,H00146,H00144,3,3,17,1,2025-08-11
136,H00155,H00619,3,14,20,1,2025-08-11
136,H00166,H00153,3,3,14,1,2025-08-11
136,H00187,H00034,4,0,21,1,2025-08-11
136,H00195,H00200,4,4,23,0,2025-08-11
136,H00198,H00178,4,3,23,1,2025-08-11
136,H00203,H00546,4,13,23,1,2025-08-11
136,H00226,H00187,4,4,6,1,2025-08-11
136,H00229,H00190,4,4,22,0,2025-08-11
136,H00262,H00273,5,5,24,0,2025-08-11
136,H00264,H00253,5,5,3,1,2025-08-11
136,H00276,H00765,6,17,3,1,2025-08-11
136,H00285,H00304,6,6,22,1,2025-08-11
136,H00309,H00473,7,11,20,1,2025-08-11
136,H00322,H00123,7,2,12,1,2025-08-11
136,H00329,H00969,7,23,5,0,2025-08-11
136,H00334,H00315,7,7,13,1,2025-08-11
136,H00337,H00726,8,16,11,1,2025-08-11
136,H00343,H00363,8,8,16,0,2025-08-11
136,H00353,H00347,8,8,20,1,2025-08-11
136,H00361,H00345,8,8,18,0,2025-08-11
136,H00363,H00353,8,8,6,1,2025-08-11
136,H00364,H00303,8,6,19,1,2025-08-11
136,H00367,H00344,8,8,5,1,2025-08-11
136,H00371,H00106,8,2,4,1,2025-08-11
136,H00372,H00545,8,13,19,1,2025-08-11
136,H00377,H00635,9,14,5,1,2025-08-11
136,H00379,H00317,9,7,14,1,2025-08-11
136,H00385,H00404,9,9,13,1,2025-08-11
136,H00399,H00379,9,9,23,1,2025-08-11
136,H00414,H00313,10,7,3,1,2025-08-11
136,H00418,H00667,10,15,15,1,2025-08-11
136,H00423,H00431,10,10,9,1,2025-08-11
136,H00441,H00408,10,10,4,0,2025-08-11
136,H00448,H00454,11,11,20,0,2025-08-11
136,H00459,H00490,11,11,13,1,2025-08-11
136,H00462,H00330,11,7,19,1,2025-08-11
136,H00475,H00459,11,11,2,0,2025-08-11
136,H00500,H00680,12,15,12,0,2025-08-11
136,H00502,H00495,12,12,24,0,2025-08-11
136,H00510,H00536,12,12,17,0,2025-08-11
136,H00533,H00523,12,12,23,1,2025-08-11
136,H00537,H00743,12,16,19,1,2025-08-11
136,H00540,H00522,12,12,24,1,2025-08-11
136,H00549,H00578,13,13,17,0,2025-08-11
136,H00552,H00562,13,13,5,1,2025-08-11
136,H00559,H00596,13,13,14,1,2025-08-11
136,H00575,H00697,13,15,13,1,2025-08-11
136,H00583,H00674,13,15,3,1,2025-08-11
136,H00602,H00589,13,13,8,1,2025-08-11
136,H00634,H00616,14,14,7,0,2025-08-11
136,H00643,H00656,14,14,18,1,2025-08-11
136,H00651,H00294,14,6,6,1,2025-08-11
136,H00660,H00659,14,14,15,0,2025-08-11
136,H00664,H00551,15,13,7,1,2025-08-11
136,H00670,H00614,15,14,9,0,2025-08-11
136,H00673,H00685,15,15,2,0,2025-08-11
136,H00674,H00665,15,15,21,0,2025-08-11
136,H00687,H00856,15,19,10,1,2025-08-11
136,H00697,H00463,15,11,22,1,2025-08-11
136,H00701,H00679,15,15,15,0,2025-08-11
136,H00712,H00759,16,17,23,1,2025-08-11
136,H00724,H00728,16,16,2,1,2025-08-11
136,H00727,H00744,16,16,14,1,2025-08-11
136,H00753,H00213,17,4,9,0,2025-08-11
136,H00754,H00472,17,11,19,1,2025-08-11
136,H00762,H00717,17,16,20,1,2025-08-11
136,H00766,H00786,17,17,22,1,2025-08-11
136,H00769,H00777,17,17,24,1,2025-08-11
136,H00771,H00770,17,17,22,0,2025-08-11
136,H00774,H00804,17,18,11,0,2025-08-11
136,H00784,H00743,17,16,9,1,2025-08-11
136,H00814,H00859,18,19,13,0,2025-08-11
136,H00826,H00823,18,18,3,1,2025-08-11
136,H00843,H00870,19,19,15,1,2025-08-11
136,H00855,H00850,19,19,15,0,2025-08-11
136,H00857,H00746,19,16,21,1,2025-08-11
136,H00899,H00730,21,16,22,0,2025-08-11
136,H00904,H00901,21,21,6,1,2025-08-11
136,H00909,H00030,21,0,20,1,2025-08-11
136,H00915,H00911,21,21,19,0,2025-08-11
136,H00916,H00927,21,21,20,1,2025-08-11
136,H00928,H00856,22,19,13,1,2025-08-11
136,H00965,H00309,23,7,3,1,2025-08-11
136,H00970,H01004,23,24,13,1,2025-08-11
136,H00971,H00977,23,23,21,0,2025-08-11
136,H00976,H00965,23,23,14,0,2025-08-11
136,H00982,H00967,23,23,23,1,2025-08-11
136,H00991,H00411,23,10,3,1,2025-08-11
136,H00997,H01004,24,24,8,1,2025-08-11
136,H01009,H01000,24,24,6,0,2025-08-11
136,H01013,H01021,24,24,18,0,2025-08-11
136,H01044,H01029,25,25,9,0,2025-08-11
136,H01045,H01026,25,25,4,1,2025-08-11
136,H01047,H00745,25,16,10,1,2025-08-11
136,H01057,H00435,26,10,11,0,2025-08-11
136,H01058,H01065,26,26,10,0,2025-08-11
136,H01062,H01066,26,26,17,1,2025-08-11
136,H01065,H01058,26,26,18,1,2025-08-11
136,H01066,H01068,26,26,15,0,2025-08-11
136,H01070,H00962,26,22,10,1,2025-08-11
136,H01072,H01074,26,26,12,0,2025-08-11
136,H01076,H01073,26,26,5,0,2025-08-11
136,H01077,H01084,27,27,20,0,2025-08-11
136,H01079,H00950,27,22,12,0,2025-08-11
136,H01082,H00219,27,4,20,0,2025-08-11
136,H01098,H01086,27,27,15,0,2025-08-11
136,H01105,H01103,27,27,4,1,2025-08-11
137,H00012,H00029,0,0,18,1,2025-08-18
137,H00022,H00011,0,0,21,1,2025-08-18
137,H00027,H00024,0,0,22,0,2025-08-18
137,H00028,H00447,0,11,23,0,2025-08-18
137,H00050,H00085,1,1,14,0,2025-08-18
137,H00060,H00080,1,1,22,1,2025-08-18
137,H00062,H00084,1,1,3,0,2025-08-18
137,H00065,H00519,1,12,16,1,2025-08-18
137,H00074,H00089,1,1,6,1,2025-08-18
137,H00086,H00089,1,1,13,0,2025-08-18
137,H00091,H00080,1,1,13,1,2025-08-18
137,H00096,H00081,1,1,11,1,2025-08-18
137,H00099,H00684,2,15,21,1,2025-08-18
137,H00102,H00702,2,15,22,1,2025-08-18
137,H00122,H00108,2,2,9,1,2025-08-18
137,H00133,H00112,2,2,15,0,2025-08-18
137,H00135,H00116,2,2,14,1,2025-08-18
137,H00136,H00113,2,2,2,0,2025-08-18
137,H00137,H00110,2,2,20,1,2025-08-18
137,H00139,H00099,2,2,20,1,2025-08-18
137,H00159,H00173,3,3,19,1,2025-08-18
137,H00166,H00134,3,2,18,0,2025-08-18
137,H00170,H00163,3,3,16,0,2025-08-18
137,H00174,H00154,3,3,24,0,2025-08-18
137,H00177,H00174,3,3,8,1,2025-08-18
137,H00189,H00678,4,15,7,1,2025-08-18
137,H00207,H00794,4,17,11,0,2025-08-18
137,H00224,H00215,4,4,13,0,2025-08-18
137,H00262,H00267,5,5,10,1,2025-08-18
137,H00269,H00235,5,5,11,1,2025-08-18
137,H00273,H00245,5,5,15,0,2025-08-18
137,H00276,H00288,6,6,6,1,2025-08-18
137,H00281,H00113,6,2,17,1,2025-08-18
137,H00284,H00291,6,6,18,0,2025-08-18
137,H00291,H00293,6,6,7,1,2025-08-18
137,H00294,H00317,6,7,9,0,2025-08-18
137,H00310,H00323,7,7,14,1,2025-08-18
137,H00319,H00950,7,22,14,0,2025-08-18
137,H00328,H00482,7,11,23,1,2025-08-18
137,H00329,H00409,7,10,12,1,2025-08-18
137,H00330,H00328,7,7,10,1,2025-08-18
137,H00362,H00368,8,8,17,0,2025-08-18
137,H00364,H00368,8,8,16,0,2025-08-18
137,H00404,H00404,9,9,4,1,2025-08-18
137,H00406,H00343,10,8,10,1,2025-08-18
137,H00413,H00281,10,6,15,0,2025-08-18
137,H00424,H00441,10,10,2,1,2025-08-18
137,H00425,H00441,10,10,9,0,2025-08-18
137,H00428,H00427,10,10,6,1,2025-08-18
137,H00436,H00474,10,11,24,0,2025-08-18
137,H00443,H00477,11,11,7,0,2025-08-18
137,H00476,H00461,11,11,8,0,2025-08-18
137,H00497,H00110,12,2,7,0,2025-08-18
137,H00502,H00530,12,12,13,0,2025-08-18
137,H00503,H00006,12,0,10,1,2025-08-18
137,H00513,H00513,12,12,12,1,2025-08-18
137,H00517,H00527,12,12,5,1,2025-08-18
137,H00523,H00525,12,12,9,1,2025-08-18
137,H00524,H00453,12,11,7,0,2025-08-18
137,H00525,H00458,12,11,5,1,2025-08-18
137,H00530,H00498,12,12,10,1,2025-08-18
137,H00536,H00541,12,12,12,1,2025-08-18
137,H00545,H00666,13,15,12,0,2025-08-18
137,H00547,H00594,13,13,12,1,2025-08-18
137,H00548,H00569,13,13,10,0,2025-08-18
137,H00553,H00585,13,13,9,0,2025-08-18
137,H00558,H00568,13,13,21,0,2025-08-18
137,H00566,H00670,13,15,24,1,2025-08-18
137,H00577,H00595,13,13,2,1,2025-08-18
137,H00587,H00567,13,13,10,0,2025-08-18
137,H00594,H00558,13,13,8,1,2025-08-18
137,H00610,H00604,14,14,7,0,2025-08-18
137,H00638,H00033,14,0,9,1,2025-08-18
137,H00649,H00609,14,14,20,1,2025-08-18
137,H00659,H00632,14,14,8,1,2025-08-18
137,H00670,H00697,15,15,8,1,2025-08-18
137,H00680,H00679,15,15,14,1,2025-08-18
137,H00710,H00713,16,16,9,1,2025-08-18
137,H00738,H00488,16,11,21,0,2025-08-18
137,H00740,H00620,16,14,16,1,2025-08-18
137,H00749,H00746,16,16,5,1,2025-08-18
137,H00750,H00715,16,16,5,1,2025-08-18
137,H00751,H00970,17,23,15,0,2025-08-18
137,H00752,H00795,17,17,12,0,2025-08-18
137,H00754,H00023,17,0,22,1,2025-08-18
137,H00763,H00330,17,7,5,1,2025-08-18
137,H00768,H00721,17,16,18,1,2025-08-18
137,H00774,H00762,17,17,3,1,2025-08-18
137,H00789,H00774,17,17,23,0,2025-08-18
137,H00792,H00793,17,17,7,0,2025-08-18
137,H00794,H00795,17,17,12,0,2025-08-18
137,H00796,H00752,17,17,18,1,2025-08-18
137,H00802,H00734,18,16,15,1,2025-08-18
137,H00817,H00830,18,18,11,1,2025-08-18
137,H00818,H00759,18,17,16,0,2025-08-18
137,H00832,H00809,18,18,12,1,2025-08-18
137,H00834,H00736,18,16,6,0,2025-08-18
137,H00838,H00449,18,11,8,1,2025-08-18
137,H00847,H00844,19,19,4,1,2025-08-18
137,H00848,H00942,19,22,17,1,2025-08-18
137,H00853,H00722,19,16,9,0,2025-08-18
137,H00855,H00857,19,19,19,1,2025-08-18
137,H00880,H00877,20,20,18,1,2025-08-18
137,H00884,H00884,20,20,17,1,2025-08-18
137,H00899,H00906,21,21,24,0,2025-08-18
137,H00919,H00718,21,16,14,1,2025-08-18
137,H00925,H00885,21,20,7,1,2025-08-18
137,H00926,H00900,21,21,14,1,2025-08-18
137,H00928,H00916,22,21,14,1,2025-08-18
137,H00930,H00931,22,22,18,0,2025-08-18
137,H00938,H00946,22,22,17,1,2025-08-18
137,H00948,H00953,22,22,23,1,2025-08-18
137,H00958,H00955,22,22,4,0,2025-08-18
137,H00963,H00930,22,22,8,0,2025-08-18
137,H00967,H00979,23,23,20,1,2025-08-18
137,H00997,H00965,24,23,2,0,2025-08-18
137,H01004,H01019,24,24,5,0,2025-08-18
137,H01006,H00996,24,24,7,1,2025-08-18
137,H01018,H01014,24,24,14,0,2025-08-18
137,H01023,H01051,25,25,15,0,2025-08-18
137,H01037,H01045,25,25,7,1,2025-08-18
137,H01049,H01040,25,25,11,1,2025-08-18
137,H01057,H01058,26,26,23,1,2025-08-18
137,H01066,H01074,26,26,21,1,2025-08-18
137,H01074,H01056,26,26,23,1,2025-08-18
138,H00010,H00036,0,0,24,1,2025-08-25
138,H00015,H00704,0,15,23,0,2025-08-25
138,H00037,H00591,0,13,10,1,2025-08-25
138,H00050,H00084,1,1,21,1,2025-08-25
138,H00057,H00096,1,1,24,0,2025-08-25
138,H00060,H00063,1,1,13,0,2025-08-25
138,H00063,H00711,1,16,11,0,2025-08-25
138,H00077,H00064,1,1,18,1,2025-08-25
138,H00087,H00405,1,9,11,1,2025-08-25
138,H00091,H00086,1,1,24,1,2025-08-25
138,H00094,H00055,1,1,23,1,2025-08-25
138,H00096,H00237,1,5,11,0,2025-08-25
138,H00116,H00133,2,2,2,1,2025-08-25
138,H00123,H00115,2,2,23,1,2025-08-25
138,H00126,H00688,2,15,7,0,2025-08-25
138,H00127,H00111,2,2,4,1,2025-08-25
138,H00129,H00105,2,2,15,0,2025-08-25
138,H00135,H00129,2,2,4,1,2025-08-25
138,H00147,H00172,3,3,12,1,2025-08-25
138,H00151,H00170,3,3,22,1,2025-08-25
138,H00168,H00164,3,3,5,1,2025-08-25
138,H00169,H00058,3,1,22,1,2025-08-25
138,H00170,H00144,3,3,6,1,2025-08-25
138,H00171,H00211,3,4,8,1,2025-08-25
138,H00195,H00222,4,4,20,1,2025-08-25
138,H00199,H00018,4,0,22,1,2025-08-25
138,H00212,H00239,4,5,23,1,2025-08-25
138,H00215,H00567,4,13,11,1,2025-08-25
138,H00216,H00194,4,4,14,1,2025-08-25
138,H00217,H00862,4,19,18,0,2025-08-25
138,H00220,H00258,4,5,2,1,2025-08-25
138,H00245,H00232,5,5,3,0,2025-08-25
138,H00267,H00247,5,5,2,1,2025-08-25
138,H00272,H00260,5,5,16,0,2025-08-25
138,H00276,H00307,6,6,24,1,2025-08-25
138,H00287,H00718,6,16,13,0,2025-08-25
138,H00289,H00291,6,6,4,0,2025-08-25
138,H00290,H00299,6,6,10,0,2025-08-25
138,H00291,H00289,6,6,20,0,2025-08-25
138,H00294,H00333,6,7,17,0,2025-08-25
138,H00296,H00279,6,6,6,0,2025-08-25
138,H00306,H00291,6,6,4,1,2025-08-25
138,H00307,H00426,6,10,2,1,2025-08-25
138,H00311,H00327,7,7,4,1,2025-08-25
138,H00324,H00421,7,10,14,1,2025-08-25
138,H00341,H00125,8,2,2,1,2025-08-25
138,H00345,H00317,8,7,12,1,2025-08-25
138,H00355,H00355,8,8,9,0,2025-08-25
138,H00361,H00338,8,8,10,1,2025-08-25
138,H00362,H00735,8,16,22,0,2025-08-25
138,H00370,H00348,8,8,13,0,2025-08-25
138,H00387,H00398,9,9,8,0,2025-08-25
138,H00389,H00402,9,9,8,0,2025-08-25
138,H00391,H00467,9,11,14,1,2025-08-25
138,H00405,H00395,9,9,20,0,2025-08-25
138,H00406,H00585,10,13,12,0,2025-08-25
138,H00427,H00409,10,10,20,1,2025-08-25
138,H00428,H00428,10,10,17,1,2025-08-25
138,H00438,H00291,10,6,22,1,2025-08-25
138,H00443,H00479,11,11,19,0,2025-08-25
138,H00450,H00127,11,2,2,0,2025-08-25
138,H00458,H00449,11,11,17,1,2025-08-25
138,H00460,H00492,11,11,3,0,2025-08-25
138,H00463,H00492,11,11,10,0,2025-08-25
138,H00468,H00472,11,11,21,1,2025-08-25
138,H00473,H00461,11,11,11,1,2025-08-25
138,H00478,H00012,11,0,9,0,2025-08-25
138,H00479,H00313,11,7,20,1,2025-08-25
138,H00480,H00462,11,11,21,1,2025-08-25
138,H00485,H00470,11,11,24,1,2025-08-25
138,H00495,H00531,12,12,17,1,2025-08-25
138,H00512,H00507,12,12,8,1,2025-08-25
138,H00527,H00536,12,12,15,1,2025-08-25
138,H00538,H00325,12,7,8,1,2025-08-25
138,H00541,H00508,12,12,20,0,2025-08-25
138,H00551,H00336,13,7,7,1,2025-08-25
138,H00565,H00568,13,13,20,0,2025-08-25
138,H00597,H00573,13,13,17,1,2025-08-25
138,H00603,H00548,13,13,8,1,2025-08-25
138,H00606,H00628,14,14,12,0,2025-08-25
138,H00623,H00656,14,14,16,0,2025-08-25
138,H00631,H00667,14,15,12,1,2025-08-25
138,H00638,H00627,14,14,14,0,2025-08-25
138,H00639,H00692,14,15,24,1,2025-08-25
138,H00647,H00693,14,15,22,0,2025-08-25
138,H00651,H00612,14,14,12,1,2025-08-25
138,H00656,H00512,14,12,15,0,2025-08-25
138,H00666,H00663,15,15,17,1,2025-08-25
138,H00669,H00440,15,10,3,1,2025-08-25
138,H00670,H00685,15,15,15,0,2025-08-25
138,H00688,H00703,15,15,8,1,2025-08-25
138,H00693,H00594,15,13,20,0,2025-08-25
138,H00710,H00710,16,16,21,1,2025-08-25
138,H00711,H00837,16,18,14,1,2025-08-25
138,H00714,H00453,16,11,21,1,2025-08-25
138,H00717,H01016,16,24,18,1,2025-08-25
138,H00722,H00905,16,21,13,1,2025-08-25
138,H00736,H00720,16,16,9,1,2025-08-25
138,H00753,H00775,17,17,11,0,2025-08-25
138,H00755,H00449,17,11,13,1,2025-08-25
138,H00762,H00778,17,17,16,0,2025-08-25
138,H00770,H00751,17,17,8,1,2025-08-25
138,H00785,H00475,17,11,6,1,2025-08-25
138,H00805,H00809,18,18,14,1,2025-08-25
138,H00850,H00552,19,13,2,1,2025-08-25
138,H00852,H00869,19,19,14,0,2025-08-25
138,H00873,H00881,20,20,4,0,2025-08-25
138,H00878,H00874,20,20,10,1,2025-08-25
138,H00882,H01038,20,25,16,0,2025-08-25
138,H00887,H00874,20,20,5,1,2025-08-25
138,H00910,H00936,21,22,23,1,2025-08-25
138,H00942,H00958,22,22,18,1,2025-08-25
138,H00951,H00939,22,22,10,1,2025-08-25
138,H00996,H01003,24,24,4,1,2025-08-25
138,H01005,H01016,24,24,10,0,2025-08-25
138,H01006,H01010,24,24,4,0,2025-08-25
138,H01011,H00997,24,24,21,0,2025-08-25
138,H01014,H00994,24,24,17,1,2025-08-25
138,H01017,H01006,24,24,16,0,2025-08-25
138,H01024,H00933,25,22,23,0,2025-08-25
138,H01032,H01039,25,25,18,1,2025-08-25
138,H01036,H01040,25,25,24,1,2025-08-25
138,H01049,H01030,25,25,19,0,2025-08-25
138,H01051,H00712,25,16,16,1,2025-08-25
138,H01066,H01056,26,26,16,1,2025-08-25
138,H01067,H00129,26,2,23,0,2025-08-25
138,H01069,H01059,26,26,4,1,2025-08-25
138,H01078,H00410,27,10,2,1,2025-08-25
138,H01095,H01095,27,27,17,1,2025-08-25
138,H01104,H01087,27,27,18,0,2025-08-25
138,H01107,H00285,27,6,11,1,2025-08-25
138,H01108,H01098,27,27,22,1,2025-08-25
139,H00000,H00132,0,2,7,1,2025-09-01
139,H00002,H00166,0,3,18,0,2025-09-01
139,H00012,H00134,0,2,5,0,2025-09-01
139,H00019,H00100,0,2,4,1,2025-09-01
139,H00020,H00035,0,0,19,1,2025-09-01
139,H00024,H00034,0,0,8,0,2025-09-01
139,H00035,H00016,0,0,17,0,2025-09-01
139,H00051,H00031,1,0,2,1,2025-09-01
139,H00057,H00142,1,2,13,0,2025-09-01
139,H00071,H00071,1,1,8,0,2025-09-01
139,H00094,H00095,1,1,12,1,2025-09-01
139,H00097,H00051,1,1,19,0,2025-09-01
139,H00099,H00131,2,2,19,1,2025-09-01
139,H00117,H00117,2,2,23,1,2025-09-01
139,H00140,H00121,2,2,9,1,2025-09-01
139,H00143,H00115,3,2,13,1,2025-09-01
139,H00145,H00165,3,3,22,0,2025-09-01
139,H00161,H00001,3,0,21,1,2025-09-01
139,H00169,H00261,3,5,7,1,2025-09-01
139,H00173,H00180,3,3,7,0,2025-09-01
139,H00183,H00156,3,3,18,1,2025-09-01
139,H00196,H00229,4,4,15,1,2025-09-01
139,H00197,H00858,4,19,23,0,2025-09-01
139,H00222,H00227,4,4,6,1,2025-09-01
139,H00232,H00280,5,6,10,1,2025-09-01
139,H00234,H00243,5,5,20,0,2025-09-01
139,H00240,H00015,5,0,11,0,2025-09-01
139,H00245,H00236,5,5,6,1,2025-09-01
139,H00246,H00232,5,5,15,1,2025-09-01
139,H00249,H00024,5,0,4,1,2025-09-01
139,H00256,H00249,5,5,24,1,2025-09-01
139,H00257,H00021,5,0,19,0,2025-09-01
139,H00263,H00238,5,5,18,1,2025-09-01
139,H00264,H00331,5,7,14,0,2025-09-01
139,H00265,H00265,5,5,14,1,2025-09-01
139,H00269,H00256,5,5,10,0,2025-09-01
139,H00273,H00075,5,1,11,0,2025-09-01
139,H00295,H00315,6,7,20,0,2025-09-01
139,H00309,H00443,7,11,13,1,2025-09-01
139,H00312,H00321,7,7,19,1,2025-09-01
139,H00322,H00323,7,7,9,1,2025-09-01
139,H00340,H00325,8,7,3,1,2025-09-01
139,H00353,H00352,8,8,22,1,2025-09-01
139,H00354,H00373,8,8,21,1,2025-09-01
139,H00404,H00124,9,2,24,1,2025-09-01
139,H00408,H00343,10,8,2,1,2025-09-01
139,H00412,H00358,10,8,7,1,2025-09-01
139,H00417,H00414,10,10,18,0,2025-09-01
139,H00442,H00451,11,11,17,1,2025-09-01
139,H00468,H00304,11,6,8,1,2025-09-01
139,H00484,H00314,11,7,8,0,2025-09-01
139,H00487,H00130,11,2,8,1,2025-09-01
139,H00491,H00852,11,19,22,1,2025-09-01
139,H00517,H00515,12,12,8,0,2025-09-01
139,H00547,H00680,13,15,17,0,2025-09-01
139,H00552,H00021,13,0,19,1,2025-09-01
139,H00566,H00421,13,10,9,1,2025-09-01
139,H00588,H00861,13,19,22,1,2025-09-01
139,H00591,H00555,13,13,2,1,2025-09-01
139,H00599,H00688,13,15,14,0,2025-09-01
139,H00601,H00440,13,10,2,1,2025-09-01
139,H00606,H00859,14,19,9,0,2025-09-01
139,H00623,H00107,14,2,8,0,2025-09-01
139,H00639,H00473,14,11,18,0,2025-09-01
139,H00640,H00654,14,14,18,1,2025-09-01
139,H00653,H00651,14,14,18,0,2025-09-01
139,H00654,H00334,14,7,6,1,2025-09-01
139,H00664,H00686,15,15,9,0,2025-09-01
139,H00665,H00667,15,15,5,1,2025-09-01
139,H00695,H00680,15,15,16,1,2025-09-01
139,H00703,H00846,15,19,8,1,2025-09-01
139,H00714,H00288,16,6,14,0,2025-09-01
139,H00718,H00806,16,18,4,1,2025-09-01
139,H00722,H00748,16,16,15,1,2025-09-01
139,H00723,H00733,16,16,11,1,2025-09-01
139,H00730,H00728,16,16,16,0,2025-09-01
139,H00753,H00002,17,0,7,1,2025-09-01
139,H00758,H00781,17,17,5,0,2025-09-01
139,H00765,H00771,17,17,15,0,2025-09-01
139,H00766,H00321,17,7,5,1,2025-09-01
139,H00784,H00325,17,7,6,1,2025-09-01
139,H00787,H00277,17,6,12,0,2025-09-01
139,H00788,H00788,17,17,6,0,2025-09-01
139,H00794,H00753,17,17,11,1,2025-09-01
139,H00796,H00787,17,17,24,0,2025-09-01
139,H00798,H00528,17,12,23,0,2025-09-01
139,H00799,H00892,17,20,14,1,2025-09-01
139,H00802,H00824,18,18,18,1,2025-09-01
139,H00814,H00837,18,18,2,1,2025-09-01
139,H00828,H00118,18,2,10,1,2025-09-01
139,H00830,H00802,18,18,21,1,2025-09-01
139,H00849,H00859,19,19,8,0,2025-09-01
139,H00876,H00895,20,20,6,1,2025-09-01
139,H00884,H00880,20,20,16,1,2025-09-01
139,H00888,H00876,20,20,21,0,2025-09-01
139,H00893,H00873,20,20,2,1,2025-09-01
139,H00898,H00911,21,21,5,1,2025-09-01
139,H00903,H00574,21,13,4,1,2025-09-01
139,H00904,H00917,21,21,24,1,2025-09-01
139,H00917,H00899,21,21,19,0,2025-09-01
139,H00921,H00911,21,21,16,1,2025-09-01
139,H00931,H00873,22,20,8,1,2025-09-01
139,H00932,H00933,22,22,10,1,2025-09-01
139,H00940,H00919,22,21,8,1,2025-09-01
139,H00944,H00960,22,22,13,1,2025-09-01
139,H00955,H00291,22,6,20,0,2025-09-01
139,H00963,H00952,22,22,5,0,2025-09-01
139,H00969,H00131,23,2,2,1,2025-09-01
139,H00971,H00716,23,16,19,0,2025-09-01
139,H00976,H00941,23,22,15,1,2025-09-01
139,H00986,H00033,23,0,6,1,2025-09-01
139,H00992,H00731,23,16,22,0,2025-09-01
139,H00995,H01010,24,24,17,1,2025-09-01
139,H00996,H01001,24,24,2,0,2025-09-01
139,H00999,H01019,24,24,20,1,2025-09-01
139,H01002,H00852,24,19,14,1,2025-09-01
139,H01007,H01002,24,24,6,1,2025-09-01
139,H01018,H00966,24,23,15,0,2025-09-01
139,H01045,H01027,25,25,3,0,2025-09-01
139,H01050,H01037,25,25,14,1,2025-09-01
139,H01053,H00949,25,22,22,1,2025-09-01
139,H01055,H01063,26,26,24,0,2025-09-01
139,H01067,H01104,26,27,20,1,2025-09-01
139,H01079,H01111,27,27,7,1,2025-09-01
139,H01084,H01111,27,27,14,1,2025-09-01
139,H01093,H00933,27,22,12,1,2025-09-01
139,H01098,H01077,27,27,2,0,2025-09-01
140,H00000,H00106,0,2,2,0,2025-09-08
140,H00013,H00009,0,0,9,1,2025-09-08
140,H00021,H00008,0,0,21,1,2025-09-08
140,H00024,H00864,0,19,10,0,2025-09-08
140,H00061,H00041,1,1,7,0,2025-09-08
140,H00070,H00071,1,1,24,1,2025-09-08
140,H00081,H00053,1,1,15,0,2025-09-08
140,H00099,H00001,2,0,20,1,2025-09-08
140,H00101,H00011,2,0,11,0,2025-09-08
140,H00107,H00141,2,2,16,1,2025-09-08
140,H00111,H00129,2,2,15,1,2025-09-08
140,H00131,H00114,2,2,13,0,2025-09-08
140,H00134,H00128,2,2,8,1,2025-09-08
140,H00136,H00134,2,2,2,0,2025-09-08
140,H00138,H00134,2,2,3,0,2025-09-08
140,H00143,H00430,3,10,17,1,2025-09-08
140,H00145,H00706,3,15,5,0,2025-09-08
140,H00185,H00176,3,3,3,0,2025-09-08
140,H00216,H00217,4,4,17,1,2025-09-08
140,H00228,H00193,4,4,10,0,2025-09-08
140,H00250,H00271,5,5,9,1,2025-09-08
140,H00254,H00260,5,5,20,0,2025-09-08
140,H00276,H00303,6,6,4,1,2025-09-08
140,H00282,H00296,6,6,10,1,2025-09-08
140,H00290,H00202,6,4,7,1,2025-09-08
140,H00300,H00864,6,19,22,0,2025-09-08
140,H00306,H00307,6,6,24,1,2025-09-08
140,H00309,H00319,7,7,4,1,2025-09-08
140,H00311,H00453,7,11,13,0,2025-09-08
140,H00315,H00315,7,7,6,0,2025-09-08
140,H00316,H00329,7,7,24,1,2025-09-08
140,H00324,H00281,7,6,18,0,2025-09-08
140,H00343,H00469,8,11,10,1,2025-09-08
140,H00361,H00373,8,8,14,1,2025-09-08
140,H00373,H00348,8,8,6,0,2025-09-08
140,H00380,H00387,9,9,24,1,2025-09-08
140,H00396,H00404,9,9,16,0,2025-09-08
140,H00400,H00335,9,7,4,1,2025-09-08
140,H00426,H00440,10,10,18,1,2025-09-08
140,H00435,H00413,10,10,9,0,2025-09-08
140,H00442,H00444,11,11,18,1,2025-09-08
140,H00450,H00445,11,11,3,1,2025-09-08
140,H00466,H00495,11,12,16,1,2025-09-08
140,H00470,H00478,11,11,18,1,2025-09-08
140,H00481,H00444,11,11,19,0,2025-09-08
140,H00482,H00483,11,11,9,0,2025-09-08
140,H00498,H00118,12,2,14,0,2025-09-08
140,H00508,H00531,12,12,10,0,2025-09-08
140,H00525,H00505,12,12,7,1,2025-09-08
140,H00530,H00021,12,0,18,1,2025-09-08
140,H00531,H00503,12,12,10,0,2025-09-08
140,H00548,H00597,13,13,12,0,2025-09-08
140,H00562,H00476,13,11,4,0,2025-09-08
140,H00566,H00491,13,11,11,0,2025-09-08
140,H00570,H00588,13,13,14,0,2025-09-08
140,H00572,H00554,13,13,6,1,2025-09-08
140,H00573,H00675,13,15,9,1,2025-09-08
140,H00580,H00570,13,13,17,0,2025-09-08
140,H00585,H00016,13,0,8,1,2025-09-08
140,H00592,H00573,13,13,15,1,2025-09-08
140,H00597,H00556,13,13,15,1,2025-09-08
140,H00611,H00660,14,14,14,1,2025-09-08
140,H00619,H00673,14,15,12,1,2025-09-08
140,H00624,H00641,14,14,16,0,2025-09-08
140,H00631,H00323,14,7,12,1,2025-09-08
140,H00633,H00623,14,14,17,1,2025-09-08
140,H00635,H00313,14,7,7,0,2025-09-08
140,H00646,H00649,14,14,6,1,2025-09-08
140,H00657,H00661,14,14,22,1,2025-09-08
140,H00660,H01093,14,27,7,1,2025-09-08
140,H00662,H00699,15,15,8,1,2025-09-08
140,H00666,H00099,15,2,21,1,2025-09-08
140,H00668,H00484,15,11,12,0,2025-09-08
140,H00697,H00668,15,15,19,1,2025-09-08
140,H00710,H00716,16,16,24,1,2025-09-08
140,H00717,H00701,16,15,11,1,2025-09-08
140,H00722,H00740,16,16,14,1,2025-09-08
140,H00741,H00725,16,16,14,0,2025-09-08
140,H00762,H00468,17,11,8,1,2025-09-08
140,H00765,H00754,17,17,16,1,2025-09-08
140,H00769,H00785,17,17,12,1,2025-09-08
140,H00777,H00770,17,17,22,1,2025-09-08
140,H00785,H00442,17,11,16,0,2025-09-08
140,H00795,H00752,17,17,18,0,2025-09-08
140,H00804,H00491,18,11,19,1,2025-09-08
140,H00808,H00827,18,18,7,1,2025-09-08
140,H00809,H00711,18,16,7,1,2025-09-08
140,H00819,H00826,18,18,5,0,2025-09-08
140,H00821,H00816,18,18,16,1,2025-09-08
140,H00826,H00832,18,18,22,1,2025-09-08
140,H00828,H00866,18,19,9,1,2025-09-08
140,H00835,H00147,18,3,2,1,2025-09-08
140,H00842,H00813,18,18,2,0,2025-09-08
140,H00844,H00845,19,19,11,1,2025-09-08
140,H00848,H00863,19,19,2,1,2025-09-08
140,H00870,H01109,19,27,22,1,2025-09-08
140,H00872,H01057,20,26,4,1,2025-09-08
140,H00884,H00891,20,20,7,1,2025-09-08
140,H00903,H00211,21,4,5,1,2025-09-08
140,H00914,H00897,21,21,13,1,2025-09-08
140,H00928,H00955,22,22,24,1,2025-09-08
140,H00930,H01105,22,27,2,1,2025-09-08
140,H00939,H00940,22,22,9,0,2025-09-08
140,H00970,H00940,23,22,2,1,2025-09-08
140,H00979,H00970,23,23,14,1,2025-09-08
140,H00995,H00951,24,22,6,0,2025-09-08
140,H01000,H00998,24,24,24,0,2025-09-08
140,H01004,H01020,24,24,16,0,2025-09-08
140,H01021,H00997,24,24,17,0,2025-09-08
140,H01032,H00356,25,8,10,1,2025-09-08
140,H01035,H01050,25,25,17,1,2025-09-08
140,H01043,H00333,25,7,16,0,2025-09-08
140,H01045,H00865,25,19,3,0,2025-09-08
140,H01047,H01038,25,25,4,1,2025-09-08
140,H01048,H01051,25,25,18,0,2025-09-08
140,H01049,H01042,25,25,3,1,2025-09-08
140,H01053,H00307,25,6,5,1,2025-09-08
140,H01067,H00746,26,16,2,1,2025-09-08
140,H01076,H01061,26,26,13,0,2025-09-08
140,H01086,H01088,27,27,3,0,2025-09-08
140,H01099,H01096,27,27,9,0,2025-09-08
140,H01100,H00594,27,13,20,0,2025-09-08
141,H00000,H00000,0,0,11,1,2025-09-15
141,H00040,H00079,1,1,19,0,2025-09-15
141,H00049,H00052,1,1,4,0,2025-09-15
141,H00051,H00084,1,1,15,0,2025-09-15
141,H00060,H00092,1,1,2,0,2025-09-15
141,H00099,H00131,2,2,15,1,2025-09-15
141,H00100,H00105,2,2,11,0,2025-09-15
141,H00104,H00103,2,2,23,1,2025-09-15
141,H00106,H00690,2,15,21,0,2025-09-15
141,H00118,H00122,2,2,15,1,2025-09-15
141,H00129,H00140,2,2,4,1,2025-09-15
141,H00132,H00139,2,2,17,1,2025-09-15
141,H00141,H00492,2,11,24,1,2025-09-15
141,H00142,H00115,2,2,4,1,2025-09-15
141,H00152,H00164,3,3,18,1,2025-09-15
141,H00166,H00160,3,3,10,0,2025-09-15
141,H00167,H00170,3,3,10,1,2025-09-15
141,H00168,H00141,3,2,22,1,2025-09-15
141,H00187,H00209,4,4,21,0,2025-09-15
141,H00206,H00233,4,5,18,0,2025-09-15
141,H00210,H00735,4,16,11,1,2025-09-15
141,H00221,H00203,4,4,18,1,2025-09-15
141,H00224,H00200,4,4,6,1,2025-09-15
141,H00234,H00237,5,5,21,1,2025-09-15
141,H00237,H00236,5,5,22,1,2025-09-15
141,H00243,H00069,5,1,17,0,2025-09-15
141,H00251,H00232,5,5,3,1,2025-09-15
141,H00256,H00427,5,10,7,0,2025-09-15
141,H00257,H00232,5,5,21,0,2025-09-15
141,H00263,H00258,5,5,5,0,2025-09-15
141,H00272,H00246,5,5,4,0,2025-09-15
141,H00276,H00488,6,11,11,1,2025-09-15
141,H00291,H00301,6,6,7,1,2025-09-15
141,H00333,H00316,7,7,11,1,2025-09-15
141,H00340,H00282,8,6,21,1,2025-09-15
141,H00351,H00101,8,2,17,0,2025-09-15
141,H00353,H00373,8,8,19,0,2025-09-15
141,H00356,H00688,8,15,4,1,2025-09-15
141,H00357,H00349,8,8,3,1,2025-09-15
141,H00358,H00311,8,7,5,0,2025-09-15
141,H00359,H00366,8,8,22,0,2025-09-15
141,H00362,H00344,8,8,22,1,2025-09-15
141,H00376,H00357,9,8,24,0,2025-09-15
141,H00382,H00108,9,2,6,0,2025-09-15
141,H00406,H00428,10,10,24,1,2025-09-15
141,H00435,H00413,10,10,3,1,2025-09-15
141,H00442,H00474,11,11,3,1,2025-09-15
141,H00444,H00492,11,11,4,1,2025-09-15
141,H00458,H00485,11,11,6,0,2025-09-15
141,H00488,H00506,11,12,5,0,2025-09-15
141,H00495,H00019,12,0,10,1,2025-09-15
141,H00501,H00511,12,12,18,1,2025-09-15
141,H00512,H00749,12,16,21,1,2025-09-15
141,H00546,H00743,13,16,21,1,2025-09-15
141,H00559,H00602,13,13,10,1,2025-09-15
141,H00560,H00601,13,13,21,1,2025-09-15
141,H00561,H00550,13,13,20,0,2025-09-15
141,H00569,H00709,13,15,8,1,2025-09-15
141,H00583,H00560,13,13,17,1,2025-09-15
141,H00587,H00553,13,13,22,0,2025-09-15
141,H00591,H00580,13,13,22,0,2025-09-15
141,H00600,H00572,13,13,5,1,2025-09-15
141,H00608,H00627,14,14,22,0,2025-09-15
141,H00610,H00649,14,14,7,1,2025-09-15
141,H00621,H00894,14,20,23,0,2025-09-15
141,H00624,H00652,14,14,10,1,2025-09-15
141,H00636,H00319,14,7,12,1,2025-09-15
141,H00639,H00477,14,11,17,1,2025-09-15
141,H00642,H00660,14,14,3,1,2025-09-15
141,H00657,H00616,14,14,12,1,2025-09-15
141,H00662,H00685,15,15,8,1,2025-09-15
141,H00667,H00478,15,11,7,1,2025-09-15
141,H00684,H00854,15,19,16,1,2025-09-15
141,H00691,H00692,15,15,14,0,2025-09-15
141,H00694,H00667,15,15,9,1,2025-09-15
141,H00700,H00263,15,5,5,0,2025-09-15
141,H00717,H00745,16,16,3,1,2025-09-15
141,H00718,H00712,16,16,24,1,2025-09-15
141,H00720,H00801,16,18,9,1,2025-09-15
141,H00731,H00724,16,16,9,1,2025-09-15
141,H00733,H00311,16,7,16,1,2025-09-15
141,H00767,H00768,17,17,3,1,2025-09-15
141,H00775,H00775,17,17,24,0,2025-09-15
141,H00787,H00777,17,17,14,0,2025-09-15
141,H00799,H00769,17,17,20,1,2025-09-15
141,H00808,H00687,18,15,9,0,2025-09-15
141,H00812,H00803,18,18,2,1,2025-09-15
141,H00821,H00805,18,18,12,1,2025-09-15
141,H00823,H00826,18,18,21,0,2025-09-15
141,H00831,H00816,18,18,12,1,2025-09-15
141,H00835,H00810,18,18,11,1,2025-09-15
141,H00845,H00904,19,21,2,1,2025-09-15
141,H00857,H00847,19,19,15,0,2025-09-15
141,H00866,H00726,19,16,24,1,2025-09-15
141,H00873,H00894,20,20,14,1,2025-09-15
141,H00894,H00881,20,20,8,0,2025-09-15
141,H00906,H01068,21,26,17,0,2025-09-15
141,H00915,H00897,21,21,17,0,2025-09-15
141,H00916,H00922,21,21,22,1,2025-09-15
141,H00923,H00900,21,21,15,1,2025-09-15
141,H00930,H00940,22,22,4,0,2025-09-15
141,H00942,H00932,22,22,8,1,2025-09-15
141,H00947,H00959,22,22,10,1,2025-09-15
141,H00968,H01007,23,24,2,0,2025-09-15
141,H00979,H00985,23,23,6,1,2025-09-15
141,H00983,H00468,23,11,15,1,2025-09-15
141,H00989,H00888,23,20,17,1,2025-09-15
141,H00997,H01002,24,24,3,0,2025-09-15
141,H01002,H01086,24,27,23,1,2025-09-15
141,H01010,H01008,24,24,13,0,2025-09-15
141,H01011,H01014,24,24,18,1,2025-09-15
141,H01022,H01037,25,25,16,1,2025-09-15
141,H01029,H01042,25,25,10,0,2025-09-15
141,H01036,H01041,25,25,17,0,2025-09-15
141,H01039,H00934,25,22,13,0,2025-09-15
141,H01046,H01032,25,25,2,1,2025-09-15
141,H01058,H00887,26,20,23,0,2025-09-15
141,H01062,H01061,26,26,24,1,2025-09-15
141,H01066,H00978,26,23,12,0,2025-09-15
141,H01073,H01073,26,26,21,1,2025-09-15
141,H01074,H00326,26,7,9,0,2025-09-15
141,H01090,H01082,27,27,8,0,2025-09-15
141,H01097,H01084,27,27,24,0,2025-09-15
141,H01104,H00741,27,16,21,1,2025-09-15
141,H01106,H01082,27,27,8,1,2025-09-15
141,H01108,H01105,27,27,6,0,2025-09-15
142,H00000,H00017,0,0,24,1,2025-09-22
142,H00010,H00004,0,0,6,0,2025-09-22
142,H00017,H00006,0,0,5,1,2025-09-22
142,H00037,H00074,0,1,17,1,2025-09-22
142,H00052,H00054,1,1,4,0,2025-09-22
142,H00072,H00059,1,1,12,1,2025-09-22
142,H00088,H00090,1,1,23,1,2025-09-22
142,H00097,H00430,1,10,7,1,2025-09-22
142,H00106,H00028,2,0,17,0,2025-09-22
142,H00113,H00135,2,2,4,1,2025-09-22
142,H00122,H00114,2,2,2,1,2025-09-22
142,H00132,H00151,2,3,3,1,2025-09-22
142,H00139,H00101,2,2,15,1,2025-09-22
142,H00144,H00075,3,1,14,1,2025-09-22
142,H00152,H00158,3,3,12,1,2025-09-22
142,H00162,H00157,3,3,16,0,2025-09-22
142,H00164,H00183,3,3,18,1,2025-09-22
142,H00176,H00150,3,3,16,1,2025-09-22
142,H00184,H00176,3,3,14,0,2025-09-22
142,H00186,H00152,3,3,9,0,2025-09-22
142,H00187,H00199,4,4,6,1,2025-09-22
142,H00200,H00218,4,4,5,0,2025-09-22
142,H00207,H00174,4,3,18,1,2025-09-22
142,H00220,H00206,4,4,21,0,2025-09-22
142,H00261,H00700,5,15,18,1,2025-09-22
142,H00264,H00248,5,5,10,1,2025-09-22
142,H00276,H00294,6,6,9,1,2025-09-22
142,H00287,H00329,6,7,15,1,2025-09-22
142,H00303,H00280,6,6,22,0,2025-09-22
142,H00323,H00335,7,7,2,1,2025-09-22
142,H00329,H00330,7,7,15,1,2025-09-22
142,H00359,H00848,8,19,7,1,2025-09-22
142,H00362,H00717,8,16,24,1,2025-09-22
142,H00406,H00851,10,19,3,1,2025-09-22
142,H00412,H00435,10,10,3,0,2025-09-22
142,H00413,H00961,10,22,2,0,2025-09-22
142,H00415,H00440,10,10,18,1,2025-09-22
142,H00418,H00365,10,8,23,1,2025-09-22
142,H00438,H00417,10,10,17,0,2025-09-22
142,H00461,H00284,11,6,18,0,2025-09-22
142,H00463,H00004,11,0,22,0,2025-09-22
142,H00468,H00446,11,11,17,1,2025-09-22
142,H00474,H00736,11,16,23,1,2025-09-22
142,H00482,H00478,11,11,10,1,2025-09-22
142,H00486,H00468,11,11,18,0,2025-09-22
142,H00491,H00452,11,11,8,1,2025-09-22
142,H00515,H00518,12,12,21,0,2025-09-22
142,H00520,H00303,12,6,11,1,2025-09-22
142,H00527,H00681,12,15,20,0,2025-09-22
142,H00536,H00504,12,12,16,0,2025-09-22
142,H00544,H00704,13,15,2,1,2025-09-22
142,H00562,H00580,13,13,23,0,2025-09-22
142,H00571,H00703,13,15,17,1,2025-09-22
142,H00589,H00598,13,13,12,1,2025-09-22
142,H00597,H00546,13,13,18,0,2025-09-22
142,H00599,H00593,13,13,15,0,2025-09-22
142,H00609,H00706,14,15,11,1,2025-09-22
142,H00647,H00621,14,14,14,0,2025-09-22
142,H00670,H00685,15,15,21,1,2025-09-22
142,H00680,H00542,15,13,6,0,2025-09-22
142,H00685,H00685,15,15,2,1,2025-09-22
142,H00688,H00579,15,13,4,1,2025-09-22
142,H00691,H00705,15,15,20,1,2025-09-22
142,H00699,H00685,15,15,15,1,2025-09-22
142,H00710,H00733,16,16,22,1,2025-09-22
142,H00779,H00793,17,17,19,1,2025-09-22
142,H00789,H00762,17,17,8,0,2025-09-22
142,H00807,H00038,18,0,6,0,2025-09-22
142,H00814,H00808,18,18,15,0,2025-09-22
142,H00824,H00801,18,18,8,1,2025-09-22
142,H00835,H00803,18,18,21,1,2025-09-22
142,H00837,H00819,18,18,18,0,2025-09-22
142,H00840,H00732,18,16,23,0,2025-09-22
142,H00841,H00809,18,18,12,1,2025-09-22
142,H00876,H00874,20,20,23,0,2025-09-22
142,H00916,H00713,21,16,22,1,2025-09-22
142,H00982,H00991,23,23,16,1,2025-09-22
142,H00989,H00990,23,23,23,1,2025-09-22
142,H00991,H01023,23,25,20,1,2025-09-22
142,H01007,H01020,24,24,2,0,2025-09-22
142,H01075,H00926,26,21,6,1,2025-09-22
142,H01077,H01104,27,27,23,1,2025-09-22
142,H01079,H01086,27,27,10,0,2025-09-22
142,H01082,H01097,27,27,5,0,2025-09-22
142,H01094,H00954,27,22,14,1,2025-09-22
142,H01095,H00914,27,21,18,0,2025-09-22
142,H01105,H00333,27,7,11,1,2025-09-22
142,H01111,H01103,27,27,24,1,2025-09-22
143,H00007,H00029,0,0,18,1,2025-09-29
143,H00015,H00033,0,0,23,0,2025-09-29
143,H00018,H00013,0,0,4,1,2025-09-29
143,H00027,H00322,0,7,24,1,2025-09-29
143,H00035,H00019,0,0,21,0,2025-09-29
143,H00072,H00089,1,1,15,0,2025-09-29
143,H00076,H00710,1,16,8,1,2025-09-29
143,H00086,H00097,1,1,20,1,2025-09-29
143,H00093,H00095,1,1,5,1,2025-09-29
143,H00099,H00137,2,2,12,1,2025-09-29
143,H00103,H00078,2,1,20,1,2025-09-29
143,H00107,H00107,2,2,19,1,2025-09-29
143,H00116,H00738,2,16,6,0,2025-09-29
143,H00119,H00132,2,2,22,1,2025-09-29
143,H00127,H00126,2,2,3,1,2025-09-29
143,H00131,H00422,2,10,11,1,2025-09-29
143,H00133,H00293,2,6,23,0,2025-09-29
143,H00138,H00560,2,13,14,0,2025-09-29
143,H00140,H00123,2,2,6,1,2025-09-29
143,H00168,H00319,3,7,17,1,2025-09-29
143,H00177,H00284,3,6,15,0,2025-09-29
143,H00181,H00157,3,3,23,1,2025-09-29
143,H00187,H00220,4,4,24,1,2025-09-29
143,H00190,H00331,4,7,6,1,2025-09-29
143,H00192,H00212,4,4,22,0,2025-09-29
143,H00195,H00230,4,4,4,0,2025-09-29
143,H00214,H00012,4,0,7,1,2025-09-29
143,H00220,H00203,4,4,13,1,2025-09-29
143,H00234,H00243,5,5,3,1,2025-09-29
143,H00235,H00333,5,7,10,1,2025-09-29
143,H00265,H00014,5,0,22,0,2025-09-29
143,H00275,H00339,5,8,16,1,2025-09-29
143,H00276,H00276,6,6,11,1,2025-09-29
143,H00277,H00640,6,14,14,1,2025-09-29
143,H00296,H00173,6,3,4,0,2025-09-29
143,H00299,H00391,6,9,5,1,2025-09-29
143,H00309,H00339,7,8,15,1,2025-09-29
143,H00322,H00332,7,7,22,1,2025-09-29
143,H00345,H00312,8,7,13,1,2025-09-29
143,H00350,H00358,8,8,15,1,2025-09-29
143,H00363,H00337,8,8,11,0,2025-09-29
143,H00382,H00387,9,9,10,1,2025-09-29
143,H00406,H00426,10,10,20,1,2025-09-29
143,H00442,H00005,11,0,13,1,2025-09-29
143,H00444,H00843,11,19,10,1,2025-09-29
143,H00455,H00451,11,11,7,1,2025-09-29
143,H00459,H00444,11,11,9,0,2025-09-29
143,H00463,H00780,11,17,22,0,2025-09-29
143,H00490,H00533,11,12,21,0,2025-09-29
143,H00493,H00540,12,12,13,1,2025-09-29
143,H00508,H00517,12,12,7,1,2025-09-29
143,H00512,H00518,12,12,17,0,2025-09-29
143,H00515,H00526,12,12,7,0,2025-09-29
143,H00547,H00573,13,13,8,1,2025-09-29
143,H00563,H00603,13,13,12,1,2025-09-29
143,H00576,H00576,13,13,11,1,2025-09-29
143,H00580,H00558,13,13,4,1,2025-09-29
143,H00583,H00578,13,13,17,1,2025-09-29
143,H00609,H00019,14,0,13,0,2025-09-29
143,H00629,H00034,14,0,10,0,2025-09-29
143,H00652,H00605,14,14,23,1,2025-09-29
143,H00655,H00789,14,17,14,1,2025-09-29
143,H00658,H00627,14,14,22,1,2025-09-29
143,H00662,H00701,15,15,20,0,2025-09-29
143,H00666,H00547,15,13,21,0,2025-09-29
143,H00705,H00867,15,19,10,1,2025-09-29
143,H00716,H00714,16,16,22,1,2025-09-29
143,H00717,H00128,16,2,21,1,2025-09-29
143,H00741,H00424,16,10,15,0,2025-09-29
143,H00759,H00769,17,17,20,0,2025-09-29
143,H00773,H00861,17,19,21,1,2025-09-29
143,H00796,H00458,17,11,20,1,2025-09-29
143,H00810,H00835,18,18,13,0,2025-09-29
143,H00813,H00866,18,19,14,0,2025-09-29
143,H00816,H00786,18,17,19,1,2025-09-29
143,H00826,H00819,18,18,18,1,2025-09-29
143,H00846,H00853,19,19,5,0,2025-09-29
143,H00848,H00131,19,2,23,1,2025-09-29
143,H00884,H00870,20,19,14,1,2025-09-29
143,H00906,H00001,21,0,15,0,2025-09-29
143,H00926,H00898,21,21,5,1,2025-09-29
143,H00927,H00915,21,21,21,1,2025-09-29
143,H00929,H00928,22,22,15,0,2025-09-29
143,H00933,H00962,22,22,18,1,2025-09-29
143,H00957,H00962,22,22,10,0,2025-09-29
143,H00967,H00112,23,2,16,1,2025-09-29
143,H00986,H00914,23,21,11,0,2025-09-29
143,H00987,H00992,23,23,19,1,2025-09-29
143,H00993,H00677,23,15,24,0,2025-09-29
143,H01012,H00940,24,22,3,1,2025-09-29
143,H01014,H01016,24,24,13,1,2025-09-29
143,H01017,H01017,24,24,7,1,2025-09-29
143,H01026,H01048,25,25,21,0,2025-09-29
143,H01033,H01041,25,25,20,1,2025-09-29
143,H01087,H01067,27,26,7,1,2025-09-29
143,H01088,H01083,27,27,7,1,2025-09-29
143,H01093,H01096,27,27,5,1,2025-09-29
143,H01100,H01088,27,27,17,0,2025-09-29
143,H01108,H01110,27,27,22,1,2025-09-29
144,H00001,H00280,0,6,8,1,2025-10-06
144,H00037,H00026,0,0,24,1,2025-10-06
144,H00045,H00058,1,1,8,1,2025-10-06
144,H00046,H00710,1,16,24,0,2025-10-06
144,H00047,H00063,1,1,23,1,2025-10-06
144,H00049,H00030,1,0,20,1,2025-10-06
144,H00060,H00042,1,1,19,0,2025-10-06
144,H00061,H00073,1,1,20,0,2025-10-06
144,H00073,H00109,1,2,24,0,2025-10-06
144,H00095,H00453,1,11,15,0,2025-10-06
144,H00110,H00100,2,2,7,1,2025-10-06
144,H00119,H00330,2,7,20,1,2025-10-06
144,H00120,H00120,2,2,16,0,2025-10-06
144,H00123,H00124,2,2,6,1,2025-10-06
144,H00140,H00319,2,7,10,0,2025-10-06
144,H00148,H00174,3,3,6,1,2025-10-06
144,H00163,H00268,3,5,16,0,2025-10-06
144,H00164,H00143,3,3,10,0,2025-10-06
144,H00165,H00526,3,12,5,1,2025-10-06
144,H00173,H00144,3,3,3,0,2025-10-06
144,H00183,H00160,3,3,11,0,2025-10-06
144,H00185,H00087,3,1,10,0,2025-10-06
144,H00195,H00203,4,4,13,1,2025-10-06
144,H00200,H00024,4,0,22,1,2025-10-06
144,H00228,H00248,4,5,10,1,2025-10-06
144,H00230,H00207,4,4,23,1,2025-10-06
144,H00240,H00252,5,5,18,1,2025-10-06
144,H00243,H00505,5,12,4,0,2025-10-06
144,H00269,H00706,5,15,2,1,2025-10-06
144,H00285,H00279,6,6,8,0,2025-10-06
144,H00306,H00295,6,6,15,0,2025-10-06
144,H00319,H00226,7,4,20,1,2025-10-06
144,H00327,H00317,7,7,16,0,2025-10-06
144,H00330,H00321,7,7,18,1,2025-10-06
144,H00336,H00315,7,7,18,0,2025-10-06
144,H00356,H00362,8,8,5,1,2025-10-06
144,H00358,H00346,8,8,15,1,2025-10-06
144,H00372,H00365,8,8,20,1,2025-10-06
144,H00378,H00120,9,2,2,1,2025-10-06
144,H00383,H00377,9,9,23,1,2025-10-06
144,H00391,H00389,9,9,9,0,2025-10-06
144,H00396,H00376,9,9,21,1,2025-10-06
144,H00398,H00405,9,9,24,0,2025-10-06
144,H00410,H00193,10,4,14,0,2025-10-06
144,H00411,H00068,10,1,14,1,2025-10-06
144,H00416,H00723,10,16,22,1,2025-10-06
144,H00422,H00430,10,10,16,0,2025-10-06
144,H00438,H00393,10,9,2,1,2025-10-06
144,H00445,H00367,11,8,12,0,2025-10-06
144,H00466,H00486,11,11,23,1,2025-10-06
144,H00516,H00495,12,12,21,0,2025-10-06
144,H00518,H00505,12,12,9,0,2025-10-06
144,H00542,H00579,13,13,10,1,2025-10-06
144,H00552,H00586,13,13,10,1,2025-10-06
144,H00557,H00565,13,13,17,0,2025-10-06
144,H00564,H00581,13,13,21,1,2025-10-06
144,H00592,H00666,13,15,11,0,2025-10-06
144,H00594,H00694,13,15,17,0,2025-10-06
144,H00609,H00616,14,14,9,1,2025-10-06
144,H00624,H00729,14,16,17,1,2025-10-06
144,H00659,H00647,14,14,7,1,2025-10-06
144,H00662,H00685,15,15,24,1,2025-10-06
144,H00666,H01111,15,27,10,0,2025-10-06
144,H00668,H00551,15,13,14,1,2025-10-06
144,H00669,H00007,15,0,4,1,2025-10-06
144,H00685,H00015,15,0,3,0,2025-10-06
144,H00705,H00694,15,15,18,1,2025-10-06
144,H00736,H00721,16,16,8,1,2025-10-06
144,H00748,H00732,16,16,22,1,2025-10-06
144,H00760,H00800,17,17,19,0,2025-10-06
144,H00781,H00754,17,17,23,1,2025-10-06
144,H00807,H00824,18,18,10,1,2025-10-06
144,H00812,H00706,18,15,9,1,2025-10-06
144,H00814,H00858,18,19,15,0,2025-10-06
144,H00838,H00740,18,16,18,1,2025-10-06
144,H00859,H01034,19,25,16,1,2025-10-06
144,H00887,H00956,20,22,16,0,2025-10-06
144,H00902,H00900,21,21,5,0,2025-10-06
144,H00903,H00910,21,21,20,0,2025-10-06
144,H00912,H00900,21,21,9,1,2025-10-06
144,H00937,H00944,22,22,5,1,2025-10-06
144,H00944,H00933,22,22,7,1,2025-10-06
144,H00946,H00769,22,17,12,1,2025-10-06
144,H00951,H00749,22,16,23,1,2025-10-06
144,H00955,H00587,22,13,5,1,2025-10-06
144,H00958,H00931,22,22,7,1,2025-10-06
144,H00960,H00928,22,22,7,1,2025-10-06
144,H00961,H00942,22,22,13,1,2025-10-06
144,H00966,H00986,23,23,2,1,2025-10-06
144,H00976,H00965,23,23,18,0,2025-10-06
144,H00984,H00929,23,22,8,1,2025-10-06
144,H00985,H00970,23,23,4,1,2025-10-06
144,H00987,H00949,23,22,19,1,2025-10-06
144,H00996,H01010,24,24,20,0,2025-10-06
144,H01021,H01008,24,24,13,1,2025-10-06
144,H01047,H01031,25,25,9,1,2025-10-06
144,H01051,H01054,25,25,2,1,2025-10-06
144,H01059,H00887,26,20,8,0,2025-10-06
144,H01066,H01062,26,26,15,1,2025-10-06
144,H01091,H01107,27,27,14,0,2025-10-06
144,H01097,H00929,27,22,16,0,2025-10-06
145,H00000,H00017,0,0,5,1,2025-10-13
145,H00026,H00018,0,0,16,1,2025-10-13
145,H00030,H00027,0,0,5,0,2025-10-13
145,H00040,H00338,1,8,13,1,2025-10-13
145,H00042,H00168,1,3,8,0,2025-10-13
145,H00052,H00085,1,1,10,1,2025-10-13
145,H00058,H00041,1,1,13,0,2025-10-13
145,H00076,H00072,1,1,11,1,2025-10-13
145,H00082,H00027,1,0,21,0,2025-10-13
145,H00086,H00381,1,9,6,1,2025-10-13
145,H00095,H00085,1,1,20,1,2025-10-13
145,H00100,H00024,2,0,5,0,2025-10-13
145,H00101,H00107,2,2,23,1,2025-10-13
145,H00104,H00142,2,2,15,0,2025-10-13
145,H00122,H00335,2,7,4,1,2025-10-13
145,H00124,H00536,2,12,13,1,2025-10-13
145,H00132,H00133,2,2,14,0,2025-10-13
145,H00156,H00174,3,3,23,1,2025-10-13
145,H00157,H00145,3,3,3,1,2025-10-13
145,H00159,H00186,3,3,21,1,2025-10-13
145,H00160,H00178,3,3,2,0,2025-10-13
145,H00162,H00157,3,3,19,1,2025-10-13
145,H00164,H00085,3,1,15,1,2025-10-13
145,H00171,H00145,3,3,21,0,2025-10-13
145,H00179,H00123,3,2,17,0,2025-10-13
145,H00182,H00177,3,3,13,1,2025-10-13
145,H00192,H00231,4,4,24,1,2025-10-13
145,H00205,H00225,4,4,11,1,2025-10-13
145,H00232,H00191,5,4,7,0,2025-10-13
145,H00252,H00275,5,5,17,1,2025-10-13
145,H00253,H00939,5,22,10,1,2025-10-13
145,H00257,H00275,5,5,21,1,2025-10-13
145,H00262,H00178,5,3,12,1,2025-10-13
145,H00266,H00750,5,16,6,1,2025-10-13
145,H00273,H00257,5,5,20,1,2025-10-13
145,H00276,H00304,6,6,2,1,2025-10-13
145,H00287,H00253,6,5,19,0,2025-10-13
145,H00301,H00288,6,6,19,1,2025-10-13
145,H00317,H00334,7,7,2,0,2025-10-13
145,H00332,H00321,7,7,15,1,2025-10-13
145,H00340,H00371,8,8,14,1,2025-10-13
145,H00342,H00366,8,8,14,0,2025-10-13
145,H00345,H00285,8,6,16,1,2025-10-13
145,H00355,H00989,8,23,6,0,2025-10-13
145,H00360,H00343,8,8,14,1,2025-10-13
145,H00375,H00396,9,9,12,1,2025-10-13
145,H00386,H00390,9,9,6,1,2025-10-13
145,H00395,H00370,9,8,13,1,2025-10-13
145,H00400,H00222,9,4,3,0,2025-10-13
145,H00402,H00319,9,7,14,0,2025-10-13
145,H00406,H00479,10,11,8,1,2025-10-13
145,H00437,H00336,10,7,6,1,2025-10-13
145,H00459,H00725,11,16,10,0,2025-10-13
145,H00465,H00479,11,11,11,1,2025-10-13
145,H00468,H00468,11,11,18,0,2025-10-13
145,H00478,H00465,11,11,23,0,2025-10-13
145,H00502,H00526,12,12,17,1,2025-10-13
145,H00508,H00536,12,12,21,1,2025-10-13
145,H00518,H00502,12,12,3,0,2025-10-13
145,H00522,H00532,12,12,13,1,2025-10-13
145,H00529,H00857,12,19,11,0,2025-10-13
145,H00535,H00501,12,12,11,1,2025-10-13
145,H00546,H00559,13,13,16,0,2025-10-13
145,H00549,H00596,13,13,16,0,2025-10-13
145,H00560,H00582,13,13,8,0,2025-10-13
145,H00577,H00596,13,13,23,0,2025-10-13
145,H00597,H00491,13,11,17,1,2025-10-13
145,H00599,H00821,13,18,12,0,2025-10-13
145,H00606,H00610,14,14,10,1,2025-10-13
145,H00620,H00617,14,14,14,1,2025-10-13
145,H00632,H00670,14,15,10,1,2025-10-13
145,H00639,H00631,14,14,21,1,2025-10-13
145,H00643,H00651,14,14,23,1,2025-10-13
145,H00645,H00702,14,15,7,0,2025-10-13
145,H00650,H00375,14,9,10,1,2025-10-13
145,H00659,H00556,14,13,2,1,2025-10-13
145,H00670,H00705,15,15,20,0,2025-10-13
145,H00677,H00666,15,15,5,1,2025-10-13
145,H00684,H00681,15,15,5,1,2025-10-13
145,H00691,H00673,15,15,16,1,2025-10-13
145,H00695,H00562,15,13,23,0,2025-10-13
145,H00703,H00684,15,15,24,1,2025-10-13
145,H00715,H00396,16,9,24,0,2025-10-13
145,H00721,H00008,16,0,20,1,2025-10-13
145,H00724,H00717,16,16,17,1,2025-10-13
145,H00741,H00750,16,16,16,1,2025-10-13
145,H00742,H00707,16,15,13,0,2025-10-13
145,H00743,H00716,16,16,3,1,2025-10-13
145,H00747,H00722,16,16,11,1,2025-10-13
145,H00782,H00253,17,5,5,0,2025-10-13
145,H00797,H00885,17,20,2,1,2025-10-13
145,H00799,H00612,17,14,19,0,2025-10-13
145,H00802,H00460,18,11,14,1,2025-10-13
145,H00810,H00818,18,18,7,1,2025-10-13
145,H00817,H00837,18,18,17,1,2025-10-13
145,H00824,H00723,18,16,9,0,2025-10-13
145,H00826,H00842,18,18,8,0,2025-10-13
145,H00828,H00686,18,15,7,0,2025-10-13
145,H00843,H00861,19,19,14,1,2025-10-13
145,H00850,H00863,19,19,21,1,2025-10-13
145,H00853,H00863,19,19,8,0,2025-10-13
145,H00854,H00853,19,19,15,0,2025-10-13
145,H00858,H00856,19,19,2,0,2025-10-13
145,H00867,H00750,19,16,15,0,2025-10-13
145,H00895,H00892,20,20,10,0,2025-10-13
145,H00896,H00852,21,19,8,1,2025-10-13
145,H00903,H00758,21,17,17,0,2025-10-13
145,H00906,H00843,21,19,4,0,2025-10-13
145,H00907,H00901,21,21,11,1,2025-10-13
145,H00934,H00974,22,23,3,1,2025-10-13
145,H00945,H00928,22,22,14,1,2025-10-13
145,H00947,H00946,22,22,15,0,2025-10-13
145,H00950,H00950,22,22,4,0,2025-10-13
145,H00954,H00135,22,2,11,0,2025-10-13
145,H00959,H00933,22,22,14,0,2025-10-13
145,H00975,H00985,23,23,10,1,2025-10-13
145,H00977,H00968,23,23,15,0,2025-10-13
145,H00994,H00974,24,23,18,1,2025-10-13
145,H01007,H01011,24,24,11,1,2025-10-13
145,H01008,H01012,24,24,19,1,2025-10-13
145,H01018,H01004,24,24,19,1,2025-10-13
145,H01019,H00864,24,19,19,1,2025-10-13
145,H01044,H01032,25,25,19,0,2025-10-13
145,H01047,H01030,25,25,10,1,2025-10-13
145,H01050,H01043,25,25,23,1,2025-10-13
145,H01058,H01067,26,26,15,1,2025-10-13
145,H01061,H01064,26,26,4,0,2025-10-13
145,H01067,H01056,26,26,10,0,2025-10-13
145,H01073,H01071,26,26,11,0,2025-10-13
145,H01078,H01081,27,27,15,1,2025-10-13
145,H01087,H01083,27,27,17,0,2025-10-13
146,H00002,H00014,0,0,22,1,2025-10-20
146,H00004,H00030,0,0,2,0,2025-10-20
146,H00010,H00007,0,0,14,1,2025-10-20
146,H00011,H00852,0,19,12,0,2025-10-20
146,H00019,H00022,0,0,6,0,2025-10-20
146,H00030,H00007,0,0,21,0,2025-10-20
146,H00032,H00331,0,7,13,1,2025-10-20
146,H00037,H00208,0,4,23,1,2025-10-20
146,H00046,H00474,1,11,24,0,2025-10-20
146,H00048,H00078,1,1,19,0,2025-10-20
146,H00049,H00041,1,1,19,1,2025-10-20
146,H00080,H00038,1,0,13,1,2025-10-20
146,H00087,H00853,1,19,2,1,2025-10-20
146,H00093,H00069,1,1,14,0,2025-10-20
146,H00094,H00172,1,3,5,0,2025-10-20
146,H00099,H00114,2,2,13,1,2025-10-20
146,H00100,H00111,2,2,20,1,2025-10-20
146,H00127,H00106,2,2,21,1,2025-10-20
146,H00143,H00174,3,3,20,0,2025-10-20
146,H00162,H00163,3,3,9,0,2025-10-20
146,H00164,H00182,3,3,4,0,2025-10-20
146,H00170,H00164,3,3,23,1,2025-10-20
146,H00183,H00684,3,15,7,0,2025-10-20
146,H00197,H00198,4,4,8,1,2025-10-20
146,H00201,H00229,4,4,22,1,2025-10-20
146,H00229,H00194,4,4,5,0,2025-10-20
146,H00249,H00045,5,1,23,1,2025-10-20
146,H00269,H00262,5,5,14,1,2025-10-20
146,H00276,H00285,6,6,2,1,2025-10-20
146,H00281,H00382,6,9,6,1,2025-10-20
146,H00288,H00278,6,6,15,1,2025-10-20
146,H00291,H00306,6,6,5,1,2025-10-20
146,H00301,H00414,6,10,12,1,2025-10-20
146,H00316,H00325,7,7,20,1,2025-10-20
146,H00336,H00319,7,7,21,0,2025-10-20
146,H00339,H00344,8,8,23,1,2025-10-20
146,H00341,H00303,8,6,22,0,2025-10-20
146,H00343,H00348,8,8,4,0,2025-10-20
146,H00352,H00364,8,8,11,1,2025-10-20
146,H00359,H00414,8,10,2,0,2025-10-20
146,H00364,H00362,8,8,8,1,2025-10-20
146,H00367,H00362,8,8,15,0,2025-10-20
146,H00370,H00346,8,8,8,1,2025-10-20
146,H00388,H00390,9,9,21,1,2025-10-20
146,H00389,H00396,9,9,7,1,2025-10-20
146,H00390,H00384,9,9,11,1,2025-10-20
146,H00406,H00430,10,10,9,1,2025-10-20
146,H00417,H00409,10,10,9,1,2025-10-20
146,H00442,H00470,11,11,22,1,2025-10-20
146,H00464,H00078,11,1,16,1,2025-10-20
146,H00468,H00316,11,7,18,0,2025-10-20
146,H00469,H00452,11,11,19,1,2025-10-20
146,H00473,H00474,11,11,2,0,2025-10-20
146,H00479,H00704,11,15,3,1,2025-10-20
146,H00488,H00456,11,11,19,1,2025-10-20
146,H00503,H00516,12,12,24,1,2025-10-20
146,H00504,H00481,12,11,4,1,2025-10-20
146,H00505,H00279,12,6,10,1,2025-10-20
146,H00508,H00609,12,14,3,0,2025-10-20
146,H00509,H00510,12,12,15,0,2025-10-20
146,H00522,H00514,12,12,5,1,2025-10-20
146,H00523,H00133,12,2,10,0,2025-10-20
146,H00532,H00497,12,12,4,0,2025-10-20
146,H00534,H00515,12,12,3,1,2025-10-20
146,H00544,H00571,13,13,12,1,2025-10-20
146,H00552,H00599,13,13,21,0,2025-10-20
146,H00586,H00797,13,17,5,0,2025-10-20
146,H00588,H00569,13,13,17,1,2025-10-20
146,H00607,H00612,14,14,5,0,2025-10-20
146,H00636,H00652,14,14,14,0,2025-10-20
146,H00641,H00653,14,14,4,1,2025-10-20
146,H00648,H00644,14,14,21,0,2025-10-20
146,H00654,H00471,14,11,5,1,2025-10-20
146,H00671,H00662,15,15,7,1,2025-10-20
146,H00683,H00681,15,15,13,1,2025-10-20
146,H00703,H00694,15,15,8,1,2025-10-20
146,H00705,H00780,15,17,7,0,2025-10-20
146,H00715,H00749,16,16,19,1,2025-10-20
146,H00725,H00735,16,16,16,1,2025-10-20
146,H00727,H00886,16,20,8,0,2025-10-20
146,H00742,H00312,16,7,10,1,2025-10-20
146,H00745,H00743,16,16,18,0,2025-10-20
146,H00753,H00783,17,17,9,0,2025-10-20
146,H00760,H00761,17,17,21,0,2025-10-20
146,H00771,H00005,17,0,3,0,2025-10-20
146,H00808,H00839,18,18,2,0,2025-10-20
146,H00830,H00816,18,18,15,1,2025-10-20
146,H00856,H00853,19,19,24,0,2025-10-20
146,H00862,H00870,19,19,3,0,2025-10-20
146,H00873,H00891,20,20,6,0,2025-10-20
146,H00885,H00884,20,20,22,1,2025-10-20
146,H00888,H00890,20,20,3,1,2025-10-20
146,H00900,H00921,21,21,24,0,2025-10-20
146,H00905,H00918,21,21,8,1,2025-10-20
146,H00922,H00911,21,21,23,0,2025-10-20
146,H00928,H00961,22,22,23,1,2025-10-20
146,H00932,H00963,22,22,2,1,2025-10-20
146,H00937,H01076,22,26,4,0,2025-10-20
146,H00947,H00958,22,22,9,0,2025-10-20
146,H00989,H00943,23,22,4,1,2025-10-20
146,H00994,H00940,24,22,23,1,2025-10-20
146,H00995,H00997,24,24,12,1,2025-10-20
146,H01002,H00937,24,22,12,0,2025-10-20
146,H01015,H00100,24,2,22,0,2025-10-20
146,H01019,H01012,24,24,5,1,2025-10-20
146,H01025,H00731,25,16,15,1,2025-10-20
146,H01030,H01054,25,25,6,1,2025-10-20
146,H01031,H01024,25,25,2,1,2025-10-20
146,H01044,H01024,25,25,17,1,2025-10-20
146,H01047,H01046,25,25,17,0,2025-10-20
146,H01054,H00112,25,2,2,1,2025-10-20
146,H01057,H01063,26,26,7,1,2025-10-20
146,H01059,H01061,26,26,21,0,2025-10-20
146,H01065,H00891,26,20,24,0,2025-10-20
146,H01084,H01092,27,27,16,0,2025-10-20
146,H01086,H00743,27,16,10,0,2025-10-20
146,H01094,H01099,27,27,11,1,2025-10-20
146,H01096,H00890,27,20,16,1,2025-10-20
147,H00004,H00003,0,0,2,0,2025-10-27
147,H00013,H00030,0,0,23,1,2025-10-27
147,H00027,H00126,0,2,23,1,2025-10-27
147,H00051,H00065,1,1,24,1,2025-10-27
147,H00055,H00039,1,1,11,0,2025-10-27
147,H00080,H00102,1,2,12,0,2025-10-27
147,H00099,H00455,2,11,12,0,2025-10-27
147,H00105,H00131,2,2,4,0,2025-10-27
147,H00114,H00118,2,2,12,1,2025-10-27
147,H00132,H00703,2,15,23,0,2025-10-27
147,H00156,H00026,3,0,13,1,2025-10-27
147,H00169,H00170,3,3,18,1,2025-10-27
147,H00172,H00184,3,3,19,1,2025-10-27
147,H00186,H00164,3,3,3,1,2025-10-27
147,H00195,H00442,4,11,9,1,2025-10-27
147,H00198,H00662,4,15,7,0,2025-10-27
147,H00222,H00241,4,5,17,0,2025-10-27
147,H00224,H00224,4,4,17,0,2025-10-27
147,H00229,H00208,4,4,23,1,2025-10-27
147,H00237,H00266,5,5,18,1,2025-10-27
147,H00244,H00250,5,5,14,0,2025-10-27
147,H00258,H00236,5,5,8,1,2025-10-27
147,H00273,H00274,5,5,24,0,2025-10-27
147,H00274,H00234,5,5,7,1,2025-10-27
147,H00284,H00279,6,6,10,0,2025-10-27
147,H00288,H00142,6,2,17,0,2025-10-27
147,H00292,H00299,6,6,18,1,2025-10-27
147,H00293,H00286,6,6,21,0,2025-10-27
147,H00309,H00333,7,7,2,0,2025-10-27
147,H00323,H00034,7,0,2,1,2025-10-27
147,H00343,H00370,8,8,12,1,2025-10-27
147,H00347,H00350,8,8,12,0,2025-10-27
147,H00349,H00334,8,7,6,1,2025-10-27
147,H00358,H00069,8,1,5,0,2025-10-27
147,H00364,H00358,8,8,7,0,2025-10-27
147,H00396,H00386,9,9,12,0,2025-10-27
147,H00406,H00321,10,7,6,1,2025-10-27
147,H00413,H00334,10,7,10,1,2025-10-27
147,H00427,H00436,10,10,7,1,2025-10-27
147,H00433,H00417,10,10,2,0,2025-10-27
147,H00438,H00426,10,10,15,1,2025-10-27
147,H00443,H00476,11,11,6,0,2025-10-27
147,H00448,H00457,11,11,17,1,2025-10-27
147,H00474,H00473,11,11,21,1,2025-10-27
147,H00476,H00468,11,11,7,1,2025-10-27
147,H00486,H00486,11,11,6,0,2025-10-27
147,H00494,H00506,12,12,14,1,2025-10-27
147,H00495,H00541,12,12,14,1,2025-10-27
147,H00519,H00501,12,12,22,0,2025-10-27
147,H00526,H00497,12,12,10,0,2025-10-27
147,H00557,H00545,13,13,13,1,2025-10-27
147,H00565,H00589,13,13,17,1,2025-10-27
147,H00580,H00000,13,0,15,0,2025-10-27
147,H00586,H00583,13,13,23,0,2025-10-27
147,H00600,H00554,13,13,22,0,2025-10-27
147,H00620,H00628,14,14,6,0,2025-10-27
147,H00646,H00755,14,17,18,1,2025-10-27
147,H00660,H00664,14,15,3,1,2025-10-27
147,H00684,H00549,15,13,10,0,2025-10-27
147,H00686,H00318,15,7,21,1,2025-10-27
147,H00692,H00671,15,15,3,1,2025-10-27
147,H00694,H00686,15,15,15,1,2025-10-27
147,H00695,H00670,15,15,12,1,2025-10-27
147,H00701,H00689,15,15,13,0,2025-10-27
147,H00706,H00704,15,15,4,1,2025-10-27
147,H00714,H00100,16,2,14,1,2025-10-27
147,H00735,H00721,16,16,10,1,2025-10-27
147,H00737,H00297,16,6,7,0,2025-10-27
147,H00739,H00762,16,17,20,1,2025-10-27
147,H00748,H00713,16,16,12,0,2025-10-27
147,H00780,H00794,17,17,16,1,2025-10-27
147,H00784,H00786,17,17,21,1,2025-10-27
147,H00792,H00791,17,17,8,1,2025-10-27
147,H00795,H00792,17,17,19,1,2025-10-27
147,H00796,H00681,17,15,21,0,2025-10-27
147,H00802,H00840,18,18,5,1,2025-10-27
147,H00805,H00724,18,16,22,0,2025-10-27
147,H00854,H00846,19,19,7,1,2025-10-27
147,H00879,H00879,20,20,6,1,2025-10-27
147,H00890,H00414,20,10,12,1,2025-10-27
147,H00912,H00586,21,13,2,0,2025-10-27
147,H00925,H00896,21,21,13,0,2025-10-27
147,H00944,H00947,22,22,17,1,2025-10-27
147,H00965,H01031,23,25,9,1,2025-10-27
147,H00969,H00978,23,23,19,0,2025-10-27
147,H00977,H00960,23,22,15,1,2025-10-27
147,H00979,H00940,23,22,24,1,2025-10-27
147,H00986,H00982,23,23,7,0,2025-10-27
147,H00989,H00903,23,21,23,1,2025-10-27
147,H00995,H01015,24,24,12,1,2025-10-27
147,H00998,H01008,24,24,23,1,2025-10-27
147,H01001,H01063,24,26,14,1,2025-10-27
147,H01025,H00947,25,22,20,1,2025-10-27
147,H01027,H01033,25,25,4,1,2025-10-27
147,H01032,H01043,25,25,17,0,2025-10-27
147,H01064,H00940,26,22,6,0,2025-10-27
147,H01084,H01102,27,27,4,0,2025-10-27
147,H01085,H01081,27,27,17,1,2025-10-27
147,H01089,H01101,27,27,22,1,2025-10-27
147,H01094,H00976,27,23,13,1,2025-10-27
147,H01101,H01104,27,27,11,1,2025-10-27
148,H00000,H00475,0,11,16,1,2025-11-03
148,H00009,H00002,0,0,21,0,2025-11-03
148,H00012,H00035,0,0,12,1,2025-11-03
148,H00018,H00001,0,0,23,0,2025-11-03
148,H00031,H00017,0,0,21,1,2025-11-03
148,H00033,H00010,0,0,13,1,2025-11-03
148,H00037,H00664,0,15,14,1,2025-11-03
148,H00073,H00041,1,1,5,1,2025-11-03
148,H00089,H00122,1,2,24,1,2025-11-03
148,H00095,H00077,1,1,2,1,2025-11-03
148,H00100,H00301,2,6,10,0,2025-11-03
148,H00102,H00695,2,15,24,1,2025-11-03
148,H00108,H00110,2,2,17,1,2025-11-03
148,H00117,H00308,2,6,23,1,2025-11-03
148,H00121,H00115,2,2,4,1,2025-11-03
148,H00122,H00110,2,2,2,1,2025-11-03
148,H00124,H00131,2,2,24,1,2025-11-03
148,H00139,H00105,2,2,2,0,2025-11-03
148,H00148,H00150,3,3,13,1,2025-11-03
148,H00150,H00156,3,3,21,0,2025-11-03
148,H00181,H00167,3,3,19,1,2025-11-03
148,H00190,H00229,4,4,21,1,2025-11-03
148,H00195,H00225,4,4,6,0,2025-11-03
148,H00207,H00208,4,4,18,0,2025-11-03
148,H00221,H00209,4,4,24,0,2025-11-03
148,H00232,H00248,5,5,5,1,2025-11-03
148,H00240,H00237,5,5,15,1,2025-11-03
148,H00252,H00303,5,6,19,1,2025-11-03
148,H00253,H00233,5,5,24,1,2025-11-03
148,H00255,H01091,5,27,19,1,2025-11-03
148,H00272,H00200,5,4,14,1,2025-11-03
148,H00285,H00284,6,6,4,1,2025-11-03
148,H00286,H00294,6,6,15,1,2025-11-03
148,H00288,H00413,6,10,12,0,2025-11-03
148,H00303,H00299,6,6,6,0,2025-11-03
148,H00306,H00279,6,6,22,1,2025-11-03
148,H00334,H00328,7,7,20,1,2025-11-03
148,H00364,H00370,8,8,17,1,2025-11-03
148,H00372,H00487,8,11,13,0,2025-11-03
148,H00375,H00385,9,9,18,1,2025-11-03
148,H00376,H00282,9,6,22,0,2025-11-03
148,H00393,H00388,9,9,22,1,2025-11-03
148,H00396,H00384,9,9,7,0,2025-11-03
148,H00403,H00331,9,7,6,1,2025-11-03
148,H00416,H00360,10,8,12,1,2025-11-03
148,H00421,H00437,10,10,5,1,2025-11-03
148,H00429,H00023,10,0,8,0,2025-11-03
148,H00441,H00855,10,19,13,1,2025-11-03
148,H00442,H00442,11,11,6,1,2025-11-03
148,H00445,H00184,11,3,13,0,2025-11-03
148,H00448,H00238,11,5,24,1,2025-11-03
148,H00449,H00015,11,0,13,1,2025-11-03
148,H00454,H00465,11,11,13,0,2025-11-03
148,H00460,H00445,11,11,20,1,2025-11-03
148,H00464,H00499,11,12,22,0,2025-11-03
148,H00474,H00734,11,16,9,1,2025-11-03
148,H00504,H00502,12,12,7,0,2025-11-03
148,H00532,H00528,12,12,12,1,2025-11-03
148,H00537,H00038,12,0,13,1,2025-11-03
148,H00573,H00552,13,13,5,1,2025-11-03
148,H00584,H00569,13,13,12,1,2025-11-03
148,H00595,H00005,13,0,19,0,2025-11-03
148,H00611,H00628,14,14,18,1,2025-11-03
148,H00621,H00399,14,9,2,1,2025-11-03
148,H00625,H00606,14,14,15,1,2025-11-03
148,H00673,H00706,15,15,8,0,2025-11-03
148,H00688,H00618,15,14,21,1,2025-11-03
148,H00706,H00701,15,15,13,0,2025-11-03
148,H00719,H00719,16,16,11,0,2025-11-03
148,H00759,H00784,17,17,15,1,2025-11-03
148,H00765,H00756,17,17,23,0,2025-11-03
148,H00769,H00775,17,17,16,1,2025-11-03
148,H00784,H00787,17,17,16,1,2025-11-03
148,H00804,H00824,18,18,15,1,2025-11-03
148,H00806,H00841,18,18,22,1,2025-11-03
148,H00810,H00747,18,16,22,1,2025-11-03
148,H00824,H00736,18,16,2,1,2025-11-03
148,H00840,H00822,18,18,20,0,2025-11-03
148,H00841,H00286,18,6,18,0,2025-11-03
148,H00843,H00336,19,7,19,1,2025-11-03
148,H00848,H00853,19,19,22,0,2025-11-03
148,H00855,H00722,19,16,9,0,2025-11-03
148,H00875,H00736,20,16,21,0,2025-11-03
148,H00880,H00884,20,20,13,0,2025-11-03
148,H00898,H00652,21,14,20,0,2025-11-03
148,H00907,H00913,21,21,15,1,2025-11-03
148,H00924,H00926,21,21,5,1,2025-11-03
148,H00925,H00904,21,21,21,1,2025-11-03
148,H00927,H00920,21,21,17,1,2025-11-03
148,H00939,H00936,22,22,18,0,2025-11-03
148,H00941,H00936,22,22,5,0,2025-11-03
148,H00944,H00930,22,22,23,1,2025-11-03
148,H00946,H00933,22,22,20,0,2025-11-03
148,H00949,H00964,22,22,17,0,2025-11-03
148,H00955,H00933,22,22,14,1,2025-11-03
148,H00956,H00960,22,22,18,1,2025-11-03
148,H00957,H01002,22,24,10,0,2025-11-03
148,H00958,H00948,22,22,14,1,2025-11-03
148,H00959,H00712,22,16,10,1,2025-11-03
148,H00969,H00966,23,23,10,1,2025-11-03
148,H00971,H00991,23,23,22,1,2025-11-03
148,H01001,H01010,24,24,15,0,2025-11-03
148,H01002,H01007,24,24,9,0,2025-11-03
148,H01018,H01005,24,24,12,0,2025-11-03
148,H01022,H00297,25,6,19,1,2025-11-03
148,H01023,H00101,25,2,9,1,2025-11-03
148,H01028,H01025,25,25,7,1,2025-11-03
148,H01029,H01053,25,25,5,1,2025-11-03
148,H01042,H01025,25,25,14,1,2025-11-03
148,H01043,H01025,25,25,18,1,2025-11-03
148,H01044,H00272,25,5,14,1,2025-11-03
148,H01074,H01070,26,26,22,0,2025-11-03
148,H01079,H01081,27,27,9,1,2025-11-03
148,H01093,H01085,27,27,22,0,2025-11-03
148,H01098,H00451,27,11,9,0,2025-11-03
148,H01106,H01099,27,27,12,1,2025-11-03
148,H01107,H01103,27,27,12,1,2025-11-03
148,H01110,H01109,27,27,20,0,2025-11-03
149,H00001,H00122,0,2,24,1,2025-11-10
149,H00004,H00558,0,13,22,0,2025-11-10
149,H00007,H00329,0,7,13,0,2025-11-10
149,H00023,H00091,0,1,7,1,2025-11-10
149,H00028,H00679,0,15,16,0,2025-11-10
149,H00037,H00663,0,15,13,0,2025-11-10
149,H00062,H00570,1,13,20,1,2025-11-10
149,H00077,H00083,1,1,22,0,2025-11-10
149,H00087,H00048,1,1,19,1,2025-11-10
149,H00105,H00692,2,15,12,1,2025-11-10
149,H00125,H00312,2,7,10,0,2025-11-10
149,H00134,H00122,2,2,21,1,2025-11-10
149,H00154,H00962,3,22,6,0,2025-11-10
149,H00155,H00162,3,3,7,1,2025-11-10
149,H00162,H00735,3,16,5,1,2025-11-10
149,H00176,H00160,3,3,23,0,2025-11-10
149,H00181,H00157,3,3,11,0,2025-11-10
149,H00201,H00705,4,15,15,1,2025-11-10
149,H00204,H00201,4,4,10,0,2025-11-10
149,H00207,H00271,4,5,21,0,2025-11-10
149,H00209,H00188,4,4,10,1,2025-11-10
149,H00211,H00229,4,4,2,1,2025-11-10
149,H00214,H00214,4,4,15,1,2025-11-10
149,H00218,H00219,4,4,7,0,2025-11-10
149,H00238,H00111,5,2,15,1,2025-11-10
149,H00245,H00187,5,4,12,1,2025-11-10
149,H00252,H00249,5,5,9,0,2025-11-10
149,H00254,H00245,5,5,14,0,2025-11-10
149,H00268,H00525,5,12,23,0,2025-11-10
149,H00280,H00297,6,6,23,1,2025-11-10
149,H00300,H00415,6,10,7,0,2025-11-10
149,H00334,H00251,7,5,6,0,2025-11-10
149,H00336,H00621,7,14,19,1,2025-11-10
149,H00340,H00303,8,6,14,0,2025-11-10
149,H00346,H00338,8,8,6,0,2025-11-10
149,H00349,H00348,8,8,20,0,2025-11-10
149,H00381,H00283,9,6,4,0,2025-11-10
149,H00384,H00115,9,2,24,0,2025-11-10
149,H00386,H00394,9,9,24,0,2025-11-10
149,H00399,H00140,9,2,10,0,2025-11-10
149,H00400,H00400,9,9,2,1,2025-11-10
149,H00404,H00380,9,9,13,1,2025-11-10
149,H00406,H00492,10,11,17,1,2025-11-10
149,H00413,H00440,10,10,18,1,2025-11-10
149,H00431,H00490,10,11,8,1,2025-11-10
149,H00433,H00435,10,10,23,0,2025-11-10
149,H00436,H00426,10,10,7,0,2025-11-10
149,H00441,H00741,10,16,18,0,2025-11-10
149,H00442,H00747,11,16,16,1,2025-11-10
149,H00459,H00333,11,7,11,1,2025-11-10
149,H00464,H00708,11,15,11,1,2025-11-10
149,H00480,H00483,11,11,16,1,2025-11-10
149,H00495,H00529,12,12,21,1,2025-11-10
149,H00504,H00280,12,6,19,0,2025-11-10
149,H00513,H00520,12,12,24,0,2025-11-10
149,H00514,H00851,12,19,6,1,2025-11-10
149,H00537,H00508,12,12,20,0,2025-11-10
149,H00565,H00556,13,13,13,0,2025-11-10
149,H00581,H00544,13,13,5,1,2025-11-10
149,H00604,H00698,14,15,6,1,2025-11-10
149,H00607,H00326,14,7,20,1,2025-11-10
149,H00611,H00682,14,15,19,1,2025-11-10
149,H00624,H00661,14,14,12,1,2025-11-10
149,H00626,H00698,14,15,19,1,2025-11-10
149,H00627,H00001,14,0,12,0,2025-11-10
149,H00634,H00670,14,15,8,1,2025-11-10
149,H00636,H00008,14,0,2,1,2025-11-10
149,H00660,H00657,14,14,7,1,2025-11-10
149,H00662,H00615,15,14,18,1,2025-11-10
149,H00670,H00509,15,12,2,0,2025-11-10
149,H00674,H00691,15,15,22,1,2025-11-10
149,H00681,H00796,15,17,18,1,2025-11-10
149,H00693,H00536,15,12,13,0,2025-11-10
149,H00694,H00681,15,15,4,1,2025-11-10
149,H00710,H00713,16,16,16,1,2025-11-10
149,H00712,H00864,16,19,12,1,2025-11-10
149,H00745,H00712,16,16,7,1,2025-11-10
149,H00753,H00780,17,17,11,1,2025-11-10
149,H00755,H00792,17,17,22,0,2025-11-10
149,H00759,H00678,17,15,15,1,2025-11-10
149,H00771,H00778,17,17,24,1,2025-11-10
149,H00773,H00011,17,0,10,1,2025-11-10
149,H00797,H00788,17,17,21,0,2025-11-10
149,H00842,H00722,18,16,14,0,2025-11-10
149,H00843,H00865,19,19,11,1,2025-11-10
149,H00851,H00949,19,22,9,0,2025-11-10
149,H00864,H00847,19,19,3,1,2025-11-10
149,H00877,H00365,20,8,12,1,2025-11-10
149,H00886,H00501,20,12,2,1,2025-11-10
149,H00892,H00875,20,20,5,0,2025-11-10
149,H00897,H00909,21,21,7,1,2025-11-10
149,H00907,H00901,21,21,8,1,2025-11-10
149,H00917,H01044,21,25,19,0,2025-11-10
149,H00927,H00909,21,21,5,0,2025-11-10
149,H00943,H00962,22,22,12,1,2025-11-10
149,H00949,H00951,22,22,18,0,2025-11-10
149,H00964,H00962,22,22,4,1,2025-11-10
149,H00965,H00993,23,23,5,1,2025-11-10
149,H00980,H00975,23,23,22,1,2025-11-10
149,H01000,H00443,24,11,7,0,2025-11-10
149,H01002,H00996,24,24,21,0,2025-11-10
149,H01008,H01007,24,24,13,1,2025-11-10
149,H01022,H00096,25,1,14,1,2025-11-10
149,H01035,H00704,25,15,7,1,2025-11-10
149,H01040,H00876,25,20,21,1,2025-11-10
149,H01045,H00945,25,22,19,0,2025-11-10
149,H01052,H00098,25,1,6,1,2025-11-10
149,H01056,H01076,26,26,3,0,2025-11-10
149,H01058,H00997,26,24,22,0,2025-11-10
149,H01068,H01056,26,26,19,1,2025-11-10
149,H01087,H01081,27,27,4,1,2025-11-10
149,H01107,H00323,27,7,11,1,2025-11-10
149,H01108,H01084,27,27,24,1,2025-11-10
150,H00000,H00114,0,2,13,1,2025-11-17
150,H00019,H00033,0,0,10,1,2025-11-17
150,H00023,H00024,0,0,5,0,2025-11-17
150,H00027,H00446,0,11,13,1,2025-11-17
150,H00039,H00142,1,2,20,1,2025-11-17
150,H00051,H00093,1,1,20,1,2025-11-17
150,H00058,H00705,1,15,22,0,2025-11-17
150,H00063,H00087,1,1,17,1,2025-11-17
150,H00085,H00058,1,1,20,1,2025-11-17
150,H00110,H00100,2,2,18,1,2025-11-17
150,H00112,H00277,2,6,19,1,2025-11-17
150,H00117,H00322,2,7,24,0,2025-11-17
150,H00122,H00118,2,2,2,1,2025-11-17
150,H00133,H00136,2,2,22,1,2025-11-17
150,H00168,H00276,3,6,16,1,2025-11-17
150,H00174,H00333,3,7,9,1,2025-11-17
150,H00179,H00160,3,3,11,0,2025-11-17
150,H00194,H00221,4,4,19,1,2025-11-17
150,H00196,H00212,4,4,15,1,2025-11-17
150,H00208,H00763,4,17,19,1,2025-11-17
150,H00210,H00197,4,4,8,1,2025-11-17
150,H00229,H00264,4,5,7,1,2025-11-17
150,H00231,H00218,4,4,13,0,2025-11-17
150,H00243,H00162,5,3,6,0,2025-11-17
150,H00261,H00251,5,5,7,1,2025-11-17
150,H00263,H00261,5,5,18,1,2025-11-17
150,H00268,H00356,5,8,6,1,2025-11-17
150,H00273,H00235,5,5,3,1,2025-11-17
150,H00285,H00294,6,6,5,1,2025-11-17
150,H00294,H00012,6,0,16,1,2025-11-17
150,H00307,H00299,6,6,3,1,2025-11-17
150,H00314,H00470,7,11,4,0,2025-11-17
150,H00332,H00314,7,7,22,1,2025-11-17
150,H00354,H00338,8,8,2,0,2025-11-17
150,H00362,H00345,8,8,21,1,2025-11-17
150,H00398,H00388,9,9,10,1,2025-11-17
150,H00403,H00398,9,9,2,1,2025-11-17
150,H00407,H00406,10,10,20,1,2025-11-17
150,H00418,H00409,10,10,14,0,2025-11-17
150,H00424,H00414,10,10,16,1,2025-11-17
150,H00437,H00778,10,17,11,1,2025-11-17
150,H00444,H00448,11,11,18,1,2025-11-17
150,H00453,H00003,11,0,11,0,2025-11-17
150,H00457,H00467,11,11,13,1,2025-11-17
150,H00460,H00524,11,12,9,1,2025-11-17
150,H00466,H00454,11,11,10,1,2025-11-17
150,H00467,H00691,11,15,11,1,2025-11-17
150,H00478,H00473,11,11,4,1,2025-11-17
150,H00481,H00115,11,2,9,0,2025-11-17
150,H00484,H00480,11,11,11,0,2025-11-17
150,H00490,H00454,11,11,13,1,2025-11-17
150,H00503,H00521,12,12,8,1,2025-11-17
150,H00521,H00455,12,11,17,0,2025-11-17
150,H00535,H00495,12,12,2,0,2025-11-17
150,H00540,H00524,12,12,9,0,2025-11-17
150,H00542,H00564,13,13,3,1,2025-11-17
150,H00567,H00553,13,13,19,0,2025-11-17
150,H00572,H00555,13,13,16,0,2025-11-17
150,H00575,H00571,13,13,18,1,2025-11-17
150,H00590,H00583,13,13,20,0,2025-11-17
150,H00604,H00703,14,15,19,1,2025-11-17
150,H00612,H00639,14,14,3,1,2025-11-17
150,H00618,H00627,14,14,12,1,2025-11-17
150,H00632,H00686,14,15,13,1,2025-11-17
150,H00665,H00690,15,15,19,1,2025-11-17
150,H00692,H00025,15,0,6,1,2025-11-17
150,H00697,H00674,15,15,18,0,2025-11-17
150,H00701,H00003,15,0,22,0,2025-11-17
150,H00704,H00705,15,15,16,1,2025-11-17
150,H00717,H00482,16,11,17,1,2025-11-17
150,H00722,H00740,16,16,6,1,2025-11-17
150,H00732,H00737,16,16,21,0,2025-11-17
150,H00742,H00137,16,2,3,1,2025-11-17
150,H00747,H00729,16,16,18,0,2025-11-17
150,H00764,H00782,17,17,3,1,2025-11-17
150,H00767,H00663,17,15,7,1,2025-11-17
150,H00770,H00700,17,15,23,1,2025-11-17
150,H00780,H00784,17,17,19,0,2025-11-17
150,H00792,H00793,17,17,5,0,2025-11-17
150,H00794,H00794,17,17,23,1,2025-11-17
150,H00801,H00832,18,18,19,1,2025-11-17
150,H00804,H00801,18,18,12,0,2025-11-17
150,H00841,H00866,18,19,10,1,2025-11-17
150,H00843,H00848,19,19,11,1,2025-11-17
150,H00858,H00932,19,22,5,1,2025-11-17
150,H00864,H00485,19,11,10,1,2025-11-17
150,H00900,H00912,21,21,6,1,2025-11-17
150,H00916,H01061,21,26,10,0,2025-11-17
150,H00924,H00922,21,21,18,1,2025-11-17
150,H00928,H00743,22,16,14,1,2025-11-17
150,H00931,H00282,22,6,15,1,2025-11-17
150,H00936,H00952,22,22,10,1,2025-11-17
150,H00938,H00863,22,19,19,1,2025-11-17
150,H00942,H00950,22,22,7,1,2025-11-17
150,H00947,H00934,22,22,3,1,2025-11-17
150,H00951,H00953,22,22,4,1,2025-11-17
150,H00964,H00866,22,19,6,0,2025-11-17
150,H00972,H00981,23,23,4,1,2025-11-17
150,H00990,H00426,23,10,7,0,2025-11-17
150,H01009,H01002,24,24,21,0,2025-11-17
150,H01012,H00996,24,24,19,1,2025-11-17
150,H01017,H01002,24,24,18,1,2025-11-17
150,H01036,H01029,25,25,18,0,2025-11-17
150,H01037,H01050,25,25,5,1,2025-11-17
150,H01062,H00958,26,22,22,0,2025-11-17
150,H01078,H01016,27,24,14,1,2025-11-17
150,H01082,H01094,27,27,12,0,2025-11-17
150,H01083,H01092,27,27,23,0,2025-11-17
150,H01092,H01093,27,27,24,0,2025-11-17
150,H01109,H00410,27,10,2,0,2025-11-17
151,H00025,H00001,0,0,5,1,2025-11-24
151,H00035,H00020,0,0,17,1,2025-11-24
151,H00036,H00117,0,2,6,0,2025-11-24
151,H00042,H00085,1,1,20,1,2025-11-24
151,H00043,H00053,1,1,7,0,2025-11-24
151,H00050,H00085,1,1,6,1,2025-11-24
151,H00066,H00142,1,2,12,0,2025-11-24
151,H00082,H00086,1,1,20,0,2025-11-24
151,H00093,H00050,1,1,10,1,2025-11-24
151,H00094,H00093,1,1,15,1,2025-11-24
151,H00138,H00117,2,2,2,1,2025-11-24
151,H00157,H00162,3,3,7,0,2025-11-24
151,H00160,H00326,3,7,7,1,2025-11-24
151,H00161,H00150,3,3,20,0,2025-11-24
151,H00168,H00166,3,3,10,1,2025-11-24
151,H00215,H00153,4,3,16,1,2025-11-24
151,H00226,H00091,4,1,9,0,2025-11-24
151,H00229,H00122,4,2,13,1,2025-11-24
151,H00234,H00274,5,5,19,1,2025-11-24
151,H00236,H00258,5,5,14,0,2025-11-24
151,H00249,H00614,5,14,6,1,2025-11-24
151,H00269,H00341,5,8,13,1,2025-11-24
151,H00281,H00357,6,8,16,1,2025-11-24
151,H00299,H00109,6,2,3,0,2025-11-24
151,H00324,H00331,7,7,4,0,2025-11-24
151,H00334,H00076,7,1,16,1,2025-11-24
151,H00337,H00348,8,8,22,1,2025-11-24
151,H00339,H00326,8,7,14,1,2025-11-24
151,H00360,H00464,8,11,4,1,2025-11-24
151,H00365,H00174,8,3,17,1,2025-11-24
151,H00381,H00388,9,9,16,0,2025-11-24
151,H00386,H00019,9,0,13,1,2025-11-24
151,H00396,H00405,9,9,15,0,2025-11-24
151,H00410,H00308,10,6,22,1,2025-11-24
151,H00430,H00426,10,10,4,1,2025-11-24
151,H00436,H00422,10,10,8,1,2025-11-24
151,H00442,H00466,11,11,4,1,2025-11-24
151,H00455,H00449,11,11,13,0,2025-11-24
151,H00469,H00743,11,16,4,0,2025-11-24
151,H00479,H00467,11,11,19,1,2025-11-24
151,H00493,H00691,12,15,24,0,2025-11-24
151,H00501,H00497,12,12,6,1,2025-11-24
151,H00523,H00513,12,12,10,1,2025-11-24
151,H00577,H00664,13,15,12,0,2025-11-24
151,H00580,H00558,13,13,18,1,2025-11-24
151,H00593,H00227,13,4,5,1,2025-11-24
151,H00601,H00694,13,15,15,1,2025-11-24
151,H00614,H00658,14,14,11,1,2025-11-24
151,H00619,H00634,14,14,8,0,2025-11-24
151,H00621,H00651,14,14,11,1,2025-11-24
151,H00632,H00823,14,18,5,1,2025-11-24
151,H00633,H00527,14,12,15,0,2025-11-24
151,H00644,H00645,14,14,10,1,2025-11-24
151,H00651,H00629,14,14,9,1,2025-11-24
151,H00654,H00614,14,14,20,1,2025-11-24
151,H00655,H00647,14,14,20,1,2025-11-24
151,H00666,H00704,15,15,15,1,2025-11-24
151,H00672,H00274,15,5,14,0,2025-11-24
151,H00694,H00077,15,1,8,1,2025-11-24
151,H00695,H00708,15,15,3,1,2025-11-24
151,H00705,H00728,15,16,15,0,2025-11-24
151,H00707,H00684,15,15,15,0,2025-11-24
151,H00709,H00674,15,15,20,1,2025-11-24
151,H00713,H00726,16,16,15,0,2025-11-24
151,H00716,H00838,16,18,9,1,2025-11-24
151,H00729,H00034,16,0,22,1,2025-11-24
151,H00735,H00738,16,16,15,0,2025-11-24
151,H00737,H00739,16,16,22,0,2025-11-24
151,H00738,H00747,16,16,3,1,2025-11-24
151,H00749,H00277,16,6,8,0,2025-11-24
151,H00754,H00778,17,17,11,1,2025-11-24
151,H00758,H00782,17,17,21,1,2025-11-24
151,H00768,H00785,17,17,12,0,2025-11-24
151,H00776,H00321,17,7,7,1,2025-11-24
151,H00778,H00755,17,17,19,1,2025-11-24
151,H00786,H00275,17,5,21,0,2025-11-24
151,H00789,H00786,17,17,14,1,2025-11-24
151,H00792,H00699,17,15,9,0,2025-11-24
151,H00794,H00779,17,17,6,1,2025-11-24
151,H00802,H01083,18,27,2,0,2025-11-24
151,H00811,H00749,18,16,18,1,2025-11-24
151,H00814,H00164,18,3,22,1,2025-11-24
151,H00821,H00457,18,11,12,1,2025-11-24
151,H00830,H00852,18,19,8,1,2025-11-24
151,H00842,H00808,18,18,24,0,2025-11-24
151,H00861,H00861,19,19,12,1,2025-11-24
151,H00868,H00856,19,19,18,0,2025-11-24
151,H00876,H00899,20,21,14,0,2025-11-24
151,H00887,H00887,20,20,13,1,2025-11-24
151,H00894,H00894,20,20,16,1,2025-11-24
151,H00924,H00460,21,11,3,1,2025-11-24
151,H00927,H00112,21,2,19,1,2025-11-24
151,H00928,H00953,22,22,11,1,2025-11-24
151,H00939,H00937,22,22,19,1,2025-11-24
151,H00955,H00116,22,2,11,0,2025-11-24
151,H00972,H01063,23,26,21,1,2025-11-24
151,H00990,H00470,23,11,15,0,2025-11-24
151,H01016,H01015,24,24,17,1,2025-11-24
151,H01025,H01002,25,24,21,0,2025-11-24
151,H01035,H01053,25,25,12,0,2025-11-24
151,H01038,H01033,25,25,22,1,2025-11-24
151,H01053,H01039,25,25,16,0,2025-11-24
151,H01065,H01064,26,26,18,0,2025-11-24
151,H01067,H01070,26,26,19,1,2025-11-24
151,H01071,H01071,26,26,20,1,2025-11-24
151,H01076,H01057,26,26,7,0,2025-11-24
151,H01085,H00716,27,16,19,1,2025-11-24
151,H01088,H01088,27,27,7,1,2025-11-24
151,H01096,H00938,27,22,15,0,2025-11-24
151,H01101,H00289,27,6,21,1,2025-11-24
151,H01102,H00947,27,22,9,0,2025-11-24
151,H01107,H01105,27,27,23,0,2025-11-24
151,H01111,H01083,27,27,24,1,2025-11-24
152,H00042,H00058,1,1,21,0,2025-12-01
152,H00048,H00048,1,1,7,1,2025-12-01
152,H00051,H00323,1,7,3,1,2025-12-01
152,H00059,H00287,1,6,7,1,2025-12-01
152,H00072,H00057,1,1,13,0,2025-12-01
152,H00073,H00090,1,1,19,0,2025-12-01
152,H00074,H00043,1,1,15,0,2025-12-01
152,H00081,H00082,1,1,14,0,2025-12-01
152,H00089,H00029,1,0,6,1,2025-12-01
152,H00100,H00122,2,2,23,1,2025-12-01
152,H00104,H00134,2,2,8,0,2025-12-01
152,H00119,H00125,2,2,10,1,2025-12-01
152,H00134,H00318,2,7,7,0,2025-12-01
152,H00165,H00626,3,14,22,0,2025-12-01
152,H00168,H00151,3,3,7,1,2025-12-01
152,H00185,H00149,3,3,4,0,2025-12-01
152,H00187,H00708,4,15,12,0,2025-12-01
152,H00202,H00596,4,13,9,1,2025-12-01
152,H00231,H00226,4,4,22,1,2025-12-01
152,H00275,H00275,5,5,2,1,2025-12-01
152,H00278,H00289,6,6,17,1,2025-12-01
152,H00284,H00295,6,6,14,1,2025-12-01
152,H00285,H00433,6,10,2,1,2025-12-01
152,H00295,H00119,6,2,19,0,2025-12-01
152,H00308,H00281,6,6,8,1,2025-12-01
152,H00309,H00304,7,6,18,1,2025-12-01
152,H00313,H00697,7,15,4,1,2025-12-01
152,H00330,H00328,7,7,15,1,2025-12-01
152,H00341,H00355,8,8,10,0,2025-12-01
152,H00345,H00505,8,12,8,1,2025-12-01
152,H00347,H00365,8,8,13,1,2025-12-01
152,H00356,H00373,8,8,17,0,2025-12-01
152,H00365,H00337,8,8,23,1,2025-12-01
152,H00369,H00335,8,7,16,0,2025-12-01
152,H00371,H00369,8,8,17,0,2025-12-01
152,H00372,H00103,8,2,13,0,2025-12-01
152,H00375,H00022,9,0,13,1,2025-12-01
152,H00384,H00380,9,9,16,1,2025-12-01
152,H00389,H00390,9,9,6,1,2025-12-01
152,H00393,H00319,9,7,6,1,2025-12-01
152,H00397,H00301,9,6,15,0,2025-12-01
152,H00398,H00102,9,2,2,0,2025-12-01
152,H00411,H00435,10,10,17,1,2025-12-01
152,H00429,H00427,10,10,15,1,2025-12-01
152,H00430,H00412,10,10,22,0,2025-12-01
152,H00436,H00421,10,10,23,1,2025-12-01
152,H00442,H00481,11,11,18,0,2025-12-01
152,H00453,H00282,11,6,10,0,2025-12-01
152,H00454,H00197,11,4,20,0,2025-12-01
152,H00461,H00256,11,5,16,0,2025-12-01
152,H00507,H00525,12,12,12,1,2025-12-01
152,H00513,H00713,12,16,22,1,2025-12-01
152,H00514,H00444,12,11,12,1,2025-12-01
152,H00515,H00527,12,12,14,0,2025-12-01
152,H00516,H00515,12,12,8,1,2025-12-01
152,H00519,H00496,12,12,23,1,2025-12-01
152,H00523,H00513,12,12,23,0,2025-12-01
152,H00524,H00494,12,12,21,1,2025-12-01
152,H00528,H00527,12,12,20,1,2025-12-01
152,H00533,H00328,12,7,18,0,2025-12-01
152,H00557,H00490,13,11,6,1,2025-12-01
152,H00560,H00587,13,13,4,0,2025-12-01
152,H00570,H00678,13,15,18,1,2025-12-01
152,H00593,H00662,13,15,13,0,2025-12-01
152,H00594,H00461,13,11,24,1,2025-12-01
152,H00604,H00607,14,14,23,1,2025-12-01
152,H00608,H00624,14,14,13,1,2025-12-01
152,H00618,H00699,14,15,24,0,2025-12-01
152,H00621,H00625,14,14,5,0,2025-12-01
152,H00637,H00657,14,14,13,0,2025-12-01
152,H00640,H00630,14,14,17,1,2025-12-01
152,H00641,H00628,14,14,19,0,2025-12-01
152,H00642,H00628,14,14,14,0,2025-12-01
152,H00655,H00636,14,14,20,1,2025-12-01
152,H00662,H00680,15,15,24,1,2025-12-01
152,H00663,H00284,15,6,3,0,2025-12-01
152,H00666,H00769,15,17,19,1,2025-12-01
152,H00668,H00679,15,15,14,0,2025-12-01
152,H00681,H00708,15,15,15,0,2025-12-01
152,H00693,H00672,15,15,11,1,2025-12-01
152,H00707,H00698,15,15,12,1,2025-12-01
152,H00708,H00512,15,12,8,0,2025-12-01
152,H00717,H00744,16,16,9,1,2025-12-01
152,H00719,H00813,16,18,11,1,2025-12-01
152,H00738,H00802,16,18,24,1,2025-12-01
152,H00743,H00505,16,12,2,1,2025-12-01
152,H00772,H00101,17,2,14,1,2025-12-01
152,H00776,H00774,17,17,20,1,2025-12-01
152,H00777,H00757,17,17,8,0,2025-12-01
152,H00779,H00768,17,17,23,1,2025-12-01
152,H00791,H00759,17,17,20,0,2025-12-01
152,H00796,H00783,17,17,10,1,2025-12-01
152,H00808,H00823,18,18,15,1,2025-12-01
152,H00814,H00819,18,18,12,1,2025-12-01
152,H00832,H00718,18,16,20,1,2025-12-01
152,H00852,H00012,19,0,23,0,2025-12-01
152,H00859,H00844,19,19,11,1,2025-12-01
152,H00870,H00781,19,17,4,0,2025-12-01
152,H00873,H00747,20,16,5,1,2025-12-01
152,H00878,H00734,20,16,6,1,2025-12-01
152,H00882,H00883,20,20,17,0,2025-12-01
152,H00883,H00694,20,15,17,0,2025-12-01
152,H00886,H00887,20,20,14,1,2025-12-01
152,H00889,H00941,20,22,19,1,2025-12-01
152,H00894,H00886,20,20,8,1,2025-12-01
152,H00900,H00808,21,18,20,0,2025-12-01
152,H00917,H00933,21,22,23,1,2025-12-01
152,H00928,H01096,22,27,14,1,2025-12-01
152,H00932,H00941,22,22,2,0,2025-12-01
152,H00942,H01089,22,27,8,1,2025-12-01
152,H00951,H00948,22,22,10,0,2025-12-01
152,H00984,H01060,23,26,10,1,2025-12-01
152,H00987,H00986,23,23,3,1,2025-12-01
152,H01011,H00106,24,2,10,1,2025-12-01
152,H01030,H01029,25,25,5,0,2025-12-01
152,H01035,H01037,25,25,2,1,2025-12-01
152,H01042,H01032,25,25,16,0,2025-12-01
152,H01052,H01024,25,25,24,0,2025-12-01
152,H01077,H01099,27,27,20,1,2025-12-01
152,H01092,H00944,27,22,16,0,2025-12-01
152,H01106,H01111,27,27,18,0,2025-12-01
152,H01108,H01082,27,27,23,0,2025-12-01
153,H00000,H00009,0,0,3,1,2025-12-08
153,H00022,H00023,0,0,8,0,2025-12-08
153,H00027,H00301,0,6,15,1,2025-12-08
153,H00033,H00002,0,0,16,0,2025-12-08
153,H00046,H00632,1,14,12,1,2025-12-08
153,H00048,H00055,1,1,13,0,2025-12-08
153,H00059,H00312,1,7,16,1,2025-12-08
153,H00062,H00100,1,2,9,0,2025-12-08
153,H00078,H00259,1,5,13,1,2025-12-08
153,H00082,H00686,1,15,13,0,2025-12-08
153,H00084,H00304,1,6,21,1,2025-12-08
153,H00099,H00322,2,7,20,1,2025-12-08
153,H00105,H00130,2,2,6,0,2025-12-08
153,H00107,H00016,2,0,9,0,2025-12-08
153,H00115,H00115,2,2,18,1,2025-12-08
153,H00144,H00051,3,1,7,0,2025-12-08
153,H00147,H00145,3,3,13,1,2025-12-08
153,H00153,H00428,3,10,18,1,2025-12-08
153,H00176,H00392,3,9,13,1,2025-12-08
153,H00182,H00146,3,3,2,0,2025-12-08
153,H00194,H00209,4,4,19,0,2025-12-08
153,H00203,H00208,4,4,10,1,2025-12-08
153,H00208,H00219,4,4,7,0,2025-12-08
153,H00225,H00227,4,4,16,1,2025-12-08
153,H00226,H00193,4,4,22,0,2025-12-08
153,H00229,H00218,4,4,7,1,2025-12-08
153,H00238,H00271,5,5,19,1,2025-12-08
153,H00242,H00252,5,5,4,1,2025-12-08
153,H00248,H00256,5,5,20,0,2025-12-08
153,H00250,H00049,5,1,8,0,2025-12-08
153,H00254,H00140,5,2,9,0,2025-12-08
153,H00258,H00233,5,5,14,1,2025-12-08
153,H00259,H00488,5,11,14,0,2025-12-08
153,H00265,H00246,5,5,2,1,2025-12-08
153,H00289,H00462,6,11,13,1,2025-12-08
153,H00290,H00281,6,6,4,0,2025-12-08
153,H00304,H00285,6,6,24,1,2025-12-08
153,H00306,H00061,6,1,23,0,2025-12-08
153,H00309,H00317,7,7,18,1,2025-12-08
153,H00310,H00472,7,11,12,0,2025-12-08
153,H00344,H00340,8,8,11,1,2025-12-08
153,H00345,H00343,8,8,13,1,2025-12-08
153,H00354,H00362,8,8,22,1,2025-12-08
153,H00364,H00315,8,7,13,1,2025-12-08
153,H00372,H00582,8,13,16,1,2025-12-08
153,H00376,H00449,9,11,8,1,2025-12-08
153,H00385,H00037,9,0,3,1,2025-12-08
153,H00386,H00393,9,9,20,1,2025-12-08
153,H00401,H00023,9,0,16,1,2025-12-08
153,H00419,H00441,10,10,15,1,2025-12-08
153,H00421,H00440,10,10,23,1,2025-12-08
153,H00425,H00408,10,10,18,1,2025-12-08
153,H00440,H00414,10,10,6,0,2025-12-08
153,H00443,H00480,11,11,4,1,2025-12-08
153,H00444,H00465,11,11,16,1,2025-12-08
153,H00451,H00325,11,7,9,1,2025-12-08
153,H00458,H00675,11,15,15,1,2025-12-08
153,H00469,H00136,11,2,22,0,2025-12-08
153,H00470,H00459,11,11,19,1,2025-12-08
153,H00482,H00474,11,11,4,0,2025-12-08
153,H00486,H00475,11,11,16,1,2025-12-08
153,H00488,H00669,11,15,24,0,2025-12-08
153,H00494,H00681,12,15,15,0,2025-12-08
153,H00513,H00499,12,12,3,1,2025-12-08
153,H00514,H00523,12,12,11,0,2025-12-08
153,H00522,H00702,12,15,2,1,2025-12-08
153,H00527,H00516,12,12,23,1,2025-12-08
153,H00528,H00523,12,12,20,0,2025-12-08
153,H00538,H00515,12,12,8,1,2025-12-08
153,H00546,H00101,13,2,18,0,2025-12-08
153,H00562,H00601,13,13,13,1,2025-12-08
153,H00578,H00579,13,13,11,1,2025-12-08
153,H00597,H00542,13,13,10,0,2025-12-08
153,H00599,H00672,13,15,17,1,2025-12-08
153,H00616,H00680,14,15,7,0,2025-12-08
153,H00621,H00628,14,14,15,0,2025-12-08
153,H00629,H00650,14,14,18,0,2025-12-08
153,H00631,H00614,14,14,14,0,2025-12-08
153,H00632,H00623,14,14,20,0,2025-12-08
153,H00636,H00309,14,7,7,0,2025-12-08
153,H00645,H00645,14,14,16,1,2025-12-08
153,H00647,H00609,14,14,8,1,2025-12-08
153,H00657,H00394,14,9,4,1,2025-12-08
153,H00671,H00701,15,15,6,1,2025-12-08
153,H00672,H00590,15,13,19,1,2025-12-08
153,H00674,H00696,15,15,24,1,2025-12-08
153,H00692,H00287,15,6,4,1,2025-12-08
153,H00698,H00664,15,15,2,1,2025-12-08
153,H00714,H00840,16,18,12,1,2025-12-08
153,H00719,H00867,16,19,24,0,2025-12-08
153,H00732,H00277,16,6,4,1,2025-12-08
153,H00737,H00110,16,2,6,1,2025-12-08
153,H00784,H00768,17,17,8,1,2025-12-08
153,H00789,H00830,17,18,3,0,2025-12-08
153,H00803,H00831,18,18,23,1,2025-12-08
153,H00819,H00866,18,19,20,0,2025-12-08
153,H00833,H00830,18,18,17,1,2025-12-08
153,H00840,H00839,18,18,2,1,2025-12-08
153,H00843,H00864,19,19,5,1,2025-12-08
153,H00850,H00461,19,11,23,0,2025-12-08
153,H00873,H00878,20,20,7,1,2025-12-08
153,H00877,H00884,20,20,15,0,2025-12-08
153,H00883,H00886,20,20,4,0,2025-12-08
153,H00900,H00005,21,0,3,1,2025-12-08
153,H00924,H00927,21,21,17,1,2025-12-08
153,H00928,H00951,22,22,24,1,2025-12-08
153,H00939,H00974,22,23,13,1,2025-12-08
153,H00941,H00946,22,22,11,1,2025-12-08
153,H00943,H01092,22,27,22,0,2025-12-08
153,H00945,H00928,22,22,15,1,2025-12-08
153,H00953,H00939,22,22,9,1,2025-12-08
153,H00975,H00991,23,23,18,1,2025-12-08
153,H00988,H00970,23,23,12,1,2025-12-08
153,H00991,H00986,23,23,13,1,2025-12-08
153,H01014,H00936,24,22,14,0,2025-12-08
153,H01024,H01036,25,25,16,1,2025-12-08
153,H01034,H01039,25,25,4,0,2025-12-08
153,H01035,H01038,25,25,11,0,2025-12-08
153,H01043,H01047,25,25,21,1,2025-12-08
153,H01044,H00009,25,0,3,1,2025-12-08
153,H01048,H00722,25,16,19,1,2025-12-08
153,H01050,H01031,25,25,23,0,2025-12-08
153,H01066,H01012,26,24,12,0,2025-12-08
153,H01086,H00432,27,10,9,1,2025-12-08
153,H01092,H00933,27,22,16,1,2025-12-08
153,H01102,H01092,27,27,10,0,2025-12-08
153,H01108,H01089,27,27,10,1,2025-12-08
154,H00000,H00012,0,0,4,1,2025-12-15
154,H00039,H00074,1,1,11,0,2025-12-15
154,H00040,H00095,1,1,7,0,2025-12-15
154,H00050,H00113,1,2,9,1,2025-12-15
154,H00051,H00049,1,1,16,1,2025-12-15
154,H00052,H00046,1,1,12,1,2025-12-15
154,H00064,H00045,1,1,15,1,2025-12-15
154,H00074,H00048,1,1,13,1,2025-12-15
154,H00090,H00045,1,1,23,0,2025-12-15
154,H00102,H00121,2,2,5,0,2025-12-15
154,H00103,H00104,2,2,4,0,2025-12-15
154,H00110,H00380,2,9,8,1,2025-12-15
154,H00116,H00017,2,0,24,0,2025-12-15
154,H00121,H00023,2,0,16,0,2025-12-15
154,H00122,H00121,2,2,20,1,2025-12-15
154,H00137,H00107,2,2,10,0,2025-12-15
154,H00146,H00176,3,3,23,0,2025-12-15
154,H00150,H00183,3,3,21,0,2025-12-15
154,H00156,H00068,3,1,8,0,2025-12-15
154,H00157,H00150,3,3,23,1,2025-12-15
154,H00163,H00148,3,3,22,1,2025-12-15
154,H00171,H00119,3,2,9,0,2025-12-15
154,H00184,H00211,3,4,20,0,2025-12-15
154,H00190,H00208,4,4,9,0,2025-12-15
154,H00192,H00199,4,4,21,1,2025-12-15
154,H00215,H00472,4,11,18,1,2025-12-15
154,H00243,H00244,5,5,17,0,2025-12-15
154,H00245,H00721,5,16,15,1,2025-12-15
154,H00252,H00251,5,5,18,1,2025-12-15
154,H00259,H00271,5,5,16,1,2025-12-15
154,H00265,H00260,5,5,8,0,2025-12-15
154,H00267,H00252,5,5,11,0,2025-12-15
154,H00273,H00256,5,5,24,0,2025-12-15
154,H00276,H00283,6,6,23,1,2025-12-15
154,H00283,H00282,6,6,17,1,2025-12-15
154,H00286,H00307,6,6,23,0,2025-12-15
154,H00297,H00304,6,6,20,1,2025-12-15
154,H00306,H00303,6,6,10,1,2025-12-15
154,H00309,H00385,7,9,19,1,2025-12-15
154,H00318,H00312,7,7,13,0,2025-12-15
154,H00354,H00030,8,0,9,1,2025-12-15
154,H00367,H00353,8,8,21,1,2025-12-15
154,H00377,H00375,9,9,7,1,2025-12-15
154,H00402,H00007,9,0,21,0,2025-12-15
154,H00406,H00420,10,10,21,0,2025-12-15
154,H00425,H00302,10,6,16,1,2025-12-15
154,H00430,H00415,10,10,5,1,2025-12-15
154,H00446,H00451,11,11,24,0,2025-12-15
154,H00452,H00454,11,11,22,1,2025-12-15
154,H00455,H00624,11,14,17,1,2025-12-15
154,H00464,H00474,11,11,3,0,2025-12-15
154,H00466,H00445,11,11,14,0,2025-12-15
154,H00470,H00466,11,11,14,0,2025-12-15
154,H00475,H00481,11,11,24,1,2025-12-15
154,H00493,H00532,12,12,16,0,2025-12-15
154,H00519,H00783,12,17,6,1,2025-12-15
154,H00522,H00532,12,12,12,1,2025-12-15
154,H00531,H00504,12,12,9,0,2025-12-15
154,H00538,H00522,12,12,3,1,2025-12-15
154,H00546,H00561,13,13,16,0,2025-12-15
154,H00558,H00326,13,7,7,1,2025-12-15
154,H00571,H00558,13,13,10,0,2025-12-15
154,H00579,H00734,13,16,3,1,2025-12-15
154,H00592,H00549,13,13,11,1,2025-12-15
154,H00599,H00553,13,13,21,1,2025-12-15
154,H00617,H00630,14,14,11,0,2025-12-15
154,H00623,H00287,14,6,13,1,2025-12-15
154,H00627,H00100,14,2,9,0,2025-12-15
154,H00639,H00638,14,14,7,1,2025-12-15
154,H00663,H00676,15,15,22,1,2025-12-15
154,H00681,H00685,15,15,19,1,2025-12-15
154,H00682,H00290,15,6,18,0,2025-12-15
154,H00689,H00702,15,15,4,1,2025-12-15
154,H00692,H00669,15,15,24,1,2025-12-15
154,H00699,H00865,15,19,19,0,2025-12-15
154,H00701,H00701,15,15,9,0,2025-12-15
154,H00704,H00318,15,7,17,1,2025-12-15
154,H00707,H00693,15,15,24,0,2025-12-15
154,H00710,H00333,16,7,12,1,2025-12-15
154,H00725,H00278,16,6,21,0,2025-12-15
154,H00736,H00732,16,16,6,0,2025-12-15
154,H00741,H00717,16,16,17,1,2025-12-15
154,H00761,H00782,17,17,9,1,2025-12-15
154,H00762,H00781,17,17,9,0,2025-12-15
154,H00765,H00785,17,17,12,0,2025-12-15
154,H00785,H00771,17,17,2,0,2025-12-15
154,H00803,H00816,18,18,9,1,2025-12-15
154,H00813,H00704,18,15,10,1,2025-12-15
154,H00820,H00448,18,11,13,1,2025-12-15
154,H00832,H00736,18,16,21,0,2025-12-15
154,H00835,H00803,18,18,21,1,2025-12-15
154,H00843,H00851,19,19,10,0,2025-12-15
154,H00846,H00443,19,11,10,0,2025-12-15
154,H00867,H00858,19,19,10,1,2025-12-15
154,H00870,H00869,19,19,10,1,2025-12-15
154,H00886,H00892,20,20,21,0,2025-12-15
154,H00891,H01079,20,27,23,1,2025-12-15
154,H00895,H00858,20,19,7,1,2025-12-15
154,H00896,H00917,21,21,11,1,2025-12-15
154,H00908,H00922,21,21,13,0,2025-12-15
154,H00916,H00910,21,21,18,1,2025-12-15
154,H00923,H00278,21,6,10,1,2025-12-15
154,H00925,H00903,21,21,16,1,2025-12-15
154,H00928,H00946,22,22,23,1,2025-12-15
154,H00930,H00946,22,22,15,0,2025-12-15
154,H00933,H00722,22,16,6,1,2025-12-15
154,H00939,H00955,22,22,16,1,2025-12-15
154,H00944,H00922,22,21,24,0,2025-12-15
154,H00951,H01021,22,24,13,0,2025-12-15
154,H00952,H00934,22,22,3,0,2025-12-15
154,H00958,H00851,22,19,20,0,2025-12-15
154,H00964,H00111,22,2,4,0,2025-12-15
154,H00967,H00993,23,23,18,1,2025-12-15
154,H00988,H00992,23,23,10,1,2025-12-15
154,H00991,H00941,23,22,9,1,2025-12-15
154,H01014,H00994,24,24,5,1,2025-12-15
154,H01017,H00952,24,22,5,0,2025-12-15
154,H01026,H01032,25,25,20,1,2025-12-15
154,H01028,H01035,25,25,23,1,2025-12-15
154,H01032,H01023,25,25,8,1,2025-12-15
154,H01034,H01048,25,25,23,0,2025-12-15
154,H01037,H01040,25,25,3,1,2025-12-15
154,H01046,H01025,25,25,17,1,2025-12-15
154,H01066,H01056,26,26,5,1,2025-12-15
154,H01071,H01057,26,26,11,1,2025-12-15
154,H01077,H00936,27,22,23,1,2025-12-15
154,H01091,H00740,27,16,19,1,2025-12-15
154,H01095,H01105,27,27,23,0,2025-12-15
154,H01100,H01087,27,27,21,1,2025-12-15
154,H01105,H01085,27,27,8,0,2025-12-15
154,H01106,H00893,27,20,7,1,2025-12-15
155,H00000,H00048,0,1,10,1,2025-12-22
155,H00006,H00028,0,0,8,0,2025-12-22
155,H00029,H00364,0,8,20,0,2025-12-22
155,H00036,H00027,0,0,17,1,2025-12-22
155,H00040,H00075,1,1,13,0,2025-12-22
155,H00050,H00069,1,1,8,1,2025-12-22
155,H00061,H00042,1,1,21,1,2025-12-22
155,H00062,H00085,1,1,8,1,2025-12-22
155,H00063,H00089,1,1,4,1,2025-12-22
155,H00068,H00066,1,1,9,1,2025-12-22
155,H00070,H00052,1,1,4,0,2025-12-22
155,H00086,H00089,1,1,13,1,2025-12-22
155,H00089,H00071,1,1,15,1,2025-12-22
155,H00101,H00131,2,2,7,0,2025-12-22
155,H00103,H00471,2,11,14,0,2025-12-22
155,H00112,H00006,2,0,11,1,2025-12-22
155,H00143,H00161,3,3,20,1,2025-12-22
155,H00161,H00137,3,2,19,1,2025-12-22
155,H00165,H00150,3,3,6,1,2025-12-22
155,H00188,H00207,4,4,10,0,2025-12-22
155,H00198,H00202,4,4,14,0,2025-12-22
155,H00212,H00345,4,8,4,1,2025-12-22
155,H00238,H00160,5,3,8,1,2025-12-22
155,H00288,H00288,6,6,15,0,2025-12-22
155,H00291,H00331,6,7,2,1,2025-12-22
155,H00309,H00329,7,7,24,0,2025-12-22
155,H00311,H00321,7,7,11,0,2025-12-22
155,H00332,H00310,7,7,5,0,2025-12-22
155,H00339,H00372,8,8,7,0,2025-12-22
155,H00340,H00487,8,11,21,0,2025-12-22
155,H00356,H00343,8,8,19,1,2025-12-22
155,H00363,H00371,8,8,17,0,2025-12-22
155,H00375,H00397,9,9,24,1,2025-12-22
155,H00389,H00392,9,9,17,1,2025-12-22
155,H00399,H00384,9,9,10,1,2025-12-22
155,H00406,H00375,10,9,21,1,2025-12-22
155,H00422,H00434,10,10,13,1,2025-12-22
155,H00430,H00429,10,10,4,0,2025-12-22
155,H00441,H00440,10,10,20,1,2025-12-22
155,H00442,H00739,11,16,17,1,2025-12-22
155,H00452,H00211,11,4,7,0,2025-12-22
155,H00488,H00492,11,11,19,1,2025-12-22
155,H00501,H00498,12,12,2,0,2025-12-22
155,H00507,H00480,12,11,10,0,2025-12-22
155,H00508,H01013,12,24,14,1,2025-12-22
155,H00512,H00022,12,0,10,0,2025-12-22
155,H00524,H00520,12,12,21,1,2025-12-22
155,H00528,H00530,12,12,15,0,2025-12-22
155,H00529,H00332,12,7,15,1,2025-12-22
155,H00542,H00587,13,13,17,1,2025-12-22
155,H00543,H00591,13,13,2,1,2025-12-22
155,H00573,H00576,13,13,5,1,2025-12-22
155,H00575,H00575,13,13,5,0,2025-12-22
155,H00592,H00712,13,16,9,0,2025-12-22
155,H00606,H00313,14,7,14,1,2025-12-22
155,H00616,H00625,14,14,24,0,2025-12-22
155,H00625,H00443,14,11,9,1,2025-12-22
155,H00627,H00690,14,15,16,1,2025-12-22
155,H00632,H00478,14,11,3,1,2025-12-22
155,H00638,H00630,14,14,3,1,2025-12-22
155,H00651,H00628,14,14,17,1,2025-12-22
155,H00671,H00706,15,15,17,1,2025-12-22
155,H00681,H00733,15,16,19,0,2025-12-22
155,H00699,H00702,15,15,20,0,2025-12-22
155,H00705,H00552,15,13,19,1,2025-12-22
155,H00710,H00783,16,17,24,1,2025-12-22
155,H00729,H00215,16,4,15,1,2025-12-22
155,H00749,H00747,16,16,6,1,2025-12-22
155,H00759,H00763,17,17,15,1,2025-12-22
155,H00778,H00881,17,20,4,0,2025-12-22
155,H00786,H00705,17,15,3,1,2025-12-22
155,H00795,H00772,17,17,17,0,2025-12-22
155,H00798,H00746,17,16,12,0,2025-12-22
155,H00839,H00819,18,18,19,1,2025-12-22
155,H00843,H00849,19,19,12,1,2025-12-22
155,H00846,H00862,19,19,10,1,2025-12-22
155,H00856,H00862,19,19,15,0,2025-12-22
155,H00871,H00107,20,2,18,1,2025-12-22
155,H00879,H00928,20,22,17,1,2025-12-22
155,H00895,H00888,20,20,14,1,2025-12-22
155,H00896,H00925,21,21,19,0,2025-12-22
155,H00903,H00433,21,10,23,0,2025-12-22
155,H00912,H00914,21,21,8,1,2025-12-22
155,H00920,H01065,21,26,19,1,2025-12-22
155,H00932,H00935,22,22,10,1,2025-12-22
155,H00961,H01011,22,24,19,1,2025-12-22
155,H00962,H01007,22,24,17,1,2025-12-22
155,H00976,H00873,23,20,9,1,2025-12-22
155,H00984,H00973,23,23,11,0,2025-12-22
155,H00997,H00863,24,19,4,0,2025-12-22
155,H00999,H00312,24,7,18,0,2025-12-22
155,H01007,H00959,24,22,10,0,2025-12-22
155,H01013,H01020,24,24,21,0,2025-12-22
155,H01017,H00994,24,24,12,0,2025-12-22
155,H01024,H01040,25,25,20,1,2025-12-22
155,H01046,H00445,25,11,14,1,2025-12-22
155,H01052,H01023,25,25,18,0,2025-12-22
155,H01056,H00519,26,12,4,0,2025-12-22
155,H01057,H01069,26,26,15,1,2025-12-22
155,H01071,H00489,26,11,21,0,2025-12-22
155,H01078,H00898,27,21,3,0,2025-12-22
155,H01091,H00971,27,23,13,1,2025-12-22
155,H01092,H00950,27,22,16,1,2025-12-22
155,H01099,H01092,27,27,19,0,2025-12-22
