area_id,week,date,score,band,data_confidence,drivers_up,drivers_down,farmer_reports,vet_reports,inbound_animals,inbound_change_pct,inbound_from_outbreak_areas_2w,vacc_coverage,rain_mm,rain_8w_anomaly_pct,anomaly_flags,confirmed_outbreak,target
A00,104,2024-12-30,4.0,Low,Adequate,"hotter, drier air than normal (high evaporation) | no outbreak declared here in the last 8 weeks | 1 confirmed outbreaks in nearby sub-counties (last 4 weeks) | 19 cattle arrived from other sub-counties",0 farmer symptom reports in the last 2 weeks | 0 weeks since last vaccination campaign,0.0,0.0,53.0,13.170731707317074,0.0,0.7545612855982136,3.2,-11.853659741385435,,0.0,0
A00,105,2025-01-06,4.0,Low,Adequate,"no outbreak declared here in the last 8 weeks | 1 confirmed outbreaks in nearby sub-counties (last 4 weeks) | hotter, drier air than normal (high evaporation) | 94 cattle arrived from other sub-counties",0 farmer symptom reports in the last 2 weeks | 1 weeks since last vaccination campaign,0.0,0.0,104.0,112.68292682926828,0.0,0.7432428663142403,2.8,-24.38691664527425,,0.0,0
A00,106,2025-01-13,7.0,Low,Adequate,no outbreak declared here in the last 8 weeks | 1 confirmed outbreaks in nearby sub-counties (last 4 weeks) | vaccination coverage about 73% | major livestock market in the area,2 weeks since last vaccination campaign | cattle arrivals -4% compared with recent weeks,1.0,0.0,54.0,-4.0650406504065035,0.0,0.7320942233195267,0.6,-40.2197516355961,,0.0,0
A00,107,2025-01-20,48.0,Elevated,Adequate,2 farmer symptom reports in the last 2 weeks | no outbreak declared here in the last 8 weeks | 1 confirmed outbreaks in nearby sub-counties (last 4 weeks) | vaccination coverage about 72%,seasonal timing | 3 weeks since last vaccination campaign,1.0,0.0,78.0,28.433268858800776,0.0,0.7211128099697338,14.4,-49.21036386493096,,0.0,0
A00,108,2025-01-27,7.0,Low,Adequate,no outbreak declared here in the last 8 weeks | 85 cattle recorded arriving this week | cattle arrivals +36% compared with recent weeks | major livestock market in the area,"cooler, less evaporative conditions than normal | 4 weeks since last vaccination campaign",0.0,0.0,85.0,36.10586011342155,16.0,0.7102961178201878,44.1,-42.032173652801895,,0.0,0
A00,109,2025-02-03,6.0,Low,Adequate,"no outbreak declared here in the last 8 weeks | cattle arrivals -67% compared with recent weeks | major livestock market in the area | cooler, less evaporative conditions than normal",0 farmer symptom reports in the last 2 weeks | 5 weeks since last vaccination campaign,0.0,0.0,18.0,-67.37588652482269,16.0,0.699641676052885,3.3000000000000003,-40.65380049881973,,0.0,0
A00,110,2025-02-10,14.0,Low,Adequate,"no outbreak declared here in the last 8 weeks | hotter, drier air than normal (high evaporation) | major livestock market in the area | 1 farmer symptom reports this week",cattle arrivals +5% compared with recent weeks | 6 weeks since last vaccination campaign,1.0,0.0,58.0,5.219206680584551,0.0,0.6891470509120917,2.3,-48.26519105931174,,0.0,0
A00,111,2025-02-17,36.0,Low,Adequate,no outbreak declared here in the last 8 weeks | 1 confirmed outbreaks in nearby sub-counties (last 4 weeks) | 89 cattle recorded arriving this week | rainfall 58% below normal over the last 8 weeks,"hotter, drier air than normal (high evaporation) | 7 weeks since last vaccination campaign",0.0,0.0,89.0,51.61290322580645,0.0,0.6788098451484104,0.0,-57.60688749452808,,0.0,0
A00,112,2025-02-24,15.0,Low,Adequate,no outbreak declared here in the last 8 weeks | 1 confirmed outbreaks in nearby sub-counties (last 4 weeks) | 89 cattle recorded arriving this week | rainfall 59% below normal over the last 8 weeks,"0 farmer symptom reports in the last 2 weeks | hotter, drier air than normal (high evaporation)",0.0,0.0,89.0,29.879101899827287,0.0,0.6686276974711842,0.0,-58.805081592516,,0.0,0
A00,113,2025-03-03,8.0,Low,Adequate,no outbreak declared here in the last 8 weeks | 1 confirmed outbreaks in nearby sub-counties (last 4 weeks) | major livestock market in the area | cattle arrivals -67% compared with recent weeks,0 farmer symptom reports in the last 2 weeks | seasonal timing,0.0,0.0,20.0,-67.47967479674797,0.0,0.6585982820091164,18.8,-46.87801829441536,,0.0,0
A00,114,2025-03-10,9.0,Low,Adequate,no outbreak declared here in the last 8 weeks | 1 confirmed outbreaks in nearby sub-counties (last 4 weeks) | vaccination coverage about 65% | major livestock market in the area,"cooler, less evaporative conditions than normal | seasonal timing",1.0,0.0,104.0,64.21845574387947,0.0,0.6487193077789797,46.9,-20.667347633640013,,0.0,0
A00,115,2025-03-17,4.0,Low,Adequate,no outbreak declared here in the last 8 weeks | major livestock market in the area | vaccination coverage about 64% | not a border area,"cooler, less evaporative conditions than normal | seasonal timing",0.0,0.0,36.0,-43.54561101549053,0.0,0.638988518162295,12.2,-22.36077413530477,,0.0,0
A00,116,2025-03-24,8.0,Low,Adequate,no outbreak declared here in the last 8 weeks | 21 cattle recorded arriving this week | 21 cattle arrived from other sub-counties | major livestock market in the area,0 farmer symptom reports in the last 2 weeks | seasonal timing,0.0,0.0,21.0,-61.4100185528757,0.0,0.6294036903898605,63.60000000000001,-11.343115124153917,,0.0,0
A00,117,2025-03-31,9.0,Low,Adequate,no outbreak declared here in the last 8 weeks | seasonal timing | vaccination coverage about 62% | not a border area,0 farmer symptom reports in the last 2 weeks | 0 confirmed outbreaks in nearby sub-counties (last 4 weeks),0.0,0.0,41.0,-22.526315789473685,0.0,0.6199626350340126,17.0,-7.345123142020621,,0.0,0
A00,118,2025-04-07,10.0,Low,Adequate,no outbreak declared here in the last 8 weeks | vaccination coverage about 61% | 18 cattle recorded arriving this week | major livestock market in the area,0 farmer symptom reports in the last 2 weeks | seasonal timing,0.0,0.0,18.0,-63.05220883534136,0.0,0.6106631955085025,24.1,-5.365566037736308,,0.0,0
A00,119,2025-04-14,49.0,Elevated,Adequate,2 farmer symptom reports in the last 2 weeks | no outbreak declared here in the last 8 weeks | vaccination coverage about 60% | cattle arrivals -77% compared with recent weeks,seasonal timing | 0 confirmed outbreaks in nearby sub-counties (last 4 weeks),2.0,0.0,8.0,-77.29257641921397,0.0,0.6015032475758749,23.7,-5.272838749234056,,0.0,0
A00,120,2025-04-21,36.0,Low,Adequate,2 farmer symptom reports in the last 2 weeks | no outbreak declared here in the last 8 weeks | vaccination coverage about 59% | cattle arrivals -75% compared with recent weeks,seasonal timing | 0 confirmed outbreaks in nearby sub-counties (last 4 weeks),0.0,0.0,7.0,-74.53580901856765,0.0,0.5924806988622368,10.6,-12.508675869515333,,0.0,0
A00,121,2025-04-28,8.0,Low,Adequate,no outbreak declared here in the last 8 weeks | 2 confirmed outbreaks in nearby sub-counties (last 4 weeks) | vaccination coverage about 58% | major livestock market in the area,"0 farmer symptom reports in the last 2 weeks | hotter, drier air than normal (high evaporation)",0.0,0.0,76.0,119.66101694915254,20.0,0.5835934883793032,10.2,-18.33757294628196,,0.0,0
A00,122,2025-05-05,18.0,Low,Adequate,3 confirmed outbreaks in nearby sub-counties (last 4 weeks) | no outbreak declared here in the last 8 weeks | vaccination coverage about 57% | major livestock market in the area,0 farmer symptom reports in the last 2 weeks | seasonal timing,0.0,0.0,19.0,-45.2991452991453,20.0,0.5748395860536137,24.0,-24.90103385987196,,0.0,0
A00,123,2025-05-12,42.0,Elevated,Adequate,"3 confirmed outbreaks in nearby sub-counties (last 4 weeks) | no outbreak declared here in the last 8 weeks | hotter, drier air than normal (high evaporation) | cattle arrivals +20% compared with recent weeks",0 farmer symptom reports in the last 2 weeks | 13 cattle arrived from areas with recent outbreaks,0.0,0.0,35.0,20.30075187969925,13.0,0.5662169922628095,11.2,-24.709527498063785,,0.0,0
A00,124,2025-05-19,55.0,Elevated,Adequate,2 farmer symptom reports in the last 2 weeks | no outbreak declared here in the last 8 weeks | 3 confirmed outbreaks in nearby sub-counties (last 4 weeks) | vaccination coverage about 56%,cattle arrivals +6% compared with recent weeks | 30 cattle recorded arriving this week,2.0,0.0,30.0,5.660377358490567,13.0,0.5577237373788674,10.6,-38.29907928611968,,0.0,0
A00,125,2025-05-26,89.0,High,Adequate,"2 farmer symptom reports in the last 2 weeks | no outbreak declared here in the last 8 weeks | 2 confirmed outbreaks in nearby sub-counties (last 4 weeks) | hotter, drier air than normal (high evaporation)",0 farmer symptom reports this week | 0 vet-reported suspected cases in the last 2 weeks,0.0,0.0,89.0,174.45255474452554,0.0,0.5493578813181844,3.0,-38.6408515147139,,0.0,0
A00,126,2025-06-02,45.0,Elevated,Adequate,"hotter, drier air than normal (high evaporation) | no outbreak declared here in the last 8 weeks | 1 confirmed outbreaks in nearby sub-counties (last 4 weeks) | vaccination coverage about 54%",1 farmer symptom reports in the last 2 weeks | 20 cattle arrived from areas with recent outbreaks,1.0,0.0,93.0,143.47826086956522,20.0,0.5411175130984116,2.8,-43.35290977042202,,0.0,1
A00,127,2025-06-09,41.0,Elevated,Adequate,no outbreak declared here in the last 8 weeks | 1 confirmed outbreaks in nearby sub-counties (last 4 weeks) | 84 cattle recorded arriving this week | seasonal timing,1 farmer symptom reports in the last 2 weeks | cattle arrivals +79% compared with recent weeks,0.0,0.0,84.0,79.34508816120906,20.0,0.5330007504019354,0.8,-46.72813420412366,,0.0,1
A00,128,2025-06-16,100.0,High,Adequate,"3 farmer symptom reports in the last 2 weeks | no outbreak declared here in the last 8 weeks | hotter, drier air than normal (high evaporation) | seasonal timing",rainfall 28% below normal over the last 8 weeks | 18 cattle arrived from areas with recent outbreaks,3.0,0.0,46.0,-13.742071881606766,18.0,0.5250057391459063,17.5,-27.79291553133534,,1.0,0
A00,129,2025-06-23,41.0,Elevated,Adequate,11 farmer symptom reports in the last 2 weeks | symptom reports well above this area's normal level | 2 suspected cases reported by vets this week | 33 cattle arrived from other sub-counties,outbreak declared here in the last 8 weeks | 18 cattle arrived from areas with recent outbreaks,8.0,2.0,48.0,-17.1875,18.0,0.5171306530587177,1.7,-17.95696762517607,Farmer symptom reports unusually high (8 this week),0.0,0
A00,130,2025-06-30,43.0,Elevated,Adequate,"15 farmer symptom reports in the last 2 weeks | seasonal timing | hotter, drier air than normal (high evaporation) | 3 confirmed outbreaks in nearby sub-counties (last 4 weeks)",outbreak declared here in the last 8 weeks | 0 cattle arrived from other sub-counties,7.0,4.0,20.0,-58.67768595041323,0.0,0.509373693262837,0.7,-30.768317301983224,,0.0,0
A00,131,2025-07-07,18.0,Low,Adequate,18 farmer symptom reports in the last 2 weeks | symptom reports well above this area's normal level | 5 confirmed outbreaks in nearby sub-counties (last 4 weeks) | 48 cattle arrived from areas with recent outbreaks,outbreak declared here in the last 8 weeks | cattle arrivals +80% compared with recent weeks,11.0,3.0,104.0,79.79381443298969,48.0,0.5017330878638945,2.5,-34.556010027708226,,0.0,0
A00,132,2025-07-14,34.0,Low,Adequate,"20 farmer symptom reports in the last 2 weeks | hotter, drier air than normal (high evaporation) | 2 suspected cases reported by vets this week | vaccination coverage about 49%",outbreak declared here in the last 8 weeks | cattle arrivals +69% compared with recent weeks,9.0,2.0,112.0,68.95306859205776,67.0,0.494207091545936,4.9,-36.74351585014404,,0.0,0
A00,133,2025-07-21,41.0,Elevated,Adequate,15 farmer symptom reports in the last 2 weeks | 2 suspected cases reported by vets this week | cattle arrivals -71% compared with recent weeks | 6 confirmed outbreaks in nearby sub-counties (last 4 weeks),"outbreak declared here in the last 8 weeks | hotter, drier air than normal (high evaporation)",6.0,2.0,18.0,-71.0691823899371,37.0,0.486793985172747,1.1,-37.694704049844105,,0.0,0
A00,134,2025-07-28,28.0,Low,Adequate,16 farmer symptom reports in the last 2 weeks | 42 cattle arrived from areas with recent outbreaks | 2 suspected cases reported by vets this week | 4 vet-reported suspected cases in the last 2 weeks,"outbreak declared here in the last 8 weeks | hotter, drier air than normal (high evaporation)",10.0,2.0,74.0,11.858407079646017,42.0,0.4794920753951558,0.1,-37.72777689748034,,0.0,0
A00,135,2025-08-04,42.0,Elevated,Adequate,13 farmer symptom reports in the last 2 weeks | 2 suspected cases reported by vets this week | 3 farmer symptom reports this week | 31 weeks since last vaccination campaign,outbreak declared here in the last 8 weeks | 31 cattle recorded arriving this week,3.0,2.0,31.0,-47.25274725274725,38.0,0.4722996942642284,13.8,3.2780410742497748,,0.0,0
A00,136,2025-08-11,40.0,Elevated,Adequate,"4 farmer symptom reports in the last 2 weeks | symptom reports at or below normal | cooler, less evaporative conditions than normal | 32 weeks since last vaccination campaign",outbreak declared here in the last 8 weeks | cattle arrivals -22% compared with recent weeks,1.0,0.0,43.0,-22.10953346855984,41.0,0.465215198850265,6.7,-12.373310810810205,,0.0,0
A00,137,2025-08-18,55.0,Elevated,Adequate,3 farmer symptom reports in the last 2 weeks | no outbreak declared here in the last 8 weeks | cattle arrivals -77% compared with recent weeks | 2 farmer symptom reports this week,"cooler, less evaporative conditions than normal | rainfall 24% above normal over the last 8 weeks",2.0,0.0,9.0,-77.14285714285715,27.0,0.458236970867511,19.3,24.02938090241419,,0.0,0
A00,138,2025-08-25,80.0,High,Adequate,no outbreak declared here in the last 8 weeks | 3 confirmed outbreaks in nearby sub-counties (last 4 weeks) | 2 farmer symptom reports in the last 2 weeks | symptom reports at or below normal,34 weeks since last vaccination campaign | rainfall 15% above normal over the last 8 weeks,0.0,0.0,20.0,-55.654101995565405,0.0,0.4513634163044983,2.2,15.099715099715722,,0.0,0
A00,139,2025-09-01,54.0,Elevated,Adequate,symptom reports at or below normal | no outbreak declared here in the last 8 weeks | vaccination coverage about 44% | 2 confirmed outbreaks in nearby sub-counties (last 4 weeks),"0 farmer symptom reports in the last 2 weeks | hotter, drier air than normal (high evaporation)",0.0,0.0,87.0,63.19290465631929,0.0,0.4445929650599308,0.8,-2.3541114058352988,,0.0,0
A00,140,2025-09-08,56.0,Elevated,Adequate,symptom reports at or below normal | no outbreak declared here in the last 8 weeks | 82 cattle recorded arriving this week | vaccination coverage about 44%,0 farmer symptom reports in the last 2 weeks | 0 farmer symptom reports this week,0.0,0.0,82.0,60.36866359447005,0.0,0.4379240705840319,4.8,-8.709827666511629,,0.0,0
A00,141,2025-09-15,60.0,Elevated,Adequate,symptom reports at or below normal | cattle arrivals -31% compared with recent weeks | no outbreak declared here in the last 8 weeks | 30 cattle arrived from other sub-counties,0 farmer symptom reports in the last 2 weeks | 30 cattle recorded arriving this week,0.0,0.0,30.0,-30.693069306930692,0.0,0.4313552095252714,2.0,-9.10475030450675,,0.0,0
A00,142,2025-09-22,54.0,Elevated,Adequate,no outbreak declared here in the last 8 weeks | 3 confirmed outbreaks in nearby sub-counties (last 4 weeks) | cattle arrivals +19% compared with recent weeks | 39 cattle arrived from other sub-counties,rainfall 13% below normal over the last 8 weeks | 1 farmer symptom reports in the last 2 weeks,1.0,0.0,57.0,19.230769230769234,0.0,0.4248848813823923,2.6,-13.31010452961698,,0.0,0
A00,143,2025-09-29,44.0,Elevated,Adequate,seasonal timing | 3 confirmed outbreaks in nearby sub-counties (last 4 weeks) | no outbreak declared here in the last 8 weeks | symptom reports at or below normal,"cooler, less evaporative conditions than normal | rainfall 20% below normal over the last 8 weeks",0.0,0.0,80.0,70.42606516290726,11.0,0.4185116081616564,14.9,-19.97471554993676,,0.0,0
A00,144,2025-10-06,38.0,Low,Adequate,no outbreak declared here in the last 8 weeks | 2 confirmed outbreaks in nearby sub-counties (last 4 weeks) | seasonal timing | 34 cattle arrived from areas with recent outbreaks,0 farmer symptom reports in the last 2 weeks | rainfall 21% below normal over the last 8 weeks,0.0,0.0,73.0,39.285714285714285,34.0,0.4122339340392316,3.6,-21.04918032786909,,0.0,0
A00,145,2025-10-13,36.0,Low,Adequate,"no outbreak declared here in the last 8 weeks | 2 confirmed outbreaks in nearby sub-counties (last 4 weeks) | seasonal timing | hotter, drier air than normal (high evaporation)",0 farmer symptom reports in the last 2 weeks | cattle arrivals -20% compared with recent weeks,0.0,0.0,43.0,-19.665271966527197,23.0,0.4060504250286431,0.7,-49.85535197685645,,0.0,0
A00,146,2025-10-20,21.0,Low,Adequate,"no outbreak declared here in the last 8 weeks | 1 confirmed outbreaks in nearby sub-counties (last 4 weeks) | 1 farmer symptom reports this week | cooler, less evaporative conditions than normal",seasonal timing | rainfall 15% below normal over the last 8 weeks,1.0,0.0,80.0,32.8125,3.0,0.3999596686532134,32.5,-15.051984877126689,,0.0,0
A00,147,2025-10-27,18.0,Low,Adequate,no outbreak declared here in the last 8 weeks | 1 confirmed outbreaks in nearby sub-counties (last 4 weeks) | 21 cattle recorded arriving this week | 19 cattle arrived from other sub-counties,seasonal timing | vaccination coverage about 39%,0.0,0.0,21.0,-63.63636363636363,17.0,0.3939602736234152,18.7,4.128014842300767,,0.0,0
A00,148,2025-11-03,40.0,Elevated,Adequate,"hotter, drier air than normal (high evaporation) | no outbreak declared here in the last 8 weeks | 29 cattle arrived from other sub-counties | 2 confirmed outbreaks in nearby sub-counties (last 4 weeks)",0 farmer symptom reports in the last 2 weeks | seasonal timing,0.0,0.0,29.0,-46.24505928853755,19.0,0.388050869519064,3.7,-4.2116630669545,,0.0,0
A00,149,2025-11-10,11.0,Low,Adequate,no outbreak declared here in the last 8 weeks | 1 confirmed outbreaks in nearby sub-counties (last 4 weeks) | 26 cattle arrived from areas with recent outbreaks | major livestock market in the area,0 farmer symptom reports in the last 2 weeks | vaccination coverage about 38%,0.0,0.0,102.0,88.96247240618102,26.0,0.382230106476278,1.5,-16.2234042553189,,0.0,0
A00,150,2025-11-17,7.0,Low,Adequate,no outbreak declared here in the last 8 weeks | 1 confirmed outbreaks in nearby sub-counties (last 4 weeks) | major livestock market in the area | seasonal timing,"0 farmer symptom reports in the last 2 weeks | hotter, drier air than normal (high evaporation)",0.0,0.0,51.0,-14.666666666666666,21.0,0.3764966548791338,1.4,-37.76824034334735,,0.0,0
A00,151,2025-11-24,10.0,Low,Adequate,no outbreak declared here in the last 8 weeks | 1 confirmed outbreaks in nearby sub-counties (last 4 weeks) | major livestock market in the area | 22 cattle recorded arriving this week,"0 farmer symptom reports in the last 2 weeks | hotter, drier air than normal (high evaporation)",0.0,0.0,22.0,-58.38150289017341,0.0,0.3708492050559469,1.2000000000000002,-53.739349952666295,,0.0,0
A00,152,2025-12-01,12.0,Low,Adequate,no outbreak declared here in the last 8 weeks | 1 confirmed outbreaks in nearby sub-counties (last 4 weeks) | major livestock market in the area | 1 farmer symptom reports this week,"hotter, drier air than normal (high evaporation) | 1 farmer symptom reports in the last 2 weeks",1.0,0.0,106.0,92.62472885032538,21.0,0.3652864669801076,1.0,-63.45875542691737,,0.0,0
A00,153,2025-12-08,54.0,Elevated,Adequate,2 farmer symptom reports in the last 2 weeks | no outbreak declared here in the last 8 weeks | 1 confirmed outbreaks in nearby sub-counties (last 4 weeks) | 86 cattle recorded arriving this week,"hotter, drier air than normal (high evaporation) | seasonal timing",1.0,0.0,86.0,47.368421052631575,21.0,0.359807169975406,18.9,-58.23742190069039,,0.0,0
A01,104,2024-12-30,3.0,Low,Adequate,no outbreak declared here in the last 8 weeks | 1 confirmed outbreaks in nearby sub-counties (last 4 weeks) | vaccination coverage about 62% | not a border area,0 farmer symptom reports in the last 2 weeks | 0 weeks since last vaccination campaign,0.0,0.0,42.0,63.47826086956522,0.0,0.618407539633471,1.0,-10.485794060508423,,0.0,0
A01,105,2025-01-06,5.0,Low,Adequate,no outbreak declared here in the last 8 weeks | vaccination coverage about 61% | 1 confirmed outbreaks in nearby sub-counties (last 4 weeks) | cattle arrivals -36% compared with recent weeks,0 farmer symptom reports in the last 2 weeks | 1 weeks since last vaccination campaign,0.0,0.0,15.0,-36.254980079681275,0.0,0.6091314265389689,3.3,-19.267881634011232,,0.0,0
A01,106,2025-01-13,8.0,Low,Adequate,no outbreak declared here in the last 8 weeks | 1 confirmed outbreaks in nearby sub-counties (last 4 weeks) | vaccination coverage about 60% | 1 farmer symptom reports this week,"hotter, drier air than normal (high evaporation) | 2 weeks since last vaccination campaign",1.0,0.0,30.0,23.348017621145374,0.0,0.5999944551408843,1.1,-32.33597560803796,,0.0,0
A01,107,2025-01-20,18.0,Low,Adequate,no outbreak declared here in the last 8 weeks | vaccination coverage about 59% | 1 confirmed outbreaks in nearby sub-counties (last 4 weeks) | cattle arrivals +37% compared with recent weeks,3 weeks since last vaccination campaign | seasonal timing,0.0,0.0,38.0,36.507936507936506,0.0,0.590994538313771,37.0,-48.42148397310241,,0.0,0
A01,108,2025-01-27,4.0,Low,Adequate,no outbreak declared here in the last 8 weeks | vaccination coverage about 58% | 35 cattle arrived from other sub-counties | not a border area,"0 farmer symptom reports in the last 2 weeks | cooler, less evaporative conditions than normal",0.0,0.0,35.0,25.984251968503933,0.0,0.5821296202390644,63.9,-23.375492100233053,,0.0,0
A01,109,2025-02-03,11.0,Low,Adequate,cattle arrivals +20% compared with recent weeks | no outbreak declared here in the last 8 weeks | vaccination coverage about 57% | 30 cattle arrived from other sub-counties,0 farmer symptom reports in the last 2 weeks | 5 weeks since last vaccination campaign,0.0,0.0,34.0,19.54022988505747,0.0,0.5733976759354785,4.5,-21.21202516600377,,0.0,0
A01,110,2025-02-10,3.0,Low,Adequate,no outbreak declared here in the last 8 weeks | vaccination coverage about 56% | not a border area,0 farmer symptom reports in the last 2 weeks | 6 weeks since last vaccination campaign,0.0,0.0,65.0,102.89855072463767,0.0,0.5647967107964463,0.2,-25.783843107951736,Cattle arrivals unusually high (+103% on recent weeks),0.0,0
A01,111,2025-02-17,11.0,Low,Adequate,no outbreak declared here in the last 8 weeks | 1 confirmed outbreaks in nearby sub-counties (last 4 weeks) | cattle arrivals -30% compared with recent weeks | 24 cattle arrived from other sub-counties,"0 farmer symptom reports in the last 2 weeks | hotter, drier air than normal (high evaporation)",0.0,0.0,24.0,-29.909365558912388,0.0,0.5563247601344996,0.0,-28.139682204508176,,0.0,0
A01,112,2025-02-24,3.0,Low,Adequate,no outbreak declared here in the last 8 weeks | 1 confirmed outbreaks in nearby sub-counties (last 4 weeks) | vaccination coverage about 55% | not a border area,"0 farmer symptom reports in the last 2 weeks | hotter, drier air than normal (high evaporation)",0.0,0.0,32.0,-8.359133126934983,0.0,0.5479798887324822,0.0,-27.24627137140771,,0.0,0
A01,113,2025-03-03,8.0,Low,Adequate,no outbreak declared here in the last 8 weeks | cattle arrivals +18% compared with recent weeks | 1 confirmed outbreaks in nearby sub-counties (last 4 weeks) | vaccination coverage about 54%,0 farmer symptom reports in the last 2 weeks | seasonal timing,0.0,0.0,41.0,17.57188498402556,0.0,0.5397601904014949,18.4,-13.07425041822142,,0.0,0
A01,114,2025-03-10,12.0,Low,Adequate,no outbreak declared here in the last 8 weeks | 1 confirmed outbreaks in nearby sub-counties (last 4 weeks) | 2 cattle recorded arriving this week | vaccination coverage about 53%,0 farmer symptom reports in the last 2 weeks | seasonal timing,0.0,0.0,2.0,-83.48082595870207,0.0,0.5316637875454725,27.200000000000003,2.806122448979796,,0.0,0
A01,115,2025-03-17,5.0,Low,Adequate,no outbreak declared here in the last 8 weeks | vaccination coverage about 52% | 36 cattle arrived from other sub-counties | 1 farmer symptom reports this week,seasonal timing | cattle arrivals +72% compared with recent weeks,1.0,0.0,62.0,72.34726688102894,0.0,0.5236888307322904,5.9,-14.99509964064005,,0.0,0
A01,116,2025-03-24,7.0,Low,Adequate,no outbreak declared here in the last 8 weeks | vaccination coverage about 52% | seasonal timing | not a border area,seasonal timing | 0 confirmed outbreaks in nearby sub-counties (last 4 weeks),0.0,0.0,14.0,-54.62686567164179,0.0,0.5158334982713061,28.7,-39.57723163122351,,0.0,0
A01,117,2025-03-31,13.0,Low,Adequate,"no outbreak declared here in the last 8 weeks | cattle arrivals -31% compared with recent weeks | vaccination coverage about 51% | hotter, drier air than normal (high evaporation)",0 farmer symptom reports in the last 2 weeks | seasonal timing,0.0,0.0,22.0,-31.210191082802545,0.0,0.5080959957972365,8.3,-38.58885017421586,,0.0,0
A01,118,2025-04-07,6.0,Low,Adequate,no outbreak declared here in the last 8 weeks | vaccination coverage about 50% | rainfall 30% below normal over the last 8 weeks | not a border area,0 farmer symptom reports in the last 2 weeks | seasonal timing,0.0,0.0,14.0,-49.668874172185426,0.0,0.500474555860278,24.7,-29.55572073874996,,0.0,0
A01,119,2025-04-14,9.0,Low,Adequate,no outbreak declared here in the last 8 weeks | vaccination coverage about 49% | 1 farmer symptom reports this week | 19 cattle recorded arriving this week,seasonal timing | 0 confirmed outbreaks in nearby sub-counties (last 4 weeks),1.0,0.0,19.0,-23.50597609561753,0.0,0.4929674375223738,21.4,-21.34036881901744,,0.0,0
A01,120,2025-04-21,15.0,Low,Adequate,"no outbreak declared here in the last 8 weeks | hotter, drier air than normal (high evaporation) | vaccination coverage about 49% | rainfall 30% below normal over the last 8 weeks",seasonal timing | 0 confirmed outbreaks in nearby sub-counties (last 4 weeks),0.0,0.0,47.0,69.10569105691057,0.0,0.4855729259595382,2.6,-30.444643954070767,,0.0,0
A01,121,2025-04-28,13.0,Low,Adequate,cattle arrivals +136% compared with recent weeks | no outbreak declared here in the last 8 weeks | 2 confirmed outbreaks in nearby sub-counties (last 4 weeks) | vaccination coverage about 48%,"0 farmer symptom reports in the last 2 weeks | hotter, drier air than normal (high evaporation)",0.0,0.0,72.0,136.01532567049807,0.0,0.4782893320701451,1.6,-40.448463259807305,,0.0,0
A01,122,2025-05-05,43.0,Elevated,Adequate,3 confirmed outbreaks in nearby sub-counties (last 4 weeks) | no outbreak declared here in the last 8 weeks | cattle arrivals +15% compared with recent weeks | vaccination coverage about 47%,0 farmer symptom reports in the last 2 weeks | seasonal timing,0.0,0.0,37.0,15.068493150684931,0.0,0.4711149920890929,12.5,-44.36430082708218,,0.0,0
A01,123,2025-05-12,42.0,Elevated,Adequate,3 confirmed outbreaks in nearby sub-counties (last 4 weeks) | no outbreak declared here in the last 8 weeks | vaccination coverage about 46% | seasonal timing,0 farmer symptom reports in the last 2 weeks | seasonal timing,0.0,0.0,20.0,-38.837920489296636,0.0,0.4640482672077565,29.2,-33.11519584255611,,0.0,0
A01,124,2025-05-19,47.0,Elevated,Adequate,"3 confirmed outbreaks in nearby sub-counties (last 4 weeks) | no outbreak declared here in the last 8 weeks | hotter, drier air than normal (high evaporation) | seasonal timing",0 farmer symptom reports in the last 2 weeks | no major market,0.0,0.0,47.0,45.96491228070175,0.0,0.4570875431996402,5.1,-37.42883478826665,,0.0,0
A01,125,2025-05-26,20.0,Low,Adequate,no outbreak declared here in the last 8 weeks | 2 confirmed outbreaks in nearby sub-counties (last 4 weeks) | seasonal timing | vaccination coverage about 45%,0 farmer symptom reports in the last 2 weeks | 21 weeks since last vaccination campaign,0.0,0.0,16.0,-47.16981132075472,0.0,0.4502312300516455,0.1,-35.92349073520631,,0.0,0
A01,126,2025-06-02,25.0,Low,Adequate,no outbreak declared here in the last 8 weeks | 1 confirmed outbreaks in nearby sub-counties (last 4 weeks) | cattle arrivals +115% compared with recent weeks | vaccination coverage about 44%,0 farmer symptom reports in the last 2 weeks | 22 weeks since last vaccination campaign,0.0,0.0,79.0,115.38461538461537,0.0,0.4434777616008709,0.3999999999999999,-48.01530068351416,,0.0,0
A01,127,2025-06-09,30.0,Low,Adequate,no outbreak declared here in the last 8 weeks | 1 confirmed outbreaks in nearby sub-counties (last 4 weeks) | rainfall 59% below normal over the last 8 weeks | seasonal timing,0 farmer symptom reports in the last 2 weeks | 23 weeks since last vaccination campaign,0.0,0.0,90.0,101.59151193633953,0.0,0.4368255951768578,0.1,-58.93880815891235,,0.0,0
A01,128,2025-06-16,43.0,Elevated,Adequate,"3 confirmed outbreaks in nearby sub-counties (last 4 weeks) | no outbreak declared here in the last 8 weeks | seasonal timing | hotter, drier air than normal (high evaporation)",0 farmer symptom reports in the last 2 weeks | 11 cattle arrived from other sub-counties,0.0,0.0,78.0,48.214285714285715,0.0,0.4302732112492049,10.7,-44.12377745711084,,0.0,0
A01,129,2025-06-23,89.0,High,Adequate,3 confirmed outbreaks in nearby sub-counties (last 4 weeks) | 1 suspected cases reported by vets this week | no outbreak declared here in the last 8 weeks | 1 vet-reported suspected cases in the last 2 weeks,no major market,1.0,1.0,73.0,30.2713987473904,0.0,0.4238191130804668,4.199999999999999,-31.47568950810339,,0.0,0
A01,130,2025-06-30,86.0,High,Adequate,4 farmer symptom reports in the last 2 weeks | no outbreak declared here in the last 8 weeks | seasonal timing | symptom reports well above this area's normal level,cattle arrivals +7% compared with recent weeks | 9 cattle arrived from areas with recent outbreaks,3.0,3.0,59.0,6.666666666666667,9.0,0.4174618263842598,3.5,-34.796044499381644,,0.0,1
A01,131,2025-07-07,79.0,High,Adequate,7 farmer symptom reports in the last 2 weeks | no outbreak declared here in the last 8 weeks | symptom reports well above this area's normal level | seasonal timing,"cooler, less evaporative conditions than normal | 9 cattle arrived from areas with recent outbreaks",4.0,1.0,24.0,-53.78486055776892,9.0,0.4111998989884959,17.8,-43.7154321657086,,0.0,1
A01,132,2025-07-14,100.0,High,Adequate,17 farmer symptom reports in the last 2 weeks | symptom reports well above this area's normal level | no outbreak declared here in the last 8 weeks | seasonal timing,35 cattle recorded arriving this week | 13 cattle arrived from other sub-counties,13.0,3.0,35.0,-36.75889328063241,0.0,0.4050319005036684,9.9,-35.55353489429379,Farmer symptom reports unusually high (13 this week),1.0,0
A01,133,2025-07-21,32.0,Low,Adequate,cattle arrivals -34% compared with recent weeks | 28 farmer symptom reports in the last 2 weeks | symptom reports well above this area's normal level | 5 confirmed outbreaks in nearby sub-counties (last 4 weeks),outbreak declared here in the last 8 weeks | 14 cattle arrived from other sub-counties,15.0,4.0,36.0,-33.603238866396765,0.0,0.3989564219961134,2.0,-36.607529208134586,,0.0,0
A01,134,2025-07-28,6.0,Low,Adequate,29 farmer symptom reports in the last 2 weeks | 6 suspected cases reported by vets this week | 82 cattle recorded arriving this week | 6 confirmed outbreaks in nearby sub-counties (last 4 weeks),outbreak declared here in the last 8 weeks | 10 vet-reported suspected cases in the last 2 weeks,14.0,6.0,82.0,35.40856031128405,0.0,0.3929720756661717,0.4,-34.58361241348495,,0.0,0
A01,135,2025-08-04,11.0,Low,Adequate,19 farmer symptom reports in the last 2 weeks | 3 suspected cases reported by vets this week | 5 confirmed outbreaks in nearby sub-counties (last 4 weeks) | 31 weeks since last vaccination campaign,outbreak declared here in the last 8 weeks | cattle arrivals -27% compared with recent weeks,5.0,3.0,42.0,-27.27272727272727,0.0,0.3870774945311791,22.0,3.4039820166991928,,0.0,0
A01,136,2025-08-11,19.0,Low,Adequate,9 farmer symptom reports in the last 2 weeks | cattle arrivals -35% compared with recent weeks | 2 suspected cases reported by vets this week | 5 confirmed outbreaks in nearby sub-counties (last 4 weeks),"outbreak declared here in the last 8 weeks | cooler, less evaporative conditions than normal",4.0,2.0,33.0,-35.18123667377399,0.0,0.3812713321132114,46.2,40.147396399662014,,0.0,0
A01,137,2025-08-18,7.0,Low,Adequate,7 farmer symptom reports in the last 2 weeks | 3 farmer symptom reports this week | 2 vet-reported suspected cases in the last 2 weeks | 5 confirmed outbreaks in nearby sub-counties (last 4 weeks),"outbreak declared here in the last 8 weeks | cooler, less evaporative conditions than normal",3.0,0.0,39.0,-16.9811320754717,0.0,0.3755522621315132,15.6,42.108198549916295,,0.0,0
A01,138,2025-08-25,7.0,Low,Adequate,3 farmer symptom reports in the last 2 weeks | 3 confirmed outbreaks in nearby sub-counties (last 4 weeks) | cattle arrivals -63% compared with recent weeks | 1 vet-reported suspected cases in the last 2 weeks,"outbreak declared here in the last 8 weeks | hotter, drier air than normal (high evaporation)",0.0,1.0,13.0,-63.07692307692307,0.0,0.3699189781995405,2.3,23.03792531929399,,0.0,0
A01,139,2025-09-01,8.0,Low,Adequate,2 confirmed outbreaks in nearby sub-counties (last 4 weeks) | 19 cattle arrived from other sub-counties | 19 cattle recorded arriving this week | cattle arrivals -44% compared with recent weeks,outbreak declared here in the last 8 weeks | 0 farmer symptom reports in the last 2 weeks,0.0,0.0,19.0,-44.18604651162791,0.0,0.3643701935265473,3.7,-0.0980304785668834,,0.0,0
A01,140,2025-09-08,3.0,Low,Adequate,"1 confirmed outbreaks in nearby sub-counties (last 4 weeks) | seasonal timing | hotter, drier air than normal (high evaporation) | cattle arrivals -88% compared with recent weeks",outbreak declared here in the last 8 weeks | 0 farmer symptom reports in the last 2 weeks,0.0,0.0,0.0,-88.20058997050147,0.0,0.3589046406236491,10.8,-3.02094061105426,,0.0,0
A01,141,2025-09-15,58.0,Elevated,Adequate,2 farmer symptom reports in the last 2 weeks | no outbreak declared here in the last 8 weeks | 2 confirmed outbreaks in nearby sub-counties (last 4 weeks) | 2 farmer symptom reports this week,vaccination coverage about 35% | rainfall close to normal over the last 8 weeks,2.0,0.0,51.0,47.368421052631575,0.0,0.3535210710142943,1.2,-0.7606580576688057,,0.0,0
A01,142,2025-09-22,61.0,Elevated,Adequate,2 farmer symptom reports in the last 2 weeks | no outbreak declared here in the last 8 weeks | 3 confirmed outbreaks in nearby sub-counties (last 4 weeks) | symptom reports at or below normal,cattle arrivals +88% compared with recent weeks | rainfall close to normal over the last 8 weeks,0.0,0.0,70.0,88.08777429467085,18.0,0.3482182549490799,2.7,5.627306273062642,,0.0,0
A01,143,2025-09-29,45.0,Elevated,Adequate,3 confirmed outbreaks in nearby sub-counties (last 4 weeks) | seasonal timing | no outbreak declared here in the last 8 weeks | 1 farmer symptom reports this week,cattle arrivals +93% compared with recent weeks | rainfall 12% below normal over the last 8 weeks,1.0,0.0,69.0,92.83387622149837,18.0,0.3429949811248437,5.3,-11.852185669220267,,0.0,0
A01,144,2025-10-06,42.0,Elevated,Adequate,no outbreak declared here in the last 8 weeks | seasonal timing | 2 confirmed outbreaks in nearby sub-counties (last 4 weeks) | 20 cattle arrived from other sub-counties,rainfall 46% below normal over the last 8 weeks | vaccination coverage about 34%,0.0,0.0,20.0,-40.119760479041915,0.0,0.337850056407971,1.4,-46.0285132382891,,0.0,0
A01,145,2025-10-13,49.0,Elevated,Adequate,1 suspected cases reported by vets this week | no outbreak declared here in the last 8 weeks | 2 confirmed outbreaks in nearby sub-counties (last 4 weeks) | seasonal timing,"hotter, drier air than normal (high evaporation) | vaccination coverage about 33%",1.0,1.0,55.0,49.532710280373834,0.0,0.3327823055618515,2.8000000000000003,-58.70570107858235,,0.0,0
A01,146,2025-10-20,22.0,Low,Adequate,no outbreak declared here in the last 8 weeks | 1 vet-reported suspected cases in the last 2 weeks | 1 confirmed outbreaks in nearby sub-counties (last 4 weeks) | cattle arrivals -88% compared with recent weeks,seasonal timing | vaccination coverage about 33%,0.0,0.0,0.0,-88.13056379821958,0.0,0.3277905709784237,28.8,-22.988107608821213,,0.0,0
A01,147,2025-10-27,6.0,Low,Adequate,no outbreak declared here in the last 8 weeks | 1 confirmed outbreaks in nearby sub-counties (last 4 weeks) | not a border area | symptom reports at or below normal,0 farmer symptom reports in the last 2 weeks | seasonal timing,0.0,0.0,45.0,23.456790123456788,0.0,0.3228737124137473,11.0,-8.574252532740363,,0.0,0
A01,148,2025-11-03,7.0,Low,Adequate,"no outbreak declared here in the last 8 weeks | 2 confirmed outbreaks in nearby sub-counties (last 4 weeks) | hotter, drier air than normal (high evaporation) | seasonal timing",0 farmer symptom reports in the last 2 weeks | seasonal timing,0.0,0.0,26.0,-29.142857142857142,0.0,0.3180306067275411,2.1,-20.93473786172636,,0.0,0
A01,149,2025-11-10,14.0,Low,Adequate,no outbreak declared here in the last 8 weeks | 1 confirmed outbreaks in nearby sub-counties (last 4 weeks) | seasonal timing | symptom reports well above this area's normal level,"hotter, drier air than normal (high evaporation) | rainfall 27% below normal over the last 8 weeks",1.0,0.0,20.0,-46.808510638297875,10.0,0.313260147626628,1.8,-26.557450128162056,,0.0,0
A01,150,2025-11-17,45.0,Elevated,Adequate,2 farmer symptom reports in the last 2 weeks | no outbreak declared here in the last 8 weeks | 1 confirmed outbreaks in nearby sub-counties (last 4 weeks) | 1 farmer symptom reports this week,"hotter, drier air than normal (high evaporation) | vaccination coverage about 31%",1.0,0.0,63.0,57.68115942028985,10.0,0.3085612454122285,3.1,-39.91299619358355,,0.0,0
A01,151,2025-11-24,53.0,Elevated,Adequate,3 farmer symptom reports in the last 2 weeks | no outbreak declared here in the last 8 weeks | 1 confirmed outbreaks in nearby sub-counties (last 4 weeks) | 2 farmer symptom reports this week,cattle arrivals +4% compared with recent weeks | symptom reports well above this area's normal level,2.0,0.0,39.0,4.142011834319527,0.0,0.3039328267310451,2.4,-48.05833196788474,,0.0,0
A01,152,2025-12-01,39.0,Low,Adequate,2 farmer symptom reports in the last 2 weeks | no outbreak declared here in the last 8 weeks | 1 confirmed outbreaks in nearby sub-counties (last 4 weeks) | rainfall 58% below normal over the last 8 weeks,"hotter, drier air than normal (high evaporation) | seasonal timing",0.0,0.0,118.0,219.4805194805195,0.0,0.2993738343300794,2.3,-57.51569210439394,Cattle arrivals unusually high (+219% on recent weeks),0.0,0
A01,153,2025-12-08,5.0,Low,Adequate,no outbreak declared here in the last 8 weeks | 1 confirmed outbreaks in nearby sub-counties (last 4 weeks) | seasonal timing | not a border area,0 farmer symptom reports in the last 2 weeks | cattle arrivals -1% compared with recent weeks,0.0,0.0,45.0,-1.477832512315271,0.0,0.2948832268151283,10.3,-56.61631419939581,,0.0,0
A02,104,2024-12-30,4.0,Low,Adequate,"no outbreak declared here in the last 8 weeks | vaccination coverage about 72% | 1 confirmed outbreaks in nearby sub-counties (last 4 weeks) | hotter, drier air than normal (high evaporation)",0 farmer symptom reports in the last 2 weeks | seasonal timing,0.0,0.0,44.0,0.7712082262210797,0.0,0.7196181548874969,2.5,26.10685170342611,,0.0,0
A02,105,2025-01-06,5.0,Low,Adequate,no outbreak declared here in the last 8 weeks | 1 confirmed outbreaks in nearby sub-counties (last 4 weeks) | cattle arrivals -38% compared with recent weeks | 25 cattle arrived from other sub-counties,0 farmer symptom reports in the last 2 weeks | seasonal timing,0.0,0.0,25.0,-37.66233766233766,0.0,0.7088238825641845,0.8,14.576286846594764,,0.0,0
A02,106,2025-01-13,4.0,Low,Adequate,no outbreak declared here in the last 8 weeks | 1 confirmed outbreaks in nearby sub-counties (last 4 weeks) | major livestock market in the area | not a border area,0 farmer symptom reports in the last 2 weeks | 2 weeks since last vaccination campaign,0.0,0.0,45.0,10.192837465564738,0.0,0.6981915243257217,0.4,-13.46548044949155,,0.0,0
A02,107,2025-01-20,6.0,Low,Adequate,no outbreak declared here in the last 8 weeks | cattle arrivals +17% compared with recent weeks | 1 confirmed outbreaks in nearby sub-counties (last 4 weeks) | major livestock market in the area,0 farmer symptom reports in the last 2 weeks | 3 weeks since last vaccination campaign,0.0,0.0,44.0,17.365269461077844,0.0,0.6877186514608359,13.8,-23.833510825683494,,0.0,0
A02,108,2025-01-27,3.0,Low,Adequate,no outbreak declared here in the last 8 weeks | 37 cattle arrived from other sub-counties | cattle arrivals +38% compared with recent weeks | major livestock market in the area,"0 farmer symptom reports in the last 2 weeks | cooler, less evaporative conditions than normal",0.0,0.0,50.0,37.5,0.0,0.6774028716889233,60.5,3.877732276123278,,0.0,0
A02,109,2025-02-03,10.0,Low,Adequate,no outbreak declared here in the last 8 weeks | cattle arrivals +16% compared with recent weeks | major livestock market in the area | not a border area,0 farmer symptom reports in the last 2 weeks | 5 weeks since last vaccination campaign,0.0,0.0,42.0,16.408668730650156,0.0,0.6672418286135895,0.7,2.7366441146545126,,0.0,0
A02,110,2025-02-10,5.0,Low,Adequate,no outbreak declared here in the last 8 weeks | major livestock market in the area | seasonal timing | moderate cattle density,0 farmer symptom reports in the last 2 weeks | 6 weeks since last vaccination campaign,0.0,0.0,62.0,58.57988165680473,0.0,0.6572332011843857,1.9,-22.31922508732406,,0.0,0
A02,111,2025-02-17,6.0,Low,Adequate,no outbreak declared here in the last 8 weeks | 1 confirmed outbreaks in nearby sub-counties (last 4 weeks) | major livestock market in the area | vaccination coverage about 65%,"0 farmer symptom reports in the last 2 weeks | hotter, drier air than normal (high evaporation)",0.0,0.0,53.0,25.745257452574528,0.0,0.6473747031666198,0.0,-28.09396991128585,,0.0,0
A02,112,2025-02-24,7.0,Low,Adequate,no outbreak declared here in the last 8 weeks | 1 confirmed outbreaks in nearby sub-counties (last 4 weeks) | major livestock market in the area | vaccination coverage about 64%,"0 farmer symptom reports in the last 2 weeks | hotter, drier air than normal (high evaporation)",0.0,0.0,33.0,-24.938271604938272,0.0,0.6376640826191206,0.0,-31.83752417794972,,0.0,0
A02,113,2025-03-03,5.0,Low,Adequate,no outbreak declared here in the last 8 weeks | 1 confirmed outbreaks in nearby sub-counties (last 4 weeks) | major livestock market in the area | 30 cattle arrived from other sub-counties,0 farmer symptom reports in the last 2 weeks | seasonal timing,0.0,0.0,49.0,9.644670050761421,16.0,0.6280991213798337,20.4,-16.317016317016282,,0.0,0
A02,114,2025-03-10,5.0,Low,Adequate,no outbreak declared here in the last 8 weeks | 1 confirmed outbreaks in nearby sub-counties (last 4 weeks) | vaccination coverage about 62% | major livestock market in the area,0 farmer symptom reports in the last 2 weeks | seasonal timing,0.0,0.0,27.0,-38.75598086124402,16.0,0.6186776345591362,51.8,24.13201217133476,,0.0,0
A02,115,2025-03-17,7.0,Low,Adequate,no outbreak declared here in the last 8 weeks | vaccination coverage about 61% | 69 cattle arrived from other sub-counties | 1 farmer symptom reports this week,"cooler, less evaporative conditions than normal | seasonal timing",1.0,0.0,74.0,57.99999999999999,0.0,0.6093974700407491,17.5,22.341624708799863,,0.0,0
A02,116,2025-03-24,15.0,Low,Adequate,no outbreak declared here in the last 8 weeks | vaccination coverage about 60% | cattle arrivals +25% compared with recent weeks | major livestock market in the area,seasonal timing | 0 confirmed outbreaks in nearby sub-counties (last 4 weeks),0.0,0.0,62.0,24.651162790697676,0.0,0.6002565079901379,45.3,10.165696372592825,,0.0,0
A02,117,2025-03-31,6.0,Low,Adequate,no outbreak declared here in the last 8 weeks | vaccination coverage about 59% | seasonal timing | moderate cattle density,0 farmer symptom reports in the last 2 weeks | cattle arrivals -0% compared with recent weeks,0.0,0.0,50.0,-0.4524886877828055,0.0,0.5912526603702858,40.9,34.20037158782343,,0.0,0
A02,118,2025-04-07,41.0,Elevated,Adequate,no outbreak declared here in the last 8 weeks | 2 farmer symptom reports in the last 2 weeks | symptom reports well above this area's normal level | 2 farmer symptom reports this week,"cattle arrivals +113% compared with recent weeks | cooler, less evaporative conditions than normal",2.0,0.0,115.0,113.33333333333333,0.0,0.5823838704647315,47.9,41.47404090524034,Cattle arrivals unusually high (+113% on recent weeks),0.0,0
A02,119,2025-04-14,41.0,Elevated,Adequate,"2 farmer symptom reports in the last 2 weeks | no outbreak declared here in the last 8 weeks | hotter, drier air than normal (high evaporation) | vaccination coverage about 57%",seasonal timing | 0 confirmed outbreaks in nearby sub-counties (last 4 weeks),0.0,0.0,23.0,-55.46719681908549,0.0,0.5736481124077605,43.5,44.38948190575384,,0.0,0
A02,120,2025-04-21,4.0,Low,Adequate,no outbreak declared here in the last 8 weeks | 21 cattle arrived from other sub-counties | major livestock market in the area | vaccination coverage about 57%,0 farmer symptom reports in the last 2 weeks | seasonal timing,0.0,0.0,52.0,-3.5940803382663846,0.0,0.5650433907216441,22.9,35.36546872886351,,0.0,0
A02,121,2025-04-28,22.0,Low,Adequate,2 confirmed outbreaks in nearby sub-counties (last 4 weeks) | no outbreak declared here in the last 8 weeks | major livestock market in the area | 24 cattle recorded arriving this week,0 farmer symptom reports in the last 2 weeks | seasonal timing,0.0,0.0,24.0,-52.84552845528455,0.0,0.5565677398608194,10.5,15.23499523658329,,0.0,0
A02,122,2025-05-05,43.0,Elevated,Adequate,"3 confirmed outbreaks in nearby sub-counties (last 4 weeks) | no outbreak declared here in the last 8 weeks | hotter, drier air than normal (high evaporation) | 1 farmer symptom reports this week",108 cattle recorded arriving this week | cattle arrivals +94% compared with recent weeks,1.0,0.0,108.0,93.57601713062098,0.0,0.5482192237629071,62.7,13.339604891815815,,0.0,0
A02,123,2025-05-12,66.0,Elevated,Adequate,3 confirmed outbreaks in nearby sub-counties (last 4 weeks) | 2 farmer symptom reports in the last 2 weeks | no outbreak declared here in the last 8 weeks | vaccination coverage about 54%,31 cattle recorded arriving this week | rainfall 17% above normal over the last 8 weeks,1.0,0.0,31.0,-47.44525547445255,0.0,0.5399959354064635,30.6,16.683991683991795,,0.0,0
A02,124,2025-05-19,43.0,Elevated,Adequate,3 confirmed outbreaks in nearby sub-counties (last 4 weeks) | no outbreak declared here in the last 8 weeks | vaccination coverage about 53% | seasonal timing,cattle arrivals -10% compared with recent weeks | rainfall 11% above normal over the last 8 weeks,0.0,0.0,52.0,-9.702970297029703,0.0,0.5318959963753666,8.9,10.70389993227915,,0.0,0
A02,125,2025-05-26,40.0,Elevated,Adequate,no outbreak declared here in the last 8 weeks | 2 confirmed outbreaks in nearby sub-counties (last 4 weeks) | 41 cattle arrived from other sub-counties | seasonal timing,0 farmer symptom reports in the last 2 weeks | cattle arrivals -18% compared with recent weeks,0.0,0.0,46.0,-17.575757575757574,0.0,0.523917556429736,2.6,4.106017814468843,,0.0,0
A02,126,2025-06-02,75.0,High,Adequate,1 suspected cases reported by vets this week | no outbreak declared here in the last 8 weeks | 1 confirmed outbreaks in nearby sub-counties (last 4 weeks) | 1 vet-reported suspected cases in the last 2 weeks,cattle arrivals -15% compared with recent weeks | 22 weeks since last vaccination campaign,1.0,1.0,47.0,-15.274949083503056,0.0,0.51605879308329,2.9,-7.253836621866369,,0.0,0
A02,127,2025-06-09,83.0,High,Adequate,2 farmer symptom reports in the last 2 weeks | no outbreak declared here in the last 8 weeks | 1 confirmed outbreaks in nearby sub-counties (last 4 weeks) | vaccination coverage about 51%,cattle arrivals -2% compared with recent weeks | rainfall 13% below normal over the last 8 weeks,1.0,0.0,47.0,-1.6548463356973995,0.0,0.5083179111870406,4.4,-12.929055378240603,,0.0,0
A02,128,2025-06-16,100.0,High,Adequate,no outbreak declared here in the last 8 weeks | 3 confirmed outbreaks in nearby sub-counties (last 4 weeks) | 2 farmer symptom reports in the last 2 weeks | 1 suspected cases reported by vets this week,"hotter, drier air than normal (high evaporation) | seasonal timing",1.0,1.0,16.0,-62.41610738255034,0.0,0.500693142519235,6.300000000000001,-1.0683760683762278,,0.0,1
A02,129,2025-06-23,99.0,High,Adequate,4 farmer symptom reports in the last 2 weeks | no outbreak declared here in the last 8 weeks | 3 confirmed outbreaks in nearby sub-counties (last 4 weeks) | 86 cattle recorded arriving this week,rainfall 29% above normal over the last 8 weeks | cattle arrivals +77% compared with recent weeks,3.0,2.0,86.0,77.12895377128953,28.0,0.4931827453814465,1.3,28.67063492063444,,0.0,1
A02,130,2025-06-30,100.0,High,Adequate,"8 farmer symptom reports in the last 2 weeks | no outbreak declared here in the last 8 weeks | hotter, drier air than normal (high evaporation) | symptom reports well above this area's normal level",cattle arrivals +27% compared with recent weeks,5.0,1.0,70.0,26.849894291754755,28.0,0.4857850042007248,0.1,-1.9005847953222268,,1.0,0
A02,131,2025-07-07,41.0,Elevated,Adequate,13 farmer symptom reports in the last 2 weeks | symptom reports well above this area's normal level | 3 suspected cases reported by vets this week | 36 cattle arrived from other sub-counties,outbreak declared here in the last 8 weeks | 12 cattle arrived from areas with recent outbreaks,8.0,3.0,66.0,30.574712643678158,12.0,0.4784982291377139,1.5,-33.01604089547006,Farmer symptom reports unusually high (8 this week),0.0,0
A02,132,2025-07-14,16.0,Low,Adequate,"16 farmer symptom reports in the last 2 weeks | hotter, drier air than normal (high evaporation) | 6 confirmed outbreaks in nearby sub-counties (last 4 weeks) | vaccination coverage about 47%",outbreak declared here in the last 8 weeks | cattle arrivals +2% compared with recent weeks,8.0,1.0,55.0,2.127659574468085,25.0,0.4713207557006482,0.5,-37.85429351249246,,0.0,0
A02,133,2025-07-21,19.0,Low,Adequate,19 farmer symptom reports in the last 2 weeks | symptom reports well above this area's normal level | 38 cattle arrived from other sub-counties | 5 confirmed outbreaks in nearby sub-counties (last 4 weeks),outbreak declared here in the last 8 weeks | cattle arrivals +7% compared with recent weeks,11.0,1.0,58.0,6.553911205073996,19.0,0.4642509443651385,0.0,-37.84530386740339,,0.0,0
A02,134,2025-07-28,9.0,Low,Adequate,17 farmer symptom reports in the last 2 weeks | 5 suspected cases reported by vets this week | vaccination coverage about 46% | moderate cattle density,"outbreak declared here in the last 8 weeks | hotter, drier air than normal (high evaporation)",6.0,5.0,47.0,-14.22680412371134,6.0,0.4572871801996614,0.0,-33.222499307287855,,0.0,0
A02,135,2025-08-04,11.0,Low,Adequate,"10 farmer symptom reports in the last 2 weeks | 2 suspected cases reported by vets this week | hotter, drier air than normal (high evaporation) | 31 weeks since last vaccination campaign",outbreak declared here in the last 8 weeks | cattle arrivals +6% compared with recent weeks,4.0,2.0,59.0,5.567010309278351,0.0,0.4504278724966665,4.6,-23.56086819754772,,0.0,0
A02,136,2025-08-11,17.0,Low,Adequate,7 farmer symptom reports in the last 2 weeks | 3 farmer symptom reports this week | 32 weeks since last vaccination campaign | 3 vet-reported suspected cases in the last 2 weeks,outbreak declared here in the last 8 weeks | 33 cattle recorded arriving this week,3.0,1.0,33.0,-38.83299798792756,0.0,0.4436714544092165,7.1,-17.40704179006384,,0.0,0
A02,137,2025-08-18,4.0,Low,Adequate,3 farmer symptom reports in the last 2 weeks | symptom reports at or below normal | 1 suspected cases reported by vets this week | 2 vet-reported suspected cases in the last 2 weeks,"outbreak declared here in the last 8 weeks | cooler, less evaporative conditions than normal",0.0,1.0,47.0,-19.06614785992218,0.0,0.4370163825930782,12.5,20.83888149134411,,0.0,0
A02,138,2025-08-25,5.0,Low,Adequate,3 confirmed outbreaks in nearby sub-counties (last 4 weeks) | 1 vet-reported suspected cases in the last 2 weeks | vaccination coverage about 43% | major livestock market in the area,"outbreak declared here in the last 8 weeks | hotter, drier air than normal (high evaporation)",1.0,0.0,57.0,4.421052631578947,27.0,0.4304611368541821,0.2,11.690702669530392,,0.0,0
A02,139,2025-09-01,46.0,Elevated,Adequate,symptom reports at or below normal | no outbreak declared here in the last 8 weeks | 2 confirmed outbreaks in nearby sub-counties (last 4 weeks) | 38 cattle arrived from other sub-counties,"hotter, drier air than normal (high evaporation) | 1 farmer symptom reports in the last 2 weeks",0.0,0.0,38.0,-25.541125541125542,44.0,0.4240042198013693,0.0,-6.858820389645482,,0.0,0
A02,140,2025-09-08,42.0,Elevated,Adequate,symptom reports at or below normal | no outbreak declared here in the last 8 weeks | 1 confirmed outbreaks in nearby sub-counties (last 4 weeks) | major livestock market in the area,"0 farmer symptom reports in the last 2 weeks | hotter, drier air than normal (high evaporation)",0.0,0.0,23.0,-48.38709677419355,17.0,0.4176441565043488,1.0,-10.943396226415436,,0.0,0
A02,141,2025-09-15,40.0,Elevated,Adequate,no outbreak declared here in the last 8 weeks | symptom reports at or below normal | 2 confirmed outbreaks in nearby sub-counties (last 4 weeks) | seasonal timing,0 farmer symptom reports in the last 2 weeks | rainfall 10% below normal over the last 8 weeks,0.0,0.0,57.0,23.383084577114428,0.0,0.4113794941567835,0.7,-10.466269841269924,,0.0,0
A02,142,2025-09-22,34.0,Low,Adequate,3 confirmed outbreaks in nearby sub-counties (last 4 weeks) | no outbreak declared here in the last 8 weeks | 1 vet-reported suspected cases in the last 2 weeks | seasonal timing,"0 farmer symptom reports in the last 2 weeks | hotter, drier air than normal (high evaporation)",0.0,1.0,56.0,21.695760598503743,0.0,0.4052088017444318,1.3,-9.421167352869697,,0.0,0
A02,143,2025-09-29,42.0,Elevated,Adequate,3 confirmed outbreaks in nearby sub-counties (last 4 weeks) | no outbreak declared here in the last 8 weeks | seasonal timing | 1 vet-reported suspected cases in the last 2 weeks,0 farmer symptom reports in the last 2 weeks | 39 weeks since last vaccination campaign,0.0,0.0,64.0,34.63414634146341,0.0,0.3991306697182653,9.1,-12.90791935148587,,0.0,1
A02,144,2025-10-06,43.0,Elevated,Adequate,no outbreak declared here in the last 8 weeks | 2 confirmed outbreaks in nearby sub-counties (last 4 weeks) | 1 vet-reported suspected cases in the last 2 weeks | seasonal timing,0 farmer symptom reports in the last 2 weeks | cattle arrivals +83% compared with recent weeks,0.0,1.0,90.0,83.13253012048193,30.0,0.3931437096724913,2.8,-29.69334330590865,,0.0,1
A02,145,2025-10-13,43.0,Elevated,Adequate,no outbreak declared here in the last 8 weeks | 1 confirmed outbreaks in nearby sub-counties (last 4 weeks) | 62 cattle arrived from areas with recent outbreaks | 32 cattle arrived from other sub-counties,0 farmer symptom reports in the last 2 weeks | vaccination coverage about 39%,0.0,0.0,70.0,27.11864406779661,62.0,0.387246554027404,1.2000000000000002,-61.3519470977223,,1.0,0
A02,146,2025-10-20,3.0,Low,Adequate,"49 cattle arrived from areas with recent outbreaks | 39 cattle arrived from other sub-counties | hotter, drier air than normal (high evaporation) | major livestock market in the area",outbreak declared here in the last 8 weeks | 0 farmer symptom reports in the last 2 weeks,0.0,0.0,62.0,8.282828282828284,49.0,0.3814378557169929,15.4,-45.29396256261544,,0.0,0
A02,147,2025-10-27,2.0,Low,Adequate,1 vet-reported suspected cases in the last 2 weeks | 1 suspected cases reported by vets this week | moderate cattle density | major livestock market in the area,outbreak declared here in the last 8 weeks | 0 farmer symptom reports in the last 2 weeks,0.0,1.0,26.0,-50.4,17.0,0.375716287881238,32.2,-9.54835542464458,,0.0,0
A02,148,2025-11-03,3.0,Low,Adequate,"1 confirmed outbreaks in nearby sub-counties (last 4 weeks) | hotter, drier air than normal (high evaporation) | 1 vet-reported suspected cases in the last 2 weeks | major livestock market in the area",outbreak declared here in the last 8 weeks | seasonal timing,1.0,0.0,101.0,73.77049180327869,0.0,0.3700805435630194,5.1,-14.222712238148514,,0.0,0
A02,149,2025-11-10,6.0,Low,Adequate,3 farmer symptom reports in the last 2 weeks | 1 confirmed outbreaks in nearby sub-counties (last 4 weeks) | cattle arrivals -63% compared with recent weeks | 2 farmer symptom reports this week,"outbreak declared here in the last 8 weeks | hotter, drier air than normal (high evaporation)",2.0,0.0,21.0,-63.25088339222616,0.0,0.3645293354095741,4.9,-23.989618094179484,,0.0,0
A02,150,2025-11-17,4.0,Low,Adequate,2 farmer symptom reports in the last 2 weeks | 1 confirmed outbreaks in nearby sub-counties (last 4 weeks) | cattle arrivals -40% compared with recent weeks | major livestock market in the area,"outbreak declared here in the last 8 weeks | hotter, drier air than normal (high evaporation)",0.0,0.0,35.0,-39.62264150943396,0.0,0.3590613953784305,2.4,-37.593872033644274,,0.0,0
A02,151,2025-11-24,1.0,Low,Adequate,1 confirmed outbreaks in nearby sub-counties (last 4 weeks) | major livestock market in the area | moderate cattle density | not a border area,outbreak declared here in the last 8 weeks | 0 farmer symptom reports in the last 2 weeks,0.0,0.0,115.0,88.60510805500982,0.0,0.3536754744477541,3.9,-48.40034443929284,,0.0,0
A02,152,2025-12-01,1.0,Low,Adequate,1 confirmed outbreaks in nearby sub-counties (last 4 weeks) | major livestock market in the area | moderate cattle density | not a border area,outbreak declared here in the last 8 weeks | 0 farmer symptom reports in the last 2 weeks,0.0,0.0,8.0,-81.42857142857143,0.0,0.3483703423310378,1.4,-54.90450365479853,,0.0,0
A02,153,2025-12-08,2.0,Low,Adequate,1 confirmed outbreaks in nearby sub-counties (last 4 weeks) | major livestock market in the area | 85 cattle arrived from other sub-counties | not a border area,outbreak declared here in the last 8 weeks | 0 farmer symptom reports in the last 2 weeks,0.0,0.0,113.0,97.48953974895397,0.0,0.3431447871960722,13.1,-49.075407569560646,,0.0,0
A03,104,2024-12-30,2.0,Low,Low data,"no outbreak declared here in the last 8 weeks | vaccination coverage about 73% | hotter, drier air than normal (high evaporation)",0 farmer symptom reports in the last 2 weeks | seasonal timing,0.0,0.0,51.0,79.2,0.0,0.7330885552574732,0.5,28.27740007123933,,0.0,0
A03,105,2025-01-06,5.0,Low,Low data,"no outbreak declared here in the last 8 weeks | vaccination coverage about 72% | hotter, drier air than normal (high evaporation) | 13 cattle recorded arriving this week",0 farmer symptom reports in the last 2 weeks | seasonal timing,0.0,0.0,13.0,-46.468401486988846,4.0,0.7220922269286111,4.2,33.81561182137906,,0.0,0
A03,106,2025-01-13,6.0,Low,Low data,3 cattle recorded arriving this week | no outbreak declared here in the last 8 weeks | cattle arrivals -73% compared with recent weeks | vaccination coverage about 71%,"0 farmer symptom reports in the last 2 weeks | hotter, drier air than normal (high evaporation)",0.0,0.0,3.0,-72.76595744680851,4.0,0.7112608435246819,0.1,-0.7473055691164648,,0.0,0
A03,107,2025-01-20,3.0,Low,Low data,no outbreak declared here in the last 8 weeks | rainfall 29% below normal over the last 8 weeks | 15 cattle recorded arriving this week,0 farmer symptom reports in the last 2 weeks | 3 weeks since last vaccination campaign,0.0,0.0,15.0,-24.528301886792452,0.0,0.7005919308718116,32.8,-28.732475198819373,,0.0,0
A03,108,2025-01-27,4.0,Low,Low data,3 cattle recorded arriving this week | no outbreak declared here in the last 8 weeks | cattle arrivals -71% compared with recent weeks | vaccination coverage about 69%,"0 farmer symptom reports in the last 2 weeks | cooler, less evaporative conditions than normal",0.0,0.0,3.0,-70.77625570776256,0.0,0.6900830519087344,47.1,-11.687916104608206,,0.0,0
A03,109,2025-02-03,21.0,Low,Low data,no outbreak declared here in the last 8 weeks | cattle arrivals -79% compared with recent weeks | 1 farmer symptom reports this week | symptom reports well above this area's normal level,1 farmer symptom reports in the last 2 weeks | 0 confirmed outbreaks in nearby sub-counties (last 4 weeks),1.0,0.0,0.0,-78.72340425531915,0.0,0.6797318061301034,1.1,-6.304141929820608,,0.0,0
A03,110,2025-02-10,4.0,Low,Low data,no outbreak declared here in the last 8 weeks | 25 cattle arrived from other sub-counties,6 weeks since last vaccination campaign | 0 confirmed outbreaks in nearby sub-counties (last 4 weeks),0.0,0.0,31.0,100.0,0.0,0.6695358290381519,0.0,-11.049201532262208,,0.0,0
A03,111,2025-02-17,1.0,Low,Low data,no outbreak declared here in the last 8 weeks | 22 cattle recorded arriving this week,"0 farmer symptom reports in the last 2 weeks | hotter, drier air than normal (high evaporation)",0.0,0.0,22.0,33.33333333333333,0.0,0.6594927916025796,0.0,-26.398279041180334,,0.0,0
A03,112,2025-02-24,2.0,Low,Low data,no outbreak declared here in the last 8 weeks | cattle arrivals -37% compared with recent weeks,"0 farmer symptom reports in the last 2 weeks | hotter, drier air than normal (high evaporation)",0.0,0.0,9.0,-37.07865168539326,0.0,0.6496003997285409,0.0,-26.318231019019933,,0.0,0
A03,113,2025-03-03,3.0,Low,Low data,cattle arrivals +129% compared with recent weeks | no outbreak declared here in the last 8 weeks | vaccination coverage about 64% | 8 cattle arrived from other sub-counties,"0 farmer symptom reports in the last 2 weeks | hotter, drier air than normal (high evaporation)",0.0,0.0,34.0,129.41176470588235,0.0,0.6398563937326127,17.3,-17.44097486671783,,0.0,0
A03,114,2025-03-10,2.0,Low,Low data,no outbreak declared here in the last 8 weeks | vaccination coverage about 63% | rainfall close to normal over the last 8 weeks,0 farmer symptom reports in the last 2 weeks | seasonal timing,0.0,0.0,34.0,98.72611464968153,0.0,0.6302585478266235,4.4,-8.120006522093972,,0.0,0
A03,115,2025-03-17,11.0,Low,Low data,no outbreak declared here in the last 8 weeks | cattle arrivals +117% compared with recent weeks | vaccination coverage about 62% | 1 farmer symptom reports this week,seasonal timing | 0 confirmed outbreaks in nearby sub-counties (last 4 weeks),1.0,0.0,46.0,117.02127659574468,0.0,0.6208046696092241,5.3,-29.551843889532314,,0.0,0
A03,116,2025-03-24,31.0,Low,Low data,no outbreak declared here in the last 8 weeks | 2 farmer symptom reports in the last 2 weeks | vaccination coverage about 61% | 83 cattle recorded arriving this week,seasonal timing | 0 confirmed outbreaks in nearby sub-counties (last 4 weeks),1.0,0.0,83.0,221.46118721461187,0.0,0.6114925995650857,31.3,-48.91800382746968,Cattle arrivals unusually high (+221% on recent weeks),0.0,0
A03,117,2025-03-31,12.0,Low,Low data,"no outbreak declared here in the last 8 weeks | vaccination coverage about 60% | hotter, drier air than normal (high evaporation) | cattle arrivals -36% compared with recent weeks",seasonal timing | 0 confirmed outbreaks in nearby sub-counties (last 4 weeks),0.0,0.0,19.0,-35.785953177257525,0.0,0.6023202105716094,16.8,-42.156063077759846,,0.0,0
A03,118,2025-04-07,2.0,Low,Low data,no outbreak declared here in the last 8 weeks | vaccination coverage about 59% | 21 cattle arrived from other sub-counties | cattle arrivals +11% compared with recent weeks,0 farmer symptom reports in the last 2 weeks | seasonal timing,0.0,0.0,39.0,10.69182389937107,0.0,0.5932854074130353,34.4,-27.240623477837417,,0.0,0
A03,119,2025-04-14,3.0,Low,Low data,"no outbreak declared here in the last 8 weeks | vaccination coverage about 58% | hotter, drier air than normal (high evaporation)",0 farmer symptom reports in the last 2 weeks | seasonal timing,0.0,0.0,30.0,-14.11042944785276,0.0,0.5843861263018397,33.6,-21.63587039975441,,0.0,0
A03,120,2025-04-21,2.0,Low,Low data,no outbreak declared here in the last 8 weeks | vaccination coverage about 58%,0 farmer symptom reports in the last 2 weeks | seasonal timing,0.0,0.0,13.0,-56.886227544910184,0.0,0.5756203344073121,5.6000000000000005,-27.41824834209936,,0.0,0
A03,121,2025-04-28,2.0,Low,Low data,no outbreak declared here in the last 8 weeks | vaccination coverage about 57% | rainfall 30% below normal over the last 8 weeks,"0 farmer symptom reports in the last 2 weeks | hotter, drier air than normal (high evaporation)",0.0,0.0,30.0,-17.159763313609467,0.0,0.5669860293912024,16.5,-30.280819498410523,,0.0,0
A03,122,2025-05-05,6.0,Low,Low data,no outbreak declared here in the last 8 weeks | vaccination coverage about 56% | rainfall 10% below normal over the last 8 weeks | 12 cattle recorded arriving this week,0 farmer symptom reports in the last 2 weeks | seasonal timing,0.0,0.0,12.0,-59.2814371257485,0.0,0.5584812389503343,56.9,-10.40708567535346,,0.0,0
A03,123,2025-05-12,6.0,Low,Low data,no outbreak declared here in the last 8 weeks | vaccination coverage about 55% | 25 cattle recorded arriving this week | rainfall close to normal over the last 8 weeks,0 farmer symptom reports in the last 2 weeks | 0 confirmed outbreaks in nearby sub-counties (last 4 weeks),0.0,0.0,25.0,-23.076923076923077,0.0,0.5501040203660793,22.0,-1.993785603314396,,0.0,0
A03,124,2025-05-19,43.0,Elevated,Low data,"1 suspected cases reported by vets this week | no outbreak declared here in the last 8 weeks | 1 vet-reported suspected cases in the last 2 weeks | cooler, less evaporative conditions than normal",cattle arrivals +7% compared with recent weeks | 0 confirmed outbreaks in nearby sub-counties (last 4 weeks),1.0,1.0,34.0,7.216494845360824,0.0,0.5418524600605881,5.3,-1.921576277799481,,0.0,0
A03,125,2025-05-26,41.0,Elevated,Low data,"no outbreak declared here in the last 8 weeks | cattle arrivals +115% compared with recent weeks | hotter, drier air than normal (high evaporation) | 1 vet-reported suspected cases in the last 2 weeks",0 confirmed outbreaks in nearby sub-counties (last 4 weeks) | border area with cross-border movement,0.0,0.0,60.0,114.87603305785123,23.0,0.5337246731596792,0.3999999999999999,1.61192716069762,,0.0,0
A03,126,2025-06-02,9.0,Low,Low data,no outbreak declared here in the last 8 weeks | vaccination coverage about 53% | cattle arrivals -86% compared with recent weeks | seasonal timing,0 farmer symptom reports in the last 2 weeks | 0 confirmed outbreaks in nearby sub-counties (last 4 weeks),0.0,0.0,0.0,-85.86572438162544,23.0,0.525718803062284,2.5,-10.538641686182672,,0.0,0
A03,127,2025-06-09,4.0,Low,Low data,no outbreak declared here in the last 8 weeks | vaccination coverage about 52% | seasonal timing | cattle arrivals -84% compared with recent weeks,"0 farmer symptom reports in the last 2 weeks | hotter, drier air than normal (high evaporation)",0.0,0.0,0.0,-83.60655737704919,0.0,0.5178330210163498,0.7,-15.012758718457505,,0.0,0
A03,128,2025-06-16,19.0,Low,Low data,no outbreak declared here in the last 8 weeks | seasonal timing | 1 confirmed outbreaks in nearby sub-counties (last 4 weeks) | vaccination coverage about 51%,0 farmer symptom reports in the last 2 weeks | seasonal timing,0.0,0.0,10.0,-43.925233644859816,10.0,0.5100655257011045,7.8,4.9600275079517,,0.0,0
A03,129,2025-06-23,23.0,Low,Low data,seasonal timing | no outbreak declared here in the last 8 weeks | vaccination coverage about 50% | 1 confirmed outbreaks in nearby sub-counties (last 4 weeks),0 farmer symptom reports in the last 2 weeks | cattle arrivals +2% compared with recent weeks,0.0,0.0,22.0,2.3696682464454977,10.0,0.502414542815588,0.8,9.296353364149915,,0.0,0
A03,130,2025-06-30,44.0,Elevated,Low data,seasonal timing | no outbreak declared here in the last 8 weeks | vaccination coverage about 49% | 2 confirmed outbreaks in nearby sub-counties (last 4 weeks),0 farmer symptom reports in the last 2 weeks | cattle arrivals -5% compared with recent weeks,0.0,0.0,19.0,-5.41871921182266,0.0,0.4948783246733541,3.0,-31.4442413162705,,0.0,0
A03,131,2025-07-07,15.0,Low,Low data,seasonal timing | no outbreak declared here in the last 8 weeks | 2 confirmed outbreaks in nearby sub-counties (last 4 weeks) | vaccination coverage about 49%,"0 farmer symptom reports in the last 2 weeks | cooler, less evaporative conditions than normal",0.0,0.0,44.0,86.66666666666667,0.0,0.4874551498032538,6.9,-48.562783661119255,,0.0,0
A03,132,2025-07-14,77.0,High,Low data,3 confirmed outbreaks in nearby sub-counties (last 4 weeks) | 1 suspected cases reported by vets this week | no outbreak declared here in the last 8 weeks | seasonal timing,border area with cross-border movement | 28 cattle recorded arriving this week,1.0,1.0,28.0,15.283842794759824,0.0,0.480143322556205,6.6000000000000005,-42.135167464114666,,0.0,1
A03,133,2025-07-21,87.0,High,Low data,no outbreak declared here in the last 8 weeks | 3 confirmed outbreaks in nearby sub-counties (last 4 weeks) | 2 farmer symptom reports in the last 2 weeks | 1 suspected cases reported by vets this week,33 cattle recorded arriving this week | border area with cross-border movement,1.0,1.0,33.0,36.32286995515695,0.0,0.4729411727178619,1.5,-41.47919423614161,,0.0,1
A03,134,2025-07-28,100.0,High,Low data,9 farmer symptom reports in the last 2 weeks | no outbreak declared here in the last 8 weeks | symptom reports well above this area's normal level | 2 confirmed outbreaks in nearby sub-counties (last 4 weeks),27 cattle recorded arriving this week | border area with cross-border movement,8.0,1.0,27.0,30.612244897959183,0.0,0.4658470551270939,0.0,-35.38887926554635,Farmer symptom reports unusually high (8 this week),1.0,0
A03,135,2025-08-04,26.0,Low,Low data,13 farmer symptom reports in the last 2 weeks | 2 suspected cases reported by vets this week | 3 vet-reported suspected cases in the last 2 weeks | 31 weeks since last vaccination campaign,outbreak declared here in the last 8 weeks | 0 cattle arrived from other sub-counties,5.0,2.0,0.0,-82.0627802690583,0.0,0.4588593493001875,36.0,55.12820512820509,,0.0,0
A03,136,2025-08-11,32.0,Low,Low data,12 farmer symptom reports in the last 2 weeks | 5 suspected cases reported by vets this week | 5 cattle recorded arriving this week | cattle arrivals -64% compared with recent weeks,"outbreak declared here in the last 8 weeks | cooler, less evaporative conditions than normal",7.0,5.0,5.0,-64.12556053811659,0.0,0.4519764590606847,14.6,89.72520908004842,Vet-reported suspected cases unusually high (5 this week),0.0,0
A03,137,2025-08-18,12.0,Low,Low data,12 farmer symptom reports in the last 2 weeks | rainfall 132% above normal over the last 8 weeks | 1 confirmed outbreaks in nearby sub-counties (last 4 weeks) | 1 suspected cases reported by vets this week,"outbreak declared here in the last 8 weeks | cooler, less evaporative conditions than normal",5.0,1.0,24.0,6.422018348623854,0.0,0.4451968121747744,11.8,132.45050141424687,,0.0,0
A03,138,2025-08-25,42.0,Elevated,Low data,"8 farmer symptom reports in the last 2 weeks | 3 suspected cases reported by vets this week | hotter, drier air than normal (high evaporation) | 3 farmer symptom reports this week",outbreak declared here in the last 8 weeks | cattle arrivals +82% compared with recent weeks,3.0,3.0,45.0,81.81818181818183,0.0,0.4385188599921528,0.6,88.31585705114529,,0.0,0
A03,139,2025-09-01,19.0,Low,Low data,"4 farmer symptom reports in the last 2 weeks | cattle arrivals -84% compared with recent weeks | 1 confirmed outbreaks in nearby sub-counties (last 4 weeks) | hotter, drier air than normal (high evaporation)",outbreak declared here in the last 8 weeks | symptom reports at or below normal,1.0,1.0,0.0,-83.73983739837398,0.0,0.4319410770922705,0.0,45.653735632184585,,0.0,0
A03,140,2025-09-08,4.0,Low,Low data,1 vet-reported suspected cases in the last 2 weeks | cattle arrivals +161% compared with recent weeks | symptom reports at or below normal | seasonal timing,outbreak declared here in the last 8 weeks | rainfall 29% above normal over the last 8 weeks,0.0,0.0,61.0,161.3861386138614,0.0,0.4254619609358864,3.8,28.677074774035376,,0.0,0
A03,141,2025-09-15,3.0,Low,Low data,"hotter, drier air than normal (high evaporation) | seasonal timing | symptom reports at or below normal | cattle arrivals +50% compared with recent weeks",outbreak declared here in the last 8 weeks | 0 farmer symptom reports in the last 2 weeks,0.0,0.0,39.0,49.787234042553195,0.0,0.4190800315218481,0.3,24.7169200905862,,0.0,0
A03,142,2025-09-22,5.0,Low,Low data,seasonal timing | 1 farmer symptom reports this week,outbreak declared here in the last 8 weeks | 0 confirmed outbreaks in nearby sub-counties (last 4 weeks),1.0,0.0,0.0,-83.40248962655602,0.0,0.4127938310490203,1.0,12.877583465819525,,0.0,0
A03,143,2025-09-29,41.0,Elevated,Low data,seasonal timing | 2 farmer symptom reports in the last 2 weeks | no outbreak declared here in the last 8 weeks | 1 farmer symptom reports this week,0 confirmed outbreaks in nearby sub-counties (last 4 weeks) | border area with cross-border movement,1.0,0.0,29.0,27.102803738317753,0.0,0.406601923583285,13.6,-24.217687074829254,,0.0,0
A03,144,2025-10-06,19.0,Low,Low data,no outbreak declared here in the last 8 weeks | seasonal timing | symptom reports at or below normal | 20 cattle recorded arriving this week,cattle arrivals -18% compared with recent weeks | 0 confirmed outbreaks in nearby sub-counties (last 4 weeks),0.0,0.0,20.0,-17.695473251028808,0.0,0.4005028947295357,9.5,-32.01665994894468,,0.0,0
A03,145,2025-10-13,11.0,Low,Low data,"no outbreak declared here in the last 8 weeks | 1 confirmed outbreaks in nearby sub-counties (last 4 weeks) | seasonal timing | hotter, drier air than normal (high evaporation)",0 farmer symptom reports in the last 2 weeks | rainfall 54% below normal over the last 8 weeks,0.0,0.0,10.0,-53.48837209302325,0.0,0.3944953513085926,0.1,-54.40693858415351,,0.0,0
A03,146,2025-10-20,3.0,Low,Low data,no outbreak declared here in the last 8 weeks | 1 confirmed outbreaks in nearby sub-counties (last 4 weeks) | symptom reports at or below normal | 22 cattle recorded arriving this week,0 farmer symptom reports in the last 2 weeks | seasonal timing,0.0,0.0,22.0,-11.475409836065573,0.0,0.3885779210389637,25.9,-26.561427590939655,,0.0,0
A03,147,2025-10-27,9.0,Low,Low data,no outbreak declared here in the last 8 weeks | cattle arrivals +12% compared with recent weeks | 1 confirmed outbreaks in nearby sub-counties (last 4 weeks) | symptom reports at or below normal,0 farmer symptom reports in the last 2 weeks | seasonal timing,0.0,0.0,26.0,12.217194570135746,0.0,0.3827492522233793,20.4,-9.557408595252944,,0.0,0
A03,148,2025-11-03,16.0,Low,Low data,"no outbreak declared here in the last 8 weeks | 1 confirmed outbreaks in nearby sub-counties (last 4 weeks) | hotter, drier air than normal (high evaporation) | seasonal timing",seasonal timing | vaccination coverage about 38%,1.0,0.0,10.0,-51.417004048582996,0.0,0.3770080134400286,0.2,-21.465968586387337,,0.0,0
A03,149,2025-11-10,9.0,Low,Low data,no outbreak declared here in the last 8 weeks | 2 farmer symptom reports in the last 2 weeks | seasonal timing | 1 farmer symptom reports this week,"hotter, drier air than normal (high evaporation) | 0 confirmed outbreaks in nearby sub-counties (last 4 weeks)",1.0,0.0,9.0,-42.857142857142854,0.0,0.3713528932384282,1.0,-37.18766817867302,,0.0,0
A03,150,2025-11-17,4.0,Low,Low data,no outbreak declared here in the last 8 weeks | seasonal timing | 23 cattle recorded arriving this week | cattle arrivals +35% compared with recent weeks,"hotter, drier air than normal (high evaporation) | 0 confirmed outbreaks in nearby sub-counties (last 4 weeks)",0.0,0.0,23.0,34.93975903614458,0.0,0.3657825998398517,0.0,-50.756651208201134,,0.0,0
A03,151,2025-11-24,2.0,Low,Low data,no outbreak declared here in the last 8 weeks,"0 farmer symptom reports in the last 2 weeks | hotter, drier air than normal (high evaporation)",0.0,0.0,25.0,26.984126984126984,0.0,0.3602958608422539,0.1,-62.78039324286906,,0.0,0
A03,152,2025-12-01,15.0,Low,Low data,cattle arrivals +134% compared with recent weeks | no outbreak declared here in the last 8 weeks | rainfall 72% below normal over the last 8 weeks | 1 farmer symptom reports this week,"hotter, drier air than normal (high evaporation) | 0 confirmed outbreaks in nearby sub-counties (last 4 weeks)",1.0,0.0,49.0,133.51351351351352,0.0,0.3548914229296201,0.0,-71.55673863748402,Cattle arrivals unusually high (+134% on recent weeks),0.0,0
A03,153,2025-12-08,5.0,Low,Low data,no outbreak declared here in the last 8 weeks | 30 cattle arrived from other sub-counties | rainfall 67% below normal over the last 8 weeks | cattle arrivals +50% compared with recent weeks,"hotter, drier air than normal (high evaporation) | 0 confirmed outbreaks in nearby sub-counties (last 4 weeks)",0.0,0.0,35.0,49.532710280373834,0.0,0.3495680515856758,13.1,-66.53571259525727,,0.0,0
A04,104,2024-12-30,10.0,Low,Adequate,3 cattle recorded arriving this week | no outbreak declared here in the last 8 weeks | cattle arrivals -73% compared with recent weeks | rainfall 17% above normal over the last 8 weeks,0 farmer symptom reports in the last 2 weeks | seasonal timing,0.0,0.0,3.0,-72.76595744680851,0.0,0.67728997397248,1.3,16.824555846698782,,0.0,0
A04,105,2025-01-06,17.0,Low,Adequate,"no outbreak declared here in the last 8 weeks | hotter, drier air than normal (high evaporation) | 1 farmer symptom reports this week | rainfall 16% above normal over the last 8 weeks",seasonal timing | 0 confirmed outbreaks in nearby sub-counties (last 4 weeks),1.0,0.0,8.0,-52.293577981651374,0.0,0.6671306243628928,15.9,16.39296345122556,,0.0,0
A04,106,2025-01-13,3.0,Low,Adequate,no outbreak declared here in the last 8 weeks,"hotter, drier air than normal (high evaporation) | 2 weeks since last vaccination campaign",0.0,0.0,30.0,35.26570048309179,0.0,0.6571236649974495,0.9,0.8879353028553041,,0.0,0
A04,107,2025-01-20,4.0,Low,Adequate,"no outbreak declared here in the last 8 weeks | cattle arrivals +114% compared with recent weeks | vaccination coverage about 65% | cooler, less evaporative conditions than normal",0 farmer symptom reports in the last 2 weeks | 3 weeks since last vaccination campaign,0.0,0.0,47.0,114.43298969072164,0.0,0.6472668100224876,30.6,-23.91154262625077,,0.0,0
A04,108,2025-01-27,2.0,Low,Adequate,no outbreak declared here in the last 8 weeks | vaccination coverage about 64% | rainfall close to normal over the last 8 weeks,"0 farmer symptom reports in the last 2 weeks | cooler, less evaporative conditions than normal",0.0,0.0,8.0,-56.84647302904564,0.0,0.6375578078721503,80.4,-5.553780576184166,,0.0,0
A04,109,2025-02-03,4.0,Low,Adequate,"no outbreak declared here in the last 8 weeks | vaccination coverage about 63% | seasonal timing | hotter, drier air than normal (high evaporation)",0 farmer symptom reports in the last 2 weeks | 5 weeks since last vaccination campaign,0.0,0.0,29.0,23.076923076923077,0.0,0.6279944407540681,1.9,-0.8032927219429208,,0.0,0
A04,110,2025-02-10,5.0,Low,Adequate,no outbreak declared here in the last 8 weeks | vaccination coverage about 62% | rainfall close to normal over the last 8 weeks | cattle arrivals -49% compared with recent weeks,0 farmer symptom reports in the last 2 weeks | 6 weeks since last vaccination campaign,0.0,0.0,10.0,-48.717948717948715,0.0,0.618574524142757,0.1,-8.997618083733965,,0.0,0
A04,111,2025-02-17,8.0,Low,Adequate,no outbreak declared here in the last 8 weeks | 1 confirmed outbreaks in nearby sub-counties (last 4 weeks) | vaccination coverage about 61% | cattle arrivals -41% compared with recent weeks,0 farmer symptom reports in the last 2 weeks | 7 weeks since last vaccination campaign,0.0,0.0,9.0,-40.74074074074074,0.0,0.6092959062806157,0.0,-18.02548510786604,,0.0,0
A04,112,2025-02-24,13.0,Low,Adequate,no outbreak declared here in the last 8 weeks | vaccination coverage about 60% | 1 confirmed outbreaks in nearby sub-counties (last 4 weeks) | 85 cattle recorded arriving this week,0 farmer symptom reports in the last 2 weeks | 8 weeks since last vaccination campaign,0.0,0.0,85.0,291.30434782608694,0.0,0.6001564676864064,0.0,-19.036312040307894,Cattle arrivals unusually high (+291% on recent weeks),0.0,0
A04,113,2025-03-03,6.0,Low,Adequate,no outbreak declared here in the last 8 weeks | 1 confirmed outbreaks in nearby sub-counties (last 4 weeks) | vaccination coverage about 59% | cattle arrivals -85% compared with recent weeks,0 farmer symptom reports in the last 2 weeks | seasonal timing,0.0,0.0,0.0,-84.9624060150376,0.0,0.5911541206711103,20.9,-10.156977104920058,,0.0,0
A04,114,2025-03-10,6.0,Low,Adequate,"no outbreak declared here in the last 8 weeks | 1 confirmed outbreaks in nearby sub-counties (last 4 weeks) | vaccination coverage about 58% | cooler, less evaporative conditions than normal",0 farmer symptom reports in the last 2 weeks | seasonal timing,0.0,0.0,19.0,-25.581395348837212,0.0,0.5822868088610437,31.0,10.06229941476306,,0.0,0
A04,115,2025-03-17,3.0,Low,Adequate,no outbreak declared here in the last 8 weeks | vaccination coverage about 57% | 17 cattle recorded arriving this week,0 farmer symptom reports in the last 2 weeks | seasonal timing,0.0,0.0,17.0,-28.74493927125506,0.0,0.573552506728128,39.3,12.589685411173226,,0.0,0
A04,116,2025-03-24,8.0,Low,Adequate,"no outbreak declared here in the last 8 weeks | cooler, less evaporative conditions than normal | vaccination coverage about 56% | 1 farmer symptom reports this week",seasonal timing | cattle arrivals -8% compared with recent weeks,1.0,0.0,20.0,-7.834101382488479,0.0,0.5649492191272061,41.2,-26.84533157708081,,0.0,0
A04,117,2025-03-31,32.0,Low,Adequate,1 suspected cases reported by vets this week | no outbreak declared here in the last 8 weeks | 1 vet-reported suspected cases in the last 2 weeks | vaccination coverage about 56%,seasonal timing | cattle arrivals +85% compared with recent weeks,0.0,1.0,48.0,85.1528384279476,0.0,0.556474980840298,43.4,-14.55623477501496,,0.0,0
A04,118,2025-04-07,4.0,Low,Adequate,no outbreak declared here in the last 8 weeks | 1 vet-reported suspected cases in the last 2 weeks | vaccination coverage about 55% | rainfall close to normal over the last 8 weeks,0 farmer symptom reports in the last 2 weeks | seasonal timing,0.0,0.0,18.0,-25.806451612903224,0.0,0.5481278561276935,40.1,-5.988597111823339,,0.0,0
A04,119,2025-04-14,39.0,Low,Adequate,"1 suspected cases reported by vets this week | no outbreak declared here in the last 8 weeks | 1 vet-reported suspected cases in the last 2 weeks | hotter, drier air than normal (high evaporation)",seasonal timing | cattle arrivals +88% compared with recent weeks,1.0,1.0,55.0,87.5,0.0,0.5399059382857782,43.2,-2.9710824259034663,,0.0,0
A04,120,2025-04-21,8.0,Low,Adequate,"no outbreak declared here in the last 8 weeks | 1 vet-reported suspected cases in the last 2 weeks | vaccination coverage about 53% | hotter, drier air than normal (high evaporation)",seasonal timing | 0 confirmed outbreaks in nearby sub-counties (last 4 weeks),0.0,0.0,67.0,90.72847682119205,0.0,0.5318073492114914,40.1,-1.0084840723549038,,0.0,0
A04,121,2025-04-28,17.0,Low,Adequate,"hotter, drier air than normal (high evaporation) | no outbreak declared here in the last 8 weeks | 2 confirmed outbreaks in nearby sub-counties (last 4 weeks) | vaccination coverage about 52%",0 farmer symptom reports in the last 2 weeks | seasonal timing,0.0,0.0,14.0,-46.478873239436616,0.0,0.523830238973319,23.8,-6.77181348388448,,0.0,0
A04,122,2025-05-05,14.0,Low,Adequate,no outbreak declared here in the last 8 weeks | 2 confirmed outbreaks in nearby sub-counties (last 4 weeks) | 23 cattle recorded arriving this week | 23 cattle arrived from other sub-counties,0 farmer symptom reports in the last 2 weeks | seasonal timing,0.0,0.0,23.0,-24.832214765100673,0.0,0.5159727853887193,95.8,10.89860530806816,,0.0,0
A04,123,2025-05-12,14.0,Low,Adequate,2 confirmed outbreaks in nearby sub-counties (last 4 weeks) | no outbreak declared here in the last 8 weeks | vaccination coverage about 51% | seasonal timing,0 farmer symptom reports in the last 2 weeks | border area with cross-border movement,0.0,0.0,11.0,-57.615894039735096,0.0,0.5082331936078884,13.1,5.252100840336137,,0.0,0
A04,124,2025-05-19,41.0,Elevated,Adequate,no outbreak declared here in the last 8 weeks | 2 confirmed outbreaks in nearby sub-counties (last 4 weeks) | vaccination coverage about 50% | 1 farmer symptom reports this week,seasonal timing | 1 farmer symptom reports in the last 2 weeks,1.0,0.0,13.0,-51.35135135135135,0.0,0.5006096957037701,40.400000000000006,20.64685194124547,,0.0,0
A04,125,2025-05-26,47.0,Elevated,Adequate,cattle arrivals -34% compared with recent weeks | no outbreak declared here in the last 8 weeks | 19 cattle arrived from other sub-counties | 1 confirmed outbreaks in nearby sub-counties (last 4 weeks),rainfall 22% above normal over the last 8 weeks | border area with cross-border movement,0.0,0.0,19.0,-33.56401384083045,0.0,0.4931005502682135,7.0,21.60589604344466,,0.0,0
A04,126,2025-06-02,14.0,Low,Adequate,no outbreak declared here in the last 8 weeks | 1 confirmed outbreaks in nearby sub-counties (last 4 weeks) | vaccination coverage about 49% | 21 cattle recorded arriving this week,0 farmer symptom reports in the last 2 weeks | rainfall 18% above normal over the last 8 weeks,0.0,0.0,21.0,-20.0,0.0,0.4857040420141903,13.5,18.39716077913521,,0.0,0
A04,127,2025-06-09,11.0,Low,Adequate,no outbreak declared here in the last 8 weeks | 1 confirmed outbreaks in nearby sub-counties (last 4 weeks) | vaccination coverage about 48% | seasonal timing,0 farmer symptom reports in the last 2 weeks | seasonal timing,0.0,0.0,14.0,-42.20532319391635,0.0,0.4784184813839774,2.8,20.47898338220973,,0.0,0
A04,128,2025-06-16,29.0,Low,Adequate,"no outbreak declared here in the last 8 weeks | 2 confirmed outbreaks in nearby sub-counties (last 4 weeks) | seasonal timing | cooler, less evaporative conditions than normal",0 farmer symptom reports in the last 2 weeks | seasonal timing,0.0,0.0,0.0,-81.98198198198197,0.0,0.4712422041632178,26.2,36.2624487404811,,0.0,0
A04,129,2025-06-23,53.0,Elevated,Adequate,no outbreak declared here in the last 8 weeks | cattle arrivals +117% compared with recent weeks | 1 confirmed outbreaks in nearby sub-counties (last 4 weeks) | seasonal timing,border area with cross-border movement | 1 farmer symptom reports in the last 2 weeks,1.0,0.0,37.0,116.77419354838709,0.0,0.4641735711007695,6.4,56.91993583199737,,0.0,0
A04,130,2025-06-30,47.0,Elevated,Adequate,seasonal timing | no outbreak declared here in the last 8 weeks | 2 confirmed outbreaks in nearby sub-counties (last 4 weeks) | rainfall 17% above normal over the last 8 weeks,border area with cross-border movement | 52 cattle recorded arriving this week,0.0,0.0,52.0,156.17977528089887,8.0,0.457210967534258,17.6,17.114036587451285,,0.0,0
A04,131,2025-07-07,54.0,Elevated,Adequate,3 confirmed outbreaks in nearby sub-counties (last 4 weeks) | no outbreak declared here in the last 8 weeks | seasonal timing | high cattle density,"cattle arrivals -3% compared with recent weeks | cooler, less evaporative conditions than normal",1.0,0.0,20.0,-3.3816425120772946,8.0,0.4503528030212441,14.0,19.497400346620903,,0.0,0
A04,132,2025-07-14,50.0,Elevated,Adequate,4 confirmed outbreaks in nearby sub-counties (last 4 weeks) | no outbreak declared here in the last 8 weeks | 2 farmer symptom reports in the last 2 weeks | seasonal timing,cattle arrivals +85% compared with recent weeks | border area with cross-border movement,1.0,0.0,45.0,85.18518518518519,14.0,0.4435975109759255,18.2,10.823754789272243,,0.0,0
A04,133,2025-07-21,100.0,High,Adequate,3 farmer symptom reports in the last 2 weeks | no outbreak declared here in the last 8 weeks | cattle arrivals -84% compared with recent weeks | 4 confirmed outbreaks in nearby sub-counties (last 4 weeks),14 cattle arrived from areas with recent outbreaks | 0 cattle arrived from other sub-counties,2.0,1.0,0.0,-83.87096774193549,14.0,0.4369435483112865,2.8,-0.4197552915957852,,0.0,0
A04,134,2025-07-28,96.0,High,Adequate,11 farmer symptom reports in the last 2 weeks | symptom reports well above this area's normal level | no outbreak declared here in the last 8 weeks | 4 confirmed outbreaks in nearby sub-counties (last 4 weeks),"cattle arrivals +1% compared with recent weeks | hotter, drier air than normal (high evaporation)",9.0,3.0,24.0,1.3100436681222707,0.0,0.4303893950866173,0.2,-0.7679870654807668,Farmer symptom reports unusually high (9 this week),0.0,1
A04,135,2025-08-04,79.0,High,Adequate,23 farmer symptom reports in the last 2 weeks | no outbreak declared here in the last 8 weeks | 9 suspected cases reported by vets this week | symptom reports well above this area's normal level,12 vet-reported suspected cases in the last 2 weeks | 7 cattle arrived from areas with recent outbreaks,14.0,9.0,59.0,120.6896551724138,7.0,0.423933554160318,31.2,45.785352372178615,Farmer symptom reports unusually high (14 this week) | Vet-reported suspected cases unusually high (9 this week),0.0,1
A04,136,2025-08-11,45.0,Elevated,Adequate,25 farmer symptom reports in the last 2 weeks | no outbreak declared here in the last 8 weeks | 8 suspected cases reported by vets this week | 32 weeks since last vaccination campaign,17 vet-reported suspected cases in the last 2 weeks | symptom reports well above this area's normal level,11.0,8.0,36.0,18.4115523465704,7.0,0.4175745508479132,27.0,55.59355153883667,,1.0,0
A04,137,2025-08-18,10.0,Low,Adequate,25 farmer symptom reports in the last 2 weeks | cattle arrivals -74% compared with recent weeks | 5 cattle recorded arriving this week | 3 suspected cases reported by vets this week,outbreak declared here in the last 8 weeks | 11 vet-reported suspected cases in the last 2 weeks,14.0,3.0,5.0,-74.4408945686901,0.0,0.4113109325851945,18.2,67.06673067690721,,0.0,0
A04,138,2025-08-25,24.0,Low,Adequate,21 farmer symptom reports in the last 2 weeks | 3 suspected cases reported by vets this week | seasonal timing | 1 confirmed outbreaks in nearby sub-counties (last 4 weeks),outbreak declared here in the last 8 weeks | rainfall 33% above normal over the last 8 weeks,7.0,3.0,0.0,-85.76512455516014,0.0,0.4051412685964166,3.4,32.80917977050476,,0.0,0
A04,139,2025-09-01,13.0,Low,Adequate,"11 farmer symptom reports in the last 2 weeks | hotter, drier air than normal (high evaporation) | 4 farmer symptom reports this week | 3 vet-reported suspected cases in the last 2 weeks",outbreak declared here in the last 8 weeks | vaccination coverage about 40%,4.0,0.0,0.0,-82.53275109170306,0.0,0.3990641495674703,2.3,11.724681984024636,,0.0,0
A04,140,2025-09-08,11.0,Low,Adequate,6 farmer symptom reports in the last 2 weeks | 2 farmer symptom reports this week | cattle arrivals -81% compared with recent weeks | seasonal timing,outbreak declared here in the last 8 weeks | vaccination coverage about 39%,2.0,0.0,0.0,-80.86124401913875,0.0,0.3930781873239583,7.4,-11.706434662761762,,0.0,0
A04,141,2025-09-15,13.0,Low,Adequate,5 cattle recorded arriving this week | 2 farmer symptom reports in the last 2 weeks | symptom reports at or below normal | seasonal timing,outbreak declared here in the last 8 weeks | vaccination coverage about 39%,0.0,0.0,5.0,-51.21951219512195,0.0,0.3871820145140989,2.1,-10.717417996842885,,0.0,0
A04,142,2025-09-22,2.0,Low,Adequate,"symptom reports at or below normal | seasonal timing | hotter, drier air than normal (high evaporation)",outbreak declared here in the last 8 weeks | 0 farmer symptom reports in the last 2 weeks,0.0,0.0,36.0,94.0828402366864,0.0,0.3813742842963874,19.5,-13.320449502541065,,0.0,0
A04,143,2025-09-29,4.0,Low,Adequate,seasonal timing | symptom reports at or below normal | 1 farmer symptom reports this week | 17 cattle recorded arriving this week,outbreak declared here in the last 8 weeks | cattle arrivals -3% compared with recent weeks,1.0,0.0,17.0,-2.7624309392265194,0.0,0.3756536700319416,58.6,2.633215840762972,,0.0,0
A04,144,2025-10-06,6.0,Low,Adequate,"symptom reports at or below normal | seasonal timing | cattle arrivals +119% compared with recent weeks | hotter, drier air than normal (high evaporation)",outbreak declared here in the last 8 weeks | vaccination coverage about 37%,0.0,0.0,33.0,118.70503597122301,0.0,0.3700188649814624,4.7,-10.957454314541874,,0.0,0
A04,145,2025-10-13,42.0,Elevated,Adequate,no outbreak declared here in the last 8 weeks | seasonal timing | 2 cattle recorded arriving this week | symptom reports at or below normal,0 farmer symptom reports in the last 2 weeks | rainfall 25% below normal over the last 8 weeks,0.0,0.0,2.0,-58.82352941176471,0.0,0.3644685820067405,7.300000000000001,-25.159028949759687,,0.0,0
A04,146,2025-10-20,15.0,Low,Adequate,no outbreak declared here in the last 8 weeks | 1 confirmed outbreaks in nearby sub-counties (last 4 weeks) | symptom reports at or below normal | 1 farmer symptom reports this week,seasonal timing | cattle arrivals -10% compared with recent weeks,1.0,0.0,10.0,-9.774436090225564,0.0,0.3590015532766394,38.1,-0.6490925950454142,,0.0,0
A04,147,2025-10-27,10.0,Low,Adequate,no outbreak declared here in the last 8 weeks | symptom reports at or below normal | 1 confirmed outbreaks in nearby sub-counties (last 4 weeks) | seasonal timing,seasonal timing | cattle arrivals +101% compared with recent weeks,0.0,0.0,31.0,101.3986013986014,9.0,0.3536165299774898,64.10000000000001,28.57403023128774,,0.0,0
A04,148,2025-11-03,7.0,Low,Adequate,"no outbreak declared here in the last 8 weeks | 1 confirmed outbreaks in nearby sub-counties (last 4 weeks) | seasonal timing | hotter, drier air than normal (high evaporation)",0 farmer symptom reports in the last 2 weeks | seasonal timing,0.0,0.0,13.0,-17.24137931034483,9.0,0.3483122820278275,2.4,21.92677318554338,,0.0,0
A04,149,2025-11-10,5.0,Low,Adequate,no outbreak declared here in the last 8 weeks | seasonal timing | cattle arrivals -79% compared with recent weeks,"0 farmer symptom reports in the last 2 weeks | hotter, drier air than normal (high evaporation)",0.0,0.0,0.0,-78.6096256684492,0.0,0.34308759779741,4.9,4.674390731122721,,0.0,0
A04,150,2025-11-17,3.0,Low,Adequate,no outbreak declared here in the last 8 weeks | cattle arrivals +164% compared with recent weeks | 0 cattle arrived from other sub-counties | seasonal timing,"0 farmer symptom reports in the last 2 weeks | hotter, drier air than normal (high evaporation)",0.0,0.0,55.0,163.73626373626374,0.0,0.3379412838304489,0.2,-12.02034211742951,Cattle arrivals unusually high (+164% on recent weeks),0.0,0
A04,151,2025-11-24,7.0,Low,Adequate,2 cattle recorded arriving this week | no outbreak declared here in the last 8 weeks | cattle arrivals -72% compared with recent weeks | seasonal timing,"0 farmer symptom reports in the last 2 weeks | hotter, drier air than normal (high evaporation)",0.0,0.0,2.0,-72.13930348258707,0.0,0.3328721645729922,0.9,-44.02228976697057,,0.0,0
A04,152,2025-12-01,2.0,Low,Adequate,no outbreak declared here in the last 8 weeks,"0 farmer symptom reports in the last 2 weeks | hotter, drier air than normal (high evaporation)",0.0,0.0,29.0,46.236559139784944,0.0,0.3278790821043973,0.0,-51.77042874919858,,0.0,0
A04,153,2025-12-08,7.0,Low,Adequate,no outbreak declared here in the last 8 weeks | seasonal timing | 1 farmer symptom reports this week | 23 cattle recorded arriving this week,0 confirmed outbreaks in nearby sub-counties (last 4 weeks) | vaccination coverage about 32%,1.0,0.0,23.0,23.076923076923077,0.0,0.3229608958728313,16.2,-51.33577603073534,,0.0,0
A06,104,2024-12-30,11.0,Low,Adequate,no outbreak declared here in the last 8 weeks | symptom reports at or below normal | vaccination coverage about 45% | 1 confirmed outbreaks in nearby sub-counties (last 4 weeks),0 farmer symptom reports in the last 2 weeks | seasonal timing,0.0,0.0,28.0,-27.27272727272727,0.0,0.4507717004766764,1.6,-15.5809169278997,,0.0,0
A06,105,2025-01-06,8.0,Low,Adequate,"no outbreak declared here in the last 8 weeks | 1 confirmed outbreaks in nearby sub-counties (last 4 weeks) | 84 cattle recorded arriving this week | hotter, drier air than normal (high evaporation)",0 farmer symptom reports in the last 2 weeks | seasonal timing,0.0,0.0,84.0,103.42857142857143,22.0,0.4440101249695262,1.8,-25.06283134340767,,0.0,0
A06,106,2025-01-13,10.0,Low,Adequate,no outbreak declared here in the last 8 weeks | 1 confirmed outbreaks in nearby sub-counties (last 4 weeks) | major livestock market in the area | vaccination coverage about 44%,"0 farmer symptom reports in the last 2 weeks | hotter, drier air than normal (high evaporation)",0.0,0.0,19.0,-48.8,22.0,0.4373499730949833,0.5,-46.884243599360346,,0.0,0
A06,107,2025-01-20,25.0,Low,Adequate,"hotter, drier air than normal (high evaporation) | no outbreak declared here in the last 8 weeks | 1 confirmed outbreaks in nearby sub-counties (last 4 weeks) | major livestock market in the area",0 farmer symptom reports in the last 2 weeks | seasonal timing,0.0,0.0,65.0,64.70588235294117,0.0,0.4307897234985586,13.3,-45.14195610339191,,0.0,0
A06,108,2025-01-27,3.0,Low,Adequate,no outbreak declared here in the last 8 weeks | not a border area | major livestock market in the area | moderate cattle density,"cooler, less evaporative conditions than normal | 0 farmer symptom reports in the last 2 weeks",0.0,0.0,28.0,-23.25581395348837,0.0,0.4243278776460802,51.1,1.282609931227726,,0.0,0
A06,109,2025-02-03,23.0,Low,Adequate,"no outbreak declared here in the last 8 weeks | hotter, drier air than normal (high evaporation) | 1 farmer symptom reports this week | major livestock market in the area",0 confirmed outbreaks in nearby sub-counties (last 4 weeks) | 1 farmer symptom reports in the last 2 weeks,1.0,0.0,0.0,-89.24731182795699,0.0,0.417962959481389,0.5,2.388280671679479,,0.0,0
A06,110,2025-02-10,33.0,Low,Adequate,"no outbreak declared here in the last 8 weeks | hotter, drier air than normal (high evaporation) | 23 cattle arrived from other sub-counties | major livestock market in the area",cattle arrivals +10% compared with recent weeks | 0 confirmed outbreaks in nearby sub-counties (last 4 weeks),0.0,0.0,37.0,9.803921568627452,0.0,0.4116935150891682,3.3,-19.10012799054867,,0.0,0
A06,111,2025-02-17,5.0,Low,Adequate,no outbreak declared here in the last 8 weeks | major livestock market in the area | moderate cattle density | not a border area,"0 farmer symptom reports in the last 2 weeks | hotter, drier air than normal (high evaporation)",0.0,0.0,25.0,-24.050632911392405,0.0,0.4055181123628306,0.2,-32.46101942190233,,0.0,0
A06,112,2025-02-24,8.0,Low,Adequate,no outbreak declared here in the last 8 weeks | major livestock market in the area | 1 farmer symptom reports this week | seasonal timing,"hotter, drier air than normal (high evaporation) | 0 confirmed outbreaks in nearby sub-counties (last 4 weeks)",1.0,0.0,61.0,61.963190184049076,0.0,0.3994353406773882,0.0,-35.12340220274962,,0.0,0
A06,113,2025-03-03,16.0,Low,Adequate,"no outbreak declared here in the last 8 weeks | cattle arrivals +20% compared with recent weeks | major livestock market in the area | hotter, drier air than normal (high evaporation)",seasonal timing | seasonal timing,0.0,0.0,49.0,20.334261838440113,10.0,0.3934438105672273,14.8,-27.047648707567905,,0.0,0
A06,114,2025-03-10,8.0,Low,Adequate,"no outbreak declared here in the last 8 weeks | hotter, drier air than normal (high evaporation) | 29 cattle arrived from other sub-counties | major livestock market in the area",seasonal timing | seasonal timing,1.0,0.0,29.0,-16.049382716049383,10.0,0.3875421534087189,15.1,-21.697635745788613,,0.0,0
A06,115,2025-03-17,12.0,Low,Adequate,"no outbreak declared here in the last 8 weeks | 3 cattle recorded arriving this week | cooler, less evaporative conditions than normal | major livestock market in the area",seasonal timing | 1 farmer symptom reports in the last 2 weeks,0.0,0.0,3.0,-80.83832335329342,0.0,0.3817290211075881,26.5,-14.880201765447833,,0.0,0
A06,116,2025-03-24,6.0,Low,Adequate,no outbreak declared here in the last 8 weeks | major livestock market in the area | cattle arrivals +124% compared with recent weeks | not a border area,0 farmer symptom reports in the last 2 weeks | seasonal timing,0.0,0.0,71.0,123.52941176470588,19.0,0.3760030857909743,23.3,-37.295054540587714,,0.0,0
A06,117,2025-03-31,16.0,Low,Adequate,"no outbreak declared here in the last 8 weeks | cooler, less evaporative conditions than normal | 22 cattle arrived from other sub-counties | seasonal timing",cattle arrivals +2% compared with recent weeks | 1 farmer symptom reports in the last 2 weeks,1.0,0.0,35.0,1.5873015873015872,19.0,0.3703630395041097,35.1,-22.04872714016671,,0.0,0
A06,118,2025-04-07,27.0,Low,Adequate,"no outbreak declared here in the last 8 weeks | 2 farmer symptom reports in the last 2 weeks | hotter, drier air than normal (high evaporation) | 1 farmer symptom reports this week",seasonal timing | 0 confirmed outbreaks in nearby sub-counties (last 4 weeks),1.0,0.0,112.0,167.42857142857144,0.0,0.364807593911548,27.9,-15.706488781079564,Cattle arrivals unusually high (+167% on recent weeks),0.0,0
A06,119,2025-04-14,22.0,Low,Adequate,no outbreak declared here in the last 8 weeks | 2 farmer symptom reports in the last 2 weeks | 17 cattle arrived from other sub-counties | 1 farmer symptom reports this week,seasonal timing | 0 confirmed outbreaks in nearby sub-counties (last 4 weeks),1.0,0.0,17.0,-58.58823529411765,0.0,0.3593354800028748,31.6,-2.8363559679461905,,0.0,0
A06,120,2025-04-21,24.0,Low,Adequate,"no outbreak declared here in the last 8 weeks | hotter, drier air than normal (high evaporation) | major livestock market in the area | cattle arrivals +32% compared with recent weeks",0 confirmed outbreaks in nearby sub-counties (last 4 weeks) | seasonal timing,0.0,0.0,64.0,32.37410071942446,0.0,0.3539454478028316,19.1,-4.480135249366215,,0.0,0
A06,121,2025-04-28,12.0,Low,Adequate,no outbreak declared here in the last 8 weeks | 23 cattle arrived from other sub-counties | 23 cattle recorded arriving this week | major livestock market in the area,"0 farmer symptom reports in the last 2 weeks | hotter, drier air than normal (high evaporation)",0.0,0.0,23.0,-46.666666666666664,0.0,0.3486362660857892,3.9,-14.353087738031777,,0.0,0
A06,122,2025-05-05,13.0,Low,Adequate,"no outbreak declared here in the last 8 weeks | major livestock market in the area | 32 weeks since last vaccination campaign | hotter, drier air than normal (high evaporation)",0 farmer symptom reports in the last 2 weeks | 0 confirmed outbreaks in nearby sub-counties (last 4 weeks),0.0,0.0,0.0,-89.84771573604061,0.0,0.3434067220945023,29.6,-6.436449105044402,,0.0,0
A06,123,2025-05-12,16.0,Low,Adequate,"no outbreak declared here in the last 8 weeks | hotter, drier air than normal (high evaporation) | 1 farmer symptom reports this week | major livestock market in the area",cattle arrivals +3% compared with recent weeks | 0 confirmed outbreaks in nearby sub-counties (last 4 weeks),1.0,0.0,42.0,3.0136986301369864,0.0,0.3382556212630848,20.1,-7.211249363985554,,0.0,0
A06,124,2025-05-19,44.0,Elevated,Adequate,"2 farmer symptom reports in the last 2 weeks | no outbreak declared here in the last 8 weeks | hotter, drier air than normal (high evaporation) | cattle arrivals -37% compared with recent weeks",0 confirmed outbreaks in nearby sub-counties (last 4 weeks) | 34 weeks since last vaccination campaign,1.0,0.0,27.0,-36.633663366336634,0.0,0.3331817869441385,7.1000000000000005,-5.031673275995374,,0.0,0
A06,125,2025-05-26,45.0,Elevated,Adequate,22 cattle arrived from other sub-counties | no outbreak declared here in the last 8 weeks | seasonal timing | major livestock market in the area,0 confirmed outbreaks in nearby sub-counties (last 4 weeks) | vaccination coverage about 33%,0.0,0.0,22.0,-40.0,19.0,0.3281840601399764,4.3,-9.090909090909175,,0.0,0
A06,126,2025-06-02,7.0,Low,Adequate,no outbreak declared here in the last 8 weeks | major livestock market in the area | seasonal timing | moderate cattle density,0 farmer symptom reports in the last 2 weeks | 0 confirmed outbreaks in nearby sub-counties (last 4 weeks),0.0,0.0,16.0,-51.5850144092219,19.0,0.3232612992378768,5.3,-14.036354091475916,,0.0,0
A06,127,2025-06-09,13.0,Low,Adequate,no outbreak declared here in the last 8 weeks | cattle arrivals -84% compared with recent weeks | major livestock market in the area | seasonal timing,0 farmer symptom reports in the last 2 weeks | 0 confirmed outbreaks in nearby sub-counties (last 4 weeks),0.0,0.0,0.0,-84.06374501992032,0.0,0.3184123797493086,2.1,-21.530730575956863,,0.0,0
A06,128,2025-06-16,45.0,Elevated,Adequate,"no outbreak declared here in the last 8 weeks | 2 farmer symptom reports in the last 2 weeks | hotter, drier air than normal (high evaporation) | 2 confirmed outbreaks in nearby sub-counties (last 4 weeks)",symptom reports well above this area's normal level | cattle arrivals +95% compared with recent weeks,2.0,0.0,52.0,94.87179487179486,15.0,0.313636194053069,10.3,-3.828197945845075,,0.0,0
A06,129,2025-06-23,70.0,High,Adequate,"3 farmer symptom reports in the last 2 weeks | no outbreak declared here in the last 8 weeks | 3 confirmed outbreaks in nearby sub-counties (last 4 weeks) | hotter, drier air than normal (high evaporation)",rainfall 26% above normal over the last 8 weeks | cattle arrivals +98% compared with recent weeks,1.0,0.0,50.0,98.1981981981982,36.0,0.308931651142273,2.1,26.127376162064348,,0.0,1
A06,130,2025-06-30,38.0,Low,Adequate,seasonal timing | no outbreak declared here in the last 8 weeks | 4 confirmed outbreaks in nearby sub-counties (last 4 weeks) | cattle arrivals -36% compared with recent weeks,8 cattle arrived from other sub-counties | rainfall 19% above normal over the last 8 weeks,0.0,0.0,15.0,-35.7429718875502,29.0,0.3042976763751389,1.3,18.67298578199,,0.0,1
A06,131,2025-07-07,72.0,High,Adequate,3 farmer symptom reports in the last 2 weeks | no outbreak declared here in the last 8 weeks | 4 confirmed outbreaks in nearby sub-counties (last 4 weeks) | 3 farmer symptom reports this week,"cattle arrivals +112% compared with recent weeks | cooler, less evaporative conditions than normal",3.0,0.0,65.0,112.12121212121211,28.0,0.2997332112295118,1.2,-6.021505376344507,,1.0,0
A06,132,2025-07-14,35.0,Low,Adequate,"6 farmer symptom reports in the last 2 weeks | hotter, drier air than normal (high evaporation) | 4 confirmed outbreaks in nearby sub-counties (last 4 weeks) | 3 farmer symptom reports this week",outbreak declared here in the last 8 weeks | vaccination coverage about 30%,3.0,0.0,16.0,-41.46341463414634,29.0,0.2952372130610691,1.7000000000000002,-9.88235294117663,,0.0,0
A06,133,2025-07-21,5.0,Low,Adequate,5 farmer symptom reports in the last 2 weeks | 3 confirmed outbreaks in nearby sub-counties (last 4 weeks) | vaccination coverage about 64% | 19 cattle arrived from other sub-counties,outbreak declared here in the last 8 weeks | 0 weeks since last vaccination campaign,2.0,1.0,43.0,39.130434782608695,23.0,0.6431402232914574,0.0,-9.21228304405891,,0.0,0
A06,134,2025-07-28,22.0,Low,Adequate,9 farmer symptom reports in the last 2 weeks | symptom reports well above this area's normal level | 19 cattle arrived from other sub-counties | 2 confirmed outbreaks in nearby sub-counties (last 4 weeks),outbreak declared here in the last 8 weeks | 1 weeks since last vaccination campaign,7.0,0.0,34.0,5.05050505050505,33.0,0.6334931199420855,0.2,-3.2474054235019443,Farmer symptom reports unusually high (7 this week),0.0,0
A06,135,2025-08-04,27.0,Low,Adequate,10 farmer symptom reports in the last 2 weeks | 2 suspected cases reported by vets this week | 2 vet-reported suspected cases in the last 2 weeks | 3 farmer symptom reports this week,outbreak declared here in the last 8 weeks | 2 weeks since last vaccination campaign,3.0,2.0,43.0,21.904761904761905,19.0,0.6239907231429541,3.0,10.32950758978143,,0.0,0
A06,136,2025-08-11,18.0,Low,Adequate,"5 farmer symptom reports in the last 2 weeks | vaccination coverage about 61% | 35 cattle arrived from other sub-counties | cooler, less evaporative conditions than normal",outbreak declared here in the last 8 weeks | 3 weeks since last vaccination campaign,2.0,1.0,49.0,20.670391061452513,14.0,0.6146308622958098,3.3,-14.02714932126708,,0.0,0
A06,137,2025-08-18,26.0,Low,Adequate,6 farmer symptom reports in the last 2 weeks | cattle arrivals -77% compared with recent weeks | 5 cattle recorded arriving this week | vaccination coverage about 61%,"outbreak declared here in the last 8 weeks | cooler, less evaporative conditions than normal",4.0,0.0,5.0,-77.46478873239437,14.0,0.6054113993613726,9.9,13.627924248051698,,0.0,0
A06,138,2025-08-25,8.0,Low,Adequate,6 farmer symptom reports in the last 2 weeks | 37 cattle arrived from other sub-counties | 1 confirmed outbreaks in nearby sub-counties (last 4 weeks) | 1 vet-reported suspected cases in the last 2 weeks,"outbreak declared here in the last 8 weeks | hotter, drier air than normal (high evaporation)",2.0,1.0,60.0,67.74193548387096,23.0,0.596330228370952,2.3000000000000003,7.04607046070596,,0.0,0
A06,139,2025-09-01,4.0,Low,Adequate,4 farmer symptom reports in the last 2 weeks | 1 confirmed outbreaks in nearby sub-counties (last 4 weeks) | vaccination coverage about 59% | 1 vet-reported suspected cases in the last 2 weeks,"outbreak declared here in the last 8 weeks | hotter, drier air than normal (high evaporation)",2.0,0.0,58.0,41.971830985915496,23.0,0.5873852749453876,0.3,-11.933448078025434,,0.0,0
A06,140,2025-09-08,61.0,Elevated,Adequate,3 farmer symptom reports in the last 2 weeks | no outbreak declared here in the last 8 weeks | 1 confirmed outbreaks in nearby sub-counties (last 4 weeks) | 87 cattle recorded arriving this week,7 weeks since last vaccination campaign | cattle arrivals +111% compared with recent weeks,1.0,0.0,87.0,111.49425287356323,15.0,0.5785744958212068,1.6,-14.261697954608971,,0.0,1
A06,141,2025-09-15,37.0,Low,Adequate,no outbreak declared here in the last 8 weeks | 3 confirmed outbreaks in nearby sub-counties (last 4 weeks) | symptom reports at or below normal | 34 cattle arrived from other sub-counties,1 farmer symptom reports in the last 2 weeks | 8 weeks since last vaccination campaign,0.0,0.0,36.0,-21.71837708830549,15.0,0.5698958783838887,1.9,-9.997230684020796,,0.0,1
A06,142,2025-09-22,37.0,Low,Adequate,symptom reports at or below normal | 3 confirmed outbreaks in nearby sub-counties (last 4 weeks) | no outbreak declared here in the last 8 weeks | seasonal timing,0 farmer symptom reports in the last 2 weeks | 9 weeks since last vaccination campaign,0.0,0.0,38.0,-16.50485436893204,10.0,0.5613474402081303,1.2,-7.25359911406395,,1.0,0
A06,143,2025-09-29,39.0,Low,Adequate,seasonal timing | symptom reports at or below normal | 3 confirmed outbreaks in nearby sub-counties (last 4 weeks) | 19 cattle arrived from other sub-counties,outbreak declared here in the last 8 weeks | 0 farmer symptom reports in the last 2 weeks,0.0,0.0,19.0,-53.84615384615385,10.0,0.5529272286050083,3.2,-12.51298026998894,,0.0,0
A06,144,2025-10-06,9.0,Low,Adequate,"seasonal timing | 2 confirmed outbreaks in nearby sub-counties (last 4 weeks) | vaccination coverage about 54% | hotter, drier air than normal (high evaporation)",outbreak declared here in the last 8 weeks | cattle arrivals -20% compared with recent weeks,1.0,0.0,34.0,-20.408163265306122,0.0,0.5446333201759331,4.1,-9.87460815046962,,0.0,0
A06,145,2025-10-13,21.0,Low,Adequate,seasonal timing | vaccination coverage about 54% | 22 cattle arrived from other sub-counties | 1 confirmed outbreaks in nearby sub-counties (last 4 weeks),outbreak declared here in the last 8 weeks | rainfall 41% below normal over the last 8 weeks,0.0,0.0,22.0,-42.70557029177719,8.0,0.5364638203732941,1.7000000000000002,-41.33392817309838,,0.0,0
A06,146,2025-10-20,18.0,Low,Adequate,1 suspected cases reported by vets this week | vaccination coverage about 53% | 1 confirmed outbreaks in nearby sub-counties (last 4 weeks) | 1 farmer symptom reports in the last 2 weeks,outbreak declared here in the last 8 weeks | seasonal timing,1.0,1.0,12.0,-65.48223350253807,20.0,0.5284168630676946,9.9,-30.999389375126864,,0.0,0
A06,147,2025-10-27,4.0,Low,Adequate,1 confirmed outbreaks in nearby sub-counties (last 4 weeks) | symptom reports at or below normal | vaccination coverage about 52% | 1 vet-reported suspected cases in the last 2 weeks,"outbreak declared here in the last 8 weeks | cooler, less evaporative conditions than normal",0.0,0.0,42.0,8.670520231213873,12.0,0.5204906101216792,44.0,52.75590551181143,,0.0,0
A06,148,2025-11-03,5.0,Low,Adequate,2 confirmed outbreaks in nearby sub-counties (last 4 weeks) | vaccination coverage about 51% | 37 cattle arrived from areas with recent outbreaks | 1 farmer symptom reports this week,outbreak declared here in the last 8 weeks | 15 weeks since last vaccination campaign,1.0,0.0,60.0,57.57575757575758,37.0,0.512683250969854,6.2,23.83247966254959,,0.0,0
A06,149,2025-11-10,5.0,Low,Adequate,1 confirmed outbreaks in nearby sub-counties (last 4 weeks) | 2 farmer symptom reports in the last 2 weeks | vaccination coverage about 50% | 20 cattle arrived from other sub-counties,"outbreak declared here in the last 8 weeks | hotter, drier air than normal (high evaporation)",1.0,0.0,50.0,45.21452145214521,37.0,0.5049930022053062,9.6,9.181442798154212,,0.0,0
A06,150,2025-11-17,7.0,Low,Adequate,3 farmer symptom reports in the last 2 weeks | seasonal timing | 1 vet-reported suspected cases in the last 2 weeks | vaccination coverage about 50%,"outbreak declared here in the last 8 weeks | hotter, drier air than normal (high evaporation)",2.0,1.0,31.0,-9.14826498422713,0.0,0.4974181071722265,2.2,-17.878760502303688,,0.0,1
A06,151,2025-11-24,74.0,High,Adequate,2 farmer symptom reports in the last 2 weeks | no outbreak declared here in the last 8 weeks | 1 confirmed outbreaks in nearby sub-counties (last 4 weeks) | 1 vet-reported suspected cases in the last 2 weeks,"hotter, drier air than normal (high evaporation) | cattle arrivals -25% compared with recent weeks",0.0,0.0,24.0,-25.161290322580644,0.0,0.4899568355646431,9.0,-31.12535612535613,,0.0,1
A06,152,2025-12-01,12.0,Low,Adequate,no outbreak declared here in the last 8 weeks | 1 vet-reported suspected cases in the last 2 weeks | vaccination coverage about 48% | 1 suspected cases reported by vets this week,"0 farmer symptom reports in the last 2 weeks | hotter, drier air than normal (high evaporation)",0.0,1.0,24.0,-26.34920634920635,0.0,0.4826074830311735,2.3,-44.68085106382979,,1.0,0
A06,153,2025-12-08,3.0,Low,Adequate,1 vet-reported suspected cases in the last 2 weeks | vaccination coverage about 48% | 34 cattle arrived from other sub-counties | moderate cattle density,outbreak declared here in the last 8 weeks | 0 farmer symptom reports in the last 2 weeks,0.0,0.0,51.0,46.885245901639344,0.0,0.4753683707857059,7.4,-44.94006896174259,,0.0,0
A07,104,2024-12-30,41.0,Elevated,Adequate,"no outbreak declared here in the last 8 weeks | 1 confirmed outbreaks in nearby sub-counties (last 4 weeks) | vaccination coverage about 53% | hotter, drier air than normal (high evaporation)",seasonal timing | 1 farmer symptom reports in the last 2 weeks,0.0,0.0,73.0,41.49659863945578,0.0,0.5287391705754182,0.5,-4.887046340863639,,0.0,0
A07,105,2025-01-06,35.0,Low,Adequate,"hotter, drier air than normal (high evaporation) | no outbreak declared here in the last 8 weeks | 28 cattle arrived from other sub-counties | vaccination coverage about 52%",0 farmer symptom reports in the last 2 weeks | seasonal timing,0.0,0.0,28.0,-39.863325740318906,0.0,0.5208080830167869,2.9,-10.161545627361988,,0.0,0
A07,106,2025-01-13,22.0,Low,Adequate,no outbreak declared here in the last 8 weeks | cattle arrivals -31% compared with recent weeks | 1 confirmed outbreaks in nearby sub-counties (last 4 weeks) | vaccination coverage about 51%,0 farmer symptom reports in the last 2 weeks | 16 weeks since last vaccination campaign,0.0,0.0,30.0,-31.372549019607842,0.0,0.5129959617715352,1.9,-23.17082043281069,,0.0,0
A07,107,2025-01-20,35.0,Low,Adequate,"vaccination coverage about 51% | no outbreak declared here in the last 8 weeks | hotter, drier air than normal (high evaporation) | 1 confirmed outbreaks in nearby sub-counties (last 4 weeks)",0 farmer symptom reports in the last 2 weeks | cattle arrivals -10% compared with recent weeks,0.0,0.0,37.0,-9.919571045576408,0.0,0.5053010223449621,22.9,-23.297870330126933,,0.0,0
A07,108,2025-01-27,4.0,Low,Adequate,no outbreak declared here in the last 8 weeks | vaccination coverage about 50% | moderate cattle density | not a border area,"0 farmer symptom reports in the last 2 weeks | cooler, less evaporative conditions than normal",0.0,0.0,34.0,-15.902964959568733,0.0,0.4977215070097877,61.9,30.36370661726101,,0.0,0
A07,109,2025-02-03,9.0,Low,Adequate,no outbreak declared here in the last 8 weeks | vaccination coverage about 49% | major livestock market in the area | seasonal timing,0 farmer symptom reports in the last 2 weeks | cattle arrivals -10% compared with recent weeks,0.0,0.0,34.0,-9.565217391304348,0.0,0.4902556844046408,1.7,23.361041254727585,,0.0,0
A07,110,2025-02-10,17.0,Low,Adequate,no outbreak declared here in the last 8 weeks | vaccination coverage about 48% | 85 cattle recorded arriving this week | 40 cattle arrived from other sub-counties,0 farmer symptom reports in the last 2 weeks | 0 confirmed outbreaks in nearby sub-counties (last 4 weeks),0.0,0.0,85.0,106.30372492836678,0.0,0.4829018491385712,2.3000000000000003,-3.1085188376430377,Cattle arrivals unusually high (+106% on recent weeks),0.0,0
A07,111,2025-02-17,10.0,Low,Adequate,no outbreak declared here in the last 8 weeks | vaccination coverage about 48% | moderate cattle density | major livestock market in the area,"0 farmer symptom reports in the last 2 weeks | hotter, drier air than normal (high evaporation)",0.0,0.0,18.0,-51.70603674540683,0.0,0.4756583214014926,0.0,-11.635715430975008,,0.0,0
A07,112,2025-02-24,5.0,Low,Adequate,no outbreak declared here in the last 8 weeks | vaccination coverage about 47% | 23 cattle arrived from other sub-counties | major livestock market in the area,"0 farmer symptom reports in the last 2 weeks | hotter, drier air than normal (high evaporation)",0.0,0.0,40.0,-5.013192612137203,0.0,0.4685234465804702,0.1,-15.546868637511109,,0.0,0
A07,113,2025-03-03,5.0,Low,Adequate,no outbreak declared here in the last 8 weeks | vaccination coverage about 46% | major livestock market in the area | not a border area,0 farmer symptom reports in the last 2 weeks | seasonal timing,0.0,0.0,29.0,-21.38728323699422,0.0,0.4614955948817631,21.1,-5.599008750871224,,0.0,0
A07,114,2025-03-10,10.0,Low,Adequate,"hotter, drier air than normal (high evaporation) | no outbreak declared here in the last 8 weeks | vaccination coverage about 45% | cattle arrivals -75% compared with recent weeks",0 farmer symptom reports in the last 2 weeks | seasonal timing,0.0,0.0,6.0,-74.63976945244957,0.0,0.4545731609585367,26.3,6.423219611551557,,0.0,0
A07,115,2025-03-17,6.0,Low,Adequate,no outbreak declared here in the last 8 weeks | cattle arrivals +36% compared with recent weeks | vaccination coverage about 45% | major livestock market in the area,"0 farmer symptom reports in the last 2 weeks | cooler, less evaporative conditions than normal",0.0,0.0,50.0,36.22291021671827,0.0,0.4477545635441586,31.7,9.202281208195409,,0.0,0
A07,116,2025-03-24,15.0,Low,Adequate,no outbreak declared here in the last 8 weeks | vaccination coverage about 44% | 1 farmer symptom reports this week | major livestock market in the area,cattle arrivals +98% compared with recent weeks | seasonal timing,1.0,0.0,78.0,97.61904761904762,0.0,0.4410382450909962,50.1,-8.481287520756295,,0.0,0
A07,117,2025-03-31,34.0,Low,Adequate,no outbreak declared here in the last 8 weeks | cattle arrivals -35% compared with recent weeks | 2 farmer symptom reports in the last 2 weeks | 26 cattle arrived from other sub-counties,0 confirmed outbreaks in nearby sub-counties (last 4 weeks) | seasonal timing,1.0,0.0,26.0,-34.73684210526316,0.0,0.4344226714146313,28.8,3.668552655593934,,0.0,0
A07,118,2025-04-07,20.0,Low,Adequate,no outbreak declared here in the last 8 weeks | 2 farmer symptom reports in the last 2 weeks | 31 cattle arrived from other sub-counties | 1 farmer symptom reports this week,seasonal timing | 0 confirmed outbreaks in nearby sub-counties (last 4 weeks),1.0,0.0,31.0,-22.58064516129032,0.0,0.4279063313434118,20.4,5.425055928411667,,0.0,0
A07,119,2025-04-14,52.0,Elevated,Adequate,"3 farmer symptom reports in the last 2 weeks | no outbreak declared here in the last 8 weeks | 2 farmer symptom reports this week | hotter, drier air than normal (high evaporation)",cattle arrivals +81% compared with recent weeks | seasonal timing,2.0,0.0,67.0,81.13207547169812,0.0,0.4214877363732606,51.6,16.231785835310074,,0.0,0
A07,120,2025-04-21,47.0,Elevated,Adequate,"3 farmer symptom reports in the last 2 weeks | no outbreak declared here in the last 8 weeks | hotter, drier air than normal (high evaporation) | 1 farmer symptom reports this week",seasonal timing | 0 confirmed outbreaks in nearby sub-counties (last 4 weeks),1.0,0.0,19.0,-47.68392370572207,0.0,0.4151654203276617,22.7,11.384354462582223,,0.0,0
A07,121,2025-04-28,55.0,Elevated,Adequate,no outbreak declared here in the last 8 weeks | 2 farmer symptom reports in the last 2 weeks | 1 confirmed outbreaks in nearby sub-counties (last 4 weeks) | cattle arrivals -38% compared with recent weeks,seasonal timing | rainfall close to normal over the last 8 weeks,1.0,0.0,22.0,-37.57225433526011,0.0,0.4089379390227468,10.5,-4.180919802356438,,0.0,0
A07,122,2025-05-05,64.0,Elevated,Adequate,2 farmer symptom reports in the last 2 weeks | no outbreak declared here in the last 8 weeks | 2 confirmed outbreaks in nearby sub-counties (last 4 weeks) | cattle arrivals +39% compared with recent weeks,rainfall close to normal over the last 8 weeks | vaccination coverage about 40%,1.0,0.0,54.0,39.233038348082594,0.0,0.4028038699374056,47.1,1.1077766662961768,,0.0,0
A07,123,2025-05-12,68.0,Elevated,Adequate,2 farmer symptom reports in the last 2 weeks | no outbreak declared here in the last 8 weeks | 2 confirmed outbreaks in nearby sub-counties (last 4 weeks) | 30 cattle arrived from other sub-counties,rainfall close to normal over the last 8 weeks | vaccination coverage about 40%,1.0,0.0,57.0,28.165374677002585,0.0,0.3967618118883445,59.3,9.71958521980426,,0.0,0
A07,124,2025-05-19,47.0,Elevated,Adequate,no outbreak declared here in the last 8 weeks | symptom reports at or below normal | 38 cattle arrived from other sub-counties | 2 confirmed outbreaks in nearby sub-counties (last 4 weeks),cattle arrivals +8% compared with recent weeks | 11 cattle arrived from areas with recent outbreaks,0.0,0.0,48.0,7.614213197969544,11.0,0.3908103847100193,11.0,4.547454305483394,,0.0,0
A07,125,2025-05-26,40.0,Elevated,Adequate,"no outbreak declared here in the last 8 weeks | symptom reports at or below normal | 23 cattle arrived from other sub-counties | hotter, drier air than normal (high evaporation)",0 farmer symptom reports in the last 2 weeks | cattle arrivals +1% compared with recent weeks,0.0,0.0,41.0,1.098901098901099,11.0,0.384948228939369,7.699999999999999,5.436356456496032,,0.0,0
A07,126,2025-06-02,36.0,Low,Adequate,no outbreak declared here in the last 8 weeks | symptom reports at or below normal | 21 cattle arrived from other sub-counties | seasonal timing,0 farmer symptom reports in the last 2 weeks | 0 confirmed outbreaks in nearby sub-counties (last 4 weeks),0.0,0.0,21.0,-45.11873350923483,0.0,0.3791740055052784,8.9,4.709166628529679,,0.0,0
A07,127,2025-06-09,40.0,Elevated,Adequate,no outbreak declared here in the last 8 weeks | symptom reports at or below normal | 21 cattle arrived from other sub-counties | seasonal timing,0 farmer symptom reports in the last 2 weeks | 0 confirmed outbreaks in nearby sub-counties (last 4 weeks),0.0,0.0,21.0,-43.63143631436314,0.0,0.3734863954226993,3.6,-3.8758041363177034,,0.0,1
A07,128,2025-06-16,45.0,Elevated,Adequate,no outbreak declared here in the last 8 weeks | 2 confirmed outbreaks in nearby sub-counties (last 4 weeks) | cattle arrivals +19% compared with recent weeks | seasonal timing,vaccination coverage about 37% | 1 farmer symptom reports in the last 2 weeks,1.0,0.0,43.0,18.885448916408667,0.0,0.3678840994913588,12.8,12.53786382194108,,0.0,1
A07,129,2025-06-23,91.0,High,Adequate,3 farmer symptom reports in the last 2 weeks | no outbreak declared here in the last 8 weeks | 2 confirmed outbreaks in nearby sub-counties (last 4 weeks) | 1 suspected cases reported by vets this week,vaccination coverage about 36% | symptom reports well above this area's normal level,2.0,1.0,60.0,49.85590778097983,7.0,0.3623658379989884,4.8,43.952596723596926,,1.0,0
A07,130,2025-06-30,7.0,Low,Adequate,"5 farmer symptom reports in the last 2 weeks | seasonal timing | 3 confirmed outbreaks in nearby sub-counties (last 4 weeks) | cooler, less evaporative conditions than normal",outbreak declared here in the last 8 weeks | cattle arrivals -0% compared with recent weeks,3.0,1.0,43.0,-0.2597402597402597,7.0,0.3569303504290035,4.7,38.97691263014914,,0.0,0
A07,131,2025-07-07,40.0,Elevated,Adequate,8 farmer symptom reports in the last 2 weeks | symptom reports well above this area's normal level | 2 suspected cases reported by vets this week | 5 confirmed outbreaks in nearby sub-counties (last 4 weeks),outbreak declared here in the last 8 weeks | vaccination coverage about 35%,5.0,2.0,99.0,122.45989304812835,47.0,0.3515763951725685,7.800000000000001,-6.833921338037398,Cattle arrivals unusually high (+122% on recent weeks),0.0,0
A07,132,2025-07-14,47.0,Elevated,Adequate,19 farmer symptom reports in the last 2 weeks | symptom reports well above this area's normal level | 5 suspected cases reported by vets this week | 77 cattle arrived from areas with recent outbreaks,outbreak declared here in the last 8 weeks | cattle arrivals +6% compared with recent weeks,14.0,5.0,50.0,5.769230769230769,77.0,0.3463027492449799,4.9,-4.3567551708960055,Farmer symptom reports unusually high (14 this week) | Vet-reported suspected cases unusually high (5 this week),0.0,0
A07,133,2025-07-21,12.0,Low,Adequate,24 farmer symptom reports in the last 2 weeks | cattle arrivals -54% compared with recent weeks | 19 cattle arrived from other sub-counties | 4 suspected cases reported by vets this week,outbreak declared here in the last 8 weeks | 0 weeks since last vaccination campaign,10.0,4.0,19.0,-54.066985645933016,33.0,0.673771659640326,1.3,-11.379050489826623,,0.0,0
A07,134,2025-07-28,27.0,Low,Adequate,20 farmer symptom reports in the last 2 weeks | cattle arrivals -33% compared with recent weeks | 6 suspected cases reported by vets this week | 19 cattle arrived from other sub-counties,"outbreak declared here in the last 8 weeks | hotter, drier air than normal (high evaporation)",10.0,6.0,28.0,-33.33333333333333,22.0,0.6636650847457212,0.8999999999999999,-8.336340671238023,,0.0,0
A07,135,2025-08-04,13.0,Low,Adequate,"16 farmer symptom reports in the last 2 weeks | 2 suspected cases reported by vets this week | 3 confirmed outbreaks in nearby sub-counties (last 4 weeks) | hotter, drier air than normal (high evaporation)",outbreak declared here in the last 8 weeks | rainfall 30% above normal over the last 8 weeks,6.0,2.0,63.0,34.98759305210918,33.0,0.6537101084745354,15.7,29.770992366412933,,0.0,0
A07,136,2025-08-11,26.0,Low,Adequate,10 farmer symptom reports in the last 2 weeks | 2 suspected cases reported by vets this week | 38 cattle arrived from other sub-counties | vaccination coverage about 64%,outbreak declared here in the last 8 weeks | 3 weeks since last vaccination campaign,4.0,2.0,68.0,31.235955056179776,14.0,0.6439044568474174,22.5,57.24496426251021,,0.0,0
A07,137,2025-08-18,29.0,Low,Adequate,4 farmer symptom reports in the last 2 weeks | symptom reports at or below normal | cattle arrivals -81% compared with recent weeks | 2 confirmed outbreaks in nearby sub-counties (last 4 weeks),outbreak declared here in the last 8 weeks | 4 weeks since last vaccination campaign,0.0,0.0,6.0,-81.27659574468085,0.0,0.6342458899947061,28.1,103.39342523860246,,0.0,0
A07,138,2025-08-25,99.0,High,Adequate,4 farmer symptom reports in the last 2 weeks | no outbreak declared here in the last 8 weeks | 1 confirmed outbreaks in nearby sub-counties (last 4 weeks) | 4 farmer symptom reports this week,5 weeks since last vaccination campaign | 6 cattle arrived from areas with recent outbreaks,4.0,0.0,68.0,40.38461538461539,6.0,0.6247322016447855,3.1,78.15983374268144,,0.0,1
A07,139,2025-09-01,80.0,High,Adequate,5 farmer symptom reports in the last 2 weeks | no outbreak declared here in the last 8 weeks | 1 suspected cases reported by vets this week | 1 confirmed outbreaks in nearby sub-counties (last 4 weeks),"6 weeks since last vaccination campaign | hotter, drier air than normal (high evaporation)",1.0,1.0,70.0,36.054421768707485,6.0,0.6153612186201137,2.0,43.22705939472557,,0.0,1
A07,140,2025-09-08,59.0,Elevated,Adequate,2 farmer symptom reports in the last 2 weeks | no outbreak declared here in the last 8 weeks | vaccination coverage about 61% | symptom reports at or below normal,0 confirmed outbreaks in nearby sub-counties (last 4 weeks) | rainfall 36% above normal over the last 8 weeks,1.0,0.0,61.0,28.155339805825243,0.0,0.606130800340812,4.5,36.14588162571582,,1.0,0
A07,141,2025-09-15,27.0,Low,Adequate,3 farmer symptom reports in the last 2 weeks | seasonal timing | vaccination coverage about 60% | 1 confirmed outbreaks in nearby sub-counties (last 4 weeks),outbreak declared here in the last 8 weeks | cattle arrivals -19% compared with recent weeks,2.0,1.0,38.0,-18.67612293144208,0.0,0.5970388383356998,4.5,45.15103338632864,,0.0,0
A07,142,2025-09-22,53.0,Elevated,Adequate,"3 farmer symptom reports in the last 2 weeks | seasonal timing | vaccination coverage about 59% | hotter, drier air than normal (high evaporation)",outbreak declared here in the last 8 weeks | 9 weeks since last vaccination campaign,1.0,0.0,19.0,-56.56108597285068,0.0,0.5880832557606643,12.8,68.37983357807326,,0.0,0
A07,143,2025-09-29,44.0,Elevated,Adequate,4 farmer symptom reports in the last 2 weeks | seasonal timing | vaccination coverage about 58% | 2 confirmed outbreaks in nearby sub-counties (last 4 weeks),"outbreak declared here in the last 8 weeks | cooler, less evaporative conditions than normal",3.0,0.0,57.0,14.549653579676674,2.0,0.5792620069242543,13.3,50.65012703631838,,0.0,0
A07,144,2025-10-06,46.0,Elevated,Adequate,5 farmer symptom reports in the last 2 weeks | seasonal timing | vaccination coverage about 57% | 22 cattle recorded arriving this week,outbreak declared here in the last 8 weeks | 11 weeks since last vaccination campaign,2.0,1.0,22.0,-49.414519906323186,2.0,0.5705730768203905,7.1000000000000005,21.53123665860269,,0.0,0
A07,145,2025-10-13,46.0,Elevated,Adequate,4 farmer symptom reports in the last 2 weeks | cattle arrivals -31% compared with recent weeks | seasonal timing | vaccination coverage about 56%,outbreak declared here in the last 8 weeks | 28 cattle recorded arriving this week,2.0,1.0,28.0,-30.708661417322837,28.0,0.5620144806680846,8.1,-19.58686831427544,,0.0,0
A07,146,2025-10-20,10.0,Low,Adequate,3 farmer symptom reports in the last 2 weeks | 43 cattle arrived from areas with recent outbreaks | vaccination coverage about 55% | 1 vet-reported suspected cases in the last 2 weeks,outbreak declared here in the last 8 weeks | 117 cattle recorded arriving this week,1.0,0.0,117.0,142.1836228287841,43.0,0.5535842634580633,11.5,-18.829740431148533,Cattle arrivals unusually high (+142% on recent weeks),0.0,0
A07,147,2025-10-27,4.0,Low,Adequate,2 farmer symptom reports in the last 2 weeks | 1 confirmed outbreaks in nearby sub-counties (last 4 weeks) | vaccination coverage about 55% | symptom reports at or below normal,"outbreak declared here in the last 8 weeks | cooler, less evaporative conditions than normal",1.0,0.0,70.0,32.743362831858406,15.0,0.5452804995061924,28.6,-0.1293146324485855,,0.0,0
A07,148,2025-11-03,9.0,Low,Adequate,"symptom reports at or below normal | hotter, drier air than normal (high evaporation) | 33 cattle arrived from other sub-counties | 2 confirmed outbreaks in nearby sub-counties (last 4 weeks)",outbreak declared here in the last 8 weeks | seasonal timing,0.0,0.0,47.0,-7.964601769911504,0.0,0.5371012920135995,9.1,-5.379832387132262,,0.0,0
A07,149,2025-11-10,40.0,Elevated,Adequate,no outbreak declared here in the last 8 weeks | symptom reports at or below normal | 1 confirmed outbreaks in nearby sub-counties (last 4 weeks) | vaccination coverage about 53%,"0 farmer symptom reports in the last 2 weeks | hotter, drier air than normal (high evaporation)",0.0,0.0,77.0,49.77168949771689,24.0,0.5290447726333954,6.7,-16.092673763306784,,0.0,0
A07,150,2025-11-17,41.0,Elevated,Adequate,no outbreak declared here in the last 8 weeks | 1 confirmed outbreaks in nearby sub-counties (last 4 weeks) | vaccination coverage about 52% | 42 cattle arrived from areas with recent outbreaks,"hotter, drier air than normal (high evaporation) | 1 farmer symptom reports in the last 2 weeks",1.0,0.0,72.0,29.140461215932913,42.0,0.5211091010438945,5.1,-31.90528332877156,,0.0,0
A07,151,2025-11-24,48.0,Elevated,Adequate,no outbreak declared here in the last 8 weeks | 5 cattle recorded arriving this week | symptom reports at or below normal | 1 confirmed outbreaks in nearby sub-counties (last 4 weeks),"1 farmer symptom reports in the last 2 weeks | hotter, drier air than normal (high evaporation)",0.0,0.0,5.0,-84.90566037735849,18.0,0.5132924645282361,11.5,-40.10177181043528,,0.0,0
A07,152,2025-12-01,22.0,Low,Adequate,no outbreak declared here in the last 8 weeks | vaccination coverage about 51% | 1 confirmed outbreaks in nearby sub-counties (last 4 weeks) | 33 cattle arrived from other sub-counties,"0 farmer symptom reports in the last 2 weeks | hotter, drier air than normal (high evaporation)",0.0,0.0,56.0,2.092050209205021,0.0,0.5055930775603126,2.0,-48.15810099652935,,0.0,0
A07,153,2025-12-08,25.0,Low,Adequate,no outbreak declared here in the last 8 weeks | vaccination coverage about 50% | 1 confirmed outbreaks in nearby sub-counties (last 4 weeks) | moderate cattle density,0 farmer symptom reports in the last 2 weeks | cattle arrivals -14% compared with recent weeks,0.0,0.0,50.0,-14.0625,0.0,0.4980091813969078,8.5,-48.06500251298405,,0.0,0
A08,104,2024-12-30,46.0,Elevated,Adequate,"2 farmer symptom reports in the last 2 weeks | no outbreak declared here in the last 8 weeks | hotter, drier air than normal (high evaporation) | vaccination coverage about 46%",seasonal timing | 0 confirmed outbreaks in nearby sub-counties (last 4 weeks),1.0,0.0,10.0,-38.144329896907216,0.0,0.4589026945569827,4.2,-8.99789656591515,,1.0,0
A08,105,2025-01-06,8.0,Low,Adequate,"hotter, drier air than normal (high evaporation) | symptom reports at or below normal | vaccination coverage about 45% | moderate cattle density",outbreak declared here in the last 8 weeks | rainfall 25% below normal over the last 8 weeks,0.0,0.0,65.0,247.82608695652172,0.0,0.4520191541386279,3.0,-25.10884789180484,Cattle arrivals unusually high (+248% on recent weeks),0.0,0
A08,106,2025-01-13,6.0,Low,Adequate,"22 cattle arrived from other sub-counties | vaccination coverage about 45% | 1 farmer symptom reports this week | hotter, drier air than normal (high evaporation)",outbreak declared here in the last 8 weeks | 16 weeks since last vaccination campaign,1.0,0.0,80.0,243.43434343434342,0.0,0.4452388668265485,0.1,-32.02906323236634,,0.0,0
A08,107,2025-01-20,9.0,Low,Adequate,"cattle arrivals +20% compared with recent weeks | vaccination coverage about 44% | hotter, drier air than normal (high evaporation) | moderate cattle density",outbreak declared here in the last 8 weeks | 0 confirmed outbreaks in nearby sub-counties (last 4 weeks),0.0,0.0,35.0,19.850187265917604,0.0,0.4385602838241503,5.9,-35.492347701591946,,0.0,0
A08,108,2025-01-27,3.0,Low,Adequate,1 farmer symptom reports this week | vaccination coverage about 43% | moderate cattle density | 24 cattle recorded arriving this week,"outbreak declared here in the last 8 weeks | cooler, less evaporative conditions than normal",1.0,0.0,24.0,-18.88111888111888,0.0,0.431981879566788,56.5,21.552769915082845,,0.0,0
A08,109,2025-02-03,15.0,Low,Adequate,"hotter, drier air than normal (high evaporation) | 1 suspected cases reported by vets this week | 1 vet-reported suspected cases in the last 2 weeks | 19 cattle arrived from other sub-counties",outbreak declared here in the last 8 weeks | cattle arrivals +1% compared with recent weeks,0.0,1.0,33.0,0.6622516556291391,0.0,0.4255021513732862,0.6,24.617583231884648,,0.0,0
A08,110,2025-02-10,5.0,Low,Adequate,"1 vet-reported suspected cases in the last 2 weeks | 23 cattle arrived from other sub-counties | hotter, drier air than normal (high evaporation) | rainfall close to normal over the last 8 weeks",outbreak declared here in the last 8 weeks | 0 farmer symptom reports in the last 2 weeks,0.0,0.0,23.0,-28.662420382165603,0.0,0.4191196191026868,3.4,-8.134481173471462,,0.0,0
A08,111,2025-02-17,2.0,Low,Adequate,28 cattle arrived from other sub-counties | seasonal timing | moderate cattle density | not a border area,outbreak declared here in the last 8 weeks | 0 farmer symptom reports in the last 2 weeks,0.0,0.0,28.0,-20.481927710843372,22.0,0.4128328248161465,0.0,-20.47338027722941,,0.0,0
A08,112,2025-02-24,1.0,Low,Adequate,moderate cattle density | seasonal timing | cattle arrivals -41% compared with recent weeks | not a border area,outbreak declared here in the last 8 weeks | 0 farmer symptom reports in the last 2 weeks,0.0,0.0,20.0,-40.828402366863905,22.0,0.4066403324439043,0.0,-24.844015882019427,,0.0,0
A08,113,2025-03-03,5.0,Low,Adequate,"no outbreak declared here in the last 8 weeks | 18 cattle arrived from other sub-counties | hotter, drier air than normal (high evaporation) | cattle arrivals -47% compared with recent weeks",0 farmer symptom reports in the last 2 weeks | seasonal timing,0.0,0.0,18.0,-47.12643678160919,0.0,0.4005407274572457,14.5,-20.20343739038947,,0.0,0
A08,114,2025-03-10,3.0,Low,Adequate,"no outbreak declared here in the last 8 weeks | hotter, drier air than normal (high evaporation) | not a border area | moderate cattle density",0 farmer symptom reports in the last 2 weeks | cattle arrivals +4% compared with recent weeks,0.0,0.0,34.0,3.6544850498338874,0.0,0.394532616545387,10.8,-18.8477497606129,,0.0,0
A08,115,2025-03-17,11.0,Low,Adequate,no outbreak declared here in the last 8 weeks | cattle arrivals +13% compared with recent weeks | rainfall close to normal over the last 8 weeks | 20 cattle arrived from other sub-counties,0 farmer symptom reports in the last 2 weeks | seasonal timing,0.0,0.0,31.0,12.941176470588237,0.0,0.3886146272972062,23.6,-7.570831398049547,,0.0,0
A08,116,2025-03-24,19.0,Low,Adequate,"no outbreak declared here in the last 8 weeks | cattle arrivals -84% compared with recent weeks | cooler, less evaporative conditions than normal | 1 farmer symptom reports this week",seasonal timing | 0 confirmed outbreaks in nearby sub-counties (last 4 weeks),1.0,0.0,0.0,-84.06374501992032,0.0,0.3827854078877481,22.8,-42.9389440042615,,0.0,0
A08,117,2025-03-31,14.0,Low,Adequate,no outbreak declared here in the last 8 weeks | 2 farmer symptom reports in the last 2 weeks | 1 farmer symptom reports this week | seasonal timing,cattle arrivals +76% compared with recent weeks | 0 confirmed outbreaks in nearby sub-counties (last 4 weeks),1.0,0.0,45.0,76.2114537444934,0.0,0.3770436267694318,59.5,-17.588054257380776,,0.0,0
A08,118,2025-04-07,13.0,Low,Adequate,no outbreak declared here in the last 8 weeks | 2 farmer symptom reports in the last 2 weeks | 21 cattle arrived from other sub-counties | 1 farmer symptom reports this week,seasonal timing | cattle arrivals +101% compared with recent weeks,1.0,0.0,55.0,100.836820083682,0.0,0.3713879723678904,27.1,-14.403417760146764,,0.0,0
A08,119,2025-04-14,5.0,Low,Adequate,no outbreak declared here in the last 8 weeks | not a border area | moderate cattle density,cattle arrivals +9% compared with recent weeks | seasonal timing,0.0,0.0,32.0,9.22509225092251,0.0,0.365817152782372,20.2,-13.87975146198854,,0.0,0
A08,120,2025-04-21,5.0,Low,Adequate,no outbreak declared here in the last 8 weeks | 23 cattle recorded arriving this week | not a border area | moderate cattle density,0 farmer symptom reports in the last 2 weeks | seasonal timing,0.0,0.0,23.0,-18.545454545454547,0.0,0.3603298954906364,59.7,-0.6325566498520221,,0.0,0
A08,121,2025-04-28,13.0,Low,Adequate,no outbreak declared here in the last 8 weeks | 4 cattle recorded arriving this week | 1 farmer symptom reports this week | cattle arrivals -74% compared with recent weeks,"seasonal timing | hotter, drier air than normal (high evaporation)",1.0,0.0,4.0,-74.10071942446042,0.0,0.3549249470582769,21.0,-4.824184447517022,,0.0,0
A08,122,2025-05-05,41.0,Elevated,Adequate,"no outbreak declared here in the last 8 weeks | 1 confirmed outbreaks in nearby sub-counties (last 4 weeks) | hotter, drier air than normal (high evaporation) | 2 cattle recorded arriving this week",seasonal timing | 1 farmer symptom reports in the last 2 weeks,0.0,0.0,2.0,-78.78787878787878,0.0,0.3496010728524027,49.0,9.515797345298024,,0.0,0
A08,123,2025-05-12,10.0,Low,Adequate,no outbreak declared here in the last 8 weeks | 1 confirmed outbreaks in nearby sub-counties (last 4 weeks) | not a border area | seasonal timing,0 farmer symptom reports in the last 2 weeks | 33 weeks since last vaccination campaign,0.0,0.0,0.0,-82.75862068965517,0.0,0.3443570567596167,26.2,12.588584927226892,,0.0,0
A08,124,2025-05-19,11.0,Low,Adequate,"no outbreak declared here in the last 8 weeks | 1 confirmed outbreaks in nearby sub-counties (last 4 weeks) | hotter, drier air than normal (high evaporation) | not a border area",0 farmer symptom reports in the last 2 weeks | rainfall 24% above normal over the last 8 weeks,0.0,0.0,0.0,-80.09950248756219,0.0,0.3391917009082224,12.1,23.788412222367,,0.0,0
A08,125,2025-05-26,16.0,Low,Adequate,"no outbreak declared here in the last 8 weeks | 1 confirmed outbreaks in nearby sub-counties (last 4 weeks) | 1 vet-reported suspected cases in the last 2 weeks | hotter, drier air than normal (high evaporation)",0 farmer symptom reports in the last 2 weeks | rainfall 24% above normal over the last 8 weeks,0.0,1.0,0.0,-80.09950248756219,0.0,0.3341038253945991,15.4,23.84235439390816,,0.0,0
A08,126,2025-06-02,4.0,Low,Adequate,no outbreak declared here in the last 8 weeks | 1 vet-reported suspected cases in the last 2 weeks | not a border area | 0 cattle arrived from areas with recent outbreaks,0 farmer symptom reports in the last 2 weeks | cattle arrivals +8% compared with recent weeks,0.0,0.0,16.0,7.6923076923076925,0.0,0.3290922680136801,7.899999999999999,28.86148117982436,,0.0,0
A08,127,2025-06-09,5.0,Low,Adequate,no outbreak declared here in the last 8 weeks | 21 cattle recorded arriving this week | not a border area,0 farmer symptom reports in the last 2 weeks | 0 confirmed outbreaks in nearby sub-counties (last 4 weeks),0.0,0.0,21.0,77.77777777777779,0.0,0.3241558839934749,6.3,47.95809279452656,,0.0,0
A08,128,2025-06-16,17.0,Low,Adequate,no outbreak declared here in the last 8 weeks | 2 confirmed outbreaks in nearby sub-counties (last 4 weeks) | cattle arrivals +43% compared with recent weeks | seasonal timing,0 farmer symptom reports in the last 2 weeks | 38 weeks since last vaccination campaign,0.0,0.0,14.0,43.39622641509434,0.0,0.3192935457335727,6.5,51.44678764100051,,0.0,0
A08,129,2025-06-23,60.0,Elevated,Adequate,3 confirmed outbreaks in nearby sub-counties (last 4 weeks) | cattle arrivals +197% compared with recent weeks | no outbreak declared here in the last 8 weeks | 1 vet-reported suspected cases in the last 2 weeks,0 farmer symptom reports in the last 2 weeks | 39 weeks since last vaccination campaign,0.0,1.0,31.0,196.9072164948454,0.0,0.3145041425475692,2.8,88.3817427385888,,0.0,0
A08,130,2025-06-30,40.0,Elevated,Adequate,seasonal timing | 4 confirmed outbreaks in nearby sub-counties (last 4 weeks) | no outbreak declared here in the last 8 weeks | 1 vet-reported suspected cases in the last 2 weeks,0 farmer symptom reports in the last 2 weeks | 40 weeks since last vaccination campaign,0.0,0.0,0.0,-67.74193548387096,0.0,0.3097865804093556,0.7999999999999999,68.48554470610753,,0.0,0
A08,131,2025-07-07,41.0,Elevated,Adequate,"5 confirmed outbreaks in nearby sub-counties (last 4 weeks) | no outbreak declared here in the last 8 weeks | seasonal timing | cooler, less evaporative conditions than normal",0 farmer symptom reports in the last 2 weeks | 41 weeks since last vaccination campaign,0.0,0.0,0.0,-67.21311475409836,0.0,0.3051397817032153,1.4,37.84078516902981,,0.0,0
A08,132,2025-07-14,83.0,High,Adequate,1 suspected cases reported by vets this week | no outbreak declared here in the last 8 weeks | cattle arrivals +234% compared with recent weeks | 5 confirmed outbreaks in nearby sub-counties (last 4 weeks),rainfall 28% above normal over the last 8 weeks | 42 weeks since last vaccination campaign,1.0,1.0,46.0,234.42622950819674,0.0,0.3005626849776671,1.0,27.602253245163432,,0.0,0
A08,133,2025-07-21,100.0,High,Adequate,4 farmer symptom reports in the last 2 weeks | no outbreak declared here in the last 8 weeks | symptom reports well above this area's normal level | 4 confirmed outbreaks in nearby sub-counties (last 4 weeks),"0 weeks since last vaccination campaign | hotter, drier air than normal (high evaporation)",3.0,0.0,6.0,-47.61904761904761,0.0,0.6970622967101554,0.4,-1.9815059445172376,,0.0,0
A08,134,2025-07-28,100.0,High,Adequate,7 farmer symptom reports in the last 2 weeks | no outbreak declared here in the last 8 weeks | cattle arrivals -77% compared with recent weeks | symptom reports well above this area's normal level,1 weeks since last vaccination campaign | 0 cattle arrived from other sub-counties,4.0,1.0,0.0,-77.01149425287356,0.0,0.6866063622595031,0.3,-1.7976031957388956,,0.0,1
A08,135,2025-08-04,99.0,High,Adequate,6 farmer symptom reports in the last 2 weeks | no outbreak declared here in the last 8 weeks | 3 confirmed outbreaks in nearby sub-counties (last 4 weeks) | 3 suspected cases reported by vets this week,2 weeks since last vaccination campaign | cattle arrivals +32% compared with recent weeks,2.0,3.0,21.0,31.645569620253166,0.0,0.6763072668256106,4.3,3.812759531898794,,0.0,1
A08,136,2025-08-11,87.0,High,Adequate,5 farmer symptom reports in the last 2 weeks | no outbreak declared here in the last 8 weeks | 3 farmer symptom reports this week | 1 confirmed outbreaks in nearby sub-counties (last 4 weeks),3 weeks since last vaccination campaign | cattle arrivals +11% compared with recent weeks,3.0,0.0,17.0,11.39240506329114,0.0,0.6661626578232265,9.9,16.209101165852523,,1.0,0
A08,137,2025-08-18,10.0,Low,Adequate,6 farmer symptom reports in the last 2 weeks | 3 farmer symptom reports this week | 1 confirmed outbreaks in nearby sub-counties (last 4 weeks) | 22 cattle recorded arriving this week,outbreak declared here in the last 8 weeks | rainfall 33% above normal over the last 8 weeks,3.0,0.0,22.0,34.161490683229815,0.0,0.656170217955878,9.8,33.16936050597451,,0.0,0
A08,138,2025-08-25,11.0,Low,Adequate,9 farmer symptom reports in the last 2 weeks | 4 suspected cases reported by vets this week | 4 vet-reported suspected cases in the last 2 weeks | vaccination coverage about 65%,"outbreak declared here in the last 8 weeks | hotter, drier air than normal (high evaporation)",6.0,4.0,18.0,21.052631578947366,0.0,0.6463276646865399,1.9,22.372136805774588,,0.0,0
A08,139,2025-09-01,23.0,Low,Adequate,13 farmer symptom reports in the last 2 weeks | cattle arrivals +135% compared with recent weeks | 2 suspected cases reported by vets this week | 6 vet-reported suspected cases in the last 2 weeks,outbreak declared here in the last 8 weeks | 6 weeks since last vaccination campaign,7.0,2.0,45.0,135.29411764705884,0.0,0.6366327497162418,0.1,1.809343775317508,,0.0,0
A08,140,2025-09-08,9.0,Low,Adequate,11 farmer symptom reports in the last 2 weeks | 1 suspected cases reported by vets this week | 1 confirmed outbreaks in nearby sub-counties (last 4 weeks) | vaccination coverage about 63%,"outbreak declared here in the last 8 weeks | hotter, drier air than normal (high evaporation)",4.0,1.0,7.0,-55.348837209302324,0.0,0.6270832584704982,0.3,-2.6571954748750093,,0.0,0
A08,141,2025-09-15,43.0,Elevated,Adequate,5 farmer symptom reports in the last 2 weeks | 2 suspected cases reported by vets this week | seasonal timing | vaccination coverage about 62%,outbreak declared here in the last 8 weeks | 28 cattle recorded arriving this week,1.0,2.0,28.0,50.0,0.0,0.6176770095934407,2.8,4.398516163221658,,0.0,0
A08,142,2025-09-22,43.0,Elevated,Adequate,4 farmer symptom reports in the last 2 weeks | seasonal timing | 3 confirmed outbreaks in nearby sub-counties (last 4 weeks) | vaccination coverage about 61%,outbreak declared here in the last 8 weeks | cattle arrivals -7% compared with recent weeks,3.0,0.0,18.0,-7.07070707070707,0.0,0.6084118544495392,1.5,7.720880870257615,,0.0,0
A08,143,2025-09-29,58.0,Elevated,Adequate,seasonal timing | 7 farmer symptom reports in the last 2 weeks | 3 confirmed outbreaks in nearby sub-counties (last 4 weeks) | vaccination coverage about 60%,outbreak declared here in the last 8 weeks | 10 weeks since last vaccination campaign,4.0,1.0,6.0,-59.25925925925925,0.0,0.5992856766327961,5.6000000000000005,4.881101376721038,,0.0,0
A08,144,2025-10-06,48.0,Elevated,Adequate,"6 farmer symptom reports in the last 2 weeks | seasonal timing | vaccination coverage about 59% | hotter, drier air than normal (high evaporation)",outbreak declared here in the last 8 weeks | 11 weeks since last vaccination campaign,2.0,1.0,23.0,11.442786069651742,0.0,0.5902963914833042,9.5,0.072341451651731,,0.0,0
A08,145,2025-10-13,83.0,High,Adequate,4 farmer symptom reports in the last 2 weeks | no outbreak declared here in the last 8 weeks | vaccination coverage about 58% | 2 suspected cases reported by vets this week,rainfall 25% below normal over the last 8 weeks | cattle arrivals +101% compared with recent weeks,2.0,2.0,47.0,100.96618357487924,0.0,0.5814419456110546,5.8,-24.95497298379043,,0.0,0
A08,146,2025-10-20,80.0,High,Adequate,3 farmer symptom reports in the last 2 weeks | no outbreak declared here in the last 8 weeks | cattle arrivals -34% compared with recent weeks | 2 suspected cases reported by vets this week,seasonal timing | rainfall 25% below normal over the last 8 weeks,1.0,2.0,14.0,-34.48275862068966,0.0,0.5727203164268887,7.9,-24.96118682076949,,0.0,1
A08,147,2025-10-27,51.0,Elevated,Adequate,3 farmer symptom reports in the last 2 weeks | no outbreak declared here in the last 8 weeks | 2 farmer symptom reports this week | 1 confirmed outbreaks in nearby sub-counties (last 4 weeks),"cooler, less evaporative conditions than normal | seasonal timing",2.0,0.0,36.0,43.859649122807014,0.0,0.5641295116804853,53.1,35.55274617221521,,0.0,1
A08,148,2025-11-03,89.0,High,Adequate,3 farmer symptom reports in the last 2 weeks | no outbreak declared here in the last 8 weeks | 1 suspected cases reported by vets this week | vaccination coverage about 56%,seasonal timing | cattle arrivals -12% compared with recent weeks,1.0,1.0,19.0,-12.32876712328767,0.0,0.555667569005278,7.0,13.744075829383949,,1.0,0
A08,149,2025-11-10,6.0,Low,Adequate,2 farmer symptom reports in the last 2 weeks | 1 vet-reported suspected cases in the last 2 weeks | symptom reports at or below normal | seasonal timing,"outbreak declared here in the last 8 weeks | hotter, drier air than normal (high evaporation)",1.0,0.0,22.0,-6.493506493506493,0.0,0.5473325554701989,14.0,0.7485689123735257,,0.0,0
A08,150,2025-11-17,5.0,Low,Adequate,symptom reports at or below normal | seasonal timing | moderate cattle density | vaccination coverage about 54%,"outbreak declared here in the last 8 weeks | hotter, drier air than normal (high evaporation)",0.0,0.0,11.0,-43.111111111111114,0.0,0.5391225671381459,5.699999999999999,-18.24636382436068,,0.0,0
A08,151,2025-11-24,2.0,Low,Adequate,symptom reports at or below normal | vaccination coverage about 53% | rainfall 30% below normal over the last 8 weeks | moderate cattle density,"outbreak declared here in the last 8 weeks | hotter, drier air than normal (high evaporation)",0.0,0.0,18.0,-15.59633027522936,0.0,0.5310357286310737,10.9,-30.38152497611953,,0.0,0
A08,152,2025-12-01,2.0,Low,Adequate,symptom reports at or below normal | 1 confirmed outbreaks in nearby sub-counties (last 4 weeks) | vaccination coverage about 52% | moderate cattle density,"outbreak declared here in the last 8 weeks | hotter, drier air than normal (high evaporation)",0.0,0.0,44.0,70.43478260869566,0.0,0.5230701927016076,1.9,-42.64154665614517,,0.0,0
A08,153,2025-12-08,2.0,Low,Adequate,1 vet-reported suspected cases in the last 2 weeks | 1 suspected cases reported by vets this week | vaccination coverage about 52% | 1 confirmed outbreaks in nearby sub-counties (last 4 weeks),outbreak declared here in the last 8 weeks | 0 farmer symptom reports in the last 2 weeks,0.0,1.0,106.0,253.78486055776892,0.0,0.5152241398110835,26.7,-34.92695883134122,Cattle arrivals unusually high (+254% on recent weeks),0.0,0
A09,104,2024-12-30,42.0,Elevated,Low data,no outbreak declared here in the last 8 weeks | 1 confirmed outbreaks in nearby sub-counties (last 4 weeks) | rainfall 96% above normal over the last 8 weeks | 1 farmer symptom reports this week,"cooler, less evaporative conditions than normal | seasonal timing",1.0,0.0,51.0,144.80874316939892,0.0,0.4507322632041277,0.3,96.4718047402902,,0.0,0
A09,105,2025-01-06,81.0,High,Low data,2 farmer symptom reports in the last 2 weeks | no outbreak declared here in the last 8 weeks | 1 confirmed outbreaks in nearby sub-counties (last 4 weeks) | rainfall 84% above normal over the last 8 weeks,seasonal timing | 15 weeks since last vaccination campaign,1.0,0.0,0.0,-80.86124401913875,0.0,0.4439712792560658,0.2,83.5770220510297,,0.0,0
A09,106,2025-01-13,29.0,Low,Low data,no outbreak declared here in the last 8 weeks | 1 confirmed outbreaks in nearby sub-counties (last 4 weeks) | rainfall 78% above normal over the last 8 weeks | vaccination coverage about 44%,16 weeks since last vaccination campaign | 1 farmer symptom reports in the last 2 weeks,0.0,0.0,16.0,-12.953367875647666,0.0,0.4373117100672248,0.0,78.31077506963531,,0.0,0
A09,107,2025-01-20,18.0,Low,Low data,no outbreak declared here in the last 8 weeks | 1 confirmed outbreaks in nearby sub-counties (last 4 weeks) | cattle arrivals +191% compared with recent weeks | 23 cattle arrived from other sub-counties,0 farmer symptom reports in the last 2 weeks | 17 weeks since last vaccination campaign,0.0,0.0,63.0,190.9090909090909,0.0,0.4307520344162164,20.6,55.47605832377893,,0.0,0
A09,108,2025-01-27,10.0,Low,Low data,no outbreak declared here in the last 8 weeks | rainfall 104% above normal over the last 8 weeks | 1 farmer symptom reports this week | cattle arrivals +42% compared with recent weeks,"cooler, less evaporative conditions than normal | 0 confirmed outbreaks in nearby sub-counties (last 4 weeks)",1.0,0.0,35.0,42.22222222222222,0.0,0.4242907538999732,103.4,103.8066993032562,,0.0,0
A09,109,2025-02-03,5.0,Low,Low data,no outbreak declared here in the last 8 weeks | not a border area | seasonal timing | 24 cattle recorded arriving this week,cattle arrivals +5% compared with recent weeks | 0 confirmed outbreaks in nearby sub-counties (last 4 weeks),0.0,0.0,24.0,4.97737556561086,0.0,0.4179263925914736,1.5,107.7730890354528,,0.0,0
A09,110,2025-02-10,8.0,Low,Low data,no outbreak declared here in the last 8 weeks | cattle arrivals -84% compared with recent weeks | seasonal timing | vaccination coverage about 41%,0 farmer symptom reports in the last 2 weeks | 0 confirmed outbreaks in nearby sub-counties (last 4 weeks),0.0,0.0,0.0,-83.6734693877551,0.0,0.4116574967026015,0.1,55.466914067466746,,0.0,0
A09,111,2025-02-17,3.0,Low,Low data,no outbreak declared here in the last 8 weeks | seasonal timing | not a border area,"0 farmer symptom reports in the last 2 weeks | hotter, drier air than normal (high evaporation)",0.0,0.0,0.0,-83.19327731092437,0.0,0.4054826342520625,0.0,23.10181602564753,,0.0,0
A09,112,2025-02-24,3.0,Low,Low data,no outbreak declared here in the last 8 weeks | seasonal timing | rainfall 18% above normal over the last 8 weeks | not a border area,"0 farmer symptom reports in the last 2 weeks | hotter, drier air than normal (high evaporation)",0.0,0.0,23.0,-2.1834061135371177,0.0,0.3994003947382815,0.0,17.861482381530916,,0.0,0
A09,113,2025-03-03,3.0,Low,Low data,no outbreak declared here in the last 8 weeks | 17 cattle arrived from other sub-counties | not a border area | 17 cattle recorded arriving this week,0 farmer symptom reports in the last 2 weeks | seasonal timing,0.0,0.0,17.0,-12.437810945273633,0.0,0.3934093888172073,20.2,24.85975316557117,,0.0,0
A09,114,2025-03-10,2.0,Low,Low data,no outbreak declared here in the last 8 weeks | not a border area,0 farmer symptom reports in the last 2 weeks | seasonal timing,0.0,0.0,11.0,-41.284403669724774,0.0,0.3875082479849492,30.6,32.245477119545804,,0.0,0
A09,115,2025-03-17,2.0,Low,Low data,no outbreak declared here in the last 8 weeks | not a border area,0 farmer symptom reports in the last 2 weeks | seasonal timing,0.0,0.0,14.0,-28.638497652582164,0.0,0.3816956242651749,8.6,22.592436384085197,,0.0,0
A09,116,2025-03-24,7.0,Low,Low data,"no outbreak declared here in the last 8 weeks | cattle arrivals +12% compared with recent weeks | cooler, less evaporative conditions than normal | 18 cattle recorded arriving this week",0 farmer symptom reports in the last 2 weeks | seasonal timing,0.0,0.0,18.0,12.195121951219512,0.0,0.3759701899011973,64.4,-11.370033383517915,,0.0,0
A09,117,2025-03-31,12.0,Low,Low data,no outbreak declared here in the last 8 weeks | seasonal timing | cattle arrivals -73% compared with recent weeks | rainfall 44% above normal over the last 8 weeks,0 farmer symptom reports in the last 2 weeks | 0 confirmed outbreaks in nearby sub-counties (last 4 weeks),0.0,0.0,0.0,-72.78911564625851,0.0,0.3703306370526793,115.8,44.38533595466602,,0.0,0
A09,118,2025-04-07,4.0,Low,Low data,no outbreak declared here in the last 8 weeks | 89 cattle recorded arriving this week | rainfall 63% above normal over the last 8 weeks | not a border area,0 farmer symptom reports in the last 2 weeks | seasonal timing,0.0,0.0,89.0,511.38211382113826,0.0,0.3647756774968891,65.19999999999999,62.82197165614952,Cattle arrivals unusually high (+511% on recent weeks),0.0,0
A09,119,2025-04-14,4.0,Low,Low data,"no outbreak declared here in the last 8 weeks | hotter, drier air than normal (high evaporation) | rainfall 62% above normal over the last 8 weeks | not a border area",0 farmer symptom reports in the last 2 weeks | seasonal timing,0.0,0.0,0.0,-81.13207547169812,0.0,0.3593040423344357,62.9,61.81825971466489,,0.0,0
A09,120,2025-04-21,9.0,Low,Low data,"no outbreak declared here in the last 8 weeks | 1 farmer symptom reports this week | rainfall 57% above normal over the last 8 weeks | cooler, less evaporative conditions than normal",seasonal timing | cattle arrivals +6% compared with recent weeks,1.0,0.0,23.0,5.660377358490567,0.0,0.3539144816994192,47.5,57.41152080556776,,0.0,0
A09,121,2025-04-28,9.0,Low,Low data,"no outbreak declared here in the last 8 weeks | hotter, drier air than normal (high evaporation) | 31 weeks since last vaccination campaign | rainfall 54% above normal over the last 8 weeks",seasonal timing | 0 confirmed outbreaks in nearby sub-counties (last 4 weeks),0.0,0.0,11.0,-39.62264150943396,0.0,0.3486057644739279,32.6,53.576191478907695,,0.0,0
A09,122,2025-05-05,22.0,Low,Low data,"no outbreak declared here in the last 8 weeks | hotter, drier air than normal (high evaporation) | cattle arrivals +13% compared with recent weeks | 24 cattle arrived from other sub-counties",0 farmer symptom reports in the last 2 weeks | 0 confirmed outbreaks in nearby sub-counties (last 4 weeks),0.0,0.0,24.0,12.62135922330097,0.0,0.343376678006819,79.2,75.18195575412527,,0.0,0
A09,123,2025-05-12,5.0,Low,Low data,"no outbreak declared here in the last 8 weeks | cooler, less evaporative conditions than normal | not a border area",0 farmer symptom reports in the last 2 weeks | 0 confirmed outbreaks in nearby sub-counties (last 4 weeks),0.0,0.0,0.0,-81.7351598173516,0.0,0.3382260278367167,47.7,92.37530213139938,,0.0,0
A09,124,2025-05-19,15.0,Low,Low data,"no outbreak declared here in the last 8 weeks | cattle arrivals +13% compared with recent weeks | 22 cattle arrived from other sub-counties | cooler, less evaporative conditions than normal",0 farmer symptom reports in the last 2 weeks | 0 confirmed outbreaks in nearby sub-counties (last 4 weeks),0.0,0.0,24.0,13.170731707317074,0.0,0.3331526374191659,11.2,93.7854034972494,,0.0,0
A09,125,2025-05-26,5.0,Low,Low data,"no outbreak declared here in the last 8 weeks | not a border area | cattle arrivals +63% compared with recent weeks | cooler, less evaporative conditions than normal",0 farmer symptom reports in the last 2 weeks | 0 confirmed outbreaks in nearby sub-counties (last 4 weeks),0.0,0.0,38.0,63.03317535545023,0.0,0.3281553478578785,11.2,73.8657330747026,,0.0,0
A09,126,2025-06-02,42.0,Elevated,Low data,"1 suspected cases reported by vets this week | no outbreak declared here in the last 8 weeks | 1 vet-reported suspected cases in the last 2 weeks | hotter, drier air than normal (high evaporation)",0 confirmed outbreaks in nearby sub-counties (last 4 weeks) | vaccination coverage about 32%,1.0,1.0,13.0,-42.168674698795186,0.0,0.3232330176400103,0.4,60.549485520313496,,0.0,0
A09,127,2025-06-09,11.0,Low,Low data,"no outbreak declared here in the last 8 weeks | hotter, drier air than normal (high evaporation) | 1 vet-reported suspected cases in the last 2 weeks | not a border area",0 confirmed outbreaks in nearby sub-counties (last 4 weeks) | cattle arrivals -21% compared with recent weeks,0.0,0.0,12.0,-21.38728323699422,0.0,0.3183845223754101,0.9,73.25271719570952,,0.0,0
A09,128,2025-06-16,17.0,Low,Low data,rainfall 120% above normal over the last 8 weeks | no outbreak declared here in the last 8 weeks | 2 confirmed outbreaks in nearby sub-counties (last 4 weeks) | cattle arrivals +164% compared with recent weeks,"0 farmer symptom reports in the last 2 weeks | hotter, drier air than normal (high evaporation)",0.0,0.0,56.0,163.78378378378378,0.0,0.3136087545397789,0.2,119.84767534386566,,0.0,0
A09,129,2025-06-23,61.0,Elevated,Low data,"rainfall 187% above normal over the last 8 weeks | 3 confirmed outbreaks in nearby sub-counties (last 4 weeks) | no outbreak declared here in the last 8 weeks | hotter, drier air than normal (high evaporation)",cattle arrivals -5% compared with recent weeks | 39 weeks since last vaccination campaign,1.0,0.0,21.0,-4.587155963302752,0.0,0.3089046232216822,0.0,187.29676612470703,,0.0,0
A09,130,2025-06-30,100.0,High,Low data,4 farmer symptom reports in the last 2 weeks | no outbreak declared here in the last 8 weeks | rainfall 164% above normal over the last 8 weeks | seasonal timing,40 weeks since last vaccination campaign | no major market,3.0,0.0,39.0,54.385964912280706,0.0,0.3042710538733569,0.0,163.5658914728642,,0.0,1
A09,131,2025-07-07,71.0,High,Low data,5 farmer symptom reports in the last 2 weeks | no outbreak declared here in the last 8 weeks | 1 vet-reported suspected cases in the last 2 weeks | 1 suspected cases reported by vets this week,rainfall 45% above normal over the last 8 weeks | 41 weeks since last vaccination campaign,2.0,1.0,11.0,-47.325102880658434,0.0,0.2997069880652566,0.0,45.36878216123241,,0.0,1
A09,132,2025-07-14,72.0,High,Low data,4 farmer symptom reports in the last 2 weeks | no outbreak declared here in the last 8 weeks | 4 confirmed outbreaks in nearby sub-counties (last 4 weeks) | 1 vet-reported suspected cases in the last 2 weeks,"hotter, drier air than normal (high evaporation) | cattle arrivals -15% compared with recent weeks",2.0,0.0,22.0,-14.960629921259844,0.0,0.2952113832442777,0.0,10.033931168200183,,1.0,0
A09,133,2025-07-21,41.0,Elevated,Low data,4 farmer symptom reports in the last 2 weeks | cattle arrivals -84% compared with recent weeks | 3 confirmed outbreaks in nearby sub-counties (last 4 weeks) | 2 suspected cases reported by vets this week,outbreak declared here in the last 8 weeks | 0 weeks since last vaccination campaign,2.0,2.0,0.0,-84.12698412698413,0.0,0.6089279219665962,0.0,-31.79122182680953,,0.0,0
A09,134,2025-07-28,4.0,Low,Low data,3 farmer symptom reports in the last 2 weeks | 3 confirmed outbreaks in nearby sub-counties (last 4 weeks) | vaccination coverage about 60% | 2 vet-reported suspected cases in the last 2 weeks,"outbreak declared here in the last 8 weeks | hotter, drier air than normal (high evaporation)",1.0,0.0,30.0,30.8411214953271,11.0,0.5997940031370972,0.0,-27.356020942409927,,0.0,0
A09,135,2025-08-04,32.0,Low,Low data,4 farmer symptom reports in the last 2 weeks | 2 suspected cases reported by vets this week | vaccination coverage about 59% | 2 vet-reported suspected cases in the last 2 weeks,outbreak declared here in the last 8 weeks | rainfall 29% above normal over the last 8 weeks,3.0,2.0,0.0,-82.68398268398268,11.0,0.5907970930900407,8.6,29.298486932596152,,0.0,0
A09,136,2025-08-11,15.0,Low,Low data,"5 farmer symptom reports in the last 2 weeks | vaccination coverage about 58% | hotter, drier air than normal (high evaporation) | 2 confirmed outbreaks in nearby sub-counties (last 4 weeks)",outbreak declared here in the last 8 weeks | 3 weeks since last vaccination campaign,2.0,0.0,37.0,53.42465753424658,0.0,0.5819351366936901,2.9000000000000004,54.34314429289233,,0.0,0
A09,137,2025-08-18,7.0,Low,Low data,rainfall 151% above normal over the last 8 weeks | 2 farmer symptom reports in the last 2 weeks | symptom reports at or below normal | 2 confirmed outbreaks in nearby sub-counties (last 4 weeks),"outbreak declared here in the last 8 weeks | cooler, less evaporative conditions than normal",0.0,0.0,69.0,196.0,0.0,0.5732061096432848,9.0,151.02880658436027,Cattle arrivals unusually high (+196% on recent weeks),0.0,0
A09,138,2025-08-25,12.0,Low,Low data,"rainfall 137% above normal over the last 8 weeks | hotter, drier air than normal (high evaporation) | 1 confirmed outbreaks in nearby sub-counties (last 4 weeks) | vaccination coverage about 56%",outbreak declared here in the last 8 weeks | 5 weeks since last vaccination campaign,1.0,0.0,30.0,12.903225806451612,0.0,0.5646080179986355,0.0,136.61753297129374,,0.0,0
A09,139,2025-09-01,12.0,Low,Low data,3 farmer symptom reports in the last 2 weeks | 1 confirmed outbreaks in nearby sub-counties (last 4 weeks) | rainfall 67% above normal over the last 8 weeks | symptom reports well above this area's normal level,outbreak declared here in the last 8 weeks | 6 weeks since last vaccination campaign,2.0,0.0,20.0,-16.317991631799163,0.0,0.5561388977286559,0.0,67.39846322722258,,0.0,0
A09,140,2025-09-08,5.0,Low,Low data,"3 farmer symptom reports in the last 2 weeks | 1 confirmed outbreaks in nearby sub-counties (last 4 weeks) | vaccination coverage about 55% | hotter, drier air than normal (high evaporation)",outbreak declared here in the last 8 weeks | cattle arrivals +6% compared with recent weeks,1.0,0.0,28.0,6.451612903225806,0.0,0.5477968142627261,0.0,65.4910472056424,,0.0,0
A09,141,2025-09-15,72.0,High,Low data,symptom reports at or below normal | 1 suspected cases reported by vets this week | no outbreak declared here in the last 8 weeks | seasonal timing,8 weeks since last vaccination campaign | 0 cattle arrived from other sub-counties,0.0,1.0,11.0,-49.60629921259843,0.0,0.5395798620487852,0.1,65.31604538087478,,0.0,0
A09,142,2025-09-22,100.0,High,Low data,2 farmer symptom reports in the last 2 weeks | no outbreak declared here in the last 8 weeks | 3 confirmed outbreaks in nearby sub-counties (last 4 weeks) | seasonal timing,cattle arrivals +72% compared with recent weeks | 9 weeks since last vaccination campaign,2.0,1.0,52.0,72.0754716981132,0.0,0.5314861641180534,0.2,64.35432230522792,,0.0,0
A09,143,2025-09-29,84.0,High,Low data,seasonal timing | 3 confirmed outbreaks in nearby sub-counties (last 4 weeks) | 2 farmer symptom reports in the last 2 weeks | no outbreak declared here in the last 8 weeks,rainfall 25% above normal over the last 8 weeks | 0 farmer symptom reports this week,0.0,0.0,0.0,-86.06271777003485,0.0,0.5235138716562826,4.2,24.645892351272693,,0.0,0
A09,144,2025-10-06,48.0,Elevated,Low data,"seasonal timing | no outbreak declared here in the last 8 weeks | 2 confirmed outbreaks in nearby sub-counties (last 4 weeks) | cooler, less evaporative conditions than normal",cattle arrivals -25% compared with recent weeks | 11 weeks since last vaccination campaign,1.0,0.0,22.0,-24.738675958188153,0.0,0.5156611635814383,10.2,43.526405451445214,,0.0,0
A09,145,2025-10-13,42.0,Elevated,Low data,"no outbreak declared here in the last 8 weeks | vaccination coverage about 51% | seasonal timing | hotter, drier air than normal (high evaporation)",rainfall 18% below normal over the last 8 weeks | 1 farmer symptom reports in the last 2 weeks,0.0,0.0,14.0,-44.11764705882353,0.0,0.5079262461277168,0.0,-17.77629826897672,,0.0,0
A09,146,2025-10-20,12.0,Low,Low data,"no outbreak declared here in the last 8 weeks | hotter, drier air than normal (high evaporation) | vaccination coverage about 50% | 1 confirmed outbreaks in nearby sub-counties (last 4 weeks)",0 farmer symptom reports in the last 2 weeks | seasonal timing,0.0,0.0,21.0,-4.147465437788019,0.0,0.500307352435801,5.199999999999999,-18.904258204504284,,0.0,0
A09,147,2025-10-27,25.0,Low,Low data,rainfall 156% above normal over the last 8 weeks | no outbreak declared here in the last 8 weeks | 1 confirmed outbreaks in nearby sub-counties (last 4 weeks) | symptom reports at or below normal,"0 farmer symptom reports in the last 2 weeks | cooler, less evaporative conditions than normal",0.0,0.0,24.0,11.538461538461538,24.0,0.492802742149264,72.1,155.83145221971247,,0.0,0
A09,148,2025-11-03,47.0,Elevated,Low data,"no outbreak declared here in the last 8 weeks | 2 confirmed outbreaks in nearby sub-counties (last 4 weeks) | rainfall 105% above normal over the last 8 weeks | hotter, drier air than normal (high evaporation)",cattle arrivals +2% compared with recent weeks | seasonal timing,1.0,0.0,22.0,1.8867924528301887,24.0,0.485410701017025,1.0,104.73066984694732,,0.0,0
A09,149,2025-11-10,94.0,High,Low data,2 farmer symptom reports in the last 2 weeks | no outbreak declared here in the last 8 weeks | 1 confirmed outbreaks in nearby sub-counties (last 4 weeks) | symptom reports well above this area's normal level,"16 weeks since last vaccination campaign | hotter, drier air than normal (high evaporation)",1.0,0.0,9.0,-45.63106796116505,0.0,0.4781295405017696,2.3,56.57091829141186,,0.0,0
A09,150,2025-11-17,24.0,Low,Low data,no outbreak declared here in the last 8 weeks | 1 confirmed outbreaks in nearby sub-counties (last 4 weeks) | vaccination coverage about 47% | seasonal timing,"hotter, drier air than normal (high evaporation) | 1 farmer symptom reports in the last 2 weeks",0.0,0.0,0.0,-80.3921568627451,0.0,0.4709575973942431,0.3,2.66159695817493,,0.0,0
A09,151,2025-11-24,7.0,Low,Low data,no outbreak declared here in the last 8 weeks | 1 confirmed outbreaks in nearby sub-counties (last 4 weeks) | vaccination coverage about 46% | seasonal timing,"0 farmer symptom reports in the last 2 weeks | hotter, drier air than normal (high evaporation)",0.0,0.0,9.0,-26.31578947368421,2.0,0.4638932334333294,3.0000000000000004,-16.190322840350962,,0.0,0
A09,152,2025-12-01,6.0,Low,Low data,no outbreak declared here in the last 8 weeks | 1 confirmed outbreaks in nearby sub-counties (last 4 weeks) | vaccination coverage about 46% | cattle arrivals +14% compared with recent weeks,"0 farmer symptom reports in the last 2 weeks | hotter, drier air than normal (high evaporation)",0.0,0.0,18.0,14.285714285714285,2.0,0.4569348349318295,0.0,-34.64188765921891,,0.0,0
A09,153,2025-12-08,12.0,Low,Low data,no outbreak declared here in the last 8 weeks | 1 confirmed outbreaks in nearby sub-counties (last 4 weeks) | cattle arrivals +165% compared with recent weeks | vaccination coverage about 45%,0 farmer symptom reports in the last 2 weeks | 20 weeks since last vaccination campaign,0.0,0.0,47.0,164.96815286624204,11.0,0.4500808124078521,17.1,-29.21369810598811,Cattle arrivals unusually high (+165% on recent weeks),0.0,0
A10,104,2024-12-30,45.0,Elevated,Adequate,2 farmer symptom reports in the last 2 weeks | no outbreak declared here in the last 8 weeks | 1 vet-reported suspected cases in the last 2 weeks | 2 farmer symptom reports this week,seasonal timing | 0 confirmed outbreaks in nearby sub-counties (last 4 weeks),2.0,0.0,23.0,-51.09170305676856,12.0,0.4275509288353422,15.1,-38.39179130050528,,0.0,0
A10,105,2025-01-06,45.0,Elevated,Adequate,"3 farmer symptom reports in the last 2 weeks | no outbreak declared here in the last 8 weeks | hotter, drier air than normal (high evaporation) | 1 farmer symptom reports this week",seasonal timing | border area with cross-border movement,1.0,0.0,20.0,-55.654101995565405,0.0,0.421137664902812,16.4,-39.5769242713078,,0.0,0
A10,106,2025-01-13,42.0,Elevated,Adequate,"symptom reports at or below normal | no outbreak declared here in the last 8 weeks | hotter, drier air than normal (high evaporation) | vaccination coverage about 41%",cattle arrivals +114% compared with recent weeks | border area with cross-border movement,0.0,0.0,106.0,113.97590361445783,0.0,0.4148205999292699,6.9,-47.79762857053893,Cattle arrivals unusually high (+114% on recent weeks),0.0,0
A10,107,2025-01-20,12.0,Low,Adequate,symptom reports at or below normal | no outbreak declared here in the last 8 weeks | 22 cattle arrived from other sub-counties | major livestock market in the area,0 farmer symptom reports in the last 2 weeks | 0 confirmed outbreaks in nearby sub-counties (last 4 weeks),0.0,0.0,37.0,-21.12676056338028,0.0,0.4085982909303308,3.3,-54.10905367069631,,0.0,0
A10,108,2025-01-27,6.0,Low,Adequate,symptom reports at or below normal | no outbreak declared here in the last 8 weeks | major livestock market in the area | moderate cattle density,"0 farmer symptom reports in the last 2 weeks | cooler, less evaporative conditions than normal",0.0,0.0,36.0,-23.364485981308412,0.0,0.4024693165663758,58.1,-48.672504823494336,,0.0,0
A10,109,2025-02-03,22.0,Low,Adequate,"no outbreak declared here in the last 8 weeks | hotter, drier air than normal (high evaporation) | major livestock market in the area | 1 farmer symptom reports this week",0 confirmed outbreaks in nearby sub-counties (last 4 weeks) | 1 farmer symptom reports in the last 2 weeks,1.0,0.0,21.0,-45.26315789473684,0.0,0.3964322768178802,7.9,-54.80049835149755,,0.0,0
A10,110,2025-02-10,31.0,Low,Adequate,"no outbreak declared here in the last 8 weeks | symptom reports at or below normal | hotter, drier air than normal (high evaporation) | major livestock market in the area",0 confirmed outbreaks in nearby sub-counties (last 4 weeks) | border area with cross-border movement,0.0,0.0,18.0,-49.589041095890416,0.0,0.390485792665612,12.4,-65.32755626916655,,0.0,0
A10,111,2025-02-17,8.0,Low,Adequate,no outbreak declared here in the last 8 weeks | rainfall 71% below normal over the last 8 weeks | major livestock market in the area | seasonal timing,0 farmer symptom reports in the last 2 weeks | 0 confirmed outbreaks in nearby sub-counties (last 4 weeks),0.0,0.0,69.0,71.09826589595376,0.0,0.3846285057756278,0.4,-70.84501063679255,,0.0,0
A10,112,2025-02-24,3.0,Low,Adequate,no outbreak declared here in the last 8 weeks | rainfall 73% below normal over the last 8 weeks | major livestock market in the area | seasonal timing,"0 farmer symptom reports in the last 2 weeks | hotter, drier air than normal (high evaporation)",0.0,0.0,41.0,-0.5405405405405406,0.0,0.3788590781889934,0.0,-73.22692155998413,,0.0,0
A10,113,2025-03-03,7.0,Low,Adequate,no outbreak declared here in the last 8 weeks | rainfall 76% below normal over the last 8 weeks | 1 farmer symptom reports this week | major livestock market in the area,0 confirmed outbreaks in nearby sub-counties (last 4 weeks) | seasonal timing,1.0,0.0,35.0,-17.525773195876287,0.0,0.3731761920161585,4.6,-75.90865753552073,,0.0,0
A10,114,2025-03-10,10.0,Low,Adequate,rainfall 72% below normal over the last 8 weeks | no outbreak declared here in the last 8 weeks | cattle arrivals -90% compared with recent weeks | major livestock market in the area,seasonal timing | 0 confirmed outbreaks in nearby sub-counties (last 4 weeks),0.0,0.0,0.0,-90.07444168734492,0.0,0.3675785491359161,18.0,-71.93471824610337,,0.0,0
A10,115,2025-03-17,4.0,Low,Adequate,no outbreak declared here in the last 8 weeks | rainfall 69% below normal over the last 8 weeks | major livestock market in the area | symptom reports at or below normal,0 farmer symptom reports in the last 2 weeks | 0 confirmed outbreaks in nearby sub-counties (last 4 weeks),0.0,0.0,28.0,-11.11111111111111,0.0,0.3620648708988774,12.0,-69.00587732958249,,0.0,0
A10,116,2025-03-24,11.0,Low,Adequate,rainfall 76% below normal over the last 8 weeks | no outbreak declared here in the last 8 weeks | major livestock market in the area | symptom reports at or below normal,0 farmer symptom reports in the last 2 weeks | 0 confirmed outbreaks in nearby sub-counties (last 4 weeks),0.0,0.0,23.0,-22.22222222222222,0.0,0.3566338978353942,42.8,-76.00816743236341,,0.0,0
A10,117,2025-03-31,16.0,Low,Adequate,no outbreak declared here in the last 8 weeks | rainfall 75% below normal over the last 8 weeks | 1 farmer symptom reports this week | seasonal timing,0 confirmed outbreaks in nearby sub-counties (last 4 weeks) | seasonal timing,1.0,0.0,24.0,-15.636363636363637,0.0,0.3512843893678633,28.4,-75.28491534218666,,0.0,0
A10,118,2025-04-07,11.0,Low,Adequate,"no outbreak declared here in the last 8 weeks | cattle arrivals +12% compared with recent weeks | hotter, drier air than normal (high evaporation) | major livestock market in the area",seasonal timing | 0 confirmed outbreaks in nearby sub-counties (last 4 weeks),0.0,0.0,34.0,12.23021582733813,0.0,0.3460151235273453,10.1,-78.67598642556857,,0.0,0
A10,119,2025-04-14,5.0,Low,Adequate,no outbreak declared here in the last 8 weeks | rainfall 78% below normal over the last 8 weeks | cattle arrivals -70% compared with recent weeks | major livestock market in the area,0 farmer symptom reports in the last 2 weeks | seasonal timing,0.0,0.0,6.0,-70.06802721088435,0.0,0.3408248966744351,1.4,-78.48317360512483,,0.0,0
A10,120,2025-04-21,4.0,Low,Adequate,no outbreak declared here in the last 8 weeks | major livestock market in the area | moderate cattle density,0 farmer symptom reports in the last 2 weeks | 0 confirmed outbreaks in nearby sub-counties (last 4 weeks),0.0,0.0,30.0,21.21212121212121,0.0,0.3357125232243186,8.7,-79.45246872544872,,0.0,0
A10,121,2025-04-28,4.0,Low,Adequate,no outbreak declared here in the last 8 weeks | 31 weeks since last vaccination campaign | major livestock market in the area | moderate cattle density,0 farmer symptom reports in the last 2 weeks | 0 confirmed outbreaks in nearby sub-counties (last 4 weeks),0.0,0.0,53.0,110.9090909090909,0.0,0.3306768353759538,0.3,-79.34182457020957,,0.0,0
A10,122,2025-05-05,10.0,Low,Adequate,"cattle arrivals +122% compared with recent weeks | no outbreak declared here in the last 8 weeks | hotter, drier air than normal (high evaporation) | 32 weeks since last vaccination campaign",0 farmer symptom reports in the last 2 weeks | rainfall 82% below normal over the last 8 weeks,0.0,0.0,61.0,121.84873949579831,0.0,0.3257166828453145,2.6,-82.20597010358178,,0.0,0
A10,123,2025-05-12,16.0,Low,Adequate,"19 cattle arrived from other sub-counties | no outbreak declared here in the last 8 weeks | hotter, drier air than normal (high evaporation) | seasonal timing",rainfall 84% below normal over the last 8 weeks | 0 confirmed outbreaks in nearby sub-counties (last 4 weeks),1.0,0.0,24.0,-22.40802675585284,0.0,0.3208309326026348,2.2,-83.53712262911378,,0.0,0
A10,124,2025-05-19,9.0,Low,Adequate,"no outbreak declared here in the last 8 weeks | hotter, drier air than normal (high evaporation) | major livestock market in the area | seasonal timing",rainfall 88% below normal over the last 8 weeks | 0 confirmed outbreaks in nearby sub-counties (last 4 weeks),0.0,0.0,57.0,68.13559322033899,0.0,0.3160184686135953,1.7,-87.84793191868889,,0.0,0
A10,125,2025-05-26,5.0,Low,Adequate,"hotter, drier air than normal (high evaporation) | no outbreak declared here in the last 8 weeks | major livestock market in the area | moderate cattle density",rainfall 91% below normal over the last 8 weeks | 0 confirmed outbreaks in nearby sub-counties (last 4 weeks),1.0,0.0,30.0,-14.893617021276595,0.0,0.3112781915843913,2.3,-90.75032950480136,,0.0,0
A10,126,2025-06-02,18.0,Low,Adequate,"2 farmer symptom reports in the last 2 weeks | no outbreak declared here in the last 8 weeks | hotter, drier air than normal (high evaporation) | cattle arrivals -62% compared with recent weeks",rainfall 90% below normal over the last 8 weeks | 0 confirmed outbreaks in nearby sub-counties (last 4 weeks),1.0,0.0,11.0,-61.791044776119406,0.0,0.3066090187106254,0.7,-90.48195072260768,,0.0,0
A10,127,2025-06-09,6.0,Low,Adequate,"no outbreak declared here in the last 8 weeks | hotter, drier air than normal (high evaporation) | major livestock market in the area | seasonal timing",rainfall 86% below normal over the last 8 weeks | 0 confirmed outbreaks in nearby sub-counties (last 4 weeks),0.0,0.0,71.0,94.87179487179486,0.0,0.3020098834299661,7.2,-86.14775725593657,,0.0,0
A10,128,2025-06-16,13.0,Low,Adequate,"no outbreak declared here in the last 8 weeks | hotter, drier air than normal (high evaporation) | 1 vet-reported suspected cases in the last 2 weeks | 1 suspected cases reported by vets this week",0 farmer symptom reports in the last 2 weeks | rainfall 84% below normal over the last 8 weeks,0.0,1.0,60.0,37.93103448275862,0.0,0.2974797351785166,1.6,-84.41331952694965,,0.0,0
A10,129,2025-06-23,9.0,Low,Adequate,no outbreak declared here in the last 8 weeks | seasonal timing | 1 vet-reported suspected cases in the last 2 weeks | major livestock market in the area,0 farmer symptom reports in the last 2 weeks | 0 confirmed outbreaks in nearby sub-counties (last 4 weeks),0.0,0.0,32.0,-27.27272727272727,0.0,0.2930175391508388,1.1,-80.43521661010172,,0.0,0
A10,130,2025-06-30,17.0,Low,Adequate,seasonal timing | no outbreak declared here in the last 8 weeks | 23 cattle arrived from other sub-counties | major livestock market in the area,0 farmer symptom reports in the last 2 weeks | cattle arrivals +101% compared with recent weeks,0.0,0.0,92.0,101.03626943005182,0.0,0.2886222760635762,0.4,-76.53149266609117,,0.0,0
A10,131,2025-07-07,45.0,Elevated,Adequate,rainfall 76% below normal over the last 8 weeks | no outbreak declared here in the last 8 weeks | 1 confirmed outbreaks in nearby sub-counties (last 4 weeks) | seasonal timing,0 farmer symptom reports in the last 2 weeks | border area with cross-border movement,0.0,1.0,16.0,-59.71223021582733,0.0,0.2842929419226226,0.0,-76.08799617407922,,0.0,0
A10,132,2025-07-14,50.0,Elevated,Adequate,rainfall 78% below normal over the last 8 weeks | 1 confirmed outbreaks in nearby sub-counties (last 4 weeks) | no outbreak declared here in the last 8 weeks | cattle arrivals -90% compared with recent weeks,0 farmer symptom reports in the last 2 weeks | vaccination coverage about 28%,0.0,0.0,0.0,-90.2200488997555,0.0,0.2800285477937833,0.0,-77.881146762863,,0.0,0
A10,133,2025-07-21,16.0,Low,Adequate,1 confirmed outbreaks in nearby sub-counties (last 4 weeks) | no outbreak declared here in the last 8 weeks | vaccination coverage about 58% | rainfall 81% below normal over the last 8 weeks,0 farmer symptom reports in the last 2 weeks | 0 weeks since last vaccination campaign,0.0,0.0,46.0,15.909090909090908,0.0,0.5830292020540535,0.0,-80.72510325837537,,0.0,0
A10,134,2025-07-28,43.0,Elevated,Adequate,rainfall 75% below normal over the last 8 weeks | 1 confirmed outbreaks in nearby sub-counties (last 4 weeks) | no outbreak declared here in the last 8 weeks | vaccination coverage about 57%,0 farmer symptom reports in the last 2 weeks | 1 weeks since last vaccination campaign,0.0,0.0,87.0,100.0,24.0,0.5742837640232427,0.0,-75.14387167870707,,0.0,0
A10,135,2025-08-04,41.0,Elevated,Adequate,"no outbreak declared here in the last 8 weeks | vaccination coverage about 57% | cooler, less evaporative conditions than normal | rainfall 78% below normal over the last 8 weeks",0 confirmed outbreaks in nearby sub-counties (last 4 weeks) | 1 farmer symptom reports in the last 2 weeks,1.0,0.0,26.0,-44.14414414414414,24.0,0.565669507562894,5.1000000000000005,-77.53086419753109,,0.0,0
A10,136,2025-08-11,15.0,Low,Adequate,rainfall 73% below normal over the last 8 weeks | no outbreak declared here in the last 8 weeks | vaccination coverage about 56% | cattle arrivals -36% compared with recent weeks,"0 confirmed outbreaks in nearby sub-counties (last 4 weeks) | cooler, less evaporative conditions than normal",0.0,0.0,27.0,-35.83959899749373,0.0,0.5571844649494506,5.4,-72.73515925145605,,0.0,0
A10,137,2025-08-18,5.0,Low,Adequate,no outbreak declared here in the last 8 weeks | rainfall 58% below normal over the last 8 weeks | vaccination coverage about 55% | major livestock market in the area,0 farmer symptom reports in the last 2 weeks | cattle arrivals +9% compared with recent weeks,0.0,0.0,45.0,9.289617486338798,0.0,0.5488266979752089,18.1,-58.34223456526379,,0.0,0
A10,138,2025-08-25,22.0,Low,Adequate,"no outbreak declared here in the last 8 weeks | vaccination coverage about 54% | hotter, drier air than normal (high evaporation) | seasonal timing",5 weeks since last vaccination campaign | 0 confirmed outbreaks in nearby sub-counties (last 4 weeks),1.0,0.0,29.0,-28.232189973614773,10.0,0.5405942975055807,1.4,-61.77370030581052,,0.0,0
A10,139,2025-09-01,14.0,Low,Adequate,no outbreak declared here in the last 8 weeks | vaccination coverage about 53% | cattle arrivals -67% compared with recent weeks | seasonal timing,0 confirmed outbreaks in nearby sub-counties (last 4 weeks) | 6 weeks since last vaccination campaign,0.0,0.0,8.0,-67.08860759493672,10.0,0.532485383042997,0.0,-63.94447449071558,,0.0,1
A10,140,2025-09-08,20.0,Low,Adequate,"no outbreak declared here in the last 8 weeks | vaccination coverage about 52% | hotter, drier air than normal (high evaporation) | major livestock market in the area",0 farmer symptom reports in the last 2 weeks | 0 confirmed outbreaks in nearby sub-counties (last 4 weeks),0.0,0.0,16.0,-45.45454545454545,0.0,0.524498102297352,0.0,-62.67263904441951,,0.0,1
A10,141,2025-09-15,70.0,High,Adequate,3 farmer symptom reports in the last 2 weeks | no outbreak declared here in the last 8 weeks | symptom reports well above this area's normal level | 3 farmer symptom reports this week,0 confirmed outbreaks in nearby sub-counties (last 4 weeks) | 8 weeks since last vaccination campaign,3.0,0.0,44.0,20.98765432098765,0.0,0.5166306307628917,2.0,-61.54902499313361,,1.0,0
A10,142,2025-09-22,61.0,Elevated,Adequate,8 farmer symptom reports in the last 2 weeks | seasonal timing | vaccination coverage about 51% | symptom reports well above this area's normal level,outbreak declared here in the last 8 weeks | 9 weeks since last vaccination campaign,5.0,2.0,0.0,-87.5776397515528,0.0,0.5088811713014484,0.1,-62.71366575148352,,0.0,0
A10,143,2025-09-29,63.0,Elevated,Adequate,11 farmer symptom reports in the last 2 weeks | seasonal timing | rainfall 69% below normal over the last 8 weeks | vaccination coverage about 50%,outbreak declared here in the last 8 weeks | 10 weeks since last vaccination campaign,6.0,0.0,2.0,-76.17021276595744,0.0,0.5012479537319267,2.5,-69.1935735454688,,0.0,0
A10,144,2025-10-06,47.0,Elevated,Adequate,11 farmer symptom reports in the last 2 weeks | seasonal timing | rainfall 66% below normal over the last 8 weeks | 3 suspected cases reported by vets this week,outbreak declared here in the last 8 weeks | cattle arrivals +6% compared with recent weeks,5.0,3.0,23.0,6.161137440758294,0.0,0.4937292344259477,9.1,-66.3734724060094,,0.0,0
A10,145,2025-10-13,46.0,Elevated,Adequate,8 farmer symptom reports in the last 2 weeks | seasonal timing | 2 suspected cases reported by vets this week | vaccination coverage about 49%,outbreak declared here in the last 8 weeks | 12 weeks since last vaccination campaign,3.0,2.0,24.0,12.077294685990339,0.0,0.4863232959095585,0.5,-80.66173137936252,,0.0,0
A10,146,2025-10-20,7.0,Low,Adequate,5 farmer symptom reports in the last 2 weeks | rainfall 75% below normal over the last 8 weeks | 2 vet-reported suspected cases in the last 2 weeks | vaccination coverage about 48%,outbreak declared here in the last 8 weeks | cattle arrivals +76% compared with recent weeks,2.0,0.0,36.0,76.34408602150538,0.0,0.4790284464709151,10.9,-75.13988242793398,,0.0,0
A10,147,2025-10-27,11.0,Low,Adequate,5 farmer symptom reports in the last 2 weeks | rainfall 69% below normal over the last 8 weeks | 3 farmer symptom reports this week | vaccination coverage about 47%,"outbreak declared here in the last 8 weeks | cooler, less evaporative conditions than normal",3.0,0.0,29.0,40.932642487046635,0.0,0.4718430197738514,18.3,-69.48048236840614,,0.0,0
A10,148,2025-11-03,5.0,Low,Adequate,4 farmer symptom reports in the last 2 weeks | rainfall 72% below normal over the last 8 weeks | vaccination coverage about 46% | 1 farmer symptom reports this week,"outbreak declared here in the last 8 weeks | hotter, drier air than normal (high evaporation)",1.0,0.0,40.0,68.22429906542055,0.0,0.4647653744772436,7.0,-72.23116178566512,,0.0,0
A10,149,2025-11-10,4.0,Low,Adequate,symptom reports at or below normal | vaccination coverage about 46% | major livestock market in the area | rainfall 65% below normal over the last 8 weeks,"outbreak declared here in the last 8 weeks | hotter, drier air than normal (high evaporation)",0.0,0.0,38.0,44.537815126050425,0.0,0.4577938938600849,31.8,-64.87675713562568,,0.0,0
A10,150,2025-11-17,14.0,Low,Adequate,symptom reports at or below normal | no outbreak declared here in the last 8 weeks | vaccination coverage about 45% | rainfall 67% below normal over the last 8 weeks,0 farmer symptom reports in the last 2 weeks | 0 confirmed outbreaks in nearby sub-counties (last 4 weeks),0.0,0.0,54.0,103.44827586206897,0.0,0.4509269854521837,17.6,-66.51744077597466,,0.0,0
A10,151,2025-11-24,20.0,Low,Adequate,symptom reports at or below normal | no outbreak declared here in the last 8 weeks | rainfall 68% below normal over the last 8 weeks | vaccination coverage about 44%,0 farmer symptom reports in the last 2 weeks | 0 confirmed outbreaks in nearby sub-counties (last 4 weeks),0.0,0.0,17.0,-38.46153846153847,0.0,0.4441630806704009,16.1,-67.82664049652541,,0.0,0
A10,152,2025-12-01,41.0,Elevated,Adequate,rainfall 73% below normal over the last 8 weeks | 1 confirmed outbreaks in nearby sub-counties (last 4 weeks) | no outbreak declared here in the last 8 weeks | vaccination coverage about 44%,"hotter, drier air than normal (high evaporation) | seasonal timing",1.0,0.0,56.0,62.12624584717608,0.0,0.4375006344603449,6.699999999999999,-72.95329951547964,,0.0,0
A10,153,2025-12-08,72.0,High,Adequate,2 farmer symptom reports in the last 2 weeks | no outbreak declared here in the last 8 weeks | rainfall 69% below normal over the last 8 weeks | 1 confirmed outbreaks in nearby sub-counties (last 4 weeks),seasonal timing | border area with cross-border movement,1.0,0.0,43.0,14.97005988023952,0.0,0.4309381249434397,36.2,-69.11274049507522,,0.0,1
A11,104,2024-12-30,46.0,Elevated,Adequate,no outbreak declared here in the last 8 weeks | 3 confirmed outbreaks in nearby sub-counties (last 4 weeks) | 82 cattle recorded arriving this week | vaccination coverage about 53%,seasonal timing | 11 cattle arrived from areas with recent outbreaks,0.0,0.0,82.0,27.472527472527474,11.0,0.5320372881393223,0.1,-28.68632177024619,,0.0,0
A11,105,2025-01-06,17.0,Low,Adequate,3 confirmed outbreaks in nearby sub-counties (last 4 weeks) | no outbreak declared here in the last 8 weeks | vaccination coverage about 52% | major livestock market in the area,0 farmer symptom reports in the last 2 weeks | seasonal timing,0.0,0.0,25.0,-57.67195767195767,4.0,0.5240567288172324,0.6000000000000001,-32.654834848294456,,0.0,0
A11,106,2025-01-13,90.0,High,Adequate,no outbreak declared here in the last 8 weeks | 2 farmer symptom reports in the last 2 weeks | 3 confirmed outbreaks in nearby sub-counties (last 4 weeks) | vaccination coverage about 52%,seasonal timing | 0 vet-reported suspected cases in the last 2 weeks,2.0,0.0,96.0,47.985347985347985,0.0,0.5161958778849739,0.1,-43.57710040983617,,0.0,0
A11,107,2025-01-20,83.0,High,Adequate,3 farmer symptom reports in the last 2 weeks | no outbreak declared here in the last 8 weeks | 1 confirmed outbreaks in nearby sub-counties (last 4 weeks) | vaccination coverage about 51%,32 cattle recorded arriving this week | seasonal timing,1.0,0.0,32.0,-48.161120840630474,0.0,0.5084529397166992,4.4,-65.81340004881628,,0.0,0
A11,108,2025-01-27,44.0,Elevated,Adequate,no outbreak declared here in the last 8 weeks | cattle arrivals -90% compared with recent weeks | vaccination coverage about 50% | 2 farmer symptom reports in the last 2 weeks,"cooler, less evaporative conditions than normal | 0 confirmed outbreaks in nearby sub-counties (last 4 weeks)",1.0,0.0,2.0,-89.53271028037383,0.0,0.5008261456209487,29.2,-46.40716169770605,,0.0,0
A11,109,2025-02-03,41.0,Elevated,Adequate,vaccination coverage about 49% | no outbreak declared here in the last 8 weeks | 28 cattle arrived from other sub-counties | major livestock market in the area,cattle arrivals +0% compared with recent weeks | 0 confirmed outbreaks in nearby sub-counties (last 4 weeks),0.0,0.0,55.0,0.41841004184100417,0.0,0.4933137534366345,0.5,-39.2621352111128,,0.0,0
A11,110,2025-02-10,41.0,Elevated,Adequate,"no outbreak declared here in the last 8 weeks | vaccination coverage about 49% | hotter, drier air than normal (high evaporation) | major livestock market in the area",0 farmer symptom reports in the last 2 weeks | cattle arrivals +78% compared with recent weeks,0.0,0.0,92.0,77.57437070938215,0.0,0.4859140471350849,1.0,-51.747122629792194,,0.0,0
A11,111,2025-02-17,44.0,Elevated,Adequate,no outbreak declared here in the last 8 weeks | 1 confirmed outbreaks in nearby sub-counties (last 4 weeks) | vaccination coverage about 48% | major livestock market in the area,0 farmer symptom reports in the last 2 weeks | 0 farmer symptom reports this week,0.0,0.0,70.0,31.004366812227076,0.0,0.4786253364280586,0.0,-55.76377362531472,,0.0,0
A11,112,2025-02-24,45.0,Elevated,Adequate,no outbreak declared here in the last 8 weeks | vaccination coverage about 47% | 1 confirmed outbreaks in nearby sub-counties (last 4 weeks) | major livestock market in the area,cattle arrivals -1% compared with recent weeks | 1 farmer symptom reports in the last 2 weeks,1.0,0.0,56.0,-1.214574898785425,0.0,0.4714459563816378,0.0,-57.21625408687541,,0.0,0
A11,113,2025-03-03,61.0,Elevated,Adequate,2 farmer symptom reports in the last 2 weeks | no outbreak declared here in the last 8 weeks | 2 confirmed outbreaks in nearby sub-counties (last 4 weeks) | vaccination coverage about 46%,seasonal timing | seasonal timing,1.0,0.0,60.0,11.11111111111111,0.0,0.4643742670359132,11.2,-47.07703856620061,,0.0,0
A11,114,2025-03-10,22.0,Low,Adequate,no outbreak declared here in the last 8 weeks | cattle arrivals +15% compared with recent weeks | 2 confirmed outbreaks in nearby sub-counties (last 4 weeks) | vaccination coverage about 46%,seasonal timing | seasonal timing,0.0,0.0,67.0,14.512922465208748,10.0,0.4574086530303745,27.5,-22.757857867084365,,0.0,0
A11,115,2025-03-17,9.0,Low,Adequate,no outbreak declared here in the last 8 weeks | 1 confirmed outbreaks in nearby sub-counties (last 4 weeks) | vaccination coverage about 45% | major livestock market in the area,0 farmer symptom reports in the last 2 weeks | seasonal timing,0.0,0.0,53.0,-2.109704641350211,10.0,0.4505475232349189,22.7,-12.31535554792143,,0.0,0
A11,116,2025-03-24,28.0,Low,Adequate,no outbreak declared here in the last 8 weeks | 1 confirmed outbreaks in nearby sub-counties (last 4 weeks) | vaccination coverage about 44% | 21 cattle arrived from other sub-counties,0 farmer symptom reports in the last 2 weeks | seasonal timing,0.0,0.0,25.0,-51.515151515151516,0.0,0.4437893103863951,48.3,-11.854545454545276,,0.0,0
A11,117,2025-03-31,17.0,Low,Adequate,"no outbreak declared here in the last 8 weeks | vaccination coverage about 44% | 23 cattle recorded arriving this week | cooler, less evaporative conditions than normal",0 farmer symptom reports in the last 2 weeks | 0 confirmed outbreaks in nearby sub-counties (last 4 weeks),0.0,0.0,23.0,-56.75675675675676,0.0,0.4371324707305992,35.2,3.1016467164873505,,0.0,0
A11,118,2025-04-07,37.0,Low,Adequate,no outbreak declared here in the last 8 weeks | 19 cattle arrived from other sub-counties | vaccination coverage about 43% | 19 cattle recorded arriving this week,seasonal timing | 0 confirmed outbreaks in nearby sub-counties (last 4 weeks),1.0,0.0,19.0,-60.49382716049383,0.0,0.4305754836696402,13.8,-6.011476962504736,,0.0,0
A11,119,2025-04-14,45.0,Elevated,Adequate,"hotter, drier air than normal (high evaporation) | no outbreak declared here in the last 8 weeks | vaccination coverage about 42% | cattle arrivals +53% compared with recent weeks",seasonal timing | 0 confirmed outbreaks in nearby sub-counties (last 4 weeks),0.0,0.0,74.0,53.026634382566584,0.0,0.4241168514145956,22.0,-12.0752455161601,,0.0,0
A11,120,2025-04-21,31.0,Low,Adequate,"no outbreak declared here in the last 8 weeks | hotter, drier air than normal (high evaporation) | cattle arrivals +42% compared with recent weeks | vaccination coverage about 42%",0 farmer symptom reports in the last 2 weeks | 0 confirmed outbreaks in nearby sub-counties (last 4 weeks),0.0,0.0,69.0,41.96642685851319,0.0,0.4177550986433767,53.6,-3.6595946052525976,,0.0,0
A11,121,2025-04-28,35.0,Low,Adequate,no outbreak declared here in the last 8 weeks | 2 confirmed outbreaks in nearby sub-counties (last 4 weeks) | major livestock market in the area | vaccination coverage about 41%,0 farmer symptom reports in the last 2 weeks | seasonal timing,0.0,0.0,81.0,60.0,0.0,0.411488772163726,6.4,-15.529220893732374,,0.0,0
A11,122,2025-05-05,33.0,Low,Adequate,"3 confirmed outbreaks in nearby sub-counties (last 4 weeks) | no outbreak declared here in the last 8 weeks | hotter, drier air than normal (high evaporation) | major livestock market in the area",0 farmer symptom reports in the last 2 weeks | 49 weeks since last vaccination campaign,0.0,0.0,29.0,-39.689578713968956,0.0,0.4053164405812701,31.5,-20.52872062663164,,0.0,0
A11,123,2025-05-12,42.0,Elevated,Adequate,"3 confirmed outbreaks in nearby sub-counties (last 4 weeks) | no outbreak declared here in the last 8 weeks | hotter, drier air than normal (high evaporation) | seasonal timing",0 farmer symptom reports in the last 2 weeks | symptom reports at or below normal,0.0,0.0,59.0,23.97094430992736,0.0,0.399236693972551,16.8,-23.520133904142483,,0.0,0
A11,124,2025-05-19,43.0,Elevated,Adequate,3 confirmed outbreaks in nearby sub-counties (last 4 weeks) | no outbreak declared here in the last 8 weeks | 29 cattle arrived from other sub-counties | seasonal timing,cattle arrivals -26% compared with recent weeks | 34 cattle recorded arriving this week,1.0,0.0,34.0,-25.53699284009546,20.0,0.3932481435629628,4.6,-30.534159710529,,0.0,0
A11,125,2025-05-26,75.0,High,Adequate,"2 farmer symptom reports in the last 2 weeks | no outbreak declared here in the last 8 weeks | 2 confirmed outbreaks in nearby sub-counties (last 4 weeks) | hotter, drier air than normal (high evaporation)",vaccination coverage about 39% | symptom reports well above this area's normal level,1.0,0.0,56.0,14.018691588785046,39.0,0.3873494214095183,2.4,-37.51696854516533,,0.0,0
A11,126,2025-06-02,100.0,High,Adequate,"3 farmer symptom reports in the last 2 weeks | no outbreak declared here in the last 8 weeks | hotter, drier air than normal (high evaporation) | 23 cattle arrived from other sub-counties",cattle arrivals -11% compared with recent weeks | vaccination coverage about 38%,2.0,1.0,46.0,-11.496746203904555,19.0,0.3815391800883755,16.900000000000002,-33.09156106108128,,0.0,1
A11,127,2025-06-09,67.0,Elevated,Adequate,4 farmer symptom reports in the last 2 weeks | no outbreak declared here in the last 8 weeks | 31 cattle arrived from other sub-counties | 1 confirmed outbreaks in nearby sub-counties (last 4 weeks),cattle arrivals +5% compared with recent weeks | 13 cattle arrived from areas with recent outbreaks,2.0,2.0,59.0,4.918032786885246,13.0,0.3758160923870499,2.1,-32.11009174311906,,0.0,1
A11,128,2025-06-16,100.0,High,Adequate,7 farmer symptom reports in the last 2 weeks | no outbreak declared here in the last 8 weeks | cattle arrivals -34% compared with recent weeks | symptom reports well above this area's normal level,34 cattle recorded arriving this week | rainfall 46% below normal over the last 8 weeks,5.0,2.0,34.0,-34.038054968287526,28.0,0.3701788510012442,7.0,-45.63160823594858,Farmer symptom reports unusually high (5 this week),1.0,0
A11,129,2025-06-23,14.0,Low,Adequate,13 farmer symptom reports in the last 2 weeks | symptom reports well above this area's normal level | 6 suspected cases reported by vets this week | 56 weeks since last vaccination campaign,outbreak declared here in the last 8 weeks | 15 cattle arrived from areas with recent outbreaks,8.0,6.0,68.0,33.33333333333333,15.0,0.3646261682362255,1.1,-36.78593418622145,Farmer symptom reports unusually high (8 this week) | Vet-reported suspected cases unusually high (6 this week),0.0,0
A11,130,2025-06-30,41.0,Elevated,Adequate,18 farmer symptom reports in the last 2 weeks | 57 weeks since last vaccination campaign | cattle arrivals -38% compared with recent weeks | seasonal timing,outbreak declared here in the last 8 weeks | 7 cattle arrived from other sub-counties,10.0,4.0,28.0,-37.88235294117647,0.0,0.3591567757126821,3.4,-42.6814048850062,,0.0,0
A11,131,2025-07-07,31.0,Low,Adequate,"58 weeks since last vaccination campaign | symptom reports well above this area's normal level | 25 farmer symptom reports in the last 2 weeks | hotter, drier air than normal (high evaporation)",outbreak declared here in the last 8 weeks | 8 vet-reported suspected cases in the last 2 weeks,15.0,4.0,56.0,15.09433962264151,0.0,0.3537694240769918,7.800000000000001,-46.64222307989191,Farmer symptom reports unusually high (15 this week),0.0,0
A11,132,2025-07-14,10.0,Low,Adequate,7 suspected cases reported by vets this week | 59 weeks since last vaccination campaign | 27 farmer symptom reports in the last 2 weeks | seasonal timing,outbreak declared here in the last 8 weeks | 11 vet-reported suspected cases in the last 2 weeks,12.0,7.0,17.0,-58.19477434679335,17.0,0.348462882715837,4.3,-43.21701424736741,,0.0,0
A11,133,2025-07-21,6.0,Low,Adequate,60 weeks since last vaccination campaign | 24 farmer symptom reports in the last 2 weeks | 7 suspected cases reported by vets this week | 6 confirmed outbreaks in nearby sub-counties (last 4 weeks),outbreak declared here in the last 8 weeks | 14 vet-reported suspected cases in the last 2 weeks,12.0,7.0,56.0,20.792079207920793,47.0,0.3432359394750994,1.2,-46.21075784843035,,0.0,0
A11,134,2025-07-28,10.0,Low,Adequate,61 weeks since last vaccination campaign | 25 farmer symptom reports in the last 2 weeks | 6 suspected cases reported by vets this week | 75 cattle arrived from areas with recent outbreaks,outbreak declared here in the last 8 weeks | 13 vet-reported suspected cases in the last 2 weeks,13.0,6.0,117.0,141.58415841584159,75.0,0.3380874003829729,0.4,-57.08697653014275,Cattle arrivals unusually high (+142% on recent weeks),0.0,0
A11,135,2025-08-04,26.0,Low,Adequate,"18 farmer symptom reports in the last 2 weeks | 62 weeks since last vaccination campaign | 3 suspected cases reported by vets this week | hotter, drier air than normal (high evaporation)",outbreak declared here in the last 8 weeks | 9 vet-reported suspected cases in the last 2 weeks,5.0,3.0,66.0,19.57894736842105,45.0,0.3330160893772283,22.5,-20.10523400720044,,0.0,0
A11,136,2025-08-11,17.0,Low,Adequate,9 farmer symptom reports in the last 2 weeks | 63 weeks since last vaccination campaign | 3 confirmed outbreaks in nearby sub-counties (last 4 weeks) | cattle arrivals -92% compared with recent weeks,outbreak declared here in the last 8 weeks | symptom reports at or below normal,4.0,0.0,0.0,-91.70124481327801,0.0,0.3280208480365699,9.2,-17.742378467454056,,0.0,0
A11,137,2025-08-18,94.0,High,Adequate,6 farmer symptom reports in the last 2 weeks | no outbreak declared here in the last 8 weeks | symptom reports at or below normal | 64 weeks since last vaccination campaign,"cooler, less evaporative conditions than normal | 5 cattle arrived from areas with recent outbreaks",2.0,0.0,78.0,48.214285714285715,5.0,0.3231005353160213,19.2,5.248954257185392,,0.0,0
A11,138,2025-08-25,81.0,High,Adequate,no outbreak declared here in the last 8 weeks | symptom reports at or below normal | 2 farmer symptom reports in the last 2 weeks | 2 confirmed outbreaks in nearby sub-counties (last 4 weeks),rainfall 13% below normal over the last 8 weeks | 19 cattle arrived from areas with recent outbreaks,0.0,0.0,85.0,57.20524017467249,19.0,0.318254027286281,0.7,-13.108700669281898,,0.0,0
A11,139,2025-09-01,43.0,Elevated,Adequate,symptom reports at or below normal | no outbreak declared here in the last 8 weeks | 66 weeks since last vaccination campaign | 1 confirmed outbreaks in nearby sub-counties (last 4 weeks),cattle arrivals +86% compared with recent weeks | 14 cattle arrived from areas with recent outbreaks,1.0,0.0,115.0,86.40776699029125,14.0,0.3134802168769868,3.8,-25.58188080576117,,0.0,1
A11,140,2025-09-08,100.0,High,Adequate,3 farmer symptom reports in the last 2 weeks | no outbreak declared here in the last 8 weeks | 84 cattle recorded arriving this week | symptom reports at or below normal,,2.0,0.0,84.0,24.041811846689896,31.0,0.308778013623832,2.0,-31.315946645430504,,0.0,1
A11,141,2025-09-15,100.0,High,Adequate,symptom reports at or below normal | no outbreak declared here in the last 8 weeks | 2 farmer symptom reports in the last 2 weeks | 1 confirmed outbreaks in nearby sub-counties (last 4 weeks),0 vet-reported suspected cases in the last 2 weeks,0.0,0.0,46.0,-36.349453978159126,31.0,0.3041463434194745,1.2,-31.438791732909067,,1.0,0
A11,142,2025-09-22,25.0,Low,Adequate,69 weeks since last vaccination campaign | 3 confirmed outbreaks in nearby sub-counties (last 4 weeks) | symptom reports at or below normal | seasonal timing,outbreak declared here in the last 8 weeks | 0 farmer symptom reports in the last 2 weeks,0.0,0.0,28.0,-58.16164817749604,0.0,0.2995841482681823,4.4,-31.403871452733988,,0.0,0
A11,143,2025-09-29,17.0,Low,Adequate,seasonal timing | 3 confirmed outbreaks in nearby sub-counties (last 4 weeks) | 70 weeks since last vaccination campaign | symptom reports at or below normal,outbreak declared here in the last 8 weeks | 0 farmer symptom reports in the last 2 weeks,0.0,0.0,69.0,9.22509225092251,0.0,0.2950903860441596,20.0,-37.9892690650009,,0.0,0
A11,144,2025-10-06,9.0,Low,Adequate,71 weeks since last vaccination campaign | seasonal timing | 2 confirmed outbreaks in nearby sub-counties (last 4 weeks) | 16 cattle recorded arriving this week,outbreak declared here in the last 8 weeks | 0 farmer symptom reports in the last 2 weeks,0.0,0.0,16.0,-69.1743119266055,10.0,0.2906640302534972,9.5,-34.82463407898333,,0.0,0
A11,145,2025-10-13,9.0,Low,Adequate,3 confirmed outbreaks in nearby sub-counties (last 4 weeks) | 72 weeks since last vaccination campaign | 21 cattle arrived from other sub-counties | seasonal timing,outbreak declared here in the last 8 weeks | 10 cattle arrived from areas with recent outbreaks,1.0,0.0,54.0,-15.86452762923351,10.0,0.2863040697996947,14.3,-46.10288705324254,,0.0,0
A11,146,2025-10-20,7.0,Low,Adequate,"3 farmer symptom reports in the last 2 weeks | 3 confirmed outbreaks in nearby sub-counties (last 4 weeks) | 73 weeks since last vaccination campaign | cooler, less evaporative conditions than normal",outbreak declared here in the last 8 weeks | seasonal timing,2.0,0.0,57.0,-7.635009310986965,0.0,0.2820095087526993,30.5,-21.104699093157244,,0.0,0
A11,147,2025-10-27,5.0,Low,Adequate,3 confirmed outbreaks in nearby sub-counties (last 4 weeks) | 74 weeks since last vaccination campaign | 2 farmer symptom reports in the last 2 weeks | symptom reports at or below normal,outbreak declared here in the last 8 weeks | seasonal timing,0.0,0.0,28.0,-48.1335952848723,0.0,0.2777793661214088,77.1,33.702531645570005,,0.0,0
A11,148,2025-11-03,6.0,Low,Adequate,75 weeks since last vaccination campaign | 4 confirmed outbreaks in nearby sub-counties (last 4 weeks) | 25 cattle recorded arriving this week | 1 vet-reported suspected cases in the last 2 weeks,outbreak declared here in the last 8 weeks | 0 farmer symptom reports in the last 2 weeks,0.0,1.0,25.0,-43.127962085308056,0.0,0.2736126756295877,6.199999999999999,22.04918610386881,,0.0,0
A11,149,2025-11-10,7.0,Low,Adequate,76 weeks since last vaccination campaign | 3 confirmed outbreaks in nearby sub-counties (last 4 weeks) | 1 vet-reported suspected cases in the last 2 weeks | seasonal timing,outbreak declared here in the last 8 weeks | 0 farmer symptom reports in the last 2 weeks,0.0,0.0,30.0,-22.865013774104685,2.0,0.2695084854951439,0.9,4.921415134413864,,0.0,0
A11,150,2025-11-17,41.0,Elevated,Adequate,77 weeks since last vaccination campaign | no outbreak declared here in the last 8 weeks | 1 confirmed outbreaks in nearby sub-counties (last 4 weeks) | 19 cattle arrived from other sub-counties,0 farmer symptom reports in the last 2 weeks | cattle arrivals -1% compared with recent weeks,0.0,0.0,38.0,-0.8645533141210375,2.0,0.2654658582127167,0.8,-12.30705480161587,,0.0,0
A11,151,2025-11-24,43.0,Elevated,Adequate,"78 weeks since last vaccination campaign | no outbreak declared here in the last 8 weeks | 1 confirmed outbreaks in nearby sub-counties (last 4 weeks) | hotter, drier air than normal (high evaporation)",0 farmer symptom reports in the last 2 weeks | seasonal timing,0.0,0.0,15.0,-55.182072829131656,0.0,0.2614838703395259,1.2000000000000002,-28.79447388342154,,0.0,0
A11,152,2025-12-01,41.0,Elevated,Adequate,79 weeks since last vaccination campaign | 2 confirmed outbreaks in nearby sub-counties (last 4 weeks) | no outbreak declared here in the last 8 weeks | 42 cattle arrived from areas with recent outbreaks,0 farmer symptom reports in the last 2 weeks | seasonal timing,0.0,0.0,62.0,76.89768976897689,42.0,0.2575616122844331,0.2,-38.53654289818469,,0.0,0
A11,153,2025-12-08,40.0,Elevated,Adequate,80 weeks since last vaccination campaign | 2 confirmed outbreaks in nearby sub-counties (last 4 weeks) | no outbreak declared here in the last 8 weeks | seasonal timing,0 farmer symptom reports in the last 2 weeks | cattle arrivals -4% compared with recent weeks,0.0,0.0,37.0,-3.7249283667621778,42.0,0.2536981881001666,3.4,-45.5085312813648,,0.0,0
A12,104,2024-12-30,28.0,Low,Adequate,3 confirmed outbreaks in nearby sub-counties (last 4 weeks) | no outbreak declared here in the last 8 weeks | vaccination coverage about 53% | 31 weeks since last vaccination campaign,0 farmer symptom reports in the last 2 weeks | seasonal timing,0.0,0.0,7.0,-64.96350364963503,0.0,0.5320372881393223,1.7000000000000002,14.688979740768,,0.0,0
A12,105,2025-01-06,22.0,Low,Adequate,"3 confirmed outbreaks in nearby sub-counties (last 4 weeks) | no outbreak declared here in the last 8 weeks | vaccination coverage about 52% | hotter, drier air than normal (high evaporation)",0 farmer symptom reports in the last 2 weeks | seasonal timing,0.0,0.0,26.0,31.216931216931215,0.0,0.5240567288172324,1.3,19.005241265377105,,0.0,0
A12,106,2025-01-13,15.0,Low,Adequate,"3 confirmed outbreaks in nearby sub-counties (last 4 weeks) | no outbreak declared here in the last 8 weeks | vaccination coverage about 52% | hotter, drier air than normal (high evaporation)",0 farmer symptom reports in the last 2 weeks | cattle arrivals +113% compared with recent weeks,0.0,0.0,47.0,113.33333333333333,11.0,0.5161958778849739,0.2,0.3583408703218843,,0.0,0
A12,107,2025-01-20,41.0,Elevated,Adequate,"vaccination coverage about 51% | no outbreak declared here in the last 8 weeks | 1 confirmed outbreaks in nearby sub-counties (last 4 weeks) | hotter, drier air than normal (high evaporation)",1 farmer symptom reports in the last 2 weeks | 11 cattle arrived from areas with recent outbreaks,1.0,0.0,45.0,101.00502512562815,11.0,0.5084529397166992,4.4,-47.8902737298436,,0.0,0
A12,108,2025-01-27,7.0,Low,Adequate,vaccination coverage about 50% | no outbreak declared here in the last 8 weeks | moderate cattle density | not a border area,"cooler, less evaporative conditions than normal | 0 confirmed outbreaks in nearby sub-counties (last 4 weeks)",0.0,0.0,9.0,-46.91943127962085,0.0,0.5008261456209487,60.9,7.239013705298221,,0.0,0
A12,109,2025-02-03,8.0,Low,Adequate,vaccination coverage about 49% | no outbreak declared here in the last 8 weeks | 21 cattle recorded arriving this week | not a border area,0 farmer symptom reports in the last 2 weeks | cattle arrivals -4% compared with recent weeks,0.0,0.0,21.0,-3.7037037037037033,0.0,0.4933137534366345,0.3999999999999999,23.246656625959726,,0.0,0
A12,110,2025-02-10,11.0,Low,Adequate,"no outbreak declared here in the last 8 weeks | vaccination coverage about 49% | hotter, drier air than normal (high evaporation) | moderate cattle density",0 farmer symptom reports in the last 2 weeks | 0 confirmed outbreaks in nearby sub-counties (last 4 weeks),0.0,0.0,0.0,-82.30088495575221,0.0,0.4859140471350849,1.5,1.5092932425275023,,0.0,0
A12,111,2025-02-17,21.0,Low,Adequate,no outbreak declared here in the last 8 weeks | vaccination coverage about 48% | 1 confirmed outbreaks in nearby sub-counties (last 4 weeks) | 1 farmer symptom reports this week,"hotter, drier air than normal (high evaporation) | cattle arrivals +7% compared with recent weeks",1.0,0.0,21.0,6.666666666666667,0.0,0.4786253364280586,0.0,-0.4128819157717135,,0.0,0
A12,112,2025-02-24,24.0,Low,Adequate,no outbreak declared here in the last 8 weeks | 1 confirmed outbreaks in nearby sub-counties (last 4 weeks) | vaccination coverage about 47% | not a border area,1 farmer symptom reports in the last 2 weeks | cattle arrivals -81% compared with recent weeks,0.0,0.0,0.0,-81.48148148148148,0.0,0.4714459563816378,0.0,-6.720398245821531,,0.0,0
A12,113,2025-03-03,14.0,Low,Adequate,"no outbreak declared here in the last 8 weeks | 2 confirmed outbreaks in nearby sub-counties (last 4 weeks) | hotter, drier air than normal (high evaporation) | vaccination coverage about 46%",0 farmer symptom reports in the last 2 weeks | seasonal timing,0.0,0.0,40.0,72.24880382775119,0.0,0.4643742670359132,17.8,16.409880166300525,,0.0,0
A12,114,2025-03-10,33.0,Low,Adequate,no outbreak declared here in the last 8 weeks | 2 farmer symptom reports in the last 2 weeks | 2 confirmed outbreaks in nearby sub-counties (last 4 weeks) | 2 farmer symptom reports this week,seasonal timing | rainfall 28% above normal over the last 8 weeks,2.0,0.0,12.0,-39.01345291479821,0.0,0.4574086530303745,21.6,27.780821917808684,,0.0,0
A12,115,2025-03-17,65.0,Elevated,Adequate,3 farmer symptom reports in the last 2 weeks | no outbreak declared here in the last 8 weeks | 1 confirmed outbreaks in nearby sub-counties (last 4 weeks) | cattle arrivals -66% compared with recent weeks,seasonal timing | seasonal timing,1.0,0.0,3.0,-65.95744680851064,0.0,0.4505475232349189,34.6,46.17146271034571,,0.0,0
A12,116,2025-03-24,22.0,Low,Adequate,no outbreak declared here in the last 8 weeks | 1 confirmed outbreaks in nearby sub-counties (last 4 weeks) | vaccination coverage about 44% | seasonal timing,cattle arrivals +4% compared with recent weeks | seasonal timing,0.0,0.0,14.0,4.10958904109589,0.0,0.4437893103863951,46.9,12.513767686181684,,0.0,0
A12,117,2025-03-31,25.0,Low,Adequate,"no outbreak declared here in the last 8 weeks | vaccination coverage about 44% | cooler, less evaporative conditions than normal | seasonal timing",0 farmer symptom reports in the last 2 weeks | 0 confirmed outbreaks in nearby sub-counties (last 4 weeks),0.0,0.0,27.0,69.5364238410596,0.0,0.4371324707305992,53.5,37.31718126754346,,0.0,0
A12,118,2025-04-07,6.0,Low,Adequate,no outbreak declared here in the last 8 weeks | vaccination coverage about 43% | moderate cattle density | not a border area,0 farmer symptom reports in the last 2 weeks | seasonal timing,0.0,0.0,6.0,-43.94904458598726,0.0,0.4305754836696402,25.5,28.473497368099416,,0.0,0
A12,119,2025-04-14,16.0,Low,Adequate,"no outbreak declared here in the last 8 weeks | cattle arrivals +13% compared with recent weeks | vaccination coverage about 42% | hotter, drier air than normal (high evaporation)",0 farmer symptom reports in the last 2 weeks | seasonal timing,0.0,0.0,18.0,12.883435582822086,0.0,0.4241168514145956,38.8,22.614997781393875,,0.0,0
A12,120,2025-04-21,5.0,Low,Adequate,no outbreak declared here in the last 8 weeks | moderate cattle density | vaccination coverage about 42% | not a border area,0 farmer symptom reports in the last 2 weeks | seasonal timing,0.0,0.0,12.0,-15.0,0.0,0.4177550986433767,45.8,22.381981382979323,,0.0,1
A12,121,2025-04-28,15.0,Low,Adequate,"no outbreak declared here in the last 8 weeks | 2 confirmed outbreaks in nearby sub-counties (last 4 weeks) | hotter, drier air than normal (high evaporation) | cattle arrivals +258% compared with recent weeks",0 farmer symptom reports in the last 2 weeks | seasonal timing,0.0,0.0,72.0,258.13953488372096,0.0,0.411488772163726,18.8,9.810479375697335,Cattle arrivals unusually high (+258% on recent weeks),0.0,1
A12,122,2025-05-05,28.0,Low,Adequate,"no outbreak declared here in the last 8 weeks | 2 confirmed outbreaks in nearby sub-counties (last 4 weeks) | hotter, drier air than normal (high evaporation) | 1 farmer symptom reports this week",1 farmer symptom reports in the last 2 weeks | 49 weeks since last vaccination campaign,1.0,0.0,0.0,-80.3921568627451,0.0,0.4053164405812701,35.9,7.707819073115366,,1.0,0
A12,123,2025-05-12,11.0,Low,Adequate,3 farmer symptom reports in the last 2 weeks | 1 suspected cases reported by vets this week | 25 cattle arrived from other sub-counties | 1 vet-reported suspected cases in the last 2 weeks,outbreak declared here in the last 8 weeks | symptom reports well above this area's normal level,2.0,1.0,76.0,237.5,19.0,0.399236693972551,21.9,3.4470752089142422,,0.0,0
A12,124,2025-05-19,10.0,Low,Adequate,5 farmer symptom reports in the last 2 weeks | 3 farmer symptom reports this week | 1 vet-reported suspected cases in the last 2 weeks | 2 confirmed outbreaks in nearby sub-counties (last 4 weeks),outbreak declared here in the last 8 weeks | cattle arrivals -3% compared with recent weeks,3.0,0.0,27.0,-3.3962264150943398,31.0,0.3932481435629628,23.8,4.900459418071135,,0.0,0
A12,125,2025-05-26,33.0,Low,Adequate,"9 farmer symptom reports in the last 2 weeks | symptom reports well above this area's normal level | hotter, drier air than normal (high evaporation) | 1 suspected cases reported by vets this week",outbreak declared here in the last 8 weeks | 12 cattle arrived from areas with recent outbreaks,6.0,1.0,73.0,124.46043165467626,12.0,0.3873494214095183,4.300000000000001,-5.961096005019211,Farmer symptom reports unusually high (6 this week),0.0,0
A12,126,2025-06-02,41.0,Elevated,Adequate,"18 farmer symptom reports in the last 2 weeks | symptom reports well above this area's normal level | 2 suspected cases reported by vets this week | hotter, drier air than normal (high evaporation)",outbreak declared here in the last 8 weeks | 53 weeks since last vaccination campaign,12.0,2.0,55.0,48.148148148148145,0.0,0.3815391800883755,13.8,-6.5268883235366015,Farmer symptom reports unusually high (12 this week),0.0,0
A12,127,2025-06-09,11.0,Low,Adequate,23 farmer symptom reports in the last 2 weeks | 5 suspected cases reported by vets this week | cattle arrivals -72% compared with recent weeks | 1 confirmed outbreaks in nearby sub-counties (last 4 weeks),"outbreak declared here in the last 8 weeks | hotter, drier air than normal (high evaporation)",11.0,5.0,8.0,-72.11796246648794,0.0,0.3758160923870499,3.6,-11.668321747765184,Vet-reported suspected cases unusually high (5 this week),0.0,0
A12,128,2025-06-16,23.0,Low,Adequate,cattle arrivals -36% compared with recent weeks | 22 farmer symptom reports in the last 2 weeks | 3 confirmed outbreaks in nearby sub-counties (last 4 weeks) | 1 suspected cases reported by vets this week,outbreak declared here in the last 8 weeks | symptom reports well above this area's normal level,11.0,1.0,24.0,-36.08815426997245,0.0,0.3701788510012442,7.7,-18.073136427566592,,0.0,0
A12,129,2025-06-23,27.0,Low,Adequate,20 farmer symptom reports in the last 2 weeks | 3 confirmed outbreaks in nearby sub-counties (last 4 weeks) | 56 weeks since last vaccination campaign | 2 vet-reported suspected cases in the last 2 weeks,"outbreak declared here in the last 8 weeks | hotter, drier air than normal (high evaporation)",9.0,1.0,48.0,13.066666666666665,0.0,0.3646261682362255,5.3,-13.362601179859745,,0.0,0
A12,130,2025-06-30,26.0,Low,Adequate,14 farmer symptom reports in the last 2 weeks | 57 weeks since last vaccination campaign | seasonal timing | 3 suspected cases reported by vets this week,outbreak declared here in the last 8 weeks | cattle arrivals +5% compared with recent weeks,5.0,3.0,41.0,4.843304843304843,0.0,0.3591567757126821,6.2,-16.276651066042405,,0.0,0
A12,131,2025-07-07,100.0,High,Adequate,"11 farmer symptom reports in the last 2 weeks | no outbreak declared here in the last 8 weeks | 58 weeks since last vaccination campaign | hotter, drier air than normal (high evaporation)",rainfall 25% below normal over the last 8 weeks | vaccination coverage about 35%,6.0,3.0,75.0,63.26530612244898,0.0,0.3537694240769918,11.9,-25.29974984904642,,0.0,0
A12,132,2025-07-14,84.0,High,Adequate,12 farmer symptom reports in the last 2 weeks | no outbreak declared here in the last 8 weeks | 59 weeks since last vaccination campaign | seasonal timing,rainfall 27% below normal over the last 8 weeks | cattle arrivals -53% compared with recent weeks,6.0,3.0,18.0,-52.94117647058824,0.0,0.348462882715837,17.8,-26.906683594812392,,0.0,1
A12,133,2025-07-21,96.0,High,Adequate,12 farmer symptom reports in the last 2 weeks | no outbreak declared here in the last 8 weeks | 60 weeks since last vaccination campaign | 4 confirmed outbreaks in nearby sub-counties (last 4 weeks),9 cattle arrived from areas with recent outbreaks | cattle arrivals -12% compared with recent weeks,6.0,2.0,37.0,-12.041884816753926,9.0,0.3432359394750994,6.0,-32.72296247854146,,0.0,1
A12,134,2025-07-28,92.0,High,Adequate,9 farmer symptom reports in the last 2 weeks | no outbreak declared here in the last 8 weeks | 61 weeks since last vaccination campaign | 3 confirmed outbreaks in nearby sub-counties (last 4 weeks),"9 cattle arrived from areas with recent outbreaks | hotter, drier air than normal (high evaporation)",3.0,0.0,0.0,-88.4393063583815,9.0,0.3380874003829729,2.0,-37.35560689532609,,1.0,0
A12,135,2025-08-04,54.0,Elevated,Adequate,9 farmer symptom reports in the last 2 weeks | cattle arrivals -34% compared with recent weeks | 3 confirmed outbreaks in nearby sub-counties (last 4 weeks) | 62 weeks since last vaccination campaign,outbreak declared here in the last 8 weeks | seasonal timing,6.0,2.0,19.0,-34.02061855670103,0.0,0.3330160893772283,33.2,0.2704597816287509,,0.0,0
A12,136,2025-08-11,40.0,Elevated,Adequate,7 farmer symptom reports in the last 2 weeks | symptom reports at or below normal | 63 weeks since last vaccination campaign | 2 suspected cases reported by vets this week,outbreak declared here in the last 8 weeks | rainfall 29% above normal over the last 8 weeks,1.0,2.0,24.0,-23.178807947019866,0.0,0.3280208480365699,39.4,28.572822163691814,,0.0,0
A12,137,2025-08-18,19.0,Low,Adequate,symptom reports at or below normal | 64 weeks since last vaccination campaign | 3 cattle recorded arriving this week | 2 confirmed outbreaks in nearby sub-counties (last 4 weeks),"outbreak declared here in the last 8 weeks | cooler, less evaporative conditions than normal",1.0,0.0,3.0,-78.80794701986756,0.0,0.3231005353160213,16.9,38.3502170767004,,0.0,0
A12,138,2025-08-25,9.0,Low,Adequate,65 weeks since last vaccination campaign | 3 farmer symptom reports in the last 2 weeks | symptom reports at or below normal | 2 confirmed outbreaks in nearby sub-counties (last 4 weeks),"outbreak declared here in the last 8 weeks | hotter, drier air than normal (high evaporation)",2.0,1.0,39.0,36.964980544747085,0.0,0.318254027286281,3.5,21.053084401617696,,0.0,0
A12,139,2025-09-01,32.0,Low,Adequate,4 farmer symptom reports in the last 2 weeks | 66 weeks since last vaccination campaign | symptom reports at or below normal | 1 vet-reported suspected cases in the last 2 weeks,outbreak declared here in the last 8 weeks | cattle arrivals -18% compared with recent weeks,2.0,0.0,21.0,-18.43137254901961,0.0,0.3134802168769868,15.4,14.001106806862204,,0.0,0
A12,140,2025-09-08,10.0,Low,Adequate,"symptom reports at or below normal | 67 weeks since last vaccination campaign | 1 confirmed outbreaks in nearby sub-counties (last 4 weeks) | hotter, drier air than normal (high evaporation)",outbreak declared here in the last 8 weeks | cattle arrivals +95% compared with recent weeks,0.0,0.0,44.0,95.02487562189054,0.0,0.308778013623832,16.099999999999998,5.493041160793306,,0.0,0
A12,141,2025-09-15,23.0,Low,Adequate,symptom reports at or below normal | 68 weeks since last vaccination campaign | 2 confirmed outbreaks in nearby sub-counties (last 4 weeks) | seasonal timing,outbreak declared here in the last 8 weeks | 0 farmer symptom reports in the last 2 weeks,0.0,0.0,8.0,-54.18502202643172,0.0,0.3041463434194745,4.4,9.04728736165897,,0.0,0
A12,142,2025-09-22,25.0,Low,Adequate,69 weeks since last vaccination campaign | 3 confirmed outbreaks in nearby sub-counties (last 4 weeks) | symptom reports at or below normal | seasonal timing,outbreak declared here in the last 8 weeks | 0 farmer symptom reports in the last 2 weeks,0.0,0.0,31.0,45.45454545454545,0.0,0.2995841482681823,8.4,6.269388932977103,,0.0,0
A12,143,2025-09-29,63.0,Elevated,Adequate,3 confirmed outbreaks in nearby sub-counties (last 4 weeks) | 70 weeks since last vaccination campaign | seasonal timing | no outbreak declared here in the last 8 weeks,0 farmer symptom reports in the last 2 weeks | 0 farmer symptom reports this week,0.0,0.0,9.0,-51.09170305676856,0.0,0.2966610854036626,38.0,8.736059479553724,,0.0,0
A12,144,2025-10-06,44.0,Elevated,Adequate,"71 weeks since last vaccination campaign | no outbreak declared here in the last 8 weeks | cooler, less evaporative conditions than normal | 2 confirmed outbreaks in nearby sub-counties (last 4 weeks)",0 farmer symptom reports in the last 2 weeks | vaccination coverage about 30%,0.0,0.0,0.0,-81.7351598173516,0.0,0.2966610854036626,13.6,-8.272205679425001,,0.0,0
A12,145,2025-10-13,41.0,Elevated,Adequate,72 weeks since last vaccination campaign | no outbreak declared here in the last 8 weeks | 2 confirmed outbreaks in nearby sub-counties (last 4 weeks) | seasonal timing,1 farmer symptom reports in the last 2 weeks | 20 cattle arrived from areas with recent outbreaks,1.0,0.0,33.0,55.8974358974359,20.0,0.2966610854036626,10.7,-22.84961778120415,,0.0,0
A12,146,2025-10-20,37.0,Low,Adequate,3 confirmed outbreaks in nearby sub-counties (last 4 weeks) | no outbreak declared here in the last 8 weeks | 73 weeks since last vaccination campaign | cattle arrivals +117% compared with recent weeks,seasonal timing | 1 farmer symptom reports in the last 2 weeks,0.0,0.0,56.0,116.88888888888889,20.0,0.2966610854036626,57.50000000000001,13.731382283772508,,0.0,0
A12,147,2025-10-27,40.0,Elevated,Adequate,3 confirmed outbreaks in nearby sub-counties (last 4 weeks) | 74 weeks since last vaccination campaign | no outbreak declared here in the last 8 weeks | rainfall 50% above normal over the last 8 weeks,"0 farmer symptom reports in the last 2 weeks | cooler, less evaporative conditions than normal",0.0,0.0,50.0,81.81818181818183,0.0,0.2966610854036626,78.4,50.4823559278996,,0.0,0
A12,148,2025-11-03,40.0,Elevated,Adequate,75 weeks since last vaccination campaign | 4 confirmed outbreaks in nearby sub-counties (last 4 weeks) | no outbreak declared here in the last 8 weeks | 25 cattle recorded arriving this week,0 farmer symptom reports in the last 2 weeks | seasonal timing,0.0,0.0,25.0,-11.439114391143912,0.0,0.2966610854036626,10.5,40.58419870043071,,0.0,0
A12,149,2025-11-10,43.0,Elevated,Adequate,76 weeks since last vaccination campaign | 3 confirmed outbreaks in nearby sub-counties (last 4 weeks) | no outbreak declared here in the last 8 weeks | 23 cattle recorded arriving this week,0 farmer symptom reports in the last 2 weeks | cattle arrivals -11% compared with recent weeks,0.0,0.0,23.0,-11.11111111111111,0.0,0.2966610854036626,2.0,18.05018807646711,,0.0,0
A12,150,2025-11-17,43.0,Elevated,Adequate,"77 weeks since last vaccination campaign | no outbreak declared here in the last 8 weeks | 1 confirmed outbreaks in nearby sub-counties (last 4 weeks) | hotter, drier air than normal (high evaporation)",0 farmer symptom reports in the last 2 weeks | 0 farmer symptom reports this week,0.0,0.0,13.0,-46.06741573033708,0.0,0.2966610854036626,1.4,7.289502922564206,,0.0,0
A12,151,2025-11-24,37.0,Low,Adequate,78 weeks since last vaccination campaign | no outbreak declared here in the last 8 weeks | 1 confirmed outbreaks in nearby sub-counties (last 4 weeks) | moderate cattle density,"0 farmer symptom reports in the last 2 weeks | hotter, drier air than normal (high evaporation)",0.0,0.0,12.0,-45.38152610441767,0.0,0.2966610854036626,1.4,-18.26393478739804,,0.0,0
A12,152,2025-12-01,31.0,Low,Adequate,79 weeks since last vaccination campaign | no outbreak declared here in the last 8 weeks | 1 confirmed outbreaks in nearby sub-counties (last 4 weeks) | 24 cattle arrived from other sub-counties,cattle arrivals +2% compared with recent weeks | 1 farmer symptom reports in the last 2 weeks,1.0,0.0,27.0,1.5873015873015872,0.0,0.2966610854036626,2.1,-26.34920634920635,,0.0,0
A12,153,2025-12-08,41.0,Elevated,Adequate,80 weeks since last vaccination campaign | no outbreak declared here in the last 8 weeks | 1 confirmed outbreaks in nearby sub-counties (last 4 weeks) | seasonal timing,1 farmer symptom reports in the last 2 weeks | cattle arrivals -23% compared with recent weeks,0.0,0.0,22.0,-22.58064516129032,0.0,0.2966610854036626,6.0,-27.81615076319596,,0.0,0
A13,104,2024-12-30,6.0,Low,Adequate,"hotter, drier air than normal (high evaporation) | vaccination coverage about 53% | 31 weeks since last vaccination campaign | cattle arrivals -69% compared with recent weeks",outbreak declared here in the last 8 weeks | 0 farmer symptom reports in the last 2 weeks,0.0,0.0,10.0,-68.9119170984456,0.0,0.5320372881393223,0.1,-26.303507841503155,,0.0,0
A13,105,2025-01-06,2.0,Low,Adequate,"vaccination coverage about 52% | 32 weeks since last vaccination campaign | 1 confirmed outbreaks in nearby sub-counties (last 4 weeks) | hotter, drier air than normal (high evaporation)",outbreak declared here in the last 8 weeks | 0 farmer symptom reports in the last 2 weeks,0.0,0.0,27.0,-24.48377581120944,0.0,0.5240567288172324,3.5,-25.388738856891685,,0.0,0
A13,106,2025-01-13,3.0,Low,Adequate,"vaccination coverage about 52% | 1 confirmed outbreaks in nearby sub-counties (last 4 weeks) | hotter, drier air than normal (high evaporation) | cattle arrivals -87% compared with recent weeks",outbreak declared here in the last 8 weeks | 0 farmer symptom reports in the last 2 weeks,0.0,0.0,0.0,-86.88524590163934,0.0,0.5161958778849739,0.6,-23.4032324832971,,0.0,0
A13,107,2025-01-20,37.0,Low,Adequate,"vaccination coverage about 51% | no outbreak declared here in the last 8 weeks | hotter, drier air than normal (high evaporation) | 21 cattle arrived from other sub-counties",0 farmer symptom reports in the last 2 weeks | 0 confirmed outbreaks in nearby sub-counties (last 4 weeks),0.0,0.0,45.0,41.342756183745585,0.0,0.5084529397166992,2.8000000000000003,-52.09317415714945,,0.0,0
A13,108,2025-01-27,4.0,Low,Adequate,no outbreak declared here in the last 8 weeks | vaccination coverage about 50% | not a border area | rainfall 32% below normal over the last 8 weeks,"0 farmer symptom reports in the last 2 weeks | cooler, less evaporative conditions than normal",0.0,0.0,27.0,-20.98765432098765,0.0,0.5008261456209487,13.3,-32.26317900782645,,0.0,0
A13,109,2025-02-03,13.0,Low,Adequate,"vaccination coverage about 49% | no outbreak declared here in the last 8 weeks | hotter, drier air than normal (high evaporation) | 21 cattle arrived from other sub-counties",0 farmer symptom reports in the last 2 weeks | cattle arrivals +77% compared with recent weeks,0.0,0.0,65.0,77.21518987341773,0.0,0.4933137534366345,0.0,-16.040152532898475,,0.0,0
A13,110,2025-02-10,8.0,Low,Adequate,"no outbreak declared here in the last 8 weeks | vaccination coverage about 49% | hotter, drier air than normal (high evaporation) | not a border area",0 farmer symptom reports in the last 2 weeks | 0 confirmed outbreaks in nearby sub-counties (last 4 weeks),0.0,0.0,29.0,-15.264797507788161,0.0,0.4859140471350849,0.9,-22.79289496798089,,0.0,0
A13,111,2025-02-17,13.0,Low,Adequate,no outbreak declared here in the last 8 weeks | 1 confirmed outbreaks in nearby sub-counties (last 4 weeks) | vaccination coverage about 48% | 0 cattle recorded arriving this week,"0 farmer symptom reports in the last 2 weeks | hotter, drier air than normal (high evaporation)",0.0,0.0,0.0,-86.8421052631579,0.0,0.4786253364280586,0.0,-54.07337138744936,,0.0,0
A13,112,2025-02-24,12.0,Low,Adequate,no outbreak declared here in the last 8 weeks | 1 confirmed outbreaks in nearby sub-counties (last 4 weeks) | vaccination coverage about 47% | cattle arrivals +183% compared with recent weeks,0 farmer symptom reports in the last 2 weeks | 14 cattle arrived from areas with recent outbreaks,0.0,0.0,81.0,183.1275720164609,14.0,0.4714459563816378,0.0,-55.91778880226842,,0.0,0
A13,113,2025-03-03,53.0,Elevated,Adequate,2 farmer symptom reports in the last 2 weeks | no outbreak declared here in the last 8 weeks | symptom reports well above this area's normal level | 1 confirmed outbreaks in nearby sub-counties (last 4 weeks),seasonal timing | seasonal timing,2.0,0.0,39.0,12.101910828025478,14.0,0.4643742670359132,5.7,-48.76134789967749,,0.0,0
A13,114,2025-03-10,14.0,Low,Adequate,no outbreak declared here in the last 8 weeks | 2 farmer symptom reports in the last 2 weeks | 1 confirmed outbreaks in nearby sub-counties (last 4 weeks) | vaccination coverage about 46%,seasonal timing | seasonal timing,0.0,0.0,67.0,76.68711656441718,0.0,0.4574086530303745,21.1,-22.98883481248281,,0.0,0
A13,115,2025-03-17,8.0,Low,Adequate,5 cattle recorded arriving this week | no outbreak declared here in the last 8 weeks | vaccination coverage about 45% | cattle arrivals -80% compared with recent weeks,seasonal timing | 0 farmer symptom reports in the last 2 weeks,0.0,0.0,5.0,-79.64376590330788,0.0,0.4505475232349189,18.3,-12.819222543716508,,0.0,0
A13,116,2025-03-24,6.0,Low,Adequate,no outbreak declared here in the last 8 weeks | vaccination coverage about 44% | seasonal timing | not a border area,0 farmer symptom reports in the last 2 weeks | seasonal timing,0.0,0.0,14.0,-56.94050991501416,0.0,0.4437893103863951,59.8,20.97785206853285,,0.0,0
A13,117,2025-03-31,18.0,Low,Adequate,no outbreak declared here in the last 8 weeks | 1 suspected cases reported by vets this week | 1 vet-reported suspected cases in the last 2 weeks | vaccination coverage about 44%,0 farmer symptom reports in the last 2 weeks | cattle arrivals -15% compared with recent weeks,0.0,1.0,31.0,-15.294117647058824,0.0,0.4371324707305992,19.3,-4.576917643735313,,0.0,0
A13,118,2025-04-07,11.0,Low,Adequate,no outbreak declared here in the last 8 weeks | 1 suspected cases reported by vets this week | 2 vet-reported suspected cases in the last 2 weeks | 23 cattle recorded arriving this week,0 farmer symptom reports in the last 2 weeks | seasonal timing,0.0,1.0,23.0,-26.797385620915033,0.0,0.4305754836696402,29.4,-3.028866101594527,,0.0,0
A13,119,2025-04-14,41.0,Elevated,Adequate,no outbreak declared here in the last 8 weeks | 2 farmer symptom reports in the last 2 weeks | 1 suspected cases reported by vets this week | 2 vet-reported suspected cases in the last 2 weeks,seasonal timing | 0 confirmed outbreaks in nearby sub-counties (last 4 weeks),2.0,1.0,2.0,-81.33333333333333,0.0,0.4241168514145956,25.2,-11.527647610121896,,0.0,0
A13,120,2025-04-21,48.0,Elevated,Adequate,"3 farmer symptom reports in the last 2 weeks | no outbreak declared here in the last 8 weeks | 1 vet-reported suspected cases in the last 2 weeks | hotter, drier air than normal (high evaporation)",seasonal timing | cattle arrivals -23% compared with recent weeks,1.0,0.0,24.0,-23.178807947019866,0.0,0.4177550986433767,25.2,-17.224306656867594,,0.0,0
A13,121,2025-04-28,45.0,Elevated,Adequate,2 farmer symptom reports in the last 2 weeks | no outbreak declared here in the last 8 weeks | 2 confirmed outbreaks in nearby sub-counties (last 4 weeks) | 1 farmer symptom reports this week,seasonal timing | cattle arrivals -22% compared with recent weeks,1.0,0.0,19.0,-21.63265306122449,0.0,0.411488772163726,7.0,-30.984741633542782,,0.0,0
A13,122,2025-05-05,54.0,Elevated,Adequate,3 confirmed outbreaks in nearby sub-counties (last 4 weeks) | 1 suspected cases reported by vets this week | no outbreak declared here in the last 8 weeks | 1 vet-reported suspected cases in the last 2 weeks,cattle arrivals +96% compared with recent weeks | 49 weeks since last vaccination campaign,0.0,1.0,50.0,95.55555555555556,0.0,0.4053164405812701,40.8,-35.33474587930984,,0.0,0
A13,123,2025-05-12,51.0,Elevated,Adequate,no outbreak declared here in the last 8 weeks | 3 confirmed outbreaks in nearby sub-counties (last 4 weeks) | 2 farmer symptom reports in the last 2 weeks | 2 farmer symptom reports this week,vaccination coverage about 40% | 27 cattle recorded arriving this week,2.0,0.0,27.0,23.076923076923077,3.0,0.399236693972551,5.5,-41.79284329648454,,0.0,1
A13,124,2025-05-19,64.0,Elevated,Adequate,3 farmer symptom reports in the last 2 weeks | no outbreak declared here in the last 8 weeks | 3 confirmed outbreaks in nearby sub-counties (last 4 weeks) | symptom reports well above this area's normal level,31 cattle recorded arriving this week | 51 weeks since last vaccination campaign,1.0,0.0,31.0,25.217391304347824,3.0,0.3932481435629628,7.0,-55.59167409426936,,0.0,1
A13,125,2025-05-26,100.0,High,Adequate,8 farmer symptom reports in the last 2 weeks | no outbreak declared here in the last 8 weeks | symptom reports well above this area's normal level | 1 suspected cases reported by vets this week,cattle arrivals -16% compared with recent weeks | 52 weeks since last vaccination campaign,7.0,1.0,21.0,-15.789473684210526,0.0,0.3873494214095183,3.9,-55.45914678235712,Farmer symptom reports unusually high (7 this week),1.0,0
A13,126,2025-06-02,29.0,Low,Adequate,14 farmer symptom reports in the last 2 weeks | 2 suspected cases reported by vets this week | 3 vet-reported suspected cases in the last 2 weeks | rainfall 60% below normal over the last 8 weeks,outbreak declared here in the last 8 weeks | 53 weeks since last vaccination campaign,7.0,2.0,96.0,240.9282700421941,0.0,0.3815391800883755,14.7,-60.33712024145094,Cattle arrivals unusually high (+241% on recent weeks),0.0,0
A13,127,2025-06-09,10.0,Low,Adequate,17 farmer symptom reports in the last 2 weeks | 7 suspected cases reported by vets this week | rainfall 66% below normal over the last 8 weeks | symptom reports well above this area's normal level,outbreak declared here in the last 8 weeks | 0 confirmed outbreaks in nearby sub-counties (last 4 weeks),10.0,7.0,52.0,47.096774193548384,0.0,0.3758160923870499,2.5,-65.7351082899879,Vet-reported suspected cases unusually high (7 this week),0.0,0
A13,128,2025-06-16,37.0,Low,Adequate,28 farmer symptom reports in the last 2 weeks | symptom reports well above this area's normal level | rainfall 69% below normal over the last 8 weeks | 9 suspected cases reported by vets this week,outbreak declared here in the last 8 weeks | 16 vet-reported suspected cases in the last 2 weeks,18.0,9.0,21.0,-42.22222222222222,0.0,0.3701788510012442,8.2,-69.21269821643841,Farmer symptom reports unusually high (18 this week),0.0,0
A13,129,2025-06-23,4.0,Low,Adequate,33 farmer symptom reports in the last 2 weeks | 8 suspected cases reported by vets this week | 56 weeks since last vaccination campaign | 2 confirmed outbreaks in nearby sub-counties (last 4 weeks),outbreak declared here in the last 8 weeks | 17 vet-reported suspected cases in the last 2 weeks,15.0,8.0,35.0,-10.364145658263306,0.0,0.3646261682362255,7.4,-65.1373588063031,,0.0,0
A13,130,2025-06-30,13.0,Low,Adequate,rainfall 71% below normal over the last 8 weeks | 57 weeks since last vaccination campaign | 3 confirmed outbreaks in nearby sub-counties (last 4 weeks) | 32 farmer symptom reports in the last 2 weeks,outbreak declared here in the last 8 weeks | 18 vet-reported suspected cases in the last 2 weeks,17.0,10.0,61.0,41.55495978552279,0.0,0.3591567757126821,12.6,-70.91233187489857,,0.0,0
A13,131,2025-07-07,19.0,Low,Adequate,58 weeks since last vaccination campaign | 4 confirmed outbreaks in nearby sub-counties (last 4 weeks) | seasonal timing | 31 farmer symptom reports in the last 2 weeks,outbreak declared here in the last 8 weeks | 13 vet-reported suspected cases in the last 2 weeks,14.0,3.0,21.0,-45.83333333333333,0.0,0.3537694240769918,28.1,-63.57040867518224,,0.0,0
A13,132,2025-07-14,15.0,Low,Adequate,"6 suspected cases reported by vets this week | 59 weeks since last vaccination campaign | 4 confirmed outbreaks in nearby sub-counties (last 4 weeks) | cooler, less evaporative conditions than normal",outbreak declared here in the last 8 weeks | cattle arrivals +8% compared with recent weeks,10.0,6.0,46.0,7.936507936507936,12.0,0.348462882715837,19.3,-59.89626400060117,,0.0,0
A13,133,2025-07-21,41.0,Elevated,Adequate,16 farmer symptom reports in the last 2 weeks | cattle arrivals -35% compared with recent weeks | 60 weeks since last vaccination campaign | 4 confirmed outbreaks in nearby sub-counties (last 4 weeks),outbreak declared here in the last 8 weeks | 12 cattle arrived from areas with recent outbreaks,6.0,3.0,27.0,-34.86005089058524,12.0,0.3432359394750994,6.9,-64.93751398344342,,0.0,1
A13,134,2025-07-28,100.0,High,Adequate,"10 farmer symptom reports in the last 2 weeks | no outbreak declared here in the last 8 weeks | hotter, drier air than normal (high evaporation) | 61 weeks since last vaccination campaign",4 cattle arrived from other sub-counties | vaccination coverage about 34%,4.0,2.0,9.0,-71.9298245614035,0.0,0.3380874003829729,10.1,-65.73868822532263,,0.0,1
A13,135,2025-08-04,100.0,High,Adequate,8 farmer symptom reports in the last 2 weeks | no outbreak declared here in the last 8 weeks | 62 weeks since last vaccination campaign | 3 confirmed outbreaks in nearby sub-counties (last 4 weeks),cattle arrivals -44% compared with recent weeks | 0 cattle arrived from other sub-counties,4.0,2.0,17.0,-43.58974358974359,0.0,0.3330160893772283,43.0,-53.69545859305428,,1.0,0
A13,136,2025-08-11,46.0,Elevated,Adequate,5 farmer symptom reports in the last 2 weeks | cattle arrivals -31% compared with recent weeks | symptom reports at or below normal | 2 suspected cases reported by vets this week,outbreak declared here in the last 8 weeks | 19 cattle arrived from areas with recent outbreaks,1.0,2.0,19.0,-30.685920577617328,19.0,0.3280208480365699,49.3,-43.53716808806619,,0.0,0
A13,137,2025-08-18,34.0,Low,Adequate,4 farmer symptom reports in the last 2 weeks | symptom reports at or below normal | 64 weeks since last vaccination campaign | cattle arrivals -85% compared with recent weeks,outbreak declared here in the last 8 weeks | 19 cattle arrived from areas with recent outbreaks,3.0,1.0,0.0,-85.45454545454545,19.0,0.3231005353160213,27.6,-40.748589593058135,,0.0,0
A13,138,2025-08-25,20.0,Low,Adequate,4 farmer symptom reports in the last 2 weeks | symptom reports at or below normal | 65 weeks since last vaccination campaign | 1 vet-reported suspected cases in the last 2 weeks,outbreak declared here in the last 8 weeks | cattle arrivals -10% compared with recent weeks,1.0,0.0,22.0,-10.0,0.0,0.318254027286281,13.6,-44.77794305142369,,0.0,0
A13,139,2025-09-01,9.0,Low,Adequate,symptom reports at or below normal | 66 weeks since last vaccination campaign | 1 confirmed outbreaks in nearby sub-counties (last 4 weeks) | seasonal timing,outbreak declared here in the last 8 weeks | rainfall 44% below normal over the last 8 weeks,0.0,0.0,14.0,-24.378109452736318,0.0,0.3134802168769868,35.2,-44.32647987984882,,0.0,0
A13,140,2025-09-08,7.0,Low,Adequate,"symptom reports at or below normal | 67 weeks since last vaccination campaign | cooler, less evaporative conditions than normal | not a border area",outbreak declared here in the last 8 weeks | 0 farmer symptom reports in the last 2 weeks,0.0,0.0,41.0,89.69072164948454,0.0,0.308778013623832,30.1,-40.0361164223499,,0.0,0
A13,141,2025-09-15,12.0,Low,Adequate,68 weeks since last vaccination campaign | symptom reports at or below normal | 1 confirmed outbreaks in nearby sub-counties (last 4 weeks) | seasonal timing,outbreak declared here in the last 8 weeks | 0 farmer symptom reports in the last 2 weeks,0.0,0.0,21.0,10.052910052910052,0.0,0.3041463434194745,14.7,-31.03448275862109,,0.0,0
A13,142,2025-09-22,20.0,Low,Adequate,"69 weeks since last vaccination campaign | seasonal timing | 1 confirmed outbreaks in nearby sub-counties (last 4 weeks) | hotter, drier air than normal (high evaporation)",outbreak declared here in the last 8 weeks | cattle arrivals +101% compared with recent weeks,1.0,0.0,41.0,101.09289617486338,0.0,0.2995841482681823,13.5,-31.15868359136764,,0.0,0
A13,143,2025-09-29,11.0,Low,Adequate,seasonal timing | 70 weeks since last vaccination campaign | 1 confirmed outbreaks in nearby sub-counties (last 4 weeks) | cattle arrivals +127% compared with recent weeks,"outbreak declared here in the last 8 weeks | cooler, less evaporative conditions than normal",0.0,0.0,56.0,126.97674418604652,0.0,0.2990136448946863,39.0,-26.029397758659417,,0.0,0
A13,144,2025-10-06,39.0,Low,Adequate,71 weeks since last vaccination campaign | no outbreak declared here in the last 8 weeks | cattle arrivals +124% compared with recent weeks | 1 confirmed outbreaks in nearby sub-counties (last 4 weeks),0 farmer symptom reports in the last 2 weeks | vaccination coverage about 30%,0.0,0.0,66.0,123.62204724409449,0.0,0.2990136448946863,6.9,-33.19781298191549,,0.0,0
A13,145,2025-10-13,42.0,Elevated,Adequate,no outbreak declared here in the last 8 weeks | 72 weeks since last vaccination campaign | 1 confirmed outbreaks in nearby sub-counties (last 4 weeks) | seasonal timing,rainfall 39% below normal over the last 8 weeks | 1 farmer symptom reports in the last 2 weeks,1.0,0.0,18.0,-38.87043189368771,0.0,0.2990136448946863,9.7,-38.77840405544385,,0.0,0
A13,146,2025-10-20,12.0,Low,Adequate,73 weeks since last vaccination campaign | no outbreak declared here in the last 8 weeks | 2 confirmed outbreaks in nearby sub-counties (last 4 weeks) | not a border area,seasonal timing | cattle arrivals -2% compared with recent weeks,0.0,0.0,34.0,-2.19435736677116,0.0,0.2990136448946863,67.0,-12.833956590463016,,0.0,0
A13,147,2025-10-27,31.0,Low,Adequate,"74 weeks since last vaccination campaign | no outbreak declared here in the last 8 weeks | 2 confirmed outbreaks in nearby sub-counties (last 4 weeks) | cooler, less evaporative conditions than normal",0 farmer symptom reports in the last 2 weeks | seasonal timing,0.0,0.0,0.0,-87.91540785498489,0.0,0.2990136448946863,55.8,5.857112207680181,,0.0,0
A13,148,2025-11-03,25.0,Low,Adequate,"75 weeks since last vaccination campaign | no outbreak declared here in the last 8 weeks | 2 confirmed outbreaks in nearby sub-counties (last 4 weeks) | hotter, drier air than normal (high evaporation)",0 farmer symptom reports in the last 2 weeks | seasonal timing,0.0,0.0,13.0,-54.57413249211357,0.0,0.2990136448946863,18.5,-2.947490092470592,,0.0,0
A13,149,2025-11-10,40.0,Elevated,Adequate,76 weeks since last vaccination campaign | no outbreak declared here in the last 8 weeks | 1 confirmed outbreaks in nearby sub-counties (last 4 weeks) | not a border area,"0 farmer symptom reports in the last 2 weeks | hotter, drier air than normal (high evaporation)",0.0,0.0,40.0,24.567474048442904,0.0,0.2990136448946863,2.5,-14.708808448764074,,0.0,0
A13,150,2025-11-17,16.0,Low,Adequate,77 weeks since last vaccination campaign | no outbreak declared here in the last 8 weeks | not a border area | 0 cattle arrived from other sub-counties,"0 farmer symptom reports in the last 2 weeks | hotter, drier air than normal (high evaporation)",0.0,0.0,45.0,29.87012987012987,0.0,0.2990136448946863,1.2999999999999998,-16.52139461172719,,0.0,0
A13,151,2025-11-24,20.0,Low,Adequate,78 weeks since last vaccination campaign | no outbreak declared here in the last 8 weeks | rainfall 32% below normal over the last 8 weeks | not a border area,0 farmer symptom reports in the last 2 weeks | 0 confirmed outbreaks in nearby sub-counties (last 4 weeks),0.0,0.0,50.0,41.02564102564102,0.0,0.2990136448946863,2.0,-31.93306947764389,,0.0,0
A13,152,2025-12-01,14.0,Low,Adequate,79 weeks since last vaccination campaign | no outbreak declared here in the last 8 weeks | not a border area | seasonal timing,0 farmer symptom reports in the last 2 weeks | 0 confirmed outbreaks in nearby sub-counties (last 4 weeks),0.0,0.0,18.0,-39.869281045751634,0.0,0.2990136448946863,2.2,-34.460559993794995,,0.0,0
A13,153,2025-12-08,41.0,Elevated,Adequate,80 weeks since last vaccination campaign | no outbreak declared here in the last 8 weeks | seasonal timing | 1 farmer symptom reports this week,0 confirmed outbreaks in nearby sub-counties (last 4 weeks) | 1 farmer symptom reports in the last 2 weeks,1.0,0.0,12.0,-47.286821705426355,0.0,0.2990136448946863,17.7,-28.26747720364715,,0.0,0
A14,104,2024-12-30,40.0,Elevated,Adequate,"no outbreak declared here in the last 8 weeks | vaccination coverage about 50% | 1 vet-reported suspected cases in the last 2 weeks | hotter, drier air than normal (high evaporation)",0 farmer symptom reports in the last 2 weeks | seasonal timing,0.0,0.0,15.0,-42.65232974910394,0.0,0.504236361925372,0.4,5.622569275644058,,0.0,0
A14,105,2025-01-06,18.0,Low,Adequate,no outbreak declared here in the last 8 weeks | vaccination coverage about 50% | 32 weeks since last vaccination campaign | 2 confirmed outbreaks in nearby sub-counties (last 4 weeks),0 farmer symptom reports in the last 2 weeks | seasonal timing,0.0,0.0,35.0,25.984251968503933,0.0,0.4966728164964914,1.4,2.484389999031403,,0.0,0
A14,106,2025-01-13,11.0,Low,Adequate,no outbreak declared here in the last 8 weeks | vaccination coverage about 49% | 2 confirmed outbreaks in nearby sub-counties (last 4 weeks) | 25 cattle recorded arriving this week,0 farmer symptom reports in the last 2 weeks | cattle arrivals -17% compared with recent weeks,0.0,0.0,25.0,-16.955017301038062,0.0,0.489222724249044,0.8,-3.23983925094249,,0.0,0
A14,107,2025-01-20,13.0,Low,Adequate,no outbreak declared here in the last 8 weeks | vaccination coverage about 48% | cattle arrivals -86% compared with recent weeks | 0 cattle recorded arriving this week,0 farmer symptom reports in the last 2 weeks | 0 confirmed outbreaks in nearby sub-counties (last 4 weeks),0.0,0.0,0.0,-85.81560283687944,0.0,0.4818843833853083,0.7000000000000001,-52.67104670063245,,0.0,0
A14,108,2025-01-27,5.0,Low,Adequate,no outbreak declared here in the last 8 weeks | vaccination coverage about 47% | not a border area,"0 farmer symptom reports in the last 2 weeks | cooler, less evaporative conditions than normal",0.0,0.0,45.0,68.0672268907563,0.0,0.4746561176345287,21.6,-17.208321052386747,,0.0,0
A14,109,2025-02-03,21.0,Low,Adequate,"no outbreak declared here in the last 8 weeks | vaccination coverage about 47% | hotter, drier air than normal (high evaporation) | not a border area",0 farmer symptom reports in the last 2 weeks | 0 confirmed outbreaks in nearby sub-counties (last 4 weeks),0.0,0.0,50.0,64.17910447761194,0.0,0.4675362758700108,0.0,-3.2294703365767203,,0.0,0
A14,110,2025-02-10,8.0,Low,Adequate,"no outbreak declared here in the last 8 weeks | vaccination coverage about 46% | hotter, drier air than normal (high evaporation) | not a border area",0 farmer symptom reports in the last 2 weeks | cattle arrivals +74% compared with recent weeks,0.0,0.0,59.0,73.5593220338983,0.0,0.4605232317319606,0.7,-22.969856866859,,0.0,0
A14,111,2025-02-17,11.0,Low,Adequate,"no outbreak declared here in the last 8 weeks | 1 confirmed outbreaks in nearby sub-counties (last 4 weeks) | vaccination coverage about 45% | hotter, drier air than normal (high evaporation)",0 farmer symptom reports in the last 2 weeks | high cattle density,0.0,0.0,13.0,-55.417956656346746,0.0,0.4536153832559812,0.0,-33.38600357603198,,0.0,0
A14,112,2025-02-24,8.0,Low,Adequate,no outbreak declared here in the last 8 weeks | 1 confirmed outbreaks in nearby sub-counties (last 4 weeks) | vaccination coverage about 45% | not a border area,0 farmer symptom reports in the last 2 weeks | cattle arrivals -15% compared with recent weeks,0.0,0.0,25.0,-14.893617021276595,0.0,0.4468111525071415,0.0,-36.8836291913214,,0.0,0
A14,113,2025-03-03,34.0,Low,Adequate,"no outbreak declared here in the last 8 weeks | vaccination coverage about 44% | hotter, drier air than normal (high evaporation) | 1 confirmed outbreaks in nearby sub-counties (last 4 weeks)",seasonal timing | seasonal timing,1.0,0.0,42.0,28.767123287671232,0.0,0.4401089852195343,2.8000000000000003,-30.878186968838754,,0.0,0
A14,114,2025-03-10,24.0,Low,Adequate,no outbreak declared here in the last 8 weeks | 2 farmer symptom reports in the last 2 weeks | 1 confirmed outbreaks in nearby sub-counties (last 4 weeks) | cattle arrivals +18% compared with recent weeks,seasonal timing | seasonal timing,1.0,0.0,39.0,17.725752508361204,0.0,0.4335073504412413,35.5,21.03208283822803,,0.0,0
A14,115,2025-03-17,28.0,Low,Adequate,no outbreak declared here in the last 8 weeks | 2 farmer symptom reports in the last 2 weeks | cattle arrivals -87% compared with recent weeks | rainfall 57% above normal over the last 8 weeks,seasonal timing | 0 confirmed outbreaks in nearby sub-counties (last 4 weeks),1.0,0.0,0.0,-87.22044728434504,0.0,0.4270047401846227,38.2,56.93062166450371,,0.0,0
A14,116,2025-03-24,21.0,Low,Adequate,no outbreak declared here in the last 8 weeks | 2 farmer symptom reports in the last 2 weeks | rainfall 59% above normal over the last 8 weeks | seasonal timing,0 confirmed outbreaks in nearby sub-counties (last 4 weeks) | cattle arrivals +10% compared with recent weeks,1.0,0.0,38.0,9.904153354632587,0.0,0.4205996690818533,42.0,59.4471183512285,,0.0,0
A14,117,2025-03-31,18.0,Low,Adequate,no outbreak declared here in the last 8 weeks | cattle arrivals -35% compared with recent weeks | seasonal timing | vaccination coverage about 41%,0 confirmed outbreaks in nearby sub-counties (last 4 weeks) | 1 farmer symptom reports in the last 2 weeks,0.0,0.0,20.0,-34.64052287581699,0.0,0.4142906740456256,31.6,68.46516500785779,,0.0,0
A14,118,2025-04-07,31.0,Low,Adequate,1 suspected cases reported by vets this week | no outbreak declared here in the last 8 weeks | 1 farmer symptom reports this week | 1 vet-reported suspected cases in the last 2 weeks,seasonal timing | 0 confirmed outbreaks in nearby sub-counties (last 4 weeks),1.0,1.0,22.0,-21.73913043478261,0.0,0.4080763139349412,29.8,69.9480937891538,,0.0,0
A14,119,2025-04-14,49.0,Elevated,Adequate,"2 farmer symptom reports in the last 2 weeks | no outbreak declared here in the last 8 weeks | 1 suspected cases reported by vets this week | hotter, drier air than normal (high evaporation)",seasonal timing | 0 confirmed outbreaks in nearby sub-counties (last 4 weeks),1.0,1.0,9.0,-53.13807531380753,0.0,0.401955169225917,48.4,60.655295624620976,,0.0,1
A14,120,2025-04-21,62.0,Elevated,Adequate,"3 farmer symptom reports in the last 2 weeks | no outbreak declared here in the last 8 weeks | 2 suspected cases reported by vets this week | hotter, drier air than normal (high evaporation)",seasonal timing | 0 confirmed outbreaks in nearby sub-counties (last 4 weeks),2.0,2.0,9.0,-52.34042553191489,0.0,0.3959258416875283,37.6,52.95487304579256,,0.0,1
A14,121,2025-04-28,68.0,Elevated,Adequate,3 farmer symptom reports in the last 2 weeks | no outbreak declared here in the last 8 weeks | cattle arrivals -34% compared with recent weeks | 1 suspected cases reported by vets this week,seasonal timing | rainfall 27% above normal over the last 8 weeks,1.0,1.0,13.0,-34.24657534246575,0.0,0.3899869540622154,5.3,27.07106668492446,,1.0,0
A14,122,2025-05-05,9.0,Low,Adequate,4 farmer symptom reports in the last 2 weeks | 2 vet-reported suspected cases in the last 2 weeks | 1 suspected cases reported by vets this week | 2 confirmed outbreaks in nearby sub-counties (last 4 weeks),outbreak declared here in the last 8 weeks | cattle arrivals +94% compared with recent weeks,3.0,1.0,41.0,93.6842105263158,0.0,0.3841371497512821,36.4,13.679840449347196,,0.0,0
A14,123,2025-05-12,13.0,Low,Adequate,"6 farmer symptom reports in the last 2 weeks | hotter, drier air than normal (high evaporation) | 2 vet-reported suspected cases in the last 2 weeks | 3 farmer symptom reports this week",outbreak declared here in the last 8 weeks | cattle arrivals -17% compared with recent weeks,3.0,1.0,15.0,-16.666666666666664,0.0,0.3783750925050129,8.2,1.9631901840494383,,0.0,0
A14,124,2025-05-19,20.0,Low,Adequate,"5 farmer symptom reports in the last 2 weeks | 3 suspected cases reported by vets this week | 4 vet-reported suspected cases in the last 2 weeks | hotter, drier air than normal (high evaporation)",outbreak declared here in the last 8 weeks | cattle arrivals +8% compared with recent weeks,2.0,3.0,23.0,8.212560386473431,0.0,0.3726994661174377,8.1,-8.589373620777192,,0.0,0
A14,125,2025-05-26,6.0,Low,Adequate,6 farmer symptom reports in the last 2 weeks | 2 confirmed outbreaks in nearby sub-counties (last 4 weeks) | 4 farmer symptom reports this week | 3 vet-reported suspected cases in the last 2 weeks,outbreak declared here in the last 8 weeks | 9 cattle arrived from areas with recent outbreaks,4.0,0.0,32.0,54.166666666666664,9.0,0.3671089741256761,2.8,-17.15135639124418,,0.0,0
A14,126,2025-06-02,14.0,Low,Adequate,9 farmer symptom reports in the last 2 weeks | 5 farmer symptom reports this week | cattle arrivals +14% compared with recent weeks | 1 confirmed outbreaks in nearby sub-counties (last 4 weeks),outbreak declared here in the last 8 weeks | 9 cattle arrived from areas with recent outbreaks,5.0,0.0,24.0,13.725490196078432,9.0,0.361602339513791,8.4,-27.73403324584397,,0.0,0
A14,127,2025-06-09,6.0,Low,Adequate,11 farmer symptom reports in the last 2 weeks | seasonal timing | 1 vet-reported suspected cases in the last 2 weeks | 1 confirmed outbreaks in nearby sub-counties (last 4 weeks),outbreak declared here in the last 8 weeks | cattle arrivals +5% compared with recent weeks,6.0,1.0,22.0,4.854368932038835,0.0,0.3561783044210841,2.0,-42.0346425957548,,0.0,0
A14,128,2025-06-16,21.0,Low,Adequate,16 farmer symptom reports in the last 2 weeks | 3 confirmed outbreaks in nearby sub-counties (last 4 weeks) | symptom reports well above this area's normal level | 4 suspected cases reported by vets this week,outbreak declared here in the last 8 weeks | seasonal timing,10.0,4.0,7.0,-56.16438356164384,0.0,0.3508356298547678,16.2,-47.37410849362418,Farmer symptom reports unusually high (10 this week),0.0,0
A14,129,2025-06-23,13.0,Low,Adequate,24 farmer symptom reports in the last 2 weeks | symptom reports well above this area's normal level | 3 confirmed outbreaks in nearby sub-counties (last 4 weeks) | 4 suspected cases reported by vets this week,outbreak declared here in the last 8 weeks | 8 vet-reported suspected cases in the last 2 weeks,14.0,4.0,41.0,69.5852534562212,0.0,0.3455730954069463,3.0,-37.21943490889875,Farmer symptom reports unusually high (14 this week),0.0,1
A14,130,2025-06-30,97.0,High,Adequate,no outbreak declared here in the last 8 weeks | 26 farmer symptom reports in the last 2 weeks | 57 weeks since last vaccination campaign | seasonal timing,symptom reports well above this area's normal level | vaccination coverage about 34%,12.0,4.0,42.0,53.46938775510204,0.0,0.3403894989758421,6.2,-49.76391361560505,,0.0,1
A14,131,2025-07-07,83.0,High,Adequate,no outbreak declared here in the last 8 weeks | 25 farmer symptom reports in the last 2 weeks | 58 weeks since last vaccination campaign | 5 suspected cases reported by vets this week,cattle arrivals -2% compared with recent weeks | symptom reports well above this area's normal level,13.0,5.0,25.0,-2.4390243902439024,0.0,0.3352836564912044,20.8,-44.010981072099256,,1.0,0
A14,132,2025-07-14,25.0,Low,Adequate,21 farmer symptom reports in the last 2 weeks | 59 weeks since last vaccination campaign | 5 suspected cases reported by vets this week | 4 confirmed outbreaks in nearby sub-counties (last 4 weeks),outbreak declared here in the last 8 weeks | cattle arrivals +78% compared with recent weeks,8.0,5.0,52.0,78.125,0.0,0.3302544016438364,25.8,-33.67240298195468,,0.0,0
A14,133,2025-07-21,16.0,Low,Adequate,12 farmer symptom reports in the last 2 weeks | 60 weeks since last vaccination campaign | 3 confirmed outbreaks in nearby sub-counties (last 4 weeks) | 2 suspected cases reported by vets this week,outbreak declared here in the last 8 weeks | cattle arrivals +71% compared with recent weeks,4.0,2.0,56.0,71.2280701754386,0.0,0.3253005856191788,4.0,-45.4689444507296,,0.0,0
A14,134,2025-07-28,41.0,Elevated,Adequate,8 farmer symptom reports in the last 2 weeks | 61 weeks since last vaccination campaign | 3 confirmed outbreaks in nearby sub-counties (last 4 weeks) | 2 suspected cases reported by vets this week,outbreak declared here in the last 8 weeks | vaccination coverage about 32%,4.0,2.0,12.0,-55.98705501618123,0.0,0.3204210768348912,11.9,-41.59260991580911,,0.0,0
A14,135,2025-08-04,15.0,Low,Adequate,"6 farmer symptom reports in the last 2 weeks | 62 weeks since last vaccination campaign | symptom reports at or below normal | cooler, less evaporative conditions than normal",outbreak declared here in the last 8 weeks | cattle arrivals +107% compared with recent weeks,2.0,1.0,72.0,107.40740740740742,6.0,0.3156147606823678,37.7,-22.60273972602737,,0.0,0
A14,136,2025-08-11,9.0,Low,Adequate,symptom reports at or below normal | 3 confirmed outbreaks in nearby sub-counties (last 4 weeks) | 63 weeks since last vaccination campaign | 1 vet-reported suspected cases in the last 2 weeks,outbreak declared here in the last 8 weeks | cattle arrivals +8% compared with recent weeks,0.0,0.0,42.0,8.357348703170029,6.0,0.3108805392721323,42.0,-13.518726892782512,,0.0,0
A14,137,2025-08-18,23.0,Low,Adequate,3 confirmed outbreaks in nearby sub-counties (last 4 weeks) | 64 weeks since last vaccination campaign | 1 suspected cases reported by vets this week | symptom reports at or below normal,"outbreak declared here in the last 8 weeks | cooler, less evaporative conditions than normal",1.0,1.0,21.0,-45.54973821989529,16.0,0.3062173311830503,67.10000000000001,10.371494297880457,,0.0,0
A14,138,2025-08-25,22.0,Low,Adequate,"symptom reports at or below normal | hotter, drier air than normal (high evaporation) | 65 weeks since last vaccination campaign | 2 confirmed outbreaks in nearby sub-counties (last 4 weeks)",outbreak declared here in the last 8 weeks | 16 cattle arrived from areas with recent outbreaks,0.0,0.0,10.0,-66.85082872928176,16.0,0.3016240712153046,12.6,4.098397450284884,,0.0,0
A14,139,2025-09-01,10.0,Low,Adequate,symptom reports at or below normal | 66 weeks since last vaccination campaign | 1 confirmed outbreaks in nearby sub-counties (last 4 weeks) | not a border area,outbreak declared here in the last 8 weeks | 0 farmer symptom reports in the last 2 weeks,0.0,0.0,45.0,21.21212121212121,0.0,0.297099710147075,31.2,4.733088394207628,,0.0,0
A14,140,2025-09-08,46.0,Elevated,Adequate,"67 weeks since last vaccination campaign | no outbreak declared here in the last 8 weeks | symptom reports at or below normal | cooler, less evaporative conditions than normal",0 farmer symptom reports in the last 2 weeks | rainfall close to normal over the last 8 weeks,0.0,0.0,13.0,-58.857142857142854,0.0,0.2926432144948689,24.6,5.866338807411611,,0.0,0
A14,141,2025-09-15,41.0,Elevated,Adequate,68 weeks since last vaccination campaign | no outbreak declared here in the last 8 weeks | 2 confirmed outbreaks in nearby sub-counties (last 4 weeks) | seasonal timing,0 farmer symptom reports in the last 2 weeks | rainfall 19% above normal over the last 8 weeks,0.0,0.0,28.0,-15.112540192926044,0.0,0.2882535662774458,1.6,19.332100184971814,,0.0,0
A14,142,2025-09-22,36.0,Low,Adequate,69 weeks since last vaccination campaign | no outbreak declared here in the last 8 weeks | 2 confirmed outbreaks in nearby sub-counties (last 4 weeks) | seasonal timing,0 farmer symptom reports in the last 2 weeks | 8 cattle arrived from other sub-counties,0.0,0.0,41.0,30.03533568904594,0.0,0.2839297627832842,15.0,20.448318804482827,,0.0,0
A14,143,2025-09-29,41.0,Elevated,Adequate,70 weeks since last vaccination campaign | seasonal timing | no outbreak declared here in the last 8 weeks | 2 confirmed outbreaks in nearby sub-counties (last 4 weeks),"0 farmer symptom reports in the last 2 weeks | cooler, less evaporative conditions than normal",0.0,0.0,27.0,-17.94871794871795,0.0,0.2820978060100156,30.5,25.34059945504053,,0.0,0
A14,144,2025-10-06,41.0,Elevated,Adequate,71 weeks since last vaccination campaign | no outbreak declared here in the last 8 weeks | 1 confirmed outbreaks in nearby sub-counties (last 4 weeks) | 21 cattle arrived from other sub-counties,0 farmer symptom reports in the last 2 weeks | vaccination coverage about 28%,0.0,0.0,44.0,46.81647940074906,0.0,0.2820978060100156,11.9,16.59064994298744,,0.0,0
A14,145,2025-10-13,40.0,Elevated,Adequate,"72 weeks since last vaccination campaign | no outbreak declared here in the last 8 weeks | hotter, drier air than normal (high evaporation) | 1 confirmed outbreaks in nearby sub-counties (last 4 weeks)",0 farmer symptom reports in the last 2 weeks | vaccination coverage about 28%,0.0,0.0,43.0,42.75092936802974,0.0,0.2820978060100156,15.9,-11.407766990291169,,0.0,0
A14,146,2025-10-20,42.0,Elevated,Adequate,3 confirmed outbreaks in nearby sub-counties (last 4 weeks) | 73 weeks since last vaccination campaign | no outbreak declared here in the last 8 weeks | cattle arrivals -86% compared with recent weeks,seasonal timing | 0 farmer symptom reports in the last 2 weeks,0.0,0.0,0.0,-86.25429553264605,0.0,0.2820978060100156,46.9,16.492796820665973,,0.0,0
A14,147,2025-10-27,50.0,Elevated,Adequate,3 confirmed outbreaks in nearby sub-counties (last 4 weeks) | 74 weeks since last vaccination campaign | no outbreak declared here in the last 8 weeks | cattle arrivals +14% compared with recent weeks,seasonal timing | rainfall 34% above normal over the last 8 weeks,1.0,0.0,35.0,13.87900355871886,0.0,0.2820978060100156,56.2,33.54271356783929,,0.0,0
A14,148,2025-11-03,43.0,Elevated,Adequate,3 confirmed outbreaks in nearby sub-counties (last 4 weeks) | no outbreak declared here in the last 8 weeks | 2 farmer symptom reports in the last 2 weeks | 75 weeks since last vaccination campaign,cattle arrivals +9% compared with recent weeks | seasonal timing,1.0,0.0,32.0,9.22509225092251,0.0,0.2820978060100156,21.1,26.93498452012412,,0.0,0
A14,149,2025-11-10,30.0,Low,Adequate,76 weeks since last vaccination campaign | no outbreak declared here in the last 8 weeks | 2 confirmed outbreaks in nearby sub-counties (last 4 weeks) | 23 cattle arrived from other sub-counties,"1 farmer symptom reports in the last 2 weeks | hotter, drier air than normal (high evaporation)",0.0,0.0,23.0,-22.758620689655174,3.0,0.2820978060100156,3.8,18.68119523702581,,0.0,0
A14,150,2025-11-17,42.0,Elevated,Adequate,no outbreak declared here in the last 8 weeks | 2 farmer symptom reports in the last 2 weeks | 77 weeks since last vaccination campaign | 2 farmer symptom reports this week,0 confirmed outbreaks in nearby sub-counties (last 4 weeks) | rainfall close to normal over the last 8 weeks,2.0,0.0,45.0,40.35087719298245,3.0,0.2820978060100156,0.8,7.183642394910272,,0.0,0
A14,151,2025-11-24,51.0,Elevated,Adequate,3 farmer symptom reports in the last 2 weeks | no outbreak declared here in the last 8 weeks | 78 weeks since last vaccination campaign | seasonal timing,"hotter, drier air than normal (high evaporation) | cattle arrivals -14% compared with recent weeks",1.0,0.0,26.0,-14.186851211072666,0.0,0.2820978060100156,3.9,-14.920159680638534,,0.0,0
A14,152,2025-12-01,43.0,Elevated,Adequate,1 suspected cases reported by vets this week | 79 weeks since last vaccination campaign | no outbreak declared here in the last 8 weeks | 1 vet-reported suspected cases in the last 2 weeks,cattle arrivals +0% compared with recent weeks | 0 confirmed outbreaks in nearby sub-counties (last 4 weeks),0.0,1.0,31.0,0.0,0.0,0.2820978060100156,2.8,-21.0526315789473,,0.0,0
A14,153,2025-12-08,46.0,Elevated,Adequate,80 weeks since last vaccination campaign | no outbreak declared here in the last 8 weeks | seasonal timing | 1 vet-reported suspected cases in the last 2 weeks,0 farmer symptom reports in the last 2 weeks | 0 confirmed outbreaks in nearby sub-counties (last 4 weeks),0.0,0.0,3.0,-76.72727272727272,0.0,0.2820978060100156,8.4,-21.882137962539964,,0.0,0
A15,104,2024-12-30,31.0,Low,Adequate,no outbreak declared here in the last 8 weeks | vaccination coverage about 49% | 31 weeks since last vaccination campaign | 2 confirmed outbreaks in nearby sub-counties (last 4 weeks),seasonal timing | 1 farmer symptom reports in the last 2 weeks,0.0,0.0,14.0,-71.69459962756052,5.0,0.4855044632661943,0.0,-43.09167967878664,,0.0,0
A15,105,2025-01-06,26.0,Low,Adequate,"no outbreak declared here in the last 8 weeks | vaccination coverage about 48% | 2 confirmed outbreaks in nearby sub-counties (last 4 weeks) | hotter, drier air than normal (high evaporation)",0 farmer symptom reports in the last 2 weeks | seasonal timing,0.0,0.0,40.0,-24.050632911392405,0.0,0.4782218963172014,0.4,-42.03626281260581,,0.0,0
A15,106,2025-01-13,35.0,Low,Adequate,no outbreak declared here in the last 8 weeks | vaccination coverage about 47% | 2 confirmed outbreaks in nearby sub-counties (last 4 weeks) | 23 cattle arrived from other sub-counties,0 farmer symptom reports in the last 2 weeks | seasonal timing,0.0,0.0,23.0,-44.13965087281795,0.0,0.4710485678724433,0.1,-49.709133609577705,,0.0,0
A15,107,2025-01-20,38.0,Low,Adequate,rainfall 68% below normal over the last 8 weeks | no outbreak declared here in the last 8 weeks | vaccination coverage about 46% | 24 cattle arrived from other sub-counties,0 farmer symptom reports in the last 2 weeks | 0 confirmed outbreaks in nearby sub-counties (last 4 weeks),0.0,0.0,36.0,-12.533333333333333,24.0,0.4639828393543567,0.8999999999999999,-68.45888390222957,,0.0,0
A15,108,2025-01-27,5.0,Low,Adequate,no outbreak declared here in the last 8 weeks | vaccination coverage about 46% | 24 cattle arrived from areas with recent outbreaks | major livestock market in the area,"0 farmer symptom reports in the last 2 weeks | cooler, less evaporative conditions than normal",0.0,0.0,6.0,-76.71957671957672,24.0,0.4570230967640413,22.4,-38.13316214969182,,0.0,0
A15,109,2025-02-03,33.0,Low,Adequate,"hotter, drier air than normal (high evaporation) | no outbreak declared here in the last 8 weeks | 27 cattle arrived from other sub-counties | vaccination coverage about 45%",0 farmer symptom reports in the last 2 weeks | 0 confirmed outbreaks in nearby sub-counties (last 4 weeks),0.0,0.0,27.0,-27.065527065527068,0.0,0.4501677503125807,0.0,-19.631783479866563,,0.0,1
A15,110,2025-02-10,42.0,Elevated,Adequate,no outbreak declared here in the last 8 weeks | vaccination coverage about 44% | 29 cattle arrived from other sub-counties | major livestock market in the area,0 confirmed outbreaks in nearby sub-counties (last 4 weeks) | 1 farmer symptom reports in the last 2 weeks,1.0,0.0,57.0,40.909090909090914,0.0,0.443415234057892,0.0,-35.27908087305837,,0.0,1
A15,111,2025-02-17,19.0,Low,Adequate,no outbreak declared here in the last 8 weeks | vaccination coverage about 44% | major livestock market in the area | seasonal timing,"hotter, drier air than normal (high evaporation) | 0 confirmed outbreaks in nearby sub-counties (last 4 weeks)",0.0,0.0,69.0,78.85196374622356,0.0,0.4367640055470236,0.0,-45.30744336569566,,1.0,0
A15,112,2025-02-24,4.0,Low,Adequate,vaccination coverage about 43% | major livestock market in the area | 1 farmer symptom reports this week | seasonal timing,outbreak declared here in the last 8 weeks | 0 confirmed outbreaks in nearby sub-counties (last 4 weeks),1.0,0.0,70.0,92.3076923076923,2.0,0.4302125454638182,0.0,-47.38480697384798,,0.0,0
A15,113,2025-03-03,16.0,Low,Adequate,"3 farmer symptom reports in the last 2 weeks | 2 farmer symptom reports this week | hotter, drier air than normal (high evaporation) | cattle arrivals -43% compared with recent weeks",outbreak declared here in the last 8 weeks | seasonal timing,2.0,0.0,21.0,-43.47826086956522,2.0,0.423759357281861,7.4,-32.99392346854991,,0.0,0
A15,114,2025-03-10,3.0,Low,Adequate,4 farmer symptom reports in the last 2 weeks | 2 farmer symptom reports this week | moderate cattle density | major livestock market in the area,outbreak declared here in the last 8 weeks | symptom reports well above this area's normal level,2.0,0.0,64.0,58.16618911174785,0.0,0.417402966922633,27.5,2.819237147595176,,0.0,0
A15,115,2025-03-17,2.0,Low,Adequate,2 farmer symptom reports in the last 2 weeks | 42 cattle arrived from other sub-counties | moderate cattle density | major livestock market in the area,outbreak declared here in the last 8 weeks | cattle arrivals -4% compared with recent weeks,0.0,0.0,42.0,-3.5897435897435894,0.0,0.4111419224187935,17.2,9.31435963777494,,0.0,0
A15,116,2025-03-24,3.0,Low,Adequate,cattle arrivals +49% compared with recent weeks | 1 farmer symptom reports this week | moderate cattle density | major livestock market in the area,outbreak declared here in the last 8 weeks | seasonal timing,1.0,0.0,69.0,49.494949494949495,0.0,0.4049747935825116,35.8,3.543098889476364,,0.0,0
A15,117,2025-03-31,7.0,Low,Adequate,1 suspected cases reported by vets this week | 2 farmer symptom reports in the last 2 weeks | 1 vet-reported suspected cases in the last 2 weeks | symptom reports well above this area's normal level,outbreak declared here in the last 8 weeks | cattle arrivals -11% compared with recent weeks,1.0,1.0,46.0,-11.11111111111111,0.0,0.3989001716787739,13.4,-21.370540445072383,,0.0,0
A15,118,2025-04-07,14.0,Low,Adequate,"3 farmer symptom reports in the last 2 weeks | cattle arrivals +15% compared with recent weeks | cooler, less evaporative conditions than normal | 2 vet-reported suspected cases in the last 2 weeks",outbreak declared here in the last 8 weeks | seasonal timing,2.0,1.0,64.0,15.481171548117153,0.0,0.3929166691035923,21.6,-21.08544623240909,,0.0,0
A15,119,2025-04-14,9.0,Low,Adequate,"3 farmer symptom reports in the last 2 weeks | 1 vet-reported suspected cases in the last 2 weeks | hotter, drier air than normal (high evaporation) | 48 cattle arrived from other sub-counties",outbreak declared here in the last 8 weeks | seasonal timing,1.0,0.0,62.0,10.515463917525773,0.0,0.3870229190670384,46.2,-16.728659103589447,,0.0,1
A15,120,2025-04-21,72.0,High,Adequate,3 farmer symptom reports in the last 2 weeks | no outbreak declared here in the last 8 weeks | 87 cattle recorded arriving this week | 2 farmer symptom reports this week,seasonal timing | rainfall 25% below normal over the last 8 weeks,2.0,0.0,87.0,53.97489539748954,0.0,0.3812175752810329,22.7,-24.757643549589865,,0.0,1
A15,121,2025-04-28,52.0,Elevated,Adequate,3 farmer symptom reports in the last 2 weeks | no outbreak declared here in the last 8 weeks | 1 confirmed outbreaks in nearby sub-counties (last 4 weeks) | major livestock market in the area,cattle arrivals +0% compared with recent weeks | seasonal timing,1.0,0.0,57.0,0.20202020202020202,0.0,0.3754993116518174,7.4,-37.389469765132965,,1.0,0
A15,122,2025-05-05,4.0,Low,Adequate,2 farmer symptom reports in the last 2 weeks | 2 confirmed outbreaks in nearby sub-counties (last 4 weeks) | moderate cattle density | major livestock market in the area,outbreak declared here in the last 8 weeks | vaccination coverage about 37%,1.0,0.0,0.0,-92.46704331450094,0.0,0.3698668219770401,38.5,-43.78549729229961,,0.0,0
A15,123,2025-05-12,20.0,Low,Adequate,2 suspected cases reported by vets this week | 2 farmer symptom reports in the last 2 weeks | 2 confirmed outbreaks in nearby sub-counties (last 4 weeks) | 2 vet-reported suspected cases in the last 2 weeks,outbreak declared here in the last 8 weeks | vaccination coverage about 36%,1.0,2.0,12.0,-70.8779443254818,12.0,0.3643188196473845,11.8,-47.67383187001721,,0.0,0
A15,124,2025-05-19,20.0,Low,Adequate,5 farmer symptom reports in the last 2 weeks | 3 suspected cases reported by vets this week | symptom reports well above this area's normal level | 2 confirmed outbreaks in nearby sub-counties (last 4 weeks),outbreak declared here in the last 8 weeks | 12 cattle arrived from areas with recent outbreaks,4.0,3.0,20.0,-54.23340961098398,12.0,0.3588540373526737,9.8,-53.37719749151854,,0.0,0
A15,125,2025-05-26,16.0,Low,Adequate,8 farmer symptom reports in the last 2 weeks | 31 cattle arrived from other sub-counties | 2 confirmed outbreaks in nearby sub-counties (last 4 weeks) | 24 cattle arrived from areas with recent outbreaks,outbreak declared here in the last 8 weeks | 34 cattle recorded arriving this week,4.0,1.0,34.0,-19.587628865979383,24.0,0.3534712267923836,1.1,-52.29497559737084,,0.0,0
A15,126,2025-06-02,38.0,Low,Adequate,9 farmer symptom reports in the last 2 weeks | 2 suspected cases reported by vets this week | rainfall 57% below normal over the last 8 weeks | 26 cattle arrived from other sub-counties,outbreak declared here in the last 8 weeks | symptom reports well above this area's normal level,5.0,2.0,56.0,29.78723404255319,24.0,0.3481691583904979,9.1,-57.0311428179449,,0.0,0
A15,127,2025-06-09,35.0,Low,Adequate,9 farmer symptom reports in the last 2 weeks | rainfall 68% below normal over the last 8 weeks | 1 confirmed outbreaks in nearby sub-counties (last 4 weeks) | 45 cattle arrived from other sub-counties,"outbreak declared here in the last 8 weeks | hotter, drier air than normal (high evaporation)",4.0,1.0,59.0,39.130434782608695,26.0,0.3429466210146404,1.2,-68.05221573342499,,0.0,0
A15,128,2025-06-16,42.0,Elevated,Adequate,9 farmer symptom reports in the last 2 weeks | rainfall 69% below normal over the last 8 weeks | 3 confirmed outbreaks in nearby sub-counties (last 4 weeks) | 2 vet-reported suspected cases in the last 2 weeks,outbreak declared here in the last 8 weeks | cattle arrivals -28% compared with recent weeks,5.0,1.0,28.0,-27.671232876712327,26.0,0.3378024216994208,11.0,-69.27666379628498,,0.0,0
A15,129,2025-06-23,24.0,Low,Adequate,10 farmer symptom reports in the last 2 weeks | rainfall 66% below normal over the last 8 weeks | 3 suspected cases reported by vets this week | 56 weeks since last vaccination campaign,"outbreak declared here in the last 8 weeks | hotter, drier air than normal (high evaporation)",5.0,3.0,100.0,174.50980392156862,22.0,0.3327353853739295,2.5,-66.40260291413223,Cattle arrivals unusually high (+175% on recent weeks),0.0,0
A15,130,2025-06-30,100.0,High,Adequate,11 farmer symptom reports in the last 2 weeks | no outbreak declared here in the last 8 weeks | rainfall 73% below normal over the last 8 weeks | 3 confirmed outbreaks in nearby sub-counties (last 4 weeks),symptom reports well above this area's normal level | 22 cattle arrived from areas with recent outbreaks,6.0,3.0,12.0,-61.03151862464183,22.0,0.3277443545933205,6.0,-73.40425531914903,,0.0,1
A15,131,2025-07-07,100.0,High,Adequate,13 farmer symptom reports in the last 2 weeks | no outbreak declared here in the last 8 weeks | rainfall 69% below normal over the last 8 weeks | 58 weeks since last vaccination campaign,13 cattle arrived from areas with recent outbreaks | symptom reports well above this area's normal level,7.0,2.0,66.0,57.340720221606645,13.0,0.3228281892744207,24.4,-68.54450261780109,,0.0,1
A15,132,2025-07-14,100.0,High,Adequate,11 farmer symptom reports in the last 2 weeks | no outbreak declared here in the last 8 weeks | 59 weeks since last vaccination campaign | 3 confirmed outbreaks in nearby sub-counties (last 4 weeks),vaccination coverage about 32%,4.0,3.0,56.0,17.59036144578313,32.0,0.3179857664353044,27.0,-63.05931321540059,,1.0,0
A15,133,2025-07-21,46.0,Elevated,Adequate,7 farmer symptom reports in the last 2 weeks | rainfall 69% below normal over the last 8 weeks | 60 weeks since last vaccination campaign | 3 confirmed outbreaks in nearby sub-counties (last 4 weeks),outbreak declared here in the last 8 weeks | vaccination coverage about 31%,3.0,2.0,69.0,31.263858093126384,54.0,0.3132159799387748,3.5,-68.83330590752009,,0.0,0
A15,134,2025-07-28,42.0,Elevated,Adequate,6 farmer symptom reports in the last 2 weeks | rainfall 68% below normal over the last 8 weeks | 61 weeks since last vaccination campaign | 3 confirmed outbreaks in nearby sub-counties (last 4 weeks),outbreak declared here in the last 8 weeks | cattle arrivals -8% compared with recent weeks,3.0,0.0,51.0,-7.818930041152264,58.0,0.3104229304605578,8.5,-68.12330623306227,,0.0,0
A15,135,2025-08-04,41.0,Elevated,Adequate,5 farmer symptom reports in the last 2 weeks | 62 weeks since last vaccination campaign | symptom reports at or below normal | 3 confirmed outbreaks in nearby sub-counties (last 4 weeks),outbreak declared here in the last 8 weeks | 5 cattle arrived from other sub-counties,2.0,1.0,14.0,-68.3991683991684,28.0,0.3104229304605578,59.5,-48.2530304573698,,0.0,0
A15,136,2025-08-11,24.0,Low,Adequate,symptom reports at or below normal | 3 confirmed outbreaks in nearby sub-counties (last 4 weeks) | 63 weeks since last vaccination campaign | 83 cattle recorded arriving this week,outbreak declared here in the last 8 weeks | seasonal timing,0.0,1.0,83.0,61.46788990825688,69.0,0.3104229304605578,30.5,-42.98696560644748,,0.0,0
A15,137,2025-08-18,41.0,Elevated,Adequate,cattle arrivals -33% compared with recent weeks | 3 confirmed outbreaks in nearby sub-counties (last 4 weeks) | 64 weeks since last vaccination campaign | rainfall 30% below normal over the last 8 weeks,"outbreak declared here in the last 8 weeks | cooler, less evaporative conditions than normal",2.0,0.0,36.0,-33.19755600814664,86.0,0.3104229304605578,49.4,-29.999680071663825,,0.0,0
A15,138,2025-08-25,21.0,Low,Adequate,"symptom reports at or below normal | hotter, drier air than normal (high evaporation) | 65 weeks since last vaccination campaign | 2 confirmed outbreaks in nearby sub-counties (last 4 weeks)",outbreak declared here in the last 8 weeks | cattle arrivals +7% compared with recent weeks,0.0,0.0,52.0,6.791569086651054,22.0,0.3104229304605578,13.9,-31.51884968583848,,0.0,0
A15,139,2025-09-01,25.0,Low,Adequate,symptom reports at or below normal | 66 weeks since last vaccination campaign | 88 cattle recorded arriving this week | 1 confirmed outbreaks in nearby sub-counties (last 4 weeks),outbreak declared here in the last 8 weeks | 0 farmer symptom reports in the last 2 weeks,0.0,0.0,88.0,59.314775160599574,18.0,0.3104229304605578,23.3,-33.177334794585384,,0.0,0
A15,140,2025-09-08,15.0,Low,Adequate,symptom reports at or below normal | 67 weeks since last vaccination campaign | 26 cattle arrived from other sub-counties | rainfall 33% below normal over the last 8 weeks,outbreak declared here in the last 8 weeks | 0 farmer symptom reports in the last 2 weeks,0.0,0.0,26.0,-49.284253578732105,18.0,0.3104229304605578,19.6,-32.506418385969255,,0.0,0
A15,141,2025-09-15,48.0,Elevated,Adequate,68 weeks since last vaccination campaign | no outbreak declared here in the last 8 weeks | symptom reports at or below normal | 1 confirmed outbreaks in nearby sub-counties (last 4 weeks),0 farmer symptom reports in the last 2 weeks | cattle arrivals -27% compared with recent weeks,0.0,0.0,37.0,-26.797385620915033,24.0,0.3104229304605578,15.0,-16.711991007650777,,0.0,0
A15,142,2025-09-22,51.0,Elevated,Adequate,69 weeks since last vaccination campaign | no outbreak declared here in the last 8 weeks | cattle arrivals +20% compared with recent weeks | seasonal timing,0 farmer symptom reports in the last 2 weeks | rainfall 14% below normal over the last 8 weeks,0.0,0.0,59.0,19.906323185011708,44.0,0.3104229304605578,19.8,-13.647927191945133,,0.0,0
A15,143,2025-09-29,44.0,Elevated,Adequate,70 weeks since last vaccination campaign | seasonal timing | no outbreak declared here in the last 8 weeks | 1 confirmed outbreaks in nearby sub-counties (last 4 weeks),"0 farmer symptom reports in the last 2 weeks | cooler, less evaporative conditions than normal",0.0,0.0,14.0,-65.05747126436782,20.0,0.3104229304605578,24.9,-21.651989067719214,,0.0,0
A15,144,2025-10-06,34.0,Low,Adequate,71 weeks since last vaccination campaign | no outbreak declared here in the last 8 weeks | 1 confirmed outbreaks in nearby sub-counties (last 4 weeks) | seasonal timing,0 farmer symptom reports in the last 2 weeks | cattle arrivals +75% compared with recent weeks,0.0,0.0,90.0,74.71264367816092,16.0,0.3104229304605578,10.9,-23.96922951687061,,0.0,0
A15,145,2025-10-13,42.0,Elevated,Adequate,72 weeks since last vaccination campaign | no outbreak declared here in the last 8 weeks | 1 confirmed outbreaks in nearby sub-counties (last 4 weeks) | seasonal timing,0 farmer symptom reports in the last 2 weeks | cattle arrivals -8% compared with recent weeks,0.0,0.0,46.0,-7.6923076923076925,37.0,0.3104229304605578,17.0,-39.104713074344026,,0.0,0
A15,146,2025-10-20,42.0,Elevated,Adequate,73 weeks since last vaccination campaign | 3 confirmed outbreaks in nearby sub-counties (last 4 weeks) | no outbreak declared here in the last 8 weeks | 23 cattle recorded arriving this week,seasonal timing | 0 farmer symptom reports in the last 2 weeks,0.0,0.0,23.0,-50.442477876106196,21.0,0.3104229304605578,31.3,-30.940225911483992,,0.0,0
A15,147,2025-10-27,27.0,Low,Adequate,74 weeks since last vaccination campaign | 3 confirmed outbreaks in nearby sub-counties (last 4 weeks) | no outbreak declared here in the last 8 weeks | not a border area,0 farmer symptom reports in the last 2 weeks | seasonal timing,0.0,0.0,34.0,-26.24113475177305,0.0,0.3104229304605578,63.4,-11.16048968639889,,0.0,0
A15,148,2025-11-03,24.0,Low,Adequate,"3 confirmed outbreaks in nearby sub-counties (last 4 weeks) | 75 weeks since last vaccination campaign | no outbreak declared here in the last 8 weeks | hotter, drier air than normal (high evaporation)",0 farmer symptom reports in the last 2 weeks | seasonal timing,0.0,0.0,70.0,62.601626016260155,17.0,0.3104229304605578,13.0,-20.64780457637556,,0.0,0
A15,149,2025-11-10,41.0,Elevated,Adequate,76 weeks since last vaccination campaign | 2 confirmed outbreaks in nearby sub-counties (last 4 weeks) | no outbreak declared here in the last 8 weeks | rainfall 31% below normal over the last 8 weeks,0 farmer symptom reports in the last 2 weeks | 17 cattle arrived from areas with recent outbreaks,0.0,0.0,42.0,-8.958837772397095,17.0,0.3104229304605578,2.1,-30.70412389699221,,0.0,0
A15,150,2025-11-17,17.0,Low,Adequate,77 weeks since last vaccination campaign | no outbreak declared here in the last 8 weeks | major livestock market in the area | not a border area,0 farmer symptom reports in the last 2 weeks | 0 confirmed outbreaks in nearby sub-counties (last 4 weeks),0.0,0.0,41.0,-11.961722488038278,0.0,0.3104229304605578,1.2,-36.52996384618165,,0.0,0
A15,151,2025-11-24,55.0,Elevated,Adequate,symptom reports well above this area's normal level | no outbreak declared here in the last 8 weeks | 2 farmer symptom reports in the last 2 weeks | 78 weeks since last vaccination campaign,0 confirmed outbreaks in nearby sub-counties (last 4 weeks) | cattle arrivals +0% compared with recent weeks,2.0,0.0,45.0,0.0,0.0,0.3104229304605578,1.1,-46.4935435542554,,0.0,0
A15,152,2025-12-01,31.0,Low,Adequate,no outbreak declared here in the last 8 weeks | 79 weeks since last vaccination campaign | 2 farmer symptom reports in the last 2 weeks | not a border area,"0 confirmed outbreaks in nearby sub-counties (last 4 weeks) | hotter, drier air than normal (high evaporation)",0.0,0.0,27.0,-40.60324825986079,0.0,0.3104229304605578,1.4,-49.51672595307382,,0.0,0
A15,153,2025-12-08,45.0,Elevated,Adequate,"80 weeks since last vaccination campaign | hotter, drier air than normal (high evaporation) | no outbreak declared here in the last 8 weeks | cattle arrivals -35% compared with recent weeks",0 farmer symptom reports in the last 2 weeks | seasonal timing,0.0,0.0,25.0,-34.78260869565217,0.0,0.3104229304605578,15.1,-48.65525672371634,,0.0,0
A16,104,2024-12-30,13.0,Low,Adequate,"10 farmer symptom reports in the last 2 weeks | 64 weeks since last vaccination campaign | 2 farmer symptom reports this week | hotter, drier air than normal (high evaporation)",outbreak declared here in the last 8 weeks | seasonal timing,2.0,0.0,18.0,-58.18181818181818,17.0,0.2614482204137346,0.2,-40.86510931328655,,0.0,0
A16,105,2025-01-06,43.0,Elevated,Adequate,7 farmer symptom reports in the last 2 weeks | 65 weeks since last vaccination campaign | 2 suspected cases reported by vets this week | 2 vet-reported suspected cases in the last 2 weeks,outbreak declared here in the last 8 weeks | seasonal timing,5.0,2.0,83.0,91.82561307901908,0.0,0.2614482204137346,4.9,-48.14277049752804,,0.0,0
A16,106,2025-01-13,46.0,Elevated,Adequate,9 farmer symptom reports in the last 2 weeks | 66 weeks since last vaccination campaign | 4 vet-reported suspected cases in the last 2 weeks | 2 suspected cases reported by vets this week,outbreak declared here in the last 8 weeks | 17 cattle arrived from areas with recent outbreaks,4.0,2.0,71.0,55.10204081632652,17.0,0.2614482204137346,0.0,-46.42979785261343,,0.0,0
A16,107,2025-01-20,51.0,Elevated,Adequate,8 farmer symptom reports in the last 2 weeks | 67 weeks since last vaccination campaign | 4 vet-reported suspected cases in the last 2 weeks | 2 suspected cases reported by vets this week,"outbreak declared here in the last 8 weeks | hotter, drier air than normal (high evaporation)",4.0,2.0,54.0,15.121951219512194,25.0,0.2614482204137346,0.2,-60.915856781323455,,0.0,0
A16,108,2025-01-27,44.0,Elevated,Adequate,5 farmer symptom reports in the last 2 weeks | symptom reports at or below normal | 68 weeks since last vaccination campaign | 3 vet-reported suspected cases in the last 2 weeks,outbreak declared here in the last 8 weeks | 8 cattle arrived from areas with recent outbreaks,1.0,1.0,22.0,-47.699757869249396,8.0,0.2614482204137346,16.6,-37.19710447211825,,0.0,0
A16,109,2025-02-03,44.0,Elevated,Adequate,4 farmer symptom reports in the last 2 weeks | 69 weeks since last vaccination campaign | 1 vet-reported suspected cases in the last 2 weeks | 3 farmer symptom reports this week,outbreak declared here in the last 8 weeks | 0 confirmed outbreaks in nearby sub-counties (last 4 weeks),3.0,0.0,63.0,34.65346534653465,0.0,0.2614482204137346,0.0,-33.434448439816464,,0.0,0
A16,110,2025-02-10,40.0,Elevated,Adequate,3 farmer symptom reports in the last 2 weeks | symptom reports at or below normal | 70 weeks since last vaccination campaign | vaccination coverage about 26%,outbreak declared here in the last 8 weeks | 121 cattle recorded arriving this week,0.0,0.0,121.0,153.26633165829148,0.0,0.2614482204137346,0.3,-47.8390726946254,Cattle arrivals unusually high (+153% on recent weeks),0.0,0
A16,111,2025-02-17,15.0,Low,Adequate,71 weeks since last vaccination campaign | symptom reports at or below normal | 2 confirmed outbreaks in nearby sub-counties (last 4 weeks) | vaccination coverage about 26%,"outbreak declared here in the last 8 weeks | hotter, drier air than normal (high evaporation)",1.0,0.0,51.0,-8.384458077709612,0.0,0.2614482204137346,0.0,-50.21302913688815,,0.0,0
A16,112,2025-02-24,56.0,Elevated,Adequate,symptom reports at or below normal | 72 weeks since last vaccination campaign | no outbreak declared here in the last 8 weeks | 2 confirmed outbreaks in nearby sub-counties (last 4 weeks),1 farmer symptom reports in the last 2 weeks | 32 cattle recorded arriving this week,0.0,0.0,32.0,-43.40344168260038,0.0,0.2614482204137346,0.2,-50.68157451370781,,0.0,0
A16,113,2025-03-03,42.0,Elevated,Adequate,3 confirmed outbreaks in nearby sub-counties (last 4 weeks) | no outbreak declared here in the last 8 weeks | 73 weeks since last vaccination campaign | symptom reports at or below normal,seasonal timing | 1 farmer symptom reports in the last 2 weeks,1.0,0.0,51.0,-16.573556797020483,19.0,0.2614482204137346,1.1,-55.19798075406228,,0.0,0
A16,114,2025-03-10,43.0,Elevated,Adequate,74 weeks since last vaccination campaign | symptom reports at or below normal | no outbreak declared here in the last 8 weeks | 24 cattle arrived from other sub-counties,seasonal timing | seasonal timing,0.0,0.0,24.0,-54.05940594059406,19.0,0.2614482204137346,18.1,-29.492039423806062,,0.0,0
A16,115,2025-03-17,38.0,Low,Adequate,75 weeks since last vaccination campaign | no outbreak declared here in the last 8 weeks | cattle arrivals -91% compared with recent weeks | 1 confirmed outbreaks in nearby sub-counties (last 4 weeks),0 farmer symptom reports in the last 2 weeks | seasonal timing,0.0,0.0,0.0,-91.26637554585153,0.0,0.2614482204137346,3.0,-26.811163895487237,,0.0,0
A16,116,2025-03-24,42.0,Elevated,Adequate,76 weeks since last vaccination campaign | no outbreak declared here in the last 8 weeks | 1 confirmed outbreaks in nearby sub-counties (last 4 weeks) | cattle arrivals -90% compared with recent weeks,0 farmer symptom reports in the last 2 weeks | seasonal timing,0.0,0.0,0.0,-90.0990099009901,0.0,0.2614482204137346,37.3,-14.758889430102451,,0.0,0
A16,117,2025-03-31,41.0,Elevated,Adequate,77 weeks since last vaccination campaign | symptom reports at or below normal | no outbreak declared here in the last 8 weeks | moderate cattle density,0 farmer symptom reports in the last 2 weeks | cattle arrivals -4% compared with recent weeks,0.0,0.0,41.0,-3.664921465968586,0.0,0.2614482204137346,13.7,-21.563114984537563,,0.0,0
A16,118,2025-04-07,41.0,Elevated,Adequate,78 weeks since last vaccination campaign | no outbreak declared here in the last 8 weeks | 25 cattle arrived from other sub-counties | rainfall 30% below normal over the last 8 weeks,0 farmer symptom reports in the last 2 weeks | cattle arrivals +9% compared with recent weeks,0.0,0.0,44.0,8.88888888888889,0.0,0.2614482204137346,6.8,-30.185758513931933,,0.0,0
A16,119,2025-04-14,42.0,Elevated,Adequate,"79 weeks since last vaccination campaign | cattle arrivals +140% compared with recent weeks | no outbreak declared here in the last 8 weeks | hotter, drier air than normal (high evaporation)",0 farmer symptom reports in the last 2 weeks | seasonal timing,0.0,0.0,80.0,140.2826855123675,0.0,0.2614482204137346,19.1,-37.92241722042375,,0.0,0
A16,120,2025-04-21,40.0,Elevated,Adequate,"80 weeks since last vaccination campaign | hotter, drier air than normal (high evaporation) | no outbreak declared here in the last 8 weeks | major livestock market in the area",0 farmer symptom reports in the last 2 weeks | 0 confirmed outbreaks in nearby sub-counties (last 4 weeks),0.0,0.0,70.0,92.3076923076923,0.0,0.2614482204137346,11.4,-47.1792399070706,,0.0,0
A16,121,2025-04-28,53.0,Elevated,Adequate,"81 weeks since last vaccination campaign | 2 confirmed outbreaks in nearby sub-counties (last 4 weeks) | no outbreak declared here in the last 8 weeks | hotter, drier air than normal (high evaporation)",0 farmer symptom reports in the last 2 weeks | seasonal timing,0.0,0.0,20.0,-42.857142857142854,0.0,0.2614482204137346,4.800000000000001,-58.05046103961906,,0.0,0
A16,122,2025-05-05,41.0,Elevated,Adequate,4 confirmed outbreaks in nearby sub-counties (last 4 weeks) | 82 weeks since last vaccination campaign | no outbreak declared here in the last 8 weeks | rainfall 67% below normal over the last 8 weeks,0 farmer symptom reports in the last 2 weeks | 13 cattle arrived from areas with recent outbreaks,0.0,0.0,32.0,-7.210031347962382,13.0,0.2614482204137346,7.8,-66.94526670149172,,0.0,0
A16,123,2025-05-12,76.0,High,Adequate,4 confirmed outbreaks in nearby sub-counties (last 4 weeks) | 83 weeks since last vaccination campaign | no outbreak declared here in the last 8 weeks | rainfall 67% below normal over the last 8 weeks,1 farmer symptom reports in the last 2 weeks | symptom reports well above this area's normal level,1.0,0.0,43.0,17.431192660550458,35.0,0.2614482204137346,2.9,-67.05650764242709,,0.0,0
A16,124,2025-05-19,76.0,High,Adequate,4 confirmed outbreaks in nearby sub-counties (last 4 weeks) | rainfall 75% below normal over the last 8 weeks | no outbreak declared here in the last 8 weeks | 84 weeks since last vaccination campaign,1 farmer symptom reports in the last 2 weeks | symptom reports at or below normal,0.0,0.0,61.0,42.7027027027027,24.0,0.2614482204137346,5.1,-75.19229015292014,,0.0,0
A16,125,2025-05-26,49.0,Elevated,Adequate,2 confirmed outbreaks in nearby sub-counties (last 4 weeks) | rainfall 78% below normal over the last 8 weeks | 85 weeks since last vaccination campaign | no outbreak declared here in the last 8 weeks,0 farmer symptom reports in the last 2 weeks | cattle arrivals +0% compared with recent weeks,0.0,0.0,49.0,0.23201856148491878,24.0,0.2614482204137346,1.5,-77.69779548814199,,0.0,0
A16,126,2025-06-02,41.0,Elevated,Adequate,"86 weeks since last vaccination campaign | hotter, drier air than normal (high evaporation) | no outbreak declared here in the last 8 weeks | major livestock market in the area",0 farmer symptom reports in the last 2 weeks | 0 confirmed outbreaks in nearby sub-counties (last 4 weeks),0.0,0.0,23.0,-48.9749430523918,22.0,0.2614482204137346,4.9,-77.09768262477523,,0.0,0
A16,127,2025-06-09,44.0,Elevated,Adequate,87 weeks since last vaccination campaign | 25 cattle arrived from other sub-counties | no outbreak declared here in the last 8 weeks | seasonal timing,0 farmer symptom reports in the last 2 weeks | 0 confirmed outbreaks in nearby sub-counties (last 4 weeks),0.0,0.0,25.0,-42.58373205741627,0.0,0.2614482204137346,2.0,-79.65116279069765,,0.0,0
A16,128,2025-06-16,50.0,Elevated,Adequate,1 confirmed outbreaks in nearby sub-counties (last 4 weeks) | 88 weeks since last vaccination campaign | rainfall 79% below normal over the last 8 weeks | no outbreak declared here in the last 8 weeks,0 farmer symptom reports in the last 2 weeks | 0 cattle arrived from other sub-counties,0.0,0.0,7.0,-73.55371900826447,0.0,0.2614482204137346,4.300000000000001,-78.63732793921756,,0.0,0
A16,129,2025-06-23,56.0,Elevated,Adequate,1 confirmed outbreaks in nearby sub-counties (last 4 weeks) | rainfall 70% below normal over the last 8 weeks | 89 weeks since last vaccination campaign | no outbreak declared here in the last 8 weeks,0 farmer symptom reports in the last 2 weeks | cattle arrivals -7% compared with recent weeks,0.0,0.0,30.0,-6.666666666666667,0.0,0.2614482204137346,2.4,-70.20036429872489,,0.0,0
A16,130,2025-06-30,26.0,Low,Adequate,seasonal timing | no outbreak declared here in the last 8 weeks | vaccination coverage about 58% | 1 confirmed outbreaks in nearby sub-counties (last 4 weeks),0 farmer symptom reports in the last 2 weeks | 0 weeks since last vaccination campaign,0.0,0.0,59.0,65.16129032258064,0.0,0.5768957193678741,5.3,-53.44890289732065,,0.0,0
A16,131,2025-07-07,28.0,Low,Adequate,no outbreak declared here in the last 8 weeks | seasonal timing | 2 confirmed outbreaks in nearby sub-counties (last 4 weeks) | vaccination coverage about 57%,0 farmer symptom reports in the last 2 weeks | 1 weeks since last vaccination campaign,0.0,1.0,37.0,-0.2967359050445104,4.0,0.568242283577356,13.7,-41.69925346605002,,0.0,0
A16,132,2025-07-14,28.0,Low,Adequate,no outbreak declared here in the last 8 weeks | 2 confirmed outbreaks in nearby sub-counties (last 4 weeks) | 1 vet-reported suspected cases in the last 2 weeks | 20 cattle arrived from other sub-counties,0 farmer symptom reports in the last 2 weeks | 2 weeks since last vaccination campaign,0.0,0.0,72.0,86.10271903323263,4.0,0.5597186493236956,9.7,-33.60483771442595,,0.0,0
A16,133,2025-07-21,10.0,Low,Adequate,no outbreak declared here in the last 8 weeks | 2 confirmed outbreaks in nearby sub-counties (last 4 weeks) | 88 cattle recorded arriving this week | seasonal timing,0 farmer symptom reports in the last 2 weeks | 3 weeks since last vaccination campaign,0.0,0.0,88.0,117.54385964912282,14.0,0.5513228695838402,2.9,-37.050975025657976,,0.0,0
A16,134,2025-07-28,22.0,Low,Adequate,3 confirmed outbreaks in nearby sub-counties (last 4 weeks) | no outbreak declared here in the last 8 weeks | 1 vet-reported suspected cases in the last 2 weeks | 1 suspected cases reported by vets this week,"0 farmer symptom reports in the last 2 weeks | hotter, drier air than normal (high evaporation)",0.0,1.0,73.0,63.77952755905512,22.0,0.5430530265400826,7.5,-32.767244387576696,,0.0,0
A16,135,2025-08-04,40.0,Elevated,Adequate,no outbreak declared here in the last 8 weeks | 2 confirmed outbreaks in nearby sub-counties (last 4 weeks) | 1 vet-reported suspected cases in the last 2 weeks | vaccination coverage about 53%,5 weeks since last vaccination campaign | 1 farmer symptom reports in the last 2 weeks,1.0,0.0,42.0,-12.761020881670534,8.0,0.5349072311419814,37.8,11.455108359133265,,0.0,0
A16,136,2025-08-11,44.0,Elevated,Adequate,"no outbreak declared here in the last 8 weeks | 1 confirmed outbreaks in nearby sub-counties (last 4 weeks) | hotter, drier air than normal (high evaporation) | vaccination coverage about 53%",6 weeks since last vaccination campaign | 1 farmer symptom reports in the last 2 weeks,0.0,0.0,13.0,-67.85714285714286,0.0,0.5268836226748517,39.4,56.569343065693246,,0.0,0
A16,137,2025-08-18,41.0,Elevated,Adequate,no outbreak declared here in the last 8 weeks | 1 confirmed outbreaks in nearby sub-counties (last 4 weeks) | vaccination coverage about 52% | 1 farmer symptom reports this week,cattle arrivals -8% compared with recent weeks | 7 weeks since last vaccination campaign,1.0,0.0,47.0,-8.370044052863436,0.0,0.5189803683347289,28.0,79.06463966577701,,0.0,0
A16,138,2025-08-25,57.0,Elevated,Adequate,2 farmer symptom reports in the last 2 weeks | no outbreak declared here in the last 8 weeks | vaccination coverage about 51% | rainfall 62% above normal over the last 8 weeks,0 confirmed outbreaks in nearby sub-counties (last 4 weeks) | 29 cattle recorded arriving this week,1.0,0.0,29.0,-42.25053078556263,0.0,0.511195662809708,2.1,62.10707005686093,,0.0,0
A16,139,2025-09-01,44.0,Elevated,Adequate,"no outbreak declared here in the last 8 weeks | hotter, drier air than normal (high evaporation) | 25 cattle arrived from other sub-counties | vaccination coverage about 50%",0 confirmed outbreaks in nearby sub-counties (last 4 weeks) | 9 weeks since last vaccination campaign,0.0,0.0,25.0,-45.57823129251701,0.0,0.5035277278675624,8.9,48.64864864864872,,0.0,0
A16,140,2025-09-08,37.0,Low,Adequate,no outbreak declared here in the last 8 weeks | vaccination coverage about 50% | 20 cattle arrived from other sub-counties | 1 farmer symptom reports this week,0 confirmed outbreaks in nearby sub-counties (last 4 weeks) | 10 weeks since last vaccination campaign,1.0,0.0,40.0,-16.083916083916083,0.0,0.4959748119495489,2.2,42.19854523102141,,0.0,0
A16,141,2025-09-15,100.0,High,Adequate,2 farmer symptom reports in the last 2 weeks | no outbreak declared here in the last 8 weeks | 1 confirmed outbreaks in nearby sub-counties (last 4 weeks) | seasonal timing,0 cattle arrived from other sub-counties | 11 weeks since last vaccination campaign,1.0,1.0,13.0,-63.72795969773299,0.0,0.4885351897703057,0.3999999999999999,62.999282468309445,,0.0,0
A16,142,2025-09-22,100.0,High,Adequate,2 farmer symptom reports in the last 2 weeks | no outbreak declared here in the last 8 weeks | 2 confirmed outbreaks in nearby sub-counties (last 4 weeks) | seasonal timing,12 weeks since last vaccination campaign,1.0,1.0,59.0,59.006211180124225,12.0,0.481207161923751,7.1000000000000005,70.10889973713896,,0.0,0
A16,143,2025-09-29,99.0,High,Adequate,2 farmer symptom reports in the last 2 weeks | no outbreak declared here in the last 8 weeks | seasonal timing | 2 confirmed outbreaks in nearby sub-counties (last 4 weeks),cattle arrivals +90% compared with recent weeks | 68 cattle recorded arriving this week,1.0,0.0,68.0,89.6103896103896,18.0,0.4739890544948948,7.5,15.637319316689084,,0.0,0
A16,144,2025-10-06,89.0,High,Adequate,2 farmer symptom reports in the last 2 weeks | no outbreak declared here in the last 8 weeks | 2 confirmed outbreaks in nearby sub-counties (last 4 weeks) | seasonal timing,rainfall 26% below normal over the last 8 weeks | 6 cattle arrived from areas with recent outbreaks,1.0,0.0,20.0,-40.119760479041915,6.0,0.4668792186774714,4.3,-25.593667546173787,,0.0,1
A16,145,2025-10-13,92.0,High,Adequate,2 farmer symptom reports in the last 2 weeks | no outbreak declared here in the last 8 weeks | 1 confirmed outbreaks in nearby sub-counties (last 4 weeks) | rainfall 67% below normal over the last 8 weeks,cattle arrivals +83% compared with recent weeks | 15 weeks since last vaccination campaign,1.0,0.0,73.0,82.99120234604106,20.0,0.4598760303973093,2.2,-66.74849363981247,,0.0,1
A16,146,2025-10-20,71.0,High,Adequate,4 farmer symptom reports in the last 2 weeks | no outbreak declared here in the last 8 weeks | 3 farmer symptom reports this week | 2 suspected cases reported by vets this week,seasonal timing | rainfall 54% below normal over the last 8 weeks,3.0,2.0,30.0,-23.705722070844686,20.0,0.4529778899413497,33.4,-54.12013281014176,,1.0,0
A16,147,2025-10-27,16.0,Low,Adequate,4 farmer symptom reports in the last 2 weeks | cattle arrivals -30% compared with recent weeks | 2 vet-reported suspected cases in the last 2 weeks | 1 confirmed outbreaks in nearby sub-counties (last 4 weeks),outbreak declared here in the last 8 weeks | seasonal timing,1.0,0.0,27.0,-30.434782608695656,0.0,0.4461832215922294,35.4,-50.55713665525058,,0.0,0
A16,148,2025-11-03,18.0,Low,Adequate,5 farmer symptom reports in the last 2 weeks | 2 suspected cases reported by vets this week | symptom reports well above this area's normal level | 2 vet-reported suspected cases in the last 2 weeks,outbreak declared here in the last 8 weeks | 15 cattle arrived from areas with recent outbreaks,4.0,2.0,101.0,129.1891891891892,15.0,0.439490473268346,10.9,-51.76123546763836,Cattle arrivals unusually high (+129% on recent weeks),0.0,0
A16,149,2025-11-10,51.0,Elevated,Adequate,12 farmer symptom reports in the last 2 weeks | symptom reports well above this area's normal level | seasonal timing | 53 cattle arrived from areas with recent outbreaks,outbreak declared here in the last 8 weeks | 55 cattle recorded arriving this week,8.0,3.0,55.0,11.36890951276102,53.0,0.4328981161693208,1.2999999999999998,-57.16796576493962,Farmer symptom reports unusually high (8 this week),0.0,0
A16,150,2025-11-17,52.0,Elevated,Adequate,20 farmer symptom reports in the last 2 weeks | symptom reports well above this area's normal level | 10 suspected cases reported by vets this week | cattle arrivals -31% compared with recent weeks,outbreak declared here in the last 8 weeks | 13 vet-reported suspected cases in the last 2 weeks,12.0,10.0,36.0,-30.655391120507396,38.0,0.426404644426781,5.3,-61.50624694632511,Farmer symptom reports unusually high (12 this week) | Vet-reported suspected cases unusually high (10 this week),0.0,0
A16,151,2025-11-24,21.0,Low,Adequate,23 farmer symptom reports in the last 2 weeks | 6 suspected cases reported by vets this week | seasonal timing | rainfall 65% below normal over the last 8 weeks,outbreak declared here in the last 8 weeks | 16 vet-reported suspected cases in the last 2 weeks,11.0,6.0,40.0,-20.0,24.0,0.4200085747603793,0.5,-65.05058023480058,,0.0,0
A16,152,2025-12-01,60.0,Elevated,Adequate,19 farmer symptom reports in the last 2 weeks | rainfall 66% below normal over the last 8 weeks | 39 cattle arrived from other sub-counties | 2 suspected cases reported by vets this week,outbreak declared here in the last 8 weeks | cattle arrivals -17% compared with recent weeks,8.0,2.0,39.0,-16.587677725118482,30.0,0.4137084461389735,1.5,-65.97257491112242,,0.0,0
A16,153,2025-12-08,40.0,Elevated,Adequate,11 farmer symptom reports in the last 2 weeks | 3 vet-reported suspected cases in the last 2 weeks | seasonal timing | 3 farmer symptom reports this week,outbreak declared here in the last 8 weeks | cattle arrivals -4% compared with recent weeks,3.0,1.0,48.0,-3.8548752834467117,6.0,0.4075028194468889,16.1,-55.672659640421685,,0.0,0
A17,104,2024-12-30,13.0,Low,Adequate,12 farmer symptom reports in the last 2 weeks | 64 weeks since last vaccination campaign | 4 suspected cases reported by vets this week | 6 vet-reported suspected cases in the last 2 weeks,outbreak declared here in the last 8 weeks | 18 cattle arrived from areas with recent outbreaks,6.0,4.0,25.0,-16.666666666666664,18.0,0.2913673053854588,0.3,12.571293765004668,,0.0,0
A17,105,2025-01-06,14.0,Low,Adequate,11 farmer symptom reports in the last 2 weeks | 65 weeks since last vaccination campaign | 3 suspected cases reported by vets this week | 7 vet-reported suspected cases in the last 2 weeks,outbreak declared here in the last 8 weeks | rainfall 11% above normal over the last 8 weeks,5.0,3.0,0.0,-85.45454545454545,0.0,0.2869967958046769,3.1,11.468959718233728,,0.0,0
A17,106,2025-01-13,45.0,Elevated,Adequate,15 farmer symptom reports in the last 2 weeks | cattle arrivals +121% compared with recent weeks | 66 weeks since last vaccination campaign | seasonal timing,outbreak declared here in the last 8 weeks | rainfall close to normal over the last 8 weeks,10.0,2.0,62.0,120.57613168724279,0.0,0.2826918438676068,0.0,-6.506198534069445,,0.0,0
A17,107,2025-01-20,41.0,Elevated,Adequate,15 farmer symptom reports in the last 2 weeks | 67 weeks since last vaccination campaign | seasonal timing | 4 suspected cases reported by vets this week,outbreak declared here in the last 8 weeks | seasonal timing,5.0,4.0,15.0,-43.262411347517734,0.0,0.2784514662095927,6.7,-30.391603656472395,,0.0,0
A17,108,2025-01-27,22.0,Low,Adequate,11 farmer symptom reports in the last 2 weeks | 68 weeks since last vaccination campaign | seasonal timing | 4 vet-reported suspected cases in the last 2 weeks,"outbreak declared here in the last 8 weeks | cooler, less evaporative conditions than normal",6.0,0.0,39.0,41.365461847389554,0.0,0.2742746942164488,53.0,38.919514884233465,,0.0,0
A17,109,2025-02-03,44.0,Elevated,Adequate,8 farmer symptom reports in the last 2 weeks | 2 suspected cases reported by vets this week | 69 weeks since last vaccination campaign | 2 vet-reported suspected cases in the last 2 weeks,outbreak declared here in the last 8 weeks | symptom reports at or below normal,2.0,2.0,0.0,-85.5072463768116,0.0,0.2701605738032021,0.0,55.27538155275327,,0.0,0
A17,110,2025-02-10,21.0,Low,Adequate,vaccination coverage about 27% | 70 weeks since last vaccination campaign | symptom reports at or below normal | 2 vet-reported suspected cases in the last 2 weeks,outbreak declared here in the last 8 weeks | rainfall 32% above normal over the last 8 weeks,0.0,0.0,19.0,-20.0,3.0,0.2661081651961541,1.4,31.545303702091427,,0.0,0
A17,111,2025-02-17,14.0,Low,Adequate,symptom reports at or below normal | 71 weeks since last vaccination campaign | vaccination coverage about 27% | 2 confirmed outbreaks in nearby sub-counties (last 4 weeks),"outbreak declared here in the last 8 weeks | hotter, drier air than normal (high evaporation)",0.0,0.0,26.0,-1.1952191235059761,3.0,0.2655801179980199,0.0,24.00133155792292,,0.0,0
A17,112,2025-02-24,58.0,Elevated,Adequate,72 weeks since last vaccination campaign | 1 suspected cases reported by vets this week | no outbreak declared here in the last 8 weeks | 1 vet-reported suspected cases in the last 2 weeks,"hotter, drier air than normal (high evaporation) | seasonal timing",1.0,1.0,37.0,48.67256637168141,0.0,0.2655801179980199,0.0,12.71456782621924,,0.0,0
A17,113,2025-03-03,50.0,Elevated,Adequate,3 confirmed outbreaks in nearby sub-counties (last 4 weeks) | symptom reports at or below normal | 73 weeks since last vaccination campaign | no outbreak declared here in the last 8 weeks,seasonal timing | 1 farmer symptom reports in the last 2 weeks,0.0,0.0,4.0,-69.74789915966386,0.0,0.2655801179980199,6.4,18.429095354523888,,0.0,0
A17,114,2025-03-10,47.0,Elevated,Adequate,symptom reports at or below normal | 74 weeks since last vaccination campaign | no outbreak declared here in the last 8 weeks | 1 suspected cases reported by vets this week,0 farmer symptom reports in the last 2 weeks | seasonal timing,0.0,1.0,60.0,114.87603305785123,0.0,0.2655801179980199,25.8,48.54759850445869,,0.0,0
A17,115,2025-03-17,44.0,Elevated,Adequate,75 weeks since last vaccination campaign | no outbreak declared here in the last 8 weeks | 1 confirmed outbreaks in nearby sub-counties (last 4 weeks) | symptom reports at or below normal,seasonal timing | cattle arrivals -3% compared with recent weeks,1.0,0.0,24.0,-3.3333333333333335,0.0,0.2655801179980199,16.7,54.71801174382153,,0.0,0
A17,116,2025-03-24,48.0,Elevated,Adequate,76 weeks since last vaccination campaign | no outbreak declared here in the last 8 weeks | cattle arrivals -33% compared with recent weeks | symptom reports at or below normal,seasonal timing | 1 farmer symptom reports in the last 2 weeks,0.0,0.0,16.0,-32.53012048192771,0.0,0.2655801179980199,30.2,16.174582798460058,,0.0,0
A17,117,2025-03-31,53.0,Elevated,Adequate,77 weeks since last vaccination campaign | no outbreak declared here in the last 8 weeks | symptom reports at or below normal | 1 suspected cases reported by vets this week,0 farmer symptom reports in the last 2 weeks | 0 confirmed outbreaks in nearby sub-counties (last 4 weeks),0.0,1.0,39.0,55.75221238938053,0.0,0.2655801179980199,21.2,28.90940565493416,,0.0,0
A17,118,2025-04-07,14.0,Low,Adequate,78 weeks since last vaccination campaign | no outbreak declared here in the last 8 weeks | 1 vet-reported suspected cases in the last 2 weeks | moderate cattle density,0 farmer symptom reports in the last 2 weeks | seasonal timing,0.0,0.0,0.0,-84.90566037735849,0.0,0.2655801179980199,5.9,20.89055347482356,,0.0,0
A17,119,2025-04-14,21.0,Low,Adequate,79 weeks since last vaccination campaign | no outbreak declared here in the last 8 weeks | 19 cattle arrived from other sub-counties | moderate cattle density,0 farmer symptom reports in the last 2 weeks | seasonal timing,0.0,0.0,19.0,-21.951219512195124,0.0,0.2655801179980199,34.5,25.562406265622645,,0.0,0
A17,120,2025-04-21,9.0,Low,Adequate,"80 weeks since last vaccination campaign | no outbreak declared here in the last 8 weeks | moderate cattle density | hotter, drier air than normal (high evaporation)",0 farmer symptom reports in the last 2 weeks | seasonal timing,0.0,0.0,0.0,-83.26359832635984,0.0,0.2655801179980199,17.1,19.745950189110147,,0.0,0
A17,121,2025-04-28,29.0,Low,Adequate,81 weeks since last vaccination campaign | 2 confirmed outbreaks in nearby sub-counties (last 4 weeks) | no outbreak declared here in the last 8 weeks | moderate cattle density,"0 farmer symptom reports in the last 2 weeks | hotter, drier air than normal (high evaporation)",0.0,0.0,0.0,-80.19801980198021,0.0,0.2655801179980199,8.7,-2.314362832366605,,0.0,0
A17,122,2025-05-05,42.0,Elevated,Adequate,4 confirmed outbreaks in nearby sub-counties (last 4 weeks) | 82 weeks since last vaccination campaign | no outbreak declared here in the last 8 weeks | moderate cattle density,1 farmer symptom reports in the last 2 weeks | 10 cattle arrived from other sub-counties,1.0,0.0,10.0,-39.39393939393939,0.0,0.2655801179980199,15.3,-14.138153647514503,,0.0,0
A17,123,2025-05-12,62.0,Elevated,Adequate,4 confirmed outbreaks in nearby sub-counties (last 4 weeks) | no outbreak declared here in the last 8 weeks | 83 weeks since last vaccination campaign | 2 farmer symptom reports in the last 2 weeks,cattle arrivals -3% compared with recent weeks | rainfall 23% below normal over the last 8 weeks,1.0,0.0,13.0,-2.7027027027027026,0.0,0.2655801179980199,1.6,-22.69006473703925,,0.0,0
A17,124,2025-05-19,49.0,Elevated,Adequate,4 confirmed outbreaks in nearby sub-counties (last 4 weeks) | 84 weeks since last vaccination campaign | no outbreak declared here in the last 8 weeks | moderate cattle density,"1 farmer symptom reports in the last 2 weeks | hotter, drier air than normal (high evaporation)",0.0,0.0,16.0,22.62773722627737,0.0,0.2655801179980199,1.2,-35.65101119839545,,0.0,0
A17,125,2025-05-26,75.0,High,Adequate,"85 weeks since last vaccination campaign | 3 confirmed outbreaks in nearby sub-counties (last 4 weeks) | no outbreak declared here in the last 8 weeks | hotter, drier air than normal (high evaporation)",0 farmer symptom reports in the last 2 weeks | no major market,0.0,0.0,41.0,168.61313868613138,0.0,0.2655801179980199,0.3,-46.02305146639284,,0.0,0
A17,126,2025-06-02,51.0,Elevated,Adequate,86 weeks since last vaccination campaign | no outbreak declared here in the last 8 weeks | cattle arrivals +165% compared with recent weeks | 1 confirmed outbreaks in nearby sub-counties (last 4 weeks),"1 farmer symptom reports in the last 2 weeks | hotter, drier air than normal (high evaporation)",1.0,0.0,41.0,164.74820143884892,0.0,0.2655801179980199,3.7,-49.18330308529952,,0.0,0
A17,127,2025-06-09,71.0,High,Adequate,2 farmer symptom reports in the last 2 weeks | no outbreak declared here in the last 8 weeks | 1 confirmed outbreaks in nearby sub-counties (last 4 weeks) | 87 weeks since last vaccination campaign,"hotter, drier air than normal (high evaporation) | cattle arrivals -11% compared with recent weeks",1.0,0.0,15.0,-11.11111111111111,0.0,0.2655801179980199,0.3,-66.49781257195498,,0.0,0
A17,128,2025-06-16,76.0,High,Adequate,rainfall 74% below normal over the last 8 weeks | 2 confirmed outbreaks in nearby sub-counties (last 4 weeks) | 88 weeks since last vaccination campaign | no outbreak declared here in the last 8 weeks,"1 farmer symptom reports in the last 2 weeks | hotter, drier air than normal (high evaporation)",0.0,0.0,50.0,150.0,0.0,0.2655801179980199,3.4,-73.90947467166978,,0.0,0
A17,129,2025-06-23,52.0,Elevated,Adequate,1 confirmed outbreaks in nearby sub-counties (last 4 weeks) | 89 weeks since last vaccination campaign | rainfall 74% below normal over the last 8 weeks | no outbreak declared here in the last 8 weeks,"0 farmer symptom reports in the last 2 weeks | hotter, drier air than normal (high evaporation)",0.0,0.0,38.0,52.21238938053098,0.0,0.2655801179980199,1.2,-74.37318188114699,,0.0,0
A17,130,2025-06-30,26.0,Low,Adequate,seasonal timing | no outbreak declared here in the last 8 weeks | 1 confirmed outbreaks in nearby sub-counties (last 4 weeks) | vaccination coverage about 61%,0 weeks since last vaccination campaign | rainfall 84% below normal over the last 8 weeks,1.0,0.0,24.0,-12.121212121212121,0.0,0.6134187589678983,1.2,-83.9151506637634,,0.0,0
A17,131,2025-07-07,44.0,Elevated,Adequate,2 confirmed outbreaks in nearby sub-counties (last 4 weeks) | no outbreak declared here in the last 8 weeks | rainfall 78% below normal over the last 8 weeks | seasonal timing,1 weeks since last vaccination campaign | cattle arrivals +4% compared with recent weeks,0.0,0.0,31.0,3.597122302158273,0.0,0.6042174775833798,13.6,-77.53604531410916,,0.0,0
A17,132,2025-07-14,42.0,Elevated,Adequate,"hotter, drier air than normal (high evaporation) | no outbreak declared here in the last 8 weeks | rainfall 67% below normal over the last 8 weeks | 2 confirmed outbreaks in nearby sub-counties (last 4 weeks)",0 farmer symptom reports in the last 2 weeks | 2 weeks since last vaccination campaign,0.0,0.0,50.0,48.64864864864865,2.0,0.5951542154196291,21.0,-67.35108033902353,,0.0,0
A17,133,2025-07-21,40.0,Elevated,Adequate,2 confirmed outbreaks in nearby sub-counties (last 4 weeks) | rainfall 71% below normal over the last 8 weeks | no outbreak declared here in the last 8 weeks | cattle arrivals -30% compared with recent weeks,0 farmer symptom reports in the last 2 weeks | 3 weeks since last vaccination campaign,0.0,0.0,24.0,-29.6969696969697,2.0,0.5862269021883346,3.6,-71.18012422360252,,0.0,0
A17,134,2025-07-28,40.0,Elevated,Adequate,3 confirmed outbreaks in nearby sub-counties (last 4 weeks) | no outbreak declared here in the last 8 weeks | vaccination coverage about 58% | cattle arrivals -36% compared with recent weeks,0 farmer symptom reports in the last 2 weeks | 4 weeks since last vaccination campaign,0.0,0.0,20.0,-36.102236421725244,0.0,0.5774334986555096,18.0,-64.55708613167317,,0.0,0
A17,135,2025-08-04,54.0,Elevated,Adequate,3 confirmed outbreaks in nearby sub-counties (last 4 weeks) | cattle arrivals -86% compared with recent weeks | no outbreak declared here in the last 8 weeks | rainfall 30% below normal over the last 8 weeks,0 farmer symptom reports in the last 2 weeks | 5 weeks since last vaccination campaign,0.0,0.0,0.0,-86.3013698630137,0.0,0.568771996175677,73.2,-29.538506332799493,,0.0,0
A17,136,2025-08-11,8.0,Low,Adequate,no outbreak declared here in the last 8 weeks | 2 confirmed outbreaks in nearby sub-counties (last 4 weeks) | vaccination coverage about 56% | moderate cattle density,0 farmer symptom reports in the last 2 weeks | 6 weeks since last vaccination campaign,0.0,0.0,30.0,1.083032490974729,0.0,0.5602404162330418,24.200000000000003,-21.14763442903278,,0.0,0
A17,137,2025-08-18,15.0,Low,Adequate,2 confirmed outbreaks in nearby sub-counties (last 4 weeks) | no outbreak declared here in the last 8 weeks | seasonal timing | vaccination coverage about 55%,"0 farmer symptom reports in the last 2 weeks | cooler, less evaporative conditions than normal",0.0,0.0,13.0,-43.96887159533074,6.0,0.5518368099895461,66.2,7.267239377757412,,0.0,0
A17,138,2025-08-25,16.0,Low,Adequate,no outbreak declared here in the last 8 weeks | 1 confirmed outbreaks in nearby sub-counties (last 4 weeks) | seasonal timing | vaccination coverage about 54%,0 farmer symptom reports in the last 2 weeks | cattle arrivals +0% compared with recent weeks,0.0,0.0,24.0,0.0,6.0,0.5435592578397029,18.6,14.018176810796271,,0.0,0
A17,139,2025-09-01,12.0,Low,Adequate,"no outbreak declared here in the last 8 weeks | seasonal timing | vaccination coverage about 54% | cooler, less evaporative conditions than normal",0 farmer symptom reports in the last 2 weeks | 9 weeks since last vaccination campaign,0.0,0.0,0.0,-82.75862068965517,0.0,0.5354058689721074,23.8,18.710980536173714,,0.0,0
A17,140,2025-09-08,9.0,Low,Adequate,no outbreak declared here in the last 8 weeks | vaccination coverage about 53% | seasonal timing | moderate cattle density,0 farmer symptom reports in the last 2 weeks | 0 confirmed outbreaks in nearby sub-counties (last 4 weeks),0.0,0.0,15.0,-20.398009950248756,0.0,0.5273747809375258,17.6,20.85622276946417,,0.0,0
A17,141,2025-09-15,24.0,Low,Adequate,1 confirmed outbreaks in nearby sub-counties (last 4 weeks) | no outbreak declared here in the last 8 weeks | seasonal timing | cattle arrivals -76% compared with recent weeks,0 farmer symptom reports in the last 2 weeks | 11 weeks since last vaccination campaign,0.0,0.0,0.0,-75.90361445783132,0.0,0.5194641592234629,0.2,42.76804445200461,,0.0,0
A17,142,2025-09-22,24.0,Low,Adequate,2 confirmed outbreaks in nearby sub-counties (last 4 weeks) | no outbreak declared here in the last 8 weeks | seasonal timing | vaccination coverage about 51%,0 farmer symptom reports in the last 2 weeks | 12 weeks since last vaccination campaign,0.0,0.0,31.0,102.8169014084507,0.0,0.5116721968351109,6.6,49.90334850657884,,0.0,0
A17,143,2025-09-29,71.0,High,Adequate,seasonal timing | 2 suspected cases reported by vets this week | no outbreak declared here in the last 8 weeks | 2 confirmed outbreaks in nearby sub-counties (last 4 weeks),"cooler, less evaporative conditions than normal | rainfall 41% above normal over the last 8 weeks",1.0,2.0,0.0,-73.8562091503268,0.0,0.5039971138825842,34.3,41.15586690017542,,0.0,0
A17,144,2025-10-06,81.0,High,Adequate,3 farmer symptom reports in the last 2 weeks | no outbreak declared here in the last 8 weeks | seasonal timing | vaccination coverage about 50%,rainfall 47% above normal over the last 8 weeks | cattle arrivals +41% compared with recent weeks,2.0,0.0,22.0,41.17647058823529,0.0,0.4964371571743454,2.5,47.135842880523725,,0.0,1
A17,145,2025-10-13,100.0,High,Adequate,7 farmer symptom reports in the last 2 weeks | no outbreak declared here in the last 8 weeks | symptom reports well above this area's normal level | vaccination coverage about 49%,15 weeks since last vaccination campaign | seasonal timing,5.0,1.0,22.0,48.96551724137931,0.0,0.4889905998167302,1.7000000000000002,-8.644322953807569,Farmer symptom reports unusually high (5 this week),0.0,1
A17,146,2025-10-20,100.0,High,Adequate,8 farmer symptom reports in the last 2 weeks | no outbreak declared here in the last 8 weeks | 2 vet-reported suspected cases in the last 2 weeks | 1 suspected cases reported by vets this week,seasonal timing | symptom reports well above this area's normal level,3.0,1.0,61.0,242.85714285714283,0.0,0.4816557408194792,16.5,-7.870106616750003,Cattle arrivals unusually high (+243% on recent weeks),1.0,0
A17,147,2025-10-27,15.0,Low,Adequate,7 farmer symptom reports in the last 2 weeks | 2 suspected cases reported by vets this week | 3 vet-reported suspected cases in the last 2 weeks | vaccination coverage about 47%,outbreak declared here in the last 8 weeks | seasonal timing,4.0,2.0,24.0,21.465968586387437,0.0,0.4744309047071871,22.4,-7.968389858413491,,0.0,0
A17,148,2025-11-03,27.0,Low,Adequate,"6 farmer symptom reports in the last 2 weeks | 5 suspected cases reported by vets this week | hotter, drier air than normal (high evaporation) | 2 farmer symptom reports this week",outbreak declared here in the last 8 weeks | seasonal timing,2.0,5.0,31.0,33.95348837209302,0.0,0.4673144411365793,20.5,-8.328005115089912,Vet-reported suspected cases unusually high (5 this week),0.0,0
A17,149,2025-11-10,27.0,Low,Adequate,7 farmer symptom reports in the last 2 weeks | cattle arrivals -65% compared with recent weeks | 5 cattle recorded arriving this week | 6 vet-reported suspected cases in the last 2 weeks,"outbreak declared here in the last 8 weeks | hotter, drier air than normal (high evaporation)",5.0,1.0,5.0,-65.36796536796537,0.0,0.4603047245195306,3.2,-13.206990634909149,,0.0,0
A17,150,2025-11-17,13.0,Low,Adequate,13 farmer symptom reports in the last 2 weeks | 5 suspected cases reported by vets this week | seasonal timing | symptom reports well above this area's normal level,"outbreak declared here in the last 8 weeks | hotter, drier air than normal (high evaporation)",8.0,5.0,43.0,62.71186440677966,0.0,0.4534001536517376,2.5,-22.647419310908475,,0.0,0
A17,151,2025-11-24,9.0,Low,Adequate,17 farmer symptom reports in the last 2 weeks | 4 suspected cases reported by vets this week | seasonal timing | vaccination coverage about 45%,"outbreak declared here in the last 8 weeks | hotter, drier air than normal (high evaporation)",9.0,4.0,43.0,54.83870967741935,0.0,0.4465991513469615,5.9,-47.19226478244717,,0.0,0
A17,152,2025-12-01,9.0,Low,Adequate,18 farmer symptom reports in the last 2 weeks | 3 suspected cases reported by vets this week | 7 vet-reported suspected cases in the last 2 weeks | 2 confirmed outbreaks in nearby sub-counties (last 4 weeks),"outbreak declared here in the last 8 weeks | hotter, drier air than normal (high evaporation)",9.0,3.0,51.0,53.95189003436426,0.0,0.4399001640767571,1.3,-49.09090909090909,,0.0,0
A17,153,2025-12-08,40.0,Elevated,Adequate,14 farmer symptom reports in the last 2 weeks | 2 suspected cases reported by vets this week | seasonal timing | 5 vet-reported suspected cases in the last 2 weeks,outbreak declared here in the last 8 weeks | rainfall 27% below normal over the last 8 weeks,5.0,2.0,47.0,30.0,0.0,0.4333016616156058,35.4,-26.95339167132117,,0.0,0
A18,104,2024-12-30,10.0,Low,Low data,5 farmer symptom reports in the last 2 weeks | 64 weeks since last vaccination campaign | 1 vet-reported suspected cases in the last 2 weeks | 4 farmer symptom reports this week,outbreak declared here in the last 8 weeks | symptom reports well above this area's normal level,4.0,0.0,6.0,-50.282485875706215,0.0,0.301063896188241,2.7,18.214770927171184,,0.0,0
A18,105,2025-01-06,31.0,Low,Low data,6 farmer symptom reports in the last 2 weeks | 65 weeks since last vaccination campaign | 2 farmer symptom reports this week | 2 confirmed outbreaks in nearby sub-counties (last 4 weeks),outbreak declared here in the last 8 weeks | seasonal timing,2.0,0.0,21.0,38.666666666666664,0.0,0.2965479377454174,2.6,1.4785268098438955,,0.0,0
A18,106,2025-01-13,11.0,Low,Low data,3 farmer symptom reports in the last 2 weeks | 66 weeks since last vaccination campaign | seasonal timing | 2 confirmed outbreaks in nearby sub-counties (last 4 weeks),outbreak declared here in the last 8 weeks | cattle arrivals -20% compared with recent weeks,1.0,0.0,9.0,-20.0,0.0,0.2920997186792362,0.0,-19.501592462100863,,0.0,0
A18,107,2025-01-20,9.0,Low,Low data,67 weeks since last vaccination campaign | 2 farmer symptom reports in the last 2 weeks | cattle arrivals +244% compared with recent weeks | seasonal timing,outbreak declared here in the last 8 weeks | 0 confirmed outbreaks in nearby sub-counties (last 4 weeks),1.0,0.0,57.0,244.44444444444446,0.0,0.2877182228990476,0.2,-46.6551670352054,Cattle arrivals unusually high (+244% on recent weeks),0.0,0
A18,108,2025-01-27,43.0,Elevated,Low data,symptom reports at or below normal | 68 weeks since last vaccination campaign | no outbreak declared here in the last 8 weeks | moderate cattle density,"cooler, less evaporative conditions than normal | rainfall 28% above normal over the last 8 weeks",0.0,0.0,35.0,67.5392670157068,0.0,0.2834024495555619,42.4,28.395863372898045,,0.0,0
A18,109,2025-02-03,27.0,Low,Low data,no outbreak declared here in the last 8 weeks | 69 weeks since last vaccination campaign | seasonal timing | 1 farmer symptom reports this week,1 farmer symptom reports in the last 2 weeks | 0 confirmed outbreaks in nearby sub-counties (last 4 weeks),1.0,0.0,7.0,-57.52212389380531,0.0,0.2791514128122285,0.0,44.22457536135257,,0.0,0
A18,110,2025-02-10,63.0,Elevated,Low data,symptom reports at or below normal | 70 weeks since last vaccination campaign | no outbreak declared here in the last 8 weeks | 1 confirmed outbreaks in nearby sub-counties (last 4 weeks),1 farmer symptom reports in the last 2 weeks | no major market,0.0,0.0,31.0,23.605150214592275,0.0,0.274964141620045,7.800000000000001,49.897781217154254,,0.0,0
A18,111,2025-02-17,41.0,Elevated,Low data,71 weeks since last vaccination campaign | no outbreak declared here in the last 8 weeks | 1 confirmed outbreaks in nearby sub-counties (last 4 weeks) | seasonal timing,"hotter, drier air than normal (high evaporation) | rainfall 32% above normal over the last 8 weeks",1.0,0.0,53.0,87.85425101214574,0.0,0.2708396794957444,0.0,32.34109221127985,,0.0,1
A18,112,2025-02-24,42.0,Elevated,Low data,72 weeks since last vaccination campaign | symptom reports at or below normal | no outbreak declared here in the last 8 weeks | 1 confirmed outbreaks in nearby sub-counties (last 4 weeks),cattle arrivals -4% compared with recent weeks | 1 farmer symptom reports in the last 2 weeks,0.0,0.0,26.0,-4.247104247104247,0.0,0.2667770843033082,0.2,15.963302752293176,,0.0,1
A18,113,2025-03-03,79.0,High,Low data,3 farmer symptom reports in the last 2 weeks | no outbreak declared here in the last 8 weeks | 73 weeks since last vaccination campaign | 3 farmer symptom reports this week,seasonal timing | seasonal timing,3.0,0.0,36.0,17.562724014336915,0.0,0.2651439193121546,2.1,18.705035971222227,,1.0,0
A18,114,2025-03-10,24.0,Low,Low data,3 farmer symptom reports in the last 2 weeks | 74 weeks since last vaccination campaign | vaccination coverage about 27% | 4 cattle recorded arriving this week,outbreak declared here in the last 8 weeks | seasonal timing,0.0,0.0,4.0,-75.51020408163265,0.0,0.2651439193121546,28.2,67.68123962368432,,0.0,0
A18,115,2025-03-17,8.0,Low,Low data,75 weeks since last vaccination campaign | vaccination coverage about 27% | symptom reports at or below normal | 23 cattle arrived from other sub-counties,outbreak declared here in the last 8 weeks | 0 farmer symptom reports in the last 2 weeks,0.0,0.0,27.0,-11.418685121107266,0.0,0.2651439193121546,8.5,73.63906879047691,,0.0,0
A18,116,2025-03-24,10.0,Low,Low data,76 weeks since last vaccination campaign | vaccination coverage about 27% | 1 vet-reported suspected cases in the last 2 weeks | 21 cattle recorded arriving this week,outbreak declared here in the last 8 weeks | 0 farmer symptom reports in the last 2 weeks,0.0,1.0,21.0,-19.69111969111969,0.0,0.2651439193121546,20.4,17.2183419374425,,0.0,0
A18,117,2025-03-31,11.0,Low,Low data,"77 weeks since last vaccination campaign | vaccination coverage about 27% | cooler, less evaporative conditions than normal | 1 vet-reported suspected cases in the last 2 weeks",outbreak declared here in the last 8 weeks | 0 farmer symptom reports in the last 2 weeks,0.0,0.0,9.0,-54.285714285714285,0.0,0.2651439193121546,20.6,31.099195710455064,,0.0,0
A18,118,2025-04-07,41.0,Elevated,Low data,1 suspected cases reported by vets this week | 78 weeks since last vaccination campaign | vaccination coverage about 27% | cattle arrivals +13% compared with recent weeks,outbreak declared here in the last 8 weeks | seasonal timing,1.0,1.0,30.0,13.360323886639677,0.0,0.2651439193121546,11.9,21.410699392350452,,0.0,0
A18,119,2025-04-14,5.0,Low,Low data,79 weeks since last vaccination campaign | vaccination coverage about 27% | 1 vet-reported suspected cases in the last 2 weeks | cattle arrivals -61% compared with recent weeks,outbreak declared here in the last 8 weeks | seasonal timing,0.0,0.0,7.0,-60.97560975609756,0.0,0.2651439193121546,25.1,31.27971883398769,,0.0,0
A18,120,2025-04-21,6.0,Low,Low data,"80 weeks since last vaccination campaign | vaccination coverage about 27% | hotter, drier air than normal (high evaporation) | rainfall 16% above normal over the last 8 weeks",outbreak declared here in the last 8 weeks | 0 farmer symptom reports in the last 2 weeks,0.0,0.0,7.0,-52.0,0.0,0.2651439193121546,14.3,16.409537166900094,,0.0,0
A18,121,2025-04-28,6.0,Low,Low data,81 weeks since last vaccination campaign | vaccination coverage about 27% | cattle arrivals +165% compared with recent weeks | not a border area,outbreak declared here in the last 8 weeks | 0 farmer symptom reports in the last 2 weeks,0.0,0.0,55.0,165.19337016574585,0.0,0.2651439193121546,15.2,1.9504132231403728,Cattle arrivals unusually high (+165% on recent weeks),0.0,0
A18,122,2025-05-05,43.0,Elevated,Low data,"82 weeks since last vaccination campaign | no outbreak declared here in the last 8 weeks | 2 confirmed outbreaks in nearby sub-counties (last 4 weeks) | cooler, less evaporative conditions than normal",0 farmer symptom reports in the last 2 weeks | seasonal timing,0.0,0.0,16.0,-16.0,0.0,0.2651439193121546,41.0,3.578738448179607,,0.0,0
A18,123,2025-05-12,35.0,Low,Low data,83 weeks since last vaccination campaign | 2 confirmed outbreaks in nearby sub-counties (last 4 weeks) | no outbreak declared here in the last 8 weeks | 21 cattle recorded arriving this week,0 farmer symptom reports in the last 2 weeks | cattle arrivals -2% compared with recent weeks,0.0,0.0,21.0,-1.8867924528301887,0.0,0.2651439193121546,2.5,0.068369693579402,,0.0,0
A18,124,2025-05-19,42.0,Elevated,Low data,84 weeks since last vaccination campaign | 2 confirmed outbreaks in nearby sub-counties (last 4 weeks) | no outbreak declared here in the last 8 weeks | 22 cattle recorded arriving this week,0 farmer symptom reports in the last 2 weeks | cattle arrivals +5% compared with recent weeks,0.0,0.0,22.0,4.854368932038835,0.0,0.2651439193121546,3.7,-6.638198757764109,,0.0,0
A18,125,2025-05-26,50.0,Elevated,Low data,"85 weeks since last vaccination campaign | hotter, drier air than normal (high evaporation) | no outbreak declared here in the last 8 weeks | 2 confirmed outbreaks in nearby sub-counties (last 4 weeks)",1 farmer symptom reports in the last 2 weeks | rainfall 15% below normal over the last 8 weeks,1.0,0.0,38.0,66.18357487922705,0.0,0.2651439193121546,3.6,-15.30272787757831,,0.0,0
A18,126,2025-06-02,35.0,Low,Low data,"hotter, drier air than normal (high evaporation) | 86 weeks since last vaccination campaign | no outbreak declared here in the last 8 weeks | 27 cattle arrived from other sub-counties",cattle arrivals +8% compared with recent weeks | 0 confirmed outbreaks in nearby sub-counties (last 4 weeks),0.0,0.0,27.0,8.47457627118644,6.0,0.2651439193121546,4.9,-20.771865121180294,,0.0,0
A18,127,2025-06-09,24.0,Low,Low data,87 weeks since last vaccination campaign | no outbreak declared here in the last 8 weeks | 1 farmer symptom reports this week | rainfall 31% below normal over the last 8 weeks,1 farmer symptom reports in the last 2 weeks | 0 confirmed outbreaks in nearby sub-counties (last 4 weeks),1.0,0.0,38.0,47.63948497854077,6.0,0.2651439193121546,1.8,-31.01976959180777,,0.0,0
A18,128,2025-06-16,55.0,Elevated,Low data,2 farmer symptom reports in the last 2 weeks | no outbreak declared here in the last 8 weeks | 1 confirmed outbreaks in nearby sub-counties (last 4 weeks) | 88 weeks since last vaccination campaign,rainfall 25% below normal over the last 8 weeks | cattle arrivals -18% compared with recent weeks,1.0,0.0,22.0,-18.181818181818183,0.0,0.2651439193121546,6.0,-25.44338908968645,,0.0,0
A18,129,2025-06-23,82.0,High,Low data,2 farmer symptom reports in the last 2 weeks | no outbreak declared here in the last 8 weeks | 1 confirmed outbreaks in nearby sub-counties (last 4 weeks) | 89 weeks since last vaccination campaign,rainfall 19% below normal over the last 8 weeks | no major market,1.0,0.0,45.0,43.36917562724014,0.0,0.2651439193121546,3.8,-18.71713985278651,,0.0,0
A18,130,2025-06-30,79.0,High,Low data,"2 farmer symptom reports in the last 2 weeks | no outbreak declared here in the last 8 weeks | seasonal timing | hotter, drier air than normal (high evaporation)",0 weeks since last vaccination campaign | cattle arrivals +87% compared with recent weeks,1.0,0.0,58.0,87.36059479553904,0.0,0.5371734795353652,2.1,-52.58088416893077,,0.0,0
A18,131,2025-07-07,42.0,Elevated,Low data,"no outbreak declared here in the last 8 weeks | hotter, drier air than normal (high evaporation) | 40 cattle arrived from other sub-counties | seasonal timing",1 weeks since last vaccination campaign | 1 farmer symptom reports in the last 2 weeks,0.0,0.0,54.0,51.76848874598071,0.0,0.5291158773423347,3.0,-55.51743853630664,,0.0,0
A18,132,2025-07-14,13.0,Low,Low data,"no outbreak declared here in the last 8 weeks | seasonal timing | vaccination coverage about 52% | hotter, drier air than normal (high evaporation)",0 farmer symptom reports in the last 2 weeks | 2 weeks since last vaccination campaign,0.0,0.0,17.0,-48.837209302325576,0.0,0.5211791391821996,10.2,-48.17351598173526,,0.0,0
A18,133,2025-07-21,27.0,Low,Low data,no outbreak declared here in the last 8 weeks | vaccination coverage about 51% | seasonal timing | cattle arrivals -48% compared with recent weeks,0 confirmed outbreaks in nearby sub-counties (last 4 weeks) | 3 weeks since last vaccination campaign,1.0,0.0,17.0,-48.08259587020649,2.0,0.5133614520944666,1.7,-55.23770323111744,,0.0,0
A18,134,2025-07-28,42.0,Elevated,Low data,"no outbreak declared here in the last 8 weeks | vaccination coverage about 51% | hotter, drier air than normal (high evaporation) | 1 confirmed outbreaks in nearby sub-counties (last 4 weeks)",4 weeks since last vaccination campaign | 1 farmer symptom reports in the last 2 weeks,0.0,0.0,11.0,-59.74842767295597,2.0,0.5056610303130495,6.699999999999999,-51.24313852114947,,0.0,0
A18,135,2025-08-04,16.0,Low,Low data,no outbreak declared here in the last 8 weeks | 1 confirmed outbreaks in nearby sub-counties (last 4 weeks) | vaccination coverage about 50% | 23 cattle recorded arriving this week,0 farmer symptom reports in the last 2 weeks | 5 weeks since last vaccination campaign,0.0,0.0,23.0,-25.82781456953642,0.0,0.4980761148583538,39.3,-12.97950604308978,,0.0,0
A18,136,2025-08-11,56.0,Elevated,Low data,cattle arrivals -33% compared with recent weeks | no outbreak declared here in the last 8 weeks | 1 confirmed outbreaks in nearby sub-counties (last 4 weeks) | vaccination coverage about 49%,6 weeks since last vaccination campaign | 1 farmer symptom reports in the last 2 weeks,1.0,0.0,19.0,-33.10104529616725,0.0,0.4906049731354784,19.0,1.9474300308610817,,0.0,0
A18,137,2025-08-18,92.0,High,Low data,2 farmer symptom reports in the last 2 weeks | no outbreak declared here in the last 8 weeks | 1 confirmed outbreaks in nearby sub-counties (last 4 weeks) | cattle arrivals -86% compared with recent weeks,"cooler, less evaporative conditions than normal | 7 weeks since last vaccination campaign",1.0,0.0,0.0,-85.91549295774648,0.0,0.4832458985384463,47.5,52.35910878112722,,0.0,0
A18,138,2025-08-25,62.0,Elevated,Low data,2 farmer symptom reports in the last 2 weeks | no outbreak declared here in the last 8 weeks | vaccination coverage about 48% | seasonal timing,0 confirmed outbreaks in nearby sub-counties (last 4 weeks) | 8 weeks since last vaccination campaign,1.0,0.0,13.0,-39.74895397489539,0.0,0.4759972100603696,19.8,56.52693418301335,,0.0,0
A18,139,2025-09-01,35.0,Low,Low data,"no outbreak declared here in the last 8 weeks | vaccination coverage about 47% | seasonal timing | hotter, drier air than normal (high evaporation)",0 confirmed outbreaks in nearby sub-counties (last 4 weeks) | 9 weeks since last vaccination campaign,0.0,0.0,0.0,-79.38144329896907,0.0,0.468857251909464,5.4,58.49056603773627,,0.0,0
A18,140,2025-09-08,32.0,Low,Low data,"no outbreak declared here in the last 8 weeks | 1 farmer symptom reports this week | vaccination coverage about 46% | hotter, drier air than normal (high evaporation)",cattle arrivals -3% compared with recent weeks | 0 confirmed outbreaks in nearby sub-counties (last 4 weeks),1.0,0.0,12.0,-2.857142857142857,0.0,0.4618243931308221,7.9,57.20567659404384,,0.0,1
A18,141,2025-09-15,46.0,Elevated,Low data,no outbreak declared here in the last 8 weeks | 1 confirmed outbreaks in nearby sub-counties (last 4 weeks) | seasonal timing | rainfall 84% above normal over the last 8 weeks,11 weeks since last vaccination campaign | 1 farmer symptom reports in the last 2 weeks,0.0,0.0,0.0,-70.37037037037037,0.0,0.4548970272338597,1.3,83.80974695407717,,0.0,1
A18,142,2025-09-22,96.0,High,Low data,2 farmer symptom reports in the last 2 weeks | no outbreak declared here in the last 8 weeks | 1 confirmed outbreaks in nearby sub-counties (last 4 weeks) | seasonal timing,symptom reports well above this area's normal level | 0 cattle arrived from other sub-counties,2.0,0.0,4.0,-38.983050847457626,0.0,0.4480735718253518,4.2,102.70447682814807,,1.0,0
A18,143,2025-09-29,43.0,Elevated,Low data,seasonal timing | 3 farmer symptom reports in the last 2 weeks | 1 confirmed outbreaks in nearby sub-counties (last 4 weeks) | rainfall 76% above normal over the last 8 weeks,outbreak declared here in the last 8 weeks | cattle arrivals +102% compared with recent weeks,1.0,0.0,23.0,101.8018018018018,0.0,0.4413524682479715,7.4,76.41129032258142,,0.0,0
A18,144,2025-10-06,42.0,Elevated,Low data,seasonal timing | 2 farmer symptom reports in the last 2 weeks | symptom reports well above this area's normal level | 1 confirmed outbreaks in nearby sub-counties (last 4 weeks),outbreak declared here in the last 8 weeks | 14 weeks since last vaccination campaign,1.0,1.0,0.0,-63.96396396396396,0.0,0.4347321812242519,4.9,58.47953216374348,,0.0,0
A18,145,2025-10-13,9.0,Low,Low data,"2 farmer symptom reports in the last 2 weeks | hotter, drier air than normal (high evaporation) | 1 vet-reported suspected cases in the last 2 weeks | seasonal timing",outbreak declared here in the last 8 weeks | 15 weeks since last vaccination campaign,1.0,0.0,65.0,508.69565217391306,0.0,0.4282111985058882,2.7,-21.101600297729263,Cattle arrivals unusually high (+509% on recent weeks),0.0,0
A18,146,2025-10-20,3.0,Low,Low data,symptom reports at or below normal | 2 confirmed outbreaks in nearby sub-counties (last 4 weeks) | moderate cattle density | seasonal timing,outbreak declared here in the last 8 weeks | seasonal timing,0.0,0.0,12.0,-13.375796178343949,0.0,0.4217880305282998,13.0,-30.8329274232826,,0.0,0
A18,147,2025-10-27,5.0,Low,Low data,2 confirmed outbreaks in nearby sub-counties (last 4 weeks) | 1 farmer symptom reports this week | 21 cattle recorded arriving this week | symptom reports well above this area's normal level,outbreak declared here in the last 8 weeks | seasonal timing,1.0,0.0,21.0,33.33333333333333,7.0,0.4154612100703753,21.9,-12.602837725050309,,0.0,0
A18,148,2025-11-03,5.0,Low,Low data,symptom reports at or below normal | 2 confirmed outbreaks in nearby sub-counties (last 4 weeks) | cattle arrivals -77% compared with recent weeks | seasonal timing,outbreak declared here in the last 8 weeks | seasonal timing,0.0,0.0,0.0,-77.40112994350282,7.0,0.4092292919193197,34.900000000000006,9.485863988647822,,0.0,0
A18,149,2025-11-10,4.0,Low,Low data,3 confirmed outbreaks in nearby sub-counties (last 4 weeks) | seasonal timing | symptom reports at or below normal | moderate cattle density,outbreak declared here in the last 8 weeks | 0 farmer symptom reports in the last 2 weeks,0.0,0.0,30.0,69.6969696969697,9.0,0.4030908525405299,12.7,1.2692656391661976,,0.0,0
A18,150,2025-11-17,7.0,Low,Low data,3 farmer symptom reports in the last 2 weeks | 3 farmer symptom reports this week | cattle arrivals -79% compared with recent weeks | 1 confirmed outbreaks in nearby sub-counties (last 4 weeks),"outbreak declared here in the last 8 weeks | hotter, drier air than normal (high evaporation)",3.0,0.0,0.0,-79.48717948717949,9.0,0.3970444897524219,9.5,-2.4024024024022967,,0.0,1
A18,151,2025-11-24,100.0,High,Low data,8 farmer symptom reports in the last 2 weeks | no outbreak declared here in the last 8 weeks | symptom reports well above this area's normal level | 1 vet-reported suspected cases in the last 2 weeks,"hotter, drier air than normal (high evaporation) | 21 weeks since last vaccination campaign",5.0,1.0,23.0,17.277486910994764,0.0,0.3910888224061356,8.3,-11.48648648648658,,0.0,1
A18,152,2025-12-01,89.0,High,Low data,11 farmer symptom reports in the last 2 weeks | no outbreak declared here in the last 8 weeks | 4 vet-reported suspected cases in the last 2 weeks | cattle arrivals +181% compared with recent weeks,"hotter, drier air than normal (high evaporation) | 11 cattle arrived from areas with recent outbreaks",6.0,3.0,62.0,180.6282722513089,11.0,0.3852224900700436,6.8,-10.268893715826694,Cattle arrivals unusually high (+181% on recent weeks),1.0,0
A18,153,2025-12-08,30.0,Low,Low data,7 farmer symptom reports in the last 2 weeks | 3 vet-reported suspected cases in the last 2 weeks | seasonal timing | 1 farmer symptom reports this week,outbreak declared here in the last 8 weeks | 5 cattle arrived from other sub-counties,1.0,0.0,13.0,-43.08300395256917,11.0,0.3794441527189929,16.7,4.9082640740157935,,0.0,0
A19,104,2024-12-30,20.0,Low,Adequate,"3 farmer symptom reports in the last 2 weeks | vaccination coverage about 51% | hotter, drier air than normal (high evaporation) | 1 vet-reported suspected cases in the last 2 weeks",outbreak declared here in the last 8 weeks | seasonal timing,2.0,0.0,14.0,-47.038327526132406,14.0,0.5057102863712425,3.0,-11.4819432953048,,0.0,0
A19,105,2025-01-06,8.0,Low,Adequate,3 farmer symptom reports in the last 2 weeks | 23 cattle arrived from other sub-counties | vaccination coverage about 50% | 2 confirmed outbreaks in nearby sub-counties (last 4 weeks),outbreak declared here in the last 8 weeks | seasonal timing,1.0,0.0,23.0,-21.403508771929825,14.0,0.4981246320756738,7.7,-16.19734174363578,,0.0,0
A19,106,2025-01-13,7.0,Low,Adequate,4 farmer symptom reports in the last 2 weeks | 2 confirmed outbreaks in nearby sub-counties (last 4 weeks) | 3 farmer symptom reports this week | vaccination coverage about 49%,"outbreak declared here in the last 8 weeks | hotter, drier air than normal (high evaporation)",3.0,0.0,54.0,95.0413223140496,0.0,0.4906527625945387,0.0,-39.99912535168135,,0.0,0
A19,107,2025-01-20,7.0,Low,Adequate,7 farmer symptom reports in the last 2 weeks | 1 vet-reported suspected cases in the last 2 weeks | vaccination coverage about 48% | seasonal timing,outbreak declared here in the last 8 weeks | cattle arrivals -1% compared with recent weeks,4.0,1.0,28.0,-1.1235955056179776,0.0,0.4832929711556207,0.2,-44.40369926479774,,0.0,0
A19,108,2025-01-27,95.0,High,Adequate,8 farmer symptom reports in the last 2 weeks | no outbreak declared here in the last 8 weeks | 2 vet-reported suspected cases in the last 2 weeks | 1 suspected cases reported by vets this week,"cooler, less evaporative conditions than normal | 13 weeks since last vaccination campaign",4.0,1.0,44.0,44.64944649446495,0.0,0.4760435765882864,25.2,-13.698092765209903,,0.0,1
A19,109,2025-02-03,100.0,High,Adequate,7 farmer symptom reports in the last 2 weeks | no outbreak declared here in the last 8 weeks | 2 vet-reported suspected cases in the last 2 weeks | cattle arrivals +176% compared with recent weeks,14 weeks since last vaccination campaign | 0 confirmed outbreaks in nearby sub-counties (last 4 weeks),3.0,1.0,89.0,176.47058823529412,0.0,0.468902922939462,0.2,-20.698726717878277,Cattle arrivals unusually high (+176% on recent weeks),0.0,1
A19,110,2025-02-10,90.0,High,Adequate,8 farmer symptom reports in the last 2 weeks | no outbreak declared here in the last 8 weeks | seasonal timing | 3 vet-reported suspected cases in the last 2 weeks,cattle arrivals -11% compared with recent weeks | 31 cattle recorded arriving this week,5.0,2.0,31.0,-11.11111111111111,0.0,0.4618693790953701,3.1,-23.90728934103598,,1.0,0
A19,111,2025-02-17,16.0,Low,Adequate,7 farmer symptom reports in the last 2 weeks | seasonal timing | 3 suspected cases reported by vets this week | 2 farmer symptom reports this week,"outbreak declared here in the last 8 weeks | hotter, drier air than normal (high evaporation)",2.0,3.0,26.0,-23.692307692307693,0.0,0.4549413384089396,0.0,-32.077547091983945,,0.0,0
A19,112,2025-02-24,11.0,Low,Adequate,3 farmer symptom reports in the last 2 weeks | symptom reports at or below normal | seasonal timing | 3 vet-reported suspected cases in the last 2 weeks,"outbreak declared here in the last 8 weeks | hotter, drier air than normal (high evaporation)",1.0,0.0,34.0,-10.601719197707736,0.0,0.4481172183328055,0.1,-37.12817739318554,,0.0,0
A19,113,2025-03-03,12.0,Low,Adequate,3 farmer symptom reports in the last 2 weeks | 2 suspected cases reported by vets this week | 2 vet-reported suspected cases in the last 2 weeks | 2 farmer symptom reports this week,outbreak declared here in the last 8 weeks | cattle arrivals -18% compared with recent weeks,2.0,2.0,33.0,-17.615176151761517,0.0,0.4413954600578134,2.4,-38.92677142010076,,0.0,0
A19,114,2025-03-10,11.0,Low,Adequate,"4 farmer symptom reports in the last 2 weeks | cooler, less evaporative conditions than normal | 2 farmer symptom reports this week | 3 vet-reported suspected cases in the last 2 weeks",outbreak declared here in the last 8 weeks | seasonal timing,2.0,1.0,17.0,-53.562005277044854,12.0,0.4347745281569461,11.0,-22.73534635879232,,0.0,0
A19,115,2025-03-17,15.0,Low,Adequate,5 farmer symptom reports in the last 2 weeks | cattle arrivals -79% compared with recent weeks | 3 farmer symptom reports this week | 4 cattle recorded arriving this week,outbreak declared here in the last 8 weeks | seasonal timing,3.0,1.0,4.0,-78.94736842105263,12.0,0.428252910234592,9.8,-10.043668122271166,,0.0,0
A19,116,2025-03-24,25.0,Low,Adequate,4 farmer symptom reports in the last 2 weeks | symptom reports at or below normal | 32 cattle arrived from other sub-counties | 1 confirmed outbreaks in nearby sub-counties (last 4 weeks),"outbreak declared here in the last 8 weeks | cooler, less evaporative conditions than normal",1.0,0.0,43.0,20.754716981132077,0.0,0.4218291165810731,62.6,25.56962025316361,,0.0,0
A19,117,2025-03-31,7.0,Low,Adequate,"symptom reports at or below normal | cooler, less evaporative conditions than normal | vaccination coverage about 42% | moderate cattle density",outbreak declared here in the last 8 weeks | seasonal timing,0.0,0.0,0.0,-87.38170347003155,0.0,0.415501679832357,24.1,44.11144930929398,,0.0,0
A19,118,2025-04-07,8.0,Low,Adequate,symptom reports at or below normal | cattle arrivals +174% compared with recent weeks | 1 suspected cases reported by vets this week | 1 vet-reported suspected cases in the last 2 weeks,outbreak declared here in the last 8 weeks | 0 farmer symptom reports in the last 2 weeks,0.0,1.0,73.0,173.6842105263158,0.0,0.4092691546348717,9.7,27.43171546472713,,0.0,0
A19,119,2025-04-14,44.0,Elevated,Adequate,"symptom reports at or below normal | hotter, drier air than normal (high evaporation) | no outbreak declared here in the last 8 weeks | cattle arrivals -38% compared with recent weeks",0 farmer symptom reports in the last 2 weeks | seasonal timing,0.0,0.0,16.0,-37.77777777777778,0.0,0.4031301173153486,50.0,48.34076275383799,,0.0,0
A19,120,2025-04-21,38.0,Low,Adequate,symptom reports at or below normal | no outbreak declared here in the last 8 weeks | 39 cattle arrived from other sub-counties | cattle arrivals +35% compared with recent weeks,0 farmer symptom reports in the last 2 weeks | rainfall 33% above normal over the last 8 weeks,0.0,0.0,39.0,35.38461538461539,0.0,0.3970831655556183,15.5,32.910961237141265,,0.0,1
A19,121,2025-04-28,9.0,Low,Adequate,no outbreak declared here in the last 8 weeks | symptom reports at or below normal | 19 cattle arrived from other sub-counties | major livestock market in the area,0 farmer symptom reports in the last 2 weeks | 0 confirmed outbreaks in nearby sub-counties (last 4 weeks),0.0,0.0,56.0,84.15094339622642,0.0,0.391126918072284,3.1,22.674017918676505,,0.0,1
A19,122,2025-05-05,19.0,Low,Adequate,no outbreak declared here in the last 8 weeks | 35 cattle arrived from other sub-counties | symptom reports at or below normal | cattle arrivals +11% compared with recent weeks,0 farmer symptom reports in the last 2 weeks | 0 confirmed outbreaks in nearby sub-counties (last 4 weeks),0.0,0.0,35.0,11.11111111111111,0.0,0.3852600143011997,13.3,18.807724601175284,,1.0,0
A19,123,2025-05-12,6.0,Low,Adequate,22 cattle arrived from other sub-counties | 22 cattle recorded arriving this week | 1 farmer symptom reports this week | major livestock market in the area,outbreak declared here in the last 8 weeks | 0 confirmed outbreaks in nearby sub-counties (last 4 weeks),1.0,0.0,22.0,-29.411764705882355,0.0,0.3794811140866818,1.3,15.65206782969372,,0.0,0
A19,124,2025-05-19,2.0,Low,Adequate,major livestock market in the area | seasonal timing | not a border area | 17 cattle recorded arriving this week,"outbreak declared here in the last 8 weeks | hotter, drier air than normal (high evaporation)",0.0,0.0,17.0,-45.67901234567901,0.0,0.3737888973753815,0.5,-13.746448383168705,,0.0,0
A19,125,2025-05-26,1.0,Low,Adequate,major livestock market in the area | not a border area,"outbreak declared here in the last 8 weeks | hotter, drier air than normal (high evaporation)",0.0,0.0,32.0,-0.6711409395973155,0.0,0.3681820639147508,0.1,-26.49147727272729,,0.0,0
A19,126,2025-06-02,1.0,Low,Adequate,major livestock market in the area | 31 weeks since last vaccination campaign | not a border area,"outbreak declared here in the last 8 weeks | hotter, drier air than normal (high evaporation)",0.0,0.0,29.0,-17.575757575757574,0.0,0.3626593329560296,1.4,-26.93222810653157,,0.0,0
A19,127,2025-06-09,1.0,Low,Adequate,rainfall 58% below normal over the last 8 weeks | 32 weeks since last vaccination campaign | major livestock market in the area | not a border area,"outbreak declared here in the last 8 weeks | hotter, drier air than normal (high evaporation)",0.0,0.0,34.0,9.090909090909092,0.0,0.3572194429616891,0.0,-57.713537281317365,,0.0,0
A19,128,2025-06-16,2.0,Low,Adequate,major livestock market in the area | seasonal timing | not a border area,outbreak declared here in the last 8 weeks | 0 farmer symptom reports in the last 2 weeks,0.0,0.0,41.0,21.052631578947366,0.0,0.3518611513172637,0.5,-60.71289189540801,,0.0,0
A19,129,2025-06-23,8.0,Low,Adequate,2 farmer symptom reports in the last 2 weeks | symptom reports well above this area's normal level | 2 farmer symptom reports this week | seasonal timing,outbreak declared here in the last 8 weeks | 0 confirmed outbreaks in nearby sub-counties (last 4 weeks),2.0,0.0,60.0,69.93464052287581,0.0,0.3465832340475048,0.1,-57.07748145810342,,0.0,0
A19,130,2025-06-30,13.0,Low,Adequate,seasonal timing | 2 farmer symptom reports in the last 2 weeks | rainfall 69% below normal over the last 8 weeks | 31 cattle arrived from other sub-counties,outbreak declared here in the last 8 weeks | 0 confirmed outbreaks in nearby sub-counties (last 4 weeks),0.0,0.0,95.0,158.06451612903226,0.0,0.3413844855367922,0.0,-69.36301520828764,Cattle arrivals unusually high (+158% on recent weeks),0.0,0
A19,131,2025-07-07,7.0,Low,Adequate,no outbreak declared here in the last 8 weeks | seasonal timing | rainfall 74% below normal over the last 8 weeks | major livestock market in the area,0 farmer symptom reports in the last 2 weeks | cattle arrivals -3% compared with recent weeks,0.0,0.0,40.0,-2.7027027027027026,0.0,0.3362637182537403,0.0,-73.78277153558068,,0.0,0
A19,132,2025-07-14,12.0,Low,Adequate,no outbreak declared here in the last 8 weeks | rainfall 76% below normal over the last 8 weeks | 39 cattle arrived from other sub-counties | seasonal timing,0 farmer symptom reports in the last 2 weeks | 0 confirmed outbreaks in nearby sub-counties (last 4 weeks),0.0,0.0,86.0,87.62886597938144,0.0,0.3312197624799342,0.0,-75.80483903219374,,0.0,0
A19,133,2025-07-21,5.0,Low,Adequate,no outbreak declared here in the last 8 weeks | rainfall 78% below normal over the last 8 weeks | major livestock market in the area | not a border area,"0 farmer symptom reports in the last 2 weeks | hotter, drier air than normal (high evaporation)",0.0,0.0,77.0,43.544857768052516,0.0,0.3262514660427352,0.0,-78.41338370210467,,0.0,0
A19,134,2025-07-28,11.0,Low,Adequate,no outbreak declared here in the last 8 weeks | 87 cattle recorded arriving this week | rainfall 78% below normal over the last 8 weeks | major livestock market in the area,0 farmer symptom reports in the last 2 weeks | 0 confirmed outbreaks in nearby sub-counties (last 4 weeks),0.0,0.0,87.0,46.613545816733065,0.0,0.3213576940520942,0.0,-77.96257796257811,,0.0,0
A19,135,2025-08-04,13.0,Low,Adequate,no outbreak declared here in the last 8 weeks | 25 cattle arrived from other sub-counties | major livestock market in the area | seasonal timing,0 confirmed outbreaks in nearby sub-counties (last 4 weeks) | cattle arrivals -6% compared with recent weeks,1.0,0.0,61.0,-5.714285714285714,0.0,0.3165373286413128,0.3,-76.67950363714182,,0.0,0
A19,136,2025-08-11,41.0,Elevated,Adequate,"87 cattle recorded arriving this week | no outbreak declared here in the last 8 weeks | hotter, drier air than normal (high evaporation) | major livestock market in the area",0 confirmed outbreaks in nearby sub-counties (last 4 weeks) | 1 farmer symptom reports in the last 2 weeks,0.0,0.0,87.0,25.383304940374785,55.0,0.3117892687116931,16.200000000000003,-43.62017804154302,,0.0,0
A19,137,2025-08-18,6.0,Low,Adequate,no outbreak declared here in the last 8 weeks | cattle arrivals -68% compared with recent weeks | seasonal timing | 20 cattle recorded arriving this week,"0 farmer symptom reports in the last 2 weeks | cooler, less evaporative conditions than normal",0.0,0.0,20.0,-68.4044233807267,55.0,0.3071124296810177,26.2,7.507139942881088,,0.0,0
A19,138,2025-08-25,15.0,Low,Adequate,no outbreak declared here in the last 8 weeks | 17 cattle arrived from other sub-counties | 1 farmer symptom reports this week | seasonal timing,0 confirmed outbreaks in nearby sub-counties (last 4 weeks) | cattle arrivals -8% compared with recent weeks,1.0,0.0,63.0,-8.263069139966273,0.0,0.3025057432358024,0.4,-0.2816901408443884,,0.0,0
A19,139,2025-09-01,8.0,Low,Adequate,no outbreak declared here in the last 8 weeks | seasonal timing | cattle arrivals -79% compared with recent weeks | major livestock market in the area,"hotter, drier air than normal (high evaporation) | 0 confirmed outbreaks in nearby sub-counties (last 4 weeks)",0.0,0.0,10.0,-78.6096256684492,0.0,0.2979681570872654,0.0,-3.78691791991248,,0.0,0
A19,140,2025-09-08,5.0,Low,Adequate,no outbreak declared here in the last 8 weeks | seasonal timing | major livestock market in the area | not a border area,0 farmer symptom reports in the last 2 weeks | 0 confirmed outbreaks in nearby sub-counties (last 4 weeks),0.0,0.0,42.0,-29.19020715630885,0.0,0.2934986347309564,0.8,0.148643626905207,,0.0,0
A19,141,2025-09-15,12.0,Low,Adequate,"no outbreak declared here in the last 8 weeks | seasonal timing | rainfall 15% above normal over the last 8 weeks | hotter, drier air than normal (high evaporation)",0 farmer symptom reports in the last 2 weeks | 0 confirmed outbreaks in nearby sub-counties (last 4 weeks),0.0,0.0,30.0,-42.50513347022588,0.0,0.289096155209992,0.2,14.984059511159298,,0.0,0
A19,142,2025-09-22,45.0,Elevated,Adequate,seasonal timing | 1 confirmed outbreaks in nearby sub-counties (last 4 weeks) | no outbreak declared here in the last 8 weeks | 21 cattle recorded arriving this week,1 farmer symptom reports in the last 2 weeks | vaccination coverage about 28%,1.0,0.0,21.0,-52.72727272727272,0.0,0.2847597128818421,0.0,24.396412968499444,,0.0,0
A19,143,2025-09-29,65.0,Elevated,Adequate,seasonal timing | 2 farmer symptom reports in the last 2 weeks | no outbreak declared here in the last 8 weeks | 1 confirmed outbreaks in nearby sub-counties (last 4 weeks),rainfall 33% above normal over the last 8 weeks | vaccination coverage about 28%,1.0,0.0,14.0,-59.35828877005348,0.0,0.2804883171886145,6.3,32.935191329352776,,0.0,0
A19,144,2025-10-06,71.0,High,Adequate,3 farmer symptom reports in the last 2 weeks | no outbreak declared here in the last 8 weeks | seasonal timing | 1 confirmed outbreaks in nearby sub-counties (last 4 weeks),"vaccination coverage about 28% | hotter, drier air than normal (high evaporation)",2.0,0.0,0.0,-87.76758409785933,0.0,0.2762809924307853,0.3,0.0905797101453603,,0.0,0
A19,145,2025-10-13,64.0,Elevated,Adequate,4 farmer symptom reports in the last 2 weeks | no outbreak declared here in the last 8 weeks | rainfall 72% below normal over the last 8 weeks | 1 confirmed outbreaks in nearby sub-counties (last 4 weeks),"hotter, drier air than normal (high evaporation) | symptom reports well above this area's normal level",2.0,0.0,33.0,26.666666666666668,0.0,0.2721367775443235,0.0,-71.875,,0.0,0
A19,146,2025-10-20,55.0,Elevated,Adequate,2 farmer symptom reports in the last 2 weeks | no outbreak declared here in the last 8 weeks | 2 confirmed outbreaks in nearby sub-counties (last 4 weeks) | rainfall 67% below normal over the last 8 weeks,seasonal timing | cattle arrivals -24% compared with recent weeks,0.0,0.0,19.0,-24.110671936758894,0.0,0.2680547258811587,5.9,-67.27930938457251,,0.0,0
A19,147,2025-10-27,41.0,Elevated,Adequate,no outbreak declared here in the last 8 weeks | 2 farmer symptom reports in the last 2 weeks | 2 confirmed outbreaks in nearby sub-counties (last 4 weeks) | cattle arrivals -31% compared with recent weeks,"cooler, less evaporative conditions than normal | seasonal timing",2.0,0.0,13.0,-31.100478468899524,0.0,0.2640339049929413,24.6,-42.62197304067762,,0.0,1
A19,148,2025-11-03,83.0,High,Adequate,10 farmer symptom reports in the last 2 weeks | no outbreak declared here in the last 8 weeks | symptom reports well above this area's normal level | 2 suspected cases reported by vets this week,seasonal timing | 5 cattle arrived from areas with recent outbreaks,8.0,2.0,18.0,-13.20754716981132,5.0,0.2600733964180472,21.3,-32.52680239992145,Farmer symptom reports unusually high (8 this week),0.0,1
A19,149,2025-11-10,100.0,High,Adequate,20 farmer symptom reports in the last 2 weeks | no outbreak declared here in the last 8 weeks | symptom reports well above this area's normal level | seasonal timing,5 cattle arrived from areas with recent outbreaks | rainfall 41% below normal over the last 8 weeks,12.0,3.0,3.0,-65.95744680851064,5.0,0.2561722954717765,5.2,-40.94519778544504,Farmer symptom reports unusually high (12 this week),1.0,0
A19,150,2025-11-17,23.0,Low,Adequate,24 farmer symptom reports in the last 2 weeks | 5 suspected cases reported by vets this week | seasonal timing | 55 weeks since last vaccination campaign,"outbreak declared here in the last 8 weeks | hotter, drier air than normal (high evaporation)",12.0,5.0,76.0,302.48447204968943,9.0,0.2523297110396998,8.0,-44.07128169979448,Cattle arrivals unusually high (+302% on recent weeks),0.0,0
A19,151,2025-11-24,30.0,Low,Adequate,18 farmer symptom reports in the last 2 weeks | 56 weeks since last vaccination campaign | seasonal timing | 3 suspected cases reported by vets this week,"outbreak declared here in the last 8 weeks | hotter, drier air than normal (high evaporation)",6.0,3.0,30.0,29.629629629629626,9.0,0.2485447653741043,8.0,-50.20920502092059,,0.0,0
A19,152,2025-12-01,16.0,Low,Adequate,13 farmer symptom reports in the last 2 weeks | 57 weeks since last vaccination campaign | 4 suspected cases reported by vets this week | seasonal timing,"outbreak declared here in the last 8 weeks | hotter, drier air than normal (high evaporation)",7.0,4.0,0.0,-82.75862068965517,0.0,0.2448165938934927,0.6,-52.06422018348632,,0.0,0
A19,153,2025-12-08,40.0,Elevated,Adequate,11 farmer symptom reports in the last 2 weeks | 58 weeks since last vaccination campaign | seasonal timing | 5 vet-reported suspected cases in the last 2 weeks,outbreak declared here in the last 8 weeks | cattle arrivals +7% compared with recent weeks,4.0,1.0,26.0,6.896551724137931,0.0,0.2411443449850903,25.1,-34.522016745979265,,0.0,0
A20,104,2024-12-30,5.0,Low,Low data,no outbreak declared here in the last 8 weeks | not a border area | symptom reports at or below normal | 0 cattle recorded arriving this week,0 farmer symptom reports in the last 2 weeks | seasonal timing,0.0,0.0,0.0,-79.27461139896373,0.0,0.4056604247761772,0.6000000000000001,-18.91300497025151,,0.0,0
A20,105,2025-01-06,4.0,Low,Low data,"no outbreak declared here in the last 8 weeks | hotter, drier air than normal (high evaporation) | not a border area | symptom reports at or below normal",0 farmer symptom reports in the last 2 weeks | cattle arrivals +1% compared with recent weeks,0.0,0.0,18.0,1.098901098901099,0.0,0.3995755184045346,0.1,-22.81257585242162,,0.0,0
A20,106,2025-01-13,13.0,Low,Low data,"no outbreak declared here in the last 8 weeks | hotter, drier air than normal (high evaporation) | 19 cattle arrived from other sub-counties | 1 farmer symptom reports this week",0 confirmed outbreaks in nearby sub-counties (last 4 weeks) | 11 weeks since last vaccination campaign,1.0,0.0,41.0,89.69072164948454,0.0,0.3935818856284666,0.0,-46.77610291216176,,0.0,0
A20,107,2025-01-20,16.0,Low,Low data,"no outbreak declared here in the last 8 weeks | rainfall 73% below normal over the last 8 weeks | hotter, drier air than normal (high evaporation) | cattle arrivals +39% compared with recent weeks",0 confirmed outbreaks in nearby sub-counties (last 4 weeks) | 1 farmer symptom reports in the last 2 weeks,0.0,0.0,33.0,39.44954128440367,0.0,0.3876781573440396,0.0,-73.44944272226059,,0.0,0
A20,108,2025-01-27,48.0,Elevated,Low data,"2 farmer symptom reports in the last 2 weeks | no outbreak declared here in the last 8 weeks | 2 farmer symptom reports this week | hotter, drier air than normal (high evaporation)",0 confirmed outbreaks in nearby sub-counties (last 4 weeks) | symptom reports well above this area's normal level,2.0,0.0,2.0,-73.07692307692307,0.0,0.381862984983879,0.1,-72.69852695442067,,0.0,0
A20,109,2025-02-03,86.0,High,Low data,5 farmer symptom reports in the last 2 weeks | no outbreak declared here in the last 8 weeks | 3 farmer symptom reports this week | rainfall 65% below normal over the last 8 weeks,cattle arrivals -4% compared with recent weeks | symptom reports well above this area's normal level,3.0,0.0,14.0,-4.40251572327044,0.0,0.3761350402091208,0.0,-65.19449090715025,,0.0,0
A20,110,2025-02-10,100.0,High,Low data,4 farmer symptom reports in the last 2 weeks | no outbreak declared here in the last 8 weeks | cattle arrivals +186% compared with recent weeks | 1 vet-reported suspected cases in the last 2 weeks,6 cattle arrived from areas with recent outbreaks | 15 weeks since last vaccination campaign,1.0,1.0,55.0,185.71428571428572,6.0,0.370493014605984,2.3,-60.27458467037706,,0.0,1
A20,111,2025-02-17,100.0,High,Low data,6 farmer symptom reports in the last 2 weeks | no outbreak declared here in the last 8 weeks | 85 cattle recorded arriving this week | seasonal timing,6 cattle arrived from areas with recent outbreaks | 16 weeks since last vaccination campaign,5.0,2.0,85.0,230.2752293577982,6.0,0.3649356193868942,0.0,-65.68285015717848,Cattle arrivals unusually high (+230% on recent weeks),0.0,1
A20,112,2025-02-24,100.0,High,Low data,6 farmer symptom reports in the last 2 weeks | no outbreak declared here in the last 8 weeks | cattle arrivals +136% compared with recent weeks | rainfall 70% below normal over the last 8 weeks,17 weeks since last vaccination campaign | no major market,1.0,0.0,80.0,136.11111111111111,0.0,0.3594615850960908,0.0,-69.75562545366604,,1.0,0
A20,113,2025-03-03,6.0,Low,Low data,"3 farmer symptom reports in the last 2 weeks | symptom reports well above this area's normal level | hotter, drier air than normal (high evaporation) | 1 confirmed outbreaks in nearby sub-counties (last 4 weeks)",outbreak declared here in the last 8 weeks | seasonal timing,2.0,1.0,14.0,-58.69565217391305,0.0,0.3540696613196494,9.1,-48.882548739895725,,0.0,0
A20,114,2025-03-10,7.0,Low,Low data,3 farmer symptom reports in the last 2 weeks | 2 vet-reported suspected cases in the last 2 weeks | 1 suspected cases reported by vets this week | cattle arrivals -41% compared with recent weeks,outbreak declared here in the last 8 weeks | seasonal timing,1.0,1.0,22.0,-40.65934065934066,0.0,0.3487586163998547,16.9,-20.77573756963084,,0.0,0
A20,115,2025-03-17,3.0,Low,Low data,2 farmer symptom reports in the last 2 weeks | cattle arrivals -65% compared with recent weeks | 1 vet-reported suspected cases in the last 2 weeks | 1 farmer symptom reports this week,outbreak declared here in the last 8 weeks | seasonal timing,1.0,0.0,10.0,-65.21739130434783,0.0,0.3435272371538569,16.3,-1.8481966624799715,,0.0,0
A20,116,2025-03-24,2.0,Low,Low data,2 farmer symptom reports in the last 2 weeks | rainfall 53% above normal over the last 8 weeks | 1 farmer symptom reports this week | seasonal timing,"outbreak declared here in the last 8 weeks | cooler, less evaporative conditions than normal",1.0,0.0,12.0,-57.7639751552795,0.0,0.338374328596549,56.2,52.89085138678086,,0.0,0
A20,117,2025-03-31,3.0,Low,Low data,"symptom reports at or below normal | seasonal timing | cooler, less evaporative conditions than normal | not a border area",outbreak declared here in the last 8 weeks | 0 confirmed outbreaks in nearby sub-counties (last 4 weeks),0.0,0.0,13.0,-56.62650602409639,0.0,0.3332987136676008,3.3,31.391064025794584,,0.0,0
A20,118,2025-04-07,2.0,Low,Low data,symptom reports at or below normal | 27 cattle arrived from other sub-counties | not a border area | rainfall 15% above normal over the last 8 weeks,outbreak declared here in the last 8 weeks | 0 farmer symptom reports in the last 2 weeks,0.0,0.0,36.0,-0.906344410876133,0.0,0.3282992329625868,6.1,15.035613230558935,,0.0,0
A20,119,2025-04-14,2.0,Low,Low data,1 farmer symptom reports this week | not a border area,outbreak declared here in the last 8 weeks | seasonal timing,1.0,0.0,35.0,2.564102564102564,0.0,0.3233747444681479,55.3,29.301978350130465,,0.0,0
A20,120,2025-04-21,4.0,Low,Low data,"cattle arrivals -85% compared with recent weeks | symptom reports at or below normal | cooler, less evaporative conditions than normal | not a border area",outbreak declared here in the last 8 weeks | seasonal timing,0.0,0.0,0.0,-84.7328244274809,0.0,0.3185241233011257,14.2,21.19252408976249,,0.0,0
A20,121,2025-04-28,10.0,Low,Low data,no outbreak declared here in the last 8 weeks | symptom reports at or below normal | rainfall 17% above normal over the last 8 weeks | cattle arrivals -78% compared with recent weeks,0 farmer symptom reports in the last 2 weeks | seasonal timing,0.0,0.0,0.0,-78.02197802197803,0.0,0.3137462614516088,7.4,17.08701134930636,,0.0,0
A20,122,2025-05-05,20.0,Low,Low data,no outbreak declared here in the last 8 weeks | 1 confirmed outbreaks in nearby sub-counties (last 4 weeks) | 1 farmer symptom reports this week | cattle arrivals -76% compared with recent weeks,"cooler, less evaporative conditions than normal | 1 farmer symptom reports in the last 2 weeks",1.0,0.0,0.0,-76.19047619047619,0.0,0.3090400675298347,20.1,26.718991078016906,,0.0,0
A20,123,2025-05-12,16.0,Low,Low data,"no outbreak declared here in the last 8 weeks | 1 confirmed outbreaks in nearby sub-counties (last 4 weeks) | cooler, less evaporative conditions than normal | symptom reports at or below normal",cattle arrivals +4% compared with recent weeks | rainfall 23% above normal over the last 8 weeks,0.0,0.0,14.0,4.10958904109589,0.0,0.3044044665168872,0.1,23.198744471393734,,0.0,0
A20,124,2025-05-19,20.0,Low,Low data,"no outbreak declared here in the last 8 weeks | 1 confirmed outbreaks in nearby sub-counties (last 4 weeks) | hotter, drier air than normal (high evaporation) | cattle arrivals +55% compared with recent weeks",0 farmer symptom reports in the last 2 weeks | vaccination coverage about 30%,0.0,0.0,24.0,54.666666666666664,0.0,0.2998383995191339,0.0,-1.902997642304084,,0.0,0
A20,125,2025-05-26,41.0,Elevated,Low data,"no outbreak declared here in the last 8 weeks | 1 confirmed outbreaks in nearby sub-counties (last 4 weeks) | hotter, drier air than normal (high evaporation) | cattle arrivals -75% compared with recent weeks",vaccination coverage about 30% | 1 farmer symptom reports in the last 2 weeks,1.0,0.0,0.0,-75.30864197530865,0.0,0.2953408235263469,0.4,9.073451752280182,,0.0,0
A20,126,2025-06-02,12.0,Low,Low data,"no outbreak declared here in the last 8 weeks | 3 cattle recorded arriving this week | 31 weeks since last vaccination campaign | cooler, less evaporative conditions than normal",0 confirmed outbreaks in nearby sub-counties (last 4 weeks) | rainfall 30% above normal over the last 8 weeks,0.0,0.0,3.0,-57.04697986577181,0.0,0.2909107111734517,0.8999999999999999,29.68058380189024,,0.0,0
A20,127,2025-06-09,42.0,Elevated,Low data,"cattle arrivals +169% compared with recent weeks | no outbreak declared here in the last 8 weeks | hotter, drier air than normal (high evaporation) | 1 farmer symptom reports this week",0 confirmed outbreaks in nearby sub-counties (last 4 weeks) | moderate cattle density,1.0,0.0,34.0,168.9655172413793,0.0,0.2865470505058499,0.1,7.150050352467412,,0.0,0
A20,128,2025-06-16,18.0,Low,Low data,"no outbreak declared here in the last 8 weeks | 24 cattle arrived from other sub-counties | cooler, less evaporative conditions than normal | 24 cattle recorded arriving this week",0 confirmed outbreaks in nearby sub-counties (last 4 weeks) | 1 farmer symptom reports in the last 2 weeks,0.0,0.0,24.0,101.7391304347826,24.0,0.2822488447482621,0.0,63.86554621848772,,0.0,0
A20,129,2025-06-23,6.0,Low,Low data,no outbreak declared here in the last 8 weeks | 5 cattle recorded arriving this week | seasonal timing | 24 cattle arrived from areas with recent outbreaks,"0 farmer symptom reports in the last 2 weeks | cooler, less evaporative conditions than normal",0.0,0.0,5.0,-42.44604316546763,24.0,0.2780151120770381,2.0,100.23837902264714,,0.0,0
A20,130,2025-06-30,14.0,Low,Low data,seasonal timing | no outbreak declared here in the last 8 weeks | rainfall close to normal over the last 8 weeks | cattle arrivals +39% compared with recent weeks,"0 farmer symptom reports in the last 2 weeks | cooler, less evaporative conditions than normal",0.0,0.0,20.0,38.88888888888889,0.0,0.2738448853958826,0.0,-5.196629213482449,,0.0,0
A20,131,2025-07-07,41.0,Elevated,Low data,no outbreak declared here in the last 8 weeks | 2 farmer symptom reports in the last 2 weeks | 2 farmer symptom reports this week | seasonal timing,0 confirmed outbreaks in nearby sub-counties (last 4 weeks) | symptom reports well above this area's normal level,2.0,0.0,11.0,-21.951219512195124,0.0,0.2697372121149443,0.0,-4.2172980700486695,,0.0,0
A20,132,2025-07-14,51.0,Elevated,Low data,3 farmer symptom reports in the last 2 weeks | no outbreak declared here in the last 8 weeks | seasonal timing | 1 farmer symptom reports this week,0 confirmed outbreaks in nearby sub-counties (last 4 weeks) | cattle arrivals +64% compared with recent weeks,1.0,0.0,28.0,63.975155279503106,0.0,0.2656911539332202,0.0,-0.149031296570452,,0.0,0
A20,133,2025-07-21,74.0,High,Low data,3 farmer symptom reports in the last 2 weeks | no outbreak declared here in the last 8 weeks | cattle arrivals -76% compared with recent weeks | 2 farmer symptom reports this week,0 confirmed outbreaks in nearby sub-counties (last 4 weeks) | vaccination coverage about 26%,2.0,0.0,0.0,-75.75757575757575,0.0,0.2617057866242219,0.0,0.7751937984506782,,0.0,0
A20,134,2025-07-28,61.0,Elevated,Low data,3 farmer symptom reports in the last 2 weeks | no outbreak declared here in the last 8 weeks | cattle arrivals -76% compared with recent weeks | 1 farmer symptom reports this week,vaccination coverage about 26% | 0 confirmed outbreaks in nearby sub-counties (last 4 weeks),1.0,0.0,0.0,-75.75757575757575,0.0,0.2577801998248585,0.0,2.716468590832376,,0.0,0
A20,135,2025-08-04,40.0,Elevated,Low data,2 farmer symptom reports in the last 2 weeks | no outbreak declared here in the last 8 weeks | cattle arrivals -75% compared with recent weeks | 1 farmer symptom reports this week,0 confirmed outbreaks in nearby sub-counties (last 4 weeks) | vaccination coverage about 25%,1.0,0.0,0.0,-75.30864197530865,0.0,0.2539134968274856,0.0,4.986876640420407,,0.0,0
A20,136,2025-08-11,15.0,Low,Low data,no outbreak declared here in the last 8 weeks | 23 cattle arrived from other sub-counties | 23 cattle recorded arriving this week | seasonal timing,cattle arrivals +75% compared with recent weeks | vaccination coverage about 25%,0.0,0.0,23.0,75.0,0.0,0.2501047943750734,0.3,7.800175284837764,,0.0,0
A20,137,2025-08-18,15.0,Low,Low data,no outbreak declared here in the last 8 weeks | cattle arrivals +190% compared with recent weeks | 1 farmer symptom reports this week | symptom reports well above this area's normal level,"cooler, less evaporative conditions than normal | 0 confirmed outbreaks in nearby sub-counties (last 4 weeks)",1.0,0.0,41.0,189.76377952755905,0.0,0.2463532224594472,0.0,-10.356832027850771,,0.0,0
A20,138,2025-08-25,21.0,Low,Low data,"no outbreak declared here in the last 8 weeks | seasonal timing | 22 cattle arrived from areas with recent outbreaks | cooler, less evaporative conditions than normal",0 confirmed outbreaks in nearby sub-counties (last 4 weeks) | 1 farmer symptom reports in the last 2 weeks,0.0,0.0,58.0,209.20245398773005,22.0,0.2426579241225555,0.0,-13.22662173546798,,0.0,0
A20,139,2025-09-01,41.0,Elevated,Low data,"3 cattle recorded arriving this week | no outbreak declared here in the last 8 weeks | hotter, drier air than normal (high evaporation) | seasonal timing",0 farmer symptom reports in the last 2 weeks | vaccination coverage about 24%,0.0,0.0,3.0,-68.1592039800995,22.0,0.2390180552607172,0.0,-12.71186440678055,,0.0,0
A20,140,2025-09-08,12.0,Low,Low data,"no outbreak declared here in the last 8 weeks | 1 confirmed outbreaks in nearby sub-counties (last 4 weeks) | seasonal timing | hotter, drier air than normal (high evaporation)",0 farmer symptom reports in the last 2 weeks | cattle arrivals -5% compared with recent weeks,0.0,0.0,18.0,-4.66321243523316,0.0,0.2354327844318064,0.0,-14.805624483044438,,0.0,0
A20,141,2025-09-15,21.0,Low,Low data,"no outbreak declared here in the last 8 weeks | 1 confirmed outbreaks in nearby sub-counties (last 4 weeks) | seasonal timing | cooler, less evaporative conditions than normal",0 farmer symptom reports in the last 2 weeks | vaccination coverage about 23%,0.0,0.0,15.0,-12.568306010928962,0.0,0.2319012926653293,0.9,-5.405405405405276,,0.0,0
A20,142,2025-09-22,19.0,Low,Low data,"no outbreak declared here in the last 8 weeks | seasonal timing | 1 confirmed outbreaks in nearby sub-counties (last 4 weeks) | hotter, drier air than normal (high evaporation)",0 farmer symptom reports in the last 2 weeks | vaccination coverage about 23%,0.0,0.0,0.0,-79.7979797979798,0.0,0.2284227732753493,0.0,-6.040268456376031,,0.0,0
A20,143,2025-09-29,11.0,Low,Low data,seasonal timing | no outbreak declared here in the last 8 weeks | symptom reports at or below normal | not a border area,0 farmer symptom reports in the last 2 weeks | vaccination coverage about 22%,0.0,0.0,0.0,-79.7979797979798,0.0,0.2249964316762191,0.1,-16.10987379361595,,0.0,0
A20,144,2025-10-06,9.0,Low,Low data,no outbreak declared here in the last 8 weeks | seasonal timing | 1 farmer symptom reports this week | symptom reports well above this area's normal level,vaccination coverage about 22% | 0 confirmed outbreaks in nearby sub-counties (last 4 weeks),1.0,0.0,10.0,-39.39393939393939,0.0,0.2216214852010758,0.2,-36.47192285876319,,0.0,0
A20,145,2025-10-13,10.0,Low,Low data,"hotter, drier air than normal (high evaporation) | no outbreak declared here in the last 8 weeks | seasonal timing | not a border area",vaccination coverage about 22% | 0 confirmed outbreaks in nearby sub-counties (last 4 weeks),0.0,0.0,24.0,25.405405405405407,0.0,0.2182971629230597,0.1,-51.95578231292532,,0.0,0
A20,146,2025-10-20,27.0,Low,Low data,no outbreak declared here in the last 8 weeks | 2 farmer symptom reports in the last 2 weeks | 1 suspected cases reported by vets this week | 1 vet-reported suspected cases in the last 2 weeks,vaccination coverage about 22% | seasonal timing,2.0,1.0,32.0,76.19047619047619,0.0,0.2150227054792138,0.1,-60.526315789474,,0.0,0
A20,147,2025-10-27,43.0,Elevated,Low data,no outbreak declared here in the last 8 weeks | 2 farmer symptom reports in the last 2 weeks | cattle arrivals +154% compared with recent weeks | 1 suspected cases reported by vets this week,"cooler, less evaporative conditions than normal | seasonal timing",0.0,1.0,40.0,153.52112676056336,20.0,0.2117973648970256,32.8,-1.3392857142855197,,0.0,0
A20,148,2025-11-03,42.0,Elevated,Low data,"1 suspected cases reported by vets this week | no outbreak declared here in the last 8 weeks | 2 vet-reported suspected cases in the last 2 weeks | hotter, drier air than normal (high evaporation)",vaccination coverage about 21% | seasonal timing,1.0,1.0,0.0,-77.6536312849162,20.0,0.2086204044235702,29.200000000000003,-2.3546627644006723,,0.0,0
A20,149,2025-11-10,67.0,Elevated,Low data,3 farmer symptom reports in the last 2 weeks | no outbreak declared here in the last 8 weeks | seasonal timing | 1 suspected cases reported by vets this week,cattle arrivals +9% compared with recent weeks | vaccination coverage about 21%,2.0,1.0,17.0,9.316770186335404,0.0,0.2054910983572166,11.3,-21.616312786455964,,0.0,1
A20,150,2025-11-17,100.0,High,Low data,7 farmer symptom reports in the last 2 weeks | no outbreak declared here in the last 8 weeks | cattle arrivals +131% compared with recent weeks | 55 weeks since last vaccination campaign,17 cattle arrived from areas with recent outbreaks | vaccination coverage about 20%,5.0,0.0,42.0,130.67484662576686,17.0,0.2024087318818584,4.5,-35.59915396397058,Farmer symptom reports unusually high (5 this week),0.0,1
A20,151,2025-11-24,100.0,High,Low data,6 farmer symptom reports in the last 2 weeks | no outbreak declared here in the last 8 weeks | 56 weeks since last vaccination campaign | cattle arrivals +220% compared with recent weeks,17 cattle arrived from areas with recent outbreaks | rainfall 48% below normal over the last 8 weeks,1.0,1.0,77.0,220.00000000000003,17.0,0.200854960847997,2.4,-47.56641009317663,Cattle arrivals unusually high (+220% on recent weeks),1.0,0
A20,152,2025-12-01,18.0,Low,Low data,57 weeks since last vaccination campaign | 2 suspected cases reported by vets this week | 3 vet-reported suspected cases in the last 2 weeks | seasonal timing,outbreak declared here in the last 8 weeks | cattle arrivals -6% compared with recent weeks,1.0,2.0,28.0,-6.382978723404255,0.0,0.200854960847997,0.9,-49.178959087113725,,0.0,0
A20,153,2025-12-08,15.0,Low,Low data,58 weeks since last vaccination campaign | 3 farmer symptom reports in the last 2 weeks | seasonal timing | 3 vet-reported suspected cases in the last 2 weeks,outbreak declared here in the last 8 weeks | vaccination coverage about 20%,2.0,1.0,22.0,-28.000000000000004,0.0,0.200854960847997,17.6,-43.55675451338444,,0.0,0
A22,104,2024-12-30,41.0,Elevated,Adequate,57 weeks since last vaccination campaign | no outbreak declared here in the last 8 weeks | symptom reports at or below normal | 1 vet-reported suspected cases in the last 2 weeks,0 farmer symptom reports in the last 2 weeks | seasonal timing,0.0,0.0,27.0,-46.21848739495798,36.0,0.3038582982127849,0.4,27.957067096237065,,0.0,0
A22,105,2025-01-06,33.0,Low,Adequate,58 weeks since last vaccination campaign | no outbreak declared here in the last 8 weeks | not a border area | moderate cattle density,seasonal timing | 0 farmer symptom reports in the last 2 weeks,0.0,0.0,19.0,-58.44155844155844,0.0,0.2993004237395931,0.0,-19.073389789701828,,0.0,0
A22,106,2025-01-13,46.0,Elevated,Adequate,"59 weeks since last vaccination campaign | no outbreak declared here in the last 8 weeks | cattle arrivals +17% compared with recent weeks | hotter, drier air than normal (high evaporation)",1 farmer symptom reports in the last 2 weeks | 0 confirmed outbreaks in nearby sub-counties (last 4 weeks),1.0,0.0,65.0,17.40041928721174,0.0,0.2948109173834992,0.1,-29.09215731145187,,0.0,0
A22,107,2025-01-20,41.0,Elevated,Adequate,"60 weeks since last vaccination campaign | no outbreak declared here in the last 8 weeks | hotter, drier air than normal (high evaporation) | rainfall 72% below normal over the last 8 weeks",0 confirmed outbreaks in nearby sub-counties (last 4 weeks) | 1 farmer symptom reports in the last 2 weeks,0.0,0.0,19.0,-60.816326530612244,0.0,0.2903887536227467,0.0,-72.27714529523185,,0.0,0
A22,108,2025-01-27,45.0,Elevated,Adequate,"61 weeks since last vaccination campaign | no outbreak declared here in the last 8 weeks | hotter, drier air than normal (high evaporation) | rainfall 68% below normal over the last 8 weeks",0 confirmed outbreaks in nearby sub-counties (last 4 weeks) | 1 farmer symptom reports in the last 2 weeks,1.0,0.0,47.0,-12.605042016806722,0.0,0.2860329223184055,0.2,-68.23320333711816,,0.0,0
A22,109,2025-02-03,58.0,Elevated,Adequate,"hotter, drier air than normal (high evaporation) | 62 weeks since last vaccination campaign | no outbreak declared here in the last 8 weeks | 1 confirmed outbreaks in nearby sub-counties (last 4 weeks)",1 farmer symptom reports in the last 2 weeks | vaccination coverage about 28%,0.0,0.0,19.0,-59.06183368869936,0.0,0.2817424284836294,0.0,-64.54482781261291,,0.0,0
A22,110,2025-02-10,41.0,Elevated,Adequate,"63 weeks since last vaccination campaign | no outbreak declared here in the last 8 weeks | 1 confirmed outbreaks in nearby sub-counties (last 4 weeks) | hotter, drier air than normal (high evaporation)",0 farmer symptom reports in the last 2 weeks | vaccination coverage about 28%,0.0,0.0,27.0,-40.18691588785047,0.0,0.277516292056375,2.0,-50.739914859112325,,0.0,0
A22,111,2025-02-17,75.0,High,Adequate,no outbreak declared here in the last 8 weeks | 2 farmer symptom reports in the last 2 weeks | 64 weeks since last vaccination campaign | 1 confirmed outbreaks in nearby sub-counties (last 4 weeks),symptom reports well above this area's normal level | 0 vet-reported suspected cases in the last 2 weeks,2.0,0.0,59.0,35.09234828496042,38.0,0.2733535476755294,0.0,-49.62094499294778,,0.0,0
A22,112,2025-02-24,73.0,High,Adequate,no outbreak declared here in the last 8 weeks | 2 farmer symptom reports in the last 2 weeks | 1 confirmed outbreaks in nearby sub-counties (last 4 weeks) | 65 weeks since last vaccination campaign,cattle arrivals +109% compared with recent weeks | 0 vet-reported suspected cases in the last 2 weeks,0.0,0.0,79.0,108.69565217391303,38.0,0.2692532444603964,0.0,-52.50965250965242,,0.0,0
A22,113,2025-03-03,39.0,Low,Adequate,66 weeks since last vaccination campaign | no outbreak declared here in the last 8 weeks | 22 cattle arrived from other sub-counties | symptom reports at or below normal,0 farmer symptom reports in the last 2 weeks | seasonal timing,0.0,0.0,52.0,21.92513368983957,0.0,0.2652144457934905,0.2,-50.86477987421372,,0.0,0
A22,114,2025-03-10,44.0,Elevated,Adequate,no outbreak declared here in the last 8 weeks | 67 weeks since last vaccination campaign | 2 farmer symptom reports in the last 2 weeks | cattle arrivals +12% compared with recent weeks,seasonal timing | seasonal timing,2.0,0.0,52.0,12.039312039312039,0.0,0.2612362291065881,2.6,-49.832775919732406,,0.0,0
A22,115,2025-03-17,14.0,Low,Adequate,2 farmer symptom reports in the last 2 weeks | no outbreak declared here in the last 8 weeks | 68 weeks since last vaccination campaign | rainfall 80% above normal over the last 8 weeks,"cooler, less evaporative conditions than normal | 0 confirmed outbreaks in nearby sub-counties (last 4 weeks)",0.0,0.0,15.0,-59.390862944162436,0.0,0.2573176856699893,41.6,79.73959987297528,,0.0,0
A22,116,2025-03-24,25.0,Low,Adequate,rainfall 146% above normal over the last 8 weeks | 69 weeks since last vaccination campaign | no outbreak declared here in the last 8 weeks | not a border area,"cooler, less evaporative conditions than normal | 0 farmer symptom reports in the last 2 weeks",0.0,0.0,31.0,-26.153846153846157,0.0,0.2534579203849395,52.3,146.20611551528776,,0.0,0
A22,117,2025-03-31,36.0,Low,Adequate,70 weeks since last vaccination campaign | rainfall 120% above normal over the last 8 weeks | no outbreak declared here in the last 8 weeks | 23 cattle recorded arriving this week,"0 farmer symptom reports in the last 2 weeks | cooler, less evaporative conditions than normal",0.0,0.0,23.0,-40.106951871657756,0.0,0.2496560515791654,13.5,120.14051522248164,,0.0,0
A22,118,2025-04-07,13.0,Low,Adequate,71 weeks since last vaccination campaign | no outbreak declared here in the last 8 weeks | moderate cattle density | not a border area,0 farmer symptom reports in the last 2 weeks | 0 confirmed outbreaks in nearby sub-counties (last 4 weeks),0.0,0.0,8.0,-72.4867724867725,0.0,0.2459112108054779,7.2,95.84934665641774,,0.0,0
A22,119,2025-04-14,17.0,Low,Adequate,72 weeks since last vaccination campaign | no outbreak declared here in the last 8 weeks | 32 cattle arrived from other sub-counties | moderate cattle density,0 farmer symptom reports in the last 2 weeks | seasonal timing,0.0,0.0,51.0,24.79108635097493,0.0,0.2422225426433958,30.4,79.99315615375824,,0.0,0
A22,120,2025-04-21,10.0,Low,Adequate,73 weeks since last vaccination campaign | no outbreak declared here in the last 8 weeks | moderate cattle density | 19 cattle recorded arriving this week,0 farmer symptom reports in the last 2 weeks | 0 confirmed outbreaks in nearby sub-counties (last 4 weeks),0.0,0.0,19.0,-45.2991452991453,0.0,0.2385892045037448,34.3,84.21557345607957,,0.0,0
A22,121,2025-04-28,42.0,Elevated,Adequate,74 weeks since last vaccination campaign | no outbreak declared here in the last 8 weeks | 41 cattle arrived from other sub-counties | 1 suspected cases reported by vets this week,0 farmer symptom reports in the last 2 weeks | 0 confirmed outbreaks in nearby sub-counties (last 4 weeks),0.0,1.0,41.0,26.46048109965636,0.0,0.2350103664361886,9.2,76.4344621863484,,0.0,0
A22,122,2025-05-05,47.0,Elevated,Adequate,no outbreak declared here in the last 8 weeks | 75 weeks since last vaccination campaign | cattle arrivals +51% compared with recent weeks | 37 cattle arrived from other sub-counties,0 confirmed outbreaks in nearby sub-counties (last 4 weeks) | 1 farmer symptom reports in the last 2 weeks,1.0,0.0,48.0,51.42857142857142,0.0,0.2314852109396458,15.9,94.3965908060568,,0.0,0
A22,123,2025-05-12,16.0,Low,Adequate,76 weeks since last vaccination campaign | no outbreak declared here in the last 8 weeks | moderate cattle density | major livestock market in the area,cattle arrivals +1% compared with recent weeks | 0 confirmed outbreaks in nearby sub-counties (last 4 weeks),0.0,0.0,30.0,1.4492753623188406,0.0,0.2280129327755511,1.8,62.23750232298824,,0.0,0
A22,124,2025-05-19,41.0,Elevated,Adequate,"hotter, drier air than normal (high evaporation) | 77 weeks since last vaccination campaign | no outbreak declared here in the last 8 weeks | moderate cattle density",0 farmer symptom reports in the last 2 weeks | 0 confirmed outbreaks in nearby sub-counties (last 4 weeks),0.0,0.0,17.0,-39.51890034364261,0.0,0.2245927387839179,1.1,32.261521972132904,,0.0,0
A22,125,2025-05-26,49.0,Elevated,Adequate,78 weeks since last vaccination campaign | 22 cattle arrived from other sub-counties | no outbreak declared here in the last 8 weeks | seasonal timing,0 farmer symptom reports in the last 2 weeks | 0 confirmed outbreaks in nearby sub-counties (last 4 weeks),0.0,0.0,22.0,-22.021660649819495,0.0,0.2212238477021591,4.699999999999999,34.41238564391291,,0.0,0
A22,126,2025-06-02,16.0,Low,Adequate,"79 weeks since last vaccination campaign | no outbreak declared here in the last 8 weeks | cooler, less evaporative conditions than normal | major livestock market in the area",0 farmer symptom reports in the last 2 weeks | vaccination coverage about 22%,0.0,0.0,0.0,-85.5072463768116,0.0,0.2179054899866267,2.8,45.42095539720254,,0.0,0
A22,127,2025-06-09,44.0,Elevated,Adequate,80 weeks since last vaccination campaign | cattle arrivals +19% compared with recent weeks | no outbreak declared here in the last 8 weeks | 35 cattle arrived from other sub-counties,0 farmer symptom reports in the last 2 weeks | 0 confirmed outbreaks in nearby sub-counties (last 4 weeks),0.0,0.0,35.0,19.402985074626866,0.0,0.2146369076368273,5.6,60.647103085026174,,0.0,0
A22,128,2025-06-16,23.0,Low,Adequate,"81 weeks since last vaccination campaign | no outbreak declared here in the last 8 weeks | cooler, less evaporative conditions than normal | seasonal timing",cattle arrivals +5% compared with recent weeks | vaccination coverage about 21%,1.0,0.0,28.0,4.761904761904762,0.0,0.2114173540222749,0.8,45.05310229178285,,0.0,0
A22,129,2025-06-23,12.0,Low,Adequate,82 weeks since last vaccination campaign | no outbreak declared here in the last 8 weeks | seasonal timing | major livestock market in the area,"cooler, less evaporative conditions than normal | 0 confirmed outbreaks in nearby sub-counties (last 4 weeks)",0.0,0.0,11.0,-50.95785440613027,0.0,0.2082460937119407,3.8,80.86347724620656,,0.0,0
A22,130,2025-06-30,51.0,Elevated,Adequate,seasonal timing | 19 cattle arrived from other sub-counties | 83 weeks since last vaccination campaign | no outbreak declared here in the last 8 weeks,0 farmer symptom reports in the last 2 weeks | 0 confirmed outbreaks in nearby sub-counties (last 4 weeks),0.0,0.0,19.0,-16.883116883116884,0.0,0.2051224023062616,1.8,54.58015267175372,,0.0,0
A22,131,2025-07-07,57.0,Elevated,Adequate,84 weeks since last vaccination campaign | 23 cattle arrived from other sub-counties | no outbreak declared here in the last 8 weeks | seasonal timing,1 farmer symptom reports in the last 2 weeks | 0 confirmed outbreaks in nearby sub-counties (last 4 weeks),1.0,0.0,23.0,10.891089108910892,0.0,0.2020455662716677,1.5,57.81710914454096,,0.0,0
A22,132,2025-07-14,61.0,Elevated,Adequate,no outbreak declared here in the last 8 weeks | 1 suspected cases reported by vets this week | 85 weeks since last vaccination campaign | 33 cattle arrived from other sub-counties,0 confirmed outbreaks in nearby sub-counties (last 4 weeks) | cattle arrivals +89% compared with recent weeks,0.0,1.0,41.0,88.71794871794872,0.0,0.1990148827775927,0.1,58.18921668361929,,0.0,0
A22,133,2025-07-21,48.0,Elevated,Adequate,no outbreak declared here in the last 8 weeks | 2 farmer symptom reports in the last 2 weeks | 86 weeks since last vaccination campaign | 1 suspected cases reported by vets this week,cattle arrivals +6% compared with recent weeks | vaccination coverage about 20%,2.0,1.0,24.0,5.93607305936073,0.0,0.1960296595359288,0.3,61.426844014507054,,0.0,1
A22,134,2025-07-28,100.0,High,Adequate,6 farmer symptom reports in the last 2 weeks | no outbreak declared here in the last 8 weeks | symptom reports well above this area's normal level | 87 weeks since last vaccination campaign,vaccination coverage about 19% | 0 confirmed outbreaks in nearby sub-counties (last 4 weeks),4.0,0.0,12.0,-38.46153846153847,0.0,0.1930892146428899,2.5,52.51299826689512,,0.0,1
A22,135,2025-08-04,79.0,High,Adequate,9 farmer symptom reports in the last 2 weeks | no outbreak declared here in the last 8 weeks | symptom reports well above this area's normal level | 88 weeks since last vaccination campaign,cattle arrivals -4% compared with recent weeks | vaccination coverage about 19%,5.0,1.0,23.0,-3.862660944206009,0.0,0.1901928764232465,1.5,27.647395535201447,,1.0,0
A22,136,2025-08-11,14.0,Low,Adequate,13 farmer symptom reports in the last 2 weeks | symptom reports well above this area's normal level | 89 weeks since last vaccination campaign | 1 suspected cases reported by vets this week,outbreak declared here in the last 8 weeks | vaccination coverage about 19%,8.0,1.0,30.0,26.69683257918552,0.0,0.1873399832768978,0.5,25.78616352201121,,0.0,0
A22,137,2025-08-18,10.0,Low,Adequate,12 farmer symptom reports in the last 2 weeks | 2 suspected cases reported by vets this week | 90 weeks since last vaccination campaign | 1 confirmed outbreaks in nearby sub-counties (last 4 weeks),outbreak declared here in the last 8 weeks | cattle arrivals +4% compared with recent weeks,4.0,2.0,24.0,4.0358744394618835,0.0,0.1845298835277443,3.2,20.022434099831468,,0.0,0
A22,138,2025-08-25,18.0,Low,Adequate,14 farmer symptom reports in the last 2 weeks | 37 cattle arrived from other sub-counties | 3 suspected cases reported by vets this week | 91 weeks since last vaccination campaign,outbreak declared here in the last 8 weeks | cattle arrivals +90% compared with recent weeks,10.0,3.0,51.0,89.83050847457628,0.0,0.1817619352748281,1.5,16.639027086788303,Cattle arrivals unusually high (+90% on recent weeks),0.0,0
A22,139,2025-09-01,13.0,Low,Adequate,"15 farmer symptom reports in the last 2 weeks | 2 suspected cases reported by vets this week | hotter, drier air than normal (high evaporation) | 23 cattle arrived from other sub-counties",outbreak declared here in the last 8 weeks | cattle arrivals -16% compared with recent weeks,5.0,2.0,23.0,-16.417910447761194,3.0,0.1790355062457057,0.6,10.563765736179333,,0.0,0
A22,140,2025-09-08,40.0,Elevated,Adequate,6 farmer symptom reports in the last 2 weeks | 2 suspected cases reported by vets this week | 21 cattle arrived from other sub-counties | 93 weeks since last vaccination campaign,outbreak declared here in the last 8 weeks | cattle arrivals -22% compared with recent weeks,1.0,2.0,21.0,-22.388059701492537,3.0,0.1763499736520201,2.3,17.093570308416112,,0.0,0
A22,141,2025-09-15,12.0,Low,Adequate,4 farmer symptom reports in the last 2 weeks | 94 weeks since last vaccination campaign | 3 farmer symptom reports this week | 1 confirmed outbreaks in nearby sub-counties (last 4 weeks),outbreak declared here in the last 8 weeks | vaccination coverage about 17%,3.0,1.0,17.0,-29.03225806451613,0.0,0.1737047240472398,1.7,16.21093750000032,,0.0,0
A22,142,2025-09-22,31.0,Low,Adequate,"3 farmer symptom reports in the last 2 weeks | hotter, drier air than normal (high evaporation) | seasonal timing | symptom reports at or below normal",outbreak declared here in the last 8 weeks | vaccination coverage about 17%,0.0,0.0,35.0,32.780082987551864,14.0,0.1710991531865312,1.1,8.685104318291957,,0.0,0
A22,143,2025-09-29,33.0,Low,Adequate,"seasonal timing | hotter, drier air than normal (high evaporation) | symptom reports at or below normal | 96 weeks since last vaccination campaign",outbreak declared here in the last 8 weeks | 0 farmer symptom reports in the last 2 weeks,0.0,0.0,3.0,-75.75757575757575,14.0,0.1685326658887333,0.7000000000000001,-0.4149377593362475,,0.0,0
A22,144,2025-10-06,42.0,Elevated,Adequate,no outbreak declared here in the last 8 weeks | 97 weeks since last vaccination campaign | symptom reports at or below normal | seasonal timing,vaccination coverage about 17% | cattle arrivals -8% compared with recent weeks,1.0,0.0,23.0,-8.19672131147541,0.0,0.1660046759004023,3.3000000000000003,3.433658329800544,,0.0,1
A22,145,2025-10-13,47.0,Elevated,Adequate,symptom reports at or below normal | no outbreak declared here in the last 8 weeks | 4 cattle recorded arriving this week | 98 weeks since last vaccination campaign,vaccination coverage about 16% | 4 cattle arrived from other sub-counties,0.0,0.0,4.0,-69.62025316455697,0.0,0.1635146057618962,1.3,-9.927942353883672,,0.0,1
A22,146,2025-10-20,45.0,Elevated,Adequate,"no recent vaccination campaign | symptom reports at or below normal | no outbreak declared here in the last 8 weeks | hotter, drier air than normal (high evaporation)",0 farmer symptom reports in the last 2 weeks | seasonal timing,0.0,0.0,20.0,-7.834101382488479,0.0,0.1610618866754678,0.0,-32.236205227493244,,1.0,0
A22,147,2025-10-27,4.0,Low,Adequate,no recent vaccination campaign | 1 confirmed outbreaks in nearby sub-counties (last 4 weeks) | moderate cattle density | 28 cattle arrived from other sub-counties,outbreak declared here in the last 8 weeks | 0 farmer symptom reports in the last 2 weeks,0.0,0.0,28.0,41.935483870967744,22.0,0.1586459583753358,38.7,41.8286537077033,,0.0,0
A22,148,2025-11-03,8.0,Low,Adequate,"no recent vaccination campaign | 3 cattle recorded arriving this week | cattle arrivals -66% compared with recent weeks | hotter, drier air than normal (high evaporation)",outbreak declared here in the last 8 weeks | 0 farmer symptom reports in the last 2 weeks,0.0,1.0,3.0,-66.49214659685863,22.0,0.1562662689997057,21.4,42.18181818181856,,0.0,0
A22,149,2025-11-10,17.0,Low,Adequate,"no recent vaccination campaign | hotter, drier air than normal (high evaporation) | cattle arrivals +150% compared with recent weeks | 1 vet-reported suspected cases in the last 2 weeks",outbreak declared here in the last 8 weeks | 0 farmer symptom reports in the last 2 weeks,0.0,0.0,49.0,149.71098265895955,20.0,0.1554475179912906,3.9,11.837529559048871,,0.0,0
A22,150,2025-11-17,7.0,Low,Adequate,"no recent vaccination campaign | major livestock market in the area | 1 confirmed outbreaks in nearby sub-counties (last 4 weeks) | hotter, drier air than normal (high evaporation)",outbreak declared here in the last 8 weeks | cattle arrivals +1% compared with recent weeks,0.0,0.0,21.0,1.4634146341463417,20.0,0.1554475179912906,4.2,-26.288841807909314,,0.0,0
A22,151,2025-11-24,8.0,Low,Adequate,no recent vaccination campaign | vaccination coverage about 16% | cattle arrivals +210% compared with recent weeks | moderate cattle density,outbreak declared here in the last 8 weeks | 0 farmer symptom reports in the last 2 weeks,0.0,0.0,69.0,209.9476439790576,0.0,0.1554475179912906,2.6,-33.58737071311905,Cattle arrivals unusually high (+210% on recent weeks),0.0,0
A22,152,2025-12-01,9.0,Low,Adequate,"no recent vaccination campaign | hotter, drier air than normal (high evaporation) | 1 confirmed outbreaks in nearby sub-counties (last 4 weeks) | vaccination coverage about 16%",outbreak declared here in the last 8 weeks | 0 farmer symptom reports in the last 2 weeks,0.0,0.0,58.0,96.10894941634241,0.0,0.1554475179912906,0.8,-39.92753623188389,,0.0,0
A22,153,2025-12-08,3.0,Low,Adequate,"hotter, drier air than normal (high evaporation) | 1 confirmed outbreaks in nearby sub-counties (last 4 weeks) | vaccination coverage about 52% | 91 cattle recorded arriving this week",outbreak declared here in the last 8 weeks | 0 farmer symptom reports in the last 2 weeks,0.0,0.0,91.0,163.013698630137,0.0,0.5182968551563236,2.6,-42.50990031407883,,0.0,0
A23,104,2024-12-30,21.0,Low,Low data,57 weeks since last vaccination campaign | no outbreak declared here in the last 8 weeks | moderate cattle density | vaccination coverage about 35%,0 farmer symptom reports in the last 2 weeks | seasonal timing,0.0,0.0,0.0,-82.30088495575221,0.0,0.3526881401411331,0.2,46.192893401015056,,0.0,0
A23,105,2025-01-06,32.0,Low,Low data,58 weeks since last vaccination campaign | no outbreak declared here in the last 8 weeks | moderate cattle density | vaccination coverage about 35%,0 farmer symptom reports in the last 2 weeks | seasonal timing,0.0,0.0,0.0,-79.69543147208121,0.0,0.3473978180390161,0.0,9.93737317900202,,0.0,0
A23,106,2025-01-13,42.0,Elevated,Low data,"59 weeks since last vaccination campaign | no outbreak declared here in the last 8 weeks | hotter, drier air than normal (high evaporation) | cattle arrivals +52% compared with recent weeks",0 farmer symptom reports in the last 2 weeks | border area with cross-border movement,0.0,0.0,28.0,51.724137931034484,0.0,0.3421868507684308,0.0,-3.261246102835684,,0.0,0
A23,107,2025-01-20,49.0,Elevated,Low data,no outbreak declared here in the last 8 weeks | 2 farmer symptom reports in the last 2 weeks | 60 weeks since last vaccination campaign | 2 farmer symptom reports this week,0 confirmed outbreaks in nearby sub-counties (last 4 weeks) | border area with cross-border movement,2.0,0.0,0.0,-78.26086956521739,0.0,0.3370540480069044,0.0,-68.20929598093122,,0.0,0
A23,108,2025-01-27,53.0,Elevated,Low data,61 weeks since last vaccination campaign | no outbreak declared here in the last 8 weeks | 2 farmer symptom reports in the last 2 weeks | cattle arrivals +247% compared with recent weeks,0 confirmed outbreaks in nearby sub-counties (last 4 weeks) | border area with cross-border movement,0.0,0.0,60.0,246.66666666666669,0.0,0.3319982372868008,0.0,-62.92927385998905,,0.0,0
A23,109,2025-02-03,40.0,Elevated,Low data,62 weeks since last vaccination campaign | no outbreak declared here in the last 8 weeks | 1 confirmed outbreaks in nearby sub-counties (last 4 weeks) | seasonal timing,0 farmer symptom reports in the last 2 weeks | border area with cross-border movement,0.0,0.0,7.0,-51.02040816326531,0.0,0.3270182637274988,0.0,-55.00104164255436,,0.0,0
A23,110,2025-02-10,41.0,Elevated,Low data,"63 weeks since last vaccination campaign | no outbreak declared here in the last 8 weeks | 1 confirmed outbreaks in nearby sub-counties (last 4 weeks) | cooler, less evaporative conditions than normal",0 farmer symptom reports in the last 2 weeks | border area with cross-border movement,0.0,0.0,26.0,69.86301369863014,0.0,0.3221129897715863,2.0,-32.20544907815156,,0.0,0
A23,111,2025-02-17,26.0,Low,Low data,64 weeks since last vaccination campaign | no outbreak declared here in the last 8 weeks | 1 confirmed outbreaks in nearby sub-counties (last 4 weeks) | seasonal timing,0 farmer symptom reports in the last 2 weeks | border area with cross-border movement,0.0,0.0,8.0,-39.53488372093023,0.0,0.3172812949250125,0.0,-25.55932203389814,,0.0,0
A23,112,2025-02-24,33.0,Low,Low data,65 weeks since last vaccination campaign | no outbreak declared here in the last 8 weeks | 1 confirmed outbreaks in nearby sub-counties (last 4 weeks) | moderate cattle density,0 farmer symptom reports in the last 2 weeks | border area with cross-border movement,0.0,0.0,0.0,-76.33136094674556,0.0,0.3125220755011373,0.0,-36.7088607594938,,0.0,0
A23,113,2025-03-03,26.0,Low,Low data,"66 weeks since last vaccination campaign | no outbreak declared here in the last 8 weeks | vaccination coverage about 31% | cooler, less evaporative conditions than normal",0 farmer symptom reports in the last 2 weeks | seasonal timing,0.0,0.0,3.0,-62.1301775147929,0.0,0.3078342443686202,0.4,-36.27954779033939,,0.0,0
A23,114,2025-03-10,22.0,Low,Low data,67 weeks since last vaccination campaign | no outbreak declared here in the last 8 weeks | 4 cattle recorded arriving this week | vaccination coverage about 30%,0 farmer symptom reports in the last 2 weeks | seasonal timing,0.0,0.0,4.0,-58.139534883720934,0.0,0.3032167307030909,3.7,-29.847494553376947,,0.0,0
A23,115,2025-03-17,7.0,Low,Low data,68 weeks since last vaccination campaign | no outbreak declared here in the last 8 weeks | 1 suspected cases reported by vets this week | 1 vet-reported suspected cases in the last 2 weeks,"0 farmer symptom reports in the last 2 weeks | cooler, less evaporative conditions than normal",0.0,1.0,27.0,72.97297297297297,0.0,0.2986684797425445,28.3,76.05075337034071,,0.0,0
A23,116,2025-03-24,16.0,Low,Low data,69 weeks since last vaccination campaign | no outbreak declared here in the last 8 weeks | 1 vet-reported suspected cases in the last 2 weeks | cattle arrivals +42% compared with recent weeks,"0 farmer symptom reports in the last 2 weeks | cooler, less evaporative conditions than normal",0.0,0.0,26.0,41.714285714285715,0.0,0.2941884525464064,39.8,100.90670484371216,,0.0,0
A23,117,2025-03-31,16.0,Low,Low data,70 weeks since last vaccination campaign | no outbreak declared here in the last 8 weeks | seasonal timing | vaccination coverage about 29%,0 farmer symptom reports in the last 2 weeks | 0 confirmed outbreaks in nearby sub-counties (last 4 weeks),0.0,0.0,14.0,7.801418439716312,0.0,0.2897756257582103,23.5,96.96415508412548,,0.0,0
A23,118,2025-04-07,14.0,Low,Low data,71 weeks since last vaccination campaign | no outbreak declared here in the last 8 weeks | cattle arrivals +208% compared with recent weeks | rainfall 69% above normal over the last 8 weeks,0 farmer symptom reports in the last 2 weeks | 0 confirmed outbreaks in nearby sub-counties (last 4 weeks),0.0,0.0,52.0,208.10810810810813,0.0,0.2854289913718371,5.199999999999999,68.64355231143522,,0.0,0
A23,119,2025-04-14,7.0,Low,Low data,72 weeks since last vaccination campaign | no outbreak declared here in the last 8 weeks | 0 cattle arrived from other sub-counties | rainfall 58% above normal over the last 8 weeks,0 farmer symptom reports in the last 2 weeks | seasonal timing,0.0,0.0,40.0,106.89655172413792,0.0,0.2811475565012595,21.1,58.06490240689705,,0.0,0
A23,120,2025-04-21,7.0,Low,Low data,73 weeks since last vaccination campaign | no outbreak declared here in the last 8 weeks | 23 cattle recorded arriving this week | rainfall 65% above normal over the last 8 weeks,"0 farmer symptom reports in the last 2 weeks | cooler, less evaporative conditions than normal",0.0,0.0,23.0,8.737864077669903,0.0,0.2769303431537406,24.7,64.8085822465291,,0.0,0
A23,121,2025-04-28,8.0,Low,Low data,"74 weeks since last vaccination campaign | no outbreak declared here in the last 8 weeks | hotter, drier air than normal (high evaporation) | rainfall 68% above normal over the last 8 weeks",0 farmer symptom reports in the last 2 weeks | border area with cross-border movement,0.0,0.0,42.0,64.19213973799127,0.0,0.2727763880064345,17.7,67.58162380814787,,0.0,0
A23,122,2025-05-05,9.0,Low,Low data,75 weeks since last vaccination campaign | no outbreak declared here in the last 8 weeks | 19 cattle arrived from other sub-counties | 19 cattle recorded arriving this week,"0 farmer symptom reports in the last 2 weeks | cooler, less evaporative conditions than normal",0.0,0.0,19.0,-28.35820895522388,0.0,0.268684742186338,22.0,84.69074145217053,,0.0,0
A23,123,2025-05-12,20.0,Low,Low data,76 weeks since last vaccination campaign | no outbreak declared here in the last 8 weeks | cattle arrivals +13% compared with recent weeks | 1 farmer symptom reports this week,1 farmer symptom reports in the last 2 weeks | border area with cross-border movement,1.0,0.0,35.0,13.074204946996467,5.0,0.2646544710535429,3.0,59.854503685268455,,0.0,0
A23,124,2025-05-19,13.0,Low,Low data,"no outbreak declared here in the last 8 weeks | 4 cattle recorded arriving this week | 77 weeks since last vaccination campaign | hotter, drier air than normal (high evaporation)",0 confirmed outbreaks in nearby sub-counties (last 4 weeks) | 1 farmer symptom reports in the last 2 weeks,0.0,0.0,4.0,-75.25773195876289,5.0,0.2606846539877398,1.7999999999999998,44.55401165396682,,0.0,0
A23,125,2025-05-26,5.0,Low,Low data,78 weeks since last vaccination campaign | no outbreak declared here in the last 8 weeks | moderate cattle density | 0 cattle arrived from areas with recent outbreaks,0 farmer symptom reports in the last 2 weeks | cattle arrivals +4% compared with recent weeks,0.0,0.0,30.0,4.089219330855019,0.0,0.2567743841779237,6.5,40.38606166959142,,0.0,0
A23,126,2025-06-02,8.0,Low,Low data,79 weeks since last vaccination campaign | no outbreak declared here in the last 8 weeks | cattle arrivals -38% compared with recent weeks | 17 cattle recorded arriving this week,0 farmer symptom reports in the last 2 weeks | 0 confirmed outbreaks in nearby sub-counties (last 4 weeks),0.0,0.0,17.0,-38.24561403508772,0.0,0.2529227684152548,4.0,59.424460431654616,,0.0,0
A23,127,2025-06-09,9.0,Low,Low data,80 weeks since last vaccination campaign | no outbreak declared here in the last 8 weeks | cattle arrivals +50% compared with recent weeks | rainfall 86% above normal over the last 8 weeks,0 farmer symptom reports in the last 2 weeks | 0 confirmed outbreaks in nearby sub-counties (last 4 weeks),0.0,0.0,42.0,50.4,0.0,0.249128926889026,8.5,86.4085041761582,,0.0,0
A23,128,2025-06-16,16.0,Low,Low data,81 weeks since last vaccination campaign | cattle arrivals -84% compared with recent weeks | no outbreak declared here in the last 8 weeks | seasonal timing,0 farmer symptom reports in the last 2 weeks | 0 confirmed outbreaks in nearby sub-counties (last 4 weeks),0.0,0.0,0.0,-84.12698412698413,0.0,0.2453919929856906,2.9,94.0071102082278,,0.0,0
A23,129,2025-06-23,7.0,Low,Low data,82 weeks since last vaccination campaign | rainfall 111% above normal over the last 8 weeks | no outbreak declared here in the last 8 weeks | seasonal timing,"0 farmer symptom reports in the last 2 weeks | cooler, less evaporative conditions than normal",0.0,0.0,7.0,-58.07860262008734,0.0,0.2417111130909052,4.800000000000001,111.10372340425585,,0.0,0
A23,130,2025-06-30,14.0,Low,Low data,seasonal timing | no outbreak declared here in the last 8 weeks | 83 weeks since last vaccination campaign | 17 cattle recorded arriving this week,0 farmer symptom reports in the last 2 weeks | cattle arrivals -9% compared with recent weeks,0.0,0.0,17.0,-9.278350515463918,0.0,0.240412030815451,2.6,75.62724014336871,,0.0,0
A23,131,2025-07-07,11.0,Low,Low data,"84 weeks since last vaccination campaign | no outbreak declared here in the last 8 weeks | hotter, drier air than normal (high evaporation) | seasonal timing",0 farmer symptom reports in the last 2 weeks | border area with cross-border movement,0.0,0.0,45.0,108.33333333333333,0.0,0.240412030815451,2.0,82.24101479915325,,0.0,0
A23,132,2025-07-14,24.0,Low,Low data,85 weeks since last vaccination campaign | no outbreak declared here in the last 8 weeks | seasonal timing | 17 cattle arrived from other sub-counties,0 farmer symptom reports in the last 2 weeks | 0 confirmed outbreaks in nearby sub-counties (last 4 weeks),0.0,0.0,17.0,-12.871287128712872,0.0,0.240412030815451,0.3,81.18466898954637,,0.0,0
A23,133,2025-07-21,18.0,Low,Low data,5 cattle recorded arriving this week | 86 weeks since last vaccination campaign | no outbreak declared here in the last 8 weeks | seasonal timing,0 farmer symptom reports in the last 2 weeks | 0 confirmed outbreaks in nearby sub-counties (last 4 weeks),0.0,0.0,5.0,-62.7906976744186,0.0,0.240412030815451,0.3,75.94433399602313,,0.0,0
A23,134,2025-07-28,27.0,Low,Low data,no outbreak declared here in the last 8 weeks | 87 weeks since last vaccination campaign | 21 cattle arrived from other sub-counties | 21 cattle recorded arriving this week,cattle arrivals +9% compared with recent weeks | 0 confirmed outbreaks in nearby sub-counties (last 4 weeks),1.0,0.0,21.0,9.473684210526317,0.0,0.240412030815451,1.6,61.44814090019505,,0.0,0
A23,135,2025-08-04,28.0,Low,Low data,no outbreak declared here in the last 8 weeks | 1 confirmed outbreaks in nearby sub-counties (last 4 weeks) | 88 weeks since last vaccination campaign | cattle arrivals -79% compared with recent weeks,vaccination coverage about 24% | 1 farmer symptom reports in the last 2 weeks,0.0,0.0,0.0,-79.38144329896907,0.0,0.240412030815451,0.6,22.558593749999016,,0.0,0
A23,136,2025-08-11,42.0,Elevated,Low data,"89 weeks since last vaccination campaign | 2 confirmed outbreaks in nearby sub-counties (last 4 weeks) | no outbreak declared here in the last 8 weeks | cooler, less evaporative conditions than normal",0 farmer symptom reports in the last 2 weeks | vaccination coverage about 24%,0.0,0.0,19.0,26.31578947368421,0.0,0.240412030815451,0.3,11.717974180733304,,0.0,0
A23,137,2025-08-18,41.0,Elevated,Low data,90 weeks since last vaccination campaign | no outbreak declared here in the last 8 weeks | 2 confirmed outbreaks in nearby sub-counties (last 4 weeks) | cattle arrivals +17% compared with recent weeks,0 farmer symptom reports in the last 2 weeks | border area with cross-border movement,0.0,0.0,20.0,16.95906432748538,0.0,0.240412030815451,2.0,-0.7556675062988363,,0.0,0
A23,138,2025-08-25,26.0,Low,Low data,no outbreak declared here in the last 8 weeks | 91 weeks since last vaccination campaign | 2 confirmed outbreaks in nearby sub-counties (last 4 weeks) | 1 farmer symptom reports this week,vaccination coverage about 24% | 1 farmer symptom reports in the last 2 weeks,1.0,0.0,33.0,65.21739130434783,0.0,0.240412030815451,0.9,-8.536585365854053,,0.0,0
A23,139,2025-09-01,64.0,Elevated,Low data,no outbreak declared here in the last 8 weeks | 2 farmer symptom reports in the last 2 weeks | 2 confirmed outbreaks in nearby sub-counties (last 4 weeks) | 92 weeks since last vaccination campaign,vaccination coverage about 24% | border area with cross-border movement,1.0,0.0,23.0,12.0,23.0,0.240412030815451,0.8,-10.352187833511618,,0.0,0
A23,140,2025-09-08,42.0,Elevated,Low data,no outbreak declared here in the last 8 weeks | 93 weeks since last vaccination campaign | 1 confirmed outbreaks in nearby sub-counties (last 4 weeks) | seasonal timing,border area with cross-border movement | 1 farmer symptom reports in the last 2 weeks,0.0,0.0,23.0,25.842696629213485,23.0,0.240412030815451,3.4,7.917570498915673,,0.0,0
A23,141,2025-09-15,33.0,Low,Low data,no outbreak declared here in the last 8 weeks | 1 confirmed outbreaks in nearby sub-counties (last 4 weeks) | 94 weeks since last vaccination campaign | seasonal timing,cattle arrivals +0% compared with recent weeks | vaccination coverage about 24%,1.0,0.0,18.0,0.0,0.0,0.240412030815451,1.5,9.724388975559094,,0.0,0
A23,142,2025-09-22,54.0,Elevated,Low data,2 farmer symptom reports in the last 2 weeks | no outbreak declared here in the last 8 weeks | 1 confirmed outbreaks in nearby sub-counties (last 4 weeks) | seasonal timing,vaccination coverage about 24% | rainfall close to normal over the last 8 weeks,1.0,0.0,0.0,-79.69543147208121,0.0,0.240412030815451,1.1,5.858170606371998,,0.0,0
A23,143,2025-09-29,37.0,Low,Low data,"seasonal timing | no outbreak declared here in the last 8 weeks | 96 weeks since last vaccination campaign | hotter, drier air than normal (high evaporation)",0 confirmed outbreaks in nearby sub-counties (last 4 weeks) | vaccination coverage about 24%,0.0,0.0,32.0,68.18181818181817,0.0,0.240412030815451,0.3,0.4950495049506093,,0.0,0
A23,144,2025-10-06,40.0,Elevated,Low data,4 cattle recorded arriving this week | seasonal timing | 97 weeks since last vaccination campaign | no outbreak declared here in the last 8 weeks,0 farmer symptom reports in the last 2 weeks | vaccination coverage about 24%,0.0,0.0,4.0,-65.38461538461539,0.0,0.240412030815451,6.3,20.97516099356063,,0.0,0
A23,145,2025-10-13,11.0,Low,Low data,98 weeks since last vaccination campaign | no outbreak declared here in the last 8 weeks | seasonal timing | moderate cattle density,0 farmer symptom reports in the last 2 weeks | 0 confirmed outbreaks in nearby sub-counties (last 4 weeks),0.0,0.0,7.0,-50.259067357512954,0.0,0.240412030815451,0.1,4.051172707888847,,0.0,0
A23,146,2025-10-20,37.0,Low,Low data,"no recent vaccination campaign | no outbreak declared here in the last 8 weeks | 1 confirmed outbreaks in nearby sub-counties (last 4 weeks) | hotter, drier air than normal (high evaporation)",seasonal timing | 1 farmer symptom reports in the last 2 weeks,1.0,0.0,74.0,251.11111111111111,0.0,0.240412030815451,0.1,-20.431557653406248,Cattle arrivals unusually high (+251% on recent weeks),0.0,0
A23,147,2025-10-27,15.0,Low,Low data,no outbreak declared here in the last 8 weeks | no recent vaccination campaign | 2 confirmed outbreaks in nearby sub-counties (last 4 weeks) | cattle arrivals -82% compared with recent weeks,seasonal timing | vaccination coverage about 24%,0.0,0.0,0.0,-81.90045248868778,0.0,0.240412030815451,14.0,-9.64890743923469,,0.0,0
A23,148,2025-11-03,33.0,Low,Low data,"no recent vaccination campaign | hotter, drier air than normal (high evaporation) | no outbreak declared here in the last 8 weeks | 2 confirmed outbreaks in nearby sub-counties (last 4 weeks)",0 farmer symptom reports in the last 2 weeks | seasonal timing,0.0,0.0,13.0,-27.27272727272727,0.0,0.240412030815451,5.800000000000001,-28.66242038216641,,0.0,0
A23,149,2025-11-10,40.0,Elevated,Low data,no recent vaccination campaign | no outbreak declared here in the last 8 weeks | 2 confirmed outbreaks in nearby sub-counties (last 4 weeks) | seasonal timing,0 farmer symptom reports in the last 2 weeks | border area with cross-border movement,0.0,0.0,45.0,112.7659574468085,0.0,0.240412030815451,2.2,-46.89912163960655,,0.0,0
A23,150,2025-11-17,21.0,Low,Low data,"no recent vaccination campaign | no outbreak declared here in the last 8 weeks | 1 confirmed outbreaks in nearby sub-counties (last 4 weeks) | hotter, drier air than normal (high evaporation)",0 farmer symptom reports in the last 2 weeks | rainfall 59% below normal over the last 8 weeks,0.0,0.0,42.0,74.88372093023256,21.0,0.240412030815451,2.7,-59.173635022135,,0.0,0
A23,151,2025-11-24,9.0,Low,Low data,no recent vaccination campaign | no outbreak declared here in the last 8 weeks | seasonal timing | 24 cattle recorded arriving this week,0 farmer symptom reports in the last 2 weeks | 0 confirmed outbreaks in nearby sub-counties (last 4 weeks),0.0,0.0,24.0,-9.72762645914397,21.0,0.240412030815451,2.2,-63.05754170922723,,0.0,0
A23,152,2025-12-01,44.0,Elevated,Low data,no recent vaccination campaign | 1 confirmed outbreaks in nearby sub-counties (last 4 weeks) | no outbreak declared here in the last 8 weeks | rainfall 70% below normal over the last 8 weeks,1 farmer symptom reports in the last 2 weeks | border area with cross-border movement,1.0,0.0,37.0,34.93975903614458,0.0,0.240412030815451,0.1,-69.57304106003616,,0.0,0
A23,153,2025-12-08,40.0,Elevated,Low data,no outbreak declared here in the last 8 weeks | 1 confirmed outbreaks in nearby sub-counties (last 4 weeks) | vaccination coverage about 56% | rainfall 63% below normal over the last 8 weeks,0 weeks since last vaccination campaign | 1 farmer symptom reports in the last 2 weeks,0.0,0.0,20.0,-29.078014184397162,0.0,0.5601139764940505,9.6,-63.43850309246084,,0.0,0
A24,104,2024-12-30,12.0,Low,Low data,57 weeks since last vaccination campaign | no outbreak declared here in the last 8 weeks,0 farmer symptom reports in the last 2 weeks | border area with cross-border movement,0.0,0.0,30.0,84.21052631578947,0.0,0.2855114226349912,0.3999999999999999,-16.062606768548683,,0.0,0
A24,105,2025-01-06,14.0,Low,Low data,58 weeks since last vaccination campaign | no outbreak declared here in the last 8 weeks | 1 farmer symptom reports this week | symptom reports well above this area's normal level,1 farmer symptom reports in the last 2 weeks | seasonal timing,1.0,0.0,0.0,-77.27272727272727,0.0,0.2812287512954664,0.0,-33.907422423736975,,0.0,0
A24,106,2025-01-13,12.0,Low,Low data,59 weeks since last vaccination campaign | no outbreak declared here in the last 8 weeks | rainfall 31% below normal over the last 8 weeks | seasonal timing,1 farmer symptom reports in the last 2 weeks | 0 confirmed outbreaks in nearby sub-counties (last 4 weeks),0.0,0.0,0.0,-77.27272727272727,0.0,0.2770103200260344,0.2,-31.42546818944784,,0.0,0
A24,107,2025-01-20,10.0,Low,Low data,60 weeks since last vaccination campaign | no outbreak declared here in the last 8 weeks | rainfall 59% below normal over the last 8 weeks | seasonal timing,0 farmer symptom reports in the last 2 weeks | 0 confirmed outbreaks in nearby sub-counties (last 4 weeks),0.0,0.0,15.0,-9.090909090909092,0.0,0.2728551652256438,0.0,-58.534484485486736,,0.0,0
A24,108,2025-01-27,17.0,Low,Low data,61 weeks since last vaccination campaign | no outbreak declared here in the last 8 weeks | 3 cattle recorded arriving this week | cattle arrivals -66% compared with recent weeks,0 farmer symptom reports in the last 2 weeks | 0 confirmed outbreaks in nearby sub-counties (last 4 weeks),0.0,0.0,3.0,-66.49214659685863,0.0,0.2687623377472591,2.0,-42.52573960641166,,0.0,0
A24,109,2025-02-03,22.0,Low,Low data,"62 weeks since last vaccination campaign | no outbreak declared here in the last 8 weeks | hotter, drier air than normal (high evaporation) | seasonal timing",1 farmer symptom reports in the last 2 weeks | 0 confirmed outbreaks in nearby sub-counties (last 4 weeks),1.0,0.0,8.0,-44.086021505376344,0.0,0.2647309026810502,0.0,-56.68999865392333,,0.0,0
A24,110,2025-02-10,46.0,Elevated,Low data,2 farmer symptom reports in the last 2 weeks | no outbreak declared here in the last 8 weeks | 63 weeks since last vaccination campaign | 20 cattle arrived from other sub-counties,0 confirmed outbreaks in nearby sub-counties (last 4 weeks) | border area with cross-border movement,1.0,0.0,20.0,37.93103448275862,0.0,0.2607599391408345,2.1,-35.98103141671572,,0.0,0
A24,111,2025-02-17,18.0,Low,Low data,"64 weeks since last vaccination campaign | no outbreak declared here in the last 8 weeks | seasonal timing | hotter, drier air than normal (high evaporation)",1 farmer symptom reports in the last 2 weeks | 0 confirmed outbreaks in nearby sub-counties (last 4 weeks),0.0,0.0,0.0,-65.51724137931035,0.0,0.256848540053722,0.0,-34.378255046872624,,0.0,0
A24,112,2025-02-24,5.0,Low,Low data,"65 weeks since last vaccination campaign | no outbreak declared here in the last 8 weeks | seasonal timing | hotter, drier air than normal (high evaporation)",0 farmer symptom reports in the last 2 weeks | cattle arrivals -24% compared with recent weeks,0.0,0.0,6.0,-24.137931034482758,0.0,0.2529958119529161,0.2,-43.1595452763622,,0.0,0
A24,113,2025-03-03,7.0,Low,Low data,"66 weeks since last vaccination campaign | no outbreak declared here in the last 8 weeks | hotter, drier air than normal (high evaporation) | 1 farmer symptom reports this week",seasonal timing | seasonal timing,1.0,0.0,14.0,65.21739130434783,0.0,0.2492008747736224,0.2,-42.86824718227711,,0.0,0
A24,114,2025-03-10,6.0,Low,Low data,"67 weeks since last vaccination campaign | no outbreak declared here in the last 8 weeks | hotter, drier air than normal (high evaporation) | symptom reports at or below normal",seasonal timing | seasonal timing,0.0,0.0,23.0,111.32075471698113,0.0,0.245462861652018,0.5,-48.524365133836426,,0.0,0
A24,115,2025-03-17,6.0,Low,Low data,68 weeks since last vaccination campaign | 5 cattle recorded arriving this week | no outbreak declared here in the last 8 weeks | cattle arrivals -38% compared with recent weeks,seasonal timing | 0 farmer symptom reports in the last 2 weeks,0.0,0.0,5.0,-37.98449612403101,0.0,0.2417809187272377,21.3,9.86682808716743,,0.0,0
A24,116,2025-03-24,4.0,Low,Low data,69 weeks since last vaccination campaign | no outbreak declared here in the last 8 weeks | 4 cattle recorded arriving this week | seasonal timing,"cooler, less evaporative conditions than normal | 0 farmer symptom reports in the last 2 weeks",0.0,0.0,4.0,-39.49579831932773,0.0,0.2381542049463292,55.3,108.90650501282391,,0.0,0
A24,117,2025-03-31,37.0,Low,Low data,rainfall 124% above normal over the last 8 weeks | 70 weeks since last vaccination campaign | no outbreak declared here in the last 8 weeks | 23 cattle arrived from other sub-counties,"0 farmer symptom reports in the last 2 weeks | cooler, less evaporative conditions than normal",0.0,0.0,23.0,86.66666666666667,0.0,0.2345818918721342,27.0,123.50009584052135,,0.0,0
A24,118,2025-04-07,12.0,Low,Low data,71 weeks since last vaccination campaign | no outbreak declared here in the last 8 weeks | 22 cattle arrived from other sub-counties | 22 cattle recorded arriving this week,0 farmer symptom reports in the last 2 weeks | seasonal timing,0.0,0.0,22.0,60.0,0.0,0.2310631634940522,17.6,107.76973891160752,,0.0,0
A24,119,2025-04-14,4.0,Low,Low data,"72 weeks since last vaccination campaign | no outbreak declared here in the last 8 weeks | hotter, drier air than normal (high evaporation)",0 farmer symptom reports in the last 2 weeks | seasonal timing,0.0,0.0,0.0,-70.8029197080292,0.0,0.2275972160416414,14.4,96.93507191826862,,0.0,0
A24,120,2025-04-21,3.0,Low,Low data,73 weeks since last vaccination campaign | no outbreak declared here in the last 8 weeks | cattle arrivals -71% compared with recent weeks,0 farmer symptom reports in the last 2 weeks | seasonal timing,0.0,0.0,0.0,-70.8029197080292,0.0,0.2241832578010168,36.8,109.35284701577844,,0.0,0
A24,121,2025-04-28,17.0,Low,Low data,74 weeks since last vaccination campaign | no outbreak declared here in the last 8 weeks | 39 cattle arrived from other sub-counties | vaccination coverage about 22%,0 farmer symptom reports in the last 2 weeks | 0 confirmed outbreaks in nearby sub-counties (last 4 weeks),0.0,0.0,66.0,333.587786259542,0.0,0.2208205089340015,6.0,61.9513031550066,Cattle arrivals unusually high (+334% on recent weeks),0.0,0
A24,122,2025-05-05,14.0,Low,Low data,no outbreak declared here in the last 8 weeks | 75 weeks since last vaccination campaign | 1 farmer symptom reports this week | cattle arrivals -78% compared with recent weeks,vaccination coverage about 22% | 0 confirmed outbreaks in nearby sub-counties (last 4 weeks),1.0,0.0,0.0,-78.14207650273224,0.0,0.2175082012999915,16.0,66.50374714890819,,0.0,0
A24,123,2025-05-12,40.0,Elevated,Low data,1 suspected cases reported by vets this week | no outbreak declared here in the last 8 weeks | 1 vet-reported suspected cases in the last 2 weeks | 76 weeks since last vaccination campaign,0 confirmed outbreaks in nearby sub-counties (last 4 weeks) | vaccination coverage about 21%,0.0,1.0,36.0,105.0,0.0,0.2142455782804916,7.7,51.83829380868998,,0.0,0
A24,124,2025-05-19,5.0,Low,Low data,no outbreak declared here in the last 8 weeks | 77 weeks since last vaccination campaign | 1 vet-reported suspected cases in the last 2 weeks | rainfall 16% above normal over the last 8 weeks,0 farmer symptom reports in the last 2 weeks | 0 confirmed outbreaks in nearby sub-counties (last 4 weeks),0.0,0.0,17.0,-7.853403141361256,0.0,0.2110318946062843,4.3,15.862754848334044,,0.0,0
A24,125,2025-05-26,14.0,Low,Low data,"no outbreak declared here in the last 8 weeks | 78 weeks since last vaccination campaign | hotter, drier air than normal (high evaporation) | cattle arrivals -37% compared with recent weeks",vaccination coverage about 21% | 0 confirmed outbreaks in nearby sub-counties (last 4 weeks),1.0,0.0,11.0,-37.254901960784316,0.0,0.20786641618719,8.3,2.845010615711175,,0.0,0
A24,126,2025-06-02,6.0,Low,Low data,"no outbreak declared here in the last 8 weeks | 79 weeks since last vaccination campaign | 21 cattle recorded arriving this week | cooler, less evaporative conditions than normal",cattle arrivals +8% compared with recent weeks | 0 confirmed outbreaks in nearby sub-counties (last 4 weeks),0.0,0.0,21.0,8.333333333333332,0.0,0.2047484199443822,10.8,6.197156926507442,,0.0,0
A24,127,2025-06-09,5.0,Low,Low data,80 weeks since last vaccination campaign | no outbreak declared here in the last 8 weeks | seasonal timing | 16 cattle recorded arriving this week,0 farmer symptom reports in the last 2 weeks | 0 confirmed outbreaks in nearby sub-counties (last 4 weeks),0.0,0.0,16.0,-12.041884816753926,0.0,0.2016771936452164,12.8,13.677627597336931,,0.0,0
A24,128,2025-06-16,5.0,Low,Low data,81 weeks since last vaccination campaign | no outbreak declared here in the last 8 weeks | seasonal timing | rainfall close to normal over the last 8 weeks,0 farmer symptom reports in the last 2 weeks | 0 confirmed outbreaks in nearby sub-counties (last 4 weeks),0.0,0.0,9.0,-45.893719806763286,0.0,0.1986520357405382,3.0,-7.034287734181856,,0.0,0
A24,129,2025-06-23,6.0,Low,Low data,82 weeks since last vaccination campaign | no outbreak declared here in the last 8 weeks | cattle arrivals +119% compared with recent weeks | seasonal timing,"0 farmer symptom reports in the last 2 weeks | cooler, less evaporative conditions than normal",0.0,0.0,54.0,118.5185185185185,0.0,0.1956722552044301,8.2,41.73365955959432,Cattle arrivals unusually high (+119% on recent weeks),0.0,0
A24,130,2025-06-30,19.0,Low,Low data,seasonal timing | no outbreak declared here in the last 8 weeks | 83 weeks since last vaccination campaign | 1 farmer symptom reports this week,vaccination coverage about 19% | 1 farmer symptom reports in the last 2 weeks,1.0,0.0,9.0,-45.09803921568628,0.0,0.1927371713763636,6.8,55.52671425481215,,0.0,0
A24,131,2025-07-07,9.0,Low,Low data,"no outbreak declared here in the last 8 weeks | 84 weeks since last vaccination campaign | seasonal timing | hotter, drier air than normal (high evaporation)",0 confirmed outbreaks in nearby sub-counties (last 4 weeks) | vaccination coverage about 19%,0.0,0.0,10.0,-43.66197183098591,0.0,0.1898461138057182,2.8,66.50099403578422,,0.0,0
A24,132,2025-07-14,41.0,Elevated,Low data,22 cattle arrived from other sub-counties | 85 weeks since last vaccination campaign | no outbreak declared here in the last 8 weeks | seasonal timing,0 farmer symptom reports in the last 2 weeks | 0 confirmed outbreaks in nearby sub-counties (last 4 weeks),0.0,0.0,26.0,32.62032085561498,0.0,0.1869984220986324,1.3,79.6239124333415,,0.0,0
A24,133,2025-07-21,23.0,Low,Low data,86 weeks since last vaccination campaign | no outbreak declared here in the last 8 weeks | cattle arrivals +153% compared with recent weeks | vaccination coverage about 18%,0 farmer symptom reports in the last 2 weeks | border area with cross-border movement,0.0,0.0,57.0,153.0612244897959,0.0,0.1841934457671529,1.0,87.81053328916695,,0.0,0
A24,134,2025-07-28,23.0,Low,Low data,"no outbreak declared here in the last 8 weeks | 87 weeks since last vaccination campaign | hotter, drier air than normal (high evaporation) | 1 farmer symptom reports this week",0 confirmed outbreaks in nearby sub-counties (last 4 weeks) | 1 farmer symptom reports in the last 2 weeks,1.0,0.0,20.0,-17.355371900826448,0.0,0.1814305440806456,6.000000000000001,66.34615384615256,,0.0,1
A24,135,2025-08-04,41.0,Elevated,Low data,"no outbreak declared here in the last 8 weeks | cattle arrivals -30% compared with recent weeks | cooler, less evaporative conditions than normal | 88 weeks since last vaccination campaign",1 farmer symptom reports in the last 2 weeks | rainfall 35% above normal over the last 8 weeks,0.0,0.0,16.0,-30.29045643153527,0.0,0.1787090859194359,1.6,35.305851063828484,,0.0,1
A24,136,2025-08-11,45.0,Elevated,Low data,no outbreak declared here in the last 8 weeks | 2 farmer symptom reports in the last 2 weeks | 19 cattle arrived from other sub-counties | 1 confirmed outbreaks in nearby sub-counties (last 4 weeks),rainfall 37% above normal over the last 8 weeks | border area with cross-border movement,2.0,0.0,19.0,-20.33195020746888,0.0,0.1760284496306444,1.7,36.995827538246594,,1.0,0
A24,137,2025-08-18,16.0,Low,Low data,4 farmer symptom reports in the last 2 weeks | cattle arrivals -84% compared with recent weeks | 90 weeks since last vaccination campaign | 1 confirmed outbreaks in nearby sub-counties (last 4 weeks),outbreak declared here in the last 8 weeks | vaccination coverage about 17%,2.0,0.0,0.0,-84.06374501992032,0.0,0.1733880228861847,3.1,17.10481392966759,,0.0,0
A24,138,2025-08-25,11.0,Low,Low data,2 suspected cases reported by vets this week | 3 farmer symptom reports in the last 2 weeks | 2 vet-reported suspected cases in the last 2 weeks | 1 farmer symptom reports this week,outbreak declared here in the last 8 weeks | vaccination coverage about 17%,1.0,2.0,19.0,-2.5380710659898478,0.0,0.1707872025428919,3.3,5.263157894735943,,0.0,0
A24,139,2025-09-01,8.0,Low,Low data,"4 farmer symptom reports in the last 2 weeks | 19 cattle arrived from other sub-counties | 92 weeks since last vaccination campaign | hotter, drier air than normal (high evaporation)",outbreak declared here in the last 8 weeks | vaccination coverage about 17%,3.0,1.0,28.0,27.536231884057973,0.0,0.1682253945047486,2.3,7.675906183367953,,0.0,0
A24,140,2025-09-08,7.0,Low,Low data,5 farmer symptom reports in the last 2 weeks | 1 vet-reported suspected cases in the last 2 weeks | 1 confirmed outbreaks in nearby sub-counties (last 4 weeks) | 2 farmer symptom reports this week,outbreak declared here in the last 8 weeks | vaccination coverage about 17%,2.0,0.0,9.0,-50.22222222222222,6.0,0.1657572285814902,3.6,13.668061366805226,,0.0,0
A24,141,2025-09-15,23.0,Low,Low data,6 farmer symptom reports in the last 2 weeks | cattle arrivals -35% compared with recent weeks | 1 vet-reported suspected cases in the last 2 weeks | seasonal timing,outbreak declared here in the last 8 weeks | vaccination coverage about 17%,4.0,1.0,12.0,-34.61538461538461,6.0,0.1657572285814902,2.4,11.038536903983976,,0.0,0
A24,142,2025-09-22,20.0,Low,Low data,5 farmer symptom reports in the last 2 weeks | seasonal timing | 1 confirmed outbreaks in nearby sub-counties (last 4 weeks) | 95 weeks since last vaccination campaign,outbreak declared here in the last 8 weeks | vaccination coverage about 17%,1.0,0.0,7.0,-41.104294478527606,0.0,0.1657572285814902,2.2,-4.005085823267984,,0.0,0
A24,143,2025-09-29,31.0,Low,Low data,seasonal timing | 1 suspected cases reported by vets this week | 96 weeks since last vaccination campaign | 1 vet-reported suspected cases in the last 2 weeks,outbreak declared here in the last 8 weeks | 0 confirmed outbreaks in nearby sub-counties (last 4 weeks),0.0,1.0,0.0,-73.33333333333333,0.0,0.1657572285814902,1.8,-8.406146429647732,,0.0,0
A24,144,2025-10-06,3.0,Low,Low data,97 weeks since last vaccination campaign | seasonal timing | 1 vet-reported suspected cases in the last 2 weeks | symptom reports at or below normal,outbreak declared here in the last 8 weeks | 0 farmer symptom reports in the last 2 weeks,0.0,0.0,28.0,97.01492537313433,0.0,0.1657572285814902,4.9,-7.742998352553688,,0.0,0
A24,145,2025-10-13,19.0,Low,Low data,no outbreak declared here in the last 8 weeks | 98 weeks since last vaccination campaign | seasonal timing | 1 farmer symptom reports this week,0 confirmed outbreaks in nearby sub-counties (last 4 weeks) | 1 farmer symptom reports in the last 2 weeks,1.0,0.0,0.0,-72.02797202797203,0.0,0.1657572285814902,0.8,-17.95543905635656,,0.0,1
A24,146,2025-10-20,51.0,Elevated,Low data,no outbreak declared here in the last 8 weeks | 2 farmer symptom reports in the last 2 weeks | 1 confirmed outbreaks in nearby sub-counties (last 4 weeks) | no recent vaccination campaign,seasonal timing | border area with cross-border movement,1.0,0.0,59.0,258.041958041958,0.0,0.1657572285814902,1.0,-37.66122098022354,Cattle arrivals unusually high (+258% on recent weeks),0.0,1
A24,147,2025-10-27,28.0,Low,Low data,no outbreak declared here in the last 8 weeks | no recent vaccination campaign | cattle arrivals +14% compared with recent weeks | symptom reports at or below normal,vaccination coverage about 17% | seasonal timing,0.0,0.0,21.0,13.661202185792352,0.0,0.1657572285814902,34.599999999999994,8.59167404782977,,1.0,0
A24,148,2025-11-03,3.0,Low,Low data,"no recent vaccination campaign | 19 cattle arrived from other sub-counties | 1 confirmed outbreaks in nearby sub-counties (last 4 weeks) | hotter, drier air than normal (high evaporation)",outbreak declared here in the last 8 weeks | seasonal timing,0.0,0.0,19.0,9.090909090909092,0.0,0.1657572285814902,10.0,4.636785162287477,,0.0,0
A24,149,2025-11-10,3.0,Low,Low data,no recent vaccination campaign | 1 confirmed outbreaks in nearby sub-counties (last 4 weeks) | seasonal timing | symptom reports at or below normal,outbreak declared here in the last 8 weeks | 0 farmer symptom reports in the last 2 weeks,0.0,0.0,20.0,7.526881720430108,0.0,0.1657572285814902,7.7,-15.264074289030848,,0.0,0
A24,150,2025-11-17,3.0,Low,Low data,no recent vaccination campaign | seasonal timing | cattle arrivals -79% compared with recent weeks | 0 cattle recorded arriving this week,outbreak declared here in the last 8 weeks | 0 farmer symptom reports in the last 2 weeks,0.0,0.0,0.0,-79.38144329896907,0.0,0.1657572285814902,5.699999999999999,-33.75476272947698,,0.0,0
A24,151,2025-11-24,3.0,Low,Low data,no recent vaccination campaign | cattle arrivals -79% compared with recent weeks | seasonal timing | 0 cattle recorded arriving this week,outbreak declared here in the last 8 weeks | 0 farmer symptom reports in the last 2 weeks,0.0,0.0,0.0,-78.6096256684492,0.0,0.1657572285814902,4.6,-36.75227308980708,,0.0,0
A24,152,2025-12-01,4.0,Low,Low data,"no recent vaccination campaign | cattle arrivals +127% compared with recent weeks | 32 cattle arrived from other sub-counties | hotter, drier air than normal (high evaporation)",outbreak declared here in the last 8 weeks | 0 farmer symptom reports in the last 2 weeks,0.0,0.0,48.0,126.7379679144385,0.0,0.1657572285814902,1.7,-43.89560601592461,,0.0,0
A24,153,2025-12-08,3.0,Low,Low data,"vaccination coverage about 45% | 1 farmer symptom reports this week | hotter, drier air than normal (high evaporation) | seasonal timing",outbreak declared here in the last 8 weeks | 0 weeks since last vaccination campaign,1.0,0.0,16.0,-18.84057971014493,0.0,0.4470141297967425,4.0,-43.34095455844537,,0.0,0
A25,104,2024-12-30,14.0,Low,Low data,57 weeks since last vaccination campaign | no outbreak declared here in the last 8 weeks | cattle arrivals -68% compared with recent weeks,0 farmer symptom reports in the last 2 weeks | seasonal timing,0.0,0.0,0.0,-67.74193548387096,0.0,0.2971027188252104,1.0,12.06907899066738,,0.0,0
A25,105,2025-01-06,30.0,Low,Low data,"58 weeks since last vaccination campaign | cattle arrivals +172% compared with recent weeks | no outbreak declared here in the last 8 weeks | hotter, drier air than normal (high evaporation)",0 farmer symptom reports in the last 2 weeks | border area with cross-border movement,0.0,0.0,29.0,172.0,0.0,0.2926461780428322,1.5,9.966817392500358,,0.0,0
A25,106,2025-01-13,17.0,Low,Low data,59 weeks since last vaccination campaign | no outbreak declared here in the last 8 weeks | seasonal timing | cattle arrivals -65% compared with recent weeks,1 farmer symptom reports in the last 2 weeks | 0 confirmed outbreaks in nearby sub-counties (last 4 weeks),1.0,0.0,0.0,-65.21739130434783,0.0,0.2882564853721897,1.2,0.8795717688117577,,0.0,0
A25,107,2025-01-20,17.0,Low,Low data,60 weeks since last vaccination campaign | no outbreak declared here in the last 8 weeks | cattle arrivals +11% compared with recent weeks | seasonal timing,"1 farmer symptom reports in the last 2 weeks | hotter, drier air than normal (high evaporation)",0.0,0.0,11.0,11.304347826086957,0.0,0.2839326380916069,0.4,-1.7948789080920964,,0.0,0
A25,108,2025-01-27,12.0,Low,Low data,61 weeks since last vaccination campaign | no outbreak declared here in the last 8 weeks | seasonal timing | 22 cattle recorded arriving this week,0 farmer symptom reports in the last 2 weeks | 0 confirmed outbreaks in nearby sub-counties (last 4 weeks),0.0,0.0,22.0,101.86915887850468,0.0,0.2796736485202328,1.7,20.238801801487725,,0.0,0
A25,109,2025-02-03,13.0,Low,Low data,62 weeks since last vaccination campaign | no outbreak declared here in the last 8 weeks | seasonal timing | 34 cattle arrived from areas with recent outbreaks,0 farmer symptom reports in the last 2 weeks | 0 confirmed outbreaks in nearby sub-counties (last 4 weeks),0.0,0.0,55.0,272.09302325581393,34.0,0.2754785437924293,0.3,12.576223484651395,Cattle arrivals unusually high (+272% on recent weeks),0.0,0
A25,110,2025-02-10,11.0,Low,Low data,"63 weeks since last vaccination campaign | no outbreak declared here in the last 8 weeks | seasonal timing | hotter, drier air than normal (high evaporation)",0 farmer symptom reports in the last 2 weeks | border area with cross-border movement,0.0,0.0,35.0,81.81818181818183,34.0,0.2713463656355429,3.2,39.38627437928565,,0.0,0
A25,111,2025-02-17,41.0,Elevated,Low data,64 weeks since last vaccination campaign | no outbreak declared here in the last 8 weeks | 86 cattle recorded arriving this week | seasonal timing,1 farmer symptom reports in the last 2 weeks | 0 confirmed outbreaks in nearby sub-counties (last 4 weeks),1.0,0.0,86.0,245.02369668246448,0.0,0.2672761701510097,0.2,-17.825537294562555,Cattle arrivals unusually high (+245% on recent weeks),0.0,0
A25,112,2025-02-24,9.0,Low,Low data,65 weeks since last vaccination campaign | no outbreak declared here in the last 8 weeks | rainfall 29% below normal over the last 8 weeks | seasonal timing,1 farmer symptom reports in the last 2 weeks | 0 confirmed outbreaks in nearby sub-counties (last 4 weeks),0.0,0.0,0.0,-85.61151079136691,0.0,0.2632670275987446,0.2,-28.65318580694266,,0.0,0
A25,113,2025-03-03,4.0,Low,Low data,"66 weeks since last vaccination campaign | no outbreak declared here in the last 8 weeks | hotter, drier air than normal (high evaporation) | cattle arrivals -68% compared with recent weeks",0 farmer symptom reports in the last 2 weeks | seasonal timing,0.0,0.0,6.0,-68.34532374100719,0.0,0.2593180221847634,1.3,-33.54885057471163,,0.0,0
A25,114,2025-03-10,6.0,Low,Low data,"67 weeks since last vaccination campaign | no outbreak declared here in the last 8 weeks | cattle arrivals +164% compared with recent weeks | hotter, drier air than normal (high evaporation)",0 farmer symptom reports in the last 2 weeks | seasonal timing,0.0,0.0,79.0,163.52941176470588,0.0,0.2554282518519919,6.9,-24.751243781093336,,0.0,0
A25,115,2025-03-17,4.0,Low,Low data,68 weeks since last vaccination campaign | no outbreak declared here in the last 8 weeks | 16 cattle recorded arriving this week,0 farmer symptom reports in the last 2 weeks | seasonal timing,0.0,0.0,16.0,-49.700598802395206,0.0,0.2515968280742121,14.8,4.239805563057746,,0.0,0
A25,116,2025-03-24,7.0,Low,Low data,69 weeks since last vaccination campaign | no outbreak declared here in the last 8 weeks | cattle arrivals -88% compared with recent weeks | rainfall 62% above normal over the last 8 weeks,0 farmer symptom reports in the last 2 weeks | seasonal timing,0.0,0.0,0.0,-88.20058997050147,0.0,0.2478228756530988,38.7,61.67664670658755,,0.0,0
A25,117,2025-03-31,14.0,Low,Low data,70 weeks since last vaccination campaign | no outbreak declared here in the last 8 weeks | cattle arrivals -32% compared with recent weeks | 22 cattle recorded arriving this week,0 farmer symptom reports in the last 2 weeks | 0 confirmed outbreaks in nearby sub-counties (last 4 weeks),0.0,0.0,22.0,-31.861198738170348,0.0,0.2441055325183024,26.6,75.41745567223315,,0.0,0
A25,118,2025-04-07,8.0,Low,Low data,"no outbreak declared here in the last 8 weeks | 71 weeks since last vaccination campaign | 1 farmer symptom reports this week | hotter, drier air than normal (high evaporation)",seasonal timing | 0 confirmed outbreaks in nearby sub-counties (last 4 weeks),1.0,0.0,0.0,-85.91549295774648,0.0,0.2404439495305278,12.0,45.10420762878503,,0.0,0
A25,119,2025-04-14,6.0,Low,Low data,"no outbreak declared here in the last 8 weeks | 72 weeks since last vaccination campaign | cooler, less evaporative conditions than normal",seasonal timing | border area with cross-border movement,0.0,0.0,44.0,57.42971887550201,0.0,0.2368372902875699,17.4,40.611257695690455,,0.0,0
A25,120,2025-04-21,30.0,Low,Low data,no outbreak declared here in the last 8 weeks | 2 farmer symptom reports in the last 2 weeks | 2 farmer symptom reports this week | 73 weeks since last vaccination campaign,seasonal timing | 0 confirmed outbreaks in nearby sub-counties (last 4 weeks),2.0,0.0,19.0,-7.246376811594203,0.0,0.2332847309332563,46.5,59.5968850206137,,0.0,0
A25,121,2025-04-28,5.0,Low,Low data,no outbreak declared here in the last 8 weeks | 2 farmer symptom reports in the last 2 weeks | 74 weeks since last vaccination campaign | seasonal timing,"0 confirmed outbreaks in nearby sub-counties (last 4 weeks) | hotter, drier air than normal (high evaporation)",0.0,0.0,7.0,-57.52212389380531,0.0,0.2297854599692575,9.5,33.08040274332404,,0.0,0
A25,122,2025-05-05,3.0,Low,Low data,75 weeks since last vaccination campaign | no outbreak declared here in the last 8 weeks,0 farmer symptom reports in the last 2 weeks | vaccination coverage about 23%,0.0,0.0,9.0,-50.66079295154186,0.0,0.2263386780697186,33.0,36.11437524480992,,0.0,0
A25,123,2025-05-12,5.0,Low,Low data,"76 weeks since last vaccination campaign | no outbreak declared here in the last 8 weeks | cattle arrivals -75% compared with recent weeks | hotter, drier air than normal (high evaporation)",0 farmer symptom reports in the last 2 weeks | vaccination coverage about 22%,0.0,0.0,0.0,-74.52229299363057,0.0,0.2229435978986728,12.9,25.250075780539557,,0.0,0
A25,124,2025-05-19,10.0,Low,Low data,77 weeks since last vaccination campaign | no outbreak declared here in the last 8 weeks | cattle arrivals +280% compared with recent weeks | seasonal timing,0 farmer symptom reports in the last 2 weeks | 0 confirmed outbreaks in nearby sub-counties (last 4 weeks),0.0,0.0,62.0,280.1418439716312,0.0,0.2195994439301928,6.2,7.915452798611317,,0.0,0
A25,125,2025-05-26,8.0,Low,Low data,"78 weeks since last vaccination campaign | no outbreak declared here in the last 8 weeks | hotter, drier air than normal (high evaporation) | seasonal timing",0 farmer symptom reports in the last 2 weeks | 0 confirmed outbreaks in nearby sub-counties (last 4 weeks),0.0,0.0,7.0,-52.70935960591133,0.0,0.2163054522712399,7.500000000000001,-5.012869224169739,,0.0,0
A25,126,2025-06-02,43.0,Elevated,Low data,cattle arrivals +117% compared with recent weeks | no outbreak declared here in the last 8 weeks | 79 weeks since last vaccination campaign | 1 suspected cases reported by vets this week,0 farmer symptom reports in the last 2 weeks | border area with cross-border movement,0.0,1.0,46.0,117.02127659574468,0.0,0.2130608704871713,12.2,4.546985517008947,,0.0,0
A25,127,2025-06-09,7.0,Low,Low data,no outbreak declared here in the last 8 weeks | 80 weeks since last vaccination campaign | 1 vet-reported suspected cases in the last 2 weeks | seasonal timing,0 farmer symptom reports in the last 2 weeks | vaccination coverage about 21%,0.0,0.0,0.0,-82.90598290598291,0.0,0.2098649574298637,9.2,6.436898124682807,,0.0,0
A25,128,2025-06-16,8.0,Low,Low data,81 weeks since last vaccination campaign | no outbreak declared here in the last 8 weeks | seasonal timing | cattle arrivals -79% compared with recent weeks,0 farmer symptom reports in the last 2 weeks | 0 confirmed outbreaks in nearby sub-counties (last 4 weeks),0.0,0.0,0.0,-78.94736842105263,0.0,0.2067169830684157,3.8,-13.780276101513016,,0.0,0
A25,129,2025-06-23,8.0,Low,Low data,no outbreak declared here in the last 8 weeks | 82 weeks since last vaccination campaign | seasonal timing | cattle arrivals +50% compared with recent weeks,0 farmer symptom reports in the last 2 weeks | border area with cross-border movement,0.0,0.0,27.0,49.707602339181285,0.0,0.2036162283223895,7.8,6.25517812758878,,0.0,0
A25,130,2025-06-30,17.0,Low,Low data,seasonal timing | no outbreak declared here in the last 8 weeks | 83 weeks since last vaccination campaign | rainfall close to normal over the last 8 weeks,0 farmer symptom reports in the last 2 weeks | 0 confirmed outbreaks in nearby sub-counties (last 4 weeks),0.0,0.0,35.0,67.5392670157068,0.0,0.2005619848975536,2.5,-7.159412825135691,,0.0,0
A25,131,2025-07-07,15.0,Low,Low data,cattle arrivals -30% compared with recent weeks | no outbreak declared here in the last 8 weeks | 84 weeks since last vaccination campaign | seasonal timing,0 farmer symptom reports in the last 2 weeks | 0 confirmed outbreaks in nearby sub-counties (last 4 weeks),0.0,0.0,14.0,-29.953917050691242,0.0,0.1975535551240903,4.5,-1.6975308641984326,,0.0,0
A25,132,2025-07-14,44.0,Elevated,Low data,"85 weeks since last vaccination campaign | no outbreak declared here in the last 8 weeks | hotter, drier air than normal (high evaporation) | 1 vet-reported suspected cases in the last 2 weeks",0 farmer symptom reports in the last 2 weeks | 0 confirmed outbreaks in nearby sub-counties (last 4 weeks),0.0,1.0,52.0,97.40259740259741,0.0,0.194590251797229,1.4,-1.5873015873020333,,0.0,0
A25,133,2025-07-21,12.0,Low,Low data,no outbreak declared here in the last 8 weeks | 86 weeks since last vaccination campaign | 1 vet-reported suspected cases in the last 2 weeks | seasonal timing,0 farmer symptom reports in the last 2 weeks | cattle arrivals -6% compared with recent weeks,0.0,0.0,21.0,-5.88235294117647,0.0,0.1916713980202705,2.6,10.429447852760015,,0.0,0
A25,134,2025-07-28,10.0,Low,Low data,no outbreak declared here in the last 8 weeks | 87 weeks since last vaccination campaign | rainfall close to normal over the last 8 weeks | seasonal timing,0 farmer symptom reports in the last 2 weeks | 0 confirmed outbreaks in nearby sub-counties (last 4 weeks),0.0,0.0,13.0,-38.72340425531915,0.0,0.1887963270499665,4.7,-9.708737864078469,,0.0,0
A25,135,2025-08-04,45.0,Elevated,Low data,symptom reports well above this area's normal level | no outbreak declared here in the last 8 weeks | 2 farmer symptom reports in the last 2 weeks | 2 farmer symptom reports this week,vaccination coverage about 19% | 0 confirmed outbreaks in nearby sub-counties (last 4 weeks),2.0,0.0,30.0,38.613861386138616,0.0,0.1859643821442169,2.7,-19.044727787897692,,0.0,0
A25,136,2025-08-11,52.0,Elevated,Low data,4 farmer symptom reports in the last 2 weeks | no outbreak declared here in the last 8 weeks | 89 weeks since last vaccination campaign | 1 confirmed outbreaks in nearby sub-counties (last 4 weeks),cattle arrivals +0% compared with recent weeks | moderate cattle density,2.0,0.0,24.0,0.0,0.0,0.1831749164120537,2.6,-19.11611423806645,,0.0,0
A25,137,2025-08-18,48.0,Elevated,Low data,no outbreak declared here in the last 8 weeks | 2 farmer symptom reports in the last 2 weeks | 1 confirmed outbreaks in nearby sub-counties (last 4 weeks) | 90 weeks since last vaccination campaign,border area with cross-border movement | 0 cattle arrived from other sub-counties,0.0,0.0,38.0,34.375,0.0,0.1804272926658729,2.5,-29.4885287307948,,0.0,0
A25,138,2025-08-25,33.0,Low,Low data,"no outbreak declared here in the last 8 weeks | 91 weeks since last vaccination campaign | 1 confirmed outbreaks in nearby sub-counties (last 4 weeks) | hotter, drier air than normal (high evaporation)",0 farmer symptom reports in the last 2 weeks | moderate cattle density,0.0,0.0,8.0,-61.04868913857678,0.0,0.1777208832758848,3.4,-25.249891351587397,,0.0,0
A25,139,2025-09-01,33.0,Low,Low data,92 weeks since last vaccination campaign | no outbreak declared here in the last 8 weeks | 1 confirmed outbreaks in nearby sub-counties (last 4 weeks) | vaccination coverage about 18%,0 farmer symptom reports in the last 2 weeks | moderate cattle density,0.0,0.0,21.0,-13.333333333333334,0.0,0.1750550700267465,1.9,-26.812428078251564,,0.0,0
A25,140,2025-09-08,10.0,Low,Low data,no outbreak declared here in the last 8 weeks | 93 weeks since last vaccination campaign | cattle arrivals -84% compared with recent weeks | seasonal timing,0 farmer symptom reports in the last 2 weeks | 0 confirmed outbreaks in nearby sub-counties (last 4 weeks),0.0,0.0,0.0,-83.80566801619433,0.0,0.1724292439763453,11.8,-3.410391393912187,,0.0,0
A25,141,2025-09-15,11.0,Low,Low data,"no outbreak declared here in the last 8 weeks | 94 weeks since last vaccination campaign | seasonal timing | hotter, drier air than normal (high evaporation)",0 farmer symptom reports in the last 2 weeks | 0 confirmed outbreaks in nearby sub-counties (last 4 weeks),0.0,0.0,0.0,-79.48717948717949,0.0,0.1698428053167001,5.4,-1.4886164623468974,,0.0,0
A25,142,2025-09-22,40.0,Elevated,Low data,seasonal timing | cattle arrivals -31% compared with recent weeks | no outbreak declared here in the last 8 weeks | 95 weeks since last vaccination campaign,0 farmer symptom reports in the last 2 weeks | 0 confirmed outbreaks in nearby sub-counties (last 4 weeks),0.0,0.0,10.0,-31.03448275862069,10.0,0.1672951632369496,0.2,-6.010675330703001,,0.0,0
A25,143,2025-09-29,23.0,Low,Low data,"seasonal timing | no outbreak declared here in the last 8 weeks | 96 weeks since last vaccination campaign | hotter, drier air than normal (high evaporation)",0 farmer symptom reports in the last 2 weeks | 0 confirmed outbreaks in nearby sub-counties (last 4 weeks),0.0,0.0,0.0,-76.60818713450293,10.0,0.1647857357883954,0.5,-14.623272403031056,,0.0,0
A25,144,2025-10-06,25.0,Low,Low data,97 weeks since last vaccination campaign | no outbreak declared here in the last 8 weeks | seasonal timing | cattle arrivals +178% compared with recent weeks,0 farmer symptom reports in the last 2 weeks | 0 confirmed outbreaks in nearby sub-counties (last 4 weeks),0.0,0.0,44.0,178.01418439716312,0.0,0.1623139497515694,5.0,-15.331807780319687,,0.0,0
A25,145,2025-10-13,27.0,Low,Low data,"98 weeks since last vaccination campaign | hotter, drier air than normal (high evaporation) | no outbreak declared here in the last 8 weeks | vaccination coverage about 16%",0 farmer symptom reports in the last 2 weeks | 0 confirmed outbreaks in nearby sub-counties (last 4 weeks),0.0,0.0,32.0,83.85093167701864,0.0,0.1598792405052959,1.6,-17.632450331125344,,0.0,0
A25,146,2025-10-20,5.0,Low,Low data,no recent vaccination campaign | no outbreak declared here in the last 8 weeks | seasonal timing | vaccination coverage about 16%,0 farmer symptom reports in the last 2 weeks | seasonal timing,0.0,0.0,13.0,-7.096774193548387,0.0,0.1591397660374944,0.6,-37.77329297006371,,0.0,0
A25,147,2025-10-27,6.0,Low,Low data,no outbreak declared here in the last 8 weeks | no recent vaccination campaign | 1 confirmed outbreaks in nearby sub-counties (last 4 weeks) | cattle arrivals -75% compared with recent weeks,0 farmer symptom reports in the last 2 weeks | seasonal timing,0.0,0.0,0.0,-75.0,0.0,0.1591397660374944,26.3,-14.02968356202713,,0.0,0
A25,148,2025-11-03,19.0,Low,Low data,"no outbreak declared here in the last 8 weeks | no recent vaccination campaign | hotter, drier air than normal (high evaporation) | cattle arrivals +309% compared with recent weeks",0 farmer symptom reports in the last 2 weeks | seasonal timing,0.0,0.0,66.0,308.63309352517985,0.0,0.1591397660374944,15.1,-25.19366400739972,Cattle arrivals unusually high (+309% on recent weeks),0.0,0
A25,149,2025-11-10,40.0,Elevated,Low data,"no recent vaccination campaign | no outbreak declared here in the last 8 weeks | 1 confirmed outbreaks in nearby sub-counties (last 4 weeks) | hotter, drier air than normal (high evaporation)",0 farmer symptom reports in the last 2 weeks | border area with cross-border movement,0.0,0.0,46.0,99.02439024390245,0.0,0.1591397660374944,13.7,-35.30662885501631,,0.0,0
A25,150,2025-11-17,31.0,Low,Low data,no outbreak declared here in the last 8 weeks | no recent vaccination campaign | seasonal timing | 1 confirmed outbreaks in nearby sub-counties (last 4 weeks),1 farmer symptom reports in the last 2 weeks | border area with cross-border movement,1.0,0.0,52.0,81.67330677290838,0.0,0.1591397660374944,16.3,-34.91599707815924,,0.0,0
A25,151,2025-11-24,59.0,Elevated,Low data,no outbreak declared here in the last 8 weeks | 2 farmer symptom reports in the last 2 weeks | no recent vaccination campaign | 95 cattle recorded arriving this week,0 confirmed outbreaks in nearby sub-counties (last 4 weeks) | border area with cross-border movement,1.0,0.0,95.0,173.03754266211604,0.0,0.1591397660374944,10.7,-30.96496106785332,,0.0,0
A25,152,2025-12-01,13.0,Low,Low data,"no outbreak declared here in the last 8 weeks | no recent vaccination campaign | hotter, drier air than normal (high evaporation) | seasonal timing",cattle arrivals -11% compared with recent weeks | 1 farmer symptom reports in the last 2 weeks,0.0,0.0,38.0,-11.34020618556701,0.0,0.1591397660374944,6.5,-34.01845912155545,,0.0,0
A25,153,2025-12-08,8.0,Low,Low data,"no outbreak declared here in the last 8 weeks | hotter, drier air than normal (high evaporation) | seasonal timing | cattle arrivals -62% compared with recent weeks",0 farmer symptom reports in the last 2 weeks | 0 weeks since last vaccination campaign,0.0,0.0,13.0,-62.30366492146597,0.0,0.4220371185541361,7.5,-34.42723697148488,,0.0,0
A26,104,2024-12-30,27.0,Low,Low data,"57 weeks since last vaccination campaign | no outbreak declared here in the last 8 weeks | hotter, drier air than normal (high evaporation) | cattle arrivals -61% compared with recent weeks",0 farmer symptom reports in the last 2 weeks | seasonal timing,0.0,0.0,0.0,-61.165048543689316,0.0,0.2945583643635091,0.1,-14.228373398841793,,0.0,0
A26,105,2025-01-06,40.0,Elevated,Low data,58 weeks since last vaccination campaign | cattle arrivals +125% compared with recent weeks | no outbreak declared here in the last 8 weeks | 0 cattle arrived from other sub-counties,0 farmer symptom reports in the last 2 weeks | seasonal timing,0.0,0.0,24.0,125.24271844660196,0.0,0.2901399888980564,0.0,-25.90786889356293,,0.0,0
A26,106,2025-01-13,30.0,Low,Low data,"59 weeks since last vaccination campaign | no outbreak declared here in the last 8 weeks | cattle arrivals +51% compared with recent weeks | hotter, drier air than normal (high evaporation)",0 farmer symptom reports in the last 2 weeks | 0 confirmed outbreaks in nearby sub-counties (last 4 weeks),0.0,0.0,19.0,51.181102362204726,0.0,0.2857878890645856,0.0,-45.45351237712816,,0.0,0
A26,107,2025-01-20,38.0,Low,Low data,"60 weeks since last vaccination campaign | no outbreak declared here in the last 8 weeks | hotter, drier air than normal (high evaporation) | cattle arrivals +245% compared with recent weeks",0 farmer symptom reports in the last 2 weeks | 0 confirmed outbreaks in nearby sub-counties (last 4 weeks),0.0,0.0,55.0,245.32374100719423,0.0,0.2815010707286168,0.0,-70.0212963468571,Cattle arrivals unusually high (+245% on recent weeks),0.0,1
A26,108,2025-01-27,100.0,High,Low data,4 farmer symptom reports in the last 2 weeks | no outbreak declared here in the last 8 weeks | 61 weeks since last vaccination campaign | symptom reports well above this area's normal level,0 confirmed outbreaks in nearby sub-counties (last 4 weeks) | 0 vet-reported suspected cases in the last 2 weeks,4.0,0.0,67.0,208.02139037433153,0.0,0.2772785546676875,0.0,-68.2210808917938,Farmer symptom reports unusually high (4 this week),0.0,1
A26,109,2025-02-03,100.0,High,Low data,7 farmer symptom reports in the last 2 weeks | no outbreak declared here in the last 8 weeks | 3 farmer symptom reports this week | seasonal timing,moderate cattle density | 0 confirmed outbreaks in nearby sub-counties (last 4 weeks),3.0,3.0,3.0,-74.80314960629921,0.0,0.2731193763476722,0.0,-60.7264566536444,Vet-reported suspected cases unusually high (3 this week),1.0,0
A26,110,2025-02-10,42.0,Elevated,Low data,6 farmer symptom reports in the last 2 weeks | 2 suspected cases reported by vets this week | 63 weeks since last vaccination campaign | seasonal timing,outbreak declared here in the last 8 weeks | moderate cattle density,3.0,2.0,19.0,-19.665271966527197,0.0,0.2690225857024571,1.0,-49.85701607336551,,0.0,0
A26,111,2025-02-17,40.0,Elevated,Low data,5 farmer symptom reports in the last 2 weeks | seasonal timing | 64 weeks since last vaccination campaign | vaccination coverage about 26%,outbreak declared here in the last 8 weeks | cattle arrivals -84% compared with recent weeks,2.0,1.0,0.0,-83.60655737704919,0.0,0.2649872469169202,0.0,-45.353098845796325,,0.0,0
A26,112,2025-02-24,19.0,Low,Low data,3 farmer symptom reports in the last 2 weeks | 65 weeks since last vaccination campaign | seasonal timing | 1 confirmed outbreaks in nearby sub-counties (last 4 weeks),outbreak declared here in the last 8 weeks | rainfall 52% below normal over the last 8 weeks,1.0,0.0,15.0,-29.515418502202646,0.0,0.2610124382131664,0.0,-52.13228894691064,,0.0,0
A26,113,2025-03-03,13.0,Low,Low data,66 weeks since last vaccination campaign | 1 suspected cases reported by vets this week | cattle arrivals +19% compared with recent weeks | 1 confirmed outbreaks in nearby sub-counties (last 4 weeks),outbreak declared here in the last 8 weeks | seasonal timing,0.0,1.0,31.0,19.00826446280992,0.0,0.2570972516399689,3.6,-38.80972338642102,,0.0,0
A26,114,2025-03-10,3.0,Low,Low data,67 weeks since last vaccination campaign | 1 confirmed outbreaks in nearby sub-counties (last 4 weeks) | 1 vet-reported suspected cases in the last 2 weeks | 24 cattle recorded arriving this week,outbreak declared here in the last 8 weeks | 0 farmer symptom reports in the last 2 weeks,0.0,0.0,24.0,-6.827309236947792,0.0,0.2532407928653694,7.8,-18.575063613231947,,0.0,0
A26,115,2025-03-17,4.0,Low,Low data,68 weeks since last vaccination campaign | 1 confirmed outbreaks in nearby sub-counties (last 4 weeks) | rainfall 86% above normal over the last 8 weeks | not a border area,outbreak declared here in the last 8 weeks | 0 farmer symptom reports in the last 2 weeks,0.0,0.0,11.0,-49.60629921259843,0.0,0.2494421809723888,38.1,86.26847290640349,,0.0,0
A26,116,2025-03-24,10.0,Low,Low data,rainfall 143% above normal over the last 8 weeks | 69 weeks since last vaccination campaign | symptom reports at or below normal | seasonal timing,outbreak declared here in the last 8 weeks | 0 farmer symptom reports in the last 2 weeks,0.0,0.0,19.0,-8.571428571428571,0.0,0.245700548257803,60.5,142.87434765154566,,0.0,0
A26,117,2025-03-31,5.0,Low,Low data,70 weeks since last vaccination campaign | 1 farmer symptom reports this week | seasonal timing | not a border area,outbreak declared here in the last 8 weeks | 0 confirmed outbreaks in nearby sub-counties (last 4 weeks),1.0,0.0,0.0,-75.30864197530865,0.0,0.2420150400339359,10.7,108.02400884536416,,0.0,0
A26,118,2025-04-07,40.0,Elevated,Low data,2 farmer symptom reports in the last 2 weeks | no outbreak declared here in the last 8 weeks | 71 weeks since last vaccination campaign | rainfall 68% above normal over the last 8 weeks,seasonal timing | 0 confirmed outbreaks in nearby sub-counties (last 4 weeks),1.0,0.0,8.0,-34.59119496855346,0.0,0.2383848144334269,1.1,68.24100076589224,,0.0,0
A26,119,2025-04-14,41.0,Elevated,Low data,72 weeks since last vaccination campaign | no outbreak declared here in the last 8 weeks | cattle arrivals +132% compared with recent weeks | symptom reports at or below normal,seasonal timing | 0 confirmed outbreaks in nearby sub-counties (last 4 weeks),0.0,0.0,38.0,132.43243243243242,0.0,0.2348090422169255,60.5,94.95133819951349,,0.0,0
A26,120,2025-04-21,11.0,Low,Low data,73 weeks since last vaccination campaign | no outbreak declared here in the last 8 weeks | symptom reports at or below normal | rainfall 84% above normal over the last 8 weeks,0 farmer symptom reports in the last 2 weeks | 0 confirmed outbreaks in nearby sub-counties (last 4 weeks),0.0,0.0,41.0,97.84946236559139,0.0,0.2312869065836716,15.9,83.7923728813561,,0.0,0
A26,121,2025-04-28,14.0,Low,Low data,74 weeks since last vaccination campaign | no outbreak declared here in the last 8 weeks | cattle arrivals +47% compared with recent weeks | symptom reports at or below normal,0 farmer symptom reports in the last 2 weeks | vaccination coverage about 23%,0.0,0.0,34.0,47.16981132075472,0.0,0.2280518885601715,20.2,93.62618432385884,,0.0,0
A26,122,2025-05-05,40.0,Elevated,Low data,rainfall 121% above normal over the last 8 weeks | no outbreak declared here in the last 8 weeks | 75 weeks since last vaccination campaign | symptom reports well above this area's normal level,"cooler, less evaporative conditions than normal | 0 confirmed outbreaks in nearby sub-counties (last 4 weeks)",1.0,0.0,19.0,-10.69767441860465,0.0,0.2280518885601715,27.8,120.89875473741208,,0.0,0
A26,123,2025-05-12,42.0,Elevated,Low data,1 suspected cases reported by vets this week | no outbreak declared here in the last 8 weeks | 76 weeks since last vaccination campaign | 1 vet-reported suspected cases in the last 2 weeks,0 confirmed outbreaks in nearby sub-counties (last 4 weeks) | vaccination coverage about 23%,0.0,1.0,51.0,113.33333333333333,0.0,0.2280518885601715,3.1,98.33616940820572,,0.0,0
A26,124,2025-05-19,9.0,Low,Low data,77 weeks since last vaccination campaign | no outbreak declared here in the last 8 weeks | 4 cattle recorded arriving this week | 1 vet-reported suspected cases in the last 2 weeks,0 farmer symptom reports in the last 2 weeks | vaccination coverage about 23%,0.0,0.0,4.0,-71.2,0.0,0.2280518885601715,0.0,71.98479437852765,,0.0,0
A26,125,2025-05-26,15.0,Low,Low data,no outbreak declared here in the last 8 weeks | 78 weeks since last vaccination campaign | 1 farmer symptom reports this week | rainfall 88% above normal over the last 8 weeks,vaccination coverage about 23% | 0 confirmed outbreaks in nearby sub-counties (last 4 weeks),1.0,0.0,20.0,-14.893617021276595,0.0,0.2280518885601715,0.9,88.3862255232949,,0.0,0
A26,126,2025-06-02,41.0,Elevated,Low data,rainfall 141% above normal over the last 8 weeks | 79 weeks since last vaccination campaign | no outbreak declared here in the last 8 weeks | 3 cattle recorded arriving this week,vaccination coverage about 23% | 0 confirmed outbreaks in nearby sub-counties (last 4 weeks),0.0,0.0,3.0,-74.90196078431373,0.0,0.2280518885601715,0.8999999999999999,141.0034602076125,,0.0,0
A26,127,2025-06-09,43.0,Elevated,Low data,rainfall 115% above normal over the last 8 weeks | no outbreak declared here in the last 8 weeks | 80 weeks since last vaccination campaign | 5 cattle recorded arriving this week,vaccination coverage about 23% | 0 confirmed outbreaks in nearby sub-counties (last 4 weeks),1.0,0.0,5.0,-68.0,0.0,0.2280518885601715,0.2,115.14161220043552,,0.0,0
A26,128,2025-06-16,41.0,Elevated,Low data,rainfall 231% above normal over the last 8 weeks | 81 weeks since last vaccination campaign | no outbreak declared here in the last 8 weeks | 3 cattle recorded arriving this week,vaccination coverage about 23% | 0 confirmed outbreaks in nearby sub-counties (last 4 weeks),0.0,0.0,3.0,-70.50691244239631,0.0,0.2280518885601715,0.0,231.05981112276987,,0.0,0
A26,129,2025-06-23,36.0,Low,Low data,rainfall 193% above normal over the last 8 weeks | 82 weeks since last vaccination campaign | no outbreak declared here in the last 8 weeks | seasonal timing,"cooler, less evaporative conditions than normal | cattle arrivals +3% compared with recent weeks",1.0,0.0,18.0,2.793296089385475,0.0,0.2280518885601715,0.3999999999999999,193.1618144888303,,0.0,0
A26,130,2025-06-30,17.0,Low,Low data,seasonal timing | 83 weeks since last vaccination campaign | no outbreak declared here in the last 8 weeks | 22 cattle arrived from other sub-counties,"cooler, less evaporative conditions than normal | vaccination coverage about 23%",0.0,0.0,37.0,106.13496932515338,0.0,0.2280518885601715,0.0,13.386978785664036,,0.0,0
A26,131,2025-07-07,14.0,Low,Low data,84 weeks since last vaccination campaign | no outbreak declared here in the last 8 weeks | seasonal timing | cattle arrivals -38% compared with recent weeks,0 farmer symptom reports in the last 2 weeks | vaccination coverage about 23%,0.0,0.0,9.0,-38.12154696132597,0.0,0.2280518885601715,0.0,-8.284023668636575,,0.0,0
A26,132,2025-07-14,22.0,Low,Low data,"85 weeks since last vaccination campaign | no outbreak declared here in the last 8 weeks | seasonal timing | cooler, less evaporative conditions than normal",0 farmer symptom reports in the last 2 weeks | vaccination coverage about 23%,0.0,0.0,0.0,-71.22302158273382,0.0,0.2280518885601715,0.0,-3.5019455252886686,,0.0,0
A26,133,2025-07-21,12.0,Low,Low data,86 weeks since last vaccination campaign | no outbreak declared here in the last 8 weeks | seasonal timing | cattle arrivals -70% compared with recent weeks,0 farmer symptom reports in the last 2 weeks | vaccination coverage about 23%,0.0,0.0,0.0,-70.37037037037037,0.0,0.2280518885601715,0.0,-4.086738949121537,,0.0,0
A26,134,2025-07-28,9.0,Low,Low data,87 weeks since last vaccination campaign | no outbreak declared here in the last 8 weeks | cattle arrivals -65% compared with recent weeks | rainfall 10% below normal over the last 8 weeks,0 farmer symptom reports in the last 2 weeks | vaccination coverage about 23%,0.0,0.0,0.0,-65.21739130434783,0.0,0.2280518885601715,0.2,-10.373443983399795,,0.0,0
A26,135,2025-08-04,14.0,Low,Low data,no outbreak declared here in the last 8 weeks | 88 weeks since last vaccination campaign | 1 confirmed outbreaks in nearby sub-counties (last 4 weeks) | not a border area,0 farmer symptom reports in the last 2 weeks | vaccination coverage about 23%,0.0,0.0,62.0,378.57142857142856,3.0,0.2280518885601715,0.2,-8.552074513121628,Cattle arrivals unusually high (+379% on recent weeks),0.0,0
A26,136,2025-08-11,16.0,Low,Low data,no outbreak declared here in the last 8 weeks | 1 confirmed outbreaks in nearby sub-counties (last 4 weeks) | 89 weeks since last vaccination campaign | 1 farmer symptom reports this week,vaccination coverage about 23% | cattle arrivals -24% compared with recent weeks,1.0,0.0,11.0,-24.2603550295858,3.0,0.2280518885601715,0.1,-6.837606837604612,,0.0,0
A26,137,2025-08-18,17.0,Low,Low data,1 confirmed outbreaks in nearby sub-counties (last 4 weeks) | no outbreak declared here in the last 8 weeks | 90 weeks since last vaccination campaign | cattle arrivals -77% compared with recent weeks,"vaccination coverage about 23% | cooler, less evaporative conditions than normal",0.0,0.0,0.0,-77.40112994350282,0.0,0.2280518885601715,1.9,6.437768240345375,,0.0,0
A26,138,2025-08-25,29.0,Low,Low data,91 weeks since last vaccination campaign | no outbreak declared here in the last 8 weeks | 1 confirmed outbreaks in nearby sub-counties (last 4 weeks) | 19 cattle recorded arriving this week,0 farmer symptom reports in the last 2 weeks | vaccination coverage about 23%,0.0,0.0,19.0,20.754716981132077,0.0,0.2280518885601715,0.0,7.17372515125567,,0.0,0
A26,139,2025-09-01,19.0,Low,Low data,"92 weeks since last vaccination campaign | no outbreak declared here in the last 8 weeks | 1 confirmed outbreaks in nearby sub-counties (last 4 weeks) | hotter, drier air than normal (high evaporation)",0 farmer symptom reports in the last 2 weeks | vaccination coverage about 23%,0.0,0.0,27.0,81.56028368794325,0.0,0.2280518885601715,0.0,9.251101321588674,,0.0,0
A26,140,2025-09-08,12.0,Low,Low data,no outbreak declared here in the last 8 weeks | 93 weeks since last vaccination campaign | 1 confirmed outbreaks in nearby sub-counties (last 4 weeks) | not a border area,0 farmer symptom reports in the last 2 weeks | vaccination coverage about 23%,0.0,0.0,0.0,-74.84276729559748,0.0,0.2280518885601715,0.0,2.9045643153548117,,0.0,0
A26,141,2025-09-15,26.0,Low,Low data,"94 weeks since last vaccination campaign | no outbreak declared here in the last 8 weeks | 1 confirmed outbreaks in nearby sub-counties (last 4 weeks) | cooler, less evaporative conditions than normal",0 farmer symptom reports in the last 2 weeks | vaccination coverage about 23%,0.0,0.0,16.0,5.660377358490567,0.0,0.2280518885601715,1.0,10.378912685339634,,0.0,0
A26,142,2025-09-22,28.0,Low,Low data,no outbreak declared here in the last 8 weeks | 1 confirmed outbreaks in nearby sub-counties (last 4 weeks) | seasonal timing | 95 weeks since last vaccination campaign,vaccination coverage about 23% | 1 farmer symptom reports in the last 2 weeks,1.0,0.0,0.0,-77.14285714285715,0.0,0.2280518885601715,0.0,7.667210440458219,,0.0,0
A26,143,2025-09-29,18.0,Low,Low data,"seasonal timing | no outbreak declared here in the last 8 weeks | 96 weeks since last vaccination campaign | hotter, drier air than normal (high evaporation)",vaccination coverage about 23% | 0 confirmed outbreaks in nearby sub-counties (last 4 weeks),0.0,0.0,0.0,-77.14285714285715,0.0,0.2280518885601715,0.0,0.0769822940731691,,0.0,0
A26,144,2025-10-06,10.0,Low,Low data,no outbreak declared here in the last 8 weeks | 97 weeks since last vaccination campaign | seasonal timing | cattle arrivals -65% compared with recent weeks,0 farmer symptom reports in the last 2 weeks | vaccination coverage about 23%,0.0,0.0,0.0,-64.60176991150442,0.0,0.2280518885601715,1.2,-16.66666666666566,,0.0,0
A26,145,2025-10-13,5.0,Low,Low data,"no outbreak declared here in the last 8 weeks | 98 weeks since last vaccination campaign | hotter, drier air than normal (high evaporation) | cattle arrivals +41% compared with recent weeks",0 farmer symptom reports in the last 2 weeks | vaccination coverage about 23%,0.0,0.0,13.0,41.17647058823529,10.0,0.2280518885601715,0.6000000000000001,-35.41876892028257,,0.0,0
A26,146,2025-10-20,6.0,Low,Low data,no outbreak declared here in the last 8 weeks | 1 confirmed outbreaks in nearby sub-counties (last 4 weeks) | no recent vaccination campaign | seasonal timing,0 farmer symptom reports in the last 2 weeks | seasonal timing,0.0,0.0,6.0,-23.47826086956522,10.0,0.2280518885601715,0.0,-51.51515151515164,,0.0,0
A26,147,2025-10-27,15.0,Low,Low data,cattle arrivals +18% compared with recent weeks | no recent vaccination campaign | no outbreak declared here in the last 8 weeks | 1 confirmed outbreaks in nearby sub-counties (last 4 weeks),0 farmer symptom reports in the last 2 weeks | seasonal timing,0.0,0.0,10.0,17.647058823529413,0.0,0.2280518885601715,18.8,-39.62552541077591,,0.0,0
A26,148,2025-11-03,10.0,Low,Low data,"no outbreak declared here in the last 8 weeks | 1 confirmed outbreaks in nearby sub-counties (last 4 weeks) | no recent vaccination campaign | hotter, drier air than normal (high evaporation)",vaccination coverage about 23% | seasonal timing,1.0,0.0,0.0,-52.94117647058824,0.0,0.2280518885601715,4.5,-60.4989604989606,,0.0,0
A26,149,2025-11-10,48.0,Elevated,Low data,cattle arrivals +116% compared with recent weeks | no outbreak declared here in the last 8 weeks | no recent vaccination campaign | 1 confirmed outbreaks in nearby sub-counties (last 4 weeks),vaccination coverage about 23% | 1 farmer symptom reports in the last 2 weeks,0.0,0.0,18.0,116.47058823529413,0.0,0.2280518885601715,6.1,-63.71961958436083,,0.0,0
A26,150,2025-11-17,13.0,Low,Low data,"no recent vaccination campaign | no outbreak declared here in the last 8 weeks | seasonal timing | hotter, drier air than normal (high evaporation)",0 farmer symptom reports in the last 2 weeks | vaccination coverage about 23%,0.0,0.0,17.0,102.29885057471265,0.0,0.2280518885601715,1.7,-68.73633581110636,,0.0,1
A26,151,2025-11-24,100.0,High,Low data,4 farmer symptom reports in the last 2 weeks | no outbreak declared here in the last 8 weeks | symptom reports well above this area's normal level | no recent vaccination campaign,vaccination coverage about 23% | seasonal timing,4.0,0.0,30.0,169.23076923076923,0.0,0.2280518885601715,1.4,-71.38058014083599,Farmer symptom reports unusually high (4 this week),0.0,1
A26,152,2025-12-01,100.0,High,Low data,8 farmer symptom reports in the last 2 weeks | no outbreak declared here in the last 8 weeks | rainfall 72% below normal over the last 8 weeks | no recent vaccination campaign,vaccination coverage about 23% | moderate cattle density,4.0,1.0,0.0,-70.1492537313433,0.0,0.2280518885601715,0.2,-72.28977345449894,,1.0,0
A26,153,2025-12-08,40.0,Elevated,Low data,"6 farmer symptom reports in the last 2 weeks | rainfall 71% below normal over the last 8 weeks | vaccination coverage about 60% | hotter, drier air than normal (high evaporation)",outbreak declared here in the last 8 weeks | 0 weeks since last vaccination campaign,2.0,0.0,65.0,317.91044776119406,0.0,0.6015180319812066,5.7,-70.62393784899241,Cattle arrivals unusually high (+318% on recent weeks),0.0,0
A27,104,2024-12-30,42.0,Elevated,Low data,"57 weeks since last vaccination campaign | cooler, less evaporative conditions than normal | no outbreak declared here in the last 8 weeks | symptom reports at or below normal",0 farmer symptom reports in the last 2 weeks | seasonal timing,0.0,0.0,6.0,-56.00000000000001,0.0,0.3449391795160818,0.1,-14.954293906368124,,0.0,0
A27,105,2025-01-06,40.0,Elevated,Low data,58 weeks since last vaccination campaign | no outbreak declared here in the last 8 weeks | cattle arrivals +37% compared with recent weeks | vaccination coverage about 34%,0 farmer symptom reports in the last 2 weeks | seasonal timing,0.0,0.0,23.0,37.423312883435585,0.0,0.3397650918233405,0.0,-55.132753276821575,,0.0,0
A27,106,2025-01-13,37.0,Low,Low data,"59 weeks since last vaccination campaign | no outbreak declared here in the last 8 weeks | rainfall 67% below normal over the last 8 weeks | hotter, drier air than normal (high evaporation)",0 farmer symptom reports in the last 2 weeks | 0 confirmed outbreaks in nearby sub-counties (last 4 weeks),0.0,0.0,0.0,-76.33136094674556,0.0,0.3346686154459904,0.0,-67.22008799797966,,0.0,0
A27,107,2025-01-20,43.0,Elevated,Low data,"60 weeks since last vaccination campaign | no outbreak declared here in the last 8 weeks | hotter, drier air than normal (high evaporation) | cattle arrivals +294% compared with recent weeks",0 confirmed outbreaks in nearby sub-counties (last 4 weeks) | 1 farmer symptom reports in the last 2 weeks,1.0,0.0,63.0,294.2028985507247,0.0,0.3296485862143005,0.0,-76.56841982552629,Cattle arrivals unusually high (+294% on recent weeks),0.0,0
A27,108,2025-01-27,41.0,Elevated,Low data,"61 weeks since last vaccination campaign | no outbreak declared here in the last 8 weeks | hotter, drier air than normal (high evaporation) | rainfall 75% below normal over the last 8 weeks",0 confirmed outbreaks in nearby sub-counties (last 4 weeks) | 1 farmer symptom reports in the last 2 weeks,0.0,0.0,27.0,47.97687861271676,0.0,0.324703857421086,0.1,-75.19452159348742,,0.0,0
A27,109,2025-02-03,49.0,Elevated,Low data,62 weeks since last vaccination campaign | 1 confirmed outbreaks in nearby sub-counties (last 4 weeks) | no outbreak declared here in the last 8 weeks | rainfall 69% below normal over the last 8 weeks,0 farmer symptom reports in the last 2 weeks | 0 farmer symptom reports this week,0.0,0.0,71.0,221.69312169312167,0.0,0.3198332995597697,0.0,-69.43972835314176,,0.0,0
A27,110,2025-02-10,40.0,Elevated,Low data,63 weeks since last vaccination campaign | no outbreak declared here in the last 8 weeks | 1 confirmed outbreaks in nearby sub-counties (last 4 weeks) | seasonal timing,cattle arrivals +6% compared with recent weeks | 1 farmer symptom reports in the last 2 weeks,1.0,0.0,27.0,6.224066390041494,0.0,0.3150358000663732,0.8999999999999999,-60.33039484406293,,0.0,0
A27,111,2025-02-17,45.0,Elevated,Low data,64 weeks since last vaccination campaign | no outbreak declared here in the last 8 weeks | 1 confirmed outbreaks in nearby sub-counties (last 4 weeks) | seasonal timing,1 farmer symptom reports in the last 2 weeks | cattle arrivals +88% compared with recent weeks,0.0,0.0,58.0,88.05970149253731,0.0,0.3103102630653776,0.1,-56.43341833427049,,0.0,0
A27,112,2025-02-24,28.0,Low,Low data,65 weeks since last vaccination campaign | no outbreak declared here in the last 8 weeks | 2 confirmed outbreaks in nearby sub-counties (last 4 weeks) | seasonal timing,0 farmer symptom reports in the last 2 weeks | seasonal timing,0.0,0.0,12.0,-56.82539682539682,0.0,0.3056556091193969,0.0,-60.42780748663144,,0.0,0
A27,113,2025-03-03,17.0,Low,Low data,66 weeks since last vaccination campaign | no outbreak declared here in the last 8 weeks | 1 confirmed outbreaks in nearby sub-counties (last 4 weeks) | 23 cattle arrived from other sub-counties,0 farmer symptom reports in the last 2 weeks | seasonal timing,0.0,0.0,28.0,-17.75700934579439,23.0,0.301070774982606,0.0,-61.18881118881154,,0.0,0
A27,114,2025-03-10,21.0,Low,Low data,no outbreak declared here in the last 8 weeks | 67 weeks since last vaccination campaign | 1 confirmed outbreaks in nearby sub-counties (last 4 weeks) | 23 cattle arrived from areas with recent outbreaks,seasonal timing | seasonal timing,1.0,0.0,13.0,-55.828220858895705,23.0,0.2965547133578669,9.8,-37.02922567038316,,0.0,0
A27,115,2025-03-17,20.0,Low,Low data,68 weeks since last vaccination campaign | no outbreak declared here in the last 8 weeks | 1 confirmed outbreaks in nearby sub-counties (last 4 weeks) | rainfall 64% above normal over the last 8 weeks,"cooler, less evaporative conditions than normal | seasonal timing",0.0,0.0,33.0,-10.32448377581121,0.0,0.2921063926574989,41.6,63.6125654450254,,0.0,0
A27,116,2025-03-24,22.0,Low,Low data,69 weeks since last vaccination campaign | cattle arrivals +19% compared with recent weeks | no outbreak declared here in the last 8 weeks | not a border area,"0 farmer symptom reports in the last 2 weeks | cooler, less evaporative conditions than normal",0.0,0.0,41.0,19.093851132686083,0.0,0.2877247967676364,52.5,101.82680484805896,,0.0,0
A27,117,2025-03-31,14.0,Low,Low data,70 weeks since last vaccination campaign | no outbreak declared here in the last 8 weeks | 3 cattle recorded arriving this week | seasonal timing,0 farmer symptom reports in the last 2 weeks | 0 confirmed outbreaks in nearby sub-counties (last 4 weeks),0.0,0.0,3.0,-80.18575851393189,0.0,0.2834089248161218,30.0,105.56107249255192,,0.0,0
A27,118,2025-04-07,16.0,Low,Low data,71 weeks since last vaccination campaign | no outbreak declared here in the last 8 weeks | cattle arrivals +44% compared with recent weeks | not a border area,0 farmer symptom reports in the last 2 weeks | 0 confirmed outbreaks in nearby sub-counties (last 4 weeks),0.0,0.0,41.0,44.31372549019608,0.0,0.27915779094388,11.5,90.51703013967136,,0.0,0
A27,119,2025-04-14,7.0,Low,Low data,72 weeks since last vaccination campaign | no outbreak declared here in the last 8 weeks | not a border area | 20 cattle recorded arriving this week,0 farmer symptom reports in the last 2 weeks | seasonal timing,0.0,0.0,20.0,-25.650557620817843,0.0,0.2749704240797218,58.2,103.64191057298116,,0.0,0
A27,120,2025-04-21,5.0,Low,Low data,73 weeks since last vaccination campaign | no outbreak declared here in the last 8 weeks | not a border area,0 farmer symptom reports in the last 2 weeks | seasonal timing,0.0,0.0,10.0,-48.05194805194805,0.0,0.2708458677185259,21.2,77.79797061941545,,0.0,0
A27,121,2025-04-28,14.0,Low,Low data,no outbreak declared here in the last 8 weeks | 74 weeks since last vaccination campaign | 1 farmer symptom reports this week | rainfall 94% above normal over the last 8 weeks,seasonal timing | 0 confirmed outbreaks in nearby sub-counties (last 4 weeks),1.0,0.0,9.0,-51.09170305676856,0.0,0.266783179702748,30.5,93.66377107818084,,0.0,0
A27,122,2025-05-05,33.0,Low,Low data,"rainfall 116% above normal over the last 8 weeks | 75 weeks since last vaccination campaign | no outbreak declared here in the last 8 weeks | cooler, less evaporative conditions than normal",0 confirmed outbreaks in nearby sub-counties (last 4 weeks) | 1 farmer symptom reports in the last 2 weeks,0.0,0.0,0.0,-80.95238095238095,0.0,0.2627814320072067,29.5,116.41734376186508,,0.0,0
A27,123,2025-05-12,41.0,Elevated,Low data,76 weeks since last vaccination campaign | cattle arrivals +18% compared with recent weeks | no outbreak declared here in the last 8 weeks | 24 cattle arrived from other sub-counties,0 farmer symptom reports in the last 2 weeks | 0 confirmed outbreaks in nearby sub-counties (last 4 weeks),0.0,0.0,24.0,17.766497461928935,24.0,0.2588397105270986,1.2999999999999998,94.96454465779624,,0.0,0
A27,124,2025-05-19,11.0,Low,Low data,77 weeks since last vaccination campaign | no outbreak declared here in the last 8 weeks | 24 cattle arrived from areas with recent outbreaks | not a border area,0 farmer symptom reports in the last 2 weeks | 0 confirmed outbreaks in nearby sub-counties (last 4 weeks),0.0,0.0,44.0,108.51063829787233,24.0,0.2549571148691921,0.7999999999999999,84.58301453710779,,0.0,0
A27,125,2025-05-26,15.0,Low,Low data,78 weeks since last vaccination campaign | no outbreak declared here in the last 8 weeks | 24 cattle recorded arriving this week | cattle arrivals +21% compared with recent weeks,0 farmer symptom reports in the last 2 weeks | 0 confirmed outbreaks in nearby sub-counties (last 4 weeks),0.0,0.0,24.0,21.465968586387437,0.0,0.2511327581461542,3.4,80.37940379403804,,0.0,0
A27,126,2025-06-02,8.0,Low,Low data,79 weeks since last vaccination campaign | no outbreak declared here in the last 8 weeks | 20 cattle recorded arriving this week | not a border area,0 farmer symptom reports in the last 2 weeks | cattle arrivals -6% compared with recent weeks,0.0,0.0,20.0,-5.660377358490567,0.0,0.2473657667739619,2.8,96.73153692614784,,0.0,0
A27,127,2025-06-09,11.0,Low,Low data,80 weeks since last vaccination campaign | no outbreak declared here in the last 8 weeks | 3 cattle recorded arriving this week | cattle arrivals -66% compared with recent weeks,0 farmer symptom reports in the last 2 weeks | 0 confirmed outbreaks in nearby sub-counties (last 4 weeks),0.0,0.0,3.0,-66.49214659685863,0.0,0.2436552802723525,2.6,79.46915099314454,,0.0,0
A27,128,2025-06-16,44.0,Elevated,Low data,rainfall 203% above normal over the last 8 weeks | no outbreak declared here in the last 8 weeks | 81 weeks since last vaccination campaign | 1 farmer symptom reports this week,0 confirmed outbreaks in nearby sub-counties (last 4 weeks) | 1 farmer symptom reports in the last 2 weeks,1.0,0.0,69.0,240.22988505747125,0.0,0.2400004510682672,0.2,203.29094988780807,Cattle arrivals unusually high (+240% on recent weeks),0.0,0
A27,129,2025-06-23,21.0,Low,Low data,rainfall 176% above normal over the last 8 weeks | 82 weeks since last vaccination campaign | no outbreak declared here in the last 8 weeks | seasonal timing,"cooler, less evaporative conditions than normal | 0 confirmed outbreaks in nearby sub-counties (last 4 weeks)",0.0,0.0,21.0,-10.72961373390558,0.0,0.2364004443022432,2.9,176.20030975735668,,0.0,0
A27,130,2025-06-30,18.0,Low,Low data,seasonal timing | no outbreak declared here in the last 8 weeks | 83 weeks since last vaccination campaign | 20 cattle recorded arriving this week,0 farmer symptom reports in the last 2 weeks | vaccination coverage about 23%,0.0,0.0,20.0,-18.367346938775512,0.0,0.2328544376377095,3.4,66.97135892748412,,0.0,0
A27,131,2025-07-07,12.0,Low,Low data,no outbreak declared here in the last 8 weeks | 84 weeks since last vaccination campaign | seasonal timing | cattle arrivals +39% compared with recent weeks,0 farmer symptom reports in the last 2 weeks | vaccination coverage about 23%,0.0,0.0,41.0,38.86792452830189,0.0,0.2293616210731439,1.2,61.92170818505542,,0.0,0
A27,132,2025-07-14,41.0,Elevated,Low data,no outbreak declared here in the last 8 weeks | seasonal timing | 2 cattle recorded arriving this week | 85 weeks since last vaccination campaign,vaccination coverage about 23% | 0 confirmed outbreaks in nearby sub-counties (last 4 weeks),1.0,0.0,2.0,-80.1418439716312,0.0,0.2259211967570467,0.5,61.48325358851893,,0.0,0
A27,133,2025-07-21,37.0,Low,Low data,1 suspected cases reported by vets this week | no outbreak declared here in the last 8 weeks | 86 weeks since last vaccination campaign | seasonal timing,vaccination coverage about 22% | 0 confirmed outbreaks in nearby sub-counties (last 4 weeks),0.0,1.0,0.0,-83.33333333333334,0.0,0.222532378805691,0.6,58.2733812949647,,0.0,0
A27,134,2025-07-28,12.0,Low,Low data,no outbreak declared here in the last 8 weeks | 87 weeks since last vaccination campaign | 1 vet-reported suspected cases in the last 2 weeks | 1 farmer symptom reports this week,"cooler, less evaporative conditions than normal | vaccination coverage about 22%",1.0,0.0,33.0,40.74074074074074,0.0,0.2191943931236056,0.7000000000000001,41.123882503194,,0.0,0
A27,135,2025-08-04,45.0,Elevated,Low data,no outbreak declared here in the last 8 weeks | 2 farmer symptom reports in the last 2 weeks | 1 confirmed outbreaks in nearby sub-counties (last 4 weeks) | 4 cattle recorded arriving this week,vaccination coverage about 22% | rainfall 31% above normal over the last 8 weeks,1.0,0.0,4.0,-68.5589519650655,0.0,0.2159064772267515,1.2,30.59936908517504,,0.0,0
A27,136,2025-08-11,43.0,Elevated,Low data,1 suspected cases reported by vets this week | no outbreak declared here in the last 8 weeks | 2 confirmed outbreaks in nearby sub-counties (last 4 weeks) | 89 weeks since last vaccination campaign,vaccination coverage about 21% | seasonal timing,0.0,1.0,36.0,42.608695652173914,0.0,0.2126678800683502,1.3,37.6262626262635,,0.0,0
A27,137,2025-08-18,41.0,Elevated,Low data,2 suspected cases reported by vets this week | no outbreak declared here in the last 8 weeks | 2 confirmed outbreaks in nearby sub-counties (last 4 weeks) | 90 weeks since last vaccination campaign,"cooler, less evaporative conditions than normal | vaccination coverage about 21%",1.0,2.0,17.0,-10.65989847715736,0.0,0.209477861867325,2.8,35.879774577332554,,0.0,1
A27,138,2025-08-25,95.0,High,Low data,5 farmer symptom reports in the last 2 weeks | no outbreak declared here in the last 8 weeks | symptom reports well above this area's normal level | 91 weeks since last vaccination campaign,vaccination coverage about 21% | rainfall 35% above normal over the last 8 weeks,4.0,1.0,0.0,-79.27461139896373,0.0,0.2063356939393151,2.7,34.52914798206168,Farmer symptom reports unusually high (4 this week),0.0,1
A27,139,2025-09-01,61.0,Elevated,Low data,6 farmer symptom reports in the last 2 weeks | no outbreak declared here in the last 8 weeks | 2 suspected cases reported by vets this week | 92 weeks since last vaccination campaign,vaccination coverage about 20% | 33 cattle recorded arriving this week,2.0,2.0,33.0,75.72254335260115,0.0,0.2032406585302254,0.0,34.96932515337221,,1.0,0
A27,140,2025-09-08,9.0,Low,Low data,5 farmer symptom reports in the last 2 weeks | 3 suspected cases reported by vets this week | 3 farmer symptom reports this week | 93 weeks since last vaccination campaign,outbreak declared here in the last 8 weeks | vaccination coverage about 20%,3.0,3.0,12.0,-17.575757575757574,0.0,0.200192048652272,1.3,37.8848728246297,,0.0,0
A27,141,2025-09-15,13.0,Low,Low data,8 farmer symptom reports in the last 2 weeks | 2 suspected cases reported by vets this week | 5 cattle recorded arriving this week | 5 vet-reported suspected cases in the last 2 weeks,outbreak declared here in the last 8 weeks | vaccination coverage about 20%,5.0,2.0,5.0,-54.285714285714285,0.0,0.1971891679224879,1.7,41.00064977257898,,0.0,0
A27,142,2025-09-22,15.0,Low,Low data,8 farmer symptom reports in the last 2 weeks | seasonal timing | 3 farmer symptom reports this week | 95 weeks since last vaccination campaign,outbreak declared here in the last 8 weeks | cattle arrivals +2% compared with recent weeks,3.0,0.0,18.0,2.2222222222222223,0.0,0.1942313304036506,0.8,39.47536788227641,,0.0,0
A27,143,2025-09-29,36.0,Low,Low data,"5 farmer symptom reports in the last 2 weeks | seasonal timing | hotter, drier air than normal (high evaporation) | cattle arrivals -76% compared with recent weeks",outbreak declared here in the last 8 weeks | vaccination coverage about 19%,2.0,0.0,0.0,-75.75757575757575,0.0,0.1913178604475958,0.2,26.5976871576377,,0.0,0
A27,144,2025-10-06,18.0,Low,Low data,3 farmer symptom reports in the last 2 weeks | seasonal timing | 97 weeks since last vaccination campaign | cattle arrivals +19% compared with recent weeks,outbreak declared here in the last 8 weeks | vaccination coverage about 19%,1.0,0.0,19.0,19.25465838509317,0.0,0.191096301527259,3.5,22.21041445270956,,0.0,0
A27,145,2025-10-13,8.0,Low,Low data,cattle arrivals +161% compared with recent weeks | 98 weeks since last vaccination campaign | 2 farmer symptom reports in the last 2 weeks | 18 cattle arrived from other sub-counties,outbreak declared here in the last 8 weeks | vaccination coverage about 19%,1.0,0.0,42.0,161.11111111111111,0.0,0.191096301527259,1.7,2.6722925457104965,,0.0,0
A27,146,2025-10-20,5.0,Low,Low data,no recent vaccination campaign | cattle arrivals +14% compared with recent weeks | 1 confirmed outbreaks in nearby sub-counties (last 4 weeks) | 2 farmer symptom reports in the last 2 weeks,outbreak declared here in the last 8 weeks | seasonal timing,1.0,0.0,19.0,13.609467455621301,0.0,0.191096301527259,0.0,-35.483870967741765,,0.0,0
A27,147,2025-10-27,10.0,Low,Low data,symptom reports at or below normal | 5 cattle recorded arriving this week | no recent vaccination campaign | 2 confirmed outbreaks in nearby sub-counties (last 4 weeks),outbreak declared here in the last 8 weeks | seasonal timing,0.0,0.0,5.0,-57.446808510638306,0.0,0.191096301527259,45.5,40.2557988293953,,0.0,0
A27,148,2025-11-03,42.0,Elevated,Low data,no outbreak declared here in the last 8 weeks | 2 confirmed outbreaks in nearby sub-counties (last 4 weeks) | no recent vaccination campaign | rainfall 84% above normal over the last 8 weeks,vaccination coverage about 19% | seasonal timing,1.0,0.0,26.0,55.00000000000001,0.0,0.191096301527259,66.6,84.18815528478342,,0.0,0
A27,149,2025-11-10,48.0,Elevated,Low data,symptom reports at or below normal | no outbreak declared here in the last 8 weeks | no recent vaccination campaign | seasonal timing,1 farmer symptom reports in the last 2 weeks | 16 cattle arrived from areas with recent outbreaks,0.0,0.0,39.0,102.29885057471265,16.0,0.191096301527259,6.4,37.94162826420899,,0.0,0
A27,150,2025-11-17,40.0,Elevated,Low data,no outbreak declared here in the last 8 weeks | symptom reports at or below normal | no recent vaccination campaign | 1 confirmed outbreaks in nearby sub-counties (last 4 weeks),0 farmer symptom reports in the last 2 weeks | cattle arrivals -23% compared with recent weeks,0.0,0.0,15.0,-23.076923076923077,16.0,0.191096301527259,3.2,0.5058280184738424,,0.0,0
A27,151,2025-11-24,40.0,Elevated,Low data,no recent vaccination campaign | no outbreak declared here in the last 8 weeks | 1 confirmed outbreaks in nearby sub-counties (last 4 weeks) | vaccination coverage about 19%,0 farmer symptom reports in the last 2 weeks | seasonal timing,0.0,0.0,34.0,52.19512195121951,0.0,0.191096301527259,2.9,-14.406416457478636,,0.0,0
A27,152,2025-12-01,39.0,Low,Low data,"no recent vaccination campaign | no outbreak declared here in the last 8 weeks | 2 confirmed outbreaks in nearby sub-counties (last 4 weeks) | hotter, drier air than normal (high evaporation)",0 farmer symptom reports in the last 2 weeks | cattle arrivals +74% compared with recent weeks,0.0,0.0,47.0,74.05857740585773,0.0,0.191096301527259,0.6,-18.91251554818453,,0.0,0
A27,153,2025-12-08,10.0,Low,Low data,"no outbreak declared here in the last 8 weeks | hotter, drier air than normal (high evaporation) | vaccination coverage about 46% | 2 confirmed outbreaks in nearby sub-counties (last 4 weeks)",0 farmer symptom reports in the last 2 weeks | 0 weeks since last vaccination campaign,0.0,0.0,19.0,-28.08988764044944,0.0,0.4616779901958509,2.2,-23.806355015804325,,0.0,0
