area_id,week,week_start,precip_mm,et0_mm,precip_clim_mm,et0_clim_mm
A00,0,2023-01-02,1.3,33.17,15.61111111111111,32.00666666666667
A00,1,2023-01-09,1.0,36.62,33.9,31.286
A00,2,2023-01-16,0.2,37.57,24.48,31.620000000000005
A00,3,2023-01-23,0.1,40.7,13.0,33.891000000000005
A00,4,2023-01-30,0.2,42.59,36.78,33.972
A00,5,2023-02-06,0.9,41.58,21.91,34.394
A00,6,2023-02-13,0.1,44.56,11.989999999999998,35.6
A00,7,2023-02-20,0.4,43.26,22.69,34.052
A00,8,2023-02-27,5.9,40.62,13.379999999999999,36.42
A00,9,2023-03-06,0.5,41.16,21.779999999999998,37.251999999999995
A00,10,2023-03-13,12.1,33.43,24.689999999999998,35.845
A00,11,2023-03-20,66.6,25.87,14.01,35.981
A00,12,2023-03-27,33.9,29.29,36.75,31.246000000000002
A00,13,2023-04-03,15.2,29.41,29.05,30.558000000000003
A00,14,2023-04-10,21.4,29.53,31.169999999999998,30.168
A00,15,2023-04-17,14.8,28.43,47.51,27.3
A00,16,2023-04-24,41.1,23.69,44.38,25.598
A00,17,2023-05-01,28.1,25.28,29.76,24.692
A00,18,2023-05-08,9.0,26.919999999999998,17.56,24.133
A00,19,2023-05-15,3.6,29.57,12.02,25.529999999999998
A00,20,2023-05-22,1.2,30.11,7.719999999999999,25.838
A00,21,2023-05-29,5.2,26.17,7.510000000000001,27.26
A00,22,2023-06-05,1.8,30.65,10.84,24.292
A00,23,2023-06-12,3.8,25.33,16.39,23.134999999999998
A00,24,2023-06-19,3.1,26.12,12.98,22.788999999999998
A00,25,2023-06-26,1.8,26.67,4.4399999999999995,25.377000000000002
A00,26,2023-07-03,0.3,25.16,2.31,25.068
A00,27,2023-07-10,0.2,32.26,3.6,24.7
A00,28,2023-07-17,3.0,31.79,1.33,26.822000000000003
A00,29,2023-07-24,1.5,28.09,5.5200000000000005,25.615
A00,30,2023-07-31,1.1,25.24,6.540000000000001,25.365000000000002
A00,31,2023-08-07,1.9,31.2,3.9199999999999995,26.786
A00,32,2023-08-14,0.7,35.95,9.7,29.601999999999997
A00,33,2023-08-21,0.2,39.38,4.7299999999999995,30.953000000000003
A00,34,2023-08-28,2.6,33.019999999999996,7.31,29.938
A00,35,2023-09-04,26.5,31.02,11.27,29.314
A00,36,2023-09-11,1.8,33.01,5.42,33.855000000000004
A00,37,2023-09-18,11.1,34.35,6.790000000000001,35.55
A00,38,2023-09-25,3.5,35.98,12.61,34.019
A00,39,2023-10-02,1.9000000000000001,36.62,11.27,36.215
A00,40,2023-10-09,4.6,38.7,6.85,36.794
A00,41,2023-10-16,7.0,34.01,11.440000000000001,34.684000000000005
A00,42,2023-10-23,1.2000000000000002,40.45,8.99,34.023
A00,43,2023-10-30,21.3,31.25,12.87,31.886000000000003
A00,44,2023-11-06,62.4,25.990000000000002,11.78,32.311
A00,45,2023-11-13,10.7,27.99,19.47,29.959000000000003
A00,46,2023-11-20,52.800000000000004,23.7,47.13,28.235000000000003
A00,47,2023-11-27,39.1,28.94,29.919999999999998,29.125
A00,48,2023-12-04,9.1,30.46,41.88,29.250999999999998
A00,49,2023-12-11,28.1,28.93,30.830000000000002,28.952999999999996
A00,50,2023-12-18,3.5,32.980000000000004,23.68,30.272000000000002
A00,51,2023-12-25,19.1,31.77,28.908333333333335,30.784166666666668
A00,52,2024-01-01,56.4,25.7,15.61111111111111,32.00666666666667
A00,53,2024-01-08,76.5,20.76,33.9,31.286
A00,54,2024-01-15,59.7,25.03,24.48,31.620000000000005
A00,55,2024-01-22,9.7,30.700000000000003,13.0,33.891000000000005
A00,56,2024-01-29,3.2,33.33,36.78,33.972
A00,57,2024-02-05,5.7,34.08,21.91,34.394
A00,58,2024-02-12,0.8,37.25,11.989999999999998,35.6
A00,59,2024-02-19,7.199999999999999,36.71,22.69,34.052
A00,60,2024-02-26,15.799999999999999,30.67,13.379999999999999,36.42
A00,61,2024-03-04,7.4,33.81,21.779999999999998,37.251999999999995
A00,62,2024-03-11,1.9000000000000001,39.519999999999996,24.689999999999998,35.845
A00,63,2024-03-18,22.9,38.16,14.01,35.981
A00,64,2024-03-25,10.2,32.78,36.75,31.246000000000002
A00,65,2024-04-01,27.5,29.03,29.05,30.558000000000003
A00,66,2024-04-08,73.3,26.919999999999998,31.169999999999998,30.168
A00,67,2024-04-15,30.6,28.07,47.51,27.3
A00,68,2024-04-22,72.9,25.17,44.38,25.598
A00,69,2024-04-29,83.0,24.5,29.76,24.692
A00,70,2024-05-06,9.700000000000001,23.59,17.56,24.133
A00,71,2024-05-13,6.6,28.39,12.02,25.529999999999998
A00,72,2024-05-20,6.0,25.62,7.719999999999999,25.838
A00,73,2024-05-27,0.8999999999999999,27.189999999999998,7.510000000000001,27.26
A00,74,2024-06-03,6.0,25.37,10.84,24.292
A00,75,2024-06-10,1.7000000000000002,26.17,16.39,23.134999999999998
A00,76,2024-06-17,0.1,26.39,12.98,22.788999999999998
A00,77,2024-06-24,0.0,26.82,4.4399999999999995,25.377000000000002
A00,78,2024-07-01,20.6,27.36,2.31,25.068
A00,79,2024-07-08,11.6,26.14,3.6,24.7
A00,80,2024-07-15,3.4,26.11,1.33,26.822000000000003
A00,81,2024-07-22,2.4,28.54,5.5200000000000005,25.615
A00,82,2024-07-29,11.5,28.03,6.540000000000001,25.365000000000002
A00,83,2024-08-05,0.0,31.9,3.9199999999999995,26.786
A00,84,2024-08-12,2.1,32.27,9.7,29.601999999999997
A00,85,2024-08-19,0.0,28.0,4.7299999999999995,30.953000000000003
A00,86,2024-08-26,1.7,33.95,7.31,29.938
A00,87,2024-09-02,0.8,34.55,11.27,29.314
A00,88,2024-09-09,0.0,41.72,5.42,33.855000000000004
A00,89,2024-09-16,8.2,36.54,6.790000000000001,35.55
A00,90,2024-09-23,30.4,34.74,12.61,34.019
A00,91,2024-09-30,9.0,35.26,11.27,36.215
A00,92,2024-10-07,0.8999999999999999,39.01,6.85,36.794
A00,93,2024-10-14,32.5,32.09,11.440000000000001,34.684000000000005
A00,94,2024-10-21,2.1,36.91,8.99,34.023
A00,95,2024-10-28,0.3,41.68,12.87,31.886000000000003
A00,96,2024-11-04,3.0,37.199999999999996,11.78,32.311
A00,97,2024-11-11,22.9,27.18,19.47,29.959000000000003
A00,98,2024-11-18,55.6,28.990000000000002,47.13,28.235000000000003
A00,99,2024-11-25,44.5,24.84,29.919999999999998,29.125
A00,100,2024-12-02,31.1,28.75,41.88,29.250999999999998
A00,101,2024-12-09,5.6,31.87,30.830000000000002,28.952999999999996
A00,102,2024-12-16,24.2,27.65,23.68,30.272000000000002
A00,103,2024-12-23,21.0,29.58,28.908333333333335,30.784166666666668
A00,104,2024-12-30,3.2,35.660000000000004,15.61111111111111,32.00666666666667
A00,105,2025-01-06,2.8,36.46,33.9,31.286
A00,106,2025-01-13,0.6,38.06,24.48,31.620000000000005
A00,107,2025-01-20,14.4,31.97,13.0,33.891000000000005
A00,108,2025-01-27,44.1,23.43,36.78,33.972
A00,109,2025-02-03,3.3000000000000003,33.97,21.91,34.394
A00,110,2025-02-10,2.3,38.85,11.989999999999998,35.6
A00,111,2025-02-17,0.0,45.52,22.69,34.052
A00,112,2025-02-24,0.0,46.019999999999996,13.379999999999999,36.42
A00,113,2025-03-03,18.8,43.75,21.779999999999998,37.251999999999995
A00,114,2025-03-10,46.9,31.54,24.689999999999998,35.845
A00,115,2025-03-17,12.2,30.69,14.01,35.981
A00,116,2025-03-24,63.60000000000001,27.93,36.75,31.246000000000002
A00,117,2025-03-31,17.0,27.24,29.05,30.558000000000003
A00,118,2025-04-07,24.1,28.03,31.169999999999998,30.168
A00,119,2025-04-14,23.7,30.25,47.51,27.3
A00,120,2025-04-21,10.600000000000001,26.47,44.38,25.598
A00,121,2025-04-28,10.2,34.13,29.76,24.692
A00,122,2025-05-05,24.0,27.13,17.56,24.133
A00,123,2025-05-12,11.200000000000001,27.09,12.02,25.529999999999998
A00,124,2025-05-19,10.6,26.94,7.719999999999999,25.838
A00,125,2025-05-26,3.0,29.41,7.510000000000001,27.26
A00,126,2025-06-02,2.8,28.04,10.84,24.292
A00,127,2025-06-09,0.8,31.68,16.39,23.134999999999998
A00,128,2025-06-16,17.5,26.6,12.98,22.788999999999998
A00,129,2025-06-23,1.7,28.39,4.4399999999999995,25.377000000000002
A00,130,2025-06-30,0.7,26.48,2.31,25.068
A00,131,2025-07-07,2.5,22.31,3.6,24.7
A00,132,2025-07-14,4.9,28.28,1.33,26.822000000000003
A00,133,2025-07-21,1.1,33.13,5.5200000000000005,25.615
A00,134,2025-07-28,0.1,33.6,6.540000000000001,25.365000000000002
A00,135,2025-08-04,13.8,26.96,3.9199999999999995,26.786
A00,136,2025-08-11,6.7,28.87,9.7,29.601999999999997
A00,137,2025-08-18,19.3,22.22,4.7299999999999995,30.953000000000003
A00,138,2025-08-25,2.2,35.4,7.31,29.938
A00,139,2025-09-01,0.8,35.09,11.27,29.314
A00,140,2025-09-08,4.8,35.91,5.42,33.855000000000004
A00,141,2025-09-15,2.0,40.629999999999995,6.790000000000001,35.55
A00,142,2025-09-22,2.6,36.59,12.61,34.019
A00,143,2025-09-29,14.9,34.61,11.27,36.215
A00,144,2025-10-06,3.6,37.96,6.85,36.794
A00,145,2025-10-13,0.7,39.13,11.440000000000001,34.684000000000005
A00,146,2025-10-20,32.5,33.57,8.99,34.023
A00,147,2025-10-27,18.7,28.45,12.87,31.886000000000003
A00,148,2025-11-03,3.7,36.11,11.78,32.311
A00,149,2025-11-10,1.5,40.63,19.47,29.959000000000003
A00,150,2025-11-17,1.4,38.84,47.13,28.235000000000003
A00,151,2025-11-24,1.2000000000000002,40.480000000000004,29.919999999999998,29.125
A00,152,2025-12-01,1.0,43.97,41.88,29.250999999999998
A00,153,2025-12-08,18.9,35.4,30.830000000000002,28.952999999999996
A00,154,2025-12-15,8.5,36.33,23.68,30.272000000000002
A00,155,2025-12-22,39.6,33.21,28.908333333333335,30.784166666666668
A01,0,2023-01-02,1.4,34.16,15.02222222222222,32.32888888888888
A01,1,2023-01-09,2.3000000000000003,38.37,27.160000000000004,31.719
A01,2,2023-01-16,0.2,40.43,22.28,31.028
A01,3,2023-01-23,0.0,45.16,13.929999999999998,34.247
A01,4,2023-01-30,1.0999999999999999,44.51,27.6,34.183
A01,5,2023-02-06,18.700000000000003,41.269999999999996,20.720000000000002,34.93
A01,6,2023-02-13,0.4,47.09,11.07,36.051
A01,7,2023-02-20,0.2,46.94,20.6,34.648
A01,8,2023-02-27,7.6,39.9,11.58,37.073
A01,9,2023-03-06,2.8,42.71,17.64,37.7
A01,10,2023-03-13,21.0,32.74,23.66,36.072
A01,11,2023-03-20,74.2,26.75,10.18,35.763999999999996
A01,12,2023-03-27,13.7,31.3,31.610000000000003,30.855
A01,13,2023-04-03,6.1,30.939999999999998,24.38,30.07
A01,14,2023-04-10,8.8,31.18,25.240000000000002,29.85
A01,15,2023-04-17,16.400000000000002,29.17,29.54,27.669999999999998
A01,16,2023-04-24,43.8,24.09,39.38,25.559
A01,17,2023-05-01,13.8,26.3,24.979999999999997,24.779000000000003
A01,18,2023-05-08,5.4,28.759999999999998,12.65,25.197
A01,19,2023-05-15,6.6000000000000005,31.3,10.04,27.348000000000003
A01,20,2023-05-22,2.2,32.15,8.22,27.024
A01,21,2023-05-29,5.9,26.91,7.250000000000002,28.318
A01,22,2023-06-05,2.7,32.55,17.41,26.02
A01,23,2023-06-12,2.6,28.439999999999998,20.09,24.343
A01,24,2023-06-19,13.399999999999999,27.32,14.1,24.029
A01,25,2023-06-26,7.1,28.310000000000002,5.75,26.435000000000002
A01,26,2023-07-03,0.5,28.119999999999997,4.220000000000001,26.346999999999998
A01,27,2023-07-10,0.6,34.69,5.17,25.96
A01,28,2023-07-17,0.7999999999999999,35.03,3.9899999999999998,27.558999999999997
A01,29,2023-07-24,4.1,31.49,11.709999999999999,26.544
A01,30,2023-07-31,0.6000000000000001,28.36,14.55,25.667
A01,31,2023-08-07,4.4,33.2,8.36,26.694
A01,32,2023-08-14,2.5,38.49,19.02,29.238
A01,33,2023-08-21,0.9,41.28,12.629999999999999,30.569
A01,34,2023-08-28,7.6,35.63,17.14,28.682
A01,35,2023-09-04,20.2,31.130000000000003,14.809999999999999,29.151
A01,36,2023-09-11,9.6,34.3,8.3,33.313
A01,37,2023-09-18,18.3,35.089999999999996,8.25,35.907
A01,38,2023-09-25,12.3,35.41,9.89,34.201
A01,39,2023-10-02,0.2,38.99,10.91,36.149
A01,40,2023-10-09,5.1000000000000005,43.83,6.2700000000000005,36.45
A01,41,2023-10-16,3.0,34.45,11.78,34.757999999999996
A01,42,2023-10-23,3.3000000000000003,40.77,6.4,34.405
A01,43,2023-10-30,21.6,30.9,9.14,32.724000000000004
A01,44,2023-11-06,20.2,30.32,9.95,33.589
A01,45,2023-11-13,9.2,29.75,15.39,30.525
A01,46,2023-11-20,13.2,26.41,30.5,28.931
A01,47,2023-11-27,10.2,31.27,22.630000000000003,29.325
A01,48,2023-12-04,9.1,34.21,35.56,29.336000000000002
A01,49,2023-12-11,18.8,30.82,25.93,29.240999999999996
A01,50,2023-12-18,6.1,36.05,19.81,29.869
A01,51,2023-12-25,29.5,33.55,18.758333333333333,30.84166666666667
A01,52,2024-01-01,38.9,26.13,15.02222222222222,32.32888888888888
A01,53,2024-01-08,48.800000000000004,22.060000000000002,27.160000000000004,31.719
A01,54,2024-01-15,63.6,25.35,22.28,31.028
A01,55,2024-01-22,8.6,32.17,13.929999999999998,34.247
A01,56,2024-01-29,3.0,35.53,27.6,34.183
A01,57,2024-02-05,6.1,37.43,20.720000000000002,34.93
A01,58,2024-02-12,0.5,40.050000000000004,11.07,36.051
A01,59,2024-02-19,2.2,39.260000000000005,20.6,34.648
A01,60,2024-02-26,23.1,33.67,11.58,37.073
A01,61,2024-03-04,5.4,37.64,17.64,37.7
A01,62,2024-03-11,1.1,45.5,23.66,36.072
A01,63,2024-03-18,11.299999999999999,43.06,10.18,35.763999999999996
A01,64,2024-03-25,6.3,34.65,31.610000000000003,30.855
A01,65,2024-04-01,7.9,31.58,24.38,30.07
A01,66,2024-04-08,46.2,29.490000000000002,25.240000000000002,29.85
A01,67,2024-04-15,66.1,27.689999999999998,29.54,27.669999999999998
A01,68,2024-04-22,76.7,24.48,39.38,25.559
A01,69,2024-04-29,63.3,23.71,24.979999999999997,24.779000000000003
A01,70,2024-05-06,3.7,25.65,12.65,25.197
A01,71,2024-05-13,21.0,29.32,10.04,27.348000000000003
A01,72,2024-05-20,22.400000000000002,26.34,8.22,27.024
A01,73,2024-05-27,2.4000000000000004,30.59,7.250000000000002,28.318
A01,74,2024-06-03,11.9,28.73,17.41,26.02
A01,75,2024-06-10,0.2,30.26,20.09,24.343
A01,76,2024-06-17,0.5,29.21,14.1,24.029
A01,77,2024-06-24,0.0,30.94,5.75,26.435000000000002
A01,78,2024-07-01,31.800000000000004,29.78,4.220000000000001,26.346999999999998
A01,79,2024-07-08,9.3,27.759999999999998,5.17,25.96
A01,80,2024-07-15,17.9,25.94,3.9899999999999998,27.558999999999997
A01,81,2024-07-22,3.0999999999999996,30.009999999999998,11.709999999999999,26.544
A01,82,2024-07-29,24.4,28.62,14.55,25.667
A01,83,2024-08-05,4.4,33.9,8.36,26.694
A01,84,2024-08-12,5.1,33.21,19.02,29.238
A01,85,2024-08-19,0.2,30.04,12.629999999999999,30.569
A01,86,2024-08-26,1.0999999999999999,36.26,17.14,28.682
A01,87,2024-09-02,1.0,35.5,14.809999999999999,29.151
A01,88,2024-09-09,1.4,44.65,8.3,33.313
A01,89,2024-09-16,14.1,36.0,8.25,35.907
A01,90,2024-09-23,29.4,34.92,9.89,34.201
A01,91,2024-09-30,20.5,34.93,10.91,36.149
A01,92,2024-10-07,2.1,37.66,6.2700000000000005,36.45
A01,93,2024-10-14,36.4,30.9,11.78,34.757999999999996
A01,94,2024-10-21,3.4,38.79,6.4,34.405
A01,95,2024-10-28,1.2,41.55,9.14,32.724000000000004
A01,96,2024-11-04,5.0,35.8,9.95,33.589
A01,97,2024-11-11,10.8,29.450000000000003,15.39,30.525
A01,98,2024-11-18,33.5,30.09,30.5,28.931
A01,99,2024-11-25,73.2,25.11,22.630000000000003,29.325
A01,100,2024-12-02,22.8,27.93,35.56,29.336000000000002
A01,101,2024-12-09,4.7,31.84,25.93,29.240999999999996
A01,102,2024-12-16,14.7,28.16,19.81,29.869
A01,103,2024-12-23,2.6,32.67,18.758333333333333,30.84166666666667
A01,104,2024-12-30,1.0,37.769999999999996,15.02222222222222,32.32888888888888
A01,105,2025-01-06,3.3,37.62,27.160000000000004,31.719
A01,106,2025-01-13,1.1,41.37,22.28,31.028
A01,107,2025-01-20,37.0,30.71,13.929999999999998,34.247
A01,108,2025-01-27,63.9,21.57,27.6,34.183
A01,109,2025-02-03,4.5,35.61,20.720000000000002,34.93
A01,110,2025-02-10,0.2,42.16,11.07,36.051
A01,111,2025-02-17,0.0,50.09,20.6,34.648
A01,112,2025-02-24,0.0,53.5,11.58,37.073
A01,113,2025-03-03,18.4,45.91,17.64,37.7
A01,114,2025-03-10,27.200000000000003,32.69,23.66,36.072
A01,115,2025-03-17,5.9,32.25,10.18,35.763999999999996
A01,116,2025-03-24,28.7,30.41,31.610000000000003,30.855
A01,117,2025-03-31,8.3,30.86,24.38,30.07
A01,118,2025-04-07,24.7,30.9,25.240000000000002,29.85
A01,119,2025-04-14,21.4,31.8,29.54,27.669999999999998
A01,120,2025-04-21,2.6,28.77,39.38,25.559
A01,121,2025-04-28,1.6,37.0,24.979999999999997,24.779000000000003
A01,122,2025-05-05,12.5,28.26,12.65,25.197
A01,123,2025-05-12,29.2,27.57,10.04,27.348000000000003
A01,124,2025-05-19,5.1,30.32,8.22,27.024
A01,125,2025-05-26,0.1,32.81,7.250000000000002,28.318
A01,126,2025-06-02,0.39999999999999997,31.32,17.41,26.02
A01,127,2025-06-09,0.1,32.91,20.09,24.343
A01,128,2025-06-16,10.7,26.84,14.1,24.029
A01,129,2025-06-23,4.199999999999999,29.580000000000002,5.75,26.435000000000002
A01,130,2025-06-30,3.5,28.64,4.220000000000001,26.346999999999998
A01,131,2025-07-07,17.8,20.5,5.17,25.96
A01,132,2025-07-14,9.9,26.35,3.9899999999999998,27.558999999999997
A01,133,2025-07-21,2.0,34.79,11.709999999999999,26.544
A01,134,2025-07-28,0.4,34.4,14.55,25.667
A01,135,2025-08-04,22.0,27.58,8.36,26.694
A01,136,2025-08-11,46.2,24.3,19.02,29.238
A01,137,2025-08-18,15.6,22.21,12.629999999999999,30.569
A01,138,2025-08-25,2.3,35.160000000000004,17.14,28.682
A01,139,2025-09-01,3.7,36.69,14.809999999999999,29.151
A01,140,2025-09-08,10.8,35.74,8.3,33.313
A01,141,2025-09-15,1.2,40.25,8.25,35.907
A01,142,2025-09-22,2.7,37.16,9.89,34.201
A01,143,2025-09-29,5.3,32.86,10.91,36.149
A01,144,2025-10-06,1.4,37.58,6.2700000000000005,36.45
A01,145,2025-10-13,2.8000000000000003,40.93,11.78,34.757999999999996
A01,146,2025-10-20,28.8,32.31,6.4,34.405
A01,147,2025-10-27,11.0,28.12,9.14,32.724000000000004
A01,148,2025-11-03,2.1,36.65,9.95,33.589
A01,149,2025-11-10,1.8,39.93,15.39,30.525
A01,150,2025-11-17,3.1,40.81,30.5,28.931
A01,151,2025-11-24,2.4,38.04,22.630000000000003,29.325
A01,152,2025-12-01,2.3,42.66,35.56,29.336000000000002
A01,153,2025-12-08,10.3,36.29,25.93,29.240999999999996
A01,154,2025-12-15,7.7,34.01,19.81,29.869
A01,155,2025-12-22,39.7,32.02,18.758333333333333,30.84166666666667
A02,0,2023-01-02,1.4000000000000001,38.14,9.377777777777778,34.90777777777778
A02,1,2023-01-09,0.5,41.67,13.430000000000001,34.584
A02,2,2023-01-16,0.0,43.27,21.09,34.751
A02,3,2023-01-23,0.0,44.129999999999995,5.6899999999999995,36.862
A02,4,2023-01-30,0.0,46.21,27.839999999999996,37.142
A02,5,2023-02-06,2.3000000000000003,46.160000000000004,20.409999999999997,37.090999999999994
A02,6,2023-02-13,0.1,48.46,7.01,37.283
A02,7,2023-02-20,0.0,48.49,11.15,36.457
A02,8,2023-02-27,4.9,45.44,12.629999999999999,39.255
A02,9,2023-03-06,0.2,46.37,12.88,40.083999999999996
A02,10,2023-03-13,13.3,36.230000000000004,20.560000000000002,37.85
A02,11,2023-03-20,68.8,28.17,10.59,37.338
A02,12,2023-03-27,22.0,31.35,28.75,32.463
A02,13,2023-04-03,10.0,32.02,26.369999999999997,30.589999999999996
A02,14,2023-04-10,19.1,31.1,32.33,30.695
A02,15,2023-04-17,24.2,27.93,37.940000000000005,27.176
A02,16,2023-04-24,55.599999999999994,23.810000000000002,42.35,25.823
A02,17,2023-05-01,28.4,24.63,43.03,24.65
A02,18,2023-05-08,12.4,27.89,34.39,23.625999999999998
A02,19,2023-05-15,3.5,30.42,14.2,24.987000000000002
A02,20,2023-05-22,1.3,30.59,10.42,25.764
A02,21,2023-05-29,8.5,28.189999999999998,5.49,27.2
A02,22,2023-06-05,1.5,31.78,12.0,24.309
A02,23,2023-06-12,1.1,28.11,6.709999999999999,22.93
A02,24,2023-06-19,2.8,28.02,4.16,22.476
A02,25,2023-06-26,1.0,27.48,3.4299999999999997,24.994
A02,26,2023-07-03,0.2,23.71,1.9899999999999998,25.185000000000002
A02,27,2023-07-10,0.2,30.59,2.5300000000000002,24.955000000000002
A02,28,2023-07-17,0.0,30.87,1.32,26.369
A02,29,2023-07-24,1.1,28.53,1.3,25.511000000000003
A02,30,2023-07-31,1.9,25.88,4.65,24.952
A02,31,2023-08-07,0.2,30.98,2.41,26.291000000000004
A02,32,2023-08-14,0.3,34.53,2.7600000000000002,28.987000000000002
A02,33,2023-08-21,0.2,39.62,3.08,30.226
A02,34,2023-08-28,1.9,33.01,4.54,30.174
A02,35,2023-09-04,15.2,34.22,7.409999999999999,29.553999999999995
A02,36,2023-09-11,1.4,35.629999999999995,3.6,34.031
A02,37,2023-09-18,10.2,36.87,1.8699999999999999,35.916
A02,38,2023-09-25,1.0,40.71,5.619999999999999,34.464
A02,39,2023-10-02,2.4,38.28,9.23,36.847
A02,40,2023-10-09,2.9000000000000004,44.11,8.13,37.617000000000004
A02,41,2023-10-16,6.9,36.0,17.65,35.625
A02,42,2023-10-23,2.3,41.82,12.35,34.185
A02,43,2023-10-30,35.8,31.92,13.030000000000001,32.492000000000004
A02,44,2023-11-06,58.5,28.96,12.820000000000002,32.946
A02,45,2023-11-13,19.1,28.48,19.05,30.337
A02,46,2023-11-20,46.800000000000004,24.77,30.9,29.643
A02,47,2023-11-27,11.1,32.56,27.040000000000003,30.401999999999997
A02,48,2023-12-04,8.0,35.1,26.8,30.74
A02,49,2023-12-11,14.1,31.56,21.6,30.988999999999997
A02,50,2023-12-18,3.3,35.480000000000004,15.069999999999999,32.501999999999995
A02,51,2023-12-25,10.899999999999999,36.2,14.141666666666666,33.81916666666667
A02,52,2024-01-01,66.3,27.35,9.377777777777778,34.90777777777778
A02,53,2024-01-08,64.2,23.29,13.430000000000001,34.584
A02,54,2024-01-15,92.8,27.009999999999998,21.09,34.751
A02,55,2024-01-22,7.3999999999999995,32.62,5.6899999999999995,36.862
A02,56,2024-01-29,0.6000000000000001,35.92,27.839999999999996,37.142
A02,57,2024-02-05,1.1,37.57,20.409999999999997,37.090999999999994
A02,58,2024-02-12,0.2,41.5,7.01,37.283
A02,59,2024-02-19,1.6,40.62,11.15,36.457
A02,60,2024-02-26,32.8,34.05,12.629999999999999,39.255
A02,61,2024-03-04,4.7,35.92,12.88,40.083999999999996
A02,62,2024-03-11,0.2,42.17,20.560000000000002,37.85
A02,63,2024-03-18,17.3,40.65,10.59,37.338
A02,64,2024-03-25,13.6,33.82,28.75,32.463
A02,65,2024-04-01,41.4,30.169999999999998,26.369999999999997,30.589999999999996
A02,66,2024-04-08,72.2,27.8,32.33,30.695
A02,67,2024-04-15,23.9,27.27,37.940000000000005,27.176
A02,68,2024-04-22,89.4,24.27,42.35,25.823
A02,69,2024-04-29,62.1,22.07,43.03,24.65
A02,70,2024-05-06,27.8,24.68,34.39,23.625999999999998
A02,71,2024-05-13,1.2,28.4,14.2,24.987000000000002
A02,72,2024-05-20,12.4,24.98,10.42,25.764
A02,73,2024-05-27,2.1,27.61,5.49,27.2
A02,74,2024-06-03,5.6,25.72,12.0,24.309
A02,75,2024-06-10,1.0,26.8,6.709999999999999,22.93
A02,76,2024-06-17,1.5,26.45,4.16,22.476
A02,77,2024-06-24,0.0,27.009999999999998,3.4299999999999997,24.994
A02,78,2024-07-01,6.800000000000001,28.939999999999998,1.9899999999999998,25.185000000000002
A02,79,2024-07-08,16.8,25.71,2.5300000000000002,24.955000000000002
A02,80,2024-07-15,2.7,26.15,1.32,26.369
A02,81,2024-07-22,3.1999999999999997,29.669999999999998,1.3,25.511000000000003
A02,82,2024-07-29,0.30000000000000004,29.39,4.65,24.952
A02,83,2024-08-05,0.6,30.37,2.41,26.291000000000004
A02,84,2024-08-12,0.6000000000000001,31.43,2.7600000000000002,28.987000000000002
A02,85,2024-08-19,0.2,27.37,3.08,30.226
A02,86,2024-08-26,1.6,35.14,4.54,30.174
A02,87,2024-09-02,1.5,33.589999999999996,7.409999999999999,29.553999999999995
A02,88,2024-09-09,0.1,41.32,3.6,34.031
A02,89,2024-09-16,4.3,39.51,1.8699999999999999,35.916
A02,90,2024-09-23,2.4,37.73,5.619999999999999,34.464
A02,91,2024-09-30,8.8,36.06,9.23,36.847
A02,92,2024-10-07,1.9,39.910000000000004,8.13,37.617000000000004
A02,93,2024-10-14,15.3,35.44,17.65,35.625
A02,94,2024-10-21,0.9,40.75,12.35,34.185
A02,95,2024-10-28,0.8999999999999999,43.64,13.030000000000001,32.492000000000004
A02,96,2024-11-04,4.3,38.1,12.820000000000002,32.946
A02,97,2024-11-11,27.3,28.1,19.05,30.337
A02,98,2024-11-18,56.099999999999994,29.65,30.9,29.643
A02,99,2024-11-25,46.5,28.009999999999998,27.040000000000003,30.401999999999997
A02,100,2024-12-02,21.4,30.57,26.8,30.74
A02,101,2024-12-09,3.5,33.72,21.6,30.988999999999997
A02,102,2024-12-16,42.5,28.84,15.069999999999999,32.501999999999995
A02,103,2024-12-23,9.6,29.66,14.141666666666666,33.81916666666667
A02,104,2024-12-30,2.5,37.87,9.377777777777778,34.90777777777778
A02,105,2025-01-06,0.8,41.27,13.430000000000001,34.584
A02,106,2025-01-13,0.4,43.33,21.09,34.751
A02,107,2025-01-20,13.8,37.07,5.6899999999999995,36.862
A02,108,2025-01-27,60.5,23.22,27.839999999999996,37.142
A02,109,2025-02-03,0.7,37.4,20.409999999999997,37.090999999999994
A02,110,2025-02-10,1.9000000000000001,42.19,7.01,37.283
A02,111,2025-02-17,0.0,51.5,11.15,36.457
A02,112,2025-02-24,0.0,52.84,12.629999999999999,39.255
A02,113,2025-03-03,20.400000000000002,45.91,12.88,40.083999999999996
A02,114,2025-03-10,51.8,33.06,20.560000000000002,37.85
A02,115,2025-03-17,17.5,31.72,10.59,37.338
A02,116,2025-03-24,45.3,32.16,28.75,32.463
A02,117,2025-03-31,40.9,26.95,26.369999999999997,30.589999999999996
A02,118,2025-04-07,47.9,28.34,32.33,30.695
A02,119,2025-04-14,43.5,30.75,37.940000000000005,27.176
A02,120,2025-04-21,22.900000000000002,26.349999999999998,42.35,25.823
A02,121,2025-04-28,10.5,31.689999999999998,43.03,24.65
A02,122,2025-05-05,62.7,25.52,34.39,23.625999999999998
A02,123,2025-05-12,30.6,24.79,14.2,24.987000000000002
A02,124,2025-05-19,8.9,25.42,10.42,25.764
A02,125,2025-05-26,2.6,27.09,5.49,27.2
A02,126,2025-06-02,2.9,28.369999999999997,12.0,24.309
A02,127,2025-06-09,4.4,30.49,6.709999999999999,22.93
A02,128,2025-06-16,6.300000000000001,29.189999999999998,4.16,22.476
A02,129,2025-06-23,1.3,30.39,3.4299999999999997,24.994
A02,130,2025-06-30,0.1,26.92,1.9899999999999998,25.185000000000002
A02,131,2025-07-07,1.5,26.11,2.5300000000000002,24.955000000000002
A02,132,2025-07-14,0.5,29.95,1.32,26.369
A02,133,2025-07-21,0.0,34.41,1.3,25.511000000000003
A02,134,2025-07-28,0.0,31.57,4.65,24.952
A02,135,2025-08-04,4.6,29.939999999999998,2.41,26.291000000000004
A02,136,2025-08-11,7.1,30.28,2.7600000000000002,28.987000000000002
A02,137,2025-08-18,12.5,23.33,3.08,30.226
A02,138,2025-08-25,0.2,36.38,4.54,30.174
A02,139,2025-09-01,0.0,39.6,7.409999999999999,29.553999999999995
A02,140,2025-09-08,1.0,40.949999999999996,3.6,34.031
A02,141,2025-09-15,0.7,41.88,1.8699999999999999,35.916
A02,142,2025-09-22,1.3,41.019999999999996,5.619999999999999,34.464
A02,143,2025-09-29,9.100000000000001,36.62,9.23,36.847
A02,144,2025-10-06,2.8,40.33,8.13,37.617000000000004
A02,145,2025-10-13,1.2000000000000002,41.3,17.65,35.625
A02,146,2025-10-20,15.399999999999999,36.04,12.35,34.185
A02,147,2025-10-27,32.2,27.44,13.030000000000001,32.492000000000004
A02,148,2025-11-03,5.1,35.85,12.820000000000002,32.946
A02,149,2025-11-10,4.8999999999999995,40.68,19.05,30.337
A02,150,2025-11-17,2.4,41.82,30.9,29.643
A02,151,2025-11-24,3.9,41.33,27.040000000000003,30.401999999999997
A02,152,2025-12-01,1.4,43.62,26.8,30.74
A02,153,2025-12-08,13.1,38.160000000000004,21.6,30.988999999999997
A02,154,2025-12-15,3.5,38.84,15.069999999999999,32.501999999999995
A02,155,2025-12-22,24.4,36.71,14.141666666666666,33.81916666666667
A03,0,2023-01-02,1.6,38.24,12.2,34.053333333333335
A03,1,2023-01-09,2.7,38.22,17.53,32.914
A03,2,2023-01-16,0.1,39.769999999999996,22.79,32.17
A03,3,2023-01-23,0.0,43.92,10.73,35.14
A03,4,2023-01-30,0.7,42.62,18.78,34.78
A03,5,2023-02-06,2.0,41.33,15.77,36.672000000000004
A03,6,2023-02-13,0.3,46.59,8.190000000000001,38.641
A03,7,2023-02-20,0.2,42.19,14.169999999999998,36.282
A03,8,2023-02-27,33.3,37.49,11.379999999999999,39.201
A03,9,2023-03-06,4.800000000000001,40.6,19.490000000000002,39.14
A03,10,2023-03-13,35.4,31.38,14.15,37.944
A03,11,2023-03-20,92.3,27.2,9.01,39.131
A03,12,2023-03-27,25.1,31.04,33.7,33.018
A03,13,2023-04-03,29.0,33.449999999999996,27.03,33.411
A03,14,2023-04-10,3.7,36.53,25.31,33.182
A03,15,2023-04-17,31.6,35.14,45.3,30.034
A03,16,2023-04-24,53.4,25.66,34.66,29.121000000000002
A03,17,2023-05-01,31.9,28.88,27.32,29.163
A03,18,2023-05-08,0.9999999999999999,33.83,22.509999999999998,29.457
A03,19,2023-05-15,12.299999999999999,33.11,5.89,31.494999999999997
A03,20,2023-05-22,0.1,37.34,7.0200000000000005,31.560000000000002
A03,21,2023-05-29,0.3,36.480000000000004,3.7600000000000002,32.338
A03,22,2023-06-05,0.0,36.0,14.34,30.1
A03,23,2023-06-12,5.1,32.61,15.580000000000002,28.125
A03,24,2023-06-19,6.8999999999999995,29.46,9.91,28.887999999999998
A03,25,2023-06-26,1.2,32.71,8.34,30.296
A03,26,2023-07-03,1.9000000000000001,31.94,1.7399999999999998,30.338
A03,27,2023-07-10,0.1,38.3,2.02,30.458
A03,28,2023-07-17,0.0,37.3,1.19,32.123000000000005
A03,29,2023-07-24,0.2,33.44,4.89,30.613
A03,30,2023-07-31,0.7,33.3,4.06,30.792
A03,31,2023-08-07,0.5,35.66,4.65,31.137999999999998
A03,32,2023-08-14,0.1,41.22,4.959999999999999,33.574
A03,33,2023-08-21,0.0,43.19,5.38,35.189
A03,34,2023-08-28,2.0,37.66,9.58,33.757
A03,35,2023-09-04,22.1,34.54,10.97,33.113
A03,36,2023-09-11,12.0,35.76,6.36,36.947
A03,37,2023-09-18,22.7,35.83,5.86,38.132999999999996
A03,38,2023-09-25,2.9000000000000004,39.58,11.43,36.426
A03,39,2023-10-02,0.5,45.44,8.959999999999999,38.150999999999996
A03,40,2023-10-09,3.6,40.339999999999996,5.890000000000001,39.111000000000004
A03,41,2023-10-16,5.2,36.51,16.27,37.307
A03,42,2023-10-23,2.8,43.3,11.680000000000001,37.149
A03,43,2023-10-30,59.9,33.84,17.09,35.013999999999996
A03,44,2023-11-06,53.5,31.44,15.959999999999999,36.12
A03,45,2023-11-13,2.9,35.12,32.79,34.05
A03,46,2023-11-20,37.7,28.93,45.239999999999995,30.207
A03,47,2023-11-27,13.9,29.73,25.630000000000003,32.354
A03,48,2023-12-04,23.6,33.04,28.2,31.456
A03,49,2023-12-11,30.1,32.24,24.68,30.649
A03,50,2023-12-18,1.4,36.0,18.48,32.27
A03,51,2023-12-25,19.9,32.91,18.016666666666666,32.248333333333335
A03,52,2024-01-01,29.2,28.779999999999998,12.2,34.053333333333335
A03,53,2024-01-08,75.4,25.8,17.53,32.914
A03,54,2024-01-15,61.6,26.74,22.79,32.17
A03,55,2024-01-22,28.400000000000002,33.08,10.73,35.14
A03,56,2024-01-29,3.3000000000000003,35.65,18.78,34.78
A03,57,2024-02-05,9.4,37.08,15.77,36.672000000000004
A03,58,2024-02-12,0.39999999999999997,38.65,8.190000000000001,38.641
A03,59,2024-02-19,0.2,41.29,14.169999999999998,36.282
A03,60,2024-02-26,11.3,33.87,11.379999999999999,39.201
A03,61,2024-03-04,12.399999999999999,39.28,19.490000000000002,39.14
A03,62,2024-03-11,0.0,49.36,14.15,37.944
A03,63,2024-03-18,19.1,43.91,9.01,39.131
A03,64,2024-03-25,8.4,35.09,33.7,33.018
A03,65,2024-04-01,55.7,28.970000000000002,27.03,33.411
A03,66,2024-04-08,71.3,30.48,25.31,33.182
A03,67,2024-04-15,39.7,31.8,45.3,30.034
A03,68,2024-04-22,70.0,27.939999999999998,34.66,29.121000000000002
A03,69,2024-04-29,32.8,27.61,27.32,29.163
A03,70,2024-05-06,15.0,30.86,22.509999999999998,29.457
A03,71,2024-05-13,10.6,31.36,5.89,31.494999999999997
A03,72,2024-05-20,6.6,30.68,7.0200000000000005,31.560000000000002
A03,73,2024-05-27,4.6000000000000005,32.13,3.7600000000000002,32.338
A03,74,2024-06-03,2.0,32.72,14.34,30.1
A03,75,2024-06-10,0.6,32.13,15.580000000000002,28.125
A03,76,2024-06-17,0.2,34.62,9.91,28.887999999999998
A03,77,2024-06-24,0.0,36.0,8.34,30.296
A03,78,2024-07-01,10.200000000000001,31.37,1.7399999999999998,30.338
A03,79,2024-07-08,5.1000000000000005,30.799999999999997,2.02,30.458
A03,80,2024-07-15,1.1,31.78,1.19,32.123000000000005
A03,81,2024-07-22,0.0,32.84,4.89,30.613
A03,82,2024-07-29,16.4,31.6,4.06,30.792
A03,83,2024-08-05,0.7999999999999999,36.66,4.65,31.137999999999998
A03,84,2024-08-12,1.5,36.04,4.959999999999999,33.574
A03,85,2024-08-19,1.0,36.11,5.38,35.189
A03,86,2024-08-26,1.9,39.06,9.58,33.757
A03,87,2024-09-02,1.4,39.07,10.97,33.113
A03,88,2024-09-09,0.0,42.76,6.36,36.947
A03,89,2024-09-16,9.0,36.8,5.86,38.132999999999996
A03,90,2024-09-23,10.5,37.21,11.43,36.426
A03,91,2024-09-30,10.9,38.56,8.959999999999999,38.150999999999996
A03,92,2024-10-07,2.1,41.269999999999996,5.890000000000001,39.111000000000004
A03,93,2024-10-14,26.900000000000002,33.46,16.27,37.307
A03,94,2024-10-21,0.1,38.6,11.680000000000001,37.149
A03,95,2024-10-28,0.4,41.57,17.09,35.013999999999996
A03,96,2024-11-04,11.0,39.71,15.959999999999999,36.12
A03,97,2024-11-11,12.7,35.38,32.79,34.05
A03,98,2024-11-18,91.5,28.41,45.239999999999995,30.207
A03,99,2024-11-25,93.1,26.68,25.630000000000003,32.354
A03,100,2024-12-02,27.7,29.84,28.2,31.456
A03,101,2024-12-09,1.2,34.33,24.68,30.649
A03,102,2024-12-16,16.0,30.34,18.48,32.27
A03,103,2024-12-23,23.4,33.7,18.016666666666666,32.248333333333335
A03,104,2024-12-30,0.5,39.519999999999996,12.2,34.053333333333335
A03,105,2025-01-06,4.2,36.230000000000004,17.53,32.914
A03,106,2025-01-13,0.1,42.21,22.79,32.17
A03,107,2025-01-20,32.8,33.23,10.73,35.14
A03,108,2025-01-27,47.1,25.82,18.78,34.78
A03,109,2025-02-03,1.1,36.91,15.77,36.672000000000004
A03,110,2025-02-10,0.0,46.96,8.190000000000001,38.641
A03,111,2025-02-17,0.0,48.93,14.169999999999998,36.282
A03,112,2025-02-24,0.0,51.85,11.379999999999999,39.201
A03,113,2025-03-03,17.3,48.87,19.490000000000002,39.14
A03,114,2025-03-10,4.4,35.44,14.15,37.944
A03,115,2025-03-17,5.3,38.67,9.01,39.131
A03,116,2025-03-24,31.299999999999997,30.66,33.7,33.018
A03,117,2025-03-31,16.8,35.160000000000004,27.03,33.411
A03,118,2025-04-07,34.4,30.58,25.31,33.182
A03,119,2025-04-14,33.6,33.35,45.3,30.034
A03,120,2025-04-21,5.6000000000000005,38.8,34.66,29.121000000000002
A03,121,2025-04-28,16.5,38.81,27.32,29.163
A03,122,2025-05-05,56.9,27.77,22.509999999999998,29.457
A03,123,2025-05-12,22.0,32.66,5.89,31.494999999999997
A03,124,2025-05-19,5.3,31.0,7.0200000000000005,31.560000000000002
A03,125,2025-05-26,0.39999999999999997,36.87,3.7600000000000002,32.338
A03,126,2025-06-02,2.5,32.9,14.34,30.1
A03,127,2025-06-09,0.7,38.08,15.580000000000002,28.125
A03,128,2025-06-16,7.8,27.82,9.91,28.887999999999998
A03,129,2025-06-23,0.8,34.84,8.34,30.296
A03,130,2025-06-30,3.0,31.11,1.7399999999999998,30.338
A03,131,2025-07-07,6.9,24.86,2.02,30.458
A03,132,2025-07-14,6.6000000000000005,29.669999999999998,1.19,32.123000000000005
A03,133,2025-07-21,1.5,35.43,4.89,30.613
A03,134,2025-07-28,0.0,37.64,4.06,30.792
A03,135,2025-08-04,36.0,31.22,4.65,31.137999999999998
A03,136,2025-08-11,14.6,30.310000000000002,4.959999999999999,33.574
A03,137,2025-08-18,11.799999999999999,29.33,5.38,35.189
A03,138,2025-08-25,0.6,36.480000000000004,9.58,33.757
A03,139,2025-09-01,0.0,36.36,10.97,33.113
A03,140,2025-09-08,3.8000000000000003,37.75,6.36,36.947
A03,141,2025-09-15,0.30000000000000004,42.66,5.86,38.132999999999996
A03,142,2025-09-22,1.0,37.74,11.43,36.426
A03,143,2025-09-29,13.600000000000001,35.06,8.959999999999999,38.150999999999996
A03,144,2025-10-06,9.5,40.44,5.890000000000001,39.111000000000004
A03,145,2025-10-13,0.1,40.67,16.27,37.307
A03,146,2025-10-20,25.9,32.42,11.680000000000001,37.149
A03,147,2025-10-27,20.4,32.96,17.09,35.013999999999996
A03,148,2025-11-03,0.2,39.08,15.959999999999999,36.12
A03,149,2025-11-10,1.0,44.51,32.79,34.05
A03,150,2025-11-17,0.0,45.61,45.239999999999995,30.207
A03,151,2025-11-24,0.1,47.72,25.630000000000003,32.354
A03,152,2025-12-01,0.0,51.75,28.2,31.456
A03,153,2025-12-08,13.1,40.58,24.68,30.649
A03,154,2025-12-15,7.6,34.84,18.48,32.27
A03,155,2025-12-22,39.1,32.85,18.016666666666666,32.248333333333335
A04,0,2023-01-02,1.7,31.75,15.566666666666666,29.626666666666665
A04,1,2023-01-09,0.8,33.72,31.3,29.03
A04,2,2023-01-16,0.1,34.42,24.6,29.034
A04,3,2023-01-23,0.1,37.71,12.690000000000001,31.139999999999997
A04,4,2023-01-30,0.2,37.33,22.15,30.642000000000003
A04,5,2023-02-06,0.4,37.59,17.22,31.811
A04,6,2023-02-13,0.8,38.6,15.559999999999999,33.251999999999995
A04,7,2023-02-20,2.0,36.59,23.04,31.281
A04,8,2023-02-27,34.1,33.1,16.11,33.708999999999996
A04,9,2023-03-06,20.6,34.96,19.8,34.13
A04,10,2023-03-13,51.5,27.6,22.34,32.551
A04,11,2023-03-20,82.3,24.57,16.85,33.272000000000006
A04,12,2023-03-27,73.8,27.42,56.46999999999999,28.919999999999998
A04,13,2023-04-03,38.0,28.7,37.4,29.305
A04,14,2023-04-10,9.4,31.89,38.28,29.468
A04,15,2023-04-17,37.8,28.380000000000003,60.089999999999996,27.125999999999998
A04,16,2023-04-24,69.89999999999999,22.83,51.12,25.623
A04,17,2023-05-01,29.8,26.14,42.22,26.457
A04,18,2023-05-08,3.8,30.77,27.43,26.627999999999997
A04,19,2023-05-15,5.7,29.91,10.190000000000001,28.475
A04,20,2023-05-22,1.5,32.81,13.290000000000001,27.872000000000003
A04,21,2023-05-29,1.7000000000000002,31.17,5.18,28.186
A04,22,2023-06-05,1.6,30.020000000000003,22.8,26.005000000000003
A04,23,2023-06-12,20.7,26.42,22.37,24.93
A04,24,2023-06-19,10.6,23.59,17.22,25.332
A04,25,2023-06-26,7.6000000000000005,27.45,8.66,26.649
A04,26,2023-07-03,3.8000000000000003,27.3,7.2700000000000005,26.589999999999996
A04,27,2023-07-10,0.39999999999999997,32.17,8.61,26.368000000000002
A04,28,2023-07-17,0.2,31.6,2.29,27.349
A04,29,2023-07-24,4.5,28.240000000000002,12.75,26.206
A04,30,2023-07-31,4.8,29.5,9.790000000000001,26.551
A04,31,2023-08-07,4.1,29.53,10.25,27.214
A04,32,2023-08-14,1.9000000000000001,33.64,12.26,28.992
A04,33,2023-08-21,0.2,37.22,10.1,30.574
A04,34,2023-08-28,5.6,32.74,18.07,29.142000000000003
A04,35,2023-09-04,25.599999999999998,30.25,15.9,29.117
A04,36,2023-09-11,22.799999999999997,30.44,16.970000000000002,31.568
A04,37,2023-09-18,17.9,31.69,10.68,33.043
A04,38,2023-09-25,3.1,34.18,35.480000000000004,31.167
A04,39,2023-10-02,1.0,39.51,15.229999999999999,32.156
A04,40,2023-10-09,9.3,35.12,9.3,33.577999999999996
A04,41,2023-10-16,16.2,32.05,22.43,31.898000000000003
A04,42,2023-10-23,5.8,37.78,14.99,31.655
A04,43,2023-10-30,37.7,30.77,29.65,29.469
A04,44,2023-11-06,65.4,26.61,21.85,30.008
A04,45,2023-11-13,22.4,30.28,41.31,28.811
A04,46,2023-11-20,57.599999999999994,24.32,51.54,26.327999999999996
A04,47,2023-11-27,30.0,27.98,35.81,28.422000000000004
A04,48,2023-12-04,48.400000000000006,27.71,37.61,27.514999999999997
A04,49,2023-12-11,35.800000000000004,28.14,38.35,26.677999999999997
A04,50,2023-12-18,4.8,32.77,31.28,27.377999999999997
A04,51,2023-12-25,28.1,26.79,27.941666666666666,28.103333333333335
A04,52,2024-01-01,50.199999999999996,24.509999999999998,15.566666666666666,29.626666666666665
A04,53,2024-01-08,65.0,21.96,31.3,29.03
A04,54,2024-01-15,57.099999999999994,24.13,24.6,29.034
A04,55,2024-01-22,13.299999999999999,30.68,12.690000000000001,31.139999999999997
A04,56,2024-01-29,4.3,31.49,22.15,30.642000000000003
A04,57,2024-02-05,10.899999999999999,32.18,17.22,31.811
A04,58,2024-02-12,4.0,34.6,15.559999999999999,33.251999999999995
A04,59,2024-02-19,4.1,35.54,23.04,31.281
A04,60,2024-02-26,25.6,28.91,16.11,33.708999999999996
A04,61,2024-03-04,33.1,33.97,19.8,34.13
A04,62,2024-03-11,0.1,39.46,22.34,32.551
A04,63,2024-03-18,18.9,36.7,16.85,33.272000000000006
A04,64,2024-03-25,13.200000000000001,31.82,56.46999999999999,28.919999999999998
A04,65,2024-04-01,39.900000000000006,28.880000000000003,37.4,29.305
A04,66,2024-04-08,59.2,27.16,38.28,29.468
A04,67,2024-04-15,28.8,29.99,60.089999999999996,27.125999999999998
A04,68,2024-04-22,41.0,27.23,51.12,25.623
A04,69,2024-04-29,20.0,24.68,42.22,26.457
A04,70,2024-05-06,11.299999999999999,29.81,27.43,26.627999999999997
A04,71,2024-05-13,7.3999999999999995,29.130000000000003,10.190000000000001,28.475
A04,72,2024-05-20,12.5,28.38,13.290000000000001,27.872000000000003
A04,73,2024-05-27,1.7000000000000002,29.71,5.18,28.186
A04,74,2024-06-03,5.9,28.16,22.8,26.005000000000003
A04,75,2024-06-10,3.2,28.630000000000003,22.37,24.93
A04,76,2024-06-17,0.6000000000000001,30.77,17.22,25.332
A04,77,2024-06-24,0.0,30.12,8.66,26.649
A04,78,2024-07-01,4.300000000000001,26.39,7.2700000000000005,26.589999999999996
A04,79,2024-07-08,15.3,27.56,8.61,26.368000000000002
A04,80,2024-07-15,3.3000000000000003,26.85,2.29,27.349
A04,81,2024-07-22,1.0,28.98,12.75,26.206
A04,82,2024-07-29,7.3999999999999995,28.58,9.790000000000001,26.551
A04,83,2024-08-05,5.4,31.72,10.25,27.214
A04,84,2024-08-12,12.200000000000001,31.34,12.26,28.992
A04,85,2024-08-19,0.9,31.240000000000002,10.1,30.574
A04,86,2024-08-26,12.0,33.97,18.07,29.142000000000003
A04,87,2024-09-02,3.9000000000000004,32.01,15.9,29.117
A04,88,2024-09-09,0.1,37.96,16.970000000000002,31.568
A04,89,2024-09-16,23.8,32.63,10.68,33.043
A04,90,2024-09-23,22.700000000000003,32.44,35.480000000000004,31.167
A04,91,2024-09-30,13.299999999999999,34.54,15.229999999999999,32.156
A04,92,2024-10-07,5.7,34.85,9.3,33.577999999999996
A04,93,2024-10-14,47.2,27.14,22.43,31.898000000000003
A04,94,2024-10-21,6.3,32.3,14.99,31.655
A04,95,2024-10-28,2.2,36.34,29.65,29.469
A04,96,2024-11-04,16.8,32.86,21.85,30.008
A04,97,2024-11-11,28.8,29.52,41.31,28.811
A04,98,2024-11-18,71.4,25.48,51.54,26.327999999999996
A04,99,2024-11-25,110.8,23.27,35.81,28.422000000000004
A04,100,2024-12-02,52.900000000000006,27.99,37.61,27.514999999999997
A04,101,2024-12-09,12.7,31.439999999999998,38.35,26.677999999999997
A04,102,2024-12-16,30.2,25.87,31.28,27.377999999999997
A04,103,2024-12-23,20.0,28.69,27.941666666666666,28.103333333333335
A04,104,2024-12-30,1.3,31.62,15.566666666666666,29.626666666666665
A04,105,2025-01-06,15.899999999999999,32.05,31.3,29.03
A04,106,2025-01-13,0.9,35.55,24.6,29.034
A04,107,2025-01-20,30.6,30.24,12.690000000000001,31.139999999999997
A04,108,2025-01-27,80.4,24.72,22.15,30.642000000000003
A04,109,2025-02-03,1.9,33.19,17.22,31.811
A04,110,2025-02-10,0.1,38.66,15.559999999999999,33.251999999999995
A04,111,2025-02-17,0.0,40.18,23.04,31.281
A04,112,2025-02-24,0.0,39.019999999999996,16.11,33.708999999999996
A04,113,2025-03-03,20.900000000000002,41.14,19.8,34.13
A04,114,2025-03-10,31.0,31.92,22.34,32.551
A04,115,2025-03-17,39.3,30.880000000000003,16.85,33.272000000000006
A04,116,2025-03-24,41.2,28.22,56.46999999999999,28.919999999999998
A04,117,2025-03-31,43.4,29.86,37.4,29.305
A04,118,2025-04-07,40.1,27.98,38.28,29.468
A04,119,2025-04-14,43.2,29.96,60.089999999999996,27.125999999999998
A04,120,2025-04-21,40.1,30.13,51.12,25.623
A04,121,2025-04-28,23.799999999999997,30.4,42.22,26.457
A04,122,2025-05-05,95.8,25.21,27.43,26.627999999999997
A04,123,2025-05-12,13.1,28.72,10.190000000000001,28.475
A04,124,2025-05-19,40.400000000000006,25.85,13.290000000000001,27.872000000000003
A04,125,2025-05-26,7.0,30.82,5.18,28.186
A04,126,2025-06-02,13.5,26.990000000000002,22.8,26.005000000000003
A04,127,2025-06-09,2.8,31.439999999999998,22.37,24.93
A04,128,2025-06-16,26.2,24.68,17.22,25.332
A04,129,2025-06-23,6.3999999999999995,28.57,8.66,26.649
A04,130,2025-06-30,17.6,26.7,7.2700000000000005,26.589999999999996
A04,131,2025-07-07,14.0,21.810000000000002,8.61,26.368000000000002
A04,132,2025-07-14,18.2,26.1,2.29,27.349
A04,133,2025-07-21,2.8,30.15,12.75,26.206
A04,134,2025-07-28,0.2,32.49,9.790000000000001,26.551
A04,135,2025-08-04,31.2,27.62,10.25,27.214
A04,136,2025-08-11,27.0,25.62,12.26,28.992
A04,137,2025-08-18,18.2,24.27,10.1,30.574
A04,138,2025-08-25,3.4,32.05,18.07,29.142000000000003
A04,139,2025-09-01,2.3,31.86,15.9,29.117
A04,140,2025-09-08,7.4,32.49,16.970000000000002,31.568
A04,141,2025-09-15,2.1,37.77,10.68,33.043
A04,142,2025-09-22,19.5,32.8,35.480000000000004,31.167
A04,143,2025-09-29,58.599999999999994,29.78,15.229999999999999,32.156
A04,144,2025-10-06,4.7,35.18,9.3,33.577999999999996
A04,145,2025-10-13,7.300000000000001,35.93,22.43,31.898000000000003
A04,146,2025-10-20,38.1,28.73,14.99,31.655
A04,147,2025-10-27,64.10000000000001,26.42,29.65,29.469
A04,148,2025-11-03,2.4,33.46,21.85,30.008
A04,149,2025-11-10,4.9,35.62,41.31,28.811
A04,150,2025-11-17,0.2,36.87,51.54,26.327999999999996
A04,151,2025-11-24,0.9,40.26,35.81,28.422000000000004
A04,152,2025-12-01,0.0,43.67,37.61,27.514999999999997
A04,153,2025-12-08,16.2,32.31,38.35,26.677999999999997
A04,154,2025-12-15,23.2,30.89,31.28,27.377999999999997
A04,155,2025-12-22,43.7,28.23,27.941666666666666,28.103333333333335
A05,0,2023-01-02,0.1,35.18,11.633333333333333,31.67666666666667
A05,1,2023-01-09,0.30000000000000004,35.82,24.54,30.683999999999997
A05,2,2023-01-16,0.2,36.410000000000004,23.240000000000002,30.941000000000003
A05,3,2023-01-23,0.0,39.26,11.559999999999999,33.147000000000006
A05,4,2023-01-30,0.1,40.44,20.51,32.427
A05,5,2023-02-06,2.9,38.64,18.64,33.863
A05,6,2023-02-13,0.0,41.25,12.040000000000001,35.728
A05,7,2023-02-20,0.30000000000000004,38.47,17.880000000000003,33.704
A05,8,2023-02-27,11.7,35.53,10.940000000000001,36.482
A05,9,2023-03-06,6.1,36.31,17.91,36.681
A05,10,2023-03-13,13.5,31.630000000000003,17.77,35.359
A05,11,2023-03-20,56.2,26.98,9.28,36.303
A05,12,2023-03-27,23.8,31.27,40.87,31.282
A05,13,2023-04-03,13.6,32.14,23.71,31.689999999999998
A05,14,2023-04-10,6.6,34.88,23.56,31.883999999999997
A05,15,2023-04-17,56.4,33.63,43.160000000000004,29.208999999999996
A05,16,2023-04-24,47.0,24.66,41.510000000000005,28.072000000000003
A05,17,2023-05-01,44.3,28.18,32.17,28.482
A05,18,2023-05-08,1.4,33.14,17.259999999999998,28.958
A05,19,2023-05-15,7.8,32.28,8.370000000000001,30.229000000000003
A05,20,2023-05-22,0.5,34.35,8.02,29.885
A05,21,2023-05-29,0.1,33.36,4.380000000000001,30.51
A05,22,2023-06-05,0.3,32.66,19.96,27.925
A05,23,2023-06-12,5.000000000000001,29.55,17.6,26.433999999999997
A05,24,2023-06-19,4.6000000000000005,25.310000000000002,13.61,26.803999999999995
A05,25,2023-06-26,1.5,29.59,6.3500000000000005,28.526
A05,26,2023-07-03,1.9,28.96,3.3,28.247000000000003
A05,27,2023-07-10,0.0,33.92,4.2700000000000005,28.159000000000002
A05,28,2023-07-17,0.0,33.62,1.78,29.524
A05,29,2023-07-24,1.8,30.19,8.16,28.261000000000003
A05,30,2023-07-31,2.9,30.65,7.55,28.149
A05,31,2023-08-07,2.3000000000000003,31.93,7.9,28.887999999999998
A05,32,2023-08-14,1.1,36.39,8.620000000000001,31.107
A05,33,2023-08-21,0.0,39.64,7.840000000000001,32.5
A05,34,2023-08-28,3.1,35.01,12.06,31.454
A05,35,2023-09-04,46.900000000000006,32.53,14.330000000000002,30.863999999999997
A05,36,2023-09-11,4.5,34.29,7.44,34.113
A05,37,2023-09-18,15.799999999999999,34.58,6.08,35.53
A05,38,2023-09-25,0.6,37.85,12.78,34.108999999999995
A05,39,2023-10-02,1.2,41.81,9.23,35.656
A05,40,2023-10-09,6.3,39.85,7.58,36.479
A05,41,2023-10-16,5.8999999999999995,35.91,18.56,35.218
A05,42,2023-10-23,3.7,40.78,7.960000000000001,34.898
A05,43,2023-10-30,30.6,34.3,21.59,32.778000000000006
A05,44,2023-11-06,40.8,30.66,13.25,33.694
A05,45,2023-11-13,8.7,34.0,27.65,32.137
A05,46,2023-11-20,65.3,26.29,40.910000000000004,28.445
A05,47,2023-11-27,23.9,29.39,22.1,30.766
A05,48,2023-12-04,17.599999999999998,31.04,27.55,29.879
A05,49,2023-12-11,18.5,30.98,28.48,29.060000000000002
A05,50,2023-12-18,2.1,35.11,24.27,30.046
A05,51,2023-12-25,27.3,30.549999999999997,19.583333333333332,30.050833333333333
A05,52,2024-01-01,48.0,27.78,11.633333333333333,31.67666666666667
A05,53,2024-01-08,70.6,23.380000000000003,24.54,30.683999999999997
A05,54,2024-01-15,67.4,26.060000000000002,23.240000000000002,30.941000000000003
A05,55,2024-01-22,16.099999999999998,32.73,11.559999999999999,33.147000000000006
A05,56,2024-01-29,1.9,34.22,20.51,32.427
A05,57,2024-02-05,8.3,35.370000000000005,18.64,33.863
A05,58,2024-02-12,0.8999999999999999,36.92,12.040000000000001,35.728
A05,59,2024-02-19,0.6,38.19,17.880000000000003,33.704
A05,60,2024-02-26,22.599999999999998,32.68,10.940000000000001,36.482
A05,61,2024-03-04,9.299999999999999,36.79,17.91,36.681
A05,62,2024-03-11,0.3,41.94,17.77,35.359
A05,63,2024-03-18,22.700000000000003,40.07,9.28,36.303
A05,64,2024-03-25,8.6,34.58,40.87,31.282
A05,65,2024-04-01,27.3,32.11,23.71,31.689999999999998
A05,66,2024-04-08,52.8,31.229999999999997,23.56,31.883999999999997
A05,67,2024-04-15,26.1,31.82,43.160000000000004,29.208999999999996
A05,68,2024-04-22,42.3,28.68,41.510000000000005,28.072000000000003
A05,69,2024-04-29,44.2,27.56,32.17,28.482
A05,70,2024-05-06,4.9,31.99,17.259999999999998,28.958
A05,71,2024-05-13,7.0,30.799999999999997,8.370000000000001,30.229000000000003
A05,72,2024-05-20,14.200000000000001,30.36,8.02,29.885
A05,73,2024-05-27,0.6,31.39,4.380000000000001,30.51
A05,74,2024-06-03,3.7,30.28,19.96,27.925
A05,75,2024-06-10,0.8,30.150000000000002,17.6,26.433999999999997
A05,76,2024-06-17,0.2,32.95,13.61,26.803999999999995
A05,77,2024-06-24,0.0,32.63,6.3500000000000005,28.526
A05,78,2024-07-01,8.7,29.41,3.3,28.247000000000003
A05,79,2024-07-08,23.0,29.240000000000002,4.2700000000000005,28.159000000000002
A05,80,2024-07-15,2.4,27.810000000000002,1.78,29.524
A05,81,2024-07-22,0.8,30.33,8.16,28.261000000000003
A05,82,2024-07-29,9.3,29.759999999999998,7.55,28.149
A05,83,2024-08-05,1.9000000000000001,33.91,7.9,28.887999999999998
A05,84,2024-08-12,1.5,33.09,8.620000000000001,31.107
A05,85,2024-08-19,0.3,32.12,7.840000000000001,32.5
A05,86,2024-08-26,2.0,36.86,12.06,31.454
A05,87,2024-09-02,0.8,35.58,14.330000000000002,30.863999999999997
A05,88,2024-09-09,0.0,40.32,7.44,34.113
A05,89,2024-09-16,2.3000000000000003,36.17,6.08,35.53
A05,90,2024-09-23,31.8,34.07,12.78,34.108999999999995
A05,91,2024-09-30,5.2,36.7,9.23,35.656
A05,92,2024-10-07,1.3,37.64,7.58,36.479
A05,93,2024-10-14,25.3,31.07,18.56,35.218
A05,94,2024-10-21,0.6000000000000001,37.13,7.960000000000001,34.898
A05,95,2024-10-28,0.1,39.1,21.59,32.778000000000006
A05,96,2024-11-04,5.7,36.269999999999996,13.25,33.694
A05,97,2024-11-11,11.5,32.33,27.65,32.137
A05,98,2024-11-18,70.1,28.05,40.910000000000004,28.445
A05,99,2024-11-25,61.599999999999994,25.59,22.1,30.766
A05,100,2024-12-02,24.5,30.07,27.55,29.879
A05,101,2024-12-09,3.3,33.64,28.48,29.060000000000002
A05,102,2024-12-16,23.5,29.64,24.27,30.046
A05,103,2024-12-23,17.099999999999998,33.44,19.583333333333332,30.050833333333333
A05,104,2024-12-30,0.30000000000000004,38.27,11.633333333333333,31.67666666666667
A05,105,2025-01-06,19.400000000000002,36.1,24.54,30.683999999999997
A05,106,2025-01-13,0.0,40.0,23.240000000000002,30.941000000000003
A05,107,2025-01-20,23.0,32.91,11.559999999999999,33.147000000000006
A05,108,2025-01-27,67.6,26.04,20.51,32.427
A05,109,2025-02-03,0.1,35.42,18.64,33.863
A05,110,2025-02-10,0.0,41.63,12.040000000000001,35.728
A05,111,2025-02-17,0.0,45.21,17.880000000000003,33.704
A05,112,2025-02-24,0.0,47.47,10.940000000000001,36.482
A05,113,2025-03-03,12.399999999999999,44.36,17.91,36.681
A05,114,2025-03-10,26.9,33.78,17.77,35.359
A05,115,2025-03-17,11.6,35.96,9.28,36.303
A05,116,2025-03-24,25.5,30.51,40.87,31.282
A05,117,2025-03-31,33.0,33.26,23.71,31.689999999999998
A05,118,2025-04-07,33.2,30.08,23.56,31.883999999999997
A05,119,2025-04-14,40.0,33.1,43.160000000000004,29.208999999999996
A05,120,2025-04-21,13.7,34.91,41.510000000000005,28.072000000000003
A05,121,2025-04-28,10.1,36.81,32.17,28.482
A05,122,2025-05-05,38.9,27.82,17.259999999999998,28.958
A05,123,2025-05-12,14.7,32.12,8.370000000000001,30.229000000000003
A05,124,2025-05-19,7.0,31.77,8.02,29.885
A05,125,2025-05-26,0.9,37.13,4.380000000000001,30.51
A05,126,2025-06-02,7.6,31.88,19.96,27.925
A05,127,2025-06-09,0.8999999999999999,36.92,17.6,26.433999999999997
A05,128,2025-06-16,19.200000000000003,26.87,13.61,26.803999999999995
A05,129,2025-06-23,7.199999999999999,32.78,6.3500000000000005,28.526
A05,130,2025-06-30,5.9,28.48,3.3,28.247000000000003
A05,131,2025-07-07,5.7,23.35,4.2700000000000005,28.159000000000002
A05,132,2025-07-14,6.199999999999999,28.54,1.78,29.524
A05,133,2025-07-21,1.4,33.12,8.16,28.261000000000003
A05,134,2025-07-28,0.2,35.03,7.55,28.149
A05,135,2025-08-04,31.6,28.76,7.9,28.887999999999998
A05,136,2025-08-11,29.9,27.83,8.620000000000001,31.107
A05,137,2025-08-18,24.3,27.09,7.840000000000001,32.5
A05,138,2025-08-25,0.1,34.269999999999996,12.06,31.454
A05,139,2025-09-01,1.0,33.76,14.330000000000002,30.863999999999997
A05,140,2025-09-08,0.8,35.3,7.44,34.113
A05,141,2025-09-15,0.30000000000000004,39.629999999999995,6.08,35.53
A05,142,2025-09-22,2.4,35.66,12.78,34.108999999999995
A05,143,2025-09-29,18.1,33.3,9.23,35.656
A05,144,2025-10-06,0.7000000000000001,38.25,7.58,36.479
A05,145,2025-10-13,0.4,39.82,18.56,35.218
A05,146,2025-10-20,20.5,31.48,7.960000000000001,34.898
A05,147,2025-10-27,30.1,31.13,21.59,32.778000000000006
A05,148,2025-11-03,0.7,37.44,13.25,33.694
A05,149,2025-11-10,5.2,41.43,27.65,32.137
A05,150,2025-11-17,0.1,41.8,40.910000000000004,28.445
A05,151,2025-11-24,0.6000000000000001,45.11,22.1,30.766
A05,152,2025-12-01,0.1,47.76,27.55,29.879
A05,153,2025-12-08,24.199999999999996,38.24,28.48,29.060000000000002
A05,154,2025-12-15,11.3,34.660000000000004,24.27,30.046
A05,155,2025-12-22,42.8,31.09,19.583333333333332,30.050833333333333
A06,0,2023-01-02,3.5,35.11,10.955555555555556,34.11555555555556
A06,1,2023-01-09,2.1,39.94,10.66,33.934999999999995
A06,2,2023-01-16,0.0,44.09,14.41,34.477
A06,3,2023-01-23,0.0,44.0,8.35,36.251999999999995
A06,4,2023-01-30,1.1,44.71,20.44,36.976
A06,5,2023-02-06,0.5,46.87,17.11,36.626999999999995
A06,6,2023-02-13,0.2,45.75,10.129999999999999,35.85
A06,7,2023-02-20,0.1,45.15,19.8,35.829
A06,8,2023-02-27,0.5,43.21,13.49,38.345
A06,9,2023-03-06,0.2,44.64,14.709999999999999,38.995000000000005
A06,10,2023-03-13,7.7,36.86,24.28,35.936
A06,11,2023-03-20,51.699999999999996,27.07,12.78,35.119
A06,12,2023-03-27,26.7,31.1,27.130000000000003,30.577999999999996
A06,13,2023-04-03,12.4,29.92,32.269999999999996,28.893
A06,14,2023-04-10,10.5,28.7,26.93,28.448
A06,15,2023-04-17,36.2,28.689999999999998,28.089999999999996,26.619
A06,16,2023-04-24,45.6,22.509999999999998,36.75,25.472
A06,17,2023-05-01,19.9,25.439999999999998,26.53,24.237000000000002
A06,18,2023-05-08,9.1,28.39,20.759999999999998,24.061
A06,19,2023-05-15,3.0,30.33,7.7299999999999995,25.699
A06,20,2023-05-22,2.7,29.080000000000002,5.109999999999999,25.379
A06,21,2023-05-29,10.4,25.67,7.06,26.752
A06,22,2023-06-05,2.4,30.18,10.360000000000001,24.267000000000003
A06,23,2023-06-12,2.1,26.33,5.05,23.339
A06,24,2023-06-19,1.8,24.4,3.79,22.181
A06,25,2023-06-26,2.2,23.68,2.21,23.946
A06,26,2023-07-03,0.6,20.77,1.44,24.174
A06,27,2023-07-10,0.2,29.09,1.48,24.59
A06,28,2023-07-17,0.3,28.88,1.1099999999999999,25.438
A06,29,2023-07-24,0.30000000000000004,24.6,2.0100000000000002,24.46
A06,30,2023-07-31,1.0,24.6,2.7800000000000002,23.919999999999998
A06,31,2023-08-07,0.5,24.18,2.19,24.494
A06,32,2023-08-14,1.0,32.269999999999996,3.3,27.383
A06,33,2023-08-21,0.1,38.45,2.62,28.377999999999997
A06,34,2023-08-28,4.6,29.82,4.029999999999999,28.278
A06,35,2023-09-04,3.7,31.869999999999997,6.82,28.276999999999997
A06,36,2023-09-11,2.0,34.23,1.94,32.792
A06,37,2023-09-18,4.7,35.83,2.43,35.003
A06,38,2023-09-25,1.7,36.43,2.79,33.733
A06,39,2023-10-02,1.7,37.730000000000004,4.59,35.924
A06,40,2023-10-09,1.3,40.4,3.06,37.036
A06,41,2023-10-16,15.4,34.6,9.17,35.35
A06,42,2023-10-23,9.0,39.3,8.33,33.666
A06,43,2023-10-30,30.5,29.65,8.49,31.814
A06,44,2023-11-06,61.9,24.04,17.52,32.138999999999996
A06,45,2023-11-13,27.099999999999998,26.67,18.39,27.928999999999995
A06,46,2023-11-20,40.2,25.54,31.139999999999997,27.477999999999998
A06,47,2023-11-27,7.3999999999999995,33.5,34.3,26.2
A06,48,2023-12-04,3.5,36.05,34.21,27.367
A06,49,2023-12-11,12.5,29.87,20.33,27.838
A06,50,2023-12-18,4.9,34.11,11.35,30.163999999999998
A06,51,2023-12-25,6.5,35.72,10.799999999999999,32.37166666666666
A06,52,2024-01-01,28.5,28.21,10.955555555555556,34.11555555555556
A06,53,2024-01-08,52.3,24.98,10.66,33.934999999999995
A06,54,2024-01-15,56.599999999999994,27.369999999999997,14.41,34.477
A06,55,2024-01-22,2.0,36.03,8.35,36.251999999999995
A06,56,2024-01-29,2.2,39.39,20.44,36.976
A06,57,2024-02-05,2.9,39.74,17.11,36.626999999999995
A06,58,2024-02-12,0.0,45.15,10.129999999999999,35.85
A06,59,2024-02-19,5.5,40.36,19.8,35.829
A06,60,2024-02-26,15.6,35.44,13.49,38.345
A06,61,2024-03-04,6.300000000000001,37.58,14.709999999999999,38.995000000000005
A06,62,2024-03-11,1.1,43.5,24.28,35.936
A06,63,2024-03-18,26.7,38.42,12.78,35.119
A06,64,2024-03-25,23.4,31.39,27.130000000000003,30.577999999999996
A06,65,2024-04-01,24.5,27.91,32.269999999999996,28.893
A06,66,2024-04-08,29.6,27.64,26.93,28.448
A06,67,2024-04-15,20.9,27.46,28.089999999999996,26.619
A06,68,2024-04-22,58.2,23.87,36.75,25.472
A06,69,2024-04-29,27.1,24.25,26.53,24.237000000000002
A06,70,2024-05-06,11.5,25.93,20.759999999999998,24.061
A06,71,2024-05-13,4.5,30.990000000000002,7.7299999999999995,25.699
A06,72,2024-05-20,6.4,28.36,5.109999999999999,25.379
A06,73,2024-05-27,1.3,31.91,7.06,26.752
A06,74,2024-06-03,3.3,28.31,10.360000000000001,24.267000000000003
A06,75,2024-06-10,2.1,28.72,5.05,23.339
A06,76,2024-06-17,6.8,27.52,3.79,22.181
A06,77,2024-06-24,0.6,28.02,2.21,23.946
A06,78,2024-07-01,5.5,27.59,1.44,24.174
A06,79,2024-07-08,11.1,24.62,1.48,24.59
A06,80,2024-07-15,2.7,23.83,1.1099999999999999,25.438
A06,81,2024-07-22,1.9,30.05,2.0100000000000002,24.46
A06,82,2024-07-29,0.8999999999999999,29.26,2.7800000000000002,23.919999999999998
A06,83,2024-08-05,2.1,28.23,2.19,24.494
A06,84,2024-08-12,2.4000000000000004,29.490000000000002,3.3,27.383
A06,85,2024-08-19,1.4,26.37,2.62,28.377999999999997
A06,86,2024-08-26,2.8,31.54,4.029999999999999,28.278
A06,87,2024-09-02,1.2,30.23,6.82,28.276999999999997
A06,88,2024-09-09,0.1,41.77,1.94,32.792
A06,89,2024-09-16,3.3000000000000003,37.78,2.43,35.003
A06,90,2024-09-23,14.9,32.79,2.79,33.733
A06,91,2024-09-30,5.6,36.18,4.59,35.924
A06,92,2024-10-07,4.5,36.81,3.06,37.036
A06,93,2024-10-14,5.5,33.1,9.17,35.35
A06,94,2024-10-21,2.3,38.730000000000004,8.33,33.666
A06,95,2024-10-28,2.0,41.98,8.49,31.814
A06,96,2024-11-04,6.7,36.17,17.52,32.138999999999996
A06,97,2024-11-11,24.8,28.189999999999998,18.39,27.928999999999995
A06,98,2024-11-18,47.3,26.7,31.139999999999997,27.477999999999998
A06,99,2024-11-25,24.8,29.45,34.3,26.2
A06,100,2024-12-02,4.2,35.39,34.21,27.367
A06,101,2024-12-09,2.5,35.5,20.33,27.838
A06,102,2024-12-16,28.8,29.77,11.35,30.163999999999998
A06,103,2024-12-23,9.2,30.07,10.799999999999999,32.37166666666666
A06,104,2024-12-30,1.6,36.42,10.955555555555556,34.11555555555556
A06,105,2025-01-06,1.8,38.01,10.66,33.934999999999995
A06,106,2025-01-13,0.5,40.94,14.41,34.477
A06,107,2025-01-20,13.3,40.07,8.35,36.251999999999995
A06,108,2025-01-27,51.1,26.81,20.44,36.976
A06,109,2025-02-03,0.5,39.86,17.11,36.626999999999995
A06,110,2025-02-10,3.3,39.43,10.129999999999999,35.85
A06,111,2025-02-17,0.2,48.73,19.8,35.829
A06,112,2025-02-24,0.0,51.94,13.49,38.345
A06,113,2025-03-03,14.8,43.46,14.709999999999999,38.995000000000005
A06,114,2025-03-10,15.1,37.73,24.28,35.936
A06,115,2025-03-17,26.5,34.18,12.78,35.119
A06,116,2025-03-24,23.3,30.67,27.130000000000003,30.577999999999996
A06,117,2025-03-31,35.1,27.65,32.269999999999996,28.893
A06,118,2025-04-07,27.900000000000002,30.02,26.93,28.448
A06,119,2025-04-14,31.6,32.61,28.089999999999996,26.619
A06,120,2025-04-21,19.1,29.86,36.75,25.472
A06,121,2025-04-28,3.9,36.25,26.53,24.237000000000002
A06,122,2025-05-05,29.6,26.86,20.759999999999998,24.061
A06,123,2025-05-12,20.1,27.76,7.7299999999999995,25.699
A06,124,2025-05-19,7.1000000000000005,29.03,5.109999999999999,25.379
A06,125,2025-05-26,4.3,31.439999999999998,7.06,26.752
A06,126,2025-06-02,5.3,30.11,10.360000000000001,24.267000000000003
A06,127,2025-06-09,2.1,29.810000000000002,5.05,23.339
A06,128,2025-06-16,10.3,26.77,3.79,22.181
A06,129,2025-06-23,2.1,27.11,2.21,23.946
A06,130,2025-06-30,1.3,21.669999999999998,1.44,24.174
A06,131,2025-07-07,1.2,21.43,1.48,24.59
A06,132,2025-07-14,1.7000000000000002,27.009999999999998,1.1099999999999999,25.438
A06,133,2025-07-21,0.0,31.36,2.0100000000000002,24.46
A06,134,2025-07-28,0.2,29.24,2.7800000000000002,23.919999999999998
A06,135,2025-08-04,3.0,28.509999999999998,2.19,24.494
A06,136,2025-08-11,3.3,26.91,3.3,27.383
A06,137,2025-08-18,9.9,23.990000000000002,2.62,28.377999999999997
A06,138,2025-08-25,2.3000000000000003,36.64,4.029999999999999,28.278
A06,139,2025-09-01,0.30000000000000004,37.49,6.82,28.276999999999997
A06,140,2025-09-08,1.5999999999999999,40.64,1.94,32.792
A06,141,2025-09-15,1.9,40.94,2.43,35.003
A06,142,2025-09-22,1.2,39.81,2.79,33.733
A06,143,2025-09-29,3.2,38.08,4.59,35.924
A06,144,2025-10-06,4.1,39.17,3.06,37.036
A06,145,2025-10-13,1.7000000000000002,38.32,9.17,35.35
A06,146,2025-10-20,9.9,35.03,8.33,33.666
A06,147,2025-10-27,44.0,27.94,8.49,31.814
A06,148,2025-11-03,6.2,37.83,17.52,32.138999999999996
A06,149,2025-11-10,9.600000000000001,37.15,18.39,27.928999999999995
A06,150,2025-11-17,2.2,40.59,31.139999999999997,27.477999999999998
A06,151,2025-11-24,9.0,38.28,34.3,26.2
A06,152,2025-12-01,2.3,40.86,34.21,27.367
A06,153,2025-12-08,7.4,36.04,20.33,27.838
A06,154,2025-12-15,6.9,34.31,11.35,30.163999999999998
A06,155,2025-12-22,29.0,33.67,10.799999999999999,32.37166666666666
A07,0,2023-01-02,6.2,31.77,10.477777777777778,33.638888888888886
A07,1,2023-01-09,1.5,39.31,8.73,33.638999999999996
A07,2,2023-01-16,0.0,43.1,14.530000000000001,34.096000000000004
A07,3,2023-01-23,0.8,44.31,6.67,36.517
A07,4,2023-01-30,0.4,46.230000000000004,19.63,37.023
A07,5,2023-02-06,0.8,46.019999999999996,21.32,36.265
A07,6,2023-02-13,0.1,47.17,12.940000000000001,36.038
A07,7,2023-02-20,0.0,47.3,13.51,36.406
A07,8,2023-02-27,1.6,43.94,15.459999999999999,38.727999999999994
A07,9,2023-03-06,0.7,45.93,15.069999999999999,39.562
A07,10,2023-03-13,15.2,34.93,22.869999999999997,36.632
A07,11,2023-03-20,75.9,25.0,11.23,35.644999999999996
A07,12,2023-03-27,15.1,30.78,34.18,30.562
A07,13,2023-04-03,22.5,27.06,29.109999999999996,28.601
A07,14,2023-04-10,25.1,26.91,27.369999999999997,28.385
A07,15,2023-04-17,30.1,26.46,41.28,25.355
A07,16,2023-04-24,79.5,19.79,44.739999999999995,24.045
A07,17,2023-05-01,23.4,24.45,42.32,23.297
A07,18,2023-05-08,14.6,26.67,29.68,22.932
A07,19,2023-05-15,9.6,27.75,15.2,24.153
A07,20,2023-05-22,4.4,28.11,10.33,24.286
A07,21,2023-05-29,11.8,25.18,6.989999999999999,25.73
A07,22,2023-06-05,2.8,29.169999999999998,17.970000000000002,22.269
A07,23,2023-06-12,8.3,25.240000000000002,10.86,21.157
A07,24,2023-06-19,8.7,23.56,8.510000000000002,20.457
A07,25,2023-06-26,6.6,22.55,5.220000000000001,22.214000000000002
A07,26,2023-07-03,2.2,19.74,3.2800000000000002,21.927
A07,27,2023-07-10,0.6000000000000001,28.009999999999998,3.37,21.827
A07,28,2023-07-17,0.9,27.65,1.97,23.252000000000002
A07,29,2023-07-24,2.9,24.009999999999998,5.17,22.134
A07,30,2023-07-31,5.9,21.82,7.040000000000001,22.008000000000003
A07,31,2023-08-07,2.4,24.9,3.91,22.703
A07,32,2023-08-14,2.5,32.07,6.21,25.78
A07,33,2023-08-21,0.1,36.54,6.2,26.716
A07,34,2023-08-28,7.800000000000001,28.310000000000002,9.06,26.129
A07,35,2023-09-04,17.0,29.93,12.23,26.407
A07,36,2023-09-11,4.3,31.5,4.890000000000001,31.144
A07,37,2023-09-18,6.6,33.230000000000004,3.3600000000000003,33.158
A07,38,2023-09-25,4.3,34.08,5.430000000000001,32.006
A07,39,2023-10-02,3.8,34.35,9.530000000000001,34.823
A07,40,2023-10-09,1.1,41.19,9.57,34.925
A07,41,2023-10-16,12.799999999999999,32.18,17.259999999999998,33.543
A07,42,2023-10-23,12.5,35.85,18.65,31.052
A07,43,2023-10-30,50.1,26.97,21.84,29.660000000000004
A07,44,2023-11-06,30.9,27.159999999999997,15.330000000000002,30.101999999999997
A07,45,2023-11-13,35.1,26.32,20.15,26.595
A07,46,2023-11-20,37.3,23.11,23.79,26.942
A07,47,2023-11-27,10.7,32.339999999999996,26.52,26.177999999999997
A07,48,2023-12-04,2.1,34.48,25.08,28.008
A07,49,2023-12-11,8.6,28.240000000000002,17.71,28.434000000000005
A07,50,2023-12-18,5.2,32.95,11.35,30.038
A07,51,2023-12-25,4.7,32.9,13.049999999999999,32.339999999999996
A07,52,2024-01-01,47.5,25.89,10.477777777777778,33.638888888888886
A07,53,2024-01-08,31.1,24.41,8.73,33.638999999999996
A07,54,2024-01-15,45.1,26.57,14.530000000000001,34.096000000000004
A07,55,2024-01-22,7.8,33.71,6.67,36.517
A07,56,2024-01-29,3.1,37.81,19.63,37.023
A07,57,2024-02-05,2.3,38.1,21.32,36.265
A07,58,2024-02-12,0.2,42.07,12.940000000000001,36.038
A07,59,2024-02-19,4.3,37.82,13.51,36.406
A07,60,2024-02-26,17.4,33.75,15.459999999999999,38.727999999999994
A07,61,2024-03-04,6.3,36.269999999999996,15.069999999999999,39.562
A07,62,2024-03-11,0.5,43.65,22.869999999999997,36.632
A07,63,2024-03-18,8.899999999999999,41.019999999999996,11.23,35.644999999999996
A07,64,2024-03-25,27.2,31.4,34.18,30.562
A07,65,2024-04-01,28.099999999999998,27.51,29.109999999999996,28.601
A07,66,2024-04-08,39.7,27.78,27.369999999999997,28.385
A07,67,2024-04-15,44.4,26.459999999999997,41.28,25.355
A07,68,2024-04-22,87.0,22.48,44.739999999999995,24.045
A07,69,2024-04-29,50.7,22.759999999999998,42.32,23.297
A07,70,2024-05-06,18.3,24.759999999999998,29.68,22.932
A07,71,2024-05-13,13.1,28.27,15.2,24.153
A07,72,2024-05-20,18.599999999999998,25.89,10.33,24.286
A07,73,2024-05-27,6.6,27.96,6.989999999999999,25.73
A07,74,2024-06-03,18.1,24.18,17.970000000000002,22.269
A07,75,2024-06-10,4.1,26.259999999999998,10.86,21.157
A07,76,2024-06-17,4.3,25.54,8.510000000000002,20.457
A07,77,2024-06-24,0.3,25.65,5.220000000000001,22.214000000000002
A07,78,2024-07-01,7.6,27.2,3.2800000000000002,21.927
A07,79,2024-07-08,22.7,24.28,3.37,21.827
A07,80,2024-07-15,8.3,23.189999999999998,1.97,23.252000000000002
A07,81,2024-07-22,5.1,28.18,5.17,22.134
A07,82,2024-07-29,14.299999999999999,25.709999999999997,7.040000000000001,22.008000000000003
A07,83,2024-08-05,2.4,26.48,3.91,22.703
A07,84,2024-08-12,5.1,28.5,6.21,25.78
A07,85,2024-08-19,1.9,25.37,6.2,26.716
A07,86,2024-08-26,2.3,30.27,9.06,26.129
A07,87,2024-09-02,1.7000000000000002,29.43,12.23,26.407
A07,88,2024-09-09,1.4000000000000001,39.96,4.890000000000001,31.144
A07,89,2024-09-16,12.0,35.99,3.3600000000000003,33.158
A07,90,2024-09-23,27.2,31.73,5.430000000000001,32.006
A07,91,2024-09-30,19.6,33.68,9.530000000000001,34.823
A07,92,2024-10-07,5.1,36.67,9.57,34.925
A07,93,2024-10-14,22.0,30.52,17.259999999999998,33.543
A07,94,2024-10-21,5.1,37.6,18.65,31.052
A07,95,2024-10-28,2.2,41.480000000000004,21.84,29.660000000000004
A07,96,2024-11-04,7.5,30.61,15.330000000000002,30.101999999999997
A07,97,2024-11-11,21.5,24.0,20.15,26.595
A07,98,2024-11-18,28.1,27.92,23.79,26.942
A07,99,2024-11-25,38.3,26.04,26.52,26.177999999999997
A07,100,2024-12-02,5.9,34.2,25.08,28.008
A07,101,2024-12-09,5.1000000000000005,35.73,17.71,28.434000000000005
A07,102,2024-12-16,31.4,28.240000000000002,11.35,30.038
A07,103,2024-12-23,9.6,31.310000000000002,13.049999999999999,32.339999999999996
A07,104,2024-12-30,0.5,36.26,10.477777777777778,33.638888888888886
A07,105,2025-01-06,2.9,37.5,8.73,33.638999999999996
A07,106,2025-01-13,1.9,41.42,14.530000000000001,34.096000000000004
A07,107,2025-01-20,22.9,38.08,6.67,36.517
A07,108,2025-01-27,61.9,25.04,19.63,37.023
A07,109,2025-02-03,1.7,40.5,21.32,36.265
A07,110,2025-02-10,2.3000000000000003,41.12,12.940000000000001,36.038
A07,111,2025-02-17,0.0,52.56,13.51,36.406
A07,112,2025-02-24,0.1,53.22,15.459999999999999,38.727999999999994
A07,113,2025-03-03,21.099999999999998,45.09,15.069999999999999,39.562
A07,114,2025-03-10,26.3,38.21,22.869999999999997,36.632
A07,115,2025-03-17,31.7,31.84,11.23,35.644999999999996
A07,116,2025-03-24,50.1,29.669999999999998,34.18,30.562
A07,117,2025-03-31,28.8,25.92,29.109999999999996,28.601
A07,118,2025-04-07,20.4,29.58,27.369999999999997,28.385
A07,119,2025-04-14,51.599999999999994,30.36,41.28,25.355
A07,120,2025-04-21,22.7,26.03,44.739999999999995,24.045
A07,121,2025-04-28,10.5,32.04,42.32,23.297
A07,122,2025-05-05,47.099999999999994,24.02,29.68,22.932
A07,123,2025-05-12,59.3,25.25,15.2,24.153
A07,124,2025-05-19,11.0,25.25,10.33,24.286
A07,125,2025-05-26,7.699999999999999,27.3,6.989999999999999,25.73
A07,126,2025-06-02,8.9,27.59,17.970000000000002,22.269
A07,127,2025-06-09,3.6,28.509999999999998,10.86,21.157
A07,128,2025-06-16,12.8,25.16,8.510000000000002,20.457
A07,129,2025-06-23,4.8,26.96,5.220000000000001,22.214000000000002
A07,130,2025-06-30,4.7,21.26,3.2800000000000002,21.927
A07,131,2025-07-07,7.800000000000001,20.08,3.37,21.827
A07,132,2025-07-14,4.9,26.08,1.97,23.252000000000002
A07,133,2025-07-21,1.3,30.48,5.17,22.134
A07,134,2025-07-28,0.8999999999999999,28.919999999999998,7.040000000000001,22.008000000000003
A07,135,2025-08-04,15.7,26.1,3.91,22.703
A07,136,2025-08-11,22.5,25.22,6.21,25.78
A07,137,2025-08-18,28.1,21.36,6.2,26.716
A07,138,2025-08-25,3.1,31.46,9.06,26.129
A07,139,2025-09-01,2.0,32.730000000000004,12.23,26.407
A07,140,2025-09-08,4.5,36.46,4.890000000000001,31.144
A07,141,2025-09-15,4.5,38.65,3.3600000000000003,33.158
A07,142,2025-09-22,12.799999999999999,36.61,5.430000000000001,32.006
A07,143,2025-09-29,13.3,32.34,9.530000000000001,34.823
A07,144,2025-10-06,7.1000000000000005,36.03,9.57,34.925
A07,145,2025-10-13,8.1,36.48,17.259999999999998,33.543
A07,146,2025-10-20,11.5,31.38,18.65,31.052
A07,147,2025-10-27,28.599999999999998,24.39,21.84,29.660000000000004
A07,148,2025-11-03,9.1,32.7,15.330000000000002,30.101999999999997
A07,149,2025-11-10,6.7,33.88,20.15,26.595
A07,150,2025-11-17,5.1,36.02,23.79,26.942
A07,151,2025-11-24,11.5,33.58,26.52,26.177999999999997
A07,152,2025-12-01,2.0,37.2,25.08,28.008
A07,153,2025-12-08,8.5,33.16,17.71,28.434000000000005
A07,154,2025-12-15,6.800000000000001,31.75,11.35,30.038
A07,155,2025-12-22,38.4,32.24,13.049999999999999,32.339999999999996
A08,0,2023-01-02,2.6,34.730000000000004,10.877777777777776,34.24
A08,1,2023-01-09,2.9,39.95,5.2700000000000005,34.457
A08,2,2023-01-16,0.0,43.589999999999996,10.290000000000001,35.751999999999995
A08,3,2023-01-23,0.2,43.56,8.8,37.227999999999994
A08,4,2023-01-30,0.1,45.65,17.650000000000002,38.131
A08,5,2023-02-06,0.0,47.59,15.210000000000003,37.102999999999994
A08,6,2023-02-13,0.1,46.35,12.02,37.157
A08,7,2023-02-20,0.0,46.91,15.129999999999999,37.094
A08,8,2023-02-27,0.0,45.2,11.41,38.991
A08,9,2023-03-06,0.5,46.2,13.530000000000001,39.884
A08,10,2023-03-13,11.200000000000001,37.4,21.57,36.363
A08,11,2023-03-20,45.2,28.74,12.66,35.977
A08,12,2023-03-27,19.0,32.45,38.660000000000004,31.472
A08,13,2023-04-03,15.4,30.240000000000002,40.480000000000004,30.076
A08,14,2023-04-10,11.4,27.67,33.18,29.894
A08,15,2023-04-17,20.3,29.34,37.39,27.551
A08,16,2023-04-24,42.900000000000006,23.75,42.31,26.024
A08,17,2023-05-01,20.4,26.04,31.360000000000003,25.253
A08,18,2023-05-08,5.4,29.28,21.410000000000004,24.898000000000003
A08,19,2023-05-15,2.1999999999999997,31.05,7.67,26.314
A08,20,2023-05-22,2.2,30.22,6.2700000000000005,26.285000000000004
A08,21,2023-05-29,16.6,27.53,4.7700000000000005,26.68
A08,22,2023-06-05,0.7,31.57,10.709999999999999,24.204
A08,23,2023-06-12,0.9,27.27,5.8100000000000005,23.249000000000002
A08,24,2023-06-19,1.9000000000000001,25.42,3.95,22.453
A08,25,2023-06-26,1.2,24.6,1.7099999999999997,24.048
A08,26,2023-07-03,0.5,22.36,1.34,23.731
A08,27,2023-07-10,0.0,29.95,1.29,24.139
A08,28,2023-07-17,0.0,30.21,1.2499999999999998,25.356
A08,29,2023-07-24,1.7999999999999998,25.25,1.7900000000000003,23.758
A08,30,2023-07-31,1.1,25.43,2.9,23.740000000000002
A08,31,2023-08-07,0.1,25.939999999999998,2.2600000000000002,24.238999999999997
A08,32,2023-08-14,0.6,33.24,4.05,27.095
A08,33,2023-08-21,1.9,38.67,3.5799999999999996,28.422000000000004
A08,34,2023-08-28,1.5,32.63,4.75,27.874000000000002
A08,35,2023-09-04,8.3,33.510000000000005,6.45,28.044999999999998
A08,36,2023-09-11,1.9,35.12,2.23,33.155
A08,37,2023-09-18,4.0,37.68,1.52,34.985
A08,38,2023-09-25,2.4,37.09,2.85,34.636
A08,39,2023-10-02,10.0,37.61,4.5200000000000005,36.702999999999996
A08,40,2023-10-09,1.4,43.9,5.57,37.001
A08,41,2023-10-16,15.0,33.089999999999996,12.08,35.741
A08,42,2023-10-23,9.0,37.64,12.75,33.751999999999995
A08,43,2023-10-30,41.5,28.53,19.669999999999998,31.103999999999996
A08,44,2023-11-06,41.3,26.53,21.77,31.406
A08,45,2023-11-13,16.8,28.22,24.34,27.428000000000004
A08,46,2023-11-20,47.8,25.26,34.37,27.154000000000003
A08,47,2023-11-27,2.0999999999999996,34.72,37.42,25.471
A08,48,2023-12-04,1.6,36.15,30.360000000000003,27.607
A08,49,2023-12-11,24.0,30.380000000000003,20.16,28.316000000000003
A08,50,2023-12-18,2.0,34.46,10.629999999999999,30.466
A08,51,2023-12-25,3.8,36.18,16.23333333333333,32.75
A08,52,2024-01-01,15.8,32.96,10.877777777777776,34.24
A08,53,2024-01-08,32.0,27.37,5.2700000000000005,34.457
A08,54,2024-01-15,22.8,30.35,10.290000000000001,35.751999999999995
A08,55,2024-01-22,9.0,37.23,8.8,37.227999999999994
A08,56,2024-01-29,1.9,38.980000000000004,17.650000000000002,38.131
A08,57,2024-02-05,1.2,40.55,15.210000000000003,37.102999999999994
A08,58,2024-02-12,0.2,44.54,12.02,37.157
A08,59,2024-02-19,8.9,40.2,15.129999999999999,37.094
A08,60,2024-02-26,8.5,39.18,11.41,38.991
A08,61,2024-03-04,5.1000000000000005,39.99,13.530000000000001,39.884
A08,62,2024-03-11,0.4,43.57,21.57,36.363
A08,63,2024-03-18,18.5,40.39,12.66,35.977
A08,64,2024-03-25,20.6,33.66,38.660000000000004,31.472
A08,65,2024-04-01,24.1,27.58,40.480000000000004,30.076
A08,66,2024-04-08,25.8,30.24,33.18,29.894
A08,67,2024-04-15,28.4,29.47,37.39,27.551
A08,68,2024-04-22,62.7,25.08,42.31,26.024
A08,69,2024-04-29,68.8,26.05,31.360000000000003,25.253
A08,70,2024-05-06,16.8,26.54,21.410000000000004,24.898000000000003
A08,71,2024-05-13,2.0,32.14,7.67,26.314
A08,72,2024-05-20,7.9,29.439999999999998,6.2700000000000005,26.285000000000004
A08,73,2024-05-27,1.5,31.61,4.7700000000000005,26.68
A08,74,2024-06-03,2.5,27.86,10.709999999999999,24.204
A08,75,2024-06-10,3.1,29.14,5.8100000000000005,23.249000000000002
A08,76,2024-06-17,6.4,28.54,3.95,22.453
A08,77,2024-06-24,0.5,27.43,1.7099999999999997,24.048
A08,78,2024-07-01,2.7,27.87,1.34,23.731
A08,79,2024-07-08,7.1,25.28,1.29,24.139
A08,80,2024-07-15,1.0,23.12,1.2499999999999998,25.356
A08,81,2024-07-22,5.3999999999999995,29.18,1.7900000000000003,23.758
A08,82,2024-07-29,1.4000000000000001,27.94,2.9,23.740000000000002
A08,83,2024-08-05,2.1,27.0,2.2600000000000002,24.238999999999997
A08,84,2024-08-12,1.6,28.38,4.05,27.095
A08,85,2024-08-19,0.6000000000000001,24.91,3.5799999999999996,28.422000000000004
A08,86,2024-08-26,2.4,32.07,4.75,27.874000000000002
A08,87,2024-09-02,0.8,30.76,6.45,28.044999999999998
A08,88,2024-09-09,0.2,42.31,2.23,33.155
A08,89,2024-09-16,1.9,37.480000000000004,1.52,34.985
A08,90,2024-09-23,6.7,34.4,2.85,34.636
A08,91,2024-09-30,4.1,36.49,4.5200000000000005,36.702999999999996
A08,92,2024-10-07,3.1,38.06,5.57,37.001
A08,93,2024-10-14,15.600000000000001,33.660000000000004,12.08,35.741
A08,94,2024-10-21,1.7,38.35,12.75,33.751999999999995
A08,95,2024-10-28,2.0,42.24,19.669999999999998,31.103999999999996
A08,96,2024-11-04,12.3,33.67,21.77,31.406
A08,97,2024-11-11,48.6,25.51,24.34,27.428000000000004
A08,98,2024-11-18,28.6,29.17,34.37,27.154000000000003
A08,99,2024-11-25,29.599999999999998,29.25,37.42,25.471
A08,100,2024-12-02,1.9999999999999998,36.65,30.360000000000003,27.607
A08,101,2024-12-09,3.4000000000000004,37.43,20.16,28.316000000000003
A08,102,2024-12-16,36.5,30.169999999999998,10.629999999999999,30.466
A08,103,2024-12-23,14.0,31.560000000000002,16.23333333333333,32.75
A08,104,2024-12-30,4.2,36.87,10.877777777777776,34.24
A08,105,2025-01-06,3.0,38.17,5.2700000000000005,34.457
A08,106,2025-01-13,0.1,40.19,10.290000000000001,35.751999999999995
A08,107,2025-01-20,5.9,40.8,8.8,37.227999999999994
A08,108,2025-01-27,56.5,29.45,17.650000000000002,38.131
A08,109,2025-02-03,0.6,40.77,15.210000000000003,37.102999999999994
A08,110,2025-02-10,3.4,40.19,12.02,37.157
A08,111,2025-02-17,0.0,47.96,15.129999999999999,37.094
A08,112,2025-02-24,0.0,49.98,11.41,38.991
A08,113,2025-03-03,14.5,44.92,13.530000000000001,39.884
A08,114,2025-03-10,10.8,39.69,21.57,36.363
A08,115,2025-03-17,23.6,33.71,12.66,35.977
A08,116,2025-03-24,22.8,30.25,38.660000000000004,31.472
A08,117,2025-03-31,59.5,28.060000000000002,40.480000000000004,30.076
A08,118,2025-04-07,27.099999999999998,29.419999999999998,33.18,29.894
A08,119,2025-04-14,20.2,32.379999999999995,37.39,27.551
A08,120,2025-04-21,59.7,27.28,42.31,26.024
A08,121,2025-04-28,21.0,31.55,31.360000000000003,25.253
A08,122,2025-05-05,49.0,28.11,21.410000000000004,24.898000000000003
A08,123,2025-05-12,26.2,26.740000000000002,7.67,26.314
A08,124,2025-05-19,12.1,28.75,6.2700000000000005,26.285000000000004
A08,125,2025-05-26,15.4,30.0,4.7700000000000005,26.68
A08,126,2025-06-02,7.8999999999999995,29.46,10.709999999999999,24.204
A08,127,2025-06-09,6.3,30.11,5.8100000000000005,23.249000000000002
A08,128,2025-06-16,6.5,27.41,3.95,22.453
A08,129,2025-06-23,2.8,26.78,1.7099999999999997,24.048
A08,130,2025-06-30,0.7999999999999999,24.08,1.34,23.731
A08,131,2025-07-07,1.4,23.44,1.29,24.139
A08,132,2025-07-14,1.0,27.94,1.2499999999999998,25.356
A08,133,2025-07-21,0.4,31.38,1.7900000000000003,23.758
A08,134,2025-07-28,0.30000000000000004,28.59,2.9,23.740000000000002
A08,135,2025-08-04,4.3,25.54,2.2600000000000002,24.238999999999997
A08,136,2025-08-11,9.9,25.54,4.05,27.095
A08,137,2025-08-18,9.8,23.0,3.5799999999999996,28.422000000000004
A08,138,2025-08-25,1.9,35.7,4.75,27.874000000000002
A08,139,2025-09-01,0.1,35.55,6.45,28.044999999999998
A08,140,2025-09-08,0.30000000000000004,39.339999999999996,2.23,33.155
A08,141,2025-09-15,2.8,40.61,1.52,34.985
A08,142,2025-09-22,1.5,40.45,2.85,34.636
A08,143,2025-09-29,5.6000000000000005,36.16,4.5200000000000005,36.702999999999996
A08,144,2025-10-06,9.5,38.44,5.57,37.001
A08,145,2025-10-13,5.8,35.06,12.08,35.741
A08,146,2025-10-20,7.9,32.72,12.75,33.751999999999995
A08,147,2025-10-27,53.1,27.27,19.669999999999998,31.103999999999996
A08,148,2025-11-03,7.0,34.36,21.77,31.406
A08,149,2025-11-10,14.0,35.76,24.34,27.428000000000004
A08,150,2025-11-17,5.699999999999999,39.66,34.37,27.154000000000003
A08,151,2025-11-24,10.9,35.96,37.42,25.471
A08,152,2025-12-01,1.9000000000000001,38.269999999999996,30.360000000000003,27.607
A08,153,2025-12-08,26.7,33.84,20.16,28.316000000000003
A08,154,2025-12-15,29.9,32.53,10.629999999999999,30.466
A08,155,2025-12-22,24.8,33.06,16.23333333333333,32.75
A09,0,2023-01-02,1.5,43.23,10.488888888888889,40.95777777777778
A09,1,2023-01-09,0.0,49.980000000000004,9.620000000000001,40.190999999999995
A09,2,2023-01-16,0.0,49.63,16.39,39.82
A09,3,2023-01-23,0.0,52.28,11.09,42.781
A09,4,2023-01-30,0.0,52.04,21.669999999999998,42.643
A09,5,2023-02-06,0.7,52.82,16.009999999999998,42.141999999999996
A09,6,2023-02-13,0.0,52.41,4.9399999999999995,42.862
A09,7,2023-02-20,0.0,55.96,10.35,42.123000000000005
A09,8,2023-02-27,0.0,54.42,15.15,44.861000000000004
A09,9,2023-03-06,0.0,54.73,19.18,44.852999999999994
A09,10,2023-03-13,3.0,46.14,32.56,43.114
A09,11,2023-03-20,79.9,33.69,12.4,42.297000000000004
A09,12,2023-03-27,55.099999999999994,34.94,32.18,36.480000000000004
A09,13,2023-04-03,26.6,34.3,36.18,34.787
A09,14,2023-04-10,9.0,37.879999999999995,25.34,35.049
A09,15,2023-04-17,15.0,34.29,50.42,32.076
A09,16,2023-04-24,74.5,27.29,51.86,30.459000000000003
A09,17,2023-05-01,29.3,29.75,34.0,29.351
A09,18,2023-05-08,9.5,33.980000000000004,25.16,28.77
A09,19,2023-05-15,0.9,39.51,7.92,32.303
A09,20,2023-05-22,1.0,39.620000000000005,2.7399999999999998,33.32
A09,21,2023-05-29,4.9,34.4,3.9299999999999997,34.392
A09,22,2023-06-05,0.0,41.05,2.5100000000000002,33.761
A09,23,2023-06-12,0.0,37.29,0.8099999999999999,32.977999999999994
A09,24,2023-06-19,2.9000000000000004,38.93,0.9,32.413
A09,25,2023-06-26,0.0,37.14,2.0000000000000004,33.887
A09,26,2023-07-03,0.0,32.64,0.15,34.609
A09,27,2023-07-10,0.0,38.76,0.28,34.799
A09,28,2023-07-17,0.0,37.53,0.05,35.532
A09,29,2023-07-24,0.2,36.72,0.16,35.815
A09,30,2023-07-31,0.0,35.019999999999996,0.9299999999999999,34.222
A09,31,2023-08-07,0.0,40.36,0.06999999999999999,34.989
A09,32,2023-08-14,0.0,41.59,0.29000000000000004,37.695
A09,33,2023-08-21,0.0,44.64,0.22000000000000003,38.563
A09,34,2023-08-28,0.3,40.75,0.89,39.22
A09,35,2023-09-04,0.4,42.77,5.61,38.683
A09,36,2023-09-11,0.0,45.54,0.26,42.039
A09,37,2023-09-18,6.5,43.72,0.24,43.469
A09,38,2023-09-25,0.7999999999999999,47.72,1.16,43.049
A09,39,2023-10-02,1.7999999999999998,43.79,2.5100000000000002,44.461
A09,40,2023-10-09,1.4000000000000001,50.61,2.59,45.019999999999996
A09,41,2023-10-16,3.7,41.05,6.779999999999999,43.616
A09,42,2023-10-23,1.3,44.61,7.720000000000001,40.781
A09,43,2023-10-30,73.6,35.96,8.610000000000001,39.92
A09,44,2023-11-06,60.199999999999996,31.78,10.7,39.577
A09,45,2023-11-13,15.4,30.65,17.119999999999997,35.873000000000005
A09,46,2023-11-20,118.0,30.700000000000003,36.54,34.958
A09,47,2023-11-27,11.9,33.879999999999995,24.15,35.243
A09,48,2023-12-04,0.7,37.05,22.05,36.12
A09,49,2023-12-11,26.4,34.25,19.919999999999998,35.098
A09,50,2023-12-18,0.0,38.38,19.81,36.65
A09,51,2023-12-25,7.3,43.22,17.758333333333336,38.56
A09,52,2024-01-01,70.3,33.01,10.488888888888889,40.95777777777778
A09,53,2024-01-08,52.7,26.62,9.620000000000001,40.190999999999995
A09,54,2024-01-15,53.3,30.78,16.39,39.82
A09,55,2024-01-22,10.5,35.92,11.09,42.781
A09,56,2024-01-29,4.0,38.81,21.669999999999998,42.643
A09,57,2024-02-05,0.9,41.769999999999996,16.009999999999998,42.141999999999996
A09,58,2024-02-12,0.0,46.75,4.9399999999999995,42.862
A09,59,2024-02-19,1.8,44.09,10.35,42.123000000000005
A09,60,2024-02-26,2.7,42.16,15.15,44.861000000000004
A09,61,2024-03-04,0.5,45.35,19.18,44.852999999999994
A09,62,2024-03-11,0.1,48.9,32.56,43.114
A09,63,2024-03-18,36.400000000000006,46.79,12.4,42.297000000000004
A09,64,2024-03-25,10.3,34.28,32.18,36.480000000000004
A09,65,2024-04-01,73.2,32.11,36.18,34.787
A09,66,2024-04-08,79.6,31.39,25.34,35.049
A09,67,2024-04-15,71.6,32.56,50.42,32.076
A09,68,2024-04-22,142.2,30.54,51.86,30.459000000000003
A09,69,2024-04-29,35.6,30.08,34.0,29.351
A09,70,2024-05-06,34.5,30.32,25.16,28.77
A09,71,2024-05-13,0.0,33.65,7.92,32.303
A09,72,2024-05-20,8.600000000000001,32.8,2.7399999999999998,33.32
A09,73,2024-05-27,0.5,33.79,3.9299999999999997,34.392
A09,74,2024-06-03,1.1,35.88,2.5100000000000002,33.761
A09,75,2024-06-10,0.0,35.42,0.8099999999999999,32.977999999999994
A09,76,2024-06-17,0.7,32.88,0.9,32.413
A09,77,2024-06-24,0.0,34.0,2.0000000000000004,33.887
A09,78,2024-07-01,1.8,35.69,0.15,34.609
A09,79,2024-07-08,16.1,31.27,0.28,34.799
A09,80,2024-07-15,0.0,35.2,0.05,35.532
A09,81,2024-07-22,0.0,38.19,0.16,35.815
A09,82,2024-07-29,0.0,38.339999999999996,0.9299999999999999,34.222
A09,83,2024-08-05,0.0,37.7,0.06999999999999999,34.989
A09,84,2024-08-12,0.1,39.78,0.29000000000000004,37.695
A09,85,2024-08-19,0.0,37.910000000000004,0.22000000000000003,38.563
A09,86,2024-08-26,0.2,40.93,0.89,39.22
A09,87,2024-09-02,0.0,39.089999999999996,5.61,38.683
A09,88,2024-09-09,0.0,45.67,0.26,42.039
A09,89,2024-09-16,0.3,47.25,0.24,43.469
A09,90,2024-09-23,0.4,45.89,1.16,43.049
A09,91,2024-09-30,0.5,42.32,2.5100000000000002,44.461
A09,92,2024-10-07,0.7,44.339999999999996,2.59,45.019999999999996
A09,93,2024-10-14,14.2,44.33,6.779999999999999,43.616
A09,94,2024-10-21,1.2,45.04,7.720000000000001,40.781
A09,95,2024-10-28,0.2,48.3,8.610000000000001,39.92
A09,96,2024-11-04,6.9,43.54,10.7,39.577
A09,97,2024-11-11,36.9,32.51,17.119999999999997,35.873000000000005
A09,98,2024-11-18,44.900000000000006,35.19,36.54,34.958
A09,99,2024-11-25,75.2,33.18,24.15,35.243
A09,100,2024-12-02,37.9,32.62,22.05,36.12
A09,101,2024-12-09,4.2,40.58,19.919999999999998,35.098
A09,102,2024-12-16,92.7,32.34,19.81,36.65
A09,103,2024-12-23,47.300000000000004,33.86,17.758333333333336,38.56
A09,104,2024-12-30,0.3,38.839999999999996,10.488888888888889,40.95777777777778
A09,105,2025-01-06,0.2,45.31,9.620000000000001,40.190999999999995
A09,106,2025-01-13,0.0,48.16,16.39,39.82
A09,107,2025-01-20,20.6,43.71,11.09,42.781
A09,108,2025-01-27,103.4,28.189999999999998,21.669999999999998,42.643
A09,109,2025-02-03,1.5,39.31,16.009999999999998,42.141999999999996
A09,110,2025-02-10,0.1,48.07,4.9399999999999995,42.862
A09,111,2025-02-17,0.0,54.26,10.35,42.123000000000005
A09,112,2025-02-24,0.0,54.52,15.15,44.861000000000004
A09,113,2025-03-03,20.2,50.64,19.18,44.852999999999994
A09,114,2025-03-10,30.6,39.03,32.56,43.114
A09,115,2025-03-17,8.6,38.6,12.4,42.297000000000004
A09,116,2025-03-24,64.4,35.29,32.18,36.480000000000004
A09,117,2025-03-31,115.8,31.19,36.18,34.787
A09,118,2025-04-07,65.19999999999999,33.68,25.34,35.049
A09,119,2025-04-14,62.9,34.73,50.42,32.076
A09,120,2025-04-21,47.5,29.38,51.86,30.459000000000003
A09,121,2025-04-28,32.6,33.8,34.0,29.351
A09,122,2025-05-05,79.2,30.41,25.16,28.77
A09,123,2025-05-12,47.7,30.98,7.92,32.303
A09,124,2025-05-19,11.2,32.37,2.7399999999999998,33.32
A09,125,2025-05-26,11.2,34.01,3.9299999999999997,34.392
A09,126,2025-06-02,0.4,36.33,2.5100000000000002,33.761
A09,127,2025-06-09,0.9,36.57,0.8099999999999999,32.977999999999994
A09,128,2025-06-16,0.2,38.72,0.9,32.413
A09,129,2025-06-23,0.0,37.03,2.0000000000000004,33.887
A09,130,2025-06-30,0.0,35.03,0.15,34.609
A09,131,2025-07-07,0.0,34.8,0.28,34.799
A09,132,2025-07-14,0.0,41.7,0.05,35.532
A09,133,2025-07-21,0.0,41.519999999999996,0.16,35.815
A09,134,2025-07-28,0.0,40.42,0.9299999999999999,34.222
A09,135,2025-08-04,8.6,39.3,0.06999999999999999,34.989
A09,136,2025-08-11,2.9000000000000004,40.28,0.29000000000000004,37.695
A09,137,2025-08-18,9.0,33.3,0.22000000000000003,38.563
A09,138,2025-08-25,0.0,43.85,0.89,39.22
A09,139,2025-09-01,0.0,47.07,5.61,38.683
A09,140,2025-09-08,0.0,47.3,0.26,42.039
A09,141,2025-09-15,0.1,47.54,0.24,43.469
A09,142,2025-09-22,0.2,47.83,1.16,43.049
A09,143,2025-09-29,4.2,43.61,2.5100000000000002,44.461
A09,144,2025-10-06,10.200000000000001,44.32,2.59,45.019999999999996
A09,145,2025-10-13,0.0,48.13,6.779999999999999,43.616
A09,146,2025-10-20,5.199999999999999,44.54,7.720000000000001,40.781
A09,147,2025-10-27,72.1,33.370000000000005,8.610000000000001,39.92
A09,148,2025-11-03,1.0,42.309999999999995,10.7,39.577
A09,149,2025-11-10,2.3,44.93,17.119999999999997,35.873000000000005
A09,150,2025-11-17,0.3,49.65,36.54,34.958
A09,151,2025-11-24,3.0000000000000004,44.91,24.15,35.243
A09,152,2025-12-01,0.0,49.31,22.05,36.12
A09,153,2025-12-08,17.1,43.17,19.919999999999998,35.098
A09,154,2025-12-15,18.5,39.69,19.81,36.65
A09,155,2025-12-22,48.3,41.67,17.758333333333336,38.56
A10,0,2023-01-02,18.3,30.15,29.577777777777776,28.288888888888888
A10,1,2023-01-09,13.1,30.44,63.86,27.951999999999998
A10,2,2023-01-16,0.4,35.97,44.92999999999999,28.496
A10,3,2023-01-23,3.3,36.64,34.470000000000006,29.535000000000004
A10,4,2023-01-30,8.9,38.019999999999996,65.04,29.951999999999998
A10,5,2023-02-06,1.4,38.41,50.940000000000005,29.683999999999997
A10,6,2023-02-13,3.0,37.35,79.64000000000001,31.417
A10,7,2023-02-20,3.1999999999999997,38.49,69.15,31.776999999999997
A10,8,2023-02-27,5.4,35.39,13.0,32.45
A10,9,2023-03-06,0.4,37.96,62.86,32.89
A10,10,2023-03-13,5.6,37.37,23.59,31.197000000000003
A10,11,2023-03-20,9.6,26.93,23.919999999999998,31.847
A10,12,2023-03-27,26.499999999999996,31.07,117.47,27.514
A10,13,2023-04-03,14.600000000000001,32.35,120.7,28.845999999999997
A10,14,2023-04-10,61.800000000000004,28.759999999999998,151.6,27.254
A10,15,2023-04-17,10.2,26.55,68.49,25.732999999999997
A10,16,2023-04-24,28.0,21.96,83.25000000000001,24.713
A10,17,2023-05-01,1.7000000000000002,24.48,38.49999999999999,23.146
A10,18,2023-05-08,3.9999999999999996,24.25,39.66,22.821
A10,19,2023-05-15,1.6,26.85,17.240000000000002,24.155
A10,20,2023-05-22,0.7000000000000001,28.34,8.74,23.791
A10,21,2023-05-29,10.1,26.259999999999998,7.4,24.14
A10,22,2023-06-05,1.8,27.08,40.86,22.131
A10,23,2023-06-12,0.8,19.66,12.070000000000002,21.363999999999997
A10,24,2023-06-19,0.0,19.36,9.02,20.506
A10,25,2023-06-26,0.8,18.8,5.28,21.95
A10,26,2023-07-03,0.3,19.71,5.29,21.064
A10,27,2023-07-10,0.0,24.85,5.89,22.028
A10,28,2023-07-17,0.0,25.19,9.53,21.921
A10,29,2023-07-24,0.0,20.29,11.01,20.492
A10,30,2023-07-31,0.9,21.259999999999998,13.580000000000002,21.803
A10,31,2023-08-07,0.3,19.54,11.4,21.875999999999998
A10,32,2023-08-14,1.6,30.28,8.709999999999999,24.084
A10,33,2023-08-21,0.2,36.089999999999996,18.21,25.238
A10,34,2023-08-28,3.0,26.22,16.31,23.969
A10,35,2023-09-04,7.2,24.87,12.190000000000001,24.276
A10,36,2023-09-11,2.2,29.64,5.75,28.808
A10,37,2023-09-18,0.7,30.400000000000002,13.080000000000002,30.895
A10,38,2023-09-25,2.5999999999999996,31.79,17.259999999999998,30.556
A10,39,2023-10-02,4.0,36.22,26.71,32.021
A10,40,2023-10-09,16.2,37.85,8.959999999999999,32.37
A10,41,2023-10-16,14.4,34.44,22.119999999999997,32.447
A10,42,2023-10-23,4.5,40.38,25.119999999999997,32.039
A10,43,2023-10-30,26.6,28.81,45.970000000000006,29.738999999999997
A10,44,2023-11-06,47.800000000000004,26.26,48.29,30.337
A10,45,2023-11-13,15.9,30.92,52.379999999999995,26.418
A10,46,2023-11-20,37.099999999999994,27.79,82.11,24.201
A10,47,2023-11-27,36.0,26.65,82.07000000000001,25.080000000000002
A10,48,2023-12-04,27.6,26.72,71.55,23.675
A10,49,2023-12-11,101.3,23.08,83.03999999999999,24.648
A10,50,2023-12-18,17.1,27.73,68.99,24.692
A10,51,2023-12-25,16.3,29.75,63.39166666666667,27.007500000000004
A10,52,2024-01-01,92.7,23.16,29.577777777777776,28.288888888888888
A10,53,2024-01-08,80.9,17.34,63.86,27.951999999999998
A10,54,2024-01-15,40.7,27.59,44.92999999999999,28.496
A10,55,2024-01-22,9.799999999999999,34.08,34.470000000000006,29.535000000000004
A10,56,2024-01-29,6.4,33.13,65.04,29.951999999999998
A10,57,2024-02-05,14.5,34.01,50.940000000000005,29.683999999999997
A10,58,2024-02-12,0.5,39.31,79.64000000000001,31.417
A10,59,2024-02-19,3.0,35.6,69.15,31.776999999999997
A10,60,2024-02-26,12.9,32.87,13.0,32.45
A10,61,2024-03-04,11.9,37.3,62.86,32.89
A10,62,2024-03-11,15.1,37.24,23.59,31.197000000000003
A10,63,2024-03-18,11.8,33.59,23.919999999999998,31.847
A10,64,2024-03-25,33.3,32.07,117.47,27.514
A10,65,2024-04-01,16.9,29.15,120.7,28.845999999999997
A10,66,2024-04-08,16.5,26.25,151.6,27.254
A10,67,2024-04-15,36.3,21.69,68.49,25.732999999999997
A10,68,2024-04-22,158.6,17.18,83.25000000000001,24.713
A10,69,2024-04-29,35.4,21.17,38.49999999999999,23.146
A10,70,2024-05-06,4.7,21.740000000000002,39.66,22.821
A10,71,2024-05-13,0.0,28.18,17.240000000000002,24.155
A10,72,2024-05-20,1.0,24.6,8.74,23.791
A10,73,2024-05-27,0.39999999999999997,29.82,7.4,24.14
A10,74,2024-06-03,0.0,23.71,40.86,22.131
A10,75,2024-06-10,0.0,27.57,12.070000000000002,21.363999999999997
A10,76,2024-06-17,4.2,25.24,9.02,20.506
A10,77,2024-06-24,0.0,24.76,5.28,21.95
A10,78,2024-07-01,0.30000000000000004,23.27,5.29,21.064
A10,79,2024-07-08,6.199999999999999,22.560000000000002,5.89,22.028
A10,80,2024-07-15,0.9,17.78,9.53,21.921
A10,81,2024-07-22,0.4,22.78,11.01,20.492
A10,82,2024-07-29,0.1,25.58,13.580000000000002,21.803
A10,83,2024-08-05,1.3,24.93,11.4,21.875999999999998
A10,84,2024-08-12,2.1,22.64,8.709999999999999,24.084
A10,85,2024-08-19,3.3,19.17,18.21,25.238
A10,86,2024-08-26,1.5,30.13,16.31,23.969
A10,87,2024-09-02,2.0,26.06,12.190000000000001,24.276
A10,88,2024-09-09,0.3,35.83,5.75,28.808
A10,89,2024-09-16,1.1,31.16,13.080000000000002,30.895
A10,90,2024-09-23,0.5,30.689999999999998,17.259999999999998,30.556
A10,91,2024-09-30,7.6000000000000005,33.9,26.71,32.021
A10,92,2024-10-07,1.1,36.22,8.959999999999999,32.37
A10,93,2024-10-14,7.3,31.02,22.119999999999997,32.447
A10,94,2024-10-21,0.30000000000000004,37.03,25.119999999999997,32.039
A10,95,2024-10-28,3.7,40.42,45.970000000000006,29.738999999999997
A10,96,2024-11-04,9.6,38.72,48.29,30.337
A10,97,2024-11-11,15.9,31.4,52.379999999999995,26.418
A10,98,2024-11-18,71.9,21.86,82.11,24.201
A10,99,2024-11-25,57.8,27.310000000000002,82.07000000000001,25.080000000000002
A10,100,2024-12-02,35.9,24.51,71.55,23.675
A10,101,2024-12-09,50.8,25.27,83.03999999999999,24.648
A10,102,2024-12-16,54.1,22.63,68.99,24.692
A10,103,2024-12-23,23.1,28.34,63.39166666666667,27.007500000000004
A10,104,2024-12-30,15.1,31.04,29.577777777777776,28.288888888888888
A10,105,2025-01-06,16.4,30.54,63.86,27.951999999999998
A10,106,2025-01-13,6.9,31.78,44.92999999999999,28.496
A10,107,2025-01-20,3.3,34.38,34.470000000000006,29.535000000000004
A10,108,2025-01-27,58.099999999999994,22.96,65.04,29.951999999999998
A10,109,2025-02-03,7.9,33.11,50.940000000000005,29.683999999999997
A10,110,2025-02-10,12.4,33.17,79.64000000000001,31.417
A10,111,2025-02-17,0.4,39.85,69.15,31.776999999999997
A10,112,2025-02-24,0.0,42.01,13.0,32.45
A10,113,2025-03-03,4.6,39.98,62.86,32.89
A10,114,2025-03-10,18.0,34.120000000000005,23.59,31.197000000000003
A10,115,2025-03-17,12.0,37.64,23.919999999999998,31.847
A10,116,2025-03-24,42.8,25.71,117.47,27.514
A10,117,2025-03-31,28.4,28.46,120.7,28.845999999999997
A10,118,2025-04-07,10.1,29.9,151.6,27.254
A10,119,2025-04-14,1.4,31.39,68.49,25.732999999999997
A10,120,2025-04-21,8.7,31.28,83.25000000000001,24.713
A10,121,2025-04-28,0.30000000000000004,32.21,38.49999999999999,23.146
A10,122,2025-05-05,2.6,24.48,39.66,22.821
A10,123,2025-05-12,2.2,28.79,17.240000000000002,24.155
A10,124,2025-05-19,1.7,27.83,8.74,23.791
A10,125,2025-05-26,2.3,27.96,7.4,24.14
A10,126,2025-06-02,0.7,27.25,40.86,22.131
A10,127,2025-06-09,7.2,26.73,12.070000000000002,21.363999999999997
A10,128,2025-06-16,1.6,23.84,9.02,20.506
A10,129,2025-06-23,1.1,21.98,5.28,21.95
A10,130,2025-06-30,0.4,19.9,5.29,21.064
A10,131,2025-07-07,0.0,18.51,5.89,22.028
A10,132,2025-07-14,0.0,20.96,9.53,21.921
A10,133,2025-07-21,0.0,26.47,11.01,20.492
A10,134,2025-07-28,0.0,22.43,13.580000000000002,21.803
A10,135,2025-08-04,5.1000000000000005,21.11,11.4,21.875999999999998
A10,136,2025-08-11,5.3999999999999995,18.42,8.709999999999999,24.084
A10,137,2025-08-18,18.1,19.86,18.21,25.238
A10,138,2025-08-25,1.4,28.52,16.31,23.969
A10,139,2025-09-01,0.0,32.21,12.190000000000001,24.276
A10,140,2025-09-08,0.0,32.269999999999996,5.75,28.808
A10,141,2025-09-15,2.0,36.88,13.080000000000002,30.895
A10,142,2025-09-22,0.1,33.76,17.259999999999998,30.556
A10,143,2025-09-29,2.5,32.44,26.71,32.021
A10,144,2025-10-06,9.1,35.22,8.959999999999999,32.37
A10,145,2025-10-13,0.5,32.78,22.119999999999997,32.447
A10,146,2025-10-20,10.9,28.3,25.119999999999997,32.039
A10,147,2025-10-27,18.3,25.75,45.970000000000006,29.738999999999997
A10,148,2025-11-03,7.0,37.61,48.29,30.337
A10,149,2025-11-10,31.8,32.9,52.379999999999995,26.418
A10,150,2025-11-17,17.6,32.06,82.11,24.201
A10,151,2025-11-24,16.1,33.44,82.07000000000001,25.080000000000002
A10,152,2025-12-01,6.699999999999999,34.24,71.55,23.675
A10,153,2025-12-08,36.2,30.549999999999997,83.03999999999999,24.648
A10,154,2025-12-15,27.5,31.84,68.99,24.692
A10,155,2025-12-22,24.0,28.119999999999997,63.39166666666667,27.007500000000004
A11,0,2023-01-02,2.3,31.58,6.411111111111111,31.872222222222224
A11,1,2023-01-09,0.9,35.59,12.17,30.6
A11,2,2023-01-16,0.0,36.33,13.64,31.770999999999997
A11,3,2023-01-23,0.0,37.79,3.4799999999999995,33.62
A11,4,2023-01-30,0.0,39.85,20.79,34.339999999999996
A11,5,2023-02-06,0.0,40.62,14.76,34.493
A11,6,2023-02-13,0.0,41.07,6.6,34.864999999999995
A11,7,2023-02-20,0.30000000000000004,41.04,15.91,34.297000000000004
A11,8,2023-02-27,0.30000000000000004,39.55,9.700000000000001,35.493
A11,9,2023-03-06,0.0,41.08,11.690000000000001,36.749
A11,10,2023-03-13,15.3,33.85,15.559999999999999,34.622
A11,11,2023-03-20,47.2,25.53,11.43,34.683
A11,12,2023-03-27,20.8,31.020000000000003,41.85,30.238999999999997
A11,13,2023-04-03,17.5,30.42,28.47,29.497000000000003
A11,14,2023-04-10,4.0,31.16,34.88,29.089999999999996
A11,15,2023-04-17,16.6,27.12,53.31,25.674
A11,16,2023-04-24,44.099999999999994,22.62,46.39,24.924
A11,17,2023-05-01,24.9,26.0,41.64,24.863
A11,18,2023-05-08,7.5,29.79,38.43,24.306
A11,19,2023-05-15,18.4,29.49,15.7,26.163
A11,20,2023-05-22,2.1,31.27,10.309999999999999,26.269
A11,21,2023-05-29,3.6,29.4,7.17,26.717000000000002
A11,22,2023-06-05,3.6,29.89,22.46,23.841
A11,23,2023-06-12,3.3000000000000003,26.02,20.45,23.062
A11,24,2023-06-19,3.8,27.13,13.539999999999997,22.518
A11,25,2023-06-26,4.5,26.669999999999998,8.110000000000001,24.306
A11,26,2023-07-03,0.7999999999999999,26.02,4.4399999999999995,24.288
A11,27,2023-07-10,0.30000000000000004,31.03,7.159999999999999,23.166
A11,28,2023-07-17,0.4,30.57,3.53,24.953
A11,29,2023-07-24,0.8999999999999999,28.939999999999998,10.33,22.909
A11,30,2023-07-31,1.2000000000000002,25.580000000000002,9.36,24.012
A11,31,2023-08-07,1.2,30.830000000000002,5.75,24.356
A11,32,2023-08-14,0.7,33.8,14.14,27.224
A11,33,2023-08-21,1.4,34.87,9.4,28.173000000000002
A11,34,2023-08-28,3.9,31.95,16.990000000000002,26.873
A11,35,2023-09-04,15.0,31.15,16.310000000000002,26.985000000000003
A11,36,2023-09-11,9.299999999999999,32.480000000000004,8.180000000000001,30.674
A11,37,2023-09-18,8.5,32.62,10.510000000000002,31.576
A11,38,2023-09-25,15.0,32.96,15.14,30.064
A11,39,2023-10-02,5.1,33.7,13.02,32.455
A11,40,2023-10-09,10.799999999999999,33.510000000000005,9.08,31.947000000000003
A11,41,2023-10-16,9.9,30.83,23.04,29.968
A11,42,2023-10-23,3.3,34.379999999999995,16.020000000000003,29.061
A11,43,2023-10-30,34.5,26.44,21.41,28.026
A11,44,2023-11-06,90.8,24.21,23.69,27.982
A11,45,2023-11-13,9.6,29.9,33.39,26.473000000000003
A11,46,2023-11-20,70.5,23.14,43.41,26.552
A11,47,2023-11-27,4.4,30.11,31.32,27.290999999999997
A11,48,2023-12-04,4.4,31.55,27.45,27.547000000000004
A11,49,2023-12-11,13.4,29.38,32.43,27.422000000000004
A11,50,2023-12-18,2.8,31.650000000000002,20.59,28.839999999999996
A11,51,2023-12-25,8.3,32.12,19.5,29.92833333333333
A11,52,2024-01-01,40.3,29.669999999999998,6.411111111111111,31.872222222222224
A11,53,2024-01-08,62.7,23.27,12.17,30.6
A11,54,2024-01-15,46.2,27.76,13.64,31.770999999999997
A11,55,2024-01-22,2.5,33.44,3.4799999999999995,33.62
A11,56,2024-01-29,0.9,35.49,20.79,34.339999999999996
A11,57,2024-02-05,1.4,35.53,14.76,34.493
A11,58,2024-02-12,0.1,39.29,6.6,34.864999999999995
A11,59,2024-02-19,2.8,37.55,15.91,34.297000000000004
A11,60,2024-02-26,17.4,32.04,9.700000000000001,35.493
A11,61,2024-03-04,11.5,34.8,11.690000000000001,36.749
A11,62,2024-03-11,3.6,38.74,15.559999999999999,34.622
A11,63,2024-03-18,0.5,38.65,11.43,34.683
A11,64,2024-03-25,18.3,34.2,41.85,30.238999999999997
A11,65,2024-04-01,51.5,28.189999999999998,28.47,29.497000000000003
A11,66,2024-04-08,42.4,26.73,34.88,29.089999999999996
A11,67,2024-04-15,16.1,28.29,53.31,25.674
A11,68,2024-04-22,96.1,25.669999999999998,46.39,24.924
A11,69,2024-04-29,100.0,25.21,41.64,24.863
A11,70,2024-05-06,16.8,27.17,38.43,24.306
A11,71,2024-05-13,5.9,28.75,15.7,26.163
A11,72,2024-05-20,13.100000000000001,27.99,10.309999999999999,26.269
A11,73,2024-05-27,0.5,27.72,7.17,26.717000000000002
A11,74,2024-06-03,5.5,27.27,22.46,23.841
A11,75,2024-06-10,1.7,27.78,20.45,23.062
A11,76,2024-06-17,1.4000000000000001,28.09,13.539999999999997,22.518
A11,77,2024-06-24,0.0,28.22,8.110000000000001,24.306
A11,78,2024-07-01,17.4,28.25,4.4399999999999995,24.288
A11,79,2024-07-08,10.1,27.31,7.159999999999999,23.166
A11,80,2024-07-15,8.3,26.740000000000002,3.53,24.953
A11,81,2024-07-22,8.1,28.240000000000002,10.33,22.909
A11,82,2024-07-29,6.1,28.32,9.36,24.012
A11,83,2024-08-05,4.5,31.330000000000002,5.75,24.356
A11,84,2024-08-12,2.9,31.2,14.14,27.224
A11,85,2024-08-19,0.5,30.169999999999998,9.4,28.173000000000002
A11,86,2024-08-26,4.1,33.63,16.990000000000002,26.873
A11,87,2024-09-02,3.3,32.84,16.310000000000002,26.985000000000003
A11,88,2024-09-09,0.1,38.65,8.180000000000001,30.674
A11,89,2024-09-16,3.0,33.95,10.510000000000002,31.576
A11,90,2024-09-23,18.0,33.47,15.14,30.064
A11,91,2024-09-30,6.6,34.39,13.02,32.455
A11,92,2024-10-07,3.1,37.54,9.08,31.947000000000003
A11,93,2024-10-14,27.099999999999998,31.28,23.04,29.968
A11,94,2024-10-21,3.0,35.31,16.020000000000003,29.061
A11,95,2024-10-28,1.8,38.54,21.41,28.026
A11,96,2024-11-04,13.3,31.009999999999998,23.69,27.982
A11,97,2024-11-11,23.8,25.18,33.39,26.473000000000003
A11,98,2024-11-18,39.1,27.63,43.41,26.552
A11,99,2024-11-25,52.5,25.46,31.32,27.290999999999997
A11,100,2024-12-02,4.5,31.71,27.45,27.547000000000004
A11,101,2024-12-09,1.3,33.29,32.43,27.422000000000004
A11,102,2024-12-16,22.900000000000002,28.52,20.59,28.839999999999996
A11,103,2024-12-23,5.9,30.63,19.5,29.92833333333333
A11,104,2024-12-30,0.1,33.88,6.411111111111111,31.872222222222224
A11,105,2025-01-06,0.6000000000000001,35.26,12.17,30.6
A11,106,2025-01-13,0.1,37.39,13.64,31.770999999999997
A11,107,2025-01-20,4.3999999999999995,35.97,3.4799999999999995,33.62
A11,108,2025-01-27,29.2,25.32,20.79,34.339999999999996
A11,109,2025-02-03,0.5,34.69,14.76,34.493
A11,110,2025-02-10,1.0,39.46,6.6,34.864999999999995
A11,111,2025-02-17,0.0,43.230000000000004,15.91,34.297000000000004
A11,112,2025-02-24,0.0,41.83,9.700000000000001,35.493
A11,113,2025-03-03,11.200000000000001,42.44,11.690000000000001,36.749
A11,114,2025-03-10,27.5,32.59,15.559999999999999,34.622
A11,115,2025-03-17,22.7,31.259999999999998,11.43,34.683
A11,116,2025-03-24,48.3,27.87,41.85,30.238999999999997
A11,117,2025-03-31,35.2,28.4,28.47,29.497000000000003
A11,118,2025-04-07,13.799999999999999,29.240000000000002,34.88,29.089999999999996
A11,119,2025-04-14,22.0,29.42,53.31,25.674
A11,120,2025-04-21,53.6,26.65,46.39,24.924
A11,121,2025-04-28,6.4,30.39,41.64,24.863
A11,122,2025-05-05,31.5,25.98,38.43,24.306
A11,123,2025-05-12,16.8,27.93,15.7,26.163
A11,124,2025-05-19,4.6,27.18,10.309999999999999,26.269
A11,125,2025-05-26,2.4,29.96,7.17,26.717000000000002
A11,126,2025-06-02,16.900000000000002,27.83,22.46,23.841
A11,127,2025-06-09,2.1,30.23,20.45,23.062
A11,128,2025-06-16,7.0,26.19,13.539999999999997,22.518
A11,129,2025-06-23,1.1,30.62,8.110000000000001,24.306
A11,130,2025-06-30,3.4,26.69,4.4399999999999995,24.288
A11,131,2025-07-07,7.800000000000001,25.46,7.159999999999999,23.166
A11,132,2025-07-14,4.3,27.79,3.53,24.953
A11,133,2025-07-21,1.2,32.55,10.33,22.909
A11,134,2025-07-28,0.4,32.83,9.36,24.012
A11,135,2025-08-04,22.5,26.97,5.75,24.356
A11,136,2025-08-11,9.2,27.81,14.14,27.224
A11,137,2025-08-18,19.2,23.22,9.4,28.173000000000002
A11,138,2025-08-25,0.7,35.32,16.990000000000002,26.873
A11,139,2025-09-01,3.8,31.68,16.310000000000002,26.985000000000003
A11,140,2025-09-08,2.0,35.03,8.180000000000001,30.674
A11,141,2025-09-15,1.2,38.94,10.510000000000002,31.576
A11,142,2025-09-22,4.4,34.67,15.14,30.064
A11,143,2025-09-29,20.0,32.8,13.02,32.455
A11,144,2025-10-06,9.5,32.78,9.08,31.947000000000003
A11,145,2025-10-13,14.299999999999999,35.44,23.04,29.968
A11,146,2025-10-20,30.5,28.47,16.020000000000003,29.061
A11,147,2025-10-27,77.1,25.349999999999998,21.41,28.026
A11,148,2025-11-03,6.199999999999999,29.93,23.69,27.982
A11,149,2025-11-10,0.9,33.35,33.39,26.473000000000003
A11,150,2025-11-17,0.8,35.44,43.41,26.552
A11,151,2025-11-24,1.2000000000000002,36.3,31.32,27.290999999999997
A11,152,2025-12-01,0.2,37.28,27.45,27.547000000000004
A11,153,2025-12-08,3.4,33.77,32.43,27.422000000000004
A11,154,2025-12-15,2.1,33.48,20.59,28.839999999999996
A11,155,2025-12-22,7.8,34.86,19.5,29.92833333333333
A12,0,2023-01-02,1.7,28.78,3.7333333333333334,31.147777777777776
A12,1,2023-01-09,0.7,35.14,9.169999999999998,30.488999999999997
A12,2,2023-01-16,0.0,36.7,10.040000000000001,31.839
A12,3,2023-01-23,0.0,36.42,1.53,33.107
A12,4,2023-01-30,0.3,39.480000000000004,19.979999999999997,34.143
A12,5,2023-02-06,0.4,40.98,9.870000000000001,34.684000000000005
A12,6,2023-02-13,0.6,37.56,4.470000000000001,34.007
A12,7,2023-02-20,0.1,37.01,11.940000000000001,33.721
A12,8,2023-02-27,1.2,37.78,7.37,35.242000000000004
A12,9,2023-03-06,0.30000000000000004,37.79,6.58,36.941
A12,10,2023-03-13,14.2,31.65,19.509999999999998,34.294
A12,11,2023-03-20,63.2,25.12,10.709999999999999,34.154
A12,12,2023-03-27,26.4,30.28,37.58,29.825
A12,13,2023-04-03,34.0,28.63,27.22,29.038999999999998
A12,14,2023-04-10,13.6,29.59,32.47,29.207
A12,15,2023-04-17,24.4,26.53,51.39,26.046
A12,16,2023-04-24,79.1,22.87,45.18,25.175
A12,17,2023-05-01,27.900000000000002,25.25,35.040000000000006,24.837
A12,18,2023-05-08,11.3,28.92,38.04,24.613
A12,19,2023-05-15,9.4,29.520000000000003,10.28,26.735000000000003
A12,20,2023-05-22,1.6,31.09,11.58,27.012
A12,21,2023-05-29,1.7,29.78,5.07,27.060000000000002
A12,22,2023-06-05,7.2,30.11,21.4,24.761
A12,23,2023-06-12,13.2,26.02,24.81,23.605
A12,24,2023-06-19,5.3,26.15,14.419999999999998,23.301
A12,25,2023-06-26,8.9,26.4,10.180000000000001,25.144
A12,26,2023-07-03,0.9999999999999999,27.58,7.640000000000001,25.345
A12,27,2023-07-10,0.1,33.13,10.83,24.174
A12,28,2023-07-17,3.1,31.66,5.92,25.843
A12,29,2023-07-24,2.6,29.92,17.130000000000003,23.497999999999998
A12,30,2023-07-31,3.1,27.25,11.61,24.474
A12,31,2023-08-07,14.0,29.93,12.1,25.282999999999998
A12,32,2023-08-14,0.7,34.18,17.1,27.688
A12,33,2023-08-21,0.7,36.2,11.32,28.392000000000003
A12,34,2023-08-28,6.1000000000000005,32.45,20.22,27.145999999999997
A12,35,2023-09-04,23.200000000000003,31.15,21.089999999999996,27.041000000000004
A12,36,2023-09-11,16.3,31.38,14.51,30.235000000000003
A12,37,2023-09-18,15.8,32.21,11.26,31.347
A12,38,2023-09-25,18.6,32.53,21.009999999999998,29.943
A12,39,2023-10-02,3.6999999999999997,33.63,13.37,31.555
A12,40,2023-10-09,19.0,32.63,14.91,31.464999999999996
A12,41,2023-10-16,12.8,30.23,29.3,28.948
A12,42,2023-10-23,2.4000000000000004,33.589999999999996,17.630000000000003,28.685000000000002
A12,43,2023-10-30,36.9,25.61,25.57,27.558
A12,44,2023-11-06,87.19999999999999,24.43,21.619999999999997,26.967000000000002
A12,45,2023-11-13,14.299999999999999,27.92,40.660000000000004,25.924
A12,46,2023-11-20,47.1,22.630000000000003,33.95,26.111
A12,47,2023-11-27,2.6,29.56,33.31,26.255000000000003
A12,48,2023-12-04,5.0,31.77,24.21,26.867
A12,49,2023-12-11,11.5,28.189999999999998,27.589999999999996,26.695
A12,50,2023-12-18,3.6,30.16,11.4,27.999000000000002
A12,51,2023-12-25,6.2,31.98,16.125,29.3025
A12,52,2024-01-01,27.299999999999997,28.98,3.7333333333333334,31.147777777777776
A12,53,2024-01-08,52.7,23.47,9.169999999999998,30.488999999999997
A12,54,2024-01-15,77.3,26.77,10.040000000000001,31.839
A12,55,2024-01-22,4.2,32.68,1.53,33.107
A12,56,2024-01-29,1.2,34.6,19.979999999999997,34.143
A12,57,2024-02-05,2.9000000000000004,34.45,9.870000000000001,34.684000000000005
A12,58,2024-02-12,0.2,38.55,4.470000000000001,34.007
A12,59,2024-02-19,1.1,35.269999999999996,11.940000000000001,33.721
A12,60,2024-02-26,37.6,31.59,7.37,35.242000000000004
A12,61,2024-03-04,6.1,34.12,6.58,36.941
A12,62,2024-03-11,3.6,36.97,19.509999999999998,34.294
A12,63,2024-03-18,7.7,37.15,10.709999999999999,34.154
A12,64,2024-03-25,24.9,32.8,37.58,29.825
A12,65,2024-04-01,44.2,27.009999999999998,27.22,29.038999999999998
A12,66,2024-04-08,70.7,26.74,32.47,29.207
A12,67,2024-04-15,36.4,28.18,51.39,26.046
A12,68,2024-04-22,78.3,25.81,45.18,25.175
A12,69,2024-04-29,54.0,23.02,35.040000000000006,24.837
A12,70,2024-05-06,8.4,26.66,38.04,24.613
A12,71,2024-05-13,12.0,28.93,10.28,26.735000000000003
A12,72,2024-05-20,23.599999999999998,27.6,11.58,27.012
A12,73,2024-05-27,6.5,28.310000000000002,5.07,27.060000000000002
A12,74,2024-06-03,12.1,27.21,21.4,24.761
A12,75,2024-06-10,3.0,28.0,24.81,23.605
A12,76,2024-06-17,0.6000000000000001,28.98,14.419999999999998,23.301
A12,77,2024-06-24,0.0,30.16,10.180000000000001,25.144
A12,78,2024-07-01,15.1,29.36,7.640000000000001,25.345
A12,79,2024-07-08,18.8,27.52,10.83,24.174
A12,80,2024-07-15,40.4,25.27,5.92,25.843
A12,81,2024-07-22,15.8,27.189999999999998,17.130000000000003,23.497999999999998
A12,82,2024-07-29,27.9,27.12,11.61,24.474
A12,83,2024-08-05,18.4,29.72,12.1,25.282999999999998
A12,84,2024-08-12,14.0,29.1,17.1,27.688
A12,85,2024-08-19,1.2,29.15,11.32,28.392000000000003
A12,86,2024-08-26,3.0,32.86,20.22,27.145999999999997
A12,87,2024-09-02,2.5,33.35,21.089999999999996,27.041000000000004
A12,88,2024-09-09,0.2,38.94,14.51,30.235000000000003
A12,89,2024-09-16,8.6,32.88,11.26,31.347
A12,90,2024-09-23,28.5,32.33,21.009999999999998,29.943
A12,91,2024-09-30,18.2,32.52,13.37,31.555
A12,92,2024-10-07,1.7,37.04,14.91,31.464999999999996
A12,93,2024-10-14,24.5,29.82,29.3,28.948
A12,94,2024-10-21,2.8,34.14,17.630000000000003,28.685000000000002
A12,95,2024-10-28,0.7000000000000001,38.01,25.57,27.558
A12,96,2024-11-04,39.9,28.75,21.619999999999997,26.967000000000002
A12,97,2024-11-11,30.1,24.07,40.660000000000004,25.924
A12,98,2024-11-18,55.8,26.76,33.95,26.111
A12,99,2024-11-25,91.2,25.0,33.31,26.255000000000003
A12,100,2024-12-02,2.6999999999999997,31.34,24.21,26.867
A12,101,2024-12-09,4.7,32.05,27.589999999999996,26.695
A12,102,2024-12-16,28.5,27.84,11.4,27.999000000000002
A12,103,2024-12-23,5.8,29.669999999999998,16.125,29.3025
A12,104,2024-12-30,1.7000000000000002,33.45,3.7333333333333334,31.147777777777776
A12,105,2025-01-06,1.3,34.04,9.169999999999998,30.488999999999997
A12,106,2025-01-13,0.2,36.07,10.040000000000001,31.839
A12,107,2025-01-20,4.4,37.2,1.53,33.107
A12,108,2025-01-27,60.9,25.91,19.979999999999997,34.143
A12,109,2025-02-03,0.39999999999999997,35.99,9.870000000000001,34.684000000000005
A12,110,2025-02-10,1.5,37.44,4.470000000000001,34.007
A12,111,2025-02-17,0.0,43.24,11.940000000000001,33.721
A12,112,2025-02-24,0.0,40.83,7.37,35.242000000000004
A12,113,2025-03-03,17.8,39.62,6.58,36.941
A12,114,2025-03-10,21.6,32.64,19.509999999999998,34.294
A12,115,2025-03-17,34.6,30.939999999999998,10.709999999999999,34.154
A12,116,2025-03-24,46.9,26.26,37.58,29.825
A12,117,2025-03-31,53.5,28.4,27.22,29.038999999999998
A12,118,2025-04-07,25.5,29.19,32.47,29.207
A12,119,2025-04-14,38.8,30.53,51.39,26.046
A12,120,2025-04-21,45.8,25.62,45.18,25.175
A12,121,2025-04-28,18.8,30.01,35.040000000000006,24.837
A12,122,2025-05-05,35.9,25.33,38.04,24.613
A12,123,2025-05-12,21.9,27.56,10.28,26.735000000000003
A12,124,2025-05-19,23.8,27.12,11.58,27.012
A12,125,2025-05-26,4.300000000000001,30.52,5.07,27.060000000000002
A12,126,2025-06-02,13.8,27.59,21.4,24.761
A12,127,2025-06-09,3.6,30.7,24.81,23.605
A12,128,2025-06-16,7.7,26.08,14.419999999999998,23.301
A12,129,2025-06-23,5.3,31.12,10.180000000000001,25.144
A12,130,2025-06-30,6.2,27.77,7.640000000000001,25.345
A12,131,2025-07-07,11.9,25.91,10.83,24.174
A12,132,2025-07-14,17.8,26.009999999999998,5.92,25.843
A12,133,2025-07-21,6.0,32.03,17.130000000000003,23.497999999999998
A12,134,2025-07-28,2.0,33.01,11.61,24.474
A12,135,2025-08-04,33.2,25.27,12.1,25.282999999999998
A12,136,2025-08-11,39.4,26.02,17.1,27.688
A12,137,2025-08-18,16.9,23.740000000000002,11.32,28.392000000000003
A12,138,2025-08-25,3.5,34.32,20.22,27.145999999999997
A12,139,2025-09-01,15.4,30.200000000000003,21.089999999999996,27.041000000000004
A12,140,2025-09-08,16.099999999999998,31.73,14.51,30.235000000000003
A12,141,2025-09-15,4.4,36.95,11.26,31.347
A12,142,2025-09-22,8.4,34.18,21.009999999999998,29.943
A12,143,2025-09-29,38.0,30.49,13.37,31.555
A12,144,2025-10-06,13.6,30.740000000000002,14.91,31.464999999999996
A12,145,2025-10-13,10.7,34.78,29.3,28.948
A12,146,2025-10-20,57.50000000000001,26.89,17.630000000000003,28.685000000000002
A12,147,2025-10-27,78.4,23.86,25.57,27.558
A12,148,2025-11-03,10.5,29.650000000000002,21.619999999999997,26.967000000000002
A12,149,2025-11-10,2.0,31.5,40.660000000000004,25.924
A12,150,2025-11-17,1.4000000000000001,34.4,33.95,26.111
A12,151,2025-11-24,1.4000000000000001,32.480000000000004,33.31,26.255000000000003
A12,152,2025-12-01,2.1,34.24,24.21,26.867
A12,153,2025-12-08,6.0,30.84,27.589999999999996,26.695
A12,154,2025-12-15,4.0,30.88,11.4,27.999000000000002
A12,155,2025-12-22,15.8,34.01,16.125,29.3025
A13,0,2023-01-02,6.8,26.19,4.144444444444445,29.15777777777778
A13,1,2023-01-09,1.3,33.36,9.929999999999998,29.535000000000004
A13,2,2023-01-16,0.0,35.99,6.590000000000001,30.403
A13,3,2023-01-23,0.0,36.39,2.0900000000000003,32.604
A13,4,2023-01-30,0.0,39.19,10.55,32.745999999999995
A13,5,2023-02-06,0.0,39.31,4.65,33.64
A13,6,2023-02-13,0.2,37.41,9.07,33.785000000000004
A13,7,2023-02-20,0.0,40.14,10.91,33.371
A13,8,2023-02-27,1.9,37.3,6.760000000000001,35.2
A13,9,2023-03-06,2.3000000000000003,37.74,4.37,36.877
A13,10,2023-03-13,32.6,29.43,11.459999999999999,34.415
A13,11,2023-03-20,39.8,25.0,11.72,34.181
A13,12,2023-03-27,18.2,29.66,26.78,30.116000000000003
A13,13,2023-04-03,20.400000000000002,29.13,50.510000000000005,29.648000000000003
A13,14,2023-04-10,13.7,30.05,36.2,29.526999999999997
A13,15,2023-04-17,22.599999999999998,26.27,55.6,26.824
A13,16,2023-04-24,60.900000000000006,20.9,51.89,25.024
A13,17,2023-05-01,17.0,25.39,57.8,24.791999999999998
A13,18,2023-05-08,6.4,30.099999999999998,62.910000000000004,25.177
A13,19,2023-05-15,13.500000000000002,28.27,30.05,27.04
A13,20,2023-05-22,3.9,29.82,26.5,26.403
A13,21,2023-05-29,3.6,29.299999999999997,14.8,27.014999999999997
A13,22,2023-06-05,1.6,29.45,41.660000000000004,24.625
A13,23,2023-06-12,4.9,24.65,44.68,23.227
A13,24,2023-06-19,7.6,25.91,35.11,22.801
A13,25,2023-06-26,10.2,25.77,21.130000000000003,23.922
A13,26,2023-07-03,7.8999999999999995,26.39,22.91,23.063
A13,27,2023-07-10,2.5,29.92,42.34,21.905
A13,28,2023-07-17,6.0,29.31,33.43,23.204
A13,29,2023-07-24,14.5,26.09,61.61,21.447
A13,30,2023-07-31,15.0,25.42,35.55,22.520000000000003
A13,31,2023-08-07,17.8,27.46,52.36,21.733
A13,32,2023-08-14,1.2999999999999998,32.6,51.33,24.788999999999998
A13,33,2023-08-21,2.2,34.11,39.66,24.997
A13,34,2023-08-28,3.7,32.84,50.2,23.877000000000002
A13,35,2023-09-04,31.7,29.61,52.04,24.432
A13,36,2023-09-11,20.1,29.82,23.81,28.256999999999998
A13,37,2023-09-18,9.200000000000001,32.269999999999996,23.77,29.133
A13,38,2023-09-25,36.2,29.47,41.1,28.380000000000003
A13,39,2023-10-02,4.8999999999999995,33.31,23.080000000000002,29.330000000000002
A13,40,2023-10-09,8.8,33.59,21.66,28.943
A13,41,2023-10-16,24.6,26.580000000000002,36.43,27.133
A13,42,2023-10-23,19.599999999999998,29.95,27.5,27.038999999999998
A13,43,2023-10-30,48.8,24.51,25.7,26.119999999999997
A13,44,2023-11-06,30.3,25.27,33.0,26.15
A13,45,2023-11-13,35.2,25.72,42.870000000000005,24.623
A13,46,2023-11-20,38.7,19.78,32.160000000000004,25.425
A13,47,2023-11-27,3.5,29.159999999999997,25.869999999999997,25.514
A13,48,2023-12-04,11.7,30.78,24.330000000000002,26.345
A13,49,2023-12-11,9.1,27.39,25.32,26.886000000000003
A13,50,2023-12-18,3.4,31.08,10.5,27.044
A13,51,2023-12-25,5.9,30.42,8.125,28.675
A13,52,2024-01-01,12.3,27.79,4.144444444444445,29.15777777777778
A13,53,2024-01-08,17.0,23.18,9.929999999999998,29.535000000000004
A13,54,2024-01-15,21.799999999999997,25.56,6.590000000000001,30.403
A13,55,2024-01-22,6.1000000000000005,31.96,2.0900000000000003,32.604
A13,56,2024-01-29,3.1,34.35,10.55,32.745999999999995
A13,57,2024-02-05,3.8,33.68,4.65,33.64
A13,58,2024-02-12,1.1,38.05,9.07,33.785000000000004
A13,59,2024-02-19,5.1,32.63,10.91,33.371
A13,60,2024-02-26,19.1,33.12,6.760000000000001,35.2
A13,61,2024-03-04,3.9,35.94,4.37,36.877
A13,62,2024-03-11,0.2,40.81,11.459999999999999,34.415
A13,63,2024-03-18,1.5,39.39,11.72,34.181
A13,64,2024-03-25,15.700000000000001,35.03,26.78,30.116000000000003
A13,65,2024-04-01,43.9,25.82,50.510000000000005,29.648000000000003
A13,66,2024-04-08,13.200000000000001,28.51,36.2,29.526999999999997
A13,67,2024-04-15,26.7,28.98,55.6,26.824
A13,68,2024-04-22,49.4,23.9,51.89,25.024
A13,69,2024-04-29,41.9,20.55,57.8,24.791999999999998
A13,70,2024-05-06,19.8,27.58,62.910000000000004,25.177
A13,71,2024-05-13,6.9,30.83,30.05,27.04
A13,72,2024-05-20,30.7,25.810000000000002,26.5,26.403
A13,73,2024-05-27,2.7,31.14,14.8,27.014999999999997
A13,74,2024-06-03,6.6,29.34,41.660000000000004,24.625
A13,75,2024-06-10,7.2,28.48,44.68,23.227
A13,76,2024-06-17,4.4,28.88,35.11,22.801
A13,77,2024-06-24,4.1000000000000005,26.02,21.130000000000003,23.922
A13,78,2024-07-01,18.1,27.21,22.91,23.063
A13,79,2024-07-08,26.1,25.02,42.34,21.905
A13,80,2024-07-15,54.599999999999994,20.990000000000002,33.43,23.204
A13,81,2024-07-22,25.5,23.34,61.61,21.447
A13,82,2024-07-29,71.2,21.509999999999998,35.55,22.520000000000003
A13,83,2024-08-05,32.099999999999994,24.21,52.36,21.733
A13,84,2024-08-12,81.6,22.35,51.33,24.788999999999998
A13,85,2024-08-19,24.4,24.09,39.66,24.997
A13,86,2024-08-26,8.5,28.53,50.2,23.877000000000002
A13,87,2024-09-02,18.3,27.75,52.04,24.432
A13,88,2024-09-09,2.3,32.32,23.81,28.256999999999998
A13,89,2024-09-16,14.599999999999998,30.09,23.77,29.133
A13,90,2024-09-23,34.4,28.71,41.1,28.380000000000003
A13,91,2024-09-30,11.9,29.990000000000002,23.080000000000002,29.330000000000002
A13,92,2024-10-07,11.4,32.44,21.66,28.943
A13,93,2024-10-14,54.7,24.67,36.43,27.133
A13,94,2024-10-21,9.0,31.96,27.5,27.038999999999998
A13,95,2024-10-28,4.4,33.68,25.7,26.119999999999997
A13,96,2024-11-04,16.8,27.14,33.0,26.15
A13,97,2024-11-11,26.400000000000002,24.64,42.870000000000005,24.623
A13,98,2024-11-18,17.200000000000003,26.88,32.160000000000004,25.425
A13,99,2024-11-25,50.0,23.560000000000002,25.869999999999997,25.514
A13,100,2024-12-02,2.6,30.65,24.330000000000002,26.345
A13,101,2024-12-09,3.2,30.35,25.32,26.886000000000003
A13,102,2024-12-16,6.5,26.62,10.5,27.044
A13,103,2024-12-23,19.099999999999998,29.25,8.125,28.675
A13,104,2024-12-30,0.1,30.67,4.144444444444445,29.15777777777778
A13,105,2025-01-06,3.5,32.3,9.929999999999998,29.535000000000004
A13,106,2025-01-13,0.6,33.160000000000004,6.590000000000001,30.403
A13,107,2025-01-20,2.8000000000000003,34.16,2.0900000000000003,32.604
A13,108,2025-01-27,13.3,26.47,10.55,32.745999999999995
A13,109,2025-02-03,0.0,36.46,4.65,33.64
A13,110,2025-02-10,0.9,38.29,9.07,33.785000000000004
A13,111,2025-02-17,0.0,42.64,10.91,33.371
A13,112,2025-02-24,0.0,42.16,6.760000000000001,35.2
A13,113,2025-03-03,5.7,39.48,4.37,36.877
A13,114,2025-03-10,21.1,31.259999999999998,11.459999999999999,34.415
A13,115,2025-03-17,18.3,29.669999999999998,11.72,34.181
A13,116,2025-03-24,59.8,25.9,26.78,30.116000000000003
A13,117,2025-03-31,19.3,28.65,50.510000000000005,29.648000000000003
A13,118,2025-04-07,29.4,25.94,36.2,29.526999999999997
A13,119,2025-04-14,25.2,27.96,55.6,26.824
A13,120,2025-04-21,25.2,26.47,51.89,25.024
A13,121,2025-04-28,7.0,30.79,57.8,24.791999999999998
A13,122,2025-05-05,40.8,25.0,62.910000000000004,25.177
A13,123,2025-05-12,5.5,29.15,30.05,27.04
A13,124,2025-05-19,7.0,27.54,26.5,26.403
A13,125,2025-05-26,3.9,29.71,14.8,27.014999999999997
A13,126,2025-06-02,14.7,24.82,41.660000000000004,24.625
A13,127,2025-06-09,2.5,28.56,44.68,23.227
A13,128,2025-06-16,8.2,23.94,35.11,22.801
A13,129,2025-06-23,7.4,28.54,21.130000000000003,23.922
A13,130,2025-06-30,12.6,25.34,22.91,23.063
A13,131,2025-07-07,28.099999999999998,20.15,42.34,21.905
A13,132,2025-07-14,19.3,22.439999999999998,33.43,23.204
A13,133,2025-07-21,6.9,26.52,61.61,21.447
A13,134,2025-07-28,10.100000000000001,26.39,35.55,22.520000000000003
A13,135,2025-08-04,43.0,22.69,52.36,21.733
A13,136,2025-08-11,49.3,22.77,51.33,24.788999999999998
A13,137,2025-08-18,27.6,22.16,39.66,24.997
A13,138,2025-08-25,13.6,27.29,50.2,23.877000000000002
A13,139,2025-09-01,35.2,25.79,52.04,24.432
A13,140,2025-09-08,30.1,27.52,23.81,28.256999999999998
A13,141,2025-09-15,14.700000000000001,32.75,23.77,29.133
A13,142,2025-09-22,13.5,31.13,41.1,28.380000000000003
A13,143,2025-09-29,39.0,24.26,23.080000000000002,29.330000000000002
A13,144,2025-10-06,6.9,30.27,21.66,28.943
A13,145,2025-10-13,9.7,30.09,36.43,27.133
A13,146,2025-10-20,67.0,22.25,27.5,27.038999999999998
A13,147,2025-10-27,55.8,22.51,25.7,26.119999999999997
A13,148,2025-11-03,18.5,27.97,33.0,26.15
A13,149,2025-11-10,2.5,30.86,42.870000000000005,24.623
A13,150,2025-11-17,1.2999999999999998,31.94,32.160000000000004,25.425
A13,151,2025-11-24,2.0,30.5,25.869999999999997,25.514
A13,152,2025-12-01,2.2,31.65,24.330000000000002,26.345
A13,153,2025-12-08,17.7,28.96,25.32,26.886000000000003
A13,154,2025-12-15,7.0,28.38,10.5,27.044
A13,155,2025-12-22,19.6,29.8,8.125,28.675
A14,0,2023-01-02,3.6,28.759999999999998,2.8222222222222224,31.075555555555557
A14,1,2023-01-09,0.4,35.7,6.33,31.369
A14,2,2023-01-16,0.0,37.06,5.91,32.551
A14,3,2023-01-23,0.1,36.16,1.6400000000000001,34.765
A14,4,2023-01-30,0.0,40.77,11.309999999999999,34.981
A14,5,2023-02-06,0.0,40.980000000000004,3.5800000000000005,35.684000000000005
A14,6,2023-02-13,0.5,39.3,4.3100000000000005,35.563
A14,7,2023-02-20,0.2,42.75,7.540000000000001,35.085
A14,8,2023-02-27,1.1,39.76,5.15,36.783
A14,9,2023-03-06,0.1,39.92,3.5099999999999993,38.582
A14,10,2023-03-13,39.0,31.64,11.870000000000001,36.025
A14,11,2023-03-20,34.9,26.810000000000002,12.06,35.711
A14,12,2023-03-27,18.7,31.48,23.009999999999998,31.457
A14,13,2023-04-03,48.1,29.73,18.0,31.032999999999998
A14,14,2023-04-10,18.9,30.95,20.6,30.957
A14,15,2023-04-17,31.300000000000004,27.85,44.13,28.18
A14,16,2023-04-24,56.1,23.98,37.2,26.311
A14,17,2023-05-01,19.7,26.48,42.22,26.377999999999997
A14,18,2023-05-08,5.0,31.34,38.47,26.482999999999997
A14,19,2023-05-15,4.1,31.07,10.870000000000001,28.305
A14,20,2023-05-22,3.8,32.8,14.15,28.212
A14,21,2023-05-29,2.1999999999999997,32.03,7.590000000000001,28.361
A14,22,2023-06-05,0.5,33.11,23.97,25.907
A14,23,2023-06-12,4.1,27.37,20.48,24.653
A14,24,2023-06-19,3.4,27.78,17.330000000000002,24.505000000000003
A14,25,2023-06-26,5.9,27.91,8.620000000000001,26.020999999999997
A14,26,2023-07-03,3.5,29.619999999999997,16.18,25.446
A14,27,2023-07-10,2.0,34.09,20.1,24.173
A14,28,2023-07-17,1.1,32.91,19.259999999999998,25.477
A14,29,2023-07-24,11.3,29.34,40.839999999999996,22.836000000000002
A14,30,2023-07-31,21.6,28.63,18.23,24.421
A14,31,2023-08-07,19.2,29.939999999999998,24.639999999999997,23.988
A14,32,2023-08-14,1.0,35.66,28.76,27.174
A14,33,2023-08-21,0.0,39.51,26.3,27.861
A14,34,2023-08-28,4.2,35.86,34.64,26.325
A14,35,2023-09-04,24.6,32.7,28.68,26.768
A14,36,2023-09-11,26.5,32.37,15.65,30.669
A14,37,2023-09-18,11.8,34.65,13.13,32.063
A14,38,2023-09-25,13.9,33.18,18.95,31.040000000000003
A14,39,2023-10-02,3.3000000000000003,36.73,11.059999999999999,32.007999999999996
A14,40,2023-10-09,5.6000000000000005,34.48,16.990000000000002,31.369999999999997
A14,41,2023-10-16,24.7,28.68,23.94,29.098000000000003
A14,42,2023-10-23,14.5,33.09,22.64,29.079
A14,43,2023-10-30,56.400000000000006,26.11,26.839999999999996,27.816000000000003
A14,44,2023-11-06,61.8,27.49,21.18,27.697000000000003
A14,45,2023-11-13,29.9,27.84,26.439999999999998,25.855
A14,46,2023-11-20,64.0,21.69,24.8,26.506999999999998
A14,47,2023-11-27,4.0,30.89,27.57,26.488
A14,48,2023-12-04,4.9,32.62,21.03,27.572000000000003
A14,49,2023-12-11,9.2,29.38,16.509999999999998,27.887999999999998
A14,50,2023-12-18,3.1,32.97,9.52,28.130000000000003
A14,51,2023-12-25,4.8999999999999995,32.19,7.583333333333333,30.041666666666668
A14,52,2024-01-01,28.9,29.490000000000002,2.8222222222222224,31.075555555555557
A14,53,2024-01-08,17.4,25.16,6.33,31.369
A14,54,2024-01-15,26.3,27.65,5.91,32.551
A14,55,2024-01-22,2.6,33.35,1.6400000000000001,34.765
A14,56,2024-01-29,3.6999999999999997,35.56,11.309999999999999,34.981
A14,57,2024-02-05,3.7,35.769999999999996,3.5800000000000005,35.684000000000005
A14,58,2024-02-12,0.4,40.120000000000005,4.3100000000000005,35.563
A14,59,2024-02-19,18.2,35.29,7.540000000000001,35.085
A14,60,2024-02-26,21.3,33.9,5.15,36.783
A14,61,2024-03-04,7.0,36.23,3.5099999999999993,38.582
A14,62,2024-03-11,1.0,40.5,11.870000000000001,36.025
A14,63,2024-03-18,0.3,41.05,12.06,35.711
A14,64,2024-03-25,16.4,35.71,23.009999999999998,31.457
A14,65,2024-04-01,48.9,27.22,18.0,31.032999999999998
A14,66,2024-04-08,41.6,28.12,20.6,30.957
A14,67,2024-04-15,39.1,29.4,44.13,28.18
A14,68,2024-04-22,65.1,25.77,37.2,26.311
A14,69,2024-04-29,69.2,21.42,42.22,26.377999999999997
A14,70,2024-05-06,11.4,28.64,38.47,26.482999999999997
A14,71,2024-05-13,5.1000000000000005,30.98,10.870000000000001,28.305
A14,72,2024-05-20,26.8,28.32,14.15,28.212
A14,73,2024-05-27,1.5,31.23,7.590000000000001,28.361
A14,74,2024-06-03,8.0,30.130000000000003,23.97,25.907
A14,75,2024-06-10,4.0,29.65,20.48,24.653
A14,76,2024-06-17,1.3,31.32,17.330000000000002,24.505000000000003
A14,77,2024-06-24,0.3,31.400000000000002,8.620000000000001,26.020999999999997
A14,78,2024-07-01,18.3,30.18,16.18,25.446
A14,79,2024-07-08,30.3,27.15,20.1,24.173
A14,80,2024-07-15,94.0,22.009999999999998,19.259999999999998,25.477
A14,81,2024-07-22,36.099999999999994,25.229999999999997,40.839999999999996,22.836000000000002
A14,82,2024-07-29,48.7,23.11,18.23,24.421
A14,83,2024-08-05,40.9,27.1,24.639999999999997,23.988
A14,84,2024-08-12,48.3,24.24,28.76,27.174
A14,85,2024-08-19,47.7,24.92,26.3,27.861
A14,86,2024-08-26,5.1,32.04,34.64,26.325
A14,87,2024-09-02,22.8,31.42,28.68,26.768
A14,88,2024-09-09,0.30000000000000004,37.44,15.65,30.669
A14,89,2024-09-16,14.900000000000002,32.4,13.13,32.063
A14,90,2024-09-23,15.7,32.660000000000004,18.95,31.040000000000003
A14,91,2024-09-30,18.7,33.24,11.059999999999999,32.007999999999996
A14,92,2024-10-07,2.7,37.019999999999996,16.990000000000002,31.369999999999997
A14,93,2024-10-14,51.8,28.02,23.94,29.098000000000003
A14,94,2024-10-21,2.5,34.9,22.64,29.079
A14,95,2024-10-28,1.4,37.66,26.839999999999996,27.816000000000003
A14,96,2024-11-04,26.799999999999997,28.89,21.18,27.697000000000003
A14,97,2024-11-11,26.599999999999998,26.729999999999997,26.439999999999998,25.855
A14,98,2024-11-18,26.3,29.46,24.8,26.506999999999998
A14,99,2024-11-25,66.0,25.69,27.57,26.488
A14,100,2024-12-02,0.8,32.4,21.03,27.572000000000003
A14,101,2024-12-09,2.5,32.42,16.509999999999998,27.887999999999998
A14,102,2024-12-16,16.3,28.21,9.52,28.130000000000003
A14,103,2024-12-23,5.6,31.19,7.583333333333333,30.041666666666668
A14,104,2024-12-30,0.4,32.519999999999996,2.8222222222222224,31.075555555555557
A14,105,2025-01-06,1.4000000000000001,34.45,6.33,31.369
A14,106,2025-01-13,0.8,33.879999999999995,5.91,32.551
A14,107,2025-01-20,0.7000000000000001,36.13,1.6400000000000001,34.765
A14,108,2025-01-27,21.599999999999998,28.38,11.309999999999999,34.981
A14,109,2025-02-03,0.0,37.230000000000004,3.5800000000000005,35.684000000000005
A14,110,2025-02-10,0.7,39.67,4.3100000000000005,35.563
A14,111,2025-02-17,0.0,44.06,7.540000000000001,35.085
A14,112,2025-02-24,0.0,43.1,5.15,36.783
A14,113,2025-03-03,2.8000000000000003,43.13,3.5099999999999993,38.582
A14,114,2025-03-10,35.5,33.019999999999996,11.870000000000001,36.025
A14,115,2025-03-17,38.199999999999996,32.06,12.06,35.711
A14,116,2025-03-24,42.0,27.87,23.009999999999998,31.457
A14,117,2025-03-31,31.6,31.2,18.0,31.032999999999998
A14,118,2025-04-07,29.8,28.96,20.6,30.957
A14,119,2025-04-14,48.4,30.94,44.13,28.18
A14,120,2025-04-21,37.6,27.85,37.2,26.311
A14,121,2025-04-28,5.3,32.27,42.22,26.377999999999997
A14,122,2025-05-05,36.4,27.119999999999997,38.47,26.482999999999997
A14,123,2025-05-12,8.2,31.11,10.870000000000001,28.305
A14,124,2025-05-19,8.1,28.830000000000002,14.15,28.212
A14,125,2025-05-26,2.8,33.29,7.590000000000001,28.361
A14,126,2025-06-02,8.4,28.71,23.97,25.907
A14,127,2025-06-09,2.0,32.17,20.48,24.653
A14,128,2025-06-16,16.2,24.84,17.330000000000002,24.505000000000003
A14,129,2025-06-23,3.0,31.08,8.620000000000001,26.020999999999997
A14,130,2025-06-30,6.2,26.88,16.18,25.446
A14,131,2025-07-07,20.8,23.31,20.1,24.173
A14,132,2025-07-14,25.799999999999997,24.85,19.259999999999998,25.477
A14,133,2025-07-21,4.0,29.78,40.839999999999996,22.836000000000002
A14,134,2025-07-28,11.899999999999999,29.88,18.23,24.421
A14,135,2025-08-04,37.7,23.39,24.639999999999997,23.988
A14,136,2025-08-11,42.0,24.919999999999998,28.76,27.174
A14,137,2025-08-18,67.10000000000001,22.08,26.3,27.861
A14,138,2025-08-25,12.6,30.09,34.64,26.325
A14,139,2025-09-01,31.2,28.15,28.68,26.768
A14,140,2025-09-08,24.6,29.849999999999998,15.65,30.669
A14,141,2025-09-15,1.6,37.3,13.13,32.063
A14,142,2025-09-22,15.0,33.82,18.95,31.040000000000003
A14,143,2025-09-29,30.5,26.78,11.059999999999999,32.007999999999996
A14,144,2025-10-06,11.899999999999999,33.24,16.990000000000002,31.369999999999997
A14,145,2025-10-13,15.9,33.69,23.94,29.098000000000003
A14,146,2025-10-20,46.9,25.54,22.64,29.079
A14,147,2025-10-27,56.199999999999996,25.38,26.839999999999996,27.816000000000003
A14,148,2025-11-03,21.1,30.11,21.18,27.697000000000003
A14,149,2025-11-10,3.8000000000000003,32.4,26.439999999999998,25.855
A14,150,2025-11-17,0.8,34.36,24.8,26.506999999999998
A14,151,2025-11-24,3.9,32.73,27.57,26.488
A14,152,2025-12-01,2.8,33.47,21.03,27.572000000000003
A14,153,2025-12-08,8.4,31.48,16.509999999999998,27.887999999999998
A14,154,2025-12-15,11.0,31.09,9.52,28.130000000000003
A14,155,2025-12-22,12.4,33.05,7.583333333333333,30.041666666666668
A15,0,2023-01-02,2.3,29.88,2.9000000000000004,32.266666666666666
A15,1,2023-01-09,0.2,36.75,8.29,32.902
A15,2,2023-01-16,0.0,38.21,6.12,33.368
A15,3,2023-01-23,0.0,37.94,1.15,35.557
A15,4,2023-01-30,0.0,41.07,11.389999999999999,35.988
A15,5,2023-02-06,0.0,41.42,4.59,37.025999999999996
A15,6,2023-02-13,0.1,39.05,7.65,36.609
A15,7,2023-02-20,0.0,43.33,9.709999999999999,36.519999999999996
A15,8,2023-02-27,0.1,41.61,5.34,38.436
A15,9,2023-03-06,0.0,41.42,4.9399999999999995,39.998000000000005
A15,10,2023-03-13,20.2,33.39,11.559999999999999,37.313
A15,11,2023-03-20,49.0,28.63,12.120000000000001,37.067
A15,12,2023-03-27,18.8,32.97,28.639999999999997,32.912
A15,13,2023-04-03,27.3,32.37,51.589999999999996,32.137
A15,14,2023-04-10,13.900000000000002,33.21,34.510000000000005,32.109
A15,15,2023-04-17,20.5,29.529999999999998,56.38000000000001,29.517000000000003
A15,16,2023-04-24,56.0,24.810000000000002,58.46,27.407999999999998
A15,17,2023-05-01,21.8,27.69,59.05,27.532999999999998
A15,18,2023-05-08,2.3,33.480000000000004,67.8,27.586000000000002
A15,19,2023-05-15,6.1,31.810000000000002,29.93,29.334000000000003
A15,20,2023-05-22,1.6,33.28,21.360000000000003,28.985000000000003
A15,21,2023-05-29,2.0,32.22,16.979999999999997,29.202999999999996
A15,22,2023-06-05,0.0,33.19,44.489999999999995,26.874000000000002
A15,23,2023-06-12,4.7,28.27,41.25,25.5
A15,24,2023-06-19,1.6,29.31,34.3,25.509999999999998
A15,25,2023-06-26,6.3,29.08,16.65,26.752999999999997
A15,26,2023-07-03,3.9,29.720000000000002,20.04,26.267000000000003
A15,27,2023-07-10,0.1,33.32,33.68,24.906
A15,28,2023-07-17,0.5,33.33,32.47,26.282999999999998
A15,29,2023-07-24,7.5,30.33,70.97,23.740000000000002
A15,30,2023-07-31,23.4,29.14,35.839999999999996,25.15
A15,31,2023-08-07,8.6,31.75,40.56,24.839
A15,32,2023-08-14,0.5,35.55,41.3,28.012999999999998
A15,33,2023-08-21,0.2,38.15,27.71,28.642000000000003
A15,34,2023-08-28,2.1,36.3,38.510000000000005,27.222
A15,35,2023-09-04,23.3,33.97,40.25,27.693
A15,36,2023-09-11,18.599999999999998,33.18,18.15,31.425
A15,37,2023-09-18,4.0,35.81,23.47,32.667
A15,38,2023-09-25,35.900000000000006,34.35,39.14,31.823
A15,39,2023-10-02,3.1,36.86,24.910000000000004,32.747
A15,40,2023-10-09,4.0,36.65,23.55,32.36
A15,41,2023-10-16,41.4,29.11,35.57,30.227999999999998
A15,42,2023-10-23,16.7,32.77,33.730000000000004,29.842000000000002
A15,43,2023-10-30,66.6,26.96,30.0,29.075
A15,44,2023-11-06,36.1,28.490000000000002,38.35,28.766000000000002
A15,45,2023-11-13,57.7,28.19,42.4,26.887999999999998
A15,46,2023-11-20,51.9,23.36,35.32,28.020999999999997
A15,47,2023-11-27,1.5,32.31,31.419999999999998,28.188
A15,48,2023-12-04,6.8,34.18,21.52,29.226
A15,49,2023-12-11,6.0,31.14,27.2,29.387999999999998
A15,50,2023-12-18,1.5,33.92,8.79,29.792
A15,51,2023-12-25,3.1,33.55,7.241666666666667,31.599999999999998
A15,52,2024-01-01,10.3,31.7,2.9000000000000004,32.266666666666666
A15,53,2024-01-08,16.9,27.64,8.29,32.902
A15,54,2024-01-15,27.7,29.2,6.12,33.368
A15,55,2024-01-22,3.4000000000000004,35.04,1.15,35.557
A15,56,2024-01-29,1.6,36.81,11.389999999999999,35.988
A15,57,2024-02-05,1.1,36.62,4.59,37.025999999999996
A15,58,2024-02-12,0.0,40.56,7.65,36.609
A15,59,2024-02-19,7.699999999999999,34.76,9.709999999999999,36.519999999999996
A15,60,2024-02-26,23.7,35.92,5.34,38.436
A15,61,2024-03-04,1.8,38.27,4.9399999999999995,39.998000000000005
A15,62,2024-03-11,0.0,42.49,11.559999999999999,37.313
A15,63,2024-03-18,1.2,40.72,12.120000000000001,37.067
A15,64,2024-03-25,6.199999999999999,37.3,28.639999999999997,32.912
A15,65,2024-04-01,67.0,28.64,51.589999999999996,32.137
A15,66,2024-04-08,21.4,30.55,34.510000000000005,32.109
A15,67,2024-04-15,13.4,31.84,56.38000000000001,29.517000000000003
A15,68,2024-04-22,54.599999999999994,27.49,58.46,27.407999999999998
A15,69,2024-04-29,87.2,21.939999999999998,59.05,27.532999999999998
A15,70,2024-05-06,21.3,30.54,67.8,27.586000000000002
A15,71,2024-05-13,6.0,32.85,29.93,29.334000000000003
A15,72,2024-05-20,27.5,28.89,21.360000000000003,28.985000000000003
A15,73,2024-05-27,2.2,32.599999999999994,16.979999999999997,29.202999999999996
A15,74,2024-06-03,10.1,31.17,44.489999999999995,26.874000000000002
A15,75,2024-06-10,6.5,30.3,41.25,25.5
A15,76,2024-06-17,4.0,31.31,34.3,25.509999999999998
A15,77,2024-06-24,0.7000000000000001,31.189999999999998,16.65,26.752999999999997
A15,78,2024-07-01,11.3,30.33,20.04,26.267000000000003
A15,79,2024-07-08,33.2,28.02,33.68,24.906
A15,80,2024-07-15,97.4,23.09,32.47,26.282999999999998
A15,81,2024-07-22,30.6,25.56,70.97,23.740000000000002
A15,82,2024-07-29,41.7,24.83,35.839999999999996,25.15
A15,83,2024-08-05,43.9,27.810000000000002,40.56,24.839
A15,84,2024-08-12,49.2,25.990000000000002,41.3,28.012999999999998
A15,85,2024-08-19,53.599999999999994,25.59,27.71,28.642000000000003
A15,86,2024-08-26,6.0,32.79,38.510000000000005,27.222
A15,87,2024-09-02,11.9,31.94,40.25,27.693
A15,88,2024-09-09,0.0,36.45,18.15,31.425
A15,89,2024-09-16,7.9,33.62,23.47,32.667
A15,90,2024-09-23,22.4,34.089999999999996,39.14,31.823
A15,91,2024-09-30,17.8,33.33,24.910000000000004,32.747
A15,92,2024-10-07,7.6,37.05,23.55,32.36
A15,93,2024-10-14,27.6,30.17,35.57,30.227999999999998
A15,94,2024-10-21,2.3,35.71,33.730000000000004,29.842000000000002
A15,95,2024-10-28,0.9,37.41,30.0,29.075
A15,96,2024-11-04,32.6,31.08,38.35,28.766000000000002
A15,97,2024-11-11,18.2,28.03,42.4,26.887999999999998
A15,98,2024-11-18,26.5,31.22,35.32,28.020999999999997
A15,99,2024-11-25,33.6,27.23,31.419999999999998,28.188
A15,100,2024-12-02,0.4,34.67,21.52,29.226
A15,101,2024-12-09,2.8,34.58,27.2,29.387999999999998
A15,102,2024-12-16,10.2,31.270000000000003,8.79,29.792
A15,103,2024-12-23,4.6,33.74,7.241666666666667,31.599999999999998
A15,104,2024-12-30,0.0,34.79,2.9000000000000004,32.266666666666666
A15,105,2025-01-06,0.4,36.44,8.29,32.902
A15,106,2025-01-13,0.1,36.43,6.12,33.368
A15,107,2025-01-20,0.8999999999999999,38.94,1.15,35.557
A15,108,2025-01-27,22.4,30.47,11.389999999999999,35.988
A15,109,2025-02-03,0.0,41.0,4.59,37.025999999999996
A15,110,2025-02-10,0.0,42.55,7.65,36.609
A15,111,2025-02-17,0.0,46.33,9.709999999999999,36.519999999999996
A15,112,2025-02-24,0.0,45.75,5.34,38.436
A15,113,2025-03-03,7.4,43.08,4.9399999999999995,39.998000000000005
A15,114,2025-03-10,27.5,34.370000000000005,11.559999999999999,37.313
A15,115,2025-03-17,17.2,33.45,12.120000000000001,37.067
A15,116,2025-03-24,35.8,29.88,28.639999999999997,32.912
A15,117,2025-03-31,13.4,33.25,51.589999999999996,32.137
A15,118,2025-04-07,21.6,31.29,34.510000000000005,32.109
A15,119,2025-04-14,46.2,31.75,56.38000000000001,29.517000000000003
A15,120,2025-04-21,22.7,29.599999999999998,58.46,27.407999999999998
A15,121,2025-04-28,7.4,34.49,59.05,27.532999999999998
A15,122,2025-05-05,38.5,28.61,67.8,27.586000000000002
A15,123,2025-05-12,11.8,32.16,29.93,29.334000000000003
A15,124,2025-05-19,9.8,30.91,21.360000000000003,28.985000000000003
A15,125,2025-05-26,1.1,33.620000000000005,16.979999999999997,29.202999999999996
A15,126,2025-06-02,9.1,30.32,44.489999999999995,26.874000000000002
A15,127,2025-06-09,1.2,34.3,41.25,25.5
A15,128,2025-06-16,11.0,27.82,34.3,25.509999999999998
A15,129,2025-06-23,2.5,32.96,16.65,26.752999999999997
A15,130,2025-06-30,6.0,29.51,20.04,26.267000000000003
A15,131,2025-07-07,24.400000000000002,24.91,33.68,24.906
A15,132,2025-07-14,27.0,26.189999999999998,32.47,26.282999999999998
A15,133,2025-07-21,3.5,31.14,70.97,23.740000000000002
A15,134,2025-07-28,8.5,30.65,35.839999999999996,25.15
A15,135,2025-08-04,59.5,24.56,40.56,24.839
A15,136,2025-08-11,30.5,26.6,41.3,28.012999999999998
A15,137,2025-08-18,49.4,23.72,27.71,28.642000000000003
A15,138,2025-08-25,13.9,31.1,38.510000000000005,27.222
A15,139,2025-09-01,23.3,29.990000000000002,40.25,27.693
A15,140,2025-09-08,19.6,32.31,18.15,31.425
A15,141,2025-09-15,15.0,37.74,23.47,32.667
A15,142,2025-09-22,19.8,36.0,39.14,31.823
A15,143,2025-09-29,24.900000000000002,28.490000000000002,24.910000000000004,32.747
A15,144,2025-10-06,10.9,34.03,23.55,32.36
A15,145,2025-10-13,17.0,35.0,35.57,30.227999999999998
A15,146,2025-10-20,31.3,27.4,33.730000000000004,29.842000000000002
A15,147,2025-10-27,63.4,27.53,30.0,29.075
A15,148,2025-11-03,13.0,31.6,38.35,28.766000000000002
A15,149,2025-11-10,2.1,34.46,42.4,26.887999999999998
A15,150,2025-11-17,1.2,36.39,35.32,28.020999999999997
A15,151,2025-11-24,1.1,35.44,31.419999999999998,28.188
A15,152,2025-12-01,1.4,36.31,21.52,29.226
A15,153,2025-12-08,15.1,33.04,27.2,29.387999999999998
A15,154,2025-12-15,14.6,33.269999999999996,8.79,29.792
A15,155,2025-12-22,10.8,35.27,7.241666666666667,31.599999999999998
A16,0,2023-01-02,3.5,25.36,3.9555555555555557,30.619999999999997
A16,1,2023-01-09,0.8,33.9,4.529999999999999,30.812
A16,2,2023-01-16,0.0,38.47,9.02,32.163
A16,3,2023-01-23,0.0,36.769999999999996,4.78,33.175
A16,4,2023-01-30,0.0,41.089999999999996,11.319999999999999,33.311
A16,5,2023-02-06,0.0,41.87,4.26,34.370999999999995
A16,6,2023-02-13,0.0,35.29,7.45,32.531
A16,7,2023-02-20,0.0,39.0,9.36,33.11
A16,8,2023-02-27,0.4,37.53,4.57,35.911
A16,9,2023-03-06,0.0,36.39,2.63,38.088
A16,10,2023-03-13,4.0,28.1,11.580000000000002,34.028999999999996
A16,11,2023-03-20,33.5,23.19,6.1899999999999995,32.547
A16,12,2023-03-27,10.1,28.13,26.080000000000002,28.775
A16,13,2023-04-03,26.9,25.06,28.85,28.185000000000002
A16,14,2023-04-10,10.799999999999999,23.5,29.940000000000005,27.687
A16,15,2023-04-17,26.3,21.62,56.23,24.775
A16,16,2023-04-24,37.6,19.45,56.629999999999995,23.413999999999998
A16,17,2023-05-01,18.3,24.03,70.57000000000001,23.229
A16,18,2023-05-08,1.8,29.33,60.089999999999996,24.537
A16,19,2023-05-15,7.6,30.22,7.05,26.788
A16,20,2023-05-22,0.6,28.16,9.57,27.067
A16,21,2023-05-29,3.8,25.86,11.1,27.215999999999998
A16,22,2023-06-05,3.0,30.91,13.49,25.905
A16,23,2023-06-12,0.8,29.13,9.18,25.856
A16,24,2023-06-19,3.5999999999999996,29.21,11.64,25.130000000000003
A16,25,2023-06-26,2.8,28.35,5.130000000000001,26.831
A16,26,2023-07-03,0.2,28.68,5.33,26.817
A16,27,2023-07-10,0.1,33.08,8.95,25.156
A16,28,2023-07-17,1.5,33.19,6.209999999999999,26.665
A16,29,2023-07-24,4.9,32.45,17.759999999999998,24.863
A16,30,2023-07-31,8.9,29.06,11.77,25.375
A16,31,2023-08-07,4.6,32.23,7.19,26.561
A16,32,2023-08-14,0.3,33.31,9.86,28.409
A16,33,2023-08-21,0.6,34.28,9.1,29.310000000000002
A16,34,2023-08-28,3.5,35.45,12.37,28.344
A16,35,2023-09-04,16.7,32.519999999999996,14.16,28.602999999999998
A16,36,2023-09-11,3.9,32.95,5.4,30.701
A16,37,2023-09-18,0.7999999999999999,34.07,3.7700000000000005,31.473000000000003
A16,38,2023-09-25,11.700000000000001,31.73,8.040000000000001,31.215999999999998
A16,39,2023-10-02,2.2,30.54,18.619999999999997,30.419999999999998
A16,40,2023-10-09,4.0,33.06,13.290000000000001,29.556
A16,41,2023-10-16,25.0,22.7,48.78,26.805
A16,42,2023-10-23,14.8,25.14,43.59,25.788
A16,43,2023-10-30,22.8,18.38,55.81999999999999,24.310000000000002
A16,44,2023-11-06,56.8,21.7,28.610000000000003,23.445
A16,45,2023-11-13,21.2,20.32,34.97,22.759
A16,46,2023-11-20,38.199999999999996,18.0,32.86,24.111
A16,47,2023-11-27,0.5,27.68,27.65,23.087
A16,48,2023-12-04,2.3,31.21,13.069999999999999,25.193
A16,49,2023-12-11,5.3,24.75,11.51,25.044
A16,50,2023-12-18,2.1,25.74,10.15,26.722
A16,51,2023-12-25,2.0,28.53,7.183333333333334,27.69
A16,52,2024-01-01,0.5,30.54,3.9555555555555557,30.619999999999997
A16,53,2024-01-08,7.8,26.52,4.529999999999999,30.812
A16,54,2024-01-15,9.200000000000001,28.36,9.02,32.163
A16,55,2024-01-22,0.5,35.09,4.78,33.175
A16,56,2024-01-29,1.4,34.68,11.319999999999999,33.311
A16,57,2024-02-05,2.8,32.19,4.26,34.370999999999995
A16,58,2024-02-12,0.0,38.59,7.45,32.531
A16,59,2024-02-19,2.3000000000000003,34.63,9.36,33.11
A16,60,2024-02-26,10.2,35.0,4.57,35.911
A16,61,2024-03-04,1.5999999999999999,34.73,2.63,38.088
A16,62,2024-03-11,0.0,37.69,11.580000000000002,34.028999999999996
A16,63,2024-03-18,0.1,38.67,6.1899999999999995,32.547
A16,64,2024-03-25,9.6,31.59,26.080000000000002,28.775
A16,65,2024-04-01,71.2,21.34,28.85,28.185000000000002
A16,66,2024-04-08,19.3,27.12,29.940000000000005,27.687
A16,67,2024-04-15,16.9,29.799999999999997,56.23,24.775
A16,68,2024-04-22,71.19999999999999,26.2,56.629999999999995,23.413999999999998
A16,69,2024-04-29,64.60000000000001,24.05,70.57000000000001,23.229
A16,70,2024-05-06,2.4,26.740000000000002,60.089999999999996,24.537
A16,71,2024-05-13,1.2999999999999998,30.439999999999998,7.05,26.788
A16,72,2024-05-20,22.5,27.47,9.57,27.067
A16,73,2024-05-27,1.9,32.18,11.1,27.215999999999998
A16,74,2024-06-03,3.7,31.61,13.49,25.905
A16,75,2024-06-10,5.3,30.04,9.18,25.856
A16,76,2024-06-17,1.1,29.95,11.64,25.130000000000003
A16,77,2024-06-24,0.30000000000000004,32.33,5.130000000000001,26.831
A16,78,2024-07-01,4.7,30.900000000000002,5.33,26.817
A16,79,2024-07-08,12.6,27.759999999999998,8.95,25.156
A16,80,2024-07-15,38.9,25.84,6.209999999999999,26.665
A16,81,2024-07-22,18.4,27.32,17.759999999999998,24.863
A16,82,2024-07-29,16.1,26.39,11.77,25.375
A16,83,2024-08-05,12.1,27.84,7.19,26.561
A16,84,2024-08-12,7.300000000000001,29.669999999999998,9.86,28.409
A16,85,2024-08-19,15.1,29.99,9.1,29.310000000000002
A16,86,2024-08-26,1.2,30.77,12.37,28.344
A16,87,2024-09-02,8.7,31.16,14.16,28.602999999999998
A16,88,2024-09-09,0.2,38.36,5.4,30.701
A16,89,2024-09-16,3.2,33.58,3.7700000000000005,31.473000000000003
A16,90,2024-09-23,11.1,33.01,8.040000000000001,31.215999999999998
A16,91,2024-09-30,2.9,31.849999999999998,18.619999999999997,30.419999999999998
A16,92,2024-10-07,1.2,34.19,13.290000000000001,29.556
A16,93,2024-10-14,29.6,27.89,48.78,26.805
A16,94,2024-10-21,0.30000000000000004,31.54,43.59,25.788
A16,95,2024-10-28,0.6,30.759999999999998,55.81999999999999,24.310000000000002
A16,96,2024-11-04,8.9,24.46,28.610000000000003,23.445
A16,97,2024-11-11,31.700000000000003,22.18,34.97,22.759
A16,98,2024-11-18,10.7,26.54,32.86,24.111
A16,99,2024-11-25,23.200000000000003,25.36,27.65,23.087
A16,100,2024-12-02,0.1,35.73,13.069999999999999,25.193
A16,101,2024-12-09,2.1,31.21,11.51,25.044
A16,102,2024-12-16,11.1,28.13,10.15,26.722
A16,103,2024-12-23,0.4,29.79,7.183333333333334,27.69
A16,104,2024-12-30,0.2,32.25,3.9555555555555557,30.619999999999997
A16,105,2025-01-06,4.9,34.15,4.529999999999999,30.812
A16,106,2025-01-13,0.0,35.74,9.02,32.163
A16,107,2025-01-20,0.2,41.0,4.78,33.175
A16,108,2025-01-27,16.6,30.1,11.319999999999999,33.311
A16,109,2025-02-03,0.0,38.8,4.26,34.370999999999995
A16,110,2025-02-10,0.30000000000000004,34.54,7.45,32.531
A16,111,2025-02-17,0.0,44.120000000000005,9.36,33.11
A16,112,2025-02-24,0.2,44.61,4.57,35.911
A16,113,2025-03-03,1.1,39.12,2.63,38.088
A16,114,2025-03-10,18.1,35.3,11.580000000000002,34.028999999999996
A16,115,2025-03-17,3.0,29.91,6.1899999999999995,32.547
A16,116,2025-03-24,37.3,25.91,26.080000000000002,28.775
A16,117,2025-03-31,13.7,28.76,28.85,28.185000000000002
A16,118,2025-04-07,6.8,31.759999999999998,29.940000000000005,27.687
A16,119,2025-04-14,19.1,27.240000000000002,56.23,24.775
A16,120,2025-04-21,11.4,27.16,56.629999999999995,23.413999999999998
A16,121,2025-04-28,4.800000000000001,31.03,70.57000000000001,23.229
A16,122,2025-05-05,7.8,25.71,60.089999999999996,24.537
A16,123,2025-05-12,2.9,31.990000000000002,7.05,26.788
A16,124,2025-05-19,5.1,32.43,9.57,27.067
A16,125,2025-05-26,1.5,33.43,11.1,27.215999999999998
A16,126,2025-06-02,4.9,29.57,13.49,25.905
A16,127,2025-06-09,2.0,33.46,9.18,25.856
A16,128,2025-06-16,4.300000000000001,29.86,11.64,25.130000000000003
A16,129,2025-06-23,2.4,32.28,5.130000000000001,26.831
A16,130,2025-06-30,5.3,32.09,5.33,26.817
A16,131,2025-07-07,13.7,30.439999999999998,8.95,25.156
A16,132,2025-07-14,9.7,31.09,6.209999999999999,26.665
A16,133,2025-07-21,2.9,34.08,17.759999999999998,24.863
A16,134,2025-07-28,7.5,35.22,11.77,25.375
A16,135,2025-08-04,37.800000000000004,27.39,7.19,26.561
A16,136,2025-08-11,39.4,30.990000000000002,9.86,28.409
A16,137,2025-08-18,28.0,28.31,9.1,29.310000000000002
A16,138,2025-08-25,2.1,34.01,12.37,28.344
A16,139,2025-09-01,8.9,33.2,14.16,28.602999999999998
A16,140,2025-09-08,2.2,35.57,5.4,30.701
A16,141,2025-09-15,0.39999999999999997,36.81,3.7700000000000005,31.473000000000003
A16,142,2025-09-22,7.1000000000000005,35.410000000000004,8.040000000000001,31.215999999999998
A16,143,2025-09-29,7.5,31.73,18.619999999999997,30.419999999999998
A16,144,2025-10-06,4.3,31.330000000000002,13.290000000000001,29.556
A16,145,2025-10-13,2.2,32.08,48.78,26.805
A16,146,2025-10-20,33.4,27.92,43.59,25.788
A16,147,2025-10-27,35.4,22.669999999999998,55.81999999999999,24.310000000000002
A16,148,2025-11-03,10.899999999999999,24.37,28.610000000000003,23.445
A16,149,2025-11-10,1.2999999999999998,28.33,34.97,22.759
A16,150,2025-11-17,5.3,31.35,32.86,24.111
A16,151,2025-11-24,0.5,28.88,27.65,23.087
A16,152,2025-12-01,1.5,28.48,13.069999999999999,25.193
A16,153,2025-12-08,16.1,25.26,11.51,25.044
A16,154,2025-12-15,11.8,26.35,10.15,26.722
A16,155,2025-12-22,7.0,31.4,7.183333333333334,27.69
A17,0,2023-01-02,15.3,29.47,1.7999999999999998,33.245555555555555
A17,1,2023-01-09,1.3,35.56,4.13,33.647
A17,2,2023-01-16,0.0,38.5,9.25,34.211
A17,3,2023-01-23,0.1,40.36,2.8299999999999996,35.993
A17,4,2023-01-30,0.0,42.88,12.290000000000001,36.495
A17,5,2023-02-06,0.0,42.6,5.25,36.918
A17,6,2023-02-13,0.2,42.730000000000004,8.180000000000001,37.1
A17,7,2023-02-20,0.0,45.35,6.35,36.544
A17,8,2023-02-27,0.30000000000000004,41.72,7.55,39.309
A17,9,2023-03-06,0.0,45.12,3.7399999999999998,41.339
A17,10,2023-03-13,15.0,34.69,13.35,38.524
A17,11,2023-03-20,56.1,27.439999999999998,6.5200000000000005,38.114
A17,12,2023-03-27,13.599999999999998,33.18,16.96,33.614
A17,13,2023-04-03,22.4,30.98,14.0,34.597
A17,14,2023-04-10,12.3,30.56,17.65,33.6
A17,15,2023-04-17,22.6,29.36,30.25,30.573
A17,16,2023-04-24,79.0,24.77,27.660000000000004,28.874000000000002
A17,17,2023-05-01,19.7,28.799999999999997,37.739999999999995,28.947000000000003
A17,18,2023-05-08,2.3000000000000003,33.09,25.1,29.583
A17,19,2023-05-15,6.1000000000000005,32.71,7.55,31.482
A17,20,2023-05-22,1.0999999999999999,33.69,9.540000000000001,31.034
A17,21,2023-05-29,2.7,32.5,9.77,31.305
A17,22,2023-06-05,0.5,32.76,24.22,28.145
A17,23,2023-06-12,1.8,29.82,22.14,27.077999999999996
A17,24,2023-06-19,1.1,29.71,24.5,26.044999999999998
A17,25,2023-06-26,1.6,30.0,11.559999999999999,27.262999999999998
A17,26,2023-07-03,0.7,30.23,23.09,26.535000000000004
A17,27,2023-07-10,0.3,32.64,20.54,25.46
A17,28,2023-07-17,0.4,32.59,21.720000000000002,26.35
A17,29,2023-07-24,4.8,30.51,43.480000000000004,24.214999999999996
A17,30,2023-07-31,24.2,29.21,26.96,26.379
A17,31,2023-08-07,6.9,30.99,24.22,25.706
A17,32,2023-08-14,0.2,37.36,28.95,29.101
A17,33,2023-08-21,0.5,38.31,16.39,29.711000000000002
A17,34,2023-08-28,1.2000000000000002,36.25,25.6,28.587
A17,35,2023-09-04,17.9,32.96,20.520000000000003,29.369
A17,36,2023-09-11,2.1,36.37,15.040000000000001,33.214
A17,37,2023-09-18,0.30000000000000004,39.57,8.690000000000001,34.719
A17,38,2023-09-25,12.6,36.65,10.959999999999999,34.591
A17,39,2023-10-02,1.5,39.65,6.6,35.574
A17,40,2023-10-09,5.9,38.99,8.4,35.415
A17,41,2023-10-16,20.6,29.9,20.4,32.064
A17,42,2023-10-23,19.7,32.74,22.259999999999998,31.508999999999997
A17,43,2023-10-30,39.9,26.28,19.130000000000003,29.941000000000003
A17,44,2023-11-06,34.6,26.81,18.68,29.034000000000002
A17,45,2023-11-13,43.599999999999994,27.96,19.18,26.981
A17,46,2023-11-20,36.8,23.54,22.21,27.802999999999997
A17,47,2023-11-27,1.1,31.59,21.080000000000002,26.611
A17,48,2023-12-04,3.3,33.44,12.059999999999999,29.214
A17,49,2023-12-11,7.1000000000000005,30.25,16.53,29.676
A17,50,2023-12-18,5.7,32.75,9.700000000000001,29.736
A17,51,2023-12-25,8.4,31.27,7.541666666666667,31.546666666666667
A17,52,2024-01-01,12.7,32.71,1.7999999999999998,33.245555555555555
A17,53,2024-01-08,35.900000000000006,28.5,4.13,33.647
A17,54,2024-01-15,47.0,28.02,9.25,34.211
A17,55,2024-01-22,1.5,32.41,2.8299999999999996,35.993
A17,56,2024-01-29,0.9,35.62,12.290000000000001,36.495
A17,57,2024-02-05,13.1,35.44,5.25,36.918
A17,58,2024-02-12,0.1,37.95,8.180000000000001,37.1
A17,59,2024-02-19,4.4,36.09,6.35,36.544
A17,60,2024-02-26,11.5,34.33,7.55,39.309
A17,61,2024-03-04,2.6,38.42,3.7399999999999998,41.339
A17,62,2024-03-11,0.0,42.38,13.35,38.524
A17,63,2024-03-18,0.0,42.76,6.5200000000000005,38.114
A17,64,2024-03-25,8.4,37.29,16.96,33.614
A17,65,2024-04-01,48.8,27.299999999999997,14.0,34.597
A17,66,2024-04-08,12.299999999999999,32.88,17.65,33.6
A17,67,2024-04-15,34.3,32.1,30.25,30.573
A17,68,2024-04-22,61.0,27.14,27.660000000000004,28.874000000000002
A17,69,2024-04-29,69.1,23.95,37.739999999999995,28.947000000000003
A17,70,2024-05-06,10.200000000000001,30.880000000000003,25.1,29.583
A17,71,2024-05-13,0.8,33.69,7.55,31.482
A17,72,2024-05-20,36.6,29.51,9.540000000000001,31.034
A17,73,2024-05-27,1.0,31.95,9.77,31.305
A17,74,2024-06-03,10.1,30.82,24.22,28.145
A17,75,2024-06-10,4.5,30.63,22.14,27.077999999999996
A17,76,2024-06-17,0.5,31.72,24.5,26.044999999999998
A17,77,2024-06-24,0.6,30.65,11.559999999999999,27.262999999999998
A17,78,2024-07-01,1.6,31.29,23.09,26.535000000000004
A17,79,2024-07-08,22.7,28.7,20.54,25.46
A17,80,2024-07-15,76.4,22.97,21.720000000000002,26.35
A17,81,2024-07-22,40.7,25.06,43.480000000000004,24.214999999999996
A17,82,2024-07-29,30.9,24.8,26.96,26.379
A17,83,2024-08-05,23.9,27.4,24.22,25.706
A17,84,2024-08-12,64.2,24.15,28.95,29.101
A17,85,2024-08-19,42.2,26.8,16.39,29.711000000000002
A17,86,2024-08-26,2.3,33.21,25.6,28.587
A17,87,2024-09-02,6.8,33.46,20.520000000000003,29.369
A17,88,2024-09-09,0.5,37.6,15.040000000000001,33.214
A17,89,2024-09-16,5.0,36.17,8.690000000000001,34.719
A17,90,2024-09-23,10.6,34.36,10.959999999999999,34.591
A17,91,2024-09-30,14.7,35.46,6.6,35.574
A17,92,2024-10-07,0.8,39.16,8.4,35.415
A17,93,2024-10-14,34.5,30.490000000000002,20.4,32.064
A17,94,2024-10-21,0.9,37.15,22.259999999999998,31.508999999999997
A17,95,2024-10-28,0.8999999999999999,38.74,19.130000000000003,29.941000000000003
A17,96,2024-11-04,34.5,30.63,18.68,29.034000000000002
A17,97,2024-11-11,21.2,28.259999999999998,19.18,26.981
A17,98,2024-11-18,31.0,29.03,22.21,27.802999999999997
A17,99,2024-11-25,41.4,27.43,21.080000000000002,26.611
A17,100,2024-12-02,1.5,35.410000000000004,12.059999999999999,29.214
A17,101,2024-12-09,5.4,33.42,16.53,29.676
A17,102,2024-12-16,18.3,31.830000000000002,9.700000000000001,29.736
A17,103,2024-12-23,6.1,36.55,7.541666666666667,31.546666666666667
A17,104,2024-12-30,0.3,36.25,1.7999999999999998,33.245555555555555
A17,105,2025-01-06,3.1,38.9,4.13,33.647
A17,106,2025-01-13,0.0,40.19,9.25,34.211
A17,107,2025-01-20,6.7,41.43,2.8299999999999996,35.993
A17,108,2025-01-27,53.0,29.93,12.290000000000001,36.495
A17,109,2025-02-03,0.0,41.52,5.25,36.918
A17,110,2025-02-10,1.4,43.66,8.180000000000001,37.1
A17,111,2025-02-17,0.0,50.45,6.35,36.544
A17,112,2025-02-24,0.0,48.71,7.55,39.309
A17,113,2025-03-03,6.4,47.45,3.7399999999999998,41.339
A17,114,2025-03-10,25.799999999999997,36.31,13.35,38.524
A17,115,2025-03-17,16.7,35.17,6.5200000000000005,38.114
A17,116,2025-03-24,30.2,31.3,16.96,33.614
A17,117,2025-03-31,21.2,33.18,14.0,34.597
A17,118,2025-04-07,5.9,35.92,17.65,33.6
A17,119,2025-04-14,34.5,33.37,30.25,30.573
A17,120,2025-04-21,17.1,30.64,27.660000000000004,28.874000000000002
A17,121,2025-04-28,8.7,38.03,37.739999999999995,28.947000000000003
A17,122,2025-05-05,15.3,30.599999999999998,25.1,29.583
A17,123,2025-05-12,1.6,40.19,7.55,31.482
A17,124,2025-05-19,1.2,37.230000000000004,9.540000000000001,31.034
A17,125,2025-05-26,0.3,39.81,9.77,31.305
A17,126,2025-06-02,3.7,34.5,24.22,28.145
A17,127,2025-06-09,0.30000000000000004,37.67,22.14,27.077999999999996
A17,128,2025-06-16,3.4,32.19,24.5,26.044999999999998
A17,129,2025-06-23,1.2,36.54,11.559999999999999,27.262999999999998
A17,130,2025-06-30,1.2,33.14,23.09,26.535000000000004
A17,131,2025-07-07,13.6,29.560000000000002,20.54,25.46
A17,132,2025-07-14,21.0,27.98,21.720000000000002,26.35
A17,133,2025-07-21,3.6,31.939999999999998,43.480000000000004,24.214999999999996
A17,134,2025-07-28,18.0,31.43,26.96,26.379
A17,135,2025-08-04,73.2,22.48,24.22,25.706
A17,136,2025-08-11,24.200000000000003,27.36,28.95,29.101
A17,137,2025-08-18,66.2,23.17,16.39,29.711000000000002
A17,138,2025-08-25,18.599999999999998,29.87,25.6,28.587
A17,139,2025-09-01,23.8,28.97,20.520000000000003,29.369
A17,140,2025-09-08,17.6,31.130000000000003,15.040000000000001,33.214
A17,141,2025-09-15,0.2,40.97,8.690000000000001,34.719
A17,142,2025-09-22,6.6,39.8,10.959999999999999,34.591
A17,143,2025-09-29,34.3,31.66,6.6,35.574
A17,144,2025-10-06,2.5,38.51,8.4,35.415
A17,145,2025-10-13,1.7000000000000002,40.28,20.4,32.064
A17,146,2025-10-20,16.5,31.21,22.259999999999998,31.508999999999997
A17,147,2025-10-27,22.4,27.060000000000002,19.130000000000003,29.941000000000003
A17,148,2025-11-03,20.5,31.119999999999997,18.68,29.034000000000002
A17,149,2025-11-10,3.2,34.75,19.18,26.981
A17,150,2025-11-17,2.5,37.3,22.21,27.802999999999997
A17,151,2025-11-24,5.9,37.43,21.080000000000002,26.611
A17,152,2025-12-01,1.3,39.23,12.059999999999999,29.214
A17,153,2025-12-08,35.4,31.88,16.53,29.676
A17,154,2025-12-15,27.2,30.5,9.700000000000001,29.736
A17,155,2025-12-22,21.2,33.6,7.541666666666667,31.546666666666667
A18,0,2023-01-02,13.6,31.7,2.8444444444444446,34.24444444444444
A18,1,2023-01-09,4.199999999999999,38.23,3.849999999999999,34.980000000000004
A18,2,2023-01-16,0.6,43.33,8.0,35.004000000000005
A18,3,2023-01-23,0.2,43.94,2.16,36.772000000000006
A18,4,2023-01-30,0.0,45.42,6.24,36.926
A18,5,2023-02-06,0.0,45.67,3.15,37.839
A18,6,2023-02-13,0.3,44.81,6.68,37.114
A18,7,2023-02-20,0.4,47.7,6.720000000000001,36.722
A18,8,2023-02-27,0.7,44.480000000000004,7.7,39.058
A18,9,2023-03-06,0.0,46.230000000000004,2.17,41.038
A18,10,2023-03-13,19.200000000000003,36.91,9.389999999999999,37.954
A18,11,2023-03-20,87.0,25.71,5.08,37.587
A18,12,2023-03-27,13.2,31.52,14.969999999999999,32.993
A18,13,2023-04-03,26.2,28.7,11.89,34.079
A18,14,2023-04-10,16.4,28.32,16.009999999999998,33.318
A18,15,2023-04-17,27.5,28.83,19.53,30.514999999999997
A18,16,2023-04-24,76.9,23.46,32.17,27.895
A18,17,2023-05-01,12.6,28.56,32.21,28.006
A18,18,2023-05-08,7.0,32.18,19.37,28.868000000000002
A18,19,2023-05-15,4.1,33.18,4.74,31.683999999999997
A18,20,2023-05-22,4.3,32.38,8.64,30.683
A18,21,2023-05-29,5.7,30.72,7.63,31.208
A18,22,2023-06-05,2.2,33.12,17.550000000000004,28.822000000000003
A18,23,2023-06-12,2.9,31.92,8.31,28.467000000000002
A18,24,2023-06-19,2.3,31.44,10.52,27.276
A18,25,2023-06-26,1.5,30.23,8.34,28.865
A18,26,2023-07-03,1.6,28.740000000000002,5.25,27.978
A18,27,2023-07-10,1.4,32.36,11.209999999999999,26.871
A18,28,2023-07-17,1.7,33.25,8.790000000000001,27.2
A18,29,2023-07-24,3.0,31.09,17.21,26.32
A18,30,2023-07-31,16.3,27.950000000000003,13.279999999999998,27.385
A18,31,2023-08-07,6.3,32.85,10.55,27.481
A18,32,2023-08-14,1.5,37.99,9.34,30.000999999999998
A18,33,2023-08-21,1.0,38.7,5.930000000000001,31.29
A18,34,2023-08-28,4.0,37.21,14.12,30.695
A18,35,2023-09-04,21.900000000000002,35.58,11.48,30.869
A18,36,2023-09-11,4.4,37.36,8.15,33.914
A18,37,2023-09-18,2.8,40.42,2.5100000000000002,35.588
A18,38,2023-09-25,3.6999999999999997,39.7,4.090000000000001,36.5
A18,39,2023-10-02,1.8,41.24,3.8200000000000003,36.521
A18,40,2023-10-09,5.9,42.07,8.3,36.339
A18,41,2023-10-16,32.1,29.62,18.14,33.582
A18,42,2023-10-23,19.0,31.22,15.63,31.945
A18,43,2023-10-30,39.8,22.69,13.23,30.024
A18,44,2023-11-06,19.3,26.490000000000002,15.89,28.653
A18,45,2023-11-13,28.8,24.490000000000002,21.2,26.226999999999997
A18,46,2023-11-20,37.5,21.54,13.669999999999998,28.125
A18,47,2023-11-27,2.2,32.18,17.14,26.020999999999997
A18,48,2023-12-04,2.8000000000000003,33.99,8.61,29.419999999999998
A18,49,2023-12-11,5.7,30.7,12.169999999999998,29.683999999999997
A18,50,2023-12-18,3.4,31.5,7.74,30.167
A18,51,2023-12-25,14.2,30.83,5.175,31.858333333333334
A18,52,2024-01-01,7.7,33.96,2.8444444444444446,34.24444444444444
A18,53,2024-01-08,6.9,33.39,3.849999999999999,34.980000000000004
A18,54,2024-01-15,33.4,28.63,8.0,35.004000000000005
A18,55,2024-01-22,4.5,35.370000000000005,2.16,36.772000000000006
A18,56,2024-01-29,5.5,37.46,6.24,36.926
A18,57,2024-02-05,11.8,36.51,3.15,37.839
A18,58,2024-02-12,0.6000000000000001,40.99,6.68,37.114
A18,59,2024-02-19,13.0,38.25,6.720000000000001,36.722
A18,60,2024-02-26,13.2,37.81,7.7,39.058
A18,61,2024-03-04,3.9000000000000004,40.95,2.17,41.038
A18,62,2024-03-11,1.0,46.62,9.389999999999999,37.954
A18,63,2024-03-18,0.7,45.47,5.08,37.587
A18,64,2024-03-25,21.6,37.0,14.969999999999999,32.993
A18,65,2024-04-01,52.099999999999994,26.41,11.89,34.079
A18,66,2024-04-08,21.3,33.17,16.009999999999998,33.318
A18,67,2024-04-15,21.1,34.13,19.53,30.514999999999997
A18,68,2024-04-22,83.2,26.48,32.17,27.895
A18,69,2024-04-29,66.5,22.14,32.21,28.006
A18,70,2024-05-06,16.9,28.96,19.37,28.868000000000002
A18,71,2024-05-13,6.3,32.46,4.74,31.683999999999997
A18,72,2024-05-20,34.9,27.07,8.64,30.683
A18,73,2024-05-27,0.9,32.11,7.63,31.208
A18,74,2024-06-03,4.3,31.61,17.550000000000004,28.822000000000003
A18,75,2024-06-10,2.8,31.08,8.31,28.467000000000002
A18,76,2024-06-17,3.7,31.369999999999997,10.52,27.276
A18,77,2024-06-24,1.4000000000000001,30.439999999999998,8.34,28.865
A18,78,2024-07-01,2.6,31.470000000000002,5.25,27.978
A18,79,2024-07-08,14.4,28.38,11.209999999999999,26.871
A18,80,2024-07-15,30.5,23.490000000000002,8.790000000000001,27.2
A18,81,2024-07-22,31.9,26.04,17.21,26.32
A18,82,2024-07-29,23.7,23.7,13.279999999999998,27.385
A18,83,2024-08-05,27.799999999999997,25.81,10.55,27.481
A18,84,2024-08-12,38.9,25.64,9.34,30.000999999999998
A18,85,2024-08-19,41.6,25.46,5.930000000000001,31.29
A18,86,2024-08-26,7.4,30.369999999999997,14.12,30.695
A18,87,2024-09-02,7.1,33.11,11.48,30.869
A18,88,2024-09-09,0.4,37.21,8.15,33.914
A18,89,2024-09-16,1.9,37.63,2.5100000000000002,35.588
A18,90,2024-09-23,3.6000000000000005,36.980000000000004,4.090000000000001,36.5
A18,91,2024-09-30,13.700000000000001,35.78,3.8200000000000003,36.521
A18,92,2024-10-07,2.2,37.68,8.3,36.339
A18,93,2024-10-14,18.5,32.13,18.14,33.582
A18,94,2024-10-21,3.9,37.6,15.63,31.945
A18,95,2024-10-28,2.5,40.519999999999996,13.23,30.024
A18,96,2024-11-04,31.2,30.1,15.89,28.653
A18,97,2024-11-11,36.7,27.03,21.2,26.226999999999997
A18,98,2024-11-18,21.6,27.59,13.669999999999998,28.125
A18,99,2024-11-25,28.7,25.7,17.14,26.020999999999997
A18,100,2024-12-02,0.0,37.14,8.61,29.419999999999998
A18,101,2024-12-09,3.8,34.59,12.169999999999998,29.683999999999997
A18,102,2024-12-16,6.6,31.89,7.74,30.167
A18,103,2024-12-23,6.4,35.51,5.175,31.858333333333334
A18,104,2024-12-30,2.7,36.51,2.8444444444444446,34.24444444444444
A18,105,2025-01-06,2.6,37.46,3.849999999999999,34.980000000000004
A18,106,2025-01-13,0.0,40.54,8.0,35.004000000000005
A18,107,2025-01-20,0.2,41.74,2.16,36.772000000000006
A18,108,2025-01-27,42.4,32.16,6.24,36.926
A18,109,2025-02-03,0.0,42.27,3.15,37.839
A18,110,2025-02-10,7.800000000000001,40.51,6.68,37.114
A18,111,2025-02-17,0.0,47.16,6.720000000000001,36.722
A18,112,2025-02-24,0.2,45.79,7.7,39.058
A18,113,2025-03-03,2.1,43.85,2.17,41.038
A18,114,2025-03-10,28.2,38.76,9.389999999999999,37.954
A18,115,2025-03-17,8.5,34.37,5.08,37.587
A18,116,2025-03-24,20.4,29.77,14.969999999999999,32.993
A18,117,2025-03-31,20.6,32.64,11.89,34.079
A18,118,2025-04-07,11.9,35.230000000000004,16.009999999999998,33.318
A18,119,2025-04-14,25.1,30.15,19.53,30.514999999999997
A18,120,2025-04-21,14.3,30.700000000000003,32.17,27.895
A18,121,2025-04-28,15.2,34.66,32.21,28.006
A18,122,2025-05-05,41.0,28.22,19.37,28.868000000000002
A18,123,2025-05-12,2.5,36.1,4.74,31.683999999999997
A18,124,2025-05-19,3.7,35.29,8.64,30.683
A18,125,2025-05-26,3.6,35.09,7.63,31.208
A18,126,2025-06-02,4.8999999999999995,32.61,17.550000000000004,28.822000000000003
A18,127,2025-06-09,1.8,34.06,8.31,28.467000000000002
A18,128,2025-06-16,6.0,31.25,10.52,27.276
A18,129,2025-06-23,3.8,31.35,8.34,28.865
A18,130,2025-06-30,2.1,30.42,5.25,27.978
A18,131,2025-07-07,3.0,29.1,11.209999999999999,26.871
A18,132,2025-07-14,10.2,29.36,8.790000000000001,27.2
A18,133,2025-07-21,1.7,31.380000000000003,17.21,26.32
A18,134,2025-07-28,6.699999999999999,29.05,13.279999999999998,27.385
A18,135,2025-08-04,39.300000000000004,25.41,10.55,27.481
A18,136,2025-08-11,19.0,29.5,9.34,30.000999999999998
A18,137,2025-08-18,47.5,22.42,5.930000000000001,31.29
A18,138,2025-08-25,19.8,31.43,14.12,30.695
A18,139,2025-09-01,5.4,34.34,11.48,30.869
A18,140,2025-09-08,7.9,34.62,8.15,33.914
A18,141,2025-09-15,1.3,38.39,2.5100000000000002,35.588
A18,142,2025-09-22,4.2,38.68,4.090000000000001,36.5
A18,143,2025-09-29,7.4,35.4,3.8200000000000003,36.521
A18,144,2025-10-06,4.9,37.55,8.3,36.339
A18,145,2025-10-13,2.7,38.11,18.14,33.582
A18,146,2025-10-20,13.0,32.95,15.63,31.945
A18,147,2025-10-27,21.900000000000002,27.14,13.23,30.024
A18,148,2025-11-03,34.900000000000006,28.72,15.89,28.653
A18,149,2025-11-10,12.7,32.32,21.2,26.226999999999997
A18,150,2025-11-17,9.5,34.19,13.669999999999998,28.125
A18,151,2025-11-24,8.3,33.620000000000005,17.14,26.020999999999997
A18,152,2025-12-01,6.8,35.95,8.61,29.419999999999998
A18,153,2025-12-08,16.7,29.77,12.169999999999998,29.683999999999997
A18,154,2025-12-15,19.0,29.869999999999997,7.74,30.167
A18,155,2025-12-22,9.7,34.02,5.175,31.858333333333334
A19,0,2023-01-02,7.8,35.17,8.2,36.63
A19,1,2023-01-09,1.0,42.3,9.190000000000001,36.875
A19,2,2023-01-16,0.7,46.28,12.31,36.906
A19,3,2023-01-23,0.1,47.15,4.5200000000000005,39.058
A19,4,2023-01-30,0.0,48.91,7.6,39.665
A19,5,2023-02-06,0.0,48.41,5.2700000000000005,39.803
A19,6,2023-02-13,0.1,46.77,7.68,39.803999999999995
A19,7,2023-02-20,0.0,50.35,7.959999999999999,39.607
A19,8,2023-02-27,0.0,48.92,9.43,41.773
A19,9,2023-03-06,0.0,48.9,2.69,43.919
A19,10,2023-03-13,12.8,40.16,12.41,41.028000000000006
A19,11,2023-03-20,95.0,29.11,5.66,40.757
A19,12,2023-03-27,6.7,33.57,17.9,35.701
A19,13,2023-04-03,15.4,32.03,11.690000000000001,37.181
A19,14,2023-04-10,25.1,29.950000000000003,24.04,36.824
A19,15,2023-04-17,15.799999999999999,31.9,27.32,33.773
A19,16,2023-04-24,47.0,28.14,35.08,32.698
A19,17,2023-05-01,12.600000000000001,33.56,15.51,34.56
A19,18,2023-05-08,0.7000000000000001,41.57,19.54,35.760000000000005
A19,19,2023-05-15,0.0,45.5,2.86,40.05
A19,20,2023-05-22,0.30000000000000004,45.019999999999996,1.78,39.969
A19,21,2023-05-29,2.0,42.33,4.67,40.900999999999996
A19,22,2023-06-05,0.30000000000000004,45.620000000000005,13.529999999999998,37.659000000000006
A19,23,2023-06-12,0.0,43.57,3.9200000000000004,37.75
A19,24,2023-06-19,0.1,42.33,5.06,37.116
A19,25,2023-06-26,0.0,42.14,2.0100000000000002,39.422000000000004
A19,26,2023-07-03,0.0,43.47,1.5399999999999998,39.253
A19,27,2023-07-10,0.0,47.92,5.55,37.321000000000005
A19,28,2023-07-17,0.0,49.71,3.7299999999999995,39.063
A19,29,2023-07-24,0.1,44.85,10.25,36.088
A19,30,2023-07-31,4.5,44.75,6.039999999999999,37.991
A19,31,2023-08-07,0.4,46.87,2.56,39.001999999999995
A19,32,2023-08-14,0.0,51.79,5.5,41.346
A19,33,2023-08-21,0.6000000000000001,53.06,3.85,43.784
A19,34,2023-08-28,0.2,52.0,5.7700000000000005,41.765
A19,35,2023-09-04,4.9,46.63,7.49,42.626
A19,36,2023-09-11,0.2,49.74,2.36,44.835
A19,37,2023-09-18,2.0,51.65,3.4799999999999995,46.976
A19,38,2023-09-25,0.5,51.769999999999996,2.48,46.528999999999996
A19,39,2023-10-02,0.0,52.19,4.279999999999999,45.635000000000005
A19,40,2023-10-09,28.700000000000003,44.66,4.45,44.736000000000004
A19,41,2023-10-16,14.3,35.7,23.69,39.678
A19,42,2023-10-23,9.600000000000001,38.53,13.59,38.44
A19,43,2023-10-30,30.6,27.94,19.5,35.092
A19,44,2023-11-06,33.5,28.75,20.2,32.17100000000001
A19,45,2023-11-13,39.9,28.4,26.439999999999998,28.613
A19,46,2023-11-20,73.3,23.560000000000002,23.75,29.512999999999998
A19,47,2023-11-27,7.5,32.13,25.68,27.945999999999998
A19,48,2023-12-04,1.6,35.44,11.55,31.186
A19,49,2023-12-11,7.0,32.129999999999995,15.3,31.136000000000003
A19,50,2023-12-18,1.5,33.65,14.459999999999999,31.877
A19,51,2023-12-25,16.9,33.59,7.641666666666667,33.5825
A19,52,2024-01-01,14.8,36.86,8.2,36.63
A19,53,2024-01-08,14.9,33.85,9.190000000000001,36.875
A19,54,2024-01-15,25.1,32.14,12.31,36.906
A19,55,2024-01-22,0.8,36.92,4.5200000000000005,39.058
A19,56,2024-01-29,1.3,40.28,7.6,39.665
A19,57,2024-02-05,3.3000000000000003,39.76,5.2700000000000005,39.803
A19,58,2024-02-12,0.4,43.93,7.68,39.803999999999995
A19,59,2024-02-19,12.799999999999999,42.78,7.959999999999999,39.607
A19,60,2024-02-26,4.6,42.17,9.43,41.773
A19,61,2024-03-04,1.1,45.39,2.69,43.919
A19,62,2024-03-11,0.6,50.62,12.41,41.028000000000006
A19,63,2024-03-18,1.1,48.93,5.66,40.757
A19,64,2024-03-25,10.799999999999999,40.480000000000004,17.9,35.701
A19,65,2024-04-01,66.9,30.61,11.690000000000001,37.181
A19,66,2024-04-08,16.9,34.95,24.04,36.824
A19,67,2024-04-15,14.899999999999999,39.86,27.32,33.773
A19,68,2024-04-22,73.8,31.080000000000002,35.08,32.698
A19,69,2024-04-29,83.60000000000001,24.189999999999998,15.51,34.56
A19,70,2024-05-06,6.0,35.71,19.54,35.760000000000005
A19,71,2024-05-13,1.3,38.26,2.86,40.05
A19,72,2024-05-20,6.2,35.74,1.78,39.969
A19,73,2024-05-27,0.30000000000000004,39.83,4.67,40.900999999999996
A19,74,2024-06-03,0.1,41.59,13.529999999999998,37.659000000000006
A19,75,2024-06-10,0.4,42.95,3.9200000000000004,37.75
A19,76,2024-06-17,0.1,46.95,5.06,37.116
A19,77,2024-06-24,0.0,48.29,2.0100000000000002,39.422000000000004
A19,78,2024-07-01,4.2,43.8,1.5399999999999998,39.253
A19,79,2024-07-08,8.7,40.39,5.55,37.321000000000005
A19,80,2024-07-15,3.0999999999999996,37.05,3.7299999999999995,39.063
A19,81,2024-07-22,8.7,37.19,10.25,36.088
A19,82,2024-07-29,9.6,36.35,6.039999999999999,37.991
A19,83,2024-08-05,7.1000000000000005,36.14,2.56,39.001999999999995
A19,84,2024-08-12,2.1,40.24,5.5,41.346
A19,85,2024-08-19,4.7,38.18,3.85,43.784
A19,86,2024-08-26,2.0,46.550000000000004,5.7700000000000005,41.765
A19,87,2024-09-02,1.2,48.480000000000004,7.49,42.626
A19,88,2024-09-09,0.0,54.47,2.36,44.835
A19,89,2024-09-16,0.1,48.66,3.4799999999999995,46.976
A19,90,2024-09-23,3.6,50.76,2.48,46.528999999999996
A19,91,2024-09-30,5.1,46.36,4.279999999999999,45.635000000000005
A19,92,2024-10-07,0.0,54.34,4.45,44.736000000000004
A19,93,2024-10-14,15.9,38.91,23.69,39.678
A19,94,2024-10-21,0.8,45.75,13.59,38.44
A19,95,2024-10-28,1.3,48.07,19.5,35.092
A19,96,2024-11-04,30.599999999999998,34.08,20.2,32.17100000000001
A19,97,2024-11-11,28.9,29.78,26.439999999999998,28.613
A19,98,2024-11-18,36.800000000000004,30.13,23.75,29.512999999999998
A19,99,2024-11-25,17.0,28.25,25.68,27.945999999999998
A19,100,2024-12-02,0.0,38.95,11.55,31.186
A19,101,2024-12-09,14.399999999999999,39.12,15.3,31.136000000000003
A19,102,2024-12-16,10.8,36.7,14.459999999999999,31.877
A19,103,2024-12-23,5.7,39.55,7.641666666666667,33.5825
A19,104,2024-12-30,3.0,39.72,8.2,36.63
A19,105,2025-01-06,7.7,41.59,9.190000000000001,36.875
A19,106,2025-01-13,0.0,44.01,12.31,36.906
A19,107,2025-01-20,0.2,45.47,4.5200000000000005,39.058
A19,108,2025-01-27,25.2,34.9,7.6,39.665
A19,109,2025-02-03,0.2,44.99,5.2700000000000005,39.803
A19,110,2025-02-10,3.0999999999999996,45.16,7.68,39.803999999999995
A19,111,2025-02-17,0.0,50.76,7.959999999999999,39.607
A19,112,2025-02-24,0.1,50.34,9.43,41.773
A19,113,2025-03-03,2.4,49.5,2.69,43.919
A19,114,2025-03-10,11.0,40.36,12.41,41.028000000000006
A19,115,2025-03-17,9.8,40.71,5.66,40.757
A19,116,2025-03-24,62.599999999999994,29.81,17.9,35.701
A19,117,2025-03-31,24.1,36.660000000000004,11.690000000000001,37.181
A19,118,2025-04-07,9.7,41.89,24.04,36.824
A19,119,2025-04-14,50.0,37.72,27.32,33.773
A19,120,2025-04-21,15.5,34.64,35.08,32.698
A19,121,2025-04-28,3.0999999999999996,43.26,15.51,34.56
A19,122,2025-05-05,13.3,37.14,19.54,35.760000000000005
A19,123,2025-05-12,1.3,48.01,2.86,40.05
A19,124,2025-05-19,0.5,49.2,1.78,39.969
A19,125,2025-05-26,0.1,51.24,4.67,40.900999999999996
A19,126,2025-06-02,1.4000000000000001,47.39,13.529999999999998,37.659000000000006
A19,127,2025-06-09,0.0,50.84,3.9200000000000004,37.75
A19,128,2025-06-16,0.5,43.76,5.06,37.116
A19,129,2025-06-23,0.1,44.2,2.0100000000000002,39.422000000000004
A19,130,2025-06-30,0.0,44.75,1.5399999999999998,39.253
A19,131,2025-07-07,0.0,43.85,5.55,37.321000000000005
A19,132,2025-07-14,0.0,45.84,3.7299999999999995,39.063
A19,133,2025-07-21,0.0,46.96,10.25,36.088
A19,134,2025-07-28,0.0,46.86,6.039999999999999,37.991
A19,135,2025-08-04,0.3,43.94,2.56,39.001999999999995
A19,136,2025-08-11,16.200000000000003,44.83,5.5,41.346
A19,137,2025-08-18,26.2,33.43,3.85,43.784
A19,138,2025-08-25,0.4,47.39,5.7700000000000005,41.765
A19,139,2025-09-01,0.0,51.7,7.49,42.626
A19,140,2025-09-08,0.8,51.57,2.36,44.835
A19,141,2025-09-15,0.2,55.1,3.4799999999999995,46.976
A19,142,2025-09-22,0.0,54.52,2.48,46.528999999999996
A19,143,2025-09-29,6.3,47.76,4.279999999999999,45.635000000000005
A19,144,2025-10-06,0.30000000000000004,51.22,4.45,44.736000000000004
A19,145,2025-10-13,0.0,50.73,23.69,39.678
A19,146,2025-10-20,5.9,45.02,13.59,38.44
A19,147,2025-10-27,24.6,29.89,19.5,35.092
A19,148,2025-11-03,21.3,37.69,20.2,32.17100000000001
A19,149,2025-11-10,5.2,36.64,26.439999999999998,28.613
A19,150,2025-11-17,8.0,38.82,23.75,29.512999999999998
A19,151,2025-11-24,8.0,39.05,25.68,27.945999999999998
A19,152,2025-12-01,0.6,41.3,11.55,31.186
A19,153,2025-12-08,25.1,33.42,15.3,31.136000000000003
A19,154,2025-12-15,15.5,35.32,14.459999999999999,31.877
A19,155,2025-12-22,6.7,38.6,7.641666666666667,33.5825
A20,0,2023-01-02,2.7,40.68,2.1333333333333333,39.92
A20,1,2023-01-09,0.1,46.55,2.38,40.337
A20,2,2023-01-16,0.0,46.82,5.67,41.227
A20,3,2023-01-23,0.0,47.47,2.14,42.049
A20,4,2023-01-30,0.0,48.74,5.5200000000000005,42.581
A20,5,2023-02-06,0.0,48.81,1.1400000000000001,43.307
A20,6,2023-02-13,0.0,48.96,6.290000000000001,43.452999999999996
A20,7,2023-02-20,0.0,51.839999999999996,2.9,44.402
A20,8,2023-02-27,0.0,51.59,5.29,45.7
A20,9,2023-03-06,0.0,50.26,3.11,45.906
A20,10,2023-03-13,3.9,43.69,12.079999999999998,43.438
A20,11,2023-03-20,164.1,35.19,9.4,43.511
A20,12,2023-03-27,3.5999999999999996,37.28,22.26,39.126
A20,13,2023-04-03,30.9,33.4,15.510000000000002,40.372
A20,14,2023-04-10,22.6,29.09,21.94,40.577999999999996
A20,15,2023-04-17,37.2,36.5,34.36,38.057
A20,16,2023-04-24,66.3,32.99,25.970000000000006,38.510000000000005
A20,17,2023-05-01,6.4,35.89,7.08,41.775
A20,18,2023-05-08,0.0,46.67,2.55,44.476
A20,19,2023-05-15,0.0,49.83,0.51,48.727
A20,20,2023-05-22,2.3000000000000003,48.43,0.8400000000000001,48.876999999999995
A20,21,2023-05-29,0.4,46.09,0.9,48.295
A20,22,2023-06-05,2.0,48.89,1.38,47.89
A20,23,2023-06-12,0.0,50.04,0.42000000000000004,46.719
A20,24,2023-06-19,0.0,44.97,0.12,47.046
A20,25,2023-06-26,0.1,45.3,0.06000000000000001,48.829
A20,26,2023-07-03,0.0,44.28,0.01,48.335
A20,27,2023-07-10,0.0,50.39,0.26,46.86
A20,28,2023-07-17,0.1,51.59,0.26999999999999996,48.356
A20,29,2023-07-24,0.0,45.2,0.38,47.129000000000005
A20,30,2023-07-31,0.0,49.339999999999996,0.26,47.94
A20,31,2023-08-07,0.0,50.730000000000004,0.07,47.563
A20,32,2023-08-14,0.0,53.42,0.1,49.642
A20,33,2023-08-21,0.3,54.56,0.13999999999999999,50.623000000000005
A20,34,2023-08-28,0.9,55.67,0.39,51.077999999999996
A20,35,2023-09-04,0.1,53.59,0.19,50.754
A20,36,2023-09-11,0.0,54.69,0.5599999999999999,53.138
A20,37,2023-09-18,0.2,56.82,0.13,54.351
A20,38,2023-09-25,0.0,55.66,0.33999999999999997,54.624
A20,39,2023-10-02,0.9,56.76,1.6199999999999999,52.605999999999995
A20,40,2023-10-09,0.5,53.36,4.26,52.434000000000005
A20,41,2023-10-16,21.7,38.26,6.029999999999999,49.307
A20,42,2023-10-23,18.9,38.12,5.75,47.347
A20,43,2023-10-30,72.1,25.7,16.11,41.071
A20,44,2023-11-06,55.7,28.1,30.93,35.601
A20,45,2023-11-13,87.1,26.25,31.869999999999997,31.566000000000003
A20,46,2023-11-20,108.0,26.869999999999997,30.54,31.29
A20,47,2023-11-27,4.8,33.97,37.3,29.825
A20,48,2023-12-04,0.5,38.94,11.120000000000001,33.358999999999995
A20,49,2023-12-11,21.6,36.17,19.14,33.863
A20,50,2023-12-18,5.0,36.47,12.09,33.583
A20,51,2023-12-25,8.7,35.04,5.758333333333333,36.479166666666664
A20,52,2024-01-01,0.30000000000000004,40.56,2.1333333333333333,39.92
A20,53,2024-01-08,0.8,41.42,2.38,40.337
A20,54,2024-01-15,32.6,38.8,5.67,41.227
A20,55,2024-01-22,1.4,40.19,2.14,42.049
A20,56,2024-01-29,2.8,41.49,5.5200000000000005,42.581
A20,57,2024-02-05,8.499999999999998,43.17,1.1400000000000001,43.307
A20,58,2024-02-12,0.6000000000000001,44.92,6.290000000000001,43.452999999999996
A20,59,2024-02-19,8.1,46.99,2.9,44.402
A20,60,2024-02-26,1.6,46.879999999999995,5.29,45.7
A20,61,2024-03-04,1.5,48.7,3.11,45.906
A20,62,2024-03-11,1.0,50.99,12.079999999999998,43.438
A20,63,2024-03-18,0.6,50.11,9.4,43.511
A20,64,2024-03-25,17.7,42.68,22.26,39.126
A20,65,2024-04-01,105.3,33.17,15.510000000000002,40.372
A20,66,2024-04-08,12.3,40.15,21.94,40.577999999999996
A20,67,2024-04-15,8.9,48.87,34.36,38.057
A20,68,2024-04-22,40.8,36.83,25.970000000000006,38.510000000000005
A20,69,2024-04-29,57.50000000000001,32.06,7.08,41.775
A20,70,2024-05-06,6.8999999999999995,41.87,2.55,44.476
A20,71,2024-05-13,0.0,44.61,0.51,48.727
A20,72,2024-05-20,0.6000000000000001,46.86,0.8400000000000001,48.876999999999995
A20,73,2024-05-27,0.0,44.45,0.9,48.295
A20,74,2024-06-03,0.0,46.08,1.38,47.89
A20,75,2024-06-10,0.0,48.88,0.42000000000000004,46.719
A20,76,2024-06-17,0.6,51.01,0.12,47.046
A20,77,2024-06-24,0.0,52.99,0.06000000000000001,48.829
A20,78,2024-07-01,0.0,47.49,0.01,48.335
A20,79,2024-07-08,0.5,47.83,0.26,46.86
A20,80,2024-07-15,0.0,45.14,0.26999999999999996,48.356
A20,81,2024-07-22,0.5,42.160000000000004,0.38,47.129000000000005
A20,82,2024-07-29,0.0,47.5,0.26,47.94
A20,83,2024-08-05,1.9,44.85,0.07,47.563
A20,84,2024-08-12,0.0,48.33,0.1,49.642
A20,85,2024-08-19,0.4,49.96,0.13999999999999999,50.623000000000005
A20,86,2024-08-26,1.2,49.65,0.39,51.077999999999996
A20,87,2024-09-02,1.5999999999999999,49.849999999999994,0.19,50.754
A20,88,2024-09-09,0.0,58.260000000000005,0.5599999999999999,53.138
A20,89,2024-09-16,0.0,53.48,0.13,54.351
A20,90,2024-09-23,0.0,56.64,0.33999999999999997,54.624
A20,91,2024-09-30,0.6000000000000001,53.32,1.6199999999999999,52.605999999999995
A20,92,2024-10-07,0.3,56.92,4.26,52.434000000000005
A20,93,2024-10-14,6.5,50.45,6.029999999999999,49.307
A20,94,2024-10-21,0.2,56.120000000000005,5.75,47.347
A20,95,2024-10-28,0.5,52.230000000000004,16.11,41.071
A20,96,2024-11-04,20.3,37.39,30.93,35.601
A20,97,2024-11-11,29.099999999999998,33.6,31.869999999999997,31.566000000000003
A20,98,2024-11-18,44.5,31.33,30.54,31.29
A20,99,2024-11-25,37.5,32.19,37.3,29.825
A20,100,2024-12-02,1.1,39.91,11.120000000000001,33.358999999999995
A20,101,2024-12-09,1.4,40.3,19.14,33.863
A20,102,2024-12-16,2.3000000000000003,39.54,12.09,33.583
A20,103,2024-12-23,3.2,39.35,5.758333333333333,36.479166666666664
A20,104,2024-12-30,0.6000000000000001,41.15,2.1333333333333333,39.92
A20,105,2025-01-06,0.1,43.7,2.38,40.337
A20,106,2025-01-13,0.0,44.83,5.67,41.227
A20,107,2025-01-20,0.0,45.67,2.14,42.049
A20,108,2025-01-27,0.1,45.57,5.5200000000000005,42.581
A20,109,2025-02-03,0.0,47.42,1.1400000000000001,43.307
A20,110,2025-02-10,2.3,46.29,6.290000000000001,43.452999999999996
A20,111,2025-02-17,0.0,48.23,2.9,44.402
A20,112,2025-02-24,0.0,49.15,5.29,45.7
A20,113,2025-03-03,9.1,49.99,3.11,45.906
A20,114,2025-03-10,16.9,43.76,12.079999999999998,43.438
A20,115,2025-03-17,16.3,40.95,9.4,43.511
A20,116,2025-03-24,56.199999999999996,31.98,22.26,39.126
A20,117,2025-03-31,3.3,37.24,15.510000000000002,40.372
A20,118,2025-04-07,6.1,41.53,21.94,40.577999999999996
A20,119,2025-04-14,55.3,39.19,34.36,38.057
A20,120,2025-04-21,14.2,36.07,25.970000000000006,38.510000000000005
A20,121,2025-04-28,7.4,41.73,7.08,41.775
A20,122,2025-05-05,20.1,39.480000000000004,2.55,44.476
A20,123,2025-05-12,0.1,47.77,0.51,48.727
A20,124,2025-05-19,0.0,50.32,0.8400000000000001,48.876999999999995
A20,125,2025-05-26,0.4,49.82,0.9,48.295
A20,126,2025-06-02,0.8999999999999999,46.39,1.38,47.89
A20,127,2025-06-09,0.1,49.6,0.42000000000000004,46.719
A20,128,2025-06-16,0.0,46.35,0.12,47.046
A20,129,2025-06-23,2.0,44.04,0.06000000000000001,48.829
A20,130,2025-06-30,0.0,41.45,0.01,48.335
A20,131,2025-07-07,0.0,45.480000000000004,0.26,46.86
A20,132,2025-07-14,0.0,46.980000000000004,0.26999999999999996,48.356
A20,133,2025-07-21,0.0,49.09,0.38,47.129000000000005
A20,134,2025-07-28,0.0,46.34,0.26,47.94
A20,135,2025-08-04,0.0,45.43,0.07,47.563
A20,136,2025-08-11,0.30000000000000004,49.33,0.1,49.642
A20,137,2025-08-18,0.0,41.51,0.13999999999999999,50.623000000000005
A20,138,2025-08-25,0.0,50.55,0.39,51.077999999999996
A20,139,2025-09-01,0.0,54.46,0.19,50.754
A20,140,2025-09-08,0.0,53.730000000000004,0.5599999999999999,53.138
A20,141,2025-09-15,0.9,53.53,0.13,54.351
A20,142,2025-09-22,0.0,56.24,0.33999999999999997,54.624
A20,143,2025-09-29,0.1,54.83,1.6199999999999999,52.605999999999995
A20,144,2025-10-06,0.2,52.55,4.26,52.434000000000005
A20,145,2025-10-13,0.1,52.98,6.029999999999999,49.307
A20,146,2025-10-20,0.1,53.23,5.75,47.347
A20,147,2025-10-27,32.8,36.019999999999996,16.11,41.071
A20,148,2025-11-03,29.200000000000003,39.05,30.93,35.601
A20,149,2025-11-10,11.3,34.98,31.869999999999997,31.566000000000003
A20,150,2025-11-17,4.5,35.33,30.54,31.29
A20,151,2025-11-24,2.4,37.99,37.3,29.825
A20,152,2025-12-01,0.9,39.04,11.120000000000001,33.358999999999995
A20,153,2025-12-08,17.6,37.04,19.14,33.863
A20,154,2025-12-15,14.2,36.24,12.09,33.583
A20,155,2025-12-22,1.4,39.08,5.758333333333333,36.479166666666664
A21,0,2023-01-02,11.2,42.03,0.47777777777777775,44.205555555555556
A21,1,2023-01-09,0.1,49.45,0.53,45.214
A21,2,2023-01-16,0.0,48.41,4.57,44.943
A21,3,2023-01-23,0.1,49.769999999999996,0.85,46.230000000000004
A21,4,2023-01-30,0.0,50.0,2.73,46.577
A21,5,2023-02-06,0.0,51.94,0.54,48.676
A21,6,2023-02-13,0.0,51.6,1.6300000000000001,48.413
A21,7,2023-02-20,0.0,53.93,1.97,49.499
A21,8,2023-02-27,0.0,55.17,4.68,50.593
A21,9,2023-03-06,0.0,53.769999999999996,1.44,50.939
A21,10,2023-03-13,10.700000000000001,44.93,6.85,48.74
A21,11,2023-03-20,70.1,36.63,5.58,48.684000000000005
A21,12,2023-03-27,3.2,38.14,18.96,43.517
A21,13,2023-04-03,31.3,34.44,11.3,44.517
A21,14,2023-04-10,32.3,31.7,18.610000000000003,44.247
A21,15,2023-04-17,45.6,35.92,25.3,41.162
A21,16,2023-04-24,62.900000000000006,33.73,20.31,41.979
A21,17,2023-05-01,18.7,38.14,6.5200000000000005,46.519
A21,18,2023-05-08,0.0,51.26,1.6,50.632999999999996
A21,19,2023-05-15,0.1,54.36,0.45999999999999996,55.443000000000005
A21,20,2023-05-22,2.5,54.230000000000004,1.22,54.992
A21,21,2023-05-29,0.2,52.84,1.06,54.169
A21,22,2023-06-05,0.0,55.26,0.6500000000000001,53.958000000000006
A21,23,2023-06-12,0.0,55.47,0.29,52.672000000000004
A21,24,2023-06-19,0.0,49.94,0.09,52.67100000000001
A21,25,2023-06-26,1.3,50.53,0.19,54.160000000000004
A21,26,2023-07-03,0.4,48.52,0.02,53.842
A21,27,2023-07-10,0.0,55.61,0.1,52.413
A21,28,2023-07-17,0.0,56.629999999999995,0.32999999999999996,53.238
A21,29,2023-07-24,0.0,50.32,0.06,52.878
A21,30,2023-07-31,0.0,54.989999999999995,0.08,53.215999999999994
A21,31,2023-08-07,0.0,56.15,0.03,52.714999999999996
A21,32,2023-08-14,0.1,57.79,0.02,54.536
A21,33,2023-08-21,0.2,58.69,0.030000000000000006,55.553999999999995
A21,34,2023-08-28,0.5,60.98,0.11000000000000001,56.157
A21,35,2023-09-04,0.0,59.85,0.06000000000000001,56.32000000000001
A21,36,2023-09-11,0.2,59.43,0.18,57.886
A21,37,2023-09-18,0.1,62.5,0.15,59.440999999999995
A21,38,2023-09-25,0.1,60.26,0.2,59.489
A21,39,2023-10-02,1.1,60.1,1.26,57.32899999999999
A21,40,2023-10-09,1.6,56.72,5.859999999999999,56.55499999999999
A21,41,2023-10-16,37.4,39.04,11.65,53.814
A21,42,2023-10-23,34.5,35.29,5.6,51.447
A21,43,2023-10-30,65.1,24.18,16.8,45.977999999999994
A21,44,2023-11-06,61.9,30.21,24.419999999999998,38.797
A21,45,2023-11-13,116.9,23.42,21.9,35.327
A21,46,2023-11-20,37.5,28.240000000000002,23.81,35.144
A21,47,2023-11-27,3.9000000000000004,35.07,17.32,33.711
A21,48,2023-12-04,0.6,39.97,5.470000000000001,37.308
A21,49,2023-12-11,4.4,39.36,11.819999999999999,37.839
A21,50,2023-12-18,1.9,39.86,6.43,38.089
A21,51,2023-12-25,4.0,37.75,4.075,41.748333333333335
A21,52,2024-01-01,0.3,42.71,0.47777777777777775,44.205555555555556
A21,53,2024-01-08,0.1,45.71,0.53,45.214
A21,54,2024-01-15,26.2,42.74,4.57,44.943
A21,55,2024-01-22,0.30000000000000004,42.519999999999996,0.85,46.230000000000004
A21,56,2024-01-29,0.6,44.93,2.73,46.577
A21,57,2024-02-05,5.6,47.29,0.54,48.676
A21,58,2024-02-12,0.2,49.53,1.6300000000000001,48.413
A21,59,2024-02-19,1.8,50.81,1.97,49.499
A21,60,2024-02-26,2.7,50.29,4.68,50.593
A21,61,2024-03-04,0.0,53.12,1.44,50.939
A21,62,2024-03-11,0.0,54.65,6.85,48.74
A21,63,2024-03-18,0.30000000000000004,54.28,5.58,48.684000000000005
A21,64,2024-03-25,21.0,43.16,18.96,43.517
A21,65,2024-04-01,112.7,32.12,11.3,44.517
A21,66,2024-04-08,16.200000000000003,39.72,18.610000000000003,44.247
A21,67,2024-04-15,1.9000000000000001,50.2,25.3,41.162
A21,68,2024-04-22,39.4,37.91,20.31,41.979
A21,69,2024-04-29,54.9,33.72,6.5200000000000005,46.519
A21,70,2024-05-06,6.5,47.0,1.6,50.632999999999996
A21,71,2024-05-13,0.0,49.61,0.45999999999999996,55.443000000000005
A21,72,2024-05-20,0.0,52.89,1.22,54.992
A21,73,2024-05-27,0.2,50.41,1.06,54.169
A21,74,2024-06-03,0.0,53.400000000000006,0.6500000000000001,53.958000000000006
A21,75,2024-06-10,0.1,53.54,0.29,52.672000000000004
A21,76,2024-06-17,1.5,56.95,0.09,52.67100000000001
A21,77,2024-06-24,0.0,57.589999999999996,0.19,54.160000000000004
A21,78,2024-07-01,0.0,53.01,0.02,53.842
A21,79,2024-07-08,0.1,52.769999999999996,0.1,52.413
A21,80,2024-07-15,0.1,51.29,0.32999999999999996,53.238
A21,81,2024-07-22,0.4,47.85,0.06,52.878
A21,82,2024-07-29,0.0,52.67,0.08,53.215999999999994
A21,83,2024-08-05,2.6,49.42,0.03,52.714999999999996
A21,84,2024-08-12,0.0,54.23,0.02,54.536
A21,85,2024-08-19,2.7,53.83,0.030000000000000006,55.553999999999995
A21,86,2024-08-26,0.4,55.980000000000004,0.11000000000000001,56.157
A21,87,2024-09-02,0.3,55.72,0.06000000000000001,56.32000000000001
A21,88,2024-09-09,0.0,63.589999999999996,0.18,57.886
A21,89,2024-09-16,0.1,58.92,0.15,59.440999999999995
A21,90,2024-09-23,0.0,62.18,0.2,59.489
A21,91,2024-09-30,0.2,58.95,1.26,57.32899999999999
A21,92,2024-10-07,0.0,62.69,5.859999999999999,56.55499999999999
A21,93,2024-10-14,0.0,55.5,11.65,53.814
A21,94,2024-10-21,0.0,59.11,5.6,51.447
A21,95,2024-10-28,0.2,54.75,16.8,45.977999999999994
A21,96,2024-11-04,43.0,38.07,24.419999999999998,38.797
A21,97,2024-11-11,27.700000000000003,37.74,21.9,35.327
A21,98,2024-11-18,28.7,35.65,23.81,35.144
A21,99,2024-11-25,17.3,33.64,17.32,33.711
A21,100,2024-12-02,0.1,39.84,5.470000000000001,37.308
A21,101,2024-12-09,0.8999999999999999,41.23,11.819999999999999,37.839
A21,102,2024-12-16,0.2,42.08,6.43,38.089
A21,103,2024-12-23,0.7999999999999999,42.55,4.075,41.748333333333335
A21,104,2024-12-30,0.1,44.46,0.47777777777777775,44.205555555555556
A21,105,2025-01-06,0.0,45.980000000000004,0.53,45.214
A21,106,2025-01-13,0.0,47.21,4.57,44.943
A21,107,2025-01-20,0.0,47.34,0.85,46.230000000000004
A21,108,2025-01-27,0.2,49.0,2.73,46.577
A21,109,2025-02-03,0.0,49.82,0.54,48.676
A21,110,2025-02-10,0.5,50.21,1.6300000000000001,48.413
A21,111,2025-02-17,0.0,50.81,1.97,49.499
A21,112,2025-02-24,0.0,52.07,4.68,50.593
A21,113,2025-03-03,2.3,54.79,1.44,50.939
A21,114,2025-03-10,6.1,45.72,6.85,48.74
A21,115,2025-03-17,17.3,42.52,5.58,48.684000000000005
A21,116,2025-03-24,42.300000000000004,35.2,18.96,43.517
A21,117,2025-03-31,4.199999999999999,42.38,11.3,44.517
A21,118,2025-04-07,2.3,46.57,18.610000000000003,44.247
A21,119,2025-04-14,57.5,39.620000000000005,25.3,41.162
A21,120,2025-04-21,29.9,38.83,20.31,41.979
A21,121,2025-04-28,9.2,45.910000000000004,6.5200000000000005,46.519
A21,122,2025-05-05,31.599999999999998,40.36,1.6,50.632999999999996
A21,123,2025-05-12,0.9,52.82,0.45999999999999996,55.443000000000005
A21,124,2025-05-19,0.0,55.47,1.22,54.992
A21,125,2025-05-26,0.0,54.47,1.06,54.169
A21,126,2025-06-02,0.2,52.47,0.6500000000000001,53.958000000000006
A21,127,2025-06-09,0.1,55.04,0.29,52.672000000000004
A21,128,2025-06-16,0.1,51.67,0.09,52.67100000000001
A21,129,2025-06-23,0.6000000000000001,48.16,0.19,54.160000000000004
A21,130,2025-06-30,0.0,45.97,0.02,53.842
A21,131,2025-07-07,0.2,50.49,0.1,52.413
A21,132,2025-07-14,0.7,51.07,0.32999999999999996,53.238
A21,133,2025-07-21,0.0,52.8,0.06,52.878
A21,134,2025-07-28,0.0,49.81,0.08,53.215999999999994
A21,135,2025-08-04,0.0,50.73,0.03,52.714999999999996
A21,136,2025-08-11,0.0,53.69,0.02,54.536
A21,137,2025-08-18,2.9000000000000004,45.17,0.030000000000000006,55.553999999999995
A21,138,2025-08-25,0.1,55.99,0.11000000000000001,56.157
A21,139,2025-09-01,0.0,58.68,0.06000000000000001,56.32000000000001
A21,140,2025-09-08,0.0,59.41,0.18,57.886
A21,141,2025-09-15,0.6,58.78,0.15,59.440999999999995
A21,142,2025-09-22,0.0,61.63,0.2,59.489
A21,143,2025-09-29,0.0,59.91,1.26,57.32899999999999
A21,144,2025-10-06,0.2,57.65,5.859999999999999,56.55499999999999
A21,145,2025-10-13,0.0,56.68000000000001,11.65,53.814
A21,146,2025-10-20,0.0,58.08,5.6,51.447
A21,147,2025-10-27,31.3,41.0,16.8,45.977999999999994
A21,148,2025-11-03,5.5,44.97,24.419999999999998,38.797
A21,149,2025-11-10,7.2,39.25,21.9,35.327
A21,150,2025-11-17,1.4,39.7,23.81,35.144
A21,151,2025-11-24,1.7,41.699999999999996,17.32,33.711
A21,152,2025-12-01,0.2,42.88,5.470000000000001,37.308
A21,153,2025-12-08,16.9,40.97,11.819999999999999,37.839
A21,154,2025-12-15,10.200000000000001,39.93,6.43,38.089
A21,155,2025-12-22,0.4,41.64,4.075,41.748333333333335
A22,0,2023-01-02,4.7,43.14,0.788888888888889,43.28666666666667
A22,1,2023-01-09,0.0,48.3,1.9,44.754
A22,2,2023-01-16,0.0,49.3,4.62,45.412
A22,3,2023-01-23,0.0,47.22,2.8299999999999996,44.042
A22,4,2023-01-30,0.0,45.36,3.6700000000000004,45.499
A22,5,2023-02-06,0.0,50.86,0.09,47.007999999999996
A22,6,2023-02-13,0.4,48.32,0.44000000000000006,46.607
A22,7,2023-02-20,0.1,50.94,0.8699999999999999,47.712
A22,8,2023-02-27,0.0,52.04,1.48,48.453
A22,9,2023-03-06,0.6,48.92,1.44,47.671
A22,10,2023-03-13,0.7999999999999999,49.26,9.08,46.97
A22,11,2023-03-20,45.099999999999994,41.25,4.42,46.973
A22,12,2023-03-27,1.5,43.1,16.33,43.349000000000004
A22,13,2023-04-03,33.8,35.02,11.45,43.536
A22,14,2023-04-10,43.3,35.120000000000005,9.98,43.962
A22,15,2023-04-17,29.3,36.81,23.490000000000002,43.017
A22,16,2023-04-24,73.4,28.080000000000002,18.09,40.884
A22,17,2023-05-01,2.8,36.06,11.14,40.535000000000004
A22,18,2023-05-08,1.3,44.79,5.39,40.726
A22,19,2023-05-15,1.7000000000000002,47.28,1.75,44.634
A22,20,2023-05-22,3.1,46.97,2.0100000000000002,45.221
A22,21,2023-05-29,3.5,42.61,3.41,43.075
A22,22,2023-06-05,1.2,47.41,0.5,44.649
A22,23,2023-06-12,1.2,48.31,0.8700000000000001,44.225
A22,24,2023-06-19,0.0,45.52,0.71,44.138999999999996
A22,25,2023-06-26,8.8,41.480000000000004,1.0699999999999998,43.845
A22,26,2023-07-03,6.9,41.86,0.64,43.744
A22,27,2023-07-10,2.6,43.5,1.1300000000000001,42.781
A22,28,2023-07-17,2.2,46.43,1.33,44.028
A22,29,2023-07-24,2.5,42.81,0.29,44.68
A22,30,2023-07-31,2.0,45.74,1.27,42.456
A22,31,2023-08-07,1.4,47.84,1.03,42.483999999999995
A22,32,2023-08-14,3.3000000000000003,44.21,0.7300000000000001,44.374
A22,33,2023-08-21,2.3,43.95,1.41,45.378
A22,34,2023-08-28,1.8,51.43,0.9,45.667
A22,35,2023-09-04,0.2,49.28,1.31,45.933
A22,36,2023-09-11,1.9,50.03,2.19,47.208999999999996
A22,37,2023-09-18,1.9,51.96,1.64,47.022
A22,38,2023-09-25,2.1999999999999997,51.65,1.4,47.886
A22,39,2023-10-02,2.6000000000000005,49.1,2.1100000000000003,47.946999999999996
A22,40,2023-10-09,0.7,49.17,2.63,48.168
A22,41,2023-10-16,4.9,45.65,2.8,48.299
A22,42,2023-10-23,1.9,47.32,6.909999999999999,45.933
A22,43,2023-10-30,73.5,31.63,11.989999999999998,41.794
A22,44,2023-11-06,56.7,27.74,15.520000000000001,39.108
A22,45,2023-11-13,56.6,27.15,18.53,35.406
A22,46,2023-11-20,99.7,27.28,42.79,33.735
A22,47,2023-11-27,7.5,33.5,17.419999999999998,33.781
A22,48,2023-12-04,1.4,38.57,12.040000000000001,35.432
A22,49,2023-12-11,12.600000000000001,35.05,11.26,35.870999999999995
A22,50,2023-12-18,4.3,35.08,6.88,37.632999999999996
A22,51,2023-12-25,1.7,38.03,3.066666666666667,40.526666666666664
A22,52,2024-01-01,0.0,45.01,0.788888888888889,43.28666666666667
A22,53,2024-01-08,7.7,46.7,1.9,44.754
A22,54,2024-01-15,2.3,43.73,4.62,45.412
A22,55,2024-01-22,0.4,46.42,2.8299999999999996,44.042
A22,56,2024-01-29,0.30000000000000004,46.72,3.6700000000000004,45.499
A22,57,2024-02-05,0.7,47.63,0.09,47.007999999999996
A22,58,2024-02-12,0.2,49.160000000000004,0.44000000000000006,46.607
A22,59,2024-02-19,0.39999999999999997,52.89,0.8699999999999999,47.712
A22,60,2024-02-26,1.3,48.97,1.48,48.453
A22,61,2024-03-04,0.8999999999999999,50.73,1.44,47.671
A22,62,2024-03-11,0.5,52.59,9.08,46.97
A22,63,2024-03-18,2.4000000000000004,48.72,4.42,46.973
A22,64,2024-03-25,23.1,42.42,16.33,43.349000000000004
A22,65,2024-04-01,59.6,37.31,11.45,43.536
A22,66,2024-04-08,18.9,40.71,9.98,43.962
A22,67,2024-04-15,8.6,50.45,23.490000000000002,43.017
A22,68,2024-04-22,45.7,40.39,18.09,40.884
A22,69,2024-04-29,8.9,46.55,11.14,40.535000000000004
A22,70,2024-05-06,2.6,46.870000000000005,5.39,40.726
A22,71,2024-05-13,0.0,56.96,1.75,44.634
A22,72,2024-05-20,1.2,54.66,2.0100000000000002,45.221
A22,73,2024-05-27,0.2,51.23,3.41,43.075
A22,74,2024-06-03,1.1,50.18,0.5,44.649
A22,75,2024-06-10,0.7,50.38,0.8700000000000001,44.225
A22,76,2024-06-17,3.5000000000000004,46.45,0.71,44.138999999999996
A22,77,2024-06-24,1.4,52.57,1.0699999999999998,43.845
A22,78,2024-07-01,0.4,43.77,0.64,43.744
A22,79,2024-07-08,3.0,46.33,1.1300000000000001,42.781
A22,80,2024-07-15,0.4,42.45,1.33,44.028
A22,81,2024-07-22,1.7,42.07,0.29,44.68
A22,82,2024-07-29,0.4,45.46,1.27,42.456
A22,83,2024-08-05,2.8000000000000003,45.08,1.03,42.483999999999995
A22,84,2024-08-12,0.8999999999999999,50.05,0.7300000000000001,44.374
A22,85,2024-08-19,0.30000000000000004,50.04,1.41,45.378
A22,86,2024-08-26,9.0,42.55,0.9,45.667
A22,87,2024-09-02,3.1,50.98,1.31,45.933
A22,88,2024-09-09,1.1,52.47,2.19,47.208999999999996
A22,89,2024-09-16,1.1,51.47,1.64,47.022
A22,90,2024-09-23,0.5,53.94,1.4,47.886
A22,91,2024-09-30,1.3,54.06,2.1100000000000003,47.946999999999996
A22,92,2024-10-07,2.6,55.339999999999996,2.63,48.168
A22,93,2024-10-14,0.8,52.45,2.8,48.299
A22,94,2024-10-21,1.5,53.349999999999994,6.909999999999999,45.933
A22,95,2024-10-28,0.30000000000000004,51.07,11.989999999999998,41.794
A22,96,2024-11-04,18.3,39.41,15.520000000000001,39.108
A22,97,2024-11-11,71.2,29.44,18.53,35.406
A22,98,2024-11-18,37.8,30.580000000000002,42.79,33.735
A22,99,2024-11-25,33.4,32.47,17.419999999999998,33.781
A22,100,2024-12-02,0.7,43.839999999999996,12.040000000000001,35.432
A22,101,2024-12-09,2.3,40.38,11.26,35.870999999999995
A22,102,2024-12-16,0.5,41.67,6.88,37.632999999999996
A22,103,2024-12-23,0.8,42.230000000000004,3.066666666666667,40.526666666666664
A22,104,2024-12-30,0.4,45.260000000000005,0.788888888888889,43.28666666666667
A22,105,2025-01-06,0.0,44.47,1.9,44.754
A22,106,2025-01-13,0.1,49.43,4.62,45.412
A22,107,2025-01-20,0.0,48.56,2.8299999999999996,44.042
A22,108,2025-01-27,0.2,49.19,3.6700000000000004,45.499
A22,109,2025-02-03,0.0,50.9,0.09,47.007999999999996
A22,110,2025-02-10,2.0,48.09,0.44000000000000006,46.607
A22,111,2025-02-17,0.0,48.17,0.8699999999999999,47.712
A22,112,2025-02-24,0.0,49.6,1.48,48.453
A22,113,2025-03-03,0.2,50.14,1.44,47.671
A22,114,2025-03-10,2.6,45.79,9.08,46.97
A22,115,2025-03-17,41.599999999999994,40.38,4.42,46.973
A22,116,2025-03-24,52.3,32.65,16.33,43.349000000000004
A22,117,2025-03-31,13.5,36.71,11.45,43.536
A22,118,2025-04-07,7.2,40.96,9.98,43.962
A22,119,2025-04-14,30.4,42.29,23.490000000000002,43.017
A22,120,2025-04-21,34.3,35.41,18.09,40.884
A22,121,2025-04-28,9.2,43.0,11.14,40.535000000000004
A22,122,2025-05-05,15.9,40.49,5.39,40.726
A22,123,2025-05-12,1.8,45.53,1.75,44.634
A22,124,2025-05-19,1.0999999999999999,48.9,2.0100000000000002,45.221
A22,125,2025-05-26,4.699999999999999,44.88,3.41,43.075
A22,126,2025-06-02,2.8,43.47,0.5,44.649
A22,127,2025-06-09,5.6,42.34,0.8700000000000001,44.225
A22,128,2025-06-16,0.8,43.49,0.71,44.138999999999996
A22,129,2025-06-23,3.8,39.03,1.0699999999999998,43.845
A22,130,2025-06-30,1.8,43.68,0.64,43.744
A22,131,2025-07-07,1.5,44.29,1.1300000000000001,42.781
A22,132,2025-07-14,0.1,45.31,1.33,44.028
A22,133,2025-07-21,0.30000000000000004,43.45,0.29,44.68
A22,134,2025-07-28,2.5,43.28,1.27,42.456
A22,135,2025-08-04,1.5,41.96,1.03,42.483999999999995
A22,136,2025-08-11,0.5,43.37,0.7300000000000001,44.374
A22,137,2025-08-18,3.2,39.7,1.41,45.378
A22,138,2025-08-25,1.5,47.43,0.9,45.667
A22,139,2025-09-01,0.6,47.62,1.31,45.933
A22,140,2025-09-08,2.3,47.87,2.19,47.208999999999996
A22,141,2025-09-15,1.7,49.37,1.64,47.022
A22,142,2025-09-22,1.1,51.56,1.4,47.886
A22,143,2025-09-29,0.7000000000000001,51.68,2.1100000000000003,47.946999999999996
A22,144,2025-10-06,3.3000000000000003,47.08,2.63,48.168
A22,145,2025-10-13,1.3,51.76,2.8,48.299
A22,146,2025-10-20,0.0,54.07,6.909999999999999,45.933
A22,147,2025-10-27,38.7,37.92,11.989999999999998,41.794
A22,148,2025-11-03,21.400000000000002,40.81,15.520000000000001,39.108
A22,149,2025-11-10,3.9,37.1,18.53,35.406
A22,150,2025-11-17,4.2,36.94,42.79,33.735
A22,151,2025-11-24,2.5999999999999996,40.83,17.419999999999998,33.781
A22,152,2025-12-01,0.8,40.89,12.040000000000001,35.432
A22,153,2025-12-08,2.6,39.36,11.26,35.870999999999995
A22,154,2025-12-15,3.8,36.34,6.88,37.632999999999996
A22,155,2025-12-22,0.4,41.45,3.066666666666667,40.526666666666664
A23,0,2023-01-02,6.1,46.17,0.3888888888888889,46.733333333333334
A23,1,2023-01-09,0.0,49.4,1.61,47.285000000000004
A23,2,2023-01-16,0.0,51.86,2.01,47.809999999999995
A23,3,2023-01-23,0.0,49.38,0.5399999999999999,47.144999999999996
A23,4,2023-01-30,0.1,44.89,0.8899999999999999,48.492000000000004
A23,5,2023-02-06,0.0,51.879999999999995,0.08,50.399
A23,6,2023-02-13,0.0,49.67,0.43,48.614
A23,7,2023-02-20,0.2,51.85,0.44000000000000006,49.345
A23,8,2023-02-27,0.0,53.82,2.96,49.567
A23,9,2023-03-06,0.30000000000000004,50.129999999999995,2.1100000000000003,49.179
A23,10,2023-03-13,0.8,47.36,5.499999999999999,47.845
A23,11,2023-03-20,36.8,34.18,2.81,48.357
A23,12,2023-03-27,0.9,39.65,17.580000000000002,43.141
A23,13,2023-04-03,21.400000000000002,35.29,12.85,43.197
A23,14,2023-04-10,10.3,38.64,11.510000000000002,42.744
A23,15,2023-04-17,40.9,33.6,18.19,41.006
A23,16,2023-04-24,61.2,26.64,14.529999999999998,39.278
A23,17,2023-05-01,3.2,37.3,10.86,38.557
A23,18,2023-05-08,1.5999999999999999,44.68,5.79,40.317
A23,19,2023-05-15,2.0,47.12,3.16,43.089999999999996
A23,20,2023-05-22,2.7,46.51,2.35,44.241
A23,21,2023-05-29,5.5,41.39,3.3899999999999997,42.852
A23,22,2023-06-05,1.9000000000000001,46.61,1.23,44.019999999999996
A23,23,2023-06-12,2.1,48.99,1.3699999999999999,43.821
A23,24,2023-06-19,0.7,47.36,1.23,43.768
A23,25,2023-06-26,6.2,42.56,1.56,42.551
A23,26,2023-07-03,4.4,42.68,0.82,43.407
A23,27,2023-07-10,6.6000000000000005,43.51,1.7,42.767
A23,28,2023-07-17,2.8,44.49,1.6599999999999997,43.858999999999995
A23,29,2023-07-24,2.5,42.3,0.55,44.059999999999995
A23,30,2023-07-31,1.6,45.06,1.55,42.781
A23,31,2023-08-07,1.0,48.43,1.41,43.64
A23,32,2023-08-14,5.8,44.0,0.89,45.35
A23,33,2023-08-21,6.5,41.0,1.27,46.319
A23,34,2023-08-28,1.9,50.92,0.6500000000000001,46.157
A23,35,2023-09-04,1.0,49.94,0.76,47.425
A23,36,2023-09-11,1.6,48.87,1.36,47.914
A23,37,2023-09-18,1.8,49.68,1.34,46.819
A23,38,2023-09-25,1.6,50.44,1.78,47.9
A23,39,2023-10-02,6.7,46.160000000000004,2.15,48.715999999999994
A23,40,2023-10-09,1.3,48.0,2.43,48.261
A23,41,2023-10-16,11.9,40.980000000000004,2.98,47.202999999999996
A23,42,2023-10-23,3.7,41.86,6.860000000000001,44.528
A23,43,2023-10-30,96.1,28.53,11.830000000000002,41.616
A23,44,2023-11-06,94.69999999999999,25.03,15.580000000000002,37.891
A23,45,2023-11-13,95.8,24.14,21.529999999999998,35.387
A23,46,2023-11-20,53.599999999999994,26.98,28.29,34.297000000000004
A23,47,2023-11-27,6.8,31.65,17.98,35.307
A23,48,2023-12-04,0.30000000000000004,39.85,7.209999999999999,36.872
A23,49,2023-12-11,4.5,37.84,8.45,37.882999999999996
A23,50,2023-12-18,2.9,40.6,6.140000000000001,40.397000000000006
A23,51,2023-12-25,1.4,41.19,2.3416666666666663,44.04833333333334
A23,52,2024-01-01,0.2,47.16,0.3888888888888889,46.733333333333334
A23,53,2024-01-08,0.0,49.46,1.61,47.285000000000004
A23,54,2024-01-15,1.5000000000000002,48.2,2.01,47.809999999999995
A23,55,2024-01-22,0.2,47.45,0.5399999999999999,47.144999999999996
A23,56,2024-01-29,0.0,49.09,0.8899999999999999,48.492000000000004
A23,57,2024-02-05,0.0,49.77,0.08,50.399
A23,58,2024-02-12,0.1,51.33,0.43,48.614
A23,59,2024-02-19,0.1,53.49,0.44000000000000006,49.345
A23,60,2024-02-26,0.6,49.72,2.96,49.567
A23,61,2024-03-04,0.6000000000000001,51.42,2.1100000000000003,49.179
A23,62,2024-03-11,0.4,52.86,5.499999999999999,47.845
A23,63,2024-03-18,2.2,47.78,2.81,48.357
A23,64,2024-03-25,9.4,46.3,17.580000000000002,43.141
A23,65,2024-04-01,63.4,33.57,12.85,43.197
A23,66,2024-04-08,19.2,37.44,11.510000000000002,42.744
A23,67,2024-04-15,5.6,44.65,18.19,41.006
A23,68,2024-04-22,27.2,38.92,14.529999999999998,39.278
A23,69,2024-04-29,8.2,49.04,10.86,38.557
A23,70,2024-05-06,5.8999999999999995,42.06,5.79,40.317
A23,71,2024-05-13,0.2,54.16,3.16,43.089999999999996
A23,72,2024-05-20,2.1,51.96,2.35,44.241
A23,73,2024-05-27,0.6000000000000001,48.8,3.3899999999999997,42.852
A23,74,2024-06-03,2.1,49.56,1.23,44.019999999999996
A23,75,2024-06-10,3.3,46.3,1.3699999999999999,43.821
A23,76,2024-06-17,4.3,44.68,1.23,43.768
A23,77,2024-06-24,1.8,50.68,1.56,42.551
A23,78,2024-07-01,0.5,42.56,0.82,43.407
A23,79,2024-07-08,3.2,44.29,1.7,42.767
A23,80,2024-07-15,1.5,40.21,1.6599999999999997,43.858999999999995
A23,81,2024-07-22,1.2,43.769999999999996,0.55,44.059999999999995
A23,82,2024-07-29,2.8,45.53,1.55,42.781
A23,83,2024-08-05,3.3,44.29,1.41,43.64
A23,84,2024-08-12,0.5,51.07,0.89,45.35
A23,85,2024-08-19,0.3,49.03,1.27,46.319
A23,86,2024-08-26,17.8,37.92,0.6500000000000001,46.157
A23,87,2024-09-02,2.3,49.75,0.76,47.425
A23,88,2024-09-09,1.0,52.28,1.36,47.914
A23,89,2024-09-16,1.6,50.06,1.34,46.819
A23,90,2024-09-23,0.1,54.230000000000004,1.78,47.9
A23,91,2024-09-30,0.39999999999999997,53.45,2.15,48.715999999999994
A23,92,2024-10-07,3.2,53.760000000000005,2.43,48.261
A23,93,2024-10-14,0.6000000000000001,51.21,2.98,47.202999999999996
A23,94,2024-10-21,1.0,52.71,6.860000000000001,44.528
A23,95,2024-10-28,0.7999999999999999,49.83,11.830000000000002,41.616
A23,96,2024-11-04,26.699999999999996,35.67,15.580000000000002,37.891
A23,97,2024-11-11,59.0,29.04,21.529999999999998,35.387
A23,98,2024-11-18,36.3,32.04,28.29,34.297000000000004
A23,99,2024-11-25,42.0,30.380000000000003,17.98,35.307
A23,100,2024-12-02,0.30000000000000004,42.22,7.209999999999999,36.872
A23,101,2024-12-09,1.2,42.72,8.45,37.882999999999996
A23,102,2024-12-16,0.4,41.78,6.140000000000001,40.397000000000006
A23,103,2024-12-23,0.2,43.54,2.3416666666666663,44.04833333333334
A23,104,2024-12-30,0.2,47.82,0.3888888888888889,46.733333333333334
A23,105,2025-01-06,0.0,47.34,1.61,47.285000000000004
A23,106,2025-01-13,0.0,51.75,2.01,47.809999999999995
A23,107,2025-01-20,0.0,49.54,0.5399999999999999,47.144999999999996
A23,108,2025-01-27,0.0,50.95,0.8899999999999999,48.492000000000004
A23,109,2025-02-03,0.0,50.06,0.08,50.399
A23,110,2025-02-10,2.0,47.9,0.43,48.614
A23,111,2025-02-17,0.0,50.39,0.44000000000000006,49.345
A23,112,2025-02-24,0.0,51.81,2.96,49.567
A23,113,2025-03-03,0.4,48.38,2.1100000000000003,49.179
A23,114,2025-03-10,3.7,46.83,5.499999999999999,47.845
A23,115,2025-03-17,28.3,41.019999999999996,2.81,48.357
A23,116,2025-03-24,39.8,34.55,17.580000000000002,43.141
A23,117,2025-03-31,23.5,36.92,12.85,43.197
A23,118,2025-04-07,5.199999999999999,37.03,11.510000000000002,42.744
A23,119,2025-04-14,21.1,38.63,18.19,41.006
A23,120,2025-04-21,24.699999999999996,32.22,14.529999999999998,39.278
A23,121,2025-04-28,17.7,42.05,10.86,38.557
A23,122,2025-05-05,22.0,33.71,5.79,40.317
A23,123,2025-05-12,3.0,42.11,3.16,43.089999999999996
A23,124,2025-05-19,1.7999999999999998,46.09,2.35,44.241
A23,125,2025-05-26,6.5,42.53,3.3899999999999997,42.852
A23,126,2025-06-02,4.0,41.87,1.23,44.019999999999996
A23,127,2025-06-09,8.5,38.9,1.3699999999999999,43.821
A23,128,2025-06-16,2.9,41.55,1.23,43.768
A23,129,2025-06-23,4.800000000000001,36.730000000000004,1.56,42.551
A23,130,2025-06-30,2.6,44.54,0.82,43.407
A23,131,2025-07-07,2.0,44.44,1.7,42.767
A23,132,2025-07-14,0.30000000000000004,46.32,1.6599999999999997,43.858999999999995
A23,133,2025-07-21,0.30000000000000004,41.95,0.55,44.059999999999995
A23,134,2025-07-28,1.6,43.71,1.55,42.781
A23,135,2025-08-04,0.6,41.54,1.41,43.64
A23,136,2025-08-11,0.3,44.78,0.89,45.35
A23,137,2025-08-18,2.0,42.32,1.27,46.319
A23,138,2025-08-25,0.9,47.33,0.6500000000000001,46.157
A23,139,2025-09-01,0.8,48.230000000000004,0.76,47.425
A23,140,2025-09-08,3.4,47.81,1.36,47.914
A23,141,2025-09-15,1.5,49.52,1.34,46.819
A23,142,2025-09-22,1.1,52.56,1.78,47.9
A23,143,2025-09-29,0.30000000000000004,51.19,2.15,48.715999999999994
A23,144,2025-10-06,6.3,46.129999999999995,2.43,48.261
A23,145,2025-10-13,0.1,53.08,2.98,47.202999999999996
A23,146,2025-10-20,0.1,52.75,6.860000000000001,44.528
A23,147,2025-10-27,14.0,39.37,11.830000000000002,41.616
A23,148,2025-11-03,5.800000000000001,41.68,15.580000000000002,37.891
A23,149,2025-11-10,2.2,39.66,21.529999999999998,35.387
A23,150,2025-11-17,2.7,39.77,28.29,34.297000000000004
A23,151,2025-11-24,2.2,40.01,17.98,35.307
A23,152,2025-12-01,0.1,43.53,7.209999999999999,36.872
A23,153,2025-12-08,9.6,37.99,8.45,37.882999999999996
A23,154,2025-12-15,0.3,42.56,6.140000000000001,40.397000000000006
A23,155,2025-12-22,0.7999999999999999,45.0,2.3416666666666663,44.04833333333334
A24,0,2023-01-02,4.9,43.69,0.911111111111111,43.82666666666667
A24,1,2023-01-09,0.3,47.47,1.5699999999999998,45.386
A24,2,2023-01-16,0.0,50.41,3.4,45.480000000000004
A24,3,2023-01-23,0.0,46.86,2.08,44.335
A24,4,2023-01-30,0.0,44.83,2.15,45.181
A24,5,2023-02-06,0.0,49.92,0.29000000000000004,47.090999999999994
A24,6,2023-02-13,0.4,47.83,0.7,45.637
A24,7,2023-02-20,0.1,49.9,1.3,46.185
A24,8,2023-02-27,0.0,50.86,4.02,46.894
A24,9,2023-03-06,0.1,49.03,1.7899999999999998,46.338
A24,10,2023-03-13,0.4,48.480000000000004,6.8100000000000005,45.632999999999996
A24,11,2023-03-20,27.2,39.72,5.9799999999999995,45.54
A24,12,2023-03-27,2.8,42.79,12.0,41.754000000000005
A24,13,2023-04-03,24.6,37.3,9.57,41.216
A24,14,2023-04-10,31.3,36.13,12.11,40.547000000000004
A24,15,2023-04-17,13.3,33.66,12.11,40.184000000000005
A24,16,2023-04-24,103.60000000000001,24.04,17.09,37.573
A24,17,2023-05-01,9.8,30.63,30.97,34.9
A24,18,2023-05-08,11.0,39.38,12.930000000000001,34.87
A24,19,2023-05-15,2.5,42.32,8.879999999999999,38.064
A24,20,2023-05-22,4.4,43.63,7.0,39.503
A24,21,2023-05-29,13.100000000000001,36.69,6.660000000000001,38.031
A24,22,2023-06-05,4.0,43.36,1.9899999999999998,39.71
A24,23,2023-06-12,2.4000000000000004,45.96,3.62,39.638
A24,24,2023-06-19,4.0,45.370000000000005,2.82,39.904
A24,25,2023-06-26,8.1,38.12,3.3200000000000003,39.136
A24,26,2023-07-03,11.5,37.65,1.94,39.864
A24,27,2023-07-10,10.200000000000001,39.16,2.89,39.03
A24,28,2023-07-17,5.1,40.86,2.3899999999999997,40.393
A24,29,2023-07-24,4.0,40.34,1.22,41.166
A24,30,2023-07-31,4.7,40.55,3.0,38.875
A24,31,2023-08-07,2.9,45.07,2.5,39.797
A24,32,2023-08-14,4.4,39.77,1.5,40.76
A24,33,2023-08-21,3.6999999999999997,40.46,3.85,41.961
A24,34,2023-08-28,3.7,47.03,1.9100000000000001,42.666000000000004
A24,35,2023-09-04,2.3,45.410000000000004,1.77,43.088
A24,36,2023-09-11,3.4999999999999996,47.09,2.9300000000000006,43.739
A24,37,2023-09-18,2.7,47.82,3.16,42.649
A24,38,2023-09-25,3.3,46.38,3.84,43.869
A24,39,2023-10-02,16.6,42.23,4.2299999999999995,44.251999999999995
A24,40,2023-10-09,0.8,45.31,4.7299999999999995,44.338
A24,41,2023-10-16,10.9,42.53,5.58,44.973
A24,42,2023-10-23,4.1000000000000005,44.47,10.28,42.445
A24,43,2023-10-30,86.0,29.48,11.7,39.152
A24,44,2023-11-06,43.6,25.43,11.18,38.0
A24,45,2023-11-13,48.9,23.58,24.61,34.266000000000005
A24,46,2023-11-20,99.1,26.83,33.17,33.793
A24,47,2023-11-27,14.6,32.68,14.13,34.173
A24,48,2023-12-04,4.9,36.63,14.99,35.19
A24,49,2023-12-11,20.5,31.53,9.9,35.176
A24,50,2023-12-18,3.8,32.95,9.35,37.902
A24,51,2023-12-25,5.6000000000000005,36.2,3.266666666666667,41.2975
A24,52,2024-01-01,0.2,45.29,0.911111111111111,43.82666666666667
A24,53,2024-01-08,0.4,48.08,1.5699999999999998,45.386
A24,54,2024-01-15,13.4,43.69,3.4,45.480000000000004
A24,55,2024-01-22,0.0,46.88,2.08,44.335
A24,56,2024-01-29,0.3,47.47,2.15,45.181
A24,57,2024-02-05,1.7,47.480000000000004,0.29000000000000004,47.090999999999994
A24,58,2024-02-12,0.0,49.76,0.7,45.637
A24,59,2024-02-19,1.0,51.51,1.3,46.185
A24,60,2024-02-26,3.3000000000000003,46.06,4.02,46.894
A24,61,2024-03-04,0.8,49.05,1.7899999999999998,46.338
A24,62,2024-03-11,0.4,50.91,6.8100000000000005,45.632999999999996
A24,63,2024-03-18,2.5,45.41,5.9799999999999995,45.54
A24,64,2024-03-25,8.0,40.77,12.0,41.754000000000005
A24,65,2024-04-01,35.5,34.6,9.57,41.216
A24,66,2024-04-08,23.200000000000003,36.37,12.11,40.547000000000004
A24,67,2024-04-15,5.5,43.23,12.11,40.184000000000005
A24,68,2024-04-22,26.900000000000002,36.02,17.09,37.573
A24,69,2024-04-29,10.1,47.16,30.97,34.9
A24,70,2024-05-06,5.5,38.54,12.930000000000001,34.87
A24,71,2024-05-13,0.4,51.19,8.879999999999999,38.064
A24,72,2024-05-20,6.5,47.72,7.0,39.503
A24,73,2024-05-27,1.1,47.449999999999996,6.660000000000001,38.031
A24,74,2024-06-03,2.8,47.46,1.9899999999999998,39.71
A24,75,2024-06-10,3.6,45.33,3.62,39.638
A24,76,2024-06-17,6.1000000000000005,39.47,2.82,39.904
A24,77,2024-06-24,4.7,46.38,3.3200000000000003,39.136
A24,78,2024-07-01,1.0,39.769999999999996,1.94,39.864
A24,79,2024-07-08,6.0,40.82,2.89,39.03
A24,80,2024-07-15,2.7,40.46,2.3899999999999997,40.393
A24,81,2024-07-22,5.4,40.79,1.22,41.166
A24,82,2024-07-29,3.6,42.32,3.0,38.875
A24,83,2024-08-05,4.7,42.04,2.5,39.797
A24,84,2024-08-12,0.8,46.69,1.5,40.76
A24,85,2024-08-19,1.4,47.09,3.85,41.961
A24,86,2024-08-26,23.8,36.43,1.9100000000000001,42.666000000000004
A24,87,2024-09-02,5.4,47.4,1.77,43.088
A24,88,2024-09-09,1.8,47.86,2.9300000000000006,43.739
A24,89,2024-09-16,2.6,47.72,3.16,42.649
A24,90,2024-09-23,0.5,50.33,3.84,43.869
A24,91,2024-09-30,2.3,50.53,4.2299999999999995,44.251999999999995
A24,92,2024-10-07,4.1,51.93,4.7299999999999995,44.338
A24,93,2024-10-14,1.6,49.07,5.58,44.973
A24,94,2024-10-21,2.8,51.18,10.28,42.445
A24,95,2024-10-28,1.7,48.86,11.7,39.152
A24,96,2024-11-04,21.0,37.96,11.18,38.0
A24,97,2024-11-11,36.7,28.32,24.61,34.266000000000005
A24,98,2024-11-18,18.2,30.55,33.17,33.793
A24,99,2024-11-25,23.3,32.46,14.13,34.173
A24,100,2024-12-02,0.5,46.68,14.99,35.19
A24,101,2024-12-09,10.2,41.43,9.9,35.176
A24,102,2024-12-16,0.8,43.48,9.35,37.902
A24,103,2024-12-23,0.9,43.84,3.266666666666667,41.2975
A24,104,2024-12-30,0.39999999999999997,49.21,0.911111111111111,43.82666666666667
A24,105,2025-01-06,0.0,46.23,1.5699999999999998,45.386
A24,106,2025-01-13,0.2,52.76,3.4,45.480000000000004
A24,107,2025-01-20,0.0,49.730000000000004,2.08,44.335
A24,108,2025-01-27,2.0,51.09,2.15,45.181
A24,109,2025-02-03,0.0,51.61,0.29000000000000004,47.090999999999994
A24,110,2025-02-10,2.1,47.59,0.7,45.637
A24,111,2025-02-17,0.0,50.26,1.3,46.185
A24,112,2025-02-24,0.2,49.37,4.02,46.894
A24,113,2025-03-03,0.2,49.38,1.7899999999999998,46.338
A24,114,2025-03-10,0.5,48.75,6.8100000000000005,45.632999999999996
A24,115,2025-03-17,21.3,40.36,5.9799999999999995,45.54
A24,116,2025-03-24,55.300000000000004,34.03,12.0,41.754000000000005
A24,117,2025-03-31,27.0,35.9,9.57,41.216
A24,118,2025-04-07,17.6,40.33,12.11,40.547000000000004
A24,119,2025-04-14,14.4,41.05,12.11,40.184000000000005
A24,120,2025-04-21,36.800000000000004,32.81,17.09,37.573
A24,121,2025-04-28,6.0,42.6,30.97,34.9
A24,122,2025-05-05,16.0,31.689999999999998,12.930000000000001,34.87
A24,123,2025-05-12,7.7,39.6,8.879999999999999,38.064
A24,124,2025-05-19,4.3,45.67,7.0,39.503
A24,125,2025-05-26,8.3,41.43,6.660000000000001,38.031
A24,126,2025-06-02,10.8,38.71,1.9899999999999998,39.71
A24,127,2025-06-09,12.8,37.13,3.62,39.638
A24,128,2025-06-16,3.0,39.78,2.82,39.904
A24,129,2025-06-23,8.2,35.48,3.3200000000000003,39.136
A24,130,2025-06-30,6.8,42.1,1.94,39.864
A24,131,2025-07-07,2.8,43.17,2.89,39.03
A24,132,2025-07-14,1.3,43.51,2.3899999999999997,40.393
A24,133,2025-07-21,0.9999999999999999,41.13,1.22,41.166
A24,134,2025-07-28,6.000000000000001,41.65,3.0,38.875
A24,135,2025-08-04,1.5999999999999999,39.15,2.5,39.797
A24,136,2025-08-11,1.7,41.17,1.5,40.76
A24,137,2025-08-18,3.1,40.67,3.85,41.961
A24,138,2025-08-25,3.3,45.4,1.9100000000000001,42.666000000000004
A24,139,2025-09-01,2.3,45.51,1.77,43.088
A24,140,2025-09-08,3.6,45.68,2.9300000000000006,43.739
A24,141,2025-09-15,2.4,46.25,3.16,42.649
A24,142,2025-09-22,2.2,50.71,3.84,43.869
A24,143,2025-09-29,1.8,49.980000000000004,4.2299999999999995,44.251999999999995
A24,144,2025-10-06,4.9,43.86,4.7299999999999995,44.338
A24,145,2025-10-13,0.8,52.01,5.58,44.973
A24,146,2025-10-20,1.0,53.67,10.28,42.445
A24,147,2025-10-27,34.599999999999994,35.8,11.7,39.152
A24,148,2025-11-03,10.0,41.1,11.18,38.0
A24,149,2025-11-10,7.7,38.94,24.61,34.266000000000005
A24,150,2025-11-17,5.699999999999999,40.45,33.17,33.793
A24,151,2025-11-24,4.6,41.45,14.13,34.173
A24,152,2025-12-01,1.7,43.74,14.99,35.19
A24,153,2025-12-08,4.0,39.36,9.9,35.176
A24,154,2025-12-15,4.9,39.83,9.35,37.902
A24,155,2025-12-22,4.7,42.7,3.266666666666667,41.2975
A25,0,2023-01-02,10.9,37.91,1.4,41.056666666666665
A25,1,2023-01-09,1.5,43.94,1.27,41.845
A25,2,2023-01-16,8.6,46.230000000000004,2.6100000000000003,42.599000000000004
A25,3,2023-01-23,0.7,44.31,1.9,41.786
A25,4,2023-01-30,0.30000000000000004,43.39,3.2900000000000005,41.88
A25,5,2023-02-06,0.1,46.72,0.38,43.337
A25,6,2023-02-13,0.7,44.03,1.3299999999999998,42.522999999999996
A25,7,2023-02-20,1.0,46.65,1.55,42.457
A25,8,2023-02-27,0.0,47.46,3.88,43.031
A25,9,2023-03-06,1.0,45.77,2.9,42.410000000000004
A25,10,2023-03-13,1.2,44.93,6.93,41.381
A25,11,2023-03-20,39.9,34.47,6.7700000000000005,41.263999999999996
A25,12,2023-03-27,3.3,39.71,13.02,37.214999999999996
A25,13,2023-04-03,12.8,38.27,11.71,36.876999999999995
A25,14,2023-04-10,31.9,33.65,19.53,34.814
A25,15,2023-04-17,13.200000000000001,31.25,16.22,34.428
A25,16,2023-04-24,382.90000000000003,19.83,22.07,31.788999999999998
A25,17,2023-05-01,10.2,29.23,30.810000000000002,28.51
A25,18,2023-05-08,6.0,36.39,23.05,28.845
A25,19,2023-05-15,5.4,37.58,18.54,31.160000000000004
A25,20,2023-05-22,5.6,37.76,9.4,32.325
A25,21,2023-05-29,12.5,30.599999999999998,13.559999999999999,31.53
A25,22,2023-06-05,5.2,38.0,4.8,32.962
A25,23,2023-06-12,1.0,41.910000000000004,5.88,33.656
A25,24,2023-06-19,4.0,41.58,4.93,33.998000000000005
A25,25,2023-06-26,13.3,31.74,6.4,32.997
A25,26,2023-07-03,15.7,33.31,4.15,34.117000000000004
A25,27,2023-07-10,16.900000000000002,34.42,5.68,34.205
A25,28,2023-07-17,7.1,36.66,4.45,35.251
A25,29,2023-07-24,3.9,36.04,2.6100000000000003,36.192
A25,30,2023-07-31,6.0,34.75,7.4,34.019
A25,31,2023-08-07,1.6,41.68,3.79,35.747
A25,32,2023-08-14,9.1,37.94,3.4899999999999998,36.225
A25,33,2023-08-21,21.2,36.41,5.9399999999999995,37.688
A25,34,2023-08-28,7.5,41.3,2.66,38.694
A25,35,2023-09-04,3.6,42.57,3.1100000000000003,38.927
A25,36,2023-09-11,4.5,41.29,4.6899999999999995,38.727999999999994
A25,37,2023-09-18,2.3,43.33,4.6,38.283
A25,38,2023-09-25,6.3999999999999995,42.25,4.8100000000000005,39.519999999999996
A25,39,2023-10-02,88.7,36.61,5.56,39.563
A25,40,2023-10-09,3.4,40.58,6.7,39.545
A25,41,2023-10-16,15.8,35.65,6.19,40.04600000000001
A25,42,2023-10-23,9.5,38.93,13.8,37.503
A25,43,2023-10-30,113.5,26.689999999999998,15.069999999999999,35.185
A25,44,2023-11-06,111.39999999999999,23.3,19.759999999999998,34.4
A25,45,2023-11-13,62.8,24.4,30.95,31.883
A25,46,2023-11-20,80.9,26.06,28.869999999999997,31.622000000000003
A25,47,2023-11-27,44.4,29.85,12.5,32.736000000000004
A25,48,2023-12-04,18.0,31.97,15.629999999999999,33.469
A25,49,2023-12-11,38.6,29.97,16.139999999999997,33.813
A25,50,2023-12-18,19.0,31.9,8.27,36.372
A25,51,2023-12-25,24.5,31.78,2.858333333333333,39.06
A25,52,2024-01-01,0.30000000000000004,38.97,1.4,41.056666666666665
A25,53,2024-01-08,1.0,40.74,1.27,41.845
A25,54,2024-01-15,11.799999999999999,39.18,2.6100000000000003,42.599000000000004
A25,55,2024-01-22,0.8,42.03,1.9,41.786
A25,56,2024-01-29,0.5,42.95,3.2900000000000005,41.88
A25,57,2024-02-05,2.0,42.69,0.38,43.337
A25,58,2024-02-12,0.4,45.32,1.3299999999999998,42.522999999999996
A25,59,2024-02-19,4.7,44.32,1.55,42.457
A25,60,2024-02-26,6.8,40.68,3.88,43.031
A25,61,2024-03-04,9.1,43.629999999999995,2.9,42.410000000000004
A25,62,2024-03-11,4.9,45.85,6.93,41.381
A25,63,2024-03-18,14.7,37.85,6.7700000000000005,41.263999999999996
A25,64,2024-03-25,21.4,37.74,13.02,37.214999999999996
A25,65,2024-04-01,56.0,28.810000000000002,11.71,36.876999999999995
A25,66,2024-04-08,45.2,30.71,19.53,34.814
A25,67,2024-04-15,24.9,30.62,16.22,34.428
A25,68,2024-04-22,45.5,27.64,22.07,31.788999999999998
A25,69,2024-04-29,1.0,43.13,30.810000000000002,28.51
A25,70,2024-05-06,24.5,28.229999999999997,23.05,28.845
A25,71,2024-05-13,2.1,43.4,18.54,31.160000000000004
A25,72,2024-05-20,11.7,39.75,9.4,32.325
A25,73,2024-05-27,1.1,42.35,13.559999999999999,31.53
A25,74,2024-06-03,2.6,42.57,4.8,32.962
A25,75,2024-06-10,2.5,41.21,5.88,33.656
A25,76,2024-06-17,9.0,33.78,4.93,33.998000000000005
A25,77,2024-06-24,3.2,39.25,6.4,32.997
A25,78,2024-07-01,3.7,34.26,4.15,34.117000000000004
A25,79,2024-07-08,7.900000000000001,34.31,5.68,34.205
A25,80,2024-07-15,3.3,36.15,4.45,35.251
A25,81,2024-07-22,3.5,38.53,2.6100000000000003,36.192
A25,82,2024-07-29,4.1,39.28,7.4,34.019
A25,83,2024-08-05,6.3,37.61,3.79,35.747
A25,84,2024-08-12,2.3000000000000003,43.72,3.4899999999999998,36.225
A25,85,2024-08-19,1.0999999999999999,43.67,5.9399999999999995,37.688
A25,86,2024-08-26,29.1,32.51,2.66,38.694
A25,87,2024-09-02,6.3,42.19,3.1100000000000003,38.927
A25,88,2024-09-09,2.5,43.239999999999995,4.6899999999999995,38.727999999999994
A25,89,2024-09-16,3.4,42.59,4.6,38.283
A25,90,2024-09-23,0.4,46.19,4.8100000000000005,39.519999999999996
A25,91,2024-09-30,2.9,44.1,5.56,39.563
A25,92,2024-10-07,3.8,46.83,6.7,39.545
A25,93,2024-10-14,2.7,42.0,6.19,40.04600000000001
A25,94,2024-10-21,4.6,45.11,13.8,37.503
A25,95,2024-10-28,2.2,44.01,15.069999999999999,35.185
A25,96,2024-11-04,36.7,36.28,19.759999999999998,34.4
A25,97,2024-11-11,36.8,30.759999999999998,30.95,31.883
A25,98,2024-11-18,36.5,29.189999999999998,28.869999999999997,31.622000000000003
A25,99,2024-11-25,12.7,33.65,12.5,32.736000000000004
A25,100,2024-12-02,3.3,44.44,15.629999999999999,33.469
A25,101,2024-12-09,21.7,35.85,16.139999999999997,33.813
A25,102,2024-12-16,4.3,38.5,8.27,36.372
A25,103,2024-12-23,15.6,39.53,2.858333333333333,39.06
A25,104,2024-12-30,1.0,48.18,1.4,41.056666666666665
A25,105,2025-01-06,1.5,43.980000000000004,1.27,41.845
A25,106,2025-01-13,1.2,50.4,2.6100000000000003,42.599000000000004
A25,107,2025-01-20,0.4,48.45,1.9,41.786
A25,108,2025-01-27,1.7,48.379999999999995,3.2900000000000005,41.88
A25,109,2025-02-03,0.30000000000000004,50.660000000000004,0.38,43.337
A25,110,2025-02-10,3.2,44.14,1.3299999999999998,42.522999999999996
A25,111,2025-02-17,0.2,48.48,1.55,42.457
A25,112,2025-02-24,0.2,48.82,3.88,43.031
A25,113,2025-03-03,1.3,46.47,2.9,42.410000000000004
A25,114,2025-03-10,6.8999999999999995,46.57,6.93,41.381
A25,115,2025-03-17,14.799999999999999,38.370000000000005,6.7700000000000005,41.263999999999996
A25,116,2025-03-24,38.7,30.520000000000003,13.02,37.214999999999996
A25,117,2025-03-31,26.599999999999998,32.53,11.71,36.876999999999995
A25,118,2025-04-07,12.0,37.25,19.53,34.814
A25,119,2025-04-14,17.4,33.44,16.22,34.428
A25,120,2025-04-21,46.5,30.59,22.07,31.788999999999998
A25,121,2025-04-28,9.5,37.79,30.810000000000002,28.51
A25,122,2025-05-05,33.0,24.759999999999998,23.05,28.845
A25,123,2025-05-12,12.9,33.3,18.54,31.160000000000004
A25,124,2025-05-19,6.2,39.35,9.4,32.325
A25,125,2025-05-26,7.500000000000001,36.17,13.559999999999999,31.53
A25,126,2025-06-02,12.2,35.17,4.8,32.962
A25,127,2025-06-09,9.2,33.67,5.88,33.656
A25,128,2025-06-16,3.8,38.96,4.93,33.998000000000005
A25,129,2025-06-23,7.8,33.66,6.4,32.997
A25,130,2025-06-30,2.5,40.58,4.15,34.117000000000004
A25,131,2025-07-07,4.5,40.32,5.68,34.205
A25,132,2025-07-14,1.4,42.82,4.45,35.251
A25,133,2025-07-21,2.6,39.74,2.6100000000000003,36.192
A25,134,2025-07-28,4.7,38.74,7.4,34.019
A25,135,2025-08-04,2.7,38.36,3.79,35.747
A25,136,2025-08-11,2.6,42.45,3.4899999999999998,36.225
A25,137,2025-08-18,2.5,40.46,5.9399999999999995,37.688
A25,138,2025-08-25,3.4,42.78,2.66,38.694
A25,139,2025-09-01,1.9000000000000001,45.17,3.1100000000000003,38.927
A25,140,2025-09-08,11.8,43.43,4.6899999999999995,38.727999999999994
A25,141,2025-09-15,5.4,43.6,4.6,38.283
A25,142,2025-09-22,0.2,47.59,4.8100000000000005,39.519999999999996
A25,143,2025-09-29,0.5,48.589999999999996,5.56,39.563
A25,144,2025-10-06,5.0,43.78,6.7,39.545
A25,145,2025-10-13,1.6,48.52,6.19,40.04600000000001
A25,146,2025-10-20,0.6,50.76,13.8,37.503
A25,147,2025-10-27,26.3,33.31,15.069999999999999,35.185
A25,148,2025-11-03,15.1,37.41,19.759999999999998,34.4
A25,149,2025-11-10,13.7,38.28,30.95,31.883
A25,150,2025-11-17,16.3,37.25,28.869999999999997,31.622000000000003
A25,151,2025-11-24,10.700000000000001,37.55,12.5,32.736000000000004
A25,152,2025-12-01,6.5,38.54,15.629999999999999,33.469
A25,153,2025-12-08,7.5,37.21,16.139999999999997,33.813
A25,154,2025-12-15,29.0,36.17,8.27,36.372
A25,155,2025-12-22,10.600000000000001,37.15,2.858333333333333,39.06
A26,0,2023-01-02,1.2,45.04,0.5222222222222221,43.913333333333334
A26,1,2023-01-09,0.0,50.730000000000004,0.76,45.499
A26,2,2023-01-16,0.0,49.92,2.85,45.414
A26,3,2023-01-23,0.0,49.61,0.5700000000000001,45.910000000000004
A26,4,2023-01-30,0.0,48.9,2.8400000000000003,46.523
A26,5,2023-02-06,0.0,51.95,0.18,48.856
A26,6,2023-02-13,0.0,51.58,1.33,48.485
A26,7,2023-02-20,0.0,54.04,1.2600000000000002,49.498000000000005
A26,8,2023-02-27,0.0,54.86,3.1900000000000004,50.346999999999994
A26,9,2023-03-06,0.0,53.269999999999996,1.6400000000000001,50.161
A26,10,2023-03-13,14.2,47.14,6.5,48.829
A26,11,2023-03-20,65.0,36.08,5.540000000000001,49.095
A26,12,2023-03-27,3.2,39.75,20.18,43.75
A26,13,2023-04-03,33.4,32.71,13.669999999999998,44.643
A26,14,2023-04-10,46.5,32.43,16.36,44.689
A26,15,2023-04-17,51.2,34.86,21.56,42.173
A26,16,2023-04-24,51.5,34.4,17.830000000000002,42.361000000000004
A26,17,2023-05-01,4.1,39.94,4.46,46.108
A26,18,2023-05-08,0.0,51.58,1.22,49.214
A26,19,2023-05-15,0.0,52.86,0.5,53.187
A26,20,2023-05-22,1.5,50.82,1.2099999999999997,52.907000000000004
A26,21,2023-05-29,1.8,49.87,0.9100000000000001,51.021
A26,22,2023-06-05,0.0,53.28,0.11000000000000001,52.277
A26,23,2023-06-12,0.0,54.33,0.48,51.516
A26,24,2023-06-19,0.0,50.05,0.16999999999999998,51.388
A26,25,2023-06-26,1.1,48.61,0.17,52.397000000000006
A26,26,2023-07-03,1.6,46.16,0.12000000000000002,51.483000000000004
A26,27,2023-07-10,0.0,53.64,0.35,50.635000000000005
A26,28,2023-07-17,0.0,53.57,0.54,51.199
A26,29,2023-07-24,0.0,47.47,0.05,51.373000000000005
A26,30,2023-07-31,0.0,53.46,0.17,50.702
A26,31,2023-08-07,0.0,53.42,0.24,49.714999999999996
A26,32,2023-08-14,0.2,53.84,0.06000000000000001,51.879
A26,33,2023-08-21,0.1,54.41,0.12000000000000002,52.470000000000006
A26,34,2023-08-28,0.1,57.67,0.039999999999999994,53.67999999999999
A26,35,2023-09-04,0.0,58.2,0.13,53.074
A26,36,2023-09-11,0.5,55.49,1.2399999999999998,54.335
A26,37,2023-09-18,0.0,58.64,0.13999999999999999,55.835
A26,38,2023-09-25,0.2,56.989999999999995,0.29,55.938
A26,39,2023-10-02,0.8,57.5,0.9700000000000001,54.089999999999996
A26,40,2023-10-09,1.6,54.19,3.9899999999999998,54.238
A26,41,2023-10-16,27.8,39.4,3.02,52.076
A26,42,2023-10-23,30.8,40.84,6.62,49.644999999999996
A26,43,2023-10-30,82.39999999999999,26.57,26.07,44.543
A26,44,2023-11-06,82.1,29.6,40.290000000000006,38.451
A26,45,2023-11-13,111.8,24.56,22.31,34.952999999999996
A26,46,2023-11-20,45.7,28.94,23.95,34.262
A26,47,2023-11-27,2.6,33.95,18.54,33.688
A26,48,2023-12-04,0.8,39.32,5.46,36.589999999999996
A26,49,2023-12-11,5.3,38.96,11.52,37.038
A26,50,2023-12-18,0.7,38.96,5.529999999999999,38.129
A26,51,2023-12-25,7.6000000000000005,38.55,3.483333333333334,41.54833333333333
A26,52,2024-01-01,0.0,43.13,0.5222222222222221,43.913333333333334
A26,53,2024-01-08,0.0,45.88,0.76,45.499
A26,54,2024-01-15,16.200000000000003,43.379999999999995,2.85,45.414
A26,55,2024-01-22,0.6000000000000001,43.68,0.5700000000000001,45.910000000000004
A26,56,2024-01-29,0.39999999999999997,45.86,2.8400000000000003,46.523
A26,57,2024-02-05,0.5,48.31,0.18,48.856
A26,58,2024-02-12,0.0,49.34,1.33,48.485
A26,59,2024-02-19,2.4,52.03,1.2600000000000002,49.498000000000005
A26,60,2024-02-26,2.3,49.95,3.1900000000000004,50.346999999999994
A26,61,2024-03-04,0.1,52.07,1.6400000000000001,50.161
A26,62,2024-03-11,0.2,53.95,6.5,48.829
A26,63,2024-03-18,1.2,51.24,5.540000000000001,49.095
A26,64,2024-03-25,18.5,44.4,20.18,43.75
A26,65,2024-04-01,74.2,35.33,13.669999999999998,44.643
A26,66,2024-04-08,7.2,40.75,16.36,44.689
A26,67,2024-04-15,2.0,54.1,21.56,42.173
A26,68,2024-04-22,51.00000000000001,37.55,17.830000000000002,42.361000000000004
A26,69,2024-04-29,12.2,36.620000000000005,4.46,46.108
A26,70,2024-05-06,3.0,48.730000000000004,1.22,49.214
A26,71,2024-05-13,0.0,53.52,0.5,53.187
A26,72,2024-05-20,0.6000000000000001,55.28,1.2099999999999997,52.907000000000004
A26,73,2024-05-27,0.0,53.24,0.9100000000000001,51.021
A26,74,2024-06-03,0.0,53.51,0.11000000000000001,52.277
A26,75,2024-06-10,0.4,53.85,0.48,51.516
A26,76,2024-06-17,1.1,54.14,0.16999999999999998,51.388
A26,77,2024-06-24,0.0,58.23,0.17,52.397000000000006
A26,78,2024-07-01,0.2,50.24,0.12000000000000002,51.483000000000004
A26,79,2024-07-08,0.1,52.81,0.35,50.635000000000005
A26,80,2024-07-15,0.0,48.59,0.54,51.199
A26,81,2024-07-22,0.4,49.25,0.05,51.373000000000005
A26,82,2024-07-29,0.0,52.51,0.17,50.702
A26,83,2024-08-05,1.6,50.85,0.24,49.714999999999996
A26,84,2024-08-12,0.0,52.83,0.06000000000000001,51.879
A26,85,2024-08-19,0.30000000000000004,55.83,0.12000000000000002,52.470000000000006
A26,86,2024-08-26,1.7,51.32,0.039999999999999994,53.67999999999999
A26,87,2024-09-02,1.2000000000000002,53.44,0.13,53.074
A26,88,2024-09-09,0.0,60.17,1.2399999999999998,54.335
A26,89,2024-09-16,0.1,55.91,0.13999999999999999,55.835
A26,90,2024-09-23,0.0,59.13,0.29,55.938
A26,91,2024-09-30,0.2,57.58,0.9700000000000001,54.089999999999996
A26,92,2024-10-07,0.1,59.03,3.9899999999999998,54.238
A26,93,2024-10-14,0.2,54.94,3.02,52.076
A26,94,2024-10-21,0.0,56.4,6.62,49.644999999999996
A26,95,2024-10-28,0.2,53.74,26.07,44.543
A26,96,2024-11-04,26.9,37.83,40.290000000000006,38.451
A26,97,2024-11-11,27.8,36.19,22.31,34.952999999999996
A26,98,2024-11-18,27.1,32.36,23.95,34.262
A26,99,2024-11-25,19.8,32.839999999999996,18.54,33.688
A26,100,2024-12-02,0.1,41.870000000000005,5.46,36.589999999999996
A26,101,2024-12-09,1.5999999999999999,40.730000000000004,11.52,37.038
A26,102,2024-12-16,0.2,40.69,5.529999999999999,38.129
A26,103,2024-12-23,0.2,41.55,3.483333333333334,41.54833333333333
A26,104,2024-12-30,0.1,44.62,0.5222222222222221,43.913333333333334
A26,105,2025-01-06,0.0,46.01,0.76,45.499
A26,106,2025-01-13,0.0,48.900000000000006,2.85,45.414
A26,107,2025-01-20,0.0,47.62,0.5700000000000001,45.910000000000004
A26,108,2025-01-27,0.0,49.74,2.8400000000000003,46.523
A26,109,2025-02-03,0.0,50.82,0.18,48.856
A26,110,2025-02-10,1.0,50.0,1.33,48.485
A26,111,2025-02-17,0.0,49.98,1.2600000000000002,49.498000000000005
A26,112,2025-02-24,0.0,51.64,3.1900000000000004,50.346999999999994
A26,113,2025-03-03,3.6,54.37,1.6400000000000001,50.161
A26,114,2025-03-10,7.8,46.16,6.5,48.829
A26,115,2025-03-17,38.1,41.01,5.540000000000001,49.095
A26,116,2025-03-24,60.5,34.45,20.18,43.75
A26,117,2025-03-31,10.700000000000001,39.56,13.669999999999998,44.643
A26,118,2025-04-07,1.1,45.15,16.36,44.689
A26,119,2025-04-14,60.5,39.21,21.56,42.173
A26,120,2025-04-21,15.9,39.39,17.830000000000002,42.361000000000004
A26,121,2025-04-28,20.2,45.04,4.46,46.108
A26,122,2025-05-05,27.799999999999997,40.73,1.22,49.214
A26,123,2025-05-12,3.1,49.56,0.5,53.187
A26,124,2025-05-19,0.0,52.730000000000004,1.2099999999999997,52.907000000000004
A26,125,2025-05-26,0.9,50.62,0.9100000000000001,51.021
A26,126,2025-06-02,0.8999999999999999,48.76,0.11000000000000001,52.277
A26,127,2025-06-09,0.2,48.66,0.48,51.516
A26,128,2025-06-16,0.0,49.71,0.16999999999999998,51.388
A26,129,2025-06-23,0.39999999999999997,46.09,0.17,52.397000000000006
A26,130,2025-06-30,0.0,43.63,0.12000000000000002,51.483000000000004
A26,131,2025-07-07,0.0,47.68,0.35,50.635000000000005
A26,132,2025-07-14,0.0,49.83,0.54,51.199
A26,133,2025-07-21,0.0,51.67,0.05,51.373000000000005
A26,134,2025-07-28,0.2,46.9,0.17,50.702
A26,135,2025-08-04,0.2,48.39,0.24,49.714999999999996
A26,136,2025-08-11,0.1,50.120000000000005,0.06000000000000001,51.879
A26,137,2025-08-18,1.9,45.29,0.12000000000000002,52.470000000000006
A26,138,2025-08-25,0.0,52.32,0.039999999999999994,53.67999999999999
A26,139,2025-09-01,0.0,54.68,0.13,53.074
A26,140,2025-09-08,0.0,54.26,1.2399999999999998,54.335
A26,141,2025-09-15,1.0,55.17,0.13999999999999999,55.835
A26,142,2025-09-22,0.0,58.05,0.29,55.938
A26,143,2025-09-29,0.0,57.03,0.9700000000000001,54.089999999999996
A26,144,2025-10-06,1.2,52.82,3.9899999999999998,54.238
A26,145,2025-10-13,0.6000000000000001,53.82,3.02,52.076
A26,146,2025-10-20,0.0,56.05,6.62,49.644999999999996
A26,147,2025-10-27,18.8,40.21,26.07,44.543
A26,148,2025-11-03,4.5,42.05,40.290000000000006,38.451
A26,149,2025-11-10,6.1,37.93,22.31,34.952999999999996
A26,150,2025-11-17,1.7,38.51,23.95,34.262
A26,151,2025-11-24,1.4000000000000001,42.03,18.54,33.688
A26,152,2025-12-01,0.2,42.04,5.46,36.589999999999996
A26,153,2025-12-08,5.7,39.66,11.52,37.038
A26,154,2025-12-15,7.8999999999999995,39.01,5.529999999999999,38.129
A26,155,2025-12-22,0.30000000000000004,42.51,3.483333333333334,41.54833333333333
A27,0,2023-01-02,4.0,42.01,0.9777777777777779,41.95111111111111
A27,1,2023-01-09,0.2,47.53,2.49,43.486000000000004
A27,2,2023-01-16,0.0,48.31,4.2299999999999995,43.823
A27,3,2023-01-23,0.0,46.989999999999995,2.2700000000000005,43.545
A27,4,2023-01-30,0.0,47.06,3.44,44.341
A27,5,2023-02-06,0.0,49.93,0.29000000000000004,45.979
A27,6,2023-02-13,0.7,49.17,1.25,45.699
A27,7,2023-02-20,0.0,51.01,0.76,46.827999999999996
A27,8,2023-02-27,0.0,52.4,3.3200000000000003,47.730000000000004
A27,9,2023-03-06,0.0,49.84,3.04,47.263999999999996
A27,10,2023-03-13,9.7,47.78,8.82,45.859
A27,11,2023-03-20,72.3,37.4,7.279999999999999,45.534
A27,12,2023-03-27,3.2,40.07,22.169999999999998,41.374
A27,13,2023-04-03,51.900000000000006,30.68,13.85,42.05
A27,14,2023-04-10,45.4,32.64,12.379999999999999,42.898
A27,15,2023-04-17,20.5,36.63,24.03,41.25
A27,16,2023-04-24,51.199999999999996,30.020000000000003,30.49,40.471
A27,17,2023-05-01,2.9,39.21,7.970000000000001,41.913
A27,18,2023-05-08,0.5,47.65,3.5200000000000005,43.207
A27,19,2023-05-15,0.7000000000000001,48.97,1.1,47.256
A27,20,2023-05-22,3.9,46.53,1.22,47.333999999999996
A27,21,2023-05-29,6.2,44.07,1.54,45.296
A27,22,2023-06-05,1.0,48.39,0.29000000000000004,46.346
A27,23,2023-06-12,0.0,48.91,0.76,45.818
A27,24,2023-06-19,0.4,45.07,0.33999999999999997,45.489999999999995
A27,25,2023-06-26,2.9,42.12,0.6,46.166
A27,26,2023-07-03,8.1,41.12,0.5599999999999999,45.543
A27,27,2023-07-10,0.30000000000000004,45.78,1.5499999999999998,44.35
A27,28,2023-07-17,1.1,46.48,1.08,45.285000000000004
A27,29,2023-07-24,1.0,41.84,0.10999999999999999,45.522000000000006
A27,30,2023-07-31,3.2,47.01,0.6599999999999999,44.346
A27,31,2023-08-07,0.5,47.629999999999995,0.95,43.225
A27,32,2023-08-14,1.4,46.07,0.33,45.806
A27,33,2023-08-21,1.6,47.97,0.73,46.952999999999996
A27,34,2023-08-28,3.3,51.71,0.2,47.187
A27,35,2023-09-04,0.2,50.36,0.6100000000000001,47.007999999999996
A27,36,2023-09-11,1.4,50.14,1.35,49.286
A27,37,2023-09-18,0.5,53.11,0.56,49.798
A27,38,2023-09-25,1.3,51.54,0.9,50.351
A27,39,2023-10-02,0.6,51.480000000000004,1.75,49.394
A27,40,2023-10-09,0.8,50.87,2.7199999999999998,50.097
A27,41,2023-10-16,11.5,41.09,3.2399999999999998,49.156
A27,42,2023-10-23,6.8,43.21,8.629999999999999,46.155
A27,43,2023-10-30,78.60000000000001,28.79,16.98,41.153
A27,44,2023-11-06,53.2,25.85,25.8,37.315
A27,45,2023-11-13,67.3,27.02,27.630000000000003,33.247
A27,46,2023-11-20,105.2,26.310000000000002,39.660000000000004,32.44
A27,47,2023-11-27,3.1999999999999997,33.02,28.669999999999998,31.924
A27,48,2023-12-04,1.5,38.92,8.22,34.063
A27,49,2023-12-11,7.6000000000000005,34.93,14.74,34.714
A27,50,2023-12-18,2.8,34.88,9.21,36.022
A27,51,2023-12-25,4.0,36.76,5.05,38.652499999999996
A27,52,2024-01-01,0.3,43.24,0.9777777777777779,41.95111111111111
A27,53,2024-01-08,1.0999999999999999,44.34,2.49,43.486000000000004
A27,54,2024-01-15,20.7,42.269999999999996,4.2299999999999995,43.823
A27,55,2024-01-22,1.6,43.86,2.2700000000000005,43.545
A27,56,2024-01-29,0.8,44.7,3.44,44.341
A27,57,2024-02-05,0.2,46.49,0.29000000000000004,45.979
A27,58,2024-02-12,0.1,48.26,1.25,45.699
A27,59,2024-02-19,0.4,51.47,0.76,46.827999999999996
A27,60,2024-02-26,7.0,48.54,3.3200000000000003,47.730000000000004
A27,61,2024-03-04,0.2,49.33,3.04,47.263999999999996
A27,62,2024-03-11,0.4,51.91,8.82,45.859
A27,63,2024-03-18,1.9,48.83,7.279999999999999,45.534
A27,64,2024-03-25,17.3,42.02,22.169999999999998,41.374
A27,65,2024-04-01,68.69999999999999,37.64,13.85,42.05
A27,66,2024-04-08,34.5,39.68,12.379999999999999,42.898
A27,67,2024-04-15,11.7,49.66,24.03,41.25
A27,68,2024-04-22,66.3,35.51,30.49,40.471
A27,69,2024-04-29,17.7,38.19,7.970000000000001,41.913
A27,70,2024-05-06,4.3,45.29,3.5200000000000005,43.207
A27,71,2024-05-13,0.2,53.230000000000004,1.1,47.256
A27,72,2024-05-20,1.0,53.480000000000004,1.22,47.333999999999996
A27,73,2024-05-27,0.1,51.14,1.54,45.296
A27,74,2024-06-03,1.0,49.36,0.29000000000000004,46.346
A27,75,2024-06-10,0.3,50.03,0.76,45.818
A27,76,2024-06-17,4.9,47.61,0.33999999999999997,45.489999999999995
A27,77,2024-06-24,0.0,52.82,0.6,46.166
A27,78,2024-07-01,0.7,44.33,0.5599999999999999,45.543
A27,79,2024-07-08,1.6,47.510000000000005,1.5499999999999998,44.35
A27,80,2024-07-15,0.3,42.58,1.08,45.285000000000004
A27,81,2024-07-22,1.1,44.29,0.10999999999999999,45.522000000000006
A27,82,2024-07-29,0.6,46.61,0.6599999999999999,44.346
A27,83,2024-08-05,3.4,44.66,0.95,43.225
A27,84,2024-08-12,1.0,48.89,0.33,45.806
A27,85,2024-08-19,0.5,49.34,0.73,46.952999999999996
A27,86,2024-08-26,3.4,43.5,0.2,47.187
A27,87,2024-09-02,2.0,49.91,0.6100000000000001,47.007999999999996
A27,88,2024-09-09,1.0,53.86,1.35,49.286
A27,89,2024-09-16,0.30000000000000004,51.5,0.56,49.798
A27,90,2024-09-23,0.6,52.57,0.9,50.351
A27,91,2024-09-30,1.0,52.91,1.75,49.394
A27,92,2024-10-07,2.3,54.61,2.7199999999999998,50.097
A27,93,2024-10-14,0.2,50.62,3.2399999999999998,49.156
A27,94,2024-10-21,1.0,53.120000000000005,8.629999999999999,46.155
A27,95,2024-10-28,0.9,50.62,16.98,41.153
A27,96,2024-11-04,9.200000000000001,36.8,25.8,37.315
A27,97,2024-11-11,69.2,27.92,27.630000000000003,33.247
A27,98,2024-11-18,26.0,30.15,39.660000000000004,32.44
A27,99,2024-11-25,14.0,32.11,28.669999999999998,31.924
A27,100,2024-12-02,0.5,40.12,8.22,34.063
A27,101,2024-12-09,1.4,38.2,14.74,34.714
A27,102,2024-12-16,0.6000000000000001,38.51,9.21,36.022
A27,103,2024-12-23,0.8,39.03,5.05,38.652499999999996
A27,104,2024-12-30,0.1,41.410000000000004,0.9777777777777779,41.95111111111111
A27,105,2025-01-06,0.0,43.71,2.49,43.486000000000004
A27,106,2025-01-13,0.0,47.31,4.2299999999999995,43.823
A27,107,2025-01-20,0.0,46.66,2.2700000000000005,43.545
A27,108,2025-01-27,0.1,47.66,3.44,44.341
A27,109,2025-02-03,0.0,48.78,0.29000000000000004,45.979
A27,110,2025-02-10,0.8999999999999999,46.29,1.25,45.699
A27,111,2025-02-17,0.1,47.25,0.76,46.827999999999996
A27,112,2025-02-24,0.0,49.06,3.3200000000000003,47.730000000000004
A27,113,2025-03-03,0.0,49.65,3.04,47.263999999999996
A27,114,2025-03-10,9.799999999999999,42.71,8.82,45.859
A27,115,2025-03-17,41.6,38.92,7.279999999999999,45.534
A27,116,2025-03-24,52.5,30.81,22.169999999999998,41.374
A27,117,2025-03-31,30.0,36.54,13.85,42.05
A27,118,2025-04-07,11.5,40.34,12.379999999999999,42.898
A27,119,2025-04-14,58.2,38.79,24.03,41.25
A27,120,2025-04-21,21.2,36.57,30.49,40.471
A27,121,2025-04-28,30.5,40.980000000000004,7.970000000000001,41.913
A27,122,2025-05-05,29.5,39.61,3.5200000000000005,43.207
A27,123,2025-05-12,1.2999999999999998,44.88,1.1,47.256
A27,124,2025-05-19,0.7999999999999999,48.3,1.22,47.333999999999996
A27,125,2025-05-26,3.4,45.35,1.54,45.296
A27,126,2025-06-02,2.8,42.78,0.29000000000000004,46.346
A27,127,2025-06-09,2.6,43.96,0.76,45.818
A27,128,2025-06-16,0.2,44.04,0.33999999999999997,45.489999999999995
A27,129,2025-06-23,2.9,39.11,0.6,46.166
A27,130,2025-06-30,3.4,42.0,0.5599999999999999,45.543
A27,131,2025-07-07,1.2,43.17,1.5499999999999998,44.35
A27,132,2025-07-14,0.5,44.39,1.08,45.285000000000004
A27,133,2025-07-21,0.6,44.47,0.10999999999999999,45.522000000000006
A27,134,2025-07-28,0.7000000000000001,40.42,0.6599999999999999,44.346
A27,135,2025-08-04,1.2,42.2,0.95,43.225
A27,136,2025-08-11,1.3,43.339999999999996,0.33,45.806
A27,137,2025-08-18,2.8,38.86,0.73,46.952999999999996
A27,138,2025-08-25,2.7,45.65,0.2,47.187
A27,139,2025-09-01,0.0,48.1,0.6100000000000001,47.007999999999996
A27,140,2025-09-08,1.3,47.56,1.35,49.286
A27,141,2025-09-15,1.7,50.17,0.56,49.798
A27,142,2025-09-22,0.8,51.46,0.9,50.351
A27,143,2025-09-29,0.2,51.03,1.75,49.394
A27,144,2025-10-06,3.5,47.37,2.7199999999999998,50.097
A27,145,2025-10-13,1.7,50.42,3.2399999999999998,49.156
A27,146,2025-10-20,0.0,53.08,8.629999999999999,46.155
A27,147,2025-10-27,45.5,36.81,16.98,41.153
A27,148,2025-11-03,66.6,38.11,25.8,37.315
A27,149,2025-11-10,6.4,33.18,27.630000000000003,33.247
A27,150,2025-11-17,3.2,35.27,39.660000000000004,32.44
A27,151,2025-11-24,2.9,38.72,28.669999999999998,31.924
A27,152,2025-12-01,0.6,39.97,8.22,34.063
A27,153,2025-12-08,2.2,36.16,14.74,34.714
A27,154,2025-12-15,8.899999999999999,34.26,9.21,36.022
A27,155,2025-12-22,0.5,39.78,5.05,38.652499999999996
